Date,Open,High,Low,Close,Volume,Dividends,Stock splits,Ticker,Daily_Return,Log_Return,Cumulative_Return,SMA_20,SMA_50,SMA_100,SMA_200,EMA_20,EMA_50,BB_Middle,BB_Upper,BB_Lower,BB_Bandwidth,RSI_14,MACD,MACD_Signal,MACD_Hist,ATR_14,Volatility_30D_Ann,Volatility_90D_Ann,Drawdown
2021-08-30,752.2764018799809,785.6114011696361,750.2862526686582,780.188232421875,12517507,0.0,0.0,AXISBANK.NS,,,,,,,,780.188232421875,780.188232421875,,,,,,0.0,0.0,0.0,,,,0.0
2021-08-31,781.0340646287001,785.1138461259089,774.5660798380558,782.6261596679688,12114870,0.0,0.0,AXISBANK.NS,0.0031247936648901575,0.0031199216439011406,0.0031247936648901575,,,,,780.4204159691221,780.2838374119178,,,,,,0.19447852675386912,0.03889570535077383,0.1555828214030953,,,,0.0
2021-09-01,794.1689796573907,814.9660621927519,791.4823269410833,794.965087890625,19972195,0.0,0.0,AXISBANK.NS,0.015766056462885203,0.015643063255603395,0.018940115801130863,,,,,781.8056228187891,780.8595727248083,,,,,,1.3289334298441418,0.2969032502494474,1.0320301795946945,,,,0.0
2021-09-02,791.5818496108068,802.1296161477594,788.4971426239246,798.7463989257812,6799617,0.0,0.0,AXISBANK.NS,0.0047565749650586575,0.0047452982073832965,0.023786780846844602,,,,,783.419030067074,781.5610168895524,,,,,,2.5042498788892544,0.7383725759774089,1.7658773029118455,,,,0.0
2021-09-03,800.5375038472034,805.9109309014577,783.8202629616264,794.0695190429688,7509746,0.0,0.0,AXISBANK.NS,-0.005855275077424227,-0.005872484410340155,0.017792227624355617,,,,,784.4333623504926,782.0515463857648,,,,,,3.023458959382424,1.195389852658412,1.828069106724012,,,,-0.005855275077424256
2021-09-06,796.9053934338381,801.9305682742227,791.4324836536019,796.8556518554688,4539192,0.0,0.0,AXISBANK.NS,0.0035086761872662464,0.003502535143403387,0.021363330977005823,,,,,785.6164375414427,782.6320995414395,,,,,,3.61804693672741,1.6799212694722117,1.9381256672551983,,,,-0.0023671431543920945
2021-09-07,794.0695136880357,795.4626423918277,778.1980620131541,783.969482421875,6926921,0.0,0.0,AXISBANK.NS,-0.01617127192809442,-0.01630345391702726,0.004846586814392317,,,,,785.4595846729123,782.6845459289075,,,,,,3.0147043779875276,1.946877891175275,1.0678264868122525,,,,-0.018500135366844146
2021-09-08,786.1088433388771,793.4226165115738,779.1433219422036,790.7857055664062,5903035,0.0,0.0,AXISBANK.NS,0.008694500611776679,0.008656921107586346,0.013583226078191846,,,,,785.9668342818165,783.0022384637114,,,,,,3.0513887850573838,2.167780069951697,0.8836087151056868,,,,-0.009966484193332433
2021-09-09,785.113818686467,789.7906812108463,780.33747300106,786.2581787109375,4909325,0.0,0.0,AXISBANK.NS,-0.005725352423038399,-0.005741805081454518,0.007780104898813978,,,,,785.9945813703042,783.1299223949752,,,,,,2.6841862347747565,2.271061302916309,0.41312493185844756,,,,-0.015634774981945355
2021-09-13,782.1285791331064,786.5566729303206,779.6408928127086,784.4669799804688,4814443,0.0,0.0,AXISBANK.NS,-0.0022781304906810407,-0.002280729377766841,0.005484250313942285,,,,,785.8490955236533,783.1823560257789,,,,,,2.223015264062724,2.261452095145592,-0.03843683108286822,,,,-0.017877287415025117
2021-09-14,787.1039659020626,797.0547113622656,786.1088913560422,790.4872436523438,6301208,0.0,0.0,AXISBANK.NS,0.007674336620293376,0.007645038698284966,0.013200674917254851,,,,,786.290823916862,783.4688222072128,,,,,,2.3166144230668806,2.2724845607298496,0.04412986233703098,,,,-0.010340147116212456
2021-09-15,792.0792713540905,793.5221414701706,783.1236012005894,787.501953125,4075592,0.0,0.0,AXISBANK.NS,-0.0037765195470461643,-0.003783668601696439,0.009374302763349496,,,,,786.4061695557323,783.6269842039889,,,,,,2.125404099044772,2.243068468392834,-0.1176643693480619,,,,-0.014077616895554947
2021-09-16,788.5965611410913,803.4729374382297,785.2132834619425,798.6467895507812,15446511,0.0,0.0,AXISBANK.NS,0.014152138139538417,0.01405293152743151,0.02365910733055676,,,,,787.5719428885941,784.215996178373,,,,,,2.8404210916933152,2.3625389930529304,0.4778820986403849,,,,-0.00012470713499799528
2021-09-17,804.8660860584473,816.6577568042612,793.3232447033942,803.3734741210938,14641298,0.0,0.0,AXISBANK.NS,0.005918366707479139,0.005900921970962447,0.029717497311189778,,,,,789.0768506250226,784.9672698231856,,,,,65.07113288109394,3.7453075776769538,2.639092709977735,1.1062148676992187,17.093955587219757,,,0.0
2021-09-20,796.0595760201963,804.567450592007,787.6014430249818,791.9299926757812,6306484,0.0,0.0,AXISBANK.NS,-0.014244285894343123,-0.014346709532444685,0.015049906889081699,,,,,789.3485784393806,785.2403177781894,,,,,56.0853386963885,3.4987123436773118,2.8110166367176506,0.6876957069596612,15.78258837765171,,,-0.014244285894343092
2021-09-21,791.3330729864921,795.0646027239324,768.4960988464512,791.4325561523438,7833561,0.0,0.0,AXISBANK.NS,-0.0006281319410024189,-0.0006283292985187732,0.014412321620853152,,,,,789.5470525072818,785.4831506556072,,,,,55.725105953272504,3.22595803774891,2.894004916923903,0.3319531208250073,16.92692677691085,,,-0.01486347054439854
2021-09-22,788.5965635661411,792.8753718903196,782.1285791331064,784.4669799804688,4359142,0.0,0.0,AXISBANK.NS,-0.008801225218405317,-0.00884018476401889,0.005484250313942507,,,,,789.0632360761568,785.4433008252097,,,,,50.80427799225824,2.4198400916126275,2.799171951861648,-0.37933186024902055,15.384561793512992,,,-0.023533879011015484
2021-09-23,790.4374055681802,810.4881810569547,788.6462836133024,808.1497802734375,9043492,0.0,0.0,AXISBANK.NS,0.030189671327604417,0.029742932208585808,0.03583948935600323,,,,,790.8810021901836,786.33375099965,,,,,62.824338926533855,3.6499159111260724,2.9693207437145333,0.6805951674115391,16.26947090441664,,,0.0
2021-09-24,808.5478442192924,812.9261966996926,791.1837805142169,794.1192626953125,5184626,0.0,0.0,AXISBANK.NS,-0.01736128366375078,-0.017513758093996603,0.017855986151178893,,,,,791.1894079525769,786.6390651837936,,,,,54.35171540968081,3.4528124767505233,3.0660190903217317,0.3867933864287916,16.244595779105527,,,-0.017361283663750764
2021-09-27,798.9454252896911,804.8163290231837,788.8951353304026,793.0247192382812,7715259,0.0,0.0,AXISBANK.NS,-0.0013783111787469826,-0.0013792619233147058,0.016453063867112094,791.8032073974609,,,,791.3641995035963,786.889482989852,791.8032073974609,806.1957735866542,777.4106412082676,0.03635389716720022,53.74280373424605,3.1717244107757097,3.0871601544125276,0.0845642563631821,16.63196071283127,,,-0.01871566559114659
2021-09-28,798.0498086155004,801.6320527892883,774.1680188314954,785.3128662109375,7369680,0.0,0.0,AXISBANK.NS,-0.009724606106542466,-0.009772198887216713,0.00656845819521612,792.059439086914,,,,790.7878820471526,786.827654880875,792.059439086914,805.7465218073739,778.3723563664541,0.03456074644155081,49.53224726232452,2.3001631556423945,2.929760754658501,-0.6295975990161065,17.26099243536543,,,-0.028258269221793426
2021-09-29,779.1433965214761,785.6113812946429,774.6655609092837,778.297607421875,14241004,0.0,0.0,AXISBANK.NS,-0.008933075072245389,-0.008973214210125785,-0.0024232934071960477,791.8430114746094,,,,789.5983320828404,786.4931432158162,791.8430114746094,806.2747859257294,777.4112370234894,0.03645110013472089,46.00154398199233,1.0314815491524314,2.550104913557287,-1.5186233644048555,17.0228871365075,,,-0.03693891105366881
2021-09-30,776.0586341684406,783.4718906757867,761.0827142144722,762.7743530273438,9178187,0.0,0.0,AXISBANK.NS,-0.019945139553945612,-0.020146728837349533,-0.02232010003595497,790.2334747314453,,,,787.0436674108884,785.5629945809742,790.2334747314453,809.5520717863828,770.9148776765078,0.0488933908083375,39.322187533836676,-1.212576829845375,1.7975685648767543,-3.0101453947221293,17.875811700505228,,,-0.056147298871678186
2021-10-01,759.6399728054583,767.8990798262836,750.2862472855387,764.3665771484375,6089895,0.0,0.0,AXISBANK.NS,0.0020874117158953265,0.0020852360991387,-0.020279279558374608,788.5144836425782,,,,784.8839445287501,784.7317625247963,788.5144836425782,810.5683259752905,766.4606413098659,0.05593769750641377,40.280016569464564,-2.8299086575217416,0.8720731203970552,-3.701981777918797,18.639886873586143,,,-0.05417708968526348
2021-10-04,767.3019725821903,777.3025205455175,766.5059250772994,775.1630859375,5845527,0.0,0.0,AXISBANK.NS,0.014124778753854095,0.014025953568496901,-0.006440941141570122,787.5691619873047,,,,783.9581484724406,784.3565203056867,787.5691619873047,810.232815056122,764.9055089184874,0.05755342936899465,46.45251499394319,-3.2035393466588857,0.05695062698586706,-3.260489973644753,18.664759160392084,,,-0.04081755033674135
2021-10-05,770.5857377617426,780.138428924145,767.4014871294321,778.7453002929688,3945224,0.0,0.0,AXISBANK.NS,0.004621239608096683,0.00461059446358252,-0.0018494666657903336,786.6636444091797,,,,783.4616867410624,784.1364724620507,786.6636444091797,809.2119222472858,764.1153665710737,0.05732635033627579,48.35965829690103,-3.1740016833341542,-0.5892398350781373,-2.584761848256017,18.831787840758636,,,-0.036384938408966394
2021-10-06,778.3970761931395,790.2882293569943,772.1778601800911,775.1133422851562,5092479,0.0,0.0,AXISBANK.NS,-0.004663858653716657,-0.004674768376641125,-0.006504699668392955,786.2208374023437,,,,782.6666063166904,783.7826242198196,786.2208374023437,809.3326815674936,763.1089932371938,0.05879224529716347,46.54943321224046,-3.404417523992379,-1.1522753728609856,-2.2521421511313933,18.82112464080264,,,-0.0408791028528194
2021-10-07,786.1088857482473,786.2581712228975,770.2871762855782,773.2723999023438,6622698,0.0,0.0,AXISBANK.NS,-0.002375062177855325,-0.0023778871118453277,-0.008864312780087591,785.3451721191407,,,,781.7719199915146,783.3704585603107,785.3451721191407,809.0483168670398,761.6420273712415,0.06036363522536121,45.6173315273028,-3.69300177699472,-1.6604206536877326,-2.0325811233069873,18.29515912912066,,,-0.043157074619624335
2021-10-08,778.0487691645201,781.1334757942278,772.1778053711093,778.0985107421875,4295686,0.0,0.0,AXISBANK.NS,0.00624115232931266,0.006221756995768897,-0.0026784839771301083,784.9371887207031,,,,781.4220714915787,783.1637155086196,784.9371887207031,808.85409354585,761.0202838955563,0.0609396654122779,48.52716898345977,-3.492026161473291,-2.0267417552448443,-1.4652844062284465,17.722992190270173,,,-0.0371852721671002
2021-10-11,778.1483516747662,789.0941724783754,775.1631278192364,783.2730102539062,4417455,0.0,0.0,AXISBANK.NS,0.006650185600256542,0.006628170664372271,0.003953889207551242,784.877490234375,,,,781.5983513737051,783.1680015770622,784.877490234375,808.80529486456,760.9496856041901,0.060972075076429495,51.52223595673405,-2.881990875882593,-2.197791579372394,-0.6841992965101991,16.820316531817166,,,-0.030782375528350937
2021-10-12,784.1187375129264,795.7611217777273,781.5813095828553,793.2236938476562,5098502,0.0,0.0,AXISBANK.NS,0.01270397864280337,0.01262396009609224,0.016708097974403424,785.0143127441406,,,,782.7055268474148,783.5623424504189,785.0143127441406,809.1079003901111,760.9207250981701,0.06138381747906631,56.73571105462209,-1.5774130762644063,-2.0737158787507965,0.49630280248639025,17.06553220593566,17.600035814891385,,-0.018469455526834405
2021-10-13,796.0099035794473,800.5374806643906,789.2931503234067,790.6862182617188,4381414,0.0,0.0,AXISBANK.NS,-0.0031989407346483256,-0.0032040682836304854,0.01345570902454618,785.1735260009766,,,,783.4655926963961,783.8417101292935,785.1735260009766,809.3781569940198,760.9688950079334,0.0616542208607607,55.10816126824169,-0.7397514500712532,-1.806922993014888,1.0671715429436348,16.010041439114087,17.616994451936723,,-0.021609313567851188
2021-10-14,795.0645830420964,800.0399559021846,784.1187627499023,798.0995483398438,7157116,0.0,0.0,AXISBANK.NS,0.009375818000752378,0.009332137831778104,0.02295768530418374,785.1461639404297,,,,784.8593027576769,784.4008410395111,785.1461639404297,809.2878205196371,761.0045073612223,0.06149595499020755,58.82448052473924,0.516343123122283,-1.342269769787454,1.858612892909737,15.594239793885988,17.225692416499193,,-0.01243610055823223
2021-10-18,815.9612016623956,815.9612016623956,798.0995997961713,809.294189453125,11014585,0.0,0.0,AXISBANK.NS,0.014026622539215383,0.013929159793976156,0.037306326629535036,785.4421997070312,,,,787.1864348239101,785.3770507812214,785.4421997070312,810.6467630890955,760.237636324967,0.06417929515746813,63.710033332932404,2.3875983547678743,-0.5962961448763882,2.9838944996442622,15.732844053155329,17.64378929320154,,0.0
2021-10-19,815.9611318025856,822.9266536594369,794.5670289565421,797.7015380859375,10633732,0.0,0.0,AXISBANK.NS,-0.014324397133039013,-0.014427981690445103,0.02244753885827966,785.7307769775391,,,,788.1878732298175,785.8603640088573,785.7307769775391,811.3764063605638,760.0851475945144,0.06527841376323688,56.264945722877165,2.901702505771368,0.10330358525316308,2.798398920518205,15.7968148206626,18.074234804606483,,-0.014324397133039042
2021-10-20,796.6566124945992,809.7916079110613,788.0989961733959,800.8359375,9023067,0.0,0.0,AXISBANK.NS,0.003929288417298782,0.003921588925989951,0.026465030130011113,786.2009460449219,,,,789.3924507793586,786.4476414006668,786.2009460449219,812.6198442460085,759.7820478438354,0.06720647776879435,57.704129303749035,3.5214603835395337,0.7869349449104373,2.7345254386290963,16.56444277439876,18.08130572744422,,-0.010451393403479897
2021-10-21,803.970513507126,809.49316524109,788.3975721438319,803.8212280273438,7405639,0.0,0.0,AXISBANK.NS,0.003727717985113177,0.003720787262936853,0.03029140228391647,787.1686584472657,,,,790.7666200410715,787.1289585232817,787.1686584472657,814.7139884295691,759.6233284649622,0.06998584023057558,59.0851015551738,4.205037903817924,1.470555536691935,2.7344823671259895,16.47204396268044,17.420650558611882,,-0.00676263526552633
2021-10-22,808.000505798863,820.936474487761,802.826106176398,812.6773681640625,10646970,0.0,0.0,AXISBANK.NS,0.01101754945991229,0.010957298403910784,0.04164268876670185,787.3950378417969,,,,792.8533579575468,788.1308569405672,787.3950378417969,815.7295121533682,759.0605635302256,0.07197016224342585,62.94983615977196,5.399156394670854,2.2562757082877187,3.142880686383135,16.50758223201031,17.523769403550883,,0.0
2021-10-25,826.0113813579374,862.6301743474236,821.3843210196172,840.9375,29193770,0.0,0.0,AXISBANK.NS,0.034774109558114885,0.03418315126230682,0.07786488574628447,789.7359497070313,,,,797.432800056828,790.201705687996,789.7359497070313,826.8005710873158,752.6713283267468,0.09386585831386905,72.02923240174798,8.527559958238271,3.5105325582778293,5.017027399960442,19.151643859601815,19.94338615992044,,0.0
2021-10-26,844.2213420412771,847.4553345951188,819.4439594118761,837.7533569335938,16771909,0.0,0.0,AXISBANK.NS,-0.003786420591787465,-0.0037936072290597265,0.07378363594773019,791.9723815917969,,,,801.2728530927104,792.0664763250783,791.9723815917969,834.8192499070848,749.125513276509,0.10820293563563255,69.94928110818671,10.627402506069302,4.933906547836124,5.693495958233178,20.242674815925366,19.978360636692205,,-0.0037864205917874398
2021-10-27,835.8625651041667,836.6586125430749,781.7802912867731,783.6211547851562,39606414,0.0,0.0,AXISBANK.NS,-0.0646159179195368,-0.06679805106791997,0.0044001206639898705,791.8877960205078,,,,799.5917389681815,791.7352872450814,791.8877960205078,834.7966537509452,748.9789382900705,0.10837105445005785,45.757987246965286,7.8332299433142225,5.513771226931744,2.3194587163824787,22.94715313520518,27.752477125879143,,-0.06815767546915645
2021-10-28,783.6212563399381,785.1138682567761,750.9330796550001,754.6148071289062,19320926,0.0,0.0,AXISBANK.NS,-0.03701577921821497,-0.03771825279926739,-0.03277853244925688,790.7036560058593,,,,795.3082216501552,790.2795821424863,790.7036560058593,836.4077306002208,744.9995814114978,0.11560354943906521,38.145286486957396,3.2408991487105823,5.059196811287512,-1.8182976625769296,24.247852682666366,29.73232631825951,,-0.10265054522017837
2021-10-29,758.2468284750885,758.2468284750885,710.4832487286262,738.3453369140625,21343427,0.0,0.0,AXISBANK.NS,-0.02155996683492656,-0.021795778474589578,-0.05363179521167993,789.4822052001953,,,,789.8831850086226,788.2429450747051,789.4822052001953,839.4371434963977,739.5272669039929,0.1265511444517864,34.66199041221205,-1.691863618031448,3.70898472542372,-5.400848343455168,27.01984620576235,29.925848016472933,,-0.12199736970457078
2021-11-01,751.2813201182298,756.2566930991452,736.3552011754834,748.6443481445312,11694854,0.0,0.0,AXISBANK.NS,0.013948772634650553,0.013852383808637934,-0.040431120294425194,788.69609375,,,,785.955676735852,786.6900589205807,788.69609375,840.7652415158915,736.6269459841086,0.1320385587769787,38.491070765258556,-4.715709748882659,2.0240458305624442,-6.739755579445104,27.44630672465683,30.209883121547065,,-0.10975031064195466
2021-11-02,748.7935997427617,757.599985226655,744.3655058432239,752.1270751953125,11812106,0.0,0.0,AXISBANK.NS,0.004652044805270927,0.004641257487289274,-0.03596716287229118,787.5442932128906,,,,782.7339051605625,785.3346477940996,787.5442932128906,841.845208463719,733.2433779620621,0.137899330155262,39.77636956780758,-6.753255303203787,0.26858560380919805,-7.021840907012985,27.378782952411047,30.049669177958783,,-0.10560882919918246
2021-11-03,755.7094005593336,758.8936513564736,744.8133217811597,746.9029541015625,10529505,0.0,0.0,AXISBANK.NS,-0.00694579581833743,-0.006970030141079332,-0.042663138121152744,785.9521759033203,,,,779.3214336311339,783.827522551255,785.9521759033203,843.1303812725678,728.7739705340728,0.1455004696781474,38.4775413100446,-8.68940173297733,-1.5230118635481078,-7.1663898694292225,27.581354326291756,30.088744904972444,,-0.11182108765328874
2021-11-04,753.2714951841848,753.3212367687959,747.6991015479707,749.241455078125,793433,0.0,0.0,AXISBANK.NS,0.0031309301479138796,0.0031260389927025975,-0.03966578327858694,784.6585815429687,,,,776.4566737689426,782.4712061797597,784.6585815429687,843.9990408671943,725.3181222187432,0.1512516672092906,39.43096566158168,-9.920753966344932,-3.2025602841074727,-6.71819368223746,26.90257500593112,30.044533266311834,,-0.10904026151988108
2021-11-08,757.2517734977635,757.2517734977635,737.8478187235107,747.3507690429688,13872770,0.0,0.0,AXISBANK.NS,-0.002523466930909657,-0.002526656240126055,-0.04208915491710441,783.3625,,,,773.6846828426593,781.0939341351797,783.3625,844.8437923702626,721.8812076297373,0.15696766789388725,38.905994290985376,-10.923255554080242,-4.746699338102027,-6.1765562159782155,27.012739395338322,28.51717645635347,,-0.11128856895670754
2021-11-09,746.3058799781993,750.2364364263234,739.688610215248,741.3802490234375,12120207,0.0,0.0,AXISBANK.NS,-0.007988912659014025,-0.008020995004697535,-0.04974182099359392,781.5265869140625,,,,770.6080700979716,779.5365347190329,781.5265869140625,845.7992749118338,717.2538989162912,0.16447985026730458,37.22075784097513,-12.060490525469959,-6.209457575575614,-5.8510329498943445,25.740468074494085,28.218984130775322,,-0.11838840695837978
2021-11-10,739.0419090790622,749.6394170066303,728.394598834439,745.6591186523438,10844883,0.0,0.0,AXISBANK.NS,0.005771491261795214,0.005754900012992078,-0.04425741421700902,779.6458923339844,783.6679809570312,,,768.2319794841022,778.2080085987706,779.6458923339844,845.874893056966,713.4168916110028,0.16989508025166492,39.25162071252276,-12.472710768834304,-7.462108214227353,-5.010602554606951,25.708482819817366,28.311516648820422,,-0.1133001933528428
2021-11-11,744.3158611770833,744.3158611770833,731.4793735020054,734.4148559570312,6195359,0.0,0.0,AXISBANK.NS,-0.015079628766070274,-0.015194482464762581,-0.05866965760654064,776.7054504394531,782.7525134277344,,,765.0113010529526,776.4906300638004,776.7054504394531,845.5659479180031,707.8449529609031,0.17731431507166406,35.95957613519688,-13.550514413616611,-8.679789454105205,-4.870724959511406,25.214493680751673,28.482249116113636,,-0.12667129726402823
2021-11-12,739.1413748972548,739.1413748972548,729.8871935876308,732.4246215820312,9372897,0.0,0.0,AXISBANK.NS,-0.0027099593082257067,-0.0027136378953357583,-0.06122062453002508,773.7923706054687,781.7484826660157,,,761.9078077700077,774.7625512998095,773.7923706054687,845.0502533306144,702.534487880323,0.18417830268703372,35.39373767332425,-14.399290787293694,-9.823689720742902,-4.575601066550792,24.58190889491317,28.409005355720584,,-0.12903798251114829
2021-11-15,734.365031937223,740.3354793513467,724.4142862470167,729.638427734375,12849161,0.0,0.0,AXISBANK.NS,-0.0038040690680742895,-0.0038113229408104432,-0.06479180611399649,770.3693145751953,780.4419494628906,,,758.8345334808998,772.9929778266552,770.3693145751953,843.2692363420451,697.4693928083454,0.18925967166033617,34.57354921244925,-15.122452517625447,-10.88344228011941,-4.239010237506037,22.151079389268098,27.896916311931026,,-0.13235118218134523
2021-11-16,729.6384304656491,729.6881720473799,717.7472771744337,722.5734252929688,8978763,0.0,0.0,AXISBANK.NS,-0.00968288151070118,-0.009730065439183769,-0.07384731624323149,766.0332763671875,778.9184899902343,,,755.3810946058588,771.015740472393,766.0332763671875,839.4988714954353,692.5676812389396,0.19180784280455498,32.51591185763074,-16.080286517996115,-11.922811127694752,-4.157475390301363,21.003187938532637,27.980186549514745,,-0.1407525228771832
2021-11-17,717.4488510207484,721.3296666030259,703.2690366975228,708.8414306640625,18083445,0.0,0.0,AXISBANK.NS,-0.019004289596366797,-0.019187192103568396,-0.09144819005579741,761.5902709960938,777.2139282226562,,,750.948745659021,768.5775322446153,761.5902709960938,837.6925462244685,685.487995767719,0.19985096482085996,28.91395605860248,-17.742904904432862,-13.086829883042375,-4.656075021390487,18.383996720577304,27.9974962491513,,-0.1570819107673727
2021-11-18,711.4783301209263,712.473404708508,698.442877317419,702.8709106445312,13458109,0.0,0.0,AXISBANK.NS,-0.008422927556502868,-0.008458600867864326,-0.09910085613228703,756.6920196533204,775.3342333984375,,,746.3699042290696,766.0008019857885,756.6920196533204,834.7443314197031,678.6397078869376,0.20629875759002342,27.488178979131405,-19.31960860015738,-14.333385626465377,-4.986222973692003,16.944692348385388,27.951297610756402,,-0.16418174876904496
2021-11-22,709.4882493990295,709.4882493990295,674.063614957073,683.019287109375,16741079,0.0,0.0,AXISBANK.NS,-0.02824362658137658,-0.02865015056935909,-0.12454551513916856,750.6519226074219,773.3152294921875,,,740.3365121224319,762.7466249318115,750.6519226074219,831.9760043770093,669.3278408378344,0.21667587684876566,23.36301226936844,-21.918356579952047,-15.850379817162711,-6.0679767627893355,16.063339112349265,28.8745386746552,,-0.18778828734671127
2021-11-23,677.6457672412182,689.2384100201408,674.0137208469207,682.2728881835938,16575348,0.0,0.0,AXISBANK.NS,-0.0010927933366861042,-0.0010933908706849047,-0.1255022059667964,744.1316986083984,771.1449731445313,,,734.8066431758759,759.5907921181561,744.1316986083984,825.4276489726177,662.8357482441792,0.21849882357182449,23.221903821506885,-23.764172642760172,-17.433138382282205,-6.331034260477967,15.729281773032003,28.88337084719179,,-0.18867586689427723
2021-11-24,686.6014167032946,691.6762724459857,678.6905621465465,681.7753295898438,11463429,0.0,0.0,AXISBANK.NS,-0.0007292662545549389,-0.0007295322985424204,-0.12613994769766756,736.1735900878906,769.0553161621094,,,729.7560418819681,756.53920535234,736.1735900878906,808.2016892704896,664.1454909052916,0.19568237750555464,23.12165000602326,-24.97919933029914,-18.942350571885594,-6.036848758413544,15.711512552746862,28.738861014684414,,-0.18926753820605724
2021-11-25,682.6212005190188,683.6162751553438,673.2177330588394,676.55126953125,9760486,0.0,0.0,AXISBANK.NS,-0.007662436336229095,-0.007691943630015586,-0.13283584471520804,728.1134857177734,766.897001953125,,,724.6889207057093,753.4024235554344,728.1134857177734,787.1946787683272,669.0322926672196,0.1622856716966631,22.045502736565396,-26.063214211759714,-20.366523299860418,-5.696690911899296,15.448527732831906,28.56669180518277,,-0.19547972408026756
2021-11-26,665.7048912610385,671.5758555525197,657.1970157842052,658.4906005859375,10252753,0.0,0.0,AXISBANK.NS,-0.026695196297282675,-0.02705798408183433,-0.1559849620625029,721.8569580078125,764.2570690917969,,,718.3843187895405,749.6803912821208,721.8569580078125,782.6649423301493,661.0489736854757,0.16847654829055111,18.789540246623318,-28.056234057980078,-21.90446545148435,-6.151768606495729,16.372525667104153,28.76112431001629,,-0.2169565507710888
2021-11-29,661.7743696225257,662.1724237677913,646.15168580615,647.89306640625,12084376,0.0,0.0,AXISBANK.NS,-0.016093675703582777,-0.016224585347340018,-0.16956826637201605,716.5208709716796,761.4648913574218,,,711.6708661816081,745.6887314830672,716.5208709716796,783.629198374085,649.4125435692742,0.1873171602423786,17.1856284508375,-30.143375022395844,-23.55224736566665,-6.591127656729196,16.130867323346195,28.89355256124845,,-0.22955859810479376
2021-11-30,644.808249357439,674.1132043185054,644.808249357439,652.4205932617188,24699809,0.0,0.0,AXISBANK.NS,0.006988077339030951,0.006963773883842857,-0.16376514519263818,712.2246337890625,758.5403674316407,,,706.0279830463804,742.0311574351712,712.2246337890625,784.2701476817517,640.1791198963733,0.20231121046573267,20.315171031892774,-31.073914945961747,-25.05658088172567,-6.017334064236078,17.470662234059837,28.787970521199934,,-0.22417469400315868
2021-12-01,661.6250775468976,678.0438072486211,656.7491880689378,676.2526245117188,16184200,0.0,0.0,AXISBANK.NS,0.03652863121756145,0.03587727549102378,-0.13321863057010908,708.6050476074219,755.9979504394531,,,703.1922346145079,739.4516071244476,708.6050476074219,780.2190761029939,636.9910191118498,0.2021267806018997,34.37364406506438,-29.547721054784347,-25.954808916337406,-3.592912138446941,17.78340479225348,30.84939973553557,,-0.19583485751114826
2021-12-02,671.6753397196517,675.4566109667226,664.7595592600762,672.7698974609375,8612601,0.0,0.0,AXISBANK.NS,-0.005150038498254905,-0.00516334565442811,-0.1376825879922431,704.6371887207031,753.6147485351562,,,700.2948691713108,736.8366381180355,704.6371887207031,774.8786012098632,634.395776231543,0.1993690188753341,33.44502604152321,-28.293083314411092,-26.422463795952147,-1.8706195184589447,17.591499085203775,30.743098607735007,,-0.19997633895392047
2021-12-03,675.7551112024205,683.9644763442905,667.6950315387606,669.6851806640625,9505985,0.0,0.0,AXISBANK.NS,-0.004585099316299468,-0.004595643126124647,-0.14163639896847302,700.7763000488281,751.1798010253906,,,697.379660742049,734.2032476296444,700.7763000488281,769.712479309409,631.8401207882473,0.19674232492102706,32.60484247664617,-27.233751002309077,-26.584721237223533,-0.6490297650855439,18.092589334911338,30.615476375287148,,-0.20364452689520623
2021-12-06,670.6802604510398,675.40686466045,657.8935765151851,659.8339233398438,8022785,0.0,0.0,AXISBANK.NS,-0.014710281201758435,-0.014819550298383782,-0.15426316891300074,696.3059234619141,748.6871398925781,,,693.8038762275532,731.2868035398482,696.3059234619141,763.5848502861716,629.0269966376566,0.19324530944604973,30.011876366288476,-26.879288937468232,-26.643634777272474,-0.23565416019575736,18.206310409263818,30.58522453400718,,-0.21535913984113714
2021-12-07,668.6901524972708,688.1438493999494,666.700003233886,683.6162719726562,15123987,0.0,0.0,AXISBANK.NS,0.03604293109459222,0.03540858225920247,-0.12378033458597326,693.1191986083984,746.1964697265626,,,692.8336282032774,729.4173709293701,693.1191986083984,756.1196216030484,630.1187756137484,0.18178813433861968,42.0031863420137,-24.398092398152357,-26.194526301448455,1.7964339032960979,19.375526922632357,32.61461152526354,,-0.1870783833844296
2021-12-08,691.5768714661378,698.0945981798109,684.2630971912096,693.66650390625,11670826,0.0,0.0,AXISBANK.NS,0.01470156920722876,0.014594548775764438,-0.1108985305341541,690.733511352539,744.1874145507812,,,692.9129496987986,728.0153761441497,690.733511352539,749.5111362493412,631.9558864557368,0.17018900612396395,46.19830513062546,-21.374366153009646,-25.230494271760694,3.856128118751048,19.030808180611547,30.93404157448716,,-0.17512715997770345
2021-12-09,694.7114304050011,696.4528111407951,684.6113978435799,690.5321044921875,7021395,0.0,0.0,AXISBANK.NS,-0.004518597043985495,-0.004528836761356046,-0.11491602180588567,687.9771606445313,742.1375622558594,,,692.6862025362641,726.5454439225042,687.9771606445313,740.7759096097323,635.1784116793303,0.1534898307255911,45.10257303323673,-19.01180490391414,-23.986756398191385,4.974951494277246,18.874442888191986,30.929781832584887,,-0.17885442795429207
2021-12-10,686.7009625765087,688.541887041733,680.3822631105389,684.6610717773438,5549743,0.0,0.0,AXISBANK.NS,-0.008502186468449913,-0.008538536237476229,-0.12244117082872952,685.4894714355469,740.1245263671875,,,691.9219043687478,724.9029195246547,685.4894714355469,733.5516623657585,637.4272805053353,0.14022736433736943,43.04323296029724,-17.41248112299877,-22.67190134315286,5.259420220154091,17.069100526741416,25.530605870091605,,-0.1858359607255667
2021-12-13,695.5570980418812,708.393583801702,689.6861340078017,700.532470703125,13634563,0.0,0.0,AXISBANK.NS,0.02318139526259322,0.022916788222925106,-0.10209813274353174,683.8948638916015,738.5692236328125,,,692.7419583053552,723.9472156493006,683.8948638916015,727.2900018174464,640.4997259657566,0.12690587462204744,49.72598997245766,-14.694922336202126,-21.076505541762714,6.381583205560588,17.676802158965568,24.791474018575638,,-0.16696250232255666
2021-12-14,697.5472967067461,710.4832665458156,694.1640187627144,707.3985595703125,8612512,0.0,0.0,AXISBANK.NS,0.009801242846453562,0.009753522226683742,-0.09329757849026699,682.7828704833985,737.4617077636718,,,694.137825092494,723.2982487442422,682.7828704833985,722.2000053357136,643.3657356310833,0.11546023357149687,52.33165912944949,-11.850595145332932,-19.23132346247676,7.380728317143827,17.91491197922715,24.34294870912464,,-0.158797699507618
2021-12-15,708.8911784536274,716.4537212171052,704.0650301408192,708.9906616210938,7692888,0.0,0.0,AXISBANK.NS,0.002250643614186032,0.00224811470957819,-0.09125691447532913,682.1037322998047,736.354189453125,,,695.5523809523607,722.7371668962755,682.1037322998047,719.0231622453723,645.1843023542372,0.10825165791451906,52.94072898432318,-9.360078861879174,-17.25707454235724,7.896995680478067,18.057065477782974,23.93837252994985,,-0.1569044529217763
2021-12-16,715.458709307532,718.3941918194708,701.577405095478,706.15478515625,7309187,0.0,0.0,AXISBANK.NS,-0.0039998784446040325,-0.004007899353976017,-0.09489177635480217,681.9694000244141,734.9740234375,,,696.5621337336835,722.0868774162745,681.9694000244141,718.4966737196543,645.4421263291739,0.1071229110688325,51.67420914391144,-7.52837586364069,-15.311334806613932,7.7829589429732415,17.875817833279264,23.870013122779753,,-0.1602767326272761
2021-12-17,704.0151970357239,704.5127342774452,681.7255043127964,685.5068359375,7844705,0.0,0.0,AXISBANK.NS,-0.029239976351900343,-0.029675984749603673,-0.1213571194100983,681.1011962890625,733.1092541503906,,,695.509248229285,720.6523659857344,681.1011962890625,716.3393721760415,645.8630204020835,0.10347412713109884,43.51203630527577,-7.654617317073303,-13.779991308705807,6.125373991632504,18.476428039123,25.114208676277265,,-0.18483022110739503
2021-12-20,677.5960319368334,678.4915625976801,656.8486909765171,671.0285034179688,9934646,0.0,0.0,AXISBANK.NS,-0.021120624566392077,-0.021346856061637613,-0.13991460581897086,680.5016571044922,731.0275573730469,,,693.1777487234453,718.7063321595475,680.5016571044922,716.0094147857048,644.9938994232796,0.1043575935797034,38.875112936175384,-8.82125902924588,-12.788244852813822,3.966985823567942,18.43022732483132,25.600873039254985,,-0.20204711596525454
2021-12-21,679.6359265858462,679.6359265858462,659.23689804264,662.5703735351562,10116104,0.0,0.0,AXISBANK.NS,-0.012604725193832933,-0.01268483865984482,-0.15075574585585216,679.5165313720703,728.8135168457031,,,690.262760610275,716.5049220174146,679.5165313720703,715.8998366256628,643.1332261184778,0.1070858575879762,36.43252467933192,-10.309490002035773,-12.292493882658214,1.9830038806224408,18.05707122171017,25.7323778358339,,-0.21210509278613898
2021-12-22,666.6999844072427,673.5162211480405,660.7295367856854,666.0531616210938,7489534,0.0,0.0,AXISBANK.NS,0.005256480254852036,0.005242713185661602,-0.14629171020239695,678.7304229736328,726.5726098632813,,,687.9570845160672,714.5264216097158,678.7304229736328,715.5845853693228,641.8762605779428,0.10859734925163851,38.15564671820716,-11.080166614864424,-12.050028429099457,0.969861814235033,18.14947258676107,25.83470165963224,,-0.20796353876347082
2021-12-23,673.6654819300237,681.1285411833105,669.2871295409494,675.4566040039062,6884683,0.0,0.0,AXISBANK.NS,0.014118155914049968,0.01401942295060005,-0.13423892346191746,678.6756896972656,724.4162817382812,,,686.7665625625281,712.9942718996841,678.6756896972656,715.5467263242577,641.8046530702735,0.10865583425697493,42.673971356796564,-10.807571217000145,-11.801536986679595,0.9939657696794502,18.06418221223871,26.20386507699485,,-0.19678144451412113
2021-12-24,677.7950102625827,678.6407992816596,659.1871052321479,664.2122192382812,6028893,0.0,0.0,AXISBANK.NS,-0.016647086872748962,-0.016787206859784038,-0.1486513233140916,678.9617706298828,721.8360522460938,,,684.6185298649807,711.081250226688,678.9617706298828,715.2576763973766,642.6658648623891,0.1069159040687122,39.00432928020793,-11.36782407784574,-11.714794404912825,0.3469703270670852,18.202782633970628,26.26968114500811,,-0.21015269358509847
2021-12-27,659.7842012056218,671.2773006856236,652.7191958413356,668.8394165039062,6996729,0.0,0.0,AXISBANK.NS,0.006966444054479215,0.006942290494498395,-0.14272045038710435,680.0090881347656,719.3991162109374,,,683.115757163926,709.4247077277554,680.0090881347656,713.6413905125272,646.3767857570041,0.09891721438610021,41.24348190556169,-11.308099624807824,-11.633455448891825,0.3253558240840011,17.506223975697935,26.434920954793416,,-0.20465026651337792
2021-12-28,673.9639715091002,677.4964739672125,668.6900886118946,672.1231079101562,4645547,0.0,0.0,AXISBANK.NS,0.004909536318021157,0.004897523845661306,-0.13851160530358297,680.9942138671875,716.8795874023438,,,682.0688381873765,707.9618998917712,680.9942138671875,712.2975853214198,649.6908424129551,0.09193432430642454,42.84692406956126,-10.870492837173401,-11.480862926548141,0.6103700893747401,17.101085343423886,26.52917950410843,,-0.20074546811129693
2021-12-29,671.1778081087458,676.2526642024117,663.9635173618393,667.197509765625,3969894,0.0,0.0,AXISBANK.NS,-0.007328416604878374,-0.007355401367731069,-0.14482495116018623,680.5414581298828,714.0376538085937,,,680.6525211948288,706.3632963574125,680.5414581298828,712.3907634191905,648.6921528405751,0.0935998972842275,41.03782277840185,-10.79668346423523,-11.34402703408556,0.5473435698503302,17.133066310806537,26.483282234932314,,-0.2066027382943144
2021-12-30,664.7098139351612,669.7846699573204,661.2270529340038,665.5556030273438,5119705,0.0,0.0,AXISBANK.NS,-0.002460900579287273,-0.00246393357206875,-0.14692945193326812,680.1807434082032,711.3947351074219,,,679.2147194645921,704.7629946581942,680.1807434082032,712.559661406182,647.8018254102243,0.09520680587261793,40.42509374271042,-10.746794795451592,-11.224580586358766,0.47778579090717344,17.01933599949711,26.018451570873154,,-0.20855521007525082
2021-12-31,669.6354315129914,683.1186795375845,667.8940510480376,675.2078247070312,5586980,0.0,0.0,AXISBANK.NS,0.014502502324048372,0.014398346839634119,-0.13455779432735315,680.4568756103515,708.8821728515625,,,678.8331104400626,703.6039683855996,680.4568756103515,712.5518700525096,648.3618811681935,0.09433366196313236,45.570092036899936,-9.815259837820463,-10.942716436651105,1.1274565988306424,16.578662034203003,26.370303489401227,,-0.19707728017001114
2022-01-03,676.8994297965518,695.0595394529826,675.655586669399,692.9201049804688,8550860,0.0,0.0,AXISBANK.NS,0.026232338585712833,0.025894171975719065,-0.11185522136178216,682.1111846923828,706.664150390625,,,680.1747289677204,703.1849933501044,682.1111846923828,713.1229391000702,651.0994302846955,0.09092873743647227,53.50528245163263,-7.560624509170566,-10.266298051154997,2.7056735419844316,16.830981102978008,26.242720547114303,,-0.17601473952526941
2022-01-04,697.5472833740464,707.5477707961971,696.6019503723534,705.6571655273438,9705906,0.0,0.0,AXISBANK.NS,0.018381715951558464,0.0182148143995351,-0.09552959631699465,683.2132293701172,704.5237463378907,,,682.6016276876845,703.2819412786237,683.2132293701172,715.9677234954399,650.4587352447945,0.09588366476896369,58.22206781528118,-4.691949555529845,-9.151428352029967,4.459478796500122,16.990907870081035,26.73519011627225,,-0.16086847651895206
2022-01-05,708.3935841572154,727.30000027943,704.2640005524987,723.3197021484375,11312955,0.0,0.0,AXISBANK.NS,0.025029911809787198,0.024721794418028752,-0.07289078187824638,684.6958892822265,702.1713903808594,,,686.4795395410896,704.067735822538,684.6958892822265,721.8339327858571,647.557845778596,0.10848040446850864,63.71866932692387,-0.9819654077692803,-7.51753576317783,6.53557035540855,17.435137370290924,27.59709926726713,,-0.13986508848940915
2022-01-06,716.4039444516208,729.8871926460282,715.4586114689765,726.7029418945312,7955578,0.0,0.0,AXISBANK.NS,0.004677378116543451,0.00466647317465728,-0.06855434150975803,686.5044311523437,699.9503820800782,,,690.3103397652269,704.9553909626161,686.5044311523437,728.095111775582,644.9137505291054,0.12116653217642184,64.6773306594445,2.2057958889711244,-5.57286943274804,7.778665321719164,16.72080167983364,27.44837805248953,,-0.13584191227703457
2022-01-07,730.38468139497,737.2507197236928,721.6777795391035,727.0014038085938,10454143,0.0,0.0,AXISBANK.NS,0.00041070690216882255,0.000410622585174669,-0.06817179034882093,688.6214477539063,698.8179870605469,,,693.8047268169762,705.8199404859878,688.6214477539063,733.9586615367414,643.2842339710712,0.1316752881593003,64.76577855657065,4.702001320998193,-3.5178952819987934,8.219896602996986,15.786144195805523,26.027951105506276,25.125080639277993,-0.1354869965858417
2022-01-10,730.0365220894244,740.3355201525715,729.5887263617799,739.1414184570312,9595787,0.0,0.0,AXISBANK.NS,0.016698749940287305,0.01656085877160425,-0.05261142408855024,690.5518951416016,698.5085192871094,,,698.1225069731719,707.1266651123032,690.5518951416016,741.0219205540224,640.0818697291808,0.14617301253534792,68.24846009078611,7.572567983903241,-1.2998026288183866,8.872370612721628,15.281507610146345,25.62212494045698,25.28512842906046,-0.12105071012170197
2022-01-11,739.2409205584365,743.3704435732272,733.6684665391983,739.5891723632812,7252279,0.0,0.0,AXISBANK.NS,0.0006057756947035475,0.0006055922866730808,-0.05203751911582333,692.16142578125,698.5333959960938,,,702.0717132008014,708.3997046123415,692.16142578125,746.7765270989207,637.5463244635794,0.15781030055532502,68.37263018665111,9.771008638428157,0.914359624630922,8.856649013797234,15.06117137240876,25.635622065099252,25.135650171206276,-0.12051826400501672
2022-01-12,745.9576439839327,747.7487659868864,739.4896595538843,743.17138671875,5294563,0.0,0.0,AXISBANK.NS,0.004843519198668211,0.004831827098296772,-0.04744604464004365,693.8704620361328,698.4239367675781,,,705.9859678215583,709.7632999890634,693.8704620361328,752.6809891535665,635.0599349186991,0.16951442764938215,69.40353908473831,11.66784381618811,3.06505646294236,8.60278735324575,14.574294720321998,23.751280106880852,25.136186561265607,-0.1162584773318469
2022-01-13,745.3108647273249,745.3108647273249,733.4197112806966,737.0517578125,5196538,0.0,0.0,AXISBANK.NS,-0.008234478635230302,-0.00826856922892511,-0.05528982983435937,695.4153106689453,698.1224304199219,,,708.9446144873624,710.8334355899825,695.4153106689453,757.1357492160706,633.6948721218199,0.17750670024148368,65.47704895758915,12.532825836826873,4.9586103377192625,7.574215499107611,14.034113248687472,23.862725884454044,25.153213640975437,-0.12353562801932368
2022-01-14,731.1807771965603,732.3251372385288,712.5231291288003,718.1453247070312,16302342,0.0,0.0,AXISBANK.NS,-0.025651432080673997,-0.02598616675361871,-0.07952299860028522,697.0472351074219,697.5472778320312,,,709.8208726035214,711.1201763396707,697.0472351074219,759.387425164787,634.7070450500568,0.1788693417534549,55.10462735310681,11.559488587183864,6.278785987612183,5.280702599571681,14.46057923721688,25.20014024376976,25.48604781514326,-0.14601819432831661
2022-01-17,715.4586531687321,717.0507482700085,706.0054442603831,709.1399536132812,19680557,0.0,0.0,AXISBANK.NS,-0.012539761499420377,-0.012619047827048945,-0.09106556066353932,698.9528076171875,696.7452478027344,,,709.7560231758795,711.042520546479,698.9528076171875,760.2657357090321,637.639879525343,0.17544225425137808,50.96342576382912,9.94679317799421,7.012387425688589,2.9344057523056204,14.69868602945475,25.07924278871433,25.432133473451156,-0.15672692249628392
2022-01-18,713.9660866054514,732.2754851062919,710.7320938786671,721.628173828125,24055886,0.0,0.0,AXISBANK.NS,0.01761037458291903,0.01745710870005927,-0.07505888471550881,701.9056976318359,696.2307958984375,,,710.886704190379,711.4576442045828,701.9056976318359,761.5055148383273,642.3058804253445,0.16982286198153276,55.911613056509744,9.566142909551218,7.523138522461115,2.043004387090103,15.473427790343196,23.454989041794292,25.571606300070748,-0.1418765677257525
2022-01-19,721.6280561959527,728.3448092259183,715.1600717967266,726.00634765625,7746270,0.0,0.0,AXISBANK.NS,0.006067077183114167,0.006048746575118895,-0.06944719557924206,704.9033569335937,695.9233178710938,,,712.3266702347477,712.0281815948442,704.9033569335937,762.9203676330584,646.8863462341291,0.16460982950016004,57.52965197290077,9.508152800512676,7.920141378071427,1.588011422441249,15.803936390762853,23.177691465131346,25.58456384246775,-0.13667026662950577
2022-01-20,727.4492493645716,733.5192406582008,718.593122167438,725.3098754882812,8505400,0.0,0.0,AXISBANK.NS,-0.0009593196674066995,-0.0009597801090161838,-0.07033989318608336,707.3960205078125,695.5163330078125,739.5921569824219,,713.5631659731795,712.5490323357634,707.3960205078125,764.3603151001631,650.4317259154619,0.16105347765869,57.17020901277734,9.298804903387918,8.195874083134726,1.1029308202531922,15.615582246514432,23.118614894008168,25.583294274111335,-0.13749847582218505
2022-01-21,718.4438704427083,721.6778629343133,704.56256744722,708.9906616210938,10689060,0.0,0.0,AXISBANK.NS,-0.022499643833198024,-0.022756622757667787,-0.09125691447532935,709.6349426269531,695.0078491210937,738.8801812744141,,713.127689368219,712.4094883861685,709.6349426269531,762.8492428824726,656.4206423714337,0.14997655007947822,49.38433151872101,7.726998978589904,8.102099062225761,-0.3751000836358571,15.679553196165143,23.996846066393235,25.79956525958364,-0.1569044529217763
2022-01-24,711.4783164067461,712.8714450963203,684.8103301205044,701.1295166015625,8812501,0.0,0.0,AXISBANK.NS,-0.011087797689121714,-0.011149725505468834,-0.10133287395901514,711.2494476318359,694.3819470214844,738.06521484375,,711.985006247585,711.9671365514781,711.2494476318359,761.1056685127547,661.393226750917,0.14019334861185276,46.1255825431068,5.780370244171877,7.637753298614985,-1.8573830544431083,16.63908527902853,23.32442641211629,25.85018479522666,-0.16625252578037905
2022-01-25,710.4832557816853,751.2813138867962,705.1098287130527,748.4951171875,38088158,0.0,0.0,AXISBANK.NS,0.06755613544202621,0.06537205063222265,-0.04062239587489391,715.0680480957031,694.7590808105468,737.6005151367187,,715.4621596704341,713.3996063803417,715.0680480957031,763.9966499195714,666.1394462718349,0.13685019755579889,62.27750085169127,7.967813074555352,7.703765253803059,0.2640478207522925,18.575927961764414,30.35236606652594,28.184911770107785,-0.10992776848755109
2022-01-27,740.3354410581857,773.1729001373794,734.4644771108213,770.0383911132812,34927774,0.0,0.0,AXISBANK.NS,0.02878211685165155,0.028375691818697046,-0.013009477568107553,720.210092163086,695.7083801269531,737.3134350585938,,720.6598959983244,715.6207351933981,720.210092163086,769.5699441434236,670.8502401827483,0.1370707034445736,67.10773943560076,11.309372037458957,8.424886610534239,2.8844854269247175,20.310202379586297,31.325438256130113,28.59056267999446,-0.08430960551374954
2022-01-28,774.267495457609,780.8350240334769,757.7492819569561,760.9335327148438,17765524,0.0,0.0,AXISBANK.NS,-0.011823901903480594,-0.01189436017678844,-0.02467955668500732,724.9789886474609,696.7502221679688,736.9820751953125,,724.4954804475167,717.3977076452195,724.9789886474609,770.3762158867721,679.5817614081498,0.125237359841298,63.412125376281836,13.072207340856039,9.354350756598599,3.71785658425744,20.846831086152836,31.55733104769798,28.560015772864695,-0.09513663891211445
2022-01-31,771.6305738251017,773.9689747294889,758.5950607476119,769.2423706054688,12319200,0.0,0.0,AXISBANK.NS,0.010919268941901983,0.010860084171306432,-0.014029770459915825,729.6807159423828,698.0776513671875,736.7059423828125,,728.7570890339882,719.4308316828763,729.6807159423828,772.794439672934,686.5669922118316,0.11817147634186778,65.29063097206074,14.967188366520645,10.476918278583009,4.4902700879376365,20.992530917431356,30.14205188107995,28.6213714332681,-0.08525619251672241
2022-02-01,774.2675569218146,789.9897848992483,765.3118851174955,778.0488891601562,15457534,0.0,0.0,AXISBANK.NS,0.011448301460248445,0.01138326555352019,-0.002742086041310543,733.9371551513672,699.9782434082031,736.6467364501954,,733.4515461888614,721.7295790349265,733.9371551513672,778.5526109189976,689.3216993837367,0.12157840887188488,67.21211745471746,16.983808161742672,11.778296255214942,5.205511906527731,22.062239685125917,29.246209707141645,28.648732817536647,-0.07478392964975845
2022-02-02,786.1089376998102,801.9306482080884,783.4719657035859,800.1394653320312,13478899,0.0,0.0,AXISBANK.NS,0.028392272618909642,0.027996682397420963,0.025572332523169594,738.6612701416016,702.3355749511719,736.7402740478516,,739.8027765834489,724.8044765367737,738.6612701416016,790.1480135651713,687.1745267180319,0.1394055584197603,71.47756568897518,20.13244446901217,13.449125897974387,6.683318571037784,23.17814344333521,29.501449091655534,28.59675791756422,-0.04851494274897807
2022-02-03,798.2488494025437,807.9010850864482,789.1438925970263,795.6118774414062,10802708,0.0,0.0,AXISBANK.NS,-0.005658498407832169,-0.00567456835981837,0.019769133112470527,742.27587890625,704.6123059082031,736.8338110351563,,745.1179290461115,727.5812373565632,742.27587890625,799.1013783485724,685.4503794639276,0.15311153455789325,69.48243716336688,22.008720097745936,15.161044737928698,6.847675359817238,23.668574803534757,29.70942236388571,28.461742772421605,-0.053898919430509104
2022-02-04,793.0246652867561,800.5374659025151,787.2532451126744,794.6167602539062,10776387,0.0,0.0,AXISBANK.NS,-0.0012507570785647015,-0.0012515399280372543,0.018493649650728416,745.6715698242188,706.9736157226563,736.9353088378906,,749.8321034468538,730.2100813917532,745.6715698242188,806.5508113723342,684.7923282761033,0.1632870127057865,69.02639151480557,23.14854242327533,16.758544274998027,6.389998148277304,22.86540281111625,29.683287022494753,28.461553085161377,-0.05508226205406912
2022-02-07,798.5473630430881,799.6419208045363,780.237966188536,785.7108764648438,10939179,0.0,0.0,AXISBANK.NS,-0.01120777239359605,-0.011271052740020788,0.007078604641120201,748.6070434570313,709.5180212402344,736.8875451660156,,753.2491294485671,732.3865831593254,748.6070434570313,811.3296082084536,685.884478705609,0.1675713989058198,64.919653967078,23.067323687474072,18.02030015749324,5.047023529980834,23.384265251784264,29.369297758240716,28.477246635279513,-0.0656726849916388
2022-02-08,790.0891832524512,797.0547050191605,772.3271270411545,794.6167602539062,12300670,0.0,0.0,AXISBANK.NS,0.01133481036832884,0.011271052740020777,0.018493649650728416,751.380810546875,712.4524951171875,736.9586932373047,,757.1889038109804,734.8269822610737,751.380810546875,817.1723328265997,685.5892882671502,0.17512164632429172,67.03197257433288,23.45125616325322,19.106491358645236,4.344764804607983,23.49798285785536,29.411920455421697,28.495855852966358,-0.05508226205406912
2022-02-09,797.0547477433659,805.5128817706051,796.2089586344551,799.8906860351562,9399830,0.0,0.0,AXISBANK.NS,0.0066370683895022875,0.006615140024329778,0.02525346165773401,754.3958862304687,715.4018969726562,736.9711322021484,,761.2557402132828,737.3785000561357,754.3958862304687,823.3624572016382,685.4293152592992,0.18283920214830057,68.25114544681702,23.905519206162808,20.066296928148752,3.8392222780140557,23.334510292677294,29.41100777106579,28.3052699891382,-0.048810778404868076
2022-02-10,803.5724835104245,811.9311344694868,799.1443893801419,805.8114013671875,12848281,0.0,0.0,AXISBANK.NS,0.007401905579596857,0.00737464590951491,0.03284229097607949,757.5278869628906,717.9930725097656,736.9955114746094,,765.4991365136547,740.0621432448045,757.5278869628906,829.9509420525281,685.1048318732531,0.19120894777880387,69.60986494674489,24.461303506083937,20.94529824373579,3.516005262348145,23.181697906861725,29.14037819016028,28.326686613052544,-0.041770165598290596
2022-02-11,797.0049432796121,805.9108723172571,794.5669985760236,799.8408813476562,9717894,0.0,0.0,AXISBANK.NS,-0.007409326809475925,-0.007436912215352281,0.02518962489958998,760.6673431396484,720.5344921875,737.0746203613281,,768.7697788787976,742.4064074841319,760.6673431396484,834.7770963759771,686.5575899033198,0.19485456791254166,66.51838723593896,24.141704953112594,21.584579585611152,2.557125367501442,22.510024028302603,29.30700924914369,28.267792966438787,-0.04887000359996284
2022-02-14,786.1089717696905,799.044942191217,766.1577372280126,769.5409545898438,8617389,0.0,0.0,AXISBANK.NS,-0.03788244320140277,-0.038618635367950745,-0.013647062836336099,763.2371246337891,722.5316076660156,736.8557043457031,,768.8432241846115,743.4705073706305,763.2371246337891,834.653998848859,691.8202504187192,0.18714203465754276,53.5263547042243,21.199099907248637,21.50748364993865,-0.3083837426900118,22.911597538576018,31.85590797539496,28.978336473546285,-0.08490113166573765
2022-02-15,773.1729687056879,795.1640932000283,760.535509065136,793.0247192382812,7426563,0.0,0.0,AXISBANK.NS,0.03051658850431682,0.030060218748474955,0.01645306386711165,767.431362915039,725.1954235839844,736.9412817382813,,771.1462237135323,745.4138097968129,767.431362915039,835.2324983150869,699.6302275149911,0.1766962849746187,60.04061370718322,20.525403676236238,21.31106765519817,-0.7856639789619315,21.80279659926592,32.13217566619162,29.411597788061012,-0.056975436060014865
2022-02-16,791.0842548591696,804.3187340199705,785.4123178661035,793.1241455078125,7457765,0.0,0.0,AXISBANK.NS,0.0001253760029407136,0.00012536814402652955,0.016580502689436116,771.0061614990234,727.3855810546875,736.791025390625,,773.2393591225114,747.284803354107,771.0061614990234,836.1252015892603,705.8871214087865,0.16891963603411334,60.0661358848626,19.771602699921573,21.00317466414285,-1.2315719642212777,20.388367536930843,31.89161615001751,29.40783697457734,-0.05685720340951319
2022-02-17,793.074468661589,798.0498417397671,776.6557375036012,778.9443969726562,6516308,0.0,0.0,AXISBANK.NS,-0.017878346807960854,-0.01804009521293094,-0.001594276095856828,773.6530639648438,729.0911389160157,736.6392767333984,,773.7826960606204,748.5263560450305,773.6530639648438,835.2805271680212,712.0256007616664,0.15931550218995283,54.70026277623481,17.82455244843834,20.36745022100195,-2.5428977725636095,20.267536262619778,31.8687106870681,29.549986157603918,-0.07371903741638795
2022-02-18,777.3025125499324,786.6561769216155,775.1630779639219,783.521728515625,5466662,0.0,0.0,AXISBANK.NS,0.005876326424271605,0.005859128160334376,0.004272681841665182,776.5636566162109,730.9509313964844,736.5442468261718,,774.7102229610971,749.898723592897,776.5636566162109,833.9288408592354,719.1984723731864,0.1477410995332613,56.06469776240414,16.461100181348684,19.586180213071295,-3.125080031722611,19.990335189463824,31.877183503062255,29.545474286700703,-0.06827590811965811
2022-02-21,779.6907162036588,792.8754550852171,772.2773980441019,784.964599609375,5635224,0.0,0.0,AXISBANK.NS,0.0018415202045303225,0.0018398266849800424,0.006122070276134428,780.362353515625,732.957001953125,736.5407641601563,,775.6868302609331,751.2738559857,780.362353515625,828.1491496511433,732.5755573801068,0.1224733507971855,56.50938286520961,15.32037829089245,18.733019828635527,-3.4126415377430774,19.698917850846858,31.870932564437265,29.47086157461431,-0.06656011937941286
2022-02-22,762.3265461501496,783.1236273846716,762.3265461501496,775.3123168945312,6923558,0.0,0.0,AXISBANK.NS,-0.01229645606903429,-0.0123726830103377,-0.006249665561101847,784.0714935302734,734.4525988769532,736.5109112548828,,775.6511623212757,752.2165407272228,784.0714935302734,814.2272330894774,753.9157539710694,0.07692089256664109,52.66894481223836,13.482076441733966,17.682831151255215,-4.200754709521249,19.6100817373678,31.87631237775691,29.53853347923743,-0.07803812186454849
2022-02-23,779.6409672564297,781.6311165027766,768.446377745728,773.3720092773438,6303173,0.0,0.0,AXISBANK.NS,-0.002502614204504483,-0.00250575097794819,-0.00873663926379975,785.3153381347656,735.7720678710938,736.6168878173828,,775.4341001266155,753.0461669448746,785.3153381347656,811.0154647218617,759.6152115476696,0.06545173725534886,51.9052900573384,11.733387189406926,16.492942358885557,-4.759555169478631,19.21204932791256,31.89903534751789,29.498088225798945,-0.08034543675678187
2022-02-24,748.6941261982047,765.3616251441093,721.7275690748583,726.7029418945312,13085009,0.0,0.0,AXISBANK.NS,-0.06034491399090214,-0.0622424008308458,-0.06855434150975837,783.1485656738281,736.1263134765625,736.2402514648437,,770.7930374378456,752.0130992958415,783.1485656738281,819.4092830908639,746.8878482567923,0.09260239756893837,37.73378371827006,6.506729127109793,14.495699712530406,-7.9889705854206134,21.952065000244335,36.58818317218569,31.06734619128732,-0.13584191227703457
2022-02-25,738.6438593170217,761.0827792750747,733.7680302449122,754.3162841796875,10066136,0.0,0.0,AXISBANK.NS,0.037998115451642,0.0372939691848638,-0.03316116184151541,782.8177032470703,737.0895434570313,736.0317834472656,,769.2238228418305,752.1034202716785,782.8177032470703,820.0399139310746,745.595492563066,0.09509802992346564,46.96106438203614,4.540392091053377,12.504638188235,-7.964246097181624,23.021770911997415,38.15782919072966,31.660230154173284,-0.10300553349126719
2022-02-28,746.2064060601512,746.2064060601512,732.5738730035256,738.7433471679688,14463418,0.0,0.0,AXISBANK.NS,-0.020645102509823432,-0.020861191938105116,-0.053121648765775964,781.2927520751953,738.1542736816406,735.6317639160156,,766.3209203967008,751.579495836239,781.2927520751953,823.0762574706984,739.5092466796922,0.10695992068151593,43.08342260458305,1.7057867075552622,10.344867892099055,-8.639081184543793,22.8085447118657,37.87997938957473,31.831134899988257,-0.12152407620308435
2022-03-02,725.1109021936494,752.7242234490318,721.4291138793579,746.5547485351562,11691602,0.0,0.0,AXISBANK.NS,0.010573904180840588,0.010518391437426841,-0.043109447808913015,779.7180450439453,739.6647985839844,735.3461779785156,,764.4384278384584,751.382446922471,779.7180450439453,824.2966650871596,735.139425000731,0.11434548764534962,45.51372321559135,0.08863460211102847,8.29362123410145,-8.20498663199042,24.2656152870782,37.742639769298755,31.878660510419827,-0.11223515595968042
2022-03-03,752.2764413820083,755.7094610987147,728.7927037490833,734.016845703125,8357181,0.0,0.0,AXISBANK.NS,-0.01679435146133934,-0.016936975691220105,-0.05917980405244516,776.4119140625,741.0937280273438,734.9536224365235,,761.54113430176,750.7014429530849,776.4119140625,824.2986414991772,728.5251866258229,0.12335392223984422,42.38535627771692,-2.1795495765285295,6.198987071975454,-8.378536648503983,25.274901877098664,37.822273071219406,31.93081056453958,-0.12714459076551468
2022-03-04,719.4389292470225,728.8921378609184,706.5527011474894,711.4783325195312,11660648,0.0,0.0,AXISBANK.NS,-0.03070571651799603,-0.0311870150744681,-0.08806836228361625,772.2052368164062,742.0022314453125,734.2874206542969,,756.7732484177383,749.1632817596122,772.2052368164062,827.2386571047601,717.1718165280523,0.142535734451224,37.407735679830594,-5.729722852768873,3.813245087026589,-9.542967939795462,26.426349792413095,38.86789353322343,31.736982751573244,-0.15394624152266814
2022-03-07,689.5866841410719,701.5275791045538,652.3708705444075,664.2620239257812,20147061,0.0,0.0,AXISBANK.NS,-0.06636366342534239,-0.06866827784317833,-0.14858748655594767,765.6875,741.77833984375,733.0973107910156,,747.9626556089805,745.8338206680895,765.6875,837.7781744362767,693.5968255637233,0.18830312480294295,29.572594420473365,-12.212444790603854,0.6081071115004999,-12.820551902104354,28.24237249637596,43.31943053957417,33.53245352847953,-0.21009346839000373
2022-03-08,661.7245348937357,670.4314366686532,633.8624492139994,667.0979614257812,24828458,0.0,0.0,AXISBANK.NS,0.004269305481652719,0.004260217853065257,-0.1449525464451532,759.7568542480469,741.8360546875,731.8360534667969,,740.2612561629614,742.7461399134892,759.7568542480469,843.4877146831819,676.0259938129119,0.22041488659685957,30.513989867242188,-16.92609864741928,-2.8987340402834563,-14.027364607135825,28.38097273350178,42.942100625007946,31.84976572242003,-0.20672111610460794
2022-03-09,668.1925590342214,677.1482299669213,655.8536103442449,670.8792724609375,20438651,0.0,0.0,AXISBANK.NS,0.005668299490939166,0.005652295131234258,-0.14010588139943947,753.5699798583985,741.8768518066406,730.6379840087891,,733.6534481913402,739.9278313859381,753.5699798583985,844.4371864983017,662.7027732184953,0.24116461395391,31.822573361974833,-20.1245992373058,-6.343907079687925,-13.780692157617876,28.5515586955596,42.897442085851885,31.30152825706433,-0.202224573810851
2022-03-10,704.4133277180616,716.851760113602,684.8600876984586,691.527099609375,23224756,0.0,0.0,AXISBANK.NS,0.030777262014216822,0.030313140971305073,-0.11364069480678596,748.1518005371094,742.264931640625,729.5722595214844,,729.6414149930579,738.0297634731318,748.1518005371094,840.3034052897216,656.0001957844971,0.24634467145960276,38.620043048671704,-20.7540867162611,-9.225943007002561,-11.528143709258538,30.307157511023792,38.92148430773896,31.557607375241197,-0.17767123049052397
2022-03-11,688.492203674366,703.1695553810623,684.0641091481498,687.4473266601562,14224356,0.0,0.0,AXISBANK.NS,-0.005899657369209832,-0.0059171290997874085,-0.1188699110134368,742.2335968017578,742.6699279785156,728.3537908935547,,725.6229303899244,736.046138500074,742.2335968017578,833.9958899400837,650.471303663432,0.24725987487961829,37.817721682704615,-21.33621307644853,-11.647997020891754,-9.688216055556776,30.850896602110854,37.79327839345441,31.474392201371572,-0.1825226884754738
2022-03-14,691.2783629796216,708.8911962143927,681.62612684671,706.552734375,10720884,0.0,0.0,AXISBANK.NS,0.027791813239952612,0.02741263022022971,-0.0943817081402194,737.569189453125,743.4898706054687,727.4423028564453,,723.8067212456459,734.8895344167378,737.569189453125,826.440359832684,648.698019073566,0.2409839555403691,43.71477445528192,-20.02506914690491,-13.323411446094386,-6.701657700810525,31.327111768294248,38.76629395424842,31.823131197515963,-0.15980351170568563
2022-03-15,709.4881984422769,714.4635715028819,691.5768554240988,694.7113647460938,12157425,0.0,0.0,AXISBANK.NS,-0.01675935716161492,-0.016901384279563895,-0.10955928854558905,733.8277099609375,743.87994140625,726.3810571289063,,721.0357349123552,733.3139199198498,733.8277099609375,823.3298762256437,644.3255436962312,0.2439323700912591,41.112390205554746,-19.71422439589992,-14.601574036055492,-5.112650359844427,31.344873383976942,38.78385750955622,31.92167107405295,-0.17388466473894462
2022-03-16,707.4979846635094,722.4241024834147,705.6073187791766,720.28466796875,10038170,0.0,0.0,AXISBANK.NS,0.03681140761530921,0.03615004927072688,-0.07678091255897479,730.190707397461,744.4272326660156,725.5456915283203,,720.9642047272499,732.802968862944,730.190707397461,815.3717550979694,645.0096596969526,0.2333117823537085,48.274159253419505,-17.205985950474314,-15.122456418939258,-2.0835295315350564,32.38258759685353,40.27832845265994,32.525060918273404,-0.14347419639539205
2022-03-17,733.3699689032381,743.0719461037897,732.822690028575,735.60888671875,13657428,0.0,0.0,AXISBANK.NS,0.021275225520508867,0.021052067519097224,-0.05713921826882862,727.3149444580079,745.0262670898437,724.7750067138672,,722.358936345488,732.9130048572893,727.3149444580079,807.2734080171807,647.356480898835,0.2198730114606887,52.03831042519515,-13.822317456759379,-14.862428626503283,1.0401111697439038,30.321361734893124,39.85842301126911,32.72074607992155,-0.12525141675956894
2022-03-21,741.3306084025203,745.7089611217993,720.1355306716105,722.32470703125,7495685,0.0,0.0,AXISBANK.NS,-0.018058753676502337,-0.018223803045397356,-0.07416610887734632,724.4839599609375,745.0063671875,723.5888787841797,,722.3556764107987,732.4977774915623,724.4839599609375,800.6658104562001,648.3021094656748,0.21030652079411177,48.72792544837044,-12.073482487105025,-14.304639398623632,2.2311569115186067,29.692332668439228,40.105343996845086,32.83385103702337,-0.14104828595317725
2022-03-22,725.4092823504259,732.3748035801282,702.8708215062219,727.7974853515625,11117081,0.0,0.0,AXISBANK.NS,0.007576617921330131,0.00754805951182721,-0.06715141922569157,721.6977478027344,745.0282580566407,722.4893200683593,,722.8739439289667,732.3134523096015,721.6977478027344,792.6873169534636,650.7081786520052,0.19672936313536377,50.13528938107724,-10.129148186329985,-13.469541156164905,3.3403929698349195,30.246730589706683,40.21839635064164,32.844343583413576,-0.13454033700297288
2022-03-23,732.4743944801721,739.2409504005844,721.0808388089187,723.1704711914062,5886245,0.0,0.0,AXISBANK.NS,-0.006357557223382271,-0.00637785255518992,-0.07308205745871521,718.608041381836,744.9516394042969,721.8848132324218,,722.9021846206276,731.9549040304566,718.608041381836,783.0836811232201,654.1324016404518,0.17944591774231122,48.912853245836736,-8.859484001218561,-12.547529725175638,3.6880457239570763,29.30851644842039,40.15280009531879,32.76371682687897,-0.14004254633500557
2022-03-24,715.558117681946,726.8522507871422,715.4586345161604,718.692626953125,7559843,0.0,0.0,AXISBANK.NS,-0.00619196222282703,-0.006211211924332742,-0.07882149834259145,715.7770568847657,744.5426635742188,721.525591430664,,722.5012743665798,731.4348147333064,715.7770568847657,774.4834743572144,657.070639412317,0.1640354825787605,47.700692612566854,-8.12097702617973,-11.662219185376458,3.5412421591967274,28.199720657088285,39.95084477235264,32.77716851604645,-0.1453673704013378
2022-03-25,719.7374004194394,723.0709365588954,711.9758311782388,717.697509765625,5430894,0.0,0.0,AXISBANK.NS,-0.0013846213947105168,-0.0013855808686882624,-0.08009698180433367,712.9933319091797,744.1048303222656,721.3191131591797,,722.0437729760126,730.8960968914366,712.9933319091797,765.1108782070087,660.8757856113507,0.14619364295672732,47.41944839368204,-7.52921051623548,-10.835617451548263,3.3064069353127827,27.030503573161216,39.849666122311426,32.77171590445877,-0.1465507130248978
2022-03-28,722.4241323056428,734.2655438920685,711.5280537004077,732.3748779296875,7077669,0.0,0.0,AXISBANK.NS,0.020450632702983196,0.020244326500352777,-0.06128438305684847,713.2769287109375,743.8889001464844,721.1564184570312,,723.0276877335054,730.9540883047014,713.2769287109375,765.7689649586147,660.7848924632602,0.14718557164758694,51.922049835879236,-5.808928633348501,-9.83027968790831,4.02135105455981,24.432648445771008,40.3307064790555,32.90652849752796,-0.12909713512634707
2022-03-29,737.9971505661908,737.9971505661908,727.3995810761231,734.1660766601562,6174137,0.0,0.0,AXISBANK.NS,0.0024457402683339957,0.0024427543131934236,-0.058988528471976664,712.269418334961,743.8311865234375,720.9768084716796,,724.0884866789007,731.0800486323664,712.269418334961,762.1535834026567,662.3852532672652,0.14007105677598142,52.457111943950224,-4.252043172435492,-8.714632384813747,4.462589212378255,22.57754716258629,40.33533595761865,32.74442945185302,-0.12696713291991824
2022-03-30,743.3207037313955,762.0778350806039,737.6487665359363,746.7537231445312,16618114,0.0,0.0,AXISBANK.NS,0.017145502747332397,0.017000177380824242,-0.042854413701621685,712.6699371337891,744.4033544921875,720.9753161621094,,726.2470806280083,731.6947025348043,712.6699371337891,763.567423796089,661.7724504714892,0.1428360704171108,56.1503698496588,-1.979662044220845,-7.367638316695167,5.387976272474322,23.05019993385566,39.28433118038702,32.82433178124784,-0.11199854549888517
2022-03-31,759.2418645588108,759.2418645588108,747.5994804389848,757.4010009765625,20449544,0.0,0.0,AXISBANK.NS,0.01425808469651324,0.014157394180871538,-0.029207350865285586,713.2122497558594,745.3685754394531,721.0569116210937,,729.214120661204,732.7027926697751,713.2122497558594,765.8319134303115,660.5925860814073,0.147556814096966,59.04821793189396,0.6726092883511683,-5.7595887956859,6.4321980840370685,20.658460916828158,38.43505361778492,32.52549758219572,-0.09933734554998142
2022-04-01,756.256662705876,771.929086965899,751.4305754021575,770.7349853515625,9321859,0.0,0.0,AXISBANK.NS,0.017604920455356776,0.01745174894517185,-0.012116623498623857,715.0481567382812,746.3507116699219,721.2907537841797,,733.1684887269524,734.1942512063158,715.0481567382812,773.0146817127619,657.0816317638006,0.1621332057938506,62.399488347042066,3.8066142507553877,-3.846348186397643,7.652962437153031,20.757965583315947,38.821075877677764,32.63591211648145,-0.08348125116127833
2022-04-04,776.1581337579926,781.6310436755168,763.2221648620259,780.2379150390625,10959783,0.0,0.0,AXISBANK.NS,0.012329698103901832,0.01225430644789735,6.368029550118948e-05,718.4861358642578,747.4353430175781,721.679330444336,,737.6512912328676,735.9998850821098,718.4861358642578,783.3116141508074,653.6606575777082,0.18045018560746992,64.62155780710845,6.976719489809852,-1.6817346511561442,8.658454140965997,20.125380543730817,38.643704221304695,32.68304076736656,-0.07218085168153103
2022-04-05,772.1779143294278,792.0794069667842,772.1779143294278,779.242919921875,7334134,0.0,0.0,AXISBANK.NS,-0.001275245791070856,-0.001276059608936793,-0.0012116467035985234,724.2351806640625,748.51400390625,722.0151684570312,,741.6123987270588,737.6956903699438,724.2351806640625,789.2068014938462,659.2635598342787,0.17942133319237624,64.19379302088261,9.301540571005035,0.5149203932760915,8.786620177728944,19.912150297914618,38.61034635071106,32.64863547170895,-0.07336404914529915
2022-04-06,773.1729551862172,776.1084373689016,765.4113855436096,769.8892211914062,9954921,0.0,0.0,AXISBANK.NS,-0.01200357230246829,-0.012076196931563242,-0.013200674917255073,729.3747436523438,749.7319750976562,722.369912109375,,744.305429437949,738.9581817747071,729.3747436523438,791.5164444200032,667.2330428846844,0.1703971828157493,60.16201082814305,10.270817125396889,2.466099739700251,7.804717385696637,18.92063577226779,38.764535337736014,32.37723750476174,-0.08448699077945002
2022-04-07,765.7099455329985,791.0843491861388,765.4114352839865,788.1986083984375,9820244,0.0,0.0,AXISBANK.NS,0.023781846404730134,0.02350346330055879,0.010267235064154168,735.2407104492188,751.4733569335938,722.9276519775391,,748.4857321960908,740.8891788972064,735.2407104492188,796.272009947157,674.2094109512806,0.16601719309217575,64.81977742823364,12.373753381103484,4.447630467980898,7.926122913122586,19.126752612775825,39.206421187211966,32.435709665564026,-0.0627144010126347
2022-04-08,790.9848022460938,796.7562226216722,785.1138379725119,790.9848022460938,8104237,0.0,0.0,AXISBANK.NS,0.0035348880573611297,0.0035286550249678302,0.013838416648125795,740.2135955810547,752.3231506347656,723.5411157226563,,752.5332626770435,742.8537131461825,740.2135955810547,802.4437709985629,677.9834201635466,0.16814113058449978,65.48116890954779,14.102602054976046,6.3786247853799285,7.7239772695961175,18.13167791270236,39.20061949142547,32.426986707164126,-0.05940120134243775
2022-04-11,785.5616225199867,790.3379682548853,780.1881956091438,782.1783447265625,6340427,0.0,0.0,AXISBANK.NS,-0.011133535681753015,-0.011195977387351461,0.0025508104608418236,744.950146484375,752.5659497070312,724.1371649169922,,755.3566038246167,744.3958555610993,744.950146484375,804.6386144266634,685.2616785420865,0.16024822123728613,61.54283860766981,14.59389027876,8.021677884055944,6.5722123947040565,16.795436810062622,34.857249657894755,31.982233051376273,-0.06987339162950576
2022-04-12,776.2576784620369,797.054762091317,773.9690190074331,794.517333984375,7672215,0.0,0.0,AXISBANK.NS,0.01577516092206066,0.01565202636114869,0.01836621082840395,749.3483764648438,753.2376257324219,724.9939239501953,,759.0861971731651,746.3614037345611,749.3483764648438,810.0782252013494,688.6185277283382,0.1620870896471603,64.74254209474846,15.796797400253809,9.576701787295518,6.220095612958291,17.147267630935346,33.46860909843105,32.04473133730415,-0.05520049470457079
2022-04-13,801.8310603779145,801.8310603779145,786.954683706007,789.1438598632812,7640132,0.0,0.0,AXISBANK.NS,-0.006763193062316986,-0.00678616709632643,0.01147880353643127,754.0700012207031,753.6356555175781,725.8566534423828,,761.948831715081,748.0391471121579,754.0700012207031,811.5085663848707,696.6314360565356,0.15234279329819492,62.31113095329341,16.13057231027983,10.88747589189238,5.24309641838745,17.39603623100146,32.89107700133382,32.05957380101035,-0.061590356164065406
2022-04-18,776.1581521532341,797.701540542069,772.1778539370638,794.915283203125,11478317,0.0,0.0,AXISBANK.NS,0.007313524990036235,0.007286910849489758,0.018876279042986832,757.8015319824219,753.9729833984375,726.9756134033203,,765.0884937615614,749.8774269588625,757.8015319824219,815.6935340285676,699.9095299362763,0.15278935078080186,63.880145949781074,16.668651126609348,12.043710938835776,4.624940187773571,18.426649175597788,32.834302828542356,31.945612731774037,-0.054727273782980305
2022-04-19,801.0350324818273,812.1798798632635,781.6808198606706,793.8704833984375,8711816,0.0,0.0,AXISBANK.NS,-0.0013143536509669929,-0.0013152181713335942,0.017537115285743088,760.7146118164062,753.8476037597657,728.0915893554687,,767.8296356317401,751.6026448584537,760.7146118164062,819.7565836836969,701.6726399491155,0.1552276529204888,63.36586059014419,16.816920857244554,12.998352922517533,3.818567934727021,18.981047019235795,32.35490512866581,31.434949024058657,-0.05596969644184318
2022-04-20,796.9053772099106,798.4975328270091,784.7157147657318,790.7857055664062,6676491,0.0,0.0,AXISBANK.NS,-0.0038857444590026935,-0.00389331357814062,0.013583226078191846,764.137661743164,753.7510803222656,729.1816931152343,,770.0159280064702,753.1392354744519,764.137661743164,821.7286407028323,706.5466827834957,0.1507345648382014,61.78427851934521,16.49536163558878,13.697754665131782,2.7976069704569966,19.20849334575076,30.838200373268553,31.37371551888583,-0.059637956963024895
2022-04-21,791.1837573525702,800.0399452190815,786.656180257254,797.8507690429688,6851615,0.0,0.0,AXISBANK.NS,0.008934232658520447,0.00889455853207263,0.022638814438748156,767.6403259277344,753.8157604980469,730.3946881103516,,772.6668652480414,754.8926289477271,767.6403259277344,824.4410229751984,710.8396288802703,0.14798778836642634,64.00048348616178,16.619041250534792,14.282011982212385,2.337029268322407,18.170779527277887,22.587649991128426,31.37957047148161,-0.05123654368729097
2022-04-22,792.0792984788125,794.0694474699653,774.366984604458,776.755126953125,6255027,0.0,0.0,AXISBANK.NS,-0.026440586270472854,-0.02679642497978541,-0.004400355357953689,770.3195587158203,753.6366455078125,731.5773333740234,,773.0562235056684,755.7499818106838,770.3195587158203,823.2086422176998,717.4304752139409,0.13731725464701805,53.94153614419372,14.843707206638442,14.394351027097597,0.4493561795408443,18.956182600437256,24.49191798665807,31.688374463614316,-0.07632240570419918
2022-04-25,768.1976356949411,784.9148777963175,757.5005831253549,776.8547973632812,8023525,0.0,0.0,AXISBANK.NS,0.0001283163853029734,0.00012830815345978418,-0.004272603610344317,773.2276672363281,753.28140625,732.8669506835937,,773.4179924444887,756.5776216362759,773.2276672363281,820.2331301608031,726.2222043118531,0.12158246507780038,53.97833969678714,13.291567835089609,14.173794388696,-0.882226553606392,19.450167108095904,24.535310413725625,31.477940434984358,-0.07620388273411371
2022-04-26,787.1039312941028,792.6763242129933,765.2122922442037,771.1827392578125,11087204,0.0,0.0,AXISBANK.NS,-0.0073013105212457186,-0.007328095545734346,-0.011542718525896722,775.9019287109375,752.7072473144531,734.0545721435547,,773.2051111886148,757.1503713469244,775.9019287109375,815.0312398150983,736.7726176067766,0.10086148688705852,51.45836939494558,11.471561494720845,13.63334780990097,-2.161786315180125,20.096963762045814,23.52220120246203,31.477937779560644,-0.0829488050445931
2022-04-27,761.8289925469195,769.1428263671797,745.3107805821666,762.1275634765625,11485697,0.0,0.0,AXISBANK.NS,-0.011741932644868003,-0.011811413565064738,-0.023149117347294967,777.3895629882812,751.8335705566407,734.9133215332031,,772.1501066446098,757.3455553520083,777.3895629882812,811.4903642247186,743.2887617518438,0.08773156435328026,47.635026826597596,9.192550350973534,12.745188318115483,-3.5526379671419495,20.523425621923643,23.789809152954472,31.5511394066811,-0.09371675840765514
2022-04-28,773.0734267486648,781.5813018343358,762.5753418682125,775.9591064453125,11037317,0.0,0.0,AXISBANK.NS,0.018148593006733993,0.017985873101861057,-0.005420648249762183,779.479214477539,751.3559350585938,735.9452136230469,,772.512868530391,758.075498532138,779.479214477539,806.8943491076004,752.0640798474776,0.07034218262878741,53.33808940985527,8.405612850092098,11.877273224510807,-3.4716603744187093,20.925011620459923,23.0898553577611,31.669223259523033,-0.07726899270717205
2022-04-29,761.2320934355623,763.0729572108406,721.4291081578859,725.0113525390625,34401710,0.0,0.0,AXISBANK.NS,-0.06565778207004092,-0.06791250750823681,-0.07072252257834188,778.3920959472656,750.4653430175781,736.4984753417968,,767.988914626455,756.778865355939,778.3920959472656,812.2406885461992,744.543503348332,0.08697054550057186,37.24668438192292,3.6290676263947717,10.2276321048876,-6.598564478492829,22.986231933693805,30.064341196565447,33.21061930999677,-0.13785346409327387
2022-05-02,718.4437708726648,734.5639895128347,714.9610102105396,723.7673950195312,16136040,0.0,0.0,AXISBANK.NS,-0.0017157766084279213,-0.0017172502389680411,-0.07231695513684089,776.710415649414,749.0801965332031,737.1378100585938,,763.7773413305574,755.4842978917662,776.710415649414,817.5667112032143,735.8541200956138,0.10520341875328129,36.95354256150445,-0.2538298595576407,8.131339711998553,-8.385169571556194,23.554845837489147,28.15640871080729,33.00538789574418,-0.13933271495261984
2022-05-04,729.3896471534548,731.5290817356436,700.5324851241912,703.7167358398438,14548684,0.0,0.0,AXISBANK.NS,-0.027703181046372483,-0.028094151843555557,-0.09801672648233506,773.3595031738281,747.2920483398437,737.3388146972657,,758.0572836647751,753.4541974191419,773.3595031738281,825.667647748111,721.0513585995452,0.1352751064921629,32.51192974107643,-4.892576145112798,5.526556540576283,-10.419132685689082,24.997702264239315,28.56364088336348,33.27790596880754,-0.16317593657097734
2022-05-05,712.473417661238,718.2448382272295,695.4576661980584,698.890625,12726146,0.0,0.0,AXISBANK.NS,-0.0068580305029751765,-0.006881654867194051,-0.10420255528529265,769.292138671875,745.6909729003906,737.3910559082032,,752.4223637919395,751.3144494811363,769.292138671875,831.1308195212646,707.4534578224855,0.16076774411382752,31.52960195644532,-8.856154570932858,2.6500143182744544,-11.506168889207313,24.976375760331255,28.1749836013584,33.29462162483222,-0.16891490152359717
2022-05-06,686.6014658225797,689.0891522929513,664.8093080483108,670.083251953125,15511195,0.0,0.0,AXISBANK.NS,-0.04121871436875402,-0.042092295144680915,-0.14112617429124785,763.8341552734375,743.4222033691407,737.1865673828125,,744.5805436168143,748.1289123231751,763.8341552734375,839.6617993571389,688.0065111897362,0.19854478504317874,26.401730579374913,-14.158621505774136,-0.7117128465352636,-13.446908659238872,26.3481572088871,30.35754505184949,33.94692234902201,-0.20317116081382386
2022-05-09,656.948269141235,665.7049135552946,645.6043943025328,660.4310302734375,13999329,0.0,0.0,AXISBANK.NS,-0.014404511158208622,-0.014509263281344172,-0.15349783189716293,758.3612457275391,740.9315319824219,736.9442669677734,,736.5663042507784,744.6897796937736,758.3612457275391,847.0572823008824,669.6652091541957,0.23391500310185864,24.938231028576283,-18.921601927681536,-4.353690662764518,-14.567911264917019,26.27352656928617,30.533865450446697,33.917585118150164,-0.21464909071906355
2022-05-10,660.4309838228929,668.7895735115682,654.3112511129181,656.5004272460938,9523698,0.0,0.0,AXISBANK.NS,-0.005951572302283159,-0.005969353494520754,-0.15853585075466636,751.7763366699219,738.5552941894531,736.5039465332031,,728.9409826312847,741.2313737154333,751.7763366699219,850.1700948991681,653.3825784406756,0.26176338208540195,24.34638163898056,-22.751203332466275,-8.03319319670487,-14.718010135761405,25.12918816900454,30.531650386645087,33.91310795862801,-0.2193231634383129
2022-05-11,658.4408829357442,672.670437741052,652.2216666104756,669.0383911132812,9352398,0.0,0.0,AXISBANK.NS,0.019098180818833743,0.01891809976489439,-0.1424654162798129,745.6790161132812,736.4686218261719,736.1203448486328,,723.2359739152843,738.4002763584862,745.6790161132812,848.8406602303455,642.517371996217,0.27669182553848953,30.049214807567765,-24.492150867237456,-11.324984730811387,-13.167166136426069,25.6053991025259,31.18603830829424,34.05384061444961,-0.2044136560525827
2022-05-12,663.7147768489381,663.7147768489381,640.8280604058713,646.4502563476562,11166084,0.0,0.0,AXISBANK.NS,-0.03376209058502355,-0.03434519205403009,-0.17141757657516432,738.892611694336,734.8635681152343,735.4949407958984,,715.923048432653,734.7943932208066,738.892611694336,849.5310298406367,628.2541935480352,0.29947090117087133,26.215212386758594,-27.378930759062655,-14.535773936461641,-12.843156822601014,26.664439512924655,31.72590805248844,34.50312334993471,-0.23127431426514308
2022-05-13,653.1669751897613,656.1521989141487,630.2802599694585,632.8176879882812,9618627,0.0,0.0,AXISBANK.NS,-0.021088348601479234,-0.021313884243426767,-0.18889101156540578,730.8076293945312,732.4335961914062,734.7615698242188,,708.0082521998556,730.7953067410997,730.8076293945312,847.7822320277866,613.8330267612758,0.3201241966512253,24.207714740119144,-30.416140620254055,-17.711847273220126,-12.704293347033929,26.835021977651763,32.04496667289678,34.679317318697095,-0.2474854695048309
2022-05-16,636.6984481651896,646.0024319646521,626.946729390633,635.8029174804688,6159695,0.0,0.0,AXISBANK.NS,0.004717361017005484,0.004706269138773867,-0.18506471764282162,723.1405822753907,730.3747875976562,734.2645306396485,,701.1315536551521,727.0701150053886,723.1405822753907,844.0508414376623,602.2303231131191,0.33440319109687533,25.552145904810203,-32.21096034551147,-20.611669887678396,-11.599290457833071,26.23797968501295,31.50532936621364,34.59943816229703,-0.24393558679394278
2022-05-17,639.7334244043911,654.261487902794,637.992044018338,651.7240600585938,8152237,0.0,0.0,AXISBANK.NS,0.025041002707594684,0.02473261443184296,-0.16465792103080112,715.9810211181641,728.478173828125,734.0714862060547,,696.4260780745275,724.1153677525731,715.9810211181641,835.9504530087936,596.0115892275346,0.33511902788504216,32.43569011074577,-31.98001900897657,-22.88533971193803,-9.094679297038539,25.594732431694062,32.2293216143496,34.574007862243526,-0.22500297577573392
2022-05-18,651.5250419064256,667.0979824367175,647.0969481459518,656.201904296875,13013873,0.0,0.0,AXISBANK.NS,0.00687076711250878,0.006847270955171302,-0.1589184801469249,709.0975921630859,726.921875,734.0078015136719,,692.5952043814177,721.452094675879,709.0975921630859,826.0089840566167,592.1862002695551,0.32974697188547847,34.276298390646346,-31.07743045554389,-24.523757860659206,-6.553672594884684,25.1753806899169,31.727317275258514,34.44996546450089,-0.21967815170940172
2022-05-19,640.1313983443639,654.5102366712766,638.0417662383117,646.9974365234375,9216948,0.0,0.0,AXISBANK.NS,-0.014026883666697354,-0.01412619013325492,-0.17071623278011294,701.9081787109375,725.6322570800781,733.8172442626953,,688.2525598235148,718.532304160097,701.9081787109375,815.2999332864605,588.5164241354145,0.3230956926125816,32.32680743499441,-30.750374967338985,-25.769081281995163,-4.981293685343822,25.08298066854476,31.383124665578976,34.24742751249569,-0.23062363549795614
2022-05-20,656.5004467690176,672.4216398698957,654.759066273609,669.78466796875,9708672,0.0,0.0,AXISBANK.NS,0.03521997176334568,0.034613937240053474,-0.14150888191482758,695.5048736572265,725.7427099609375,733.7605249023437,,686.493712980204,716.6206321525933,695.5048736572265,800.2159252206552,590.7938220937979,0.301108031099246,41.23738739000337,-28.325918444277818,-26.280448714451694,-2.0454697298261237,23.003995315618447,33.56990172580222,34.76832805082538,-0.20352622166480863
2022-05-23,669.6852195413005,681.4270879153256,665.2571253335335,672.0236206054688,7919353,0.0,0.0,AXISBANK.NS,0.0033427946977477863,0.0033372199795232323,-0.13863912235722886,690.2682983398438,725.8412231445312,733.8386389160156,,685.1156089445149,714.8717297389805,690.2682983398438,788.1213048352,592.4152918444876,0.2835216588410661,42.04484439923491,-25.92500707263389,-26.209360386088132,0.2843533134542433,22.758779835582516,33.57893441804557,34.774362581324894,-0.20086377334169453
2022-05-24,666.4014312821012,678.0935571217883,657.9432976959444,660.7792358398438,8088546,0.0,0.0,AXISBANK.NS,-0.016732127295606358,-0.016873690663395866,-0.15305152220940288,684.4645202636718,725.6392224121093,733.758037109375,,682.7978591250225,712.7504554684261,684.4645202636718,774.1199517493563,594.8090887779873,0.2619724728789365,39.136313377651454,-24.645497437149174,-25.89658779630034,1.251090359151167,21.984041465181917,32.67538786956013,34.75248609198876,-0.21423502241267187
2022-05-25,664.7098331766917,669.3369543631273,656.7989779553019,661.724609375,5169619,0.0,0.0,AXISBANK.NS,0.0014306949793219115,0.0014296725103712634,-0.1518397972744835,678.9916137695312,725.0431726074219,733.6540521240235,,680.7908829583537,710.749441896135,678.9916137695312,759.2267390445788,598.7564884944836,0.23633613036723503,39.51515695977541,-23.28675784030804,-25.37462180510188,2.08786396479384,21.25195606365723,32.6296356053452,34.75384336949598,-0.21311083240431067
2022-05-26,669.6353884807904,681.8747925296007,664.7097576209751,679.8846435546875,10114633,0.0,0.0,AXISBANK.NS,0.027443492235901035,0.02707367048510009,-0.12856331933618548,674.8794677734375,724.8919189453125,733.7809234619141,,680.7045744437189,709.5390576474508,674.8794677734375,744.9620871101223,604.7968484367526,0.2076892917424246,46.41505077940759,-20.508178417163208,-24.40133312751415,3.8931547103509416,20.2568750781509,33.96209477638894,35.06572766038042,-0.19151584564288368
2022-05-27,685.6064154574395,690.3827615023986,680.8798109967388,684.9098510742188,5539060,0.0,0.0,AXISBANK.NS,0.00739126492585207,0.007364083382402298,-0.12212229996329405,670.3270050048828,724.4590612792969,733.9744659423828,,681.105076979957,708.5732064092848,670.3270050048828,722.2358140577696,618.418195951996,0.15487607888483823,48.176792195836015,-17.69664603659237,-23.060395709329796,5.363749672737427,19.258250813659394,33.613660999311435,35.0687196281876,-0.1855401250696767
2022-05-30,691.6762689272873,694.5620093056062,686.7008963677916,690.2334594726562,3818060,0.0,0.0,AXISBANK.NS,0.007772714014972815,0.0077426620962567074,-0.1152988076607866,668.5881103515625,724.3695031738281,734.124722290039,,681.9744467411665,707.854000647064,668.5881103515625,714.8013578121514,622.3748628909735,0.1382413080492524,50.050356142843356,-14.867532008217381,-21.421822969107314,6.554290960889933,18.913524801712065,33.80023050538806,34.83713411906468,-0.1792095613851728
2022-05-31,685.6064670185244,692.5719899055051,679.6857604176829,681.8251953125,10410424,0.0,0.0,AXISBANK.NS,-0.012181768421629768,-0.01225657429520719,-0.12607603270820267,666.491000366211,723.6003137207031,734.0137731933594,,681.9602323193888,706.8332631829635,666.491000366211,705.3887467494112,627.5932539830108,0.11672399585839095,47.150883642159094,-13.152303833426686,-19.76791914197119,6.6156153085445055,18.373343255801053,33.69368410609244,34.83359515006774,-0.18920824043106652
2022-06-01,679.6358723739336,689.0393383918984,677.1481861646586,682.6708374023438,6966674,0.0,0.0,AXISBANK.NS,0.0012402623071976482,0.0012394938172560954,-0.12499213775221407,665.4387054443359,722.541552734375,733.7839099121094,,682.0279089939559,705.8857170739196,665.4387054443359,701.1002724109613,629.7771384777105,0.10718212413812919,47.48041597022759,-11.59112166272348,-18.13255964612165,6.541437983398168,17.20768765007461,33.72530600690483,34.70411050212105,-0.18820264597268674
2022-06-02,678.6408489407437,689.7359545625463,678.6408489407437,688.143798828125,6347433,0.0,0.0,AXISBANK.NS,0.008016984358972579,0.007985019069697386,-0.1179772134065955,664.9013641357421,721.8579345703125,733.4321508789062,,682.6103746924481,705.1899555740845,664.9013641357421,698.7167003727883,631.086027898696,0.10171534624838767,49.66780797736614,-9.799291168375476,-16.465905950572417,6.666614782196941,16.152199555582644,33.92905341536253,34.715896562034466,-0.1816944792827945
2022-06-03,693.8654176769472,694.5619819547526,669.8344056016065,673.9639282226562,8475726,0.0,0.0,AXISBANK.NS,-0.020605970190556655,-0.020821235495779522,-0.13615214865453096,665.0953979492188,720.7812634277344,732.9047607421875,,681.7869036000869,703.9654054818717,665.0953979492188,699.0800406325137,631.1107552659238,0.1021947912677927,44.49686955843884,-9.41492030323002,-15.055708821103938,5.6407885178739186,16.557333396948852,34.000392729690425,34.880819373121,-0.19855645844946115
2022-06-06,673.6654446318437,680.6309662159248,666.9984332544603,668.8890991210938,6756864,0.0,0.0,AXISBANK.NS,-0.0075298230202699434,-0.007558315255396802,-0.14265677009160282,665.5183013916015,719.6956359863282,732.3236376953125,,680.5585412687543,702.5898640559589,665.5183013916015,699.4690384685189,631.5675643146842,0.10202795927903471,42.78025960929762,-9.411312171366149,-13.926829491156381,4.5155173197902325,16.212616435458795,33.41951059881115,34.703892594558816,-0.20459118647807506
2022-06-07,668.8891334514536,674.66055377043,657.8437693605109,662.5703735351562,8312778,0.0,0.0,AXISBANK.NS,-0.00944659674412418,-0.009491498844240966,-0.15075574585585239,665.8217987060547,718.5731909179688,731.5579272460938,,678.8453824369831,701.0204722708294,665.8217987060547,699.5408410083014,632.1027564038079,0.10128548619998831,40.676120500188894,-9.805291748170134,-13.102521942559132,3.297230194388998,15.985170015398328,33.413177444224345,34.690677024788556,-0.21210509278613898
2022-06-08,666.699953347861,670.2324558791412,652.221630686989,655.3560791015625,9282494,0.0,0.0,AXISBANK.NS,-0.010888344426119967,-0.0109480562860783,-0.1600026097968772,665.1376831054688,717.3263623046874,730.7155963134766,,676.6083059288478,699.2297117543876,665.1376831054688,699.135980748562,631.1393854623756,0.10222935343058054,38.3564893361979,-10.577723260332732,-12.597562206113853,2.019838945781121,15.974504810654675,33.45011693996518,32.77050579407012,-0.22068396390746933
2022-06-09,653.7142356598122,659.4856558842811,646.7984554127238,658.0427856445312,5682743,0.0,0.0,AXISBANK.NS,0.00409961336843323,0.004091232850329348,-0.15655894526655145,665.7173095703125,715.8397204589844,729.8643103027343,,674.8401611398654,697.6145381814521,665.7173095703125,698.7558786321715,632.6787405084535,0.09925705276668786,39.734830868808125,-10.848036621017172,-12.247657089094519,1.3996204680773463,15.064718891018897,33.49566134725469,32.387806256270494,-0.21748906946767002
2022-06-10,652.2714612658638,660.4310858954262,648.9877269258496,657.4458618164062,6758832,0.0,0.0,AXISBANK.NS,-0.0009071200857255768,-0.0009075317681329564,-0.15732404758842577,666.9487182617188,714.3053161621094,729.0682513427735,,673.1835612042978,696.0392959710581,666.9487182617188,696.4732053948788,637.4242311285587,0.0885360038178356,39.52338123577654,-10.983814099341089,-11.994888491143833,1.0110743918027438,14.727104347289217,32.81630416322565,32.34110535795623,-0.21819890085005575
2022-06-13,643.7635129454565,648.7886274374442,636.9472156183159,645.753662109375,6135431,0.0,0.0,AXISBANK.NS,-0.01778427759013912,-0.017944318164586765,-0.17231043064464813,667.446255493164,712.2853149414062,728.3443347167969,,670.5711898619243,694.0673103294235,667.446255493164,695.0325659819547,639.8599450043733,0.08266226759608576,35.534527559718626,-11.897731882641892,-11.975457169443445,0.07772528680155233,14.751989116735388,27.699159526517896,32.387761786596045,-0.23210266861761428
2022-06-14,641.8230603247755,652.4703697514875,639.9323944579144,647.5447387695312,5391833,0.0,0.0,AXISBANK.NS,0.002773622149204069,0.0027697827570011407,-0.17001473252241894,667.2372894287109,710.0881896972656,727.7283825683594,,668.3781945197916,692.2428957584474,667.2372894287109,695.3827054437013,639.0918734137206,0.08436403798441328,36.590257017908996,-12.335299735612807,-12.047425682677318,-0.2878740529354893,14.751989037145936,27.75766018380981,32.32024795092888,-0.22997281157097732
2022-06-15,650.7787202077128,653.1171209788685,644.0122257836513,647.2959594726562,4638336,0.0,0.0,AXISBANK.NS,-0.0003841885849427129,-0.0003842624042847509,-0.17033360338785442,666.7919921875,707.6194091796875,726.9850604248047,,666.3703626105406,690.4802708060635,666.7919921875,695.9366124380905,637.6473719369095,0.08741742729986207,36.500841459845,-12.55739597759873,-12.149419741661601,-0.40797623593712906,13.963039897189974,26.805300406761113,31.914483759450935,-0.23026864722686732
2022-06-16,654.261549862231,654.9581142295235,627.9418145307525,631.7728881835938,5960283,0.0,0.0,AXISBANK.NS,-0.023981412307453542,-0.024273647983440498,-0.19023017532264952,666.0307647705079,704.6501086425782,726.0427258300781,,663.0753650460695,688.1780205071432,666.0307647705079,698.0097581816734,634.0517713593423,0.09602857736514457,31.352494259786425,-13.82660645830947,-12.484857084991177,-1.3417493733182937,15.142910022265685,27.489911927465894,32.11814130563546,-0.2487278921636938
2022-06-17,626.8970109589428,637.6438047141892,623.5137329551917,632.0714111328125,6849201,0.0,0.0,AXISBANK.NS,0.00047251623930399944,0.00047240463865982365,-0.1898475459303911,664.1451019287109,701.7066784667969,725.1103411865234,732.3512490844727,660.1226075305211,685.9777613159929,664.1451019287109,699.4651350581843,628.8250687992376,0.10636239890018671,31.55243794403154,-14.639620172794025,-12.915809702551746,-1.7238104702422792,15.462760988523542,25.026694181057273,32.12111125854006,-0.24837290389260497
2022-06-20,632.1211024758242,634.0117683984502,619.1353918564027,625.205322265625,5305222,0.0,0.0,AXISBANK.NS,-0.010862837246319867,-0.010922268650503643,-0.19864810018365586,661.8041870117188,698.8130004882812,724.2724877929687,731.5763345336914,656.7971517910072,683.594528412057,661.8041870117188,700.9268961175875,622.6814779058501,0.11823046717948896,29.429295310371657,-15.657485640239429,-13.464144890089283,-2.1933407501501456,15.604914349539627,24.892690143196752,32.11846503748999,-0.25653770670754367
2022-06-21,628.8870938788785,642.1713143687429,625.0560812875101,633.3649291992188,10333886,0.0,0.0,AXISBANK.NS,0.013051083608861314,0.012966652039380848,-0.18818958953903286,660.4334716796875,695.7163269042969,723.5948419189453,730.8300283813477,654.5655115441701,681.624740207632,660.4334716796875,701.5762241822362,619.2907191771388,0.12459317786516742,35.02478947122147,-15.62561688481469,-13.896439289034365,-1.7291775957803246,15.978062981967696,25.218243465898688,32.14041763135781,-0.24683471815774805
2022-06-22,629.434386106133,630.5290045373313,618.1900559871955,623.7127075195312,5899024,0.0,0.0,AXISBANK.NS,-0.015239589744716509,-0.015356905716795285,-0.20056124714494794,658.5328765869141,692.3708850097656,722.3470178222656,729.9737664794922,651.6271492561093,679.3536801022163,658.5328765869141,702.8165343695188,614.2492188043094,0.13449186625919368,31.81156033096177,-16.192556576410652,-14.355662746509623,-1.8368938299010296,16.269474952697742,24.79165072483537,32.17639946517741,-0.25831264806298776
2022-06-23,624.3097753526043,637.6934789991874,615.2048192414707,626.2501220703125,8450777,0.0,0.0,AXISBANK.NS,0.004068242510037123,0.0040599895871660345,-0.197308936426412,655.8511505126953,689.2523205566406,720.9091351318359,729.1112850952148,649.2102895241286,677.271187630377,655.8511505126953,701.1743090828261,610.5279919425645,0.1382117223845701,33.53775585639863,-16.2497947002322,-14.734489137254139,-1.515305562978062,16.1095523387385,22.966262589943444,32.152017190027536,-0.2552952840486808
2022-06-24,631.2255100959366,639.285650309898,628.5388574258127,630.8772583007812,6918584,0.0,0.0,AXISBANK.NS,0.007388639247162043,0.007361476965011902,-0.19137814173074597,653.1495208740234,685.9795190429687,719.6085723876953,728.295323791504,647.4642865504765,675.4518178527458,653.1495208740234,697.6128884051067,608.6861533429402,0.13615065497279644,36.6854208328427,-15.74034025805804,-14.935659361414919,-0.8046808966431218,16.066909144318572,22.26960772960534,32.184570339927006,-0.2497929295568562
2022-06-27,640.8279521291221,643.7136923564328,631.5737717996283,633.9619140625,4552114,0.0,0.0,AXISBANK.NS,0.004889470528747664,0.004877555889456927,-0.18742440898583723,650.3359436035156,682.8758801269531,718.2557678222656,727.4808551025391,646.1783463135263,673.8247628021479,650.3359436035156,691.9490207737718,608.7228664332594,0.12797409578710325,38.76739500983519,-14.915748537379272,-14.93167719660779,0.015928659228517716,15.782598404728033,22.272836572281264,31.641644425467263,-0.24612481419546636
2022-06-28,630.877308451652,641.5246190219543,628.8871592136342,639.1861572265625,10711123,0.0,0.0,AXISBANK.NS,0.008240626208260604,0.008206857637381474,-0.18072827727433305,648.2039916992187,679.7612976074219,716.8671405029297,726.7569384765625,645.5124235433393,672.4663861129093,648.2039916992187,687.3183161573057,609.0896672411317,0.12068523168316728,42.23204952836571,-13.682972110228434,-14.68193617933192,0.9989640691034865,15.398786591597172,21.13453068693293,31.211047006456198,-0.2399124105815682
2022-06-29,633.2156650541649,634.6585352973302,620.4289813914728,622.4688720703125,13620084,0.0,0.0,AXISBANK.NS,-0.02615401627091951,-0.026502115431300193,-0.20215552324080444,645.1938934326172,676.3332653808594,715.0904345703125,725.915354309082,643.3177995935272,670.5056992877094,645.1938934326172,682.3572267846376,608.0305600805967,0.11520051175407389,35.34103037166241,-13.89476293207349,-14.524501529880235,0.6297385978067442,15.832356260420918,22.262568837088743,31.46436692747277,-0.2597917537625418
2022-06-30,620.9265102391556,636.1511384875367,620.5782584454937,633.6634521484375,10563138,0.0,0.0,AXISBANK.NS,0.017984160462341192,0.017824358540032895,-0.18780696014677445,642.4698760986328,673.1908203125,713.4709503173829,725.1523806762696,642.39833793209,669.0609052822477,642.4698760986328,673.926244165216,611.0135080320496,0.09792324663562584,42.148457235133826,-13.009336100425685,-14.221468443989327,1.212132343563642,16.127322051311378,22.647562157250583,31.53996495512162,-0.24647972988665923
2022-07-01,629.8822409640816,643.4152316420075,628.6881392608444,640.7783203125,6549359,0.0,0.0,AXISBANK.NS,0.011228149800875498,0.011165582038091879,-0.178687535028074,640.810595703125,670.0493713378906,711.9325659179688,724.4339373779297,642.2440505397482,667.9517843030419,640.810595703125,668.554012181104,613.0671792251461,0.08658850731872704,46.03705966503634,-11.59980324658352,-13.697135404508165,2.0973321579246456,15.715068207245142,20.295947334027204,31.59092710910278,-0.23801909141583055
2022-07-04,638.3900719367548,651.9231223959255,637.3452557954718,651.1270141601562,3933384,0.0,0.0,AXISBANK.NS,0.01615019347503721,0.016021166454236867,-0.16542317981531762,639.9224914550781,667.5368090820313,710.5867272949218,723.7371362304688,643.0900470750252,667.2919893954778,639.9224914550781,664.8785077210275,614.9664751891287,0.07799699682129801,51.177517721960214,-9.537740068442986,-12.86525633729513,3.3275162688521434,15.860774729165184,20.8866113588784,31.73104773993291,-0.22571295231791155
2022-07-05,652.8683277212066,656.6496592499287,642.8180999873506,645.3057861328125,5044787,0.0,0.0,AXISBANK.NS,-0.00894023424116741,-0.008980437934982214,-0.17288449208001733,639.0592620849609,664.9058288574219,709.0936175537109,723.0261553955078,643.3010698424334,666.4297853459615,639.0592620849609,661.8140790525285,616.3044451173932,0.07121347993088775,48.3853964692897,-8.277842776429338,-11.947773625121972,3.6699308486926334,16.198393591119537,20.493994020807836,31.704795072251308,-0.23263525989409142
2022-07-06,648.7885840372777,656.1521597450092,647.793509521883,654.7092895507812,6684686,0.0,0.0,AXISBANK.NS,0.014572166591472868,0.014467012885806882,-0.16083162710821663,639.0269226074219,662.5763598632813,707.6418035888672,722.3064678955078,644.3875669575142,665.970158059876,639.0269226074219,661.6858548547734,616.3679903600703,0.07091698783173742,52.85952795045265,-6.446272343060173,-10.847473368709611,4.4012010256494385,15.04339887064994,20.9617954077217,31.82317055073859,-0.22145309306484579
2022-07-07,661.1870615193391,662.2334679262885,649.4273221098198,655.9051513671875,11171714,1.0,0.0,AXISBANK.NS,0.001826553915596385,0.0018248877945245582,-0.15929884083086654,638.9200408935546,660.4519116210937,706.1427410888672,721.5691262817382,645.4844797584354,665.5754519150647,638.9200408935546,661.2186003717317,616.6214814153776,0.06980078273015702,53.41259862185061,-4.842423085487098,-9.64646331206511,4.804040226578012,14.94883273189789,19.264859031752916,30.237159600187763,-0.220031035163508
2022-07-08,664.725045547193,674.4916082638993,659.1441699453557,666.8677368164062,12669533,0.0,0.0,AXISBANK.NS,0.01671367487565556,0.016575538464898516,-0.1452476349889269,639.3911346435547,658.2700842285157,704.8130096435547,720.9438150024414,647.5209804306231,665.6261297543331,639.3911346435547,663.6496173288399,615.1326519582694,0.07587994693986101,58.24848029287697,-2.6561534822031945,-8.248401346092727,5.592247863889533,15.21383847151677,19.80485460820894,29.66508510606076,-0.20699488747212932
2022-07-11,664.2765040355632,679.624001698429,663.080584857279,677.5311279296875,14864123,0.0,0.0,AXISBANK.NS,0.0159902639227798,0.01586376635720579,-0.13157991908377964,640.9800079345703,657.3204797363281,703.8929113769532,720.3743078613281,650.3790897162482,666.0929924278764,640.9800079345703,670.5699720256466,611.3900438434939,0.09232726052228708,62.34314423881583,-0.062353749998692365,-6.61119182687392,6.548838076875228,15.172994454368004,20.252596268059072,29.618277424157114,-0.1943145264306949
2022-07-12,674.6908749013098,682.9127356368132,670.7045181810657,673.8936157226562,6446810,0.0,0.0,AXISBANK.NS,-0.005368775037903117,-0.00538323870194004,-0.13624227113661647,642.2974517822265,656.3230041503906,702.7016003417968,719.8214410400391,652.6185683835251,666.3988992237502,642.2974517822265,675.2709183135421,609.3239852509109,0.1026735087919837,60.175155596590216,1.6803641974638595,-4.952880622006365,6.6332448194702245,14.961090471776872,20.007054281978508,29.565229850073976,-0.19864007048959495
2022-07-13,677.6806892816021,682.6636355263198,674.6411042377205,677.5810546875,9614674,0.0,0.0,AXISBANK.NS,0.005471841369040886,0.005456925232805237,-0.131515925862993,643.8117065429688,655.8002905273438,701.5461694335937,719.1685974121094,654.9959480315227,666.8374151242894,643.8117065429688,680.3415020440692,607.2819110418683,0.11347974921814326,61.6317717126434,3.320746732443695,-3.298155151116353,6.6189018835600475,13.981187617915932,20.073080768369124,29.46223582488538,-0.19425515607580826
2022-07-14,676.2854385335281,678.1291651362578,663.3297783253994,665.9707641601562,8026311,0.0,0.0,AXISBANK.NS,-0.017134910203028597,-0.01728341159350473,-0.14639732248609105,645.5216003417969,655.1418933105468,700.4164331054687,718.5278549194336,656.0411686152021,666.8034288119704,645.5216003417969,682.8709870283681,608.1722136552257,0.11571847221470222,54.831530448504104,3.6419264345065585,-1.9101388339917706,5.552065268498329,14.107177515864,20.50056681348192,29.157037792025868,-0.2080615216230026
2022-07-15,667.7147901490255,671.9004771183407,656.851943112824,659.94140625,6015057,0.0,0.0,AXISBANK.NS,-0.009053487382077119,-0.009094719249091594,-0.15412540355627047,646.9151000976562,654.9390563964844,699.1806298828125,717.8624383544922,656.4126198185162,666.5343298879716,646.9151000976562,684.231177172263,609.5990230230495,0.1153662267860917,51.64470600823982,3.3710850978824283,-0.8538940476169309,4.2249791454993595,14.265184655140088,19.802542908156777,26.99173238043602,-0.2152313266443701
2022-07-18,665.7714388475823,685.6534066266436,661.1871526108129,682.1653442382812,12464664,0.0,0.0,AXISBANK.NS,0.033675622983811326,0.03312101602131803,-0.12564004955484787,649.7631011962891,655.3737426757813,698.1526373291016,717.346700744629,658.8652602394462,667.1473108428856,649.7631011962891,688.7593727925153,610.7668296000629,0.12003227491505601,60.709364715370015,4.893320299331663,0.29554882177278774,4.597771477558875,15.199080410020331,22.029923622777154,27.56368168330216,-0.18880375267094018
2022-07-19,676.2853660685873,701.4492418534154,676.2853660685873,698.2103271484375,10171314,0.0,0.0,AXISBANK.NS,0.023520665547840824,0.023248316973348834,-0.10507452159200081,653.00537109375,656.2079406738281,697.3816174316406,716.9462643432618,662.6124094688739,668.3654683450641,653.00537109375,696.7543104933088,609.2564316941912,0.13399258669582342,65.70751501702253,7.310132039176665,1.6984654652535633,5.6116665739231015,15.656701835001643,22.764013833347928,27.821003034388976,-0.16972387704384986
2022-07-20,703.8909589906716,712.0630028189298,700.3032621036211,703.2930297851562,11620331,0.0,0.0,AXISBANK.NS,0.007279615381051485,0.007253246872075732,-0.09855980831448707,656.9843872070312,656.8930334472657,696.6808276367187,716.6488577270508,666.4867542609009,669.7351766368324,656.9843872070312,703.8784293851845,610.0903450288779,0.14275542338991962,67.13381124183726,9.525796922734457,3.2639317567497423,6.261865165984715,15.533830094176592,22.488093616577316,27.373492508067294,-0.1636797862086585
2022-07-21,705.535321568989,715.9995079504253,701.9475640277394,713.109375,8036515,0.0,0.0,AXISBANK.NS,0.013957688757191944,0.01386117723448,-0.0859777866857172,661.3273498535157,658.2262158203125,696.5448919677734,716.3925717163086,670.9270038551008,671.4361255922507,661.3273498535157,712.1597594723527,610.4949402346787,0.15372843609173706,69.75059267573178,11.936230886560907,4.998391582711976,6.93783930384893,15.485605204285362,22.731012619355504,27.446992959630222,-0.1520066889632107
2022-07-22,714.5545864359711,732.4931953004725,712.6610422805895,728.2576904296875,9713490,0.0,0.0,AXISBANK.NS,0.021242625550516037,0.021020146162837348,-0.06656155506342798,666.1963714599609,660.1350158691406,696.2843060302735,716.1580447387695,676.3870692431567,673.6644222525424,666.1963714599609,723.047054661639,609.3456882582828,0.17067244925723782,73.28540168500648,14.897134728547371,6.978140211879055,7.918994516668316,15.860911377101738,23.31761500429027,27.284379274220612,-0.13399308458751394
2022-07-25,730.9981270719521,736.2800372971251,720.0356466386986,724.8690795898438,6230411,0.0,0.0,AXISBANK.NS,-0.004653038181916647,-0.004663897262315678,-0.07090487978818671,670.7417297363281,661.9163391113282,696.1455633544922,715.8886636352539,681.0044035618888,675.6724480304758,670.7417297363281,731.1651857181483,610.3182737545079,0.1801690674757122,71.27884345665623,16.776846734577248,8.937881516418695,7.8389652181585525,16.03325647680519,22.573808481634668,27.142586457597474,-0.13802264783073206
2022-07-26,720.4343711354031,720.9824830407537,699.6554494118315,704.0404663085938,14135744,0.0,0.0,AXISBANK.NS,-0.0287343106054897,-0.029155223614009726,-0.09760178755439775,673.9844451904297,662.9626672363281,695.7204205322265,715.533299255371,683.1983142996703,676.7849193355001,673.9844451904297,734.2382405044837,613.7306498763758,0.17879877122988988,60.34231246340453,16.396824634420227,10.429670140019002,5.967154494401225,17.059489088649165,24.483679334893502,26.882550567573542,-0.1627909728028614
2022-07-27,705.535321760373,718.0923210907121,701.2001223335591,716.497802734375,6106880,0.0,0.0,AXISBANK.NS,0.017694063085744505,0.01753934554023292,-0.08163469665492218,678.6858917236328,664.1685852050781,695.5452301025391,715.2494262695312,686.3696941505946,678.3422873119267,678.6858917236328,736.644912804277,620.7268706429886,0.1707977778452058,63.90901730252187,16.90597575647439,11.724931263310081,5.181044493164309,17.35135001298375,24.830675852664957,26.80846219217029,-0.14797734345968042
2022-07-28,722.5272396386962,731.1975786797572,720.5838783459953,723.4241943359375,6964838,0.0,0.0,AXISBANK.NS,0.009667010247804253,0.00962058366858428,-0.07275684985625741,683.1739288330078,665.6971203613281,695.6646887207031,714.9760546875,689.8986941682463,680.1102052344369,683.1739288330078,740.3496960690658,625.9981615969499,0.16738275517546497,65.75329014309123,17.664755301724426,12.91289607099295,4.751859230731476,17.073729945031637,23.471334152692812,26.68519693075248,-0.13974083170754367
2022-07-29,731.3968305520227,732.4432370356699,720.5339840549813,722.2780151367188,6624854,0.0,0.0,AXISBANK.NS,-0.001584380517257733,-0.001585636975383355,-0.07422595583810587,687.2489135742187,666.7469873046875,696.2448486328125,714.6710797119141,692.9824390223864,681.763844838448,687.2489135742187,743.3084808339471,631.1893463144903,0.1631419596378141,65.15990445632167,17.966499849185197,13.9236168266314,4.042883022553797,16.742718240712968,23.51054297290824,26.657098559013683,-0.1411038095735786
2022-08-01,723.5238177006465,729.8023180029003,717.9429420601949,728.3074340820312,5493105,0.0,0.0,AXISBANK.NS,0.008347781351438766,0.008313131325038622,-0.06649779653660515,691.1079345703125,667.8726635742188,696.856943359375,714.3464984130859,696.346724266162,683.589083632314,691.1079345703125,747.3234526834266,634.8924164571985,0.16268231140499156,66.85444696977595,18.47914224697365,14.834721910699852,3.6444203362738,16.717800989781388,23.07041793070127,26.67048655387015,-0.13393393197231512
2022-08-02,724.5203731412562,731.8452796805994,718.6404723296756,727.9586181640625,7275626,0.0,0.0,AXISBANK.NS,-0.00047894048810359635,-0.000479055216732755,-0.06694488853757774,695.240576171875,669.2162512207032,697.4277368164062,714.0328604125976,699.3573808278668,685.3290653786571,695.240576171875,749.3932605338647,641.0878918098853,0.15578113884021141,66.65247322468504,18.642370864354916,15.596251701430866,3.0461191629240503,17.034571528871407,23.00364655078165,26.648723840614743,-0.1343487260776663
2022-08-03,727.5101892365568,735.9811982893112,725.0187159857467,728.0084838867188,9458761,0.0,0.0,AXISBANK.NS,6.850076558206908e-05,6.849841951176421e-05,-0.06688097354811229,698.9055358886719,670.5419287109376,697.7925506591797,713.682405090332,702.0860573096622,687.0027680652478,698.9055358886719,751.4046582842967,646.4064134930471,0.15023238391972712,66.66797626246719,18.56178575483011,16.189358512110715,2.3724272427193966,16.76050692120756,22.263535791749362,26.647258455049094,-0.1342894283026756
2022-08-04,732.6923823476906,734.1872661279863,709.7708310498222,719.1387329101562,7466635,0.0,0.0,AXISBANK.NS,-0.012183581885211514,-0.012258410124095925,-0.07824970561553768,702.0672149658203,671.3270104980469,698.1094647216797,713.2316278076172,703.7101216525664,688.2630019807344,702.0672149658203,751.168988327414,652.9654416042266,0.13987769921426738,61.21648226385473,17.579560468555428,16.46739890339966,1.1121615651557697,17.42964271211094,22.83034005480258,26.507642482012695,-0.1448368839418432
2022-08-05,721.5306072248198,728.7060618930041,718.7401695280204,726.0152587890625,4583196,0.0,0.0,AXISBANK.NS,0.009562168694597917,0.009516740524483657,-0.06943577380633814,705.0245910644531,672.1491186523438,698.3040899658204,712.8731964111328,705.8344204274707,689.7434826398846,705.0245910644531,752.2903765593745,657.7588055695318,0.13408265780789014,63.695080212599954,17.158228642372137,16.605564851194156,0.5526637911779808,16.304920711278093,22.86108108363823,26.553424464189835,-0.13665966996469714
2022-08-08,727.5101896498355,744.8009896894869,725.6166456473508,743.0071411132812,8191870,0.0,0.0,AXISBANK.NS,0.02340430468714927,0.02313462364065815,-0.047656565125540395,708.2983917236328,673.2045922851562,698.7870477294922,712.5840524291992,709.374679540405,691.83225356041,708.2983917236328,756.6048410055913,659.9919424416743,0.13640140891582586,68.97188859205119,17.988067782851317,16.88206543752559,1.1060023453257273,15.87781130108581,23.489014465259736,26.68806035700345,-0.1164537898318469
2022-08-10,742.4589664526334,745.2992213894796,733.6391762154975,736.4794311523438,9069541,0.0,0.0,AXISBANK.NS,-0.008785527890292855,-0.008824348178849369,-0.05602340493376723,711.4276824951172,674.2976770019532,698.9489953613281,712.2473434448242,711.9560844558277,693.5831232698976,711.4276824951172,758.4412753952441,664.4140895949903,0.13216689217164274,65.05968166889008,17.912505428418626,17.0881534357042,0.8243519927144263,15.721194837049365,23.82666227873446,26.620027824720673,-0.12421620970364176
2022-08-11,740.5156209586502,758.0556280395675,740.5156209586502,756.26171875,12384073,0.0,0.0,AXISBANK.NS,0.02686061111944915,0.02650619741123363,-0.03066761670783147,715.3617156982422,675.7694946289063,699.1555236816406,711.9652651977539,716.1756686743204,696.0411074063721,715.3617156982422,763.6018700919036,667.1215613045807,0.1348692649747848,70.51744990641414,19.22724726189938,17.51597220094324,1.7112750609561402,16.258641477373505,22.764094228647004,26.839181446108324,-0.10069212188777406
2022-08-12,756.1122668581132,759.4009991773435,750.8303560633518,757.9559326171875,4614341,0.0,0.0,AXISBANK.NS,0.002240248084998786,0.0022377424706916094,-0.028496071692433844,719.9609741210937,677.1657373046875,699.5118359375,711.5503573608398,720.1547414307839,698.4691397675806,719.9609741210937,765.8567875202018,674.0651607219856,0.12749528113002592,70.93616399177102,20.173352684807696,18.04744829771613,2.125904387091566,15.45424791266698,22.536711955867517,26.760201870955154,-0.09867744913600891
2022-08-16,762.390774093221,769.3668988234858,755.8631266895836,762.0419921875,7051498,0.0,0.0,AXISBANK.NS,0.005390893315134537,0.005376414462424098,-0.02325879765969363,725.0660034179688,678.9272985839843,699.8542810058593,711.1718005371093,724.144003407614,700.9621928036559,725.0660034179688,765.2046029990529,684.9274038368847,0.11071709166302196,71.97010357836331,21.01066108517614,18.640090855208133,2.3705702299680063,15.25848944662953,22.484398826131994,26.77572171189187,-0.09381851542177629
2022-08-17,768.768866945772,771.1108270331126,763.6364086773798,769.4664306640625,7674390,0.0,0.0,AXISBANK.NS,0.009742820674816244,0.009695665433451165,-0.013742583279587661,729.4310577392578,680.9388452148437,700.3172406005859,711.1010269165039,728.4604250510853,703.6486335040639,729.4310577392578,768.9082103177409,689.9539051607746,0.10824094247052096,73.79433925831749,22.019497105416576,19.315972105249823,2.703525000166753,14.105289780029555,22.306325709873242,26.749376714212808,-0.08498975171869194
2022-08-18,769.3668588310784,773.3532156125866,759.5006014660548,762.4405517578125,9449924,0.0,0.0,AXISBANK.NS,-0.009130845253621511,-0.009172786924968394,-0.022747947131898205,732.6425689697265,682.9362487792969,700.7547198486328,711.1401556396485,731.6966275945831,705.9541989257796,732.6425689697265,771.8752971807112,693.4098407587419,0.10709923193831174,69.20432117284903,21.998492284246822,19.852476141049223,2.146016143197599,13.888176593556611,22.31724544162884,26.491271885266983,-0.09334456870122632
2022-08-19,769.3669264387377,770.0147338034493,747.6911095345374,754.9163818359375,7553270,0.0,0.0,AXISBANK.NS,-0.009868533231250587,-0.00991754995403072,-0.03239199149093497,735.2237365722656,684.9274548339844,701.1269085693359,711.2230108642578,733.9080327604263,707.8742845300995,735.2237365722656,773.0952974592257,697.3521756853055,0.10302050655634039,64.57220360521805,21.13112176353127,20.108205265545635,1.0229164979856336,14.43273718809445,22.592622979243245,26.532243346166055,-0.10229192795429208
2022-08-22,750.8303565131084,751.8767630479931,736.6787771629648,739.3197021484375,4994311,0.0,0.0,AXISBANK.NS,-0.02066014205383815,-0.020876548638247665,-0.05238291039916365,736.5342529296875,686.5529931640625,701.1963568115234,711.1763876342774,734.4234298449987,709.1074381621912,736.5342529296875,772.9704833744428,700.0980224849321,0.0989396767355331,56.178145001343765,18.96656788461121,19.87987778935875,-0.9133099047475426,14.884762308971883,23.764271380647532,26.68900420127075,-0.12083870424563359
2022-08-23,735.4828932845968,748.289041282675,731.2972061167675,744.5020141601562,6594634,0.0,0.0,AXISBANK.NS,0.007009568386530329,0.006985115564699143,-0.04574052360536174,737.346469116211,688.2941162109375,701.2997161865235,711.1382623291015,735.3832950178709,710.4954607503468,737.346469116211,773.7300528996386,700.9628853327833,0.09868789044867136,58.12595843446212,17.46795292189529,19.39749281586606,-1.9295398939707695,15.251366539200612,23.481667346688607,26.577866629199804,-0.1146761630202527
2022-08-24,742.4589718300164,749.4849136933476,739.4692041582177,747.5914306640625,6875820,0.0,0.0,AXISBANK.NS,0.0041496415659685315,0.0041410555478084855,-0.04178068881739516,738.4825866699218,690.3308715820312,701.3080932617188,711.141704711914,736.5459746032225,711.9502046685317,738.4825866699218,774.6440470450789,702.3211262947648,0.09793449711041073,59.28772678256083,16.341208579088857,18.78623596851062,-2.445027389421764,15.02357383807247,23.195800996749504,26.56873836351949,-0.11100238642697882
2022-08-25,751.3286401681897,756.0125608585573,737.4760256263093,740.8145751953125,6320890,0.0,0.0,AXISBANK.NS,-0.0090649186049796,-0.009106254976490384,-0.050466868878985105,740.3212921142579,692.1962683105469,701.1422290039062,711.0995703125,736.9525079929454,713.0821407676211,740.3212921142579,772.6450003417359,707.9975838867798,0.087323459616205,55.64097789574326,14.731603218082682,17.975309418425034,-3.243706200342352,15.564577618692722,23.341336385624924,26.574385850044628,-0.11906107743403939
2022-08-26,745.448777420549,752.4249023429338,738.7716171151558,742.359375,4613713,0.0,0.0,AXISBANK.NS,0.002085271883696782,0.0020831007220665984,-0.04848683413801991,741.614370727539,694.0975366210937,700.8584729003907,711.0746133422851,737.467447707903,714.2302676002635,741.614370727539,771.9321929278123,711.2965485272658,0.08176169016393467,56.30082447430636,13.42586677187819,17.065420889115668,-3.639554117237477,14.795781200808003,23.334150165597062,26.57804289302272,-0.11722408026755853
2022-08-29,727.5100923266657,732.3934035785527,719.5871962790828,726.2145385742188,5904146,0.0,0.0,AXISBANK.NS,-0.021748006382732443,-0.0219879799511745,-0.06918034854244015,741.7538879394531,695.9863696289062,700.3182391357421,710.998784790039,736.3957420761236,714.7002390110068,741.7538879394531,771.7431566911407,711.7646191877654,0.08086042888159571,48.22671214323504,10.961945376676908,15.844725786627915,-4.882780409951007,15.710515940517537,23.71781653790847,26.80754148143714,-0.13642269660442216
2022-08-30,730.4999273100934,750.9798244301302,730.4999273100934,748.9368286132812,9193270,0.0,0.0,AXISBANK.NS,0.031288674120561355,0.03080916014107865,-0.04005623580297002,743.0868286132812,698.3236779785157,700.0151782226562,711.0151733398437,737.5901312701386,716.0428503679587,743.0868286132812,771.772759658733,714.4008975678295,0.07720748085115244,57.47091041297235,10.719204510314285,14.81962153136519,-4.100417021050905,16.109154641501487,24.794063613844024,27.29402835947525,-0.10940250778056484
2022-09-01,730.9981781316083,752.3252113404039,730.9981781316083,741.6118774414062,9353805,0.0,0.0,AXISBANK.NS,-0.00978046597793536,-0.00982860889930041,-0.049444933129430324,743.75205078125,700.6518090820313,699.7324047851563,711.0511584472656,737.9731547150213,717.0455573120156,743.75205078125,771.5997081799569,715.904393382543,0.07488425038816436,54.11639579504603,9.822540153894124,13.820205255870977,-3.997665101976853,16.799653786845315,23.491370081805236,26.987298898393085,-0.11811296625325159
2022-09-02,746.4453161376152,751.9763740717708,737.72516057526,747.6412353515625,7767812,0.0,0.0,AXISBANK.NS,0.008130071933256877,0.008097200940608004,-0.0417168520592508,744.736181640625,702.9373352050782,699.3268310546875,711.1272415161133,738.8939242994538,718.2453878233704,744.736181640625,771.6078457582929,717.864517522957,0.07216425032142441,56.37365511239981,9.489061985384865,12.953976601773757,-3.464914616388892,16.276440687508675,22.72821027610676,27.02467445797174,-0.11094316123188405
2022-09-05,747.6412174438831,756.2118600890922,746.7940801419297,753.5210571289062,5894055,0.0,0.0,AXISBANK.NS,0.007864496364461404,0.007833732403035523,-0.034180437726146096,746.0118103027344,705.5335021972656,698.9521936035156,711.2466546630859,740.2869845689255,719.6287474039796,746.0118103027344,771.9458305309057,720.077790074563,0.06952710364638118,58.516905243313985,9.588698069384918,12.28092089529599,-2.692222825911072,16.33695046130659,22.739792203566374,27.032280317046347,-0.10395117695559272
2022-09-06,755.4146697591146,758.9525495167326,746.2460362721037,747.4419555664062,7606181,0.0,0.0,AXISBANK.NS,-0.00806759347331687,-0.008100312600775544,-0.041972277323148344,747.4269714355469,707.9573388671874,698.604829711914,711.3709973144531,740.9684103782093,720.719461449565,747.4269714355469,770.0662622974573,724.7876805736364,0.06057927189442542,55.48206014281319,9.07254504110142,11.639245724457076,-2.5667006833556556,16.280003397787066,22.662986218064162,26.994489947329292,-0.11118013459215904
2022-09-07,740.6153289926856,755.4146550948194,736.5292765520527,752.8235473632812,10156460,0.0,0.0,AXISBANK.NS,0.0072000130000688944,0.00717421665513778,-0.03507446526544866,748.7673858642578,710.3962646484375,698.1878918457031,711.5909078979493,742.0974710434543,721.9784452108871,748.7673858642578,769.1287551566602,728.4060165718554,0.054386367987704166,57.57948841785172,8.994061586315524,11.110208896828766,-2.1161473105132416,16.98118509044093,21.963622249603944,26.847009317329164,-0.10478062000650316
2022-09-08,759.1519075413858,779.5321711137026,754.517742915131,777.0905151367188,13410790,0.0,0.0,AXISBANK.NS,0.03223460246219867,0.0317259691915307,-0.003970474247655953,750.4715545654296,713.2588366699218,698.0673583984375,711.9620059204102,745.4301419094795,724.1397028550374,750.4715545654296,774.2256273260045,726.7174818048547,0.06330439206141532,65.47788445063438,10.765901760802308,11.041347469623474,-0.2754457088211666,17.899471490718756,23.647069031794945,25.023570121090067,-0.07592357917595689
2022-09-09,785.2625590606332,785.2625590606332,777.3396618799218,782.173095703125,8732302,0.0,0.0,AXISBANK.NS,0.006540525804142661,0.00651922937470594,0.002544082567215167,752.7562377929687,716.1185754394531,697.9399365234375,712.4577749633789,748.9294708422077,726.4155221824134,752.7562377929687,779.4515104447979,726.0609651411395,0.07092673912632855,66.86926988425492,12.436855312939088,11.320449038286597,1.1164062746524905,16.888644323218937,21.74079639749788,25.037322883160844,-0.06987963350055741
2022-09-12,786.3088740088073,802.2543011116475,784.1163656167713,798.2679443359375,15521649,0.0,0.0,AXISBANK.NS,0.020577093128400392,0.02036824488125327,0.02317352551952756,754.8565490722656,719.6345568847656,697.9839111328125,713.0377502441406,753.6283730797057,729.2332642276496,754.8565490722656,788.4354566141417,721.2776415303895,0.0889676524185828,70.87274324553289,14.888195960530652,12.033998422735408,2.854197537795244,17.020330090043924,21.918488127227942,24.772919480667348,-0.0507404600984764
2022-09-13,802.254317296896,806.1908568577237,800.4106515817256,802.8024291992188,9887516,0.0,0.0,AXISBANK.NS,0.005680404550195695,0.005664331889686289,0.02898556506952854,757.0988739013671,723.0173364257812,698.1040783691407,713.6428857421874,758.3116165196594,732.1183295206523,757.0988739013671,796.9524750213828,717.2452727813514,0.10527977915129674,71.90287680399322,17.000821232375074,13.027362984663341,3.973458247711733,16.37254990117811,21.85454615393111,24.741649018019512,-0.04534828188870309
2022-09-14,791.6905137224703,808.5826526177709,791.6905137224703,800.3109741210938,10494713,0.0,0.0,AXISBANK.NS,-0.003103447358287381,-0.0031082730377881363,0.025792162535897667,759.0123229980469,726.2079895019531,698.1286804199219,714.2616842651368,762.3115553388436,734.7925508775324,759.0123229980469,803.2939472460716,714.7306987500222,0.11668222743239622,70.4290196880024,18.263521866677706,14.074594761066216,4.188927105611491,16.863723426904592,21.890069312295573,23.670078746122826,-0.04831099324136009
2022-09-15,802.7526138112515,803.7492030276528,784.9635206292796,787.3054809570312,5996899,0.0,0.0,AXISBANK.NS,-0.01625054957961214,-0.01638403790848153,0.009122476140230429,759.9042755126953,728.9315588378906,698.2341839599609,714.9057586669921,764.6919292072424,736.8518814688854,759.9042755126953,805.7630943354509,714.0454566899398,0.12069630425967885,63.151983134505706,18.007210693950583,14.861117947643091,3.1460927463074917,16.881519653056387,22.56876988930853,23.70847643655284,-0.06377646263006317
2022-09-16,783.3689341975145,789.8965813396402,773.4528594199302,786.6078491210938,11467351,0.0,0.0,AXISBANK.NS,-0.0008861005706317648,-0.0008864933898110776,0.008228292138285243,761.1126403808594,731.7576000976562,698.3317144775391,715.5993325805664,766.7791596752282,738.8030958866191,761.1126403808594,808.5009439262265,713.7243368354923,0.12452375911574418,62.77727808655489,17.54553517633792,15.398001393382058,2.147533782955863,17.080836559622956,22.574056530132644,23.675110870739854,-0.06460605084076551
2022-09-19,786.6078952792717,799.2645911195029,784.0167875191531,795.3778686523438,11427799,0.0,0.0,AXISBANK.NS,0.011149163514003968,0.011087469723053866,0.01946919422677995,763.1357147216797,734.5709716796875,698.5736657714843,716.3141189575196,769.5028462444773,741.0217144264514,763.1357147216797,812.8098091860961,713.4616202572633,0.13018416909640465,65.54494871165917,17.68347716729579,15.855096548164806,1.8283806191309857,16.543381193868147,22.69066177739248,23.550748981592037,-0.05417719075157934
2022-09-20,804.0481265383211,813.4160890245587,799.2645107094452,809.9778442382812,8274079,0.0,0.0,AXISBANK.NS,0.018356024427326645,0.01818958628722212,0.03818259565891369,766.6686218261718,737.6524255371094,699.0521685791016,716.9827450561523,773.3576079581729,743.7258763798565,766.6686218261718,819.1803816713231,714.1568619810206,0.1369868502510784,69.59769190263113,18.75470068652794,16.435017375837432,2.3196833106905075,16.06287651646125,22.634985161556152,22.913966851025638,-0.03681564416109253
2022-09-21,806.4898754891874,813.2168531346024,800.6099744016615,803.799072265625,6567084,0.0,0.0,AXISBANK.NS,-0.007628322202401616,-0.00765756667129722,0.030263004314301956,769.6334747314453,740.3910522460938,699.3305682373046,717.6378909301758,776.2567950350731,746.0816879832199,769.6334747314453,823.5526309388927,715.7143185239979,0.14011645277321608,66.05652320002315,18.887356099087242,16.925485120487394,1.9618709785998476,15.440008339614483,22.820152062302217,22.628697056398373,-0.04416312476774433
2022-09-22,802.254337560139,806.0413645037225,781.6249281431966,786.5082397460938,7804275,0.0,0.0,AXISBANK.NS,-0.021511386509559527,-0.02174612891229201,0.008100618621996958,771.5793151855469,742.5705944824218,699.945537109375,718.2220062255859,777.2331231027894,747.667042954313,771.5793151855469,824.9553166237241,718.2033137473696,0.1383551901604349,57.27420322912116,17.396722205955143,17.019732537580946,0.3769896683741969,16.166095687044137,23.126404742260306,22.98727391904736,-0.06472450123095504
2022-09-23,786.3089617813182,786.3089617813182,761.643376478292,765.978515625,10278805,0.0,0.0,AXISBANK.NS,-0.026102363692618535,-0.026449077056247407,-0.01821319036402813,772.8375122070313,744.4122924804688,700.3676483154297,718.7527291870117,776.1612557239523,748.385139921791,772.8375122070313,824.312548158375,721.3624762556876,0.13321050062475306,48.95236751754528,14.39289461385897,16.494364952836552,-2.101470338977581,17.269458781375516,24.34093042466106,23.157751306391155,-0.08913740245261985
2022-09-26,756.4112263924375,760.8958779323136,738.472620232933,740.067138671875,11090327,0.0,0.0,AXISBANK.NS,-0.03382781164819304,-0.034413211842656506,-0.0514248896390741,772.722900390625,745.6620141601562,700.73115234375,719.0349835205078,772.7237207666116,748.0589437943435,772.722900390625,824.4930291808971,720.9527716003529,0.13399403269684748,40.87903594771363,9.808442417364972,15.157180445742238,-5.348738028377266,18.326557506192525,25.170743056262335,23.89993434599578,-0.1199498908398365
2022-09-27,743.8042867043664,751.5777307247913,728.008373030323,734.9844970703125,11358306,0.0,0.0,AXISBANK.NS,-0.00686781149435145,-0.006891503448606586,-0.05793952468526653,773.1613983154297,747.0422888183593,701.0920910644531,719.2415734863281,769.1295089860116,747.5462203934011,773.1613983154297,823.3987473357208,722.9240492951385,0.12995307093641434,39.5028068938718,5.699405128051467,13.265625382204085,-7.5662202541526185,18.66112744559978,25.21981898386405,23.79848174557987,-0.12599390909513192
2022-09-28,731.3968414383884,731.3968414383884,705.2861921177687,714.00634765625,13170668,0.0,0.0,AXISBANK.NS,-0.028542301909336265,-0.02895755399411887,-0.0848280991885525,771.4148742675782,748.1235876464843,701.5313220214844,719.3589447021484,763.8796840974629,746.230931266454,771.4148742675782,827.3085547125983,715.5211938225581,0.14491211489301006,34.360974460633585,0.7416528241561764,10.760830870594505,-10.019178046438329,18.874676102894245,26.375044165999455,23.63371988859343,-0.1509400548123374
2022-09-29,719.786644820212,728.3074714408485,708.5750148385888,716.5477294921875,12090981,0.0,0.0,AXISBANK.NS,0.0035593266702456106,0.0035530072578688703,-0.08157070343413497,770.1616668701172,748.8112353515625,702.0924890136719,719.5183779907227,759.3718788969605,745.0668841380515,770.1616668701172,829.8631454207748,710.4601883194596,0.1550362245196654,35.45701456169971,-2.9483466159052796,8.01899537329455,-10.967341989199829,19.700419865633194,26.19538820024791,23.63440204449835,-0.14791797310479377
2022-09-30,717.5442889883074,735.2337488904496,711.963413293636,730.6992797851562,9536017,0.0,0.0,AXISBANK.NS,0.019749626871329085,0.019557133313359485,-0.06343206751926189,769.3145690917969,749.4610144042969,702.8344775390625,719.6692120361328,756.6411551720269,744.503448673232,769.3145690917969,830.8151463011211,707.8139918824727,0.1598840830011261,41.331724431153496,-4.676873827729082,5.479821533089823,-10.156695360818905,19.928214879082564,26.864049172940934,23.65552047324709,-0.13108967100984764
2022-10-03,728.5067120515447,739.4691933546459,718.5906372528893,720.2848510742188,6405645,0.0,0.0,AXISBANK.NS,-0.01425268780064981,-0.014355232883608376,-0.07678067786500997,767.6527587890625,749.8008508300782,703.3469421386719,719.7336434936524,753.1786500198547,743.5536997477805,767.6527587890625,832.6471240432033,702.6583935349217,0.16933272110339698,38.55081375754463,-6.808615969743073,3.022134032523244,-9.830750002266317,20.85361799193759,27.015500028869766,23.796864535673006,-0.1434739786557042
2022-10-04,730.8985770794079,741.9606933751628,729.503327804727,740.2664794921875,5438934,0.0,0.0,AXISBANK.NS,0.027741286503760954,0.02736346853442846,-0.051169386143855244,767.2939849853516,750.3439929199219,704.2851043701172,719.8900225830079,751.9489194934102,743.4247891495219,767.2939849853516,832.8350176117237,701.7529523589794,0.17083682111133297,46.05092381760117,-6.807217193309384,1.0562637873567184,-7.863480980666102,21.19531109234069,27.655243407313623,23.80626550849643,-0.11971284489966555
2022-10-06,747.4419551684598,757.8065079442553,743.455598074228,752.5245361328125,9376433,0.0,0.0,AXISBANK.NS,0.016558978395231128,0.016423373451048492,-0.035457720508277446,767.2790344238281,750.8293298339844,705.4821728515625,720.1218713378906,752.0037401257343,743.7816419723961,767.2790344238281,832.834100281746,701.7239685659101,0.17087672910845306,50.07653348831298,-5.750695488950214,-0.30512806790466795,-5.445567421045546,21.106335810461733,27.996275624063323,23.924465664668215,-0.10513618891675956
2022-10-07,751.2290145617336,754.9164071979324,739.7682374227551,753.12255859375,7500540,0.0,0.0,AXISBANK.NS,0.0007946883220721901,0.000794372724497641,-0.03469121002262043,766.0806365966797,751.3943994140625,706.6553692626953,720.4599499511719,752.1102942655453,744.1479524281355,766.0806365966797,831.7566902962817,700.4045828970777,0.1714598974629315,50.271488169900046,-4.809695832081843,-1.206041620740103,-3.6036542113417402,21.01379637156654,27.975229013821874,23.898325329498388,-0.10442505109624675
2022-10-10,745.4488012564514,776.0441051311705,742.4590333369737,774.2003784179688,14106654,0.0,0.0,AXISBANK.NS,0.027987237380826535,0.027602751956710646,-0.007674883771725094,765.6820007324219,752.79759765625,707.880132446289,720.9758093261719,754.2141118038714,745.3264789375407,765.6820007324219,831.042811293142,700.3211901717018,0.17072573339375474,56.690973775813404,-2.336212515713555,-1.4320757997347935,-0.9041367159787617,22.323601242555608,28.931157906003445,24.210309458836388,-0.07936038240895578
2022-10-11,777.3396083789139,792.786741622341,771.858367550601,782.8706665039062,15953495,0.0,0.0,AXISBANK.NS,0.011199023311839085,0.011136778539577173,0.00343818833783871,764.9121368408203,754.1250549316406,709.1468200683594,721.5773107910156,756.9433074895891,746.7988000185746,764.9121368408203,829.0073318306471,700.8169418509934,0.16758838539168106,59.03366169139471,0.31997218078322476,-1.08166620363119,1.4016383844144147,22.53004079252168,29.063870583743128,24.264251989093886,-0.06905011786975102
2022-10-12,786.8071863065097,808.03452444932,780.7778337130018,805.9417114257812,21228018,0.0,0.0,AXISBANK.NS,0.029469803773469083,0.02904391609242707,0.033009314846960125,765.0691009521485,755.7754052734375,710.7362628173828,722.2767535400391,761.6098221501788,749.1181298776808,765.0691009521485,829.5690896583029,700.569112245994,0.1686121910449201,64.53155806306918,4.237807396241806,-0.01777148365659076,4.255578879898397,23.57645593562006,29.22764817746673,24.68581128284857,-0.0416152075204385
2022-10-13,804.2475337078446,812.1704304989873,792.8863918005101,799.2645874023438,13024911,0.0,0.0,AXISBANK.NS,-0.00828487213005158,-0.008319382424255815,0.024450964764300975,765.0167816162109,757.31513671875,712.0310620117187,722.8957934570312,765.1959902694327,751.084657623746,765.0167816162109,829.3979941463597,700.6355690860621,0.16831320325845395,61.94064988507626,6.7263942395749154,1.3310616609897106,5.395332578585204,23.209856102616584,28.20748029229096,24.453077359600297,-0.04955530297751765
2022-10-14,812.7683707735199,817.9008298687482,791.7403614092467,797.7697143554688,8220645,0.0,0.0,AXISBANK.NS,-0.0018703106210841147,-0.0018720618358782028,0.02253492324412254,765.5399932861328,758.7043823242187,713.2885229492188,723.5635809326172,768.298249706198,752.915444162245,765.5399932861328,830.8473008134708,700.2326857587948,0.17061762442221193,61.34680723221778,8.48023856905013,2.7608970426017945,5.719341526448336,23.30239933059514,28.004982083561426,24.408834777116432,-0.05133292978911185
2022-10-17,800.7595292507689,814.2134852493816,794.3813331872989,811.3732299804688,9463827,0.0,0.0,AXISBANK.NS,0.0170519328826495,0.01690818054402761,0.03997112012544646,766.7782623291016,760.3726745605469,714.794462890625,724.27625,772.4006287799382,755.2079063511949,766.7782623291016,834.6560562488011,698.9004684094022,0.17704673503267956,64.66661129995703,10.842872967424682,4.377292227566373,6.46558073985831,22.754274807024835,28.276508341559207,24.457320931812266,-0.03515632257989595
2022-10-18,817.2031878991659,820.0933210652114,808.7819965413942,813.5656127929688,8470882,0.0,0.0,AXISBANK.NS,0.002702064514197522,0.002698420500641934,0.04278118918492768,767.6876495361328,762.0838171386719,716.3128729248047,724.9834625244141,776.3211034478459,757.4964438587155,767.6876495361328,837.6345538954773,697.7407451767882,0.1822275098514591,65.18557410257509,12.745265236465457,6.05088682934619,6.694378407119267,21.878701009121187,28.237051306526062,24.35421082163853,-0.03254925271739131
2022-10-19,815.6584507568261,835.5902349486871,814.1137496473525,827.01953125,10868663,0.0,0.0,AXISBANK.NS,0.016536980233031295,0.01640173338816082,0.060025641097855686,768.5397338867188,764.2414331054688,717.7842218017578,725.7825726318359,781.1495251432891,760.2228394426874,768.5397338867188,841.0249344885476,696.0545332848899,0.188630977438866,68.26588412057588,15.163745378451836,7.87345853916732,7.290286839284516,21.33058080934794,28.321180606297926,24.465690788629228,-0.01655053883314753
2022-10-20,822.086492004441,829.0626167149702,814.1635953463724,823.033203125,11813817,0.0,0.0,AXISBANK.NS,-0.004820113642267754,-0.004831767854864156,0.05491619704404638,769.5014404296875,766.1817919921875,719.1654553222656,726.5699606323242,785.1384468558331,762.6859909596409,769.5014404296875,844.4257041014282,694.5771767579467,0.1947345637973159,66.39150834902077,16.567762102191068,9.612319251772071,6.955442850418997,20.985335435514944,28.400059896059886,24.490594482141244,-0.021290876997398737
2022-10-21,857.166442606848,902.9099163417085,852.9309380323974,897.3290405273438,58057724,0.0,0.0,AXISBANK.NS,0.09027076565106684,0.08642607424687124,0.15014428984892425,775.04248046875,769.2682299804687,721.2364111328125,727.6805667114257,795.823265300739,767.9661105505313,775.04248046875,869.1884105778624,680.8965503596376,0.24294392238260917,78.33245524009367,23.40570226710588,12.370995854838833,11.034706412267047,25.02864812265029,37.18918553243121,28.31747410277481,0.0
2022-10-24,912.8757307591613,915.3173865275703,901.9132492762457,906.3480834960938,3085307,0.0,0.0,AXISBANK.NS,0.010050987498910757,0.01000081225114974,0.16170437572813934,782.0609588623047,772.6656030273438,723.4816400146484,728.747706604004,806.3494384622013,773.3928545876122,782.0609588623047,892.8240934190708,671.2978243055386,0.28325959326213557,79.29420547751893,29.215798960576535,15.739956475986375,13.47584248459016,24.822204543969576,37.21518970467518,28.336056838165945,0.0
2022-10-25,902.6109458988665,907.4941969982309,888.5590001991408,899.7706298828125,13187308,0.0,0.0,AXISBANK.NS,-0.007257094413340326,-0.007283555219770997,0.15327377739308967,790.0461334228515,775.53578125,725.6526379394531,729.7182739257812,815.2466947879738,778.3488457756592,790.0461334228515,910.6516821756371,669.440584670066,0.30531267390744793,76.62308037650884,32.91022828732923,19.174010838254947,13.736217449074285,24.62644415098001,37.08882592928471,28.388755908278533,-0.007257094413340367
2022-10-27,905.8996382375723,916.8123028107809,898.1760714649197,912.0286865234375,11967044,0.0,0.0,AXISBANK.NS,0.013623534969374962,0.013531568943643612,0.1689854430286677,798.8983428955078,778.617236328125,727.8914868164062,730.6618188476563,824.4640273342084,783.5911924716506,798.8983428955078,928.1657479656706,669.630937825345,0.323614152463126,78.1034717688057,36.40752953418166,22.620714577440292,13.78681495674137,24.704744357679544,37.18666992288202,28.04120539151411,0.0
2022-10-28,911.8791633658477,914.8191138175054,895.8341007783994,899.9699096679688,7320207,0.0,0.0,AXISBANK.NS,-0.013221927153887703,-0.013310115037826257,0.15352920265698744,808.1965209960938,781.3757946777343,730.1515466308593,731.5281536865234,831.6550637469475,788.1550637342514,808.1965209960938,938.5018167634264,677.8912252287612,0.32245943253191117,73.19297970253838,37.77072603786996,25.650716869526228,12.120009168343735,24.978804590817308,37.48138771924713,28.186551011512122,-0.013221927153887677
2022-10-31,904.9030295534112,914.8689219493739,899.0231287090013,902.9098510742188,9038777,0.0,0.0,AXISBANK.NS,0.0032667107807355933,0.003261386672802689,0.15729744893920028,817.5146270751953,784.0446630859375,732.4917541503906,732.4076959228515,838.4412339685924,792.6552514730737,817.5146270751953,946.8750414962515,688.1542126541392,0.31647241562849127,73.62830392813044,38.64284710265008,28.249142916151,10.393704186499079,23.71171326554415,36.980312165498646,28.07328437065068,-0.00999840858512778
2022-11-01,900.9166754418196,900.9166754418196,866.0360519457314,868.7766723632812,29191921,0.0,0.0,AXISBANK.NS,-0.03780352896839945,-0.03853661732733339,0.11354752130317247,824.4184967041016,786.1713854980469,734.5538171386719,733.0558721923828,841.3303233395152,795.640405233474,824.4184967041016,948.9172215642878,699.9197718439153,0.3020279757378395,61.20174601337855,36.16288385620453,29.83189110416171,6.330992752042821,24.85067219816896,38.97077865771027,28.89914869017601,-0.0474239624249415
2022-11-02,872.0155730650307,874.0087515177507,858.6612531010146,860.6046142578125,11029140,0.0,0.0,AXISBANK.NS,-0.009406396793825933,-0.009450916343121523,0.10307305146901347,831.4344848632812,788.2851501464844,736.6063024902344,733.6609494018554,843.1659700936386,798.1880212736442,831.4344848632812,946.6969464483219,716.1720232782405,0.27726168130732304,58.64957193564218,33.15587800107494,30.496688483544357,2.6591895175305815,24.000015603913102,39.08010615591408,28.80736080523701,-0.056384270610662965
2022-11-03,854.973978653849,877.3972377426342,853.0804346666695,861.1029663085938,10185978,0.0,0.0,AXISBANK.NS,0.0005790720181195752,0.0005789044206160525,0.10371181020706088,837.4763092041015,790.7208154296875,738.636904296875,734.2506072998046,844.8742554474438,800.6552740201128,837.4763092041015,945.0273812838831,729.92523712432,0.2568456466117664,58.76250684943217,30.461871548815566,30.4897250965986,-0.027853547783035282,24.35949877373363,38.80853737855904,28.812165674272507,-0.05583784914591615
2022-11-04,866.0359926738124,869.9227147853023,859.3588330390104,865.1390380859375,7323879,0.0,0.0,AXISBANK.NS,0.004687095429070087,0.004676145200469068,0.10888501278769303,843.1070343017578,793.1335559082031,740.7138360595703,734.8910437011718,846.804234746348,803.1840490815176,843.1070343017578,943.4838808351046,742.730187768411,0.2381117520066159,59.72196018379073,28.32600473741695,30.056981024762273,-1.730976287345321,23.24545686564723,38.698058378575126,28.805932802436264,-0.05141247104434694
2022-11-07,873.2613888299827,873.8095007888157,858.3623663786991,869.97265625,9931261,0.0,0.0,AXISBANK.NS,0.005587099820112851,0.005571549870440182,0.11508046404316508,848.9495391845703,795.5811804199219,742.9560260009765,735.6501803588867,849.0107510800291,805.8032101469483,848.9495391845703,940.4867473546935,757.4123310144471,0.21564817211172807,60.89539152668102,26.71538911493667,29.38866264279715,-2.6732735278604807,22.932241319078223,38.01358356940076,28.80700182991968,-0.04611261783195757
2022-11-09,872.065402882393,877.7459737196048,865.5377555214042,870.7200317382812,10190209,0.0,0.0,AXISBANK.NS,0.0008590792858971241,0.0008587104884897568,0.1160384065719331,853.775521850586,798.1792895507813,745.1877789306641,736.4580807495117,851.0783016189102,808.3489678564124,853.775521850586,938.6546959311864,768.8963477699855,0.19883253128790138,61.08417622014235,25.20868159650388,28.552666433538498,-3.3439848370346184,22.996305152962748,36.96939267743169,28.800415434605608,-0.045293152940858394
2022-11-10,840.8223266601562,853.7779863596132,838.1315236341042,840.8223266601562,18956575,0.0,0.0,AXISBANK.NS,-0.03433676036881572,-0.03494011876756891,0.0777172632430776,856.6731048583985,800.1485485839844,747.123042602539,737.0540515136719,850.1015420990288,809.6224329075396,856.6731048583985,935.0696936980419,778.276516018755,0.1830256801457582,50.567189204301066,21.355932205784256,27.113319587987654,-5.757387382203397,23.750868434995514,37.01555375678595,29.0710638623362,-0.07807469317079575
2022-11-11,844.1111304030767,851.7848801175921,841.2708752514038,847.7985229492188,19329819,0.0,0.0,AXISBANK.NS,0.008296873272588767,0.008262643423023675,0.08665894679988662,858.7659454345703,802.5802282714844,749.2832989501953,737.6630123901367,849.8822069419041,811.1195344778016,858.7659454345703,933.6147104476772,783.9171804214634,0.17431703110963584,52.61716702020087,18.65052959844172,25.42076159007847,-6.770231991636749,23.469692155626806,36.87078404976667,28.97954823703642,-0.07042559573324139
2022-11-14,847.5991175076656,850.9875451300805,844.4598371861053,848.097412109375,6985306,0.0,0.0,AXISBANK.NS,0.0003525473942989077,0.0003524852640684325,0.08704204558007245,861.2075866699219,804.5634399414063,751.4435589599609,738.2769500732422,849.7122264816633,812.5696473260987,861.2075866699219,930.8915008012225,791.5236725386212,0.16182837961460886,52.70765707310234,16.34221353311807,23.60505197868639,-7.26283844556832,18.230477493288713,35.51080388627714,28.953522129891564,-0.07009787669921014
2022-11-15,848.3466503204905,856.9172940575455,844.3104757795168,855.721435546875,7124767,0.0,0.0,AXISBANK.NS,0.00898956102051729,0.008949395451270489,0.0968140763806824,864.1051727294922,806.8456311035156,753.7487200927734,739.0106039428711,850.2845321069216,814.2618743151487,864.1051727294922,927.1892295726987,801.0211158862858,0.14601013588181558,55.06500279287456,14.955651949509956,21.875171972851106,-6.91952002334115,17.846082655988873,35.51339370651328,28.888128536629644,-0.06173846481868912
2022-11-16,855.07359067231,858.6612877009816,847.6988057692853,852.4824829101562,6521854,0.0,0.0,AXISBANK.NS,-0.0037850549281248647,-0.003792236375705821,0.09266257485564089,866.1606353759765,808.9424560546875,755.9398956298828,739.7673687744141,850.4938607548487,815.7607217110314,866.1606353759765,924.5117002754073,807.8095704765458,0.13473497297438866,53.837223895358605,13.440501758289315,20.188237929938747,-6.747736171649432,17.2766030226036,35.38621778254756,28.83961355797228,-0.06528983626629711
2022-11-17,852.4823896727785,858.4619246178942,849.7915867820815,855.2728271484375,4909607,0.0,0.0,AXISBANK.NS,0.0032731983286691246,0.003267853075892008,0.0962390761694576,868.24599609375,810.9774914550782,758.2554968261719,740.3012573242188,850.949000411381,817.31021604191,868.24599609375,921.435539113905,815.0564530735951,0.12252182736103678,54.772806226397805,12.32284172710149,18.6151586893713,-6.292316962269808,16.564753486171558,34.90229051990356,28.776023558087317,-0.06223034452057389
2022-11-18,856.3691658483367,862.846996241784,852.0838440611451,856.26953125,7065304,0.0,0.0,AXISBANK.NS,0.0011653639282398487,0.0011646854187863614,0.09751659364555243,869.70849609375,813.15404296875,760.5556909179687,740.7324130249024,851.4557176341066,818.8380323245802,869.70849609375,919.6334750615274,819.7835171259726,0.1148085345653465,55.12267901032236,11.386260072852679,17.169378966067576,-5.783118893214898,15.97747771056677,34.306572415595106,28.777086792778857,-0.06113750159108026
2022-11-21,857.0667487717732,867.9794131453679,856.0701595290153,867.0824584960938,7209207,0.0,0.0,AXISBANK.NS,0.012627948153554946,0.012548880561445885,0.11137597628777463,871.9109588623047,815.4392211914062,762.9177429199219,741.2631576538085,852.9439786685815,820.729970605816,871.9109588623047,916.7983923358282,827.0235253887812,0.10296334279842971,58.842493589475296,11.38528277279795,16.012559727413652,-4.627276954615702,15.696296308851052,34.21109966116108,28.730549371528763,-0.04928159463785541
2022-11-22,871.9657701163994,874.008765898657,865.3882446180094,867.0824584960938,5535233,0.0,0.0,AXISBANK.NS,0.0,0.0,0.11137597628777463,870.3986297607422,817.2390600585937,765.2489483642578,741.7523580932617,854.290500556916,822.5477152289641,870.3986297607422,913.6900066881028,827.1072528333816,0.09947482784815657,58.842493589475296,11.254770269646315,15.061001835860186,-3.806231566213871,13.678205034005357,34.22026706309349,28.651603254657026,-0.04928159463785541
2022-11-23,870.9193545489853,874.806016059264,865.7868956711931,871.7166137695312,5861417,0.0,0.0,AXISBANK.NS,0.005344538144013589,0.005330306784204569,0.11731576758538509,868.6670562744141,819.0299304199219,767.5742529296875,742.2206967163086,855.9501303866889,824.4759073285942,868.6670562744141,908.5394518843929,828.7946606644354,0.0918013301459494,60.47106263469125,11.393933597882665,14.327588188264683,-2.9336545903820177,13.226178031957845,33.51633778533564,28.620087064627054,-0.044200443856181604
2022-11-24,875.0052938819715,877.7957314009379,870.1219826035483,875.5534057617188,4928778,0.0,0.0,AXISBANK.NS,0.004401421209120127,0.004391763283485879,0.12223354490211968,867.4561950683594,820.5756396484375,770.1050982666015,742.597766418457,857.8171089938346,826.4789464828344,867.4561950683594,904.7382028534485,830.1741872832704,0.08595709615550338,61.818152045342266,11.679188175246509,13.797908185661049,-2.11872001041454,12.037388440631057,33.45032574782472,28.618053696175107,-0.0399935674181027
2022-11-25,879.9883079947771,888.7582812318203,877.8954948999872,884.7221069335938,7614047,0.0,0.0,AXISBANK.NS,0.010471892532812888,0.01041744206925299,0.13398545398105233,866.0908660888672,822.214033203125,772.6156848144532,743.043317565918,860.3794897500022,828.7629919907074,866.0908660888672,898.1315499303624,834.0501822473719,0.07398919696771782,64.89674921710403,12.500988428484561,13.538524234225752,-1.0375358057411912,12.2260308494746,32.633821202112024,28.440080611096334,-0.02994048322529603
2022-11-28,884.6722734429534,896.4320142155716,882.2804349552773,888.6586303710938,7928147,0.0,0.0,AXISBANK.NS,0.004449446223451892,0.004439576702709272,0.1390310612767176,865.5253021240235,823.980986328125,775.094487915039,743.5135269165039,863.0727412377253,831.1118405546441,865.5253021240235,895.3722552041429,835.6783490439041,0.0689684126087918,66.1583925925498,13.316412280839359,13.494101843548474,-0.17768956270911573,12.133491195915862,32.44877576639738,28.36342490770796,-0.02562425557185934
2022-11-29,891.3495251048546,898.8239451135815,886.9645077022737,889.5057983398438,5661158,0.0,0.0,AXISBANK.NS,0.0009533109112958016,0.0009528567990328712,0.1401169120157375,864.8550994873046,826.0249926757813,777.478275756836,744.032501525879,865.5901752474508,833.4017996834755,864.8550994873046,891.6092202947603,838.1009786798489,0.06186960295040368,66.43795518336749,13.871103487104847,13.56950217225975,0.30160131484509733,12.108578282566375,32.416685391595124,27.90139637347372,-0.024695372542993966
2022-11-30,891.947403440859,902.0129308137005,882.4299880052944,898.1760864257812,10452798,0.0,0.0,AXISBANK.NS,0.00974730923859024,0.009700110678028019,0.15122998412530153,866.3250701904296,828.256357421875,780.0069787597656,744.5502981567383,868.6935953596727,835.9419677910169,866.3250701904296,896.9386630270017,835.7114773538576,0.07067460908142195,69.23874670988508,14.839262273944996,13.8234541925968,1.0158080813481956,11.179609332868447,32.22636833881837,27.710558995587093,-0.01518877673734253
2022-12-01,906.3979043571615,906.3979043571615,896.432012060766,900.7671508789062,7053100,0.0,0.0,AXISBANK.NS,0.002884806768165049,0.002880653698405545,0.1545510601752207,868.3331970214844,830.3641430664062,782.4675573730469,745.054680480957,871.7482196948379,838.4841318336792,868.3331970214844,902.4368907677438,834.2295032752249,0.07854978679437868,70.04330161938313,15.635377436260455,14.185838841329533,1.4495385949309227,11.108419249936983,32.22597587058208,27.700876402796847,-0.012347786655109614
2022-12-02,895.2361321565979,903.9064710008336,888.3597026661215,902.0628051757812,7988851,0.0,0.0,AXISBANK.NS,0.0014383898165144515,0.0014373563248062566,0.15621175466282278,870.3811889648438,832.2058422851562,784.9291339111328,745.5359375,874.6353230739753,840.9774131412125,870.3811889648438,907.4474708875888,833.3149070420988,0.08517252530889013,70.4593721831434,16.18429048527537,14.5855291701187,1.5987613151566684,11.75263784927533,31.995269409568305,27.638542707370085,-0.010927157769176314
2022-12-05,903.9065021106746,904.2054667375967,894.5385382872236,896.1331176757812,5098164,0.0,0.0,AXISBANK.NS,-0.006573475223650815,-0.006595175662383575,0.14861142534025285,871.9308929443359,834.0525231933593,787.2217877197265,746.0173986816407,876.6827320836712,843.1403819464898,871.9308929443359,910.6300538273993,833.2317320612726,0.08876657816856104,65.94514684396056,15.956890703332306,14.859801476761422,1.0970892265708834,11.542645718728497,32.03694414087458,27.50353197666278,-0.01742880359196658
2022-12-06,894.438815942964,903.8067788474197,892.6449675304239,901.564453125,5351099,0.0,0.0,AXISBANK.NS,0.006060857859271573,0.0060425647377373845,0.15557299592477536,873.5104827880859,836.3536474609375,789.4621209716797,746.6775161743165,879.052419801893,845.4315219927059,873.5104827880859,914.3906159595219,832.6303496166499,0.09359963956231888,67.96941848962683,16.03015249743612,15.093871680896363,0.9362808165397567,11.556883531964177,18.58160878419894,27.48356704119698,-0.01147357923392313
2022-12-07,899.7207762220891,914.8689452145676,896.780825725121,911.5303955078125,9103656,0.0,0.0,AXISBANK.NS,0.011054054258981205,0.010993404740606026,0.16834676252194125,875.5510009765625,839.2646850585937,791.8384887695313,747.2700445556641,882.1455603453139,848.0236346795729,875.5510009765625,919.7814572021739,831.3205447509511,0.10103456263833435,71.33623496724387,16.699875489195506,15.415072442556193,1.284803046639313,12.229582221509459,18.629915773335018,27.00245998257045,-0.0005463545423383948
2022-12-08,912.5269413357121,940.7304040255987,910.6333974916685,936.1460571289062,17466047,0.0,0.0,AXISBANK.NS,0.02700476225741255,0.02664656799254694,0.19989768907806393,880.3171875,843.1862634277344,794.4241387939453,747.9851541137696,887.2884648008941,851.4794159520958,880.3171875,929.1001273694466,831.5342476305535,0.11083037014870625,77.59938017556371,18.99791778596955,16.131641511238865,2.8662762747306836,13.610571818173119,20.023306905725434,27.19006829477471,0.0
2022-12-09,940.7802378141974,941.7768270491702,924.4361500298539,930.515380859375,8018981,0.0,0.0,AXISBANK.NS,-0.006014741211216701,-0.006032902627902333,0.19268061499832245,884.4530303955078,847.0968811035157,797.0695849609375,748.7430090332032,891.4053139493208,854.5788655563028,884.4530303955078,935.5962214311336,833.309839359882,0.1156493092974213,73.63584904844548,20.132707030761935,16.93185461514348,3.2008524156184563,13.998530632670525,19.789102803006113,27.209741618589778,-0.006014741211216694
2022-12-12,926.7283912065303,937.9400205509244,918.8553116027852,935.4485473632812,7621788,0.0,0.0,AXISBANK.NS,0.005301542140389248,0.005287538438196293,0.19900366153876137,888.8205871582031,851.5257250976563,799.8246563720703,749.5026431274414,895.5999076077932,857.7502256271648,888.8205871582031,941.778413829983,835.8627604864232,0.11916426652784952,74.84797267281859,21.18588331652893,17.78266035542057,3.4032229611083586,14.745972608919926,19.376975014821387,27.201687554348087,-0.0007450864748223296
2022-12-13,936.9932784095946,946.0622167705923,933.4055204089592,941.3782348632812,8136559,0.0,0.0,AXISBANK.NS,0.0063388708194735965,0.006318864677564168,0.20660399086133152,893.1034271240235,856.0223352050781,802.4167852783203,750.284711303711,899.959748298792,861.0297554011302,893.1034271240235,948.5849030444867,837.6219512035602,0.12424423473354033,76.26080256259158,22.242610368722126,18.674650358080882,3.5679600106412437,15.00579946417436,19.423610097045295,27.19262359207379,0.0
2022-12-14,942.4245837850804,946.9092351016819,935.2989468068006,939.1856689453125,8573479,0.0,0.0,AXISBANK.NS,-0.0023291019876693353,-0.002331818564646765,0.2037936871078867,897.4385864257813,860.1920629882812,804.826538696289,751.1040780639648,903.6955502651273,864.0946931871765,897.4385864257813,953.1050028118206,841.772170039742,0.12405621337888151,74.59233932632628,22.642147839306517,19.468149854326008,3.1739979849805096,15.28698085685234,15.52052182699273,27.201083642760178,-0.0023291019876693687
2022-12-15,936.5447137238829,941.7269898013448,929.4190765140005,934.9501953125,7359261,0.0,0.0,AXISBANK.NS,-0.004509729836027931,-0.004519929343860019,0.19836490280071417,901.4224548339844,864.4853698730469,807.1431103515625,751.9119689941406,906.6721831267818,866.8733403293461,901.4224548339844,955.7718265612609,847.0730831067078,0.12058579511930644,71.34510622110089,22.359273056784332,20.046374494817673,2.3128985619666587,15.222912129512533,15.252632143368277,27.22572504819865,-0.006828328202972326
2022-12-16,929.0702676147883,941.9761097245242,925.9309873515905,931.9105224609375,6926928,0.0,0.0,AXISBANK.NS,-0.0032511601867161177,-0.0032564566909674374,0.19446882653957065,905.2045043945312,868.3182507324219,809.3311218261719,752.9380068969726,909.0758344919395,869.4238180599968,905.2045043945312,956.7806418100305,853.628366979032,0.11395466364807201,69.02279031847318,21.640359959164698,20.36517158768708,1.2751883714776184,15.35816520898678,15.341467637273412,27.126200160776857,-0.010057288400893155
2022-12-19,931.9106009402516,944.8662614348763,929.2198585760303,942.9727783203125,4842336,0.0,0.0,AXISBANK.NS,0.011870512879458062,0.011800610978616436,0.20864778412911988,908.9990203857421,872.1272155761719,811.4782727050781,753.8812893676758,912.3041148565464,872.3080910113817,908.9990203857421,959.9285906724277,858.0694500990566,0.11205638101804148,72.52753420133648,21.712954324921043,20.634728135133873,1.0782261897871699,15.62866274095379,15.562683768293484,27.144692214845,0.0
2022-12-20,940.5310847439807,949.5003878037909,937.2423524541128,946.5106201171875,9511818,0.0,0.0,AXISBANK.NS,0.003751796317150058,0.003744775883360115,0.213182384434347,912.9704284667969,875.9949768066406,813.6946881103515,754.9201257324219,915.5618772623218,875.2179941135702,912.9704284667969,962.5058080111686,863.4350489224252,0.1085147514088913,73.55789518752897,21.804610175621406,20.86870454323138,0.9359056323900248,15.105455065330359,15.54445689425403,26.925788794690714,0.0
2022-12-21,949.8492231848704,955.6294896993481,924.8348564626333,929.1201782226562,8368960,0.0,0.0,AXISBANK.NS,-0.01837321370190026,-0.018544097553010026,0.19089232522575372,915.8406066894531,879.0933728027344,815.9454852294922,755.8329528808594,916.8531440204489,877.331805255103,915.8406066894531,961.837195592448,869.8440177864583,0.10044671216154442,61.37290139594196,20.240663010929666,20.743096236771038,-0.5024332258413722,16.593222275353178,16.71503363833839,27.090227303730025,-0.01837321370190029
2022-12-22,932.8074785009625,932.8074785009625,909.8361099190852,916.41357421875,9202717,0.0,0.0,AXISBANK.NS,-0.01367595312396841,-0.013770330425115116,0.17460573761027254,917.8836151123047,881.7642309570313,817.9446429443359,756.7449365234374,916.8112802298109,878.8644236458342,917.8836151123047,959.7940496144636,875.9731806101458,0.09131971376791827,54.295650090854394,17.77105322619093,20.148687634655015,-2.377634408464086,17.123550864436407,13.56407312782233,26.916355940353565,-0.03179789561654489
2022-12-23,908.8893575177798,914.1214508587537,900.9166438553431,903.5077514648438,6371695,0.0,0.0,AXISBANK.NS,-0.01408296768727868,-0.014183073647415136,0.158063802962215,918.8228973388672,883.7155517578125,819.745478515625,757.705083618164,915.5442774902903,879.8308286583444,918.8228973388672,958.3800146827781,879.2657799949562,0.08610389980153496,48.21424147585036,14.60413031787948,19.039776171299913,-4.435645853420432,17.53997957251025,14.32130296960134,27.055207913182528,-0.04543305456733234
2022-12-26,904.9030008962383,929.7679138021197,902.012867862144,925.5324096679688,4764440,0.0,0.0,AXISBANK.NS,0.024376833698899425,0.02408446058039462,0.18629373169973995,920.6665863037109,886.240908203125,821.7780224609374,759.011435546875,916.4955281738787,881.623047521467,920.6665863037109,957.6581559084882,883.6750166989336,0.08035823207897858,57.05450016656224,13.71344686668374,17.97451031037668,-4.26106344369294,18.72521061700881,15.685121729240198,27.30605728648498,-0.02216373488405385
2022-12-27,929.269655124141,934.601383262467,919.4532145492958,929.0205078125,3346083,0.0,0.0,AXISBANK.NS,0.0037687477046672857,0.0037616637678384184,0.19076457347814446,922.6423217773438,888.8659240722657,823.7851531982421,760.3210482788086,917.688383377557,883.4817714544487,922.6423217773438,956.7335607768582,888.5510827778294,0.07389914421840595,58.269489680726416,13.137592198596508,17.007126688020648,-3.86953448942414,18.51521413298914,15.583488385464472,27.27827303681482,-0.01847851670435779
2022-12-28,927.7747642872207,934.2525943412428,918.1576537993037,921.5460815429688,5956496,0.0,0.0,AXISBANK.NS,-0.00804549114543307,-0.008078030758284067,0.18118428764593064,923.8108215332031,891.0693811035156,825.7210278320313,761.5743823242187,918.0557832028343,884.9744894971358,923.8108215332031,955.915279250454,891.7063638159523,0.06950439845242054,54.698380058109,11.9404573323136,15.993792816879239,-4.05333548456564,17.51506656213263,15.787272601252525,27.266064931411638,-0.026375339107265264
2022-12-29,919.6525036318719,940.7802068840708,912.676379216418,931.3624267578125,12204113,0.0,0.0,AXISBANK.NS,0.010652039449191797,0.01059570616677353,0.19376630927470062,925.3405853271485,893.4253173828125,827.7545672607422,762.773558959961,919.3230825890226,886.7936242916721,925.3405853271485,955.689501597415,894.991669056882,0.06559512627350464,58.311901972727185,11.649527840742735,15.124939821651939,-3.475411980909204,18.283863037013816,15.956620430246915,27.223966210385235,-0.016004250810729943
2022-12-30,938.039604707894,940.2819304561998,927.1767578630881,930.565185546875,3704449,0.0,0.0,AXISBANK.NS,-0.0008559946032102861,-0.0008563611757950137,0.19274445175646715,926.7657043457032,895.49623046875,829.8688317871093,763.9891482543945,920.393759061199,888.5101561056017,926.7657043457032,955.1237219757098,898.4076867156965,0.061197814068934334,57.907903795732594,11.225235887890335,14.344999034899619,-3.1197631470092837,17.85675329736899,15.986371810393429,26.947630131619988,-0.0168465458616178
2023-01-02,929.0703424360158,941.7768555666773,928.621865101302,938.388427734375,3498198,0.0,0.0,AXISBANK.NS,0.008406979230479728,0.008371837400973093,0.20277182958965367,928.8784698486328,897.8033349609375,831.9925634765625,765.1483267211914,922.107537030073,890.4661667577104,928.8784698486328,953.7033228455568,904.0536168517087,0.05345123996892604,60.77946101305373,11.38896680146297,13.75379258821229,-2.3648257867493196,17.892345733350584,15.807289035182478,26.954971600050204,-0.008581195192302112
2023-01-03,941.5277530309381,962.306615866797,939.3850616781634,959.0178833007812,6927819,0.0,0.0,AXISBANK.NS,0.02198391940554245,0.021745757220878226,0.22921346855460945,931.7511413574218,899.0371118164062,834.1526708984375,766.4698593139649,925.6228081034739,893.1544693672427,931.7511413574218,956.5644747923529,906.9378079224907,0.05326171835707504,67.14461795644439,13.033111786893073,13.609656427948448,-0.5765446410553743,18.771481436032055,16.7393681461756,27.14635787145148,0.0
2023-01-04,960.2136785683255,966.6915082628705,951.7426705062281,954.184326171875,9059392,0.0,0.0,AXISBANK.NS,-0.005040111569421413,-0.005052855771237449,0.22301809553045882,933.883837890625,899.9938366699218,836.3297198486329,767.6393576049804,928.3429526814168,895.5477970850714,933.883837890625,958.7115962517277,909.0560795295224,0.0531709777035683,64.50317974824576,13.787151172181666,13.645155376795092,0.14199579538657403,18.960118898124772,16.905286776100574,27.10439396734119,-0.005040111569421359
2023-01-05,956.7256487849822,958.6191926289939,935.0498333046975,946.311279296875,6998980,0.0,0.0,AXISBANK.NS,-0.008251075456862877,-0.008285303991474686,0.21292688093912826,934.3920989990235,900.9246496582032,838.2302154541015,768.6928695678711,930.054221882889,897.5385218776911,934.3920989990235,959.8237022426243,908.9604957554226,0.05443454256696889,60.33937173222117,13.59275491510391,13.634675284456856,-0.04192036935294574,19.49756439465068,17.213745610749942,27.168928605528414,-0.013249600685413932
2023-01-06,943.3215570212211,947.7065741198771,931.1133385197832,936.6942749023438,5787783,0.0,0.0,AXISBANK.NS,-0.010162622600965787,-0.010214614600016632,0.20060036280557725,934.7010437011719,901.4179614257813,840.0175988769531,769.7647174072266,930.6866078847419,899.0740416041481,934.7010437011719,960.08443130882,909.3176560935239,0.05431338239901063,55.616612889660026,12.518378523640422,13.41141593229357,-0.8930374086531483,19.565195304739827,17.43645649048979,26.94021455618601,-0.02327757259500034
2023-01-09,943.5706660298861,956.7256559647979,938.1392425884401,955.4799194335938,7025747,0.0,0.0,AXISBANK.NS,0.020055257125606518,0.0198567994813958,0.22467871178673948,935.7026123046875,902.5281616210938,841.9519781494141,770.9031295776367,933.0478756512991,901.286036813146,935.7026123046875,962.7372601019048,908.6679645074702,0.057784700911819545,61.89127536972976,13.032540988392611,13.33564094351338,-0.3030999551207678,20.12043428422383,18.199786219820883,26.67011799876941,-0.0036891531730465885
2023-01-10,960.7120239414986,960.7120239414986,939.5345026668546,948.9024658203125,7140150,0.0,0.0,AXISBANK.NS,-0.00688392657920045,-0.0069077301058258845,0.21624811345168982,936.078823852539,903.4480139160156,843.7463385009765,772.0317895507812,934.5578366197766,903.1533477546035,936.078823852539,963.6501117443015,908.5075359607765,0.058908047461836,58.75899476089542,12.762158688339582,13.22094449247862,-0.4587858041390387,19.43349771550449,18.39768897105174,26.635667704488114,-0.010547683892664392
2023-01-11,949.7495351110077,952.4901554903943,939.5843128111604,946.5106201171875,7100355,0.0,0.0,AXISBANK.NS,-0.002520644417397855,-0.0025238265900792947,0.21318238443434723,936.4450714111329,905.0026928710937,845.5870391845704,773.1708795166015,935.6961969528634,904.853632945293,936.4450714111329,964.382304602861,908.5078382194047,0.059666571045388604,57.617057215488195,12.21408049188517,13.019571692359932,-0.8054912004747621,18.714531579601385,18.30496284808606,26.635844437991896,-0.013041741349541695
2023-01-12,946.112051379288,946.460894139237,920.8485363207625,932.359130859375,8661375,0.0,0.0,AXISBANK.NS,-0.014951220786154962,-0.015064116991711406,0.19504382675079546,936.3155181884765,906.437783203125,847.3614666748047,774.2441876220703,935.3783811344359,905.9322799223158,936.3155181884765,964.3059199920082,908.3251163849449,0.05978839666715275,51.26853593413055,10.516588967067037,12.518975147301354,-2.0023861802343177,19.440613967674103,18.933319492977173,26.78525899278585,-0.027797972181343715
2023-01-13,932.3091772135771,934.2525382785624,919.8518124726153,930.9638061523438,9083608,0.0,0.0,AXISBANK.NS,-0.001496552841977472,-0.0014976737956991267,0.19325538051558389,936.2681823730469,907.835,849.2779077148438,775.2371322631836,934.9579454218557,906.9139084019248,936.2681823730469,964.293131175684,908.2432335704098,0.05986521667671256,50.67563986692961,8.95549034316332,11.806278186473747,-2.850787843310428,18.48673395810064,18.949453608644916,26.734320960256962,-0.029252923889051992
2023-01-16,937.2423975527856,938.537951447258,908.5904558441489,910.0355224609375,10008273,0.0,0.0,AXISBANK.NS,-0.022480233445274833,-0.022736765787708002,0.16643072100176326,934.6213195800781,908.7329296875,850.9332427978516,776.1164794921875,932.5843813303396,907.0363246395332,934.6213195800781,964.7773944195062,904.46524474065,0.0645311083915294,42.69948923953097,5.960857789586271,10.637194107096253,-4.676336317509982,19.543828735953348,20.04008830056464,27.048577090118908,-0.05107554477634405
2023-01-17,911.829325913297,916.5631247441648,903.6074647860002,914.5699462890625,6904960,0.0,0.0,AXISBANK.NS,0.004982688825006409,0.004970316312941334,0.17224268232044282,933.0242858886719,909.6248754882813,852.6030279541015,776.9555606079101,930.868720850218,907.331760782652,933.0242858886719,963.9036396027295,902.1449321746143,0.06619196130494323,44.729330208514725,3.908426119487899,9.291440509574581,-5.383014390086682,19.31959440854089,20.01693466622271,26.573439256088538,-0.04634734949752583
2023-01-18,918.7556366521252,922.4429681462949,910.1351154707211,920.8484497070312,5730939,0.0,0.0,AXISBANK.NS,0.00686497893730742,0.006841522261269701,0.18029010364398546,932.6106994628906,910.6274438476562,854.4033666992187,777.7727978515625,929.9144093127716,907.8618270149807,932.6106994628906,963.9286837462228,901.2927151795584,0.06716196651264851,47.50240532413509,2.7567044156364773,7.984493290786961,-5.227788875150484,18.191310480535247,19.862211218242937,26.575082331603728,-0.039800544138318995
2023-01-19,920.4497682108009,934.8006771373034,917.6095132986909,925.5324096679688,7721730,0.0,0.0,AXISBANK.NS,0.005086569850258904,0.005073676955761613,0.18629373169973995,933.0666412353515,912.3216455078125,856.2350970458984,778.5467849731446,929.4970760132665,908.5547910405882,933.0666412353515,963.6486253547002,902.4846571160028,0.0655515539144323,49.53656678686103,2.1965921440823877,6.826913061446047,-4.630320917363659,18.483166998071024,18.263983405585453,26.39347014156738,-0.0349164225358979
2023-01-20,928.073723261331,931.6614201694555,921.4962586541096,927.3760986328125,4511360,0.0,0.0,AXISBANK.NS,0.001992030690211255,0.0019900492280617993,0.1886568652208911,934.26005859375,913.9131970214844,858.2467126464844,779.2824758911133,929.2950781675089,909.292881534401,934.26005859375,961.6851478985267,906.8349692889734,0.05870975442545821,50.35203425670954,1.879800257364309,5.837490500629699,-3.9576902432653904,18.26960778735463,18.194187495322357,26.38524992728512,-0.032993946430970554
2023-01-23,932.8075311636263,936.4949235269983,921.2969375758814,929.518798828125,5236124,0.0,0.0,AXISBANK.NS,0.0023104975408265727,0.0023078324457245073,0.19140325398487068,934.4593780517578,915.5416247558594,860.0525323486328,780.0338552856446,929.3163848970914,910.0860547616059,934.4593780517578,961.6745319554109,907.2442241481046,0.05824791220008651,51.33625788188564,1.7811069114719658,5.026213782798153,-3.245106871326187,17.646736202975692,18.1383155790325,26.372667866566136,-0.030759681322234857
2023-01-24,931.8109205049624,931.8109205049624,900.667507386481,907.0955200195312,18527897,0.0,0.0,AXISBANK.NS,-0.024123534496412025,-0.024419272809915595,0.16266239648822922,933.3631286621094,916.5691064453125,861.707368774414,780.7198867797852,927.2001120516095,909.9687788893676,933.3631286621094,963.1459249040238,903.580332420195,0.06381824035540234,41.96140009015428,-0.10526603555615566,3.9999178191272917,-4.105183854683448,18.803491585964196,19.302836051294,26.557489918193745,-0.05414118358517132
2023-01-25,901.913212977989,904.3548686481314,881.1841700826748,889.3063354492188,11921748,0.0,0.0,AXISBANK.NS,-0.019611148084966223,-0.01980599834852725,0.1398612520578768,931.7511413574218,917.3055834960937,863.1240197753906,781.225425415039,923.5911809466198,909.1584869897539,931.7511413574218,967.1814566140317,896.3208261008119,0.07605102625362656,36.29814053958245,-3.00107419583901,2.5997194161340316,-5.6007936119730415,18.970776629718483,20.02962806107099,26.793134193379142,-0.07269056090135344
2023-01-27,889.3063717030234,889.4558844177508,848.0974315288581,870.7698364257812,17300736,0.0,0.0,AXISBANK.NS,-0.020843772595046328,-0.021064070628329525,0.11610224333007757,928.7215118408203,917.6155236816406,864.2965075683594,781.6243505859375,918.5605767065399,907.6530497127354,928.7215118408203,973.4374685784956,884.0055551031451,0.09629572733605293,31.523818892050443,-6.714364566068866,0.7369026196934518,-7.451267185762318,20.739720721775534,20.771582263769027,27.001027067395245,-0.09201918797516559
2023-01-30,848.9943755841525,882.4797488377172,843.2639876046868,868.8762817382812,21233998,0.0,0.0,AXISBANK.NS,-0.0021745754254332006,-0.0021769432478687427,0.1136751948194612,925.6370666503906,917.8676586914063,865.5108508300781,782.057840270996,913.8287390905152,906.1323921451097,925.6370666503906,977.7209688583173,873.5531644424639,0.11253633650692728,31.07418211494712,-9.698173468629875,-1.3501125979712136,-8.348060870658662,22.110033591102415,20.769573829259098,26.848663007968188,-0.09399366073575968
2023-01-31,870.0224465966877,876.3009469325044,858.163009763603,868.627197265625,16856151,0.0,0.0,AXISBANK.NS,-0.00028667426869788404,-0.00028671536762090756,0.1133559327974194,922.1490051269532,917.8985534667969,866.6688873291016,782.4283895874023,909.5238303452876,904.6616001890516,922.1490051269532,979.6947355235536,864.6032747303527,0.12480787828573989,31.011520792937063,-11.945264977359557,-3.4691430738488824,-8.476121903510673,21.892920440692226,20.345956444251886,26.810559151902368,-0.09425338944050389
2023-02-01,873.3110609682857,892.1466202553993,830.4577274697712,854.3260498046875,12409819,0.0,0.0,AXISBANK.NS,-0.016464079763972905,-0.016601118956695755,0.0950255519141503,916.9144134521484,917.6434252929688,867.4412426757813,782.7543005371094,904.2668988652305,902.6876570367236,916.9144134521484,979.1910420893619,854.637784814935,0.13583956740901096,27.573555208465407,-14.710510657979285,-5.717416590674963,-8.993094067304321,25.37742401972039,20.634445536963128,26.7036464751641,-0.10916567388270357
2023-02-02,848.0476635998052,869.0258558679175,834.1950482179066,865.4879760742188,9567053,0.0,0.0,AXISBANK.NS,0.013065183102028755,0.012980569792670059,0.1093322612513088,912.4795959472656,917.5188525390626,868.2743914794922,783.1071640014649,900.5736681232293,901.2288460185862,912.4795959472656,976.1970275780303,848.7621643165008,0.13965776750244643,33.74712207896668,-15.818962464223205,-7.737725765384612,-8.081236698838593,26.032332866405095,20.65431101320584,26.377995463136383,-0.09752676029840862
2023-02-03,870.0224280347356,881.9814992104708,856.3193256458724,879.5896606445312,7365732,0.0,0.0,AXISBANK.NS,0.016293333888099282,0.016162021943082295,0.12740698217671653,909.1435150146484,917.5995776367188,869.0876086425782,783.5357598876953,898.5751912204961,900.3802505137213,909.1435150146484,972.3876601913427,845.8993698379542,0.13912906847424467,40.632166119346095,-15.382213828586373,-9.266623378024963,-6.11559045056141,26.83672199202305,21.04023237171682,25.804805640053946,-0.08282246247887597
2023-02-06,868.8763137991926,896.083249001981,867.6305772359507,879.6395263671875,10129098,0.0,0.0,AXISBANK.NS,5.669202912161886e-05,5.6690422189269114e-05,0.12747089716618198,906.2907775878906,917.4979260253906,869.8559796142578,783.9800289916992,896.7717945678,899.5668887824847,906.2907775878906,969.4494462516881,843.1321089240931,0.13937837662189484,40.65565147522955,-14.8607580726067,-10.385450316941311,-4.475307755665389,26.729948860803137,20.68880645468079,25.763033118329588,-0.08277046582320921
2023-02-07,883.8251905593413,885.369952625765,868.5275692357809,876.1016235351562,5055187,0.0,0.0,AXISBANK.NS,-0.004021991652242374,-0.004030101613435888,0.12293621862963344,902.3218627929688,917.2467858886719,870.6138861083984,784.3712832641602,894.8032068504053,898.6466823021973,902.3218627929688,962.3650059379952,842.2787196479424,0.1330858657445672,39.462864160261006,-14.565082614236417,-11.221376776400334,-3.343705837836083,27.00757196307595,19.273367643658414,25.25833284994823,-0.0864595553528584
2023-02-08,879.0913466949038,883.4265463970343,865.2886100136724,868.7766723632812,6572818,0.0,0.0,AXISBANK.NS,-0.00836084647614066,-0.008395994401086147,0.11354752130317314,898.3155731201172,916.8322033691406,871.428598022461,784.8313909912109,892.324489280203,897.4753093634163,898.3155731201172,955.9151354680605,840.7160107721738,0.1282390377534766,37.03985591365686,-14.751770794588765,-11.92745558003802,-2.8243152145507455,27.42400651363224,19.291810428931132,25.321502475307195,-0.09409752676029841
2023-02-09,873.1616695915421,873.1616695915421,859.6080197009062,864.740478515625,5993312,0.0,0.0,AXISBANK.NS,-0.004645835893218542,-0.004656661330608662,0.10837416225989838,894.2270660400391,916.1634912109375,872.2099243164063,785.2708193969727,889.6974406359575,896.1915905066401,894.2270660400391,948.9595775703581,839.49455450972,0.1224130058435703,35.73775245817899,-15.051900692460322,-12.552344602522481,-2.4995560899378404,27.16418408877677,19.226749803676448,25.173184676440197,-0.09830620098623082
2023-02-10,869.0756082290804,869.7234155462331,862.1991791777392,864.2919921875,4603464,0.0,0.0,AXISBANK.NS,-0.0005186369081447983,-0.0005187714467858576,0.10779931851131641,890.8237091064453,915.4339880371094,872.8990655517578,785.7363656616211,887.2778741170567,894.9406258666738,890.8237091064453,944.0159615068817,837.631456706009,0.11942262393036593,35.588045421262905,-15.151290254660694,-13.072133732950125,-2.079156521710569,26.975546578287346,18.854576939900852,25.026663799855953,-0.09877385267024466
2023-02-13,864.291964903683,867.4810624397231,853.5786312366728,856.1697387695312,5707194,0.0,0.0,AXISBANK.NS,-0.009397580321682142,-0.009442016191857324,0.09738868543530166,887.0840057373047,914.5161267089844,873.3609844970703,786.206576538086,884.3151945601495,893.4201989216879,887.0840057373047,938.8927375593181,835.2752739152912,0.11680682209787412,32.900078481600616,-15.704424340955825,-13.598591854551266,-2.105832486404559,26.883006953425454,18.955266140098033,24.72099212190657,-0.10724319777777622
2023-02-14,859.6079858478342,868.9261311857379,851.3363078114907,867.780029296875,7527755,0.0,0.0,AXISBANK.NS,0.013560734515132289,0.013469610635059527,0.11227008205839972,884.9712310791016,913.9490649414063,874.0007940673828,786.6656811523437,882.7404169160282,892.414702073656,884.9712310791016,936.2830381601765,833.6594239980267,0.11596265568657449,39.88921352630417,-15.032646681701522,-13.88540281998132,-1.1472438617202023,25.91489340026587,19.273964856765392,24.675134282337062,-0.09513675979626221
2023-02-15,869.0258323587835,869.2251623756382,858.6612797521524,865.3384399414062,7322266,0.0,0.0,AXISBANK.NS,-0.002813603992992353,-0.00281756961691728,0.1091405945142343,882.5096557617187,913.2245446777343,874.789096069336,787.3673165893555,881.083085775588,891.3528878723914,882.5096557617187,932.5506028436289,832.4687086798085,0.11340600469400747,38.969938712474104,-14.529783601734152,-14.014278976331887,-0.515504625402265,24.81864573502511,17.817987607528487,24.686275032232782,-0.09768268662201149
2023-02-16,869.8230682498253,871.3179520956351,859.3090640330253,861.800537109375,5843235,0.0,0.0,AXISBANK.NS,-0.004088461425879597,-0.004096842034625019,0.10460591597768576,879.557260131836,912.2299475097657,875.7473162841796,788.0574822998046,879.2466525692819,890.1939721561947,879.557260131836,926.9728460728763,832.1416741907956,0.10781693947687568,37.617138672685336,-14.25244684361121,-14.061912549787753,-0.19053429382345755,22.722248247433477,17.81232089135363,24.29818636935445,-0.1013717761516607
2023-02-17,858.0633621153104,865.2886343282443,847.100880137066,851.9841918945312,8420479,0.0,0.0,AXISBANK.NS,-0.011390507190642274,-0.01145587588008358,0.092023894348916,875.879849243164,910.5467102050782,876.8664868164062,788.7988195800781,876.6502277431151,888.6955494008354,875.879849243164,919.5417613535581,832.21793713277,0.09969840531922664,34.081918080564435,-14.655809436652135,-14.18069192716063,-0.4751175094915041,21.220247744444034,17.91069424455025,24.331742244539445,-0.11160760739711933
2023-02-20,856.767781292412,858.2626651515379,839.6264342090392,843.8619384765625,5992322,0.0,0.0,AXISBANK.NS,-0.00953333817134272,-0.009579071331569886,0.08161326127290125,871.7041412353516,908.8136413574218,877.9552612304688,789.523676147461,873.527533527253,886.9373685802757,871.7041412353516,910.310861034186,833.0974214365172,0.08857757574518851,31.4483753441275,-15.45274553648926,-14.435102649026357,-1.0176428874629035,21.255840156843842,17.89106387650112,23.913739317311368,-0.1200769525046509
2023-02-21,846.10427152094,846.10427152094,834.5438605753566,841.171142578125,9677064,0.0,0.0,AXISBANK.NS,-0.003188668401486683,-0.0031937630375266706,0.07816435524405141,867.2867584228516,906.9280932617188,879.2269091796875,790.3791156005859,870.445972484479,885.1426146194071,867.2867584228516,897.3016260401948,837.2718908055083,0.06921555604498073,30.604665939041553,-16.115676392516093,-14.771217397724303,-1.3444589947917898,17.67523431112636,16.45227538087003,23.87517406700188,-0.12288273532193918
2023-02-22,837.1349722556811,840.1247400137371,826.7206023997231,830.5076293945312,6984037,0.0,0.0,AXISBANK.NS,-0.012676984080684073,-0.012758022654972393,0.06449648287626153,863.4573638916015,904.7106811523438,880.3665081787109,791.2294985961914,866.6423207616268,883.0000661792159,863.4573638916015,891.5696197078183,835.3451080753847,0.06511556213850538,27.460487692741992,-17.302062856840735,-15.27738648954759,-2.0246763672931447,16.219500920297143,16.61964242814291,23.976095927084543,-0.13400193692315612
2023-02-23,830.2085864114272,845.3567537876352,827.3683316401898,841.4700317382812,8437003,0.0,0.0,AXISBANK.NS,0.013199640744711694,0.013113284570420611,0.07854745402423724,861.0655487060546,902.7563684082031,881.4742156982422,792.1543466186523,864.2449599022606,881.3714373776106,861.0655487060546,888.0344499018307,834.0966475102786,0.06264076233523208,34.868484852983954,-17.159899781732292,-15.65388914798453,-1.5060106337477617,15.671375819071923,17.37955542831772,23.90963023356584,-0.1225710736049256
2023-02-24,847.2004790909477,851.6851306206476,841.5697864442899,848.49609375,7763814,0.0,0.0,AXISBANK.NS,0.00834974716473802,0.008315080862112434,0.08755305257051149,859.9518615722657,901.0272863769532,882.756328125,793.051635131836,862.7450678877597,880.0822082157435,859.9518615722657,887.0726043338555,832.8311188106759,0.06307502541364218,39.15719161054597,-16.2924804623309,-15.781607410853805,-0.5108730514770947,14.368692041667348,17.398897042055538,23.94291260778367,-0.11524476391449917
2023-02-27,848.9445619324921,855.5220877394029,843.0647216206131,851.43603515625,8064267,0.0,0.0,AXISBANK.NS,0.003464885021752684,0.0034588961375221815,0.09132129885272455,859.0798492431641,899.4177966308594,883.8680236816406,794.076564025879,861.6680171514254,878.9588288800771,859.0798492431641,886.1137682180668,832.0459302682614,0.06293691790982911,40.910494334004355,-15.192683898058249,-15.663822708294695,0.47113881023644666,14.055476522296326,17.497239911365018,23.79566149787948,-0.11217918874906929
2023-02-28,853.0305661731592,854.6749019114627,837.1349557410143,841.220947265625,13012372,0.0,0.0,AXISBANK.NS,-0.011997481277322697,-0.012070031923068021,0.07822819200219544,857.7095367431641,897.3827600097657,884.7549877929688,795.1185803222656,859.7206771623016,877.4789119540203,857.7095367431641,885.474296992353,829.9447764939753,0.06474163818818031,36.92852647517593,-14.972762730452246,-15.525610712726207,0.5528479822739616,14.012762935659648,16.725311439648642,23.870708863871634,-0.1228308023096698
2023-03-01,843.1643871609199,865.7869770282346,842.1677978348442,862.1992797851562,12345125,0.0,0.0,AXISBANK.NS,0.024937957842967373,0.0246320818247313,0.10511700119944511,858.1031982421875,895.696533203125,885.8457550048828,796.2505621337891,859.9567345549544,876.8797106924962,858.1031982421875,885.8892208615017,830.3171756228734,0.06476149413318456,48.10070828608117,-12.956344831419983,-15.011757536464962,2.0554127050449793,14.799361497943478,18.42165643965781,18.88519689642923,-0.10095599383651882
2023-03-02,863.0462409614079,863.8435001502493,840.6229841234959,842.5663452148438,13900508,0.0,0.0,AXISBANK.NS,-0.022770761969558406,-0.02303401983489396,0.07995264501662036,856.9571166992188,893.9654565429687,886.5294146728515,797.2047735595703,858.3005069987533,875.534088516902,856.9571166992188,885.3449877269255,828.569245671512,0.06625272250973216,40.814260076815785,-12.795039607514582,-14.568413950674886,1.7733743431603042,15.920524330676292,19.1832332366516,19.16868962817673,-0.12142791090102567
2023-03-03,846.8516273977227,855.6714170151176,842.7157581081798,849.7417602539062,7977804,0.0,0.0,AXISBANK.NS,0.008516142473306232,0.008480084702774941,0.08914967560600573,855.4647216796875,892.6320202636718,887.1981256103516,798.1724728393555,857.4853882611488,874.5226246634512,855.4647216796875,881.914964012145,829.01447934723,0.06183830066194426,44.14450957084265,-11.950450672763054,-14.044821295092522,2.0943706223294676,15.86357008762083,19.332268482332754,19.198488702110534,-0.11394586581718855
2023-03-06,854.0271909606967,860.8039858619996,852.6817589439127,856.5684814453125,10781567,0.0,0.0,AXISBANK.NS,0.008033877479866725,0.008001777695399054,0.09789977065706101,854.3111694335937,891.6932348632813,887.7043933105468,799.2203280639649,857.3980638024977,873.8185406156812,854.3111694335937,878.2116482467642,830.4106906204232,0.05595263100450025,47.18912786339835,-10.607966475876651,-13.357450331249348,2.749483855372697,15.39731310432413,19.539840634011693,19.104090884445565,-0.10682741546263436
2023-03-08,855.5718939117619,859.558251017932,850.1404701892086,858.0135498046875,8785735,0.0,0.0,AXISBANK.NS,0.001687043582244252,0.0016856221227049626,0.09975197541909542,853.4067657470703,890.3428576660157,888.2918829345704,800.1614724731445,857.456681516992,873.1987370544658,853.4067657470703,875.1026592489602,831.7108722451803,0.050845374966994566,47.837296457789506,-9.319998002629404,-12.549959865525361,3.2299618628959568,15.315448690412527,19.5271385315238,18.988275871535993,-0.10532059438605411
2023-03-09,859.5582380054627,871.2681618275661,859.059943374735,864.8401489257812,14746065,0.0,0.0,AXISBANK.NS,0.007956283583921975,0.007924799248299768,0.10850191400750808,853.2099395751953,889.0592504882812,888.9625872802734,801.1255551147461,858.1598688892577,872.8709492847136,853.2099395751953,874.3838780557496,832.036001094641,0.04963359543395984,50.902934469009516,-7.660123080851349,-11.57199250859056,3.9118694277392105,15.404428973288873,18.646928707717343,19.030499124467916,-0.09820227131829469
2023-03-10,856.6681347202708,858.6613133127581,842.6162499740283,848.9944458007812,11198583,0.0,0.0,AXISBANK.NS,-0.01832211784418425,-0.018492046683322255,0.08819181130855869,852.4226379394531,887.6082177734374,889.3387994384766,802.0666311645508,857.2869714522599,871.9346158147555,852.4226379394531,872.9525371541645,831.8927387247418,0.04816835757515293,44.38265963888083,-7.536401119847369,-10.764874230841922,3.2284731109945533,15.69272502761564,18.541713420874583,18.20797368271288,-0.11472511557481857
2023-03-13,842.7158550763185,854.0769969866298,825.624385740161,829.5110473632812,8315798,0.0,0.0,AXISBANK.NS,-0.02294879375697567,-0.023216216600390367,0.06321912186280887,850.6835906982421,885.5711901855469,889.4982537841797,802.9055633544922,854.6416453485476,870.2709464637172,850.6835906982421,872.8104418534422,828.5567395430421,0.052021342358416205,37.94642549676583,-8.907814260857435,-10.393462236845025,1.4856479759875896,16.39389504932779,18.741709349497455,18.540034446540563,-0.13504110631572255
2023-03-14,825.175844133421,832.8495930135837,814.6120231166099,830.00927734375,12573734,0.0,0.0,AXISBANK.NS,0.0006006309163120171,0.0006004506097580501,0.06385772413821389,849.3755676269532,883.5600720214844,889.5281512451172,803.6561865234376,852.2957055385668,868.6920574786204,849.3755676269532,873.1672037054268,825.5839315484795,0.056021475034758586,38.19325904347923,-9.841024851402267,-10.282974759756474,0.4419499083542071,16.870834974427105,18.750921232939305,18.540065096768675,-0.13452158526283672
2023-03-15,835.1916297325484,840.623053446592,816.5553981250047,821.2393798828125,6652641,0.0,0.0,AXISBANK.NS,-0.010566023417236337,-0.010622240185103507,0.0526169785123618,847.04853515625,881.2170910644531,889.5102130126953,804.3378341674804,849.3379602380188,866.8311681611377,847.04853515625,872.3189401418615,821.7781301706384,0.05966695870845245,35.51530986950429,-11.159617278469,-10.45830326349898,-0.7013140149700199,17.557771770368927,18.930992839793813,18.598530913278704,-0.1436662504600622
2023-03-16,818.6980428258025,835.0421303365613,811.5225882887138,827.7171630859375,8791383,0.0,0.0,AXISBANK.NS,0.007887813665303556,0.007856867488360413,0.060919825099802205,845.1674713134765,878.5910766601562,888.8140942382812,805.0252526855469,847.2788366997254,865.2972856091692,845.1674713134765,870.3059584936383,820.0289841333148,0.05948758804238874,38.92188382833681,-11.548781149243837,-10.676398840647952,-0.8723823085958848,17.95285176325479,18.60462894726042,18.623855537377562,-0.13691164940838052
2023-03-17,832.1520456835085,838.6298759792484,820.1929743682964,834.5438842773438,7762461,0.0,0.0,AXISBANK.NS,0.008247649675348745,0.008213823675490563,0.06966992015085771,843.804638671875,876.1982678222656,888.0960522460938,805.7888461303711,846.06598408807,864.0912698706662,843.804638671875,868.0871308342383,819.5221465095116,0.057554772869187705,42.37673623273121,-11.177489828750254,-10.776617038268412,-0.40087279048184143,18.540123386725195,18.338917379428274,18.679905138477633,-0.12979319905382633
2023-03-20,833.1486581192427,838.1316046390947,822.7342877273554,834.693359375,10744023,0.0,0.0,AXISBANK.NS,0.0001791099311521105,0.00017909389288343872,0.06986150865661145,842.9400970458985,873.9659094238282,887.4452795410157,806.5489587402344,844.9828769725395,862.938410635542,842.9400970458985,867.2276244783501,818.6525696134469,0.057625749486986726,42.453490797253636,-10.747289329647515,-10.770751496544232,0.023462166896717207,18.750119871935876,17.586414963218104,17.775514094974586,-0.12963733637362085
2023-03-21,837.234568942929,854.4257327733916,835.88919784351,852.6817016601562,11489951,0.0,0.0,AXISBANK.NS,0.021550839099313768,0.021321903101529455,0.09291792188821923,843.3810852050781,872.2856579589844,886.8518096923829,807.3716482543946,845.7160983713602,862.5361867541543,843.3810852050781,868.0562745529204,818.7058958572358,0.05851492233037751,50.925213937364184,-8.852793949145394,-10.387159987064464,1.534366037919071,18.906721816788963,18.83076407390771,18.08671769627242,-0.11088029065175867
2023-03-22,852.6816710708521,856.8673577578542,844.1608458172617,846.7520141601562,8018924,0.0,0.0,AXISBANK.NS,-0.006954162952547249,-0.006978455833679077,0.0853175925656493,843.6601287841797,870.1110998535156,886.3196307373047,808.235588684082,845.8147570179123,861.9171995936053,843.6601287841797,868.3563062580378,818.9639513103217,0.05854532324396632,48.395988827822066,-7.74063966015774,-9.85785592168312,2.11721626152538,18.059613400930598,18.89115312020845,18.125432874490276,-0.11706337399488778
2023-03-23,844.1110588183182,858.2128204363339,842.2175149931294,845.9049072265625,9857892,0.0,0.0,AXISBANK.NS,-0.0010004191539290108,-0.001000919907174068,0.0842318200579506,844.4299926757812,868.0511486816406,885.7495812988282,809.1206677246093,845.8233427520694,861.2892665596037,844.4299926757812,868.3475158509949,820.5124695005676,0.05664773488072158,48.02900298774896,-6.848656771349738,-9.256016091616445,2.407359320266707,17.54352693067711,18.764217273776776,18.06285097826835,-0.11794668070724872
2023-03-24,843.3636567920377,849.5923396339286,834.3943534997146,837.0353393554688,8078718,0.0,0.0,AXISBANK.NS,-0.010485301356359389,-0.010540659432724992,0.07286332268448903,844.2082580566406,865.8616430664063,885.43216796875,809.9929925537109,844.9863900476312,860.3381321594416,844.2082580566406,868.3227385267245,820.0937775865567,0.057129221942451014,44.24578992098298,-6.779306283836945,-8.760674130060545,1.9813678462236002,17.693020811672834,18.94311198063652,18.136576655721317,-0.1271952755724103
2023-03-27,838.1813788056045,839.327480776985,826.3718204920756,830.5076293945312,10602508,0.0,0.0,AXISBANK.NS,-0.007798607363416643,-0.007829175531630768,0.0644964828762622,843.3088348388671,863.8246130371094,885.1311981201172,810.8687503051758,843.6074604616216,859.168308521602,843.3088348388671,868.082786557877,818.5348831198573,0.058754161454370187,41.64580086796922,-7.168443804363619,-8.44222806492116,1.273784260557541,17.828266145731124,19.043739978478662,18.172193714101905,-0.13400193692315612
2023-03-28,834.5439080319325,834.5439080319325,823.2325829281377,829.6107788085938,11002402,0.0,0.0,AXISBANK.NS,-0.001079882416723077,-0.0010804659098471846,0.06334695184174066,842.2175720214843,861.7975524902344,884.8162762451171,811.7265902709961,842.2744431613332,858.0091897093272,842.2175720214843,867.4035100831252,817.0316339598435,0.05980862641274452,41.28683341676235,-7.463175597336999,-8.246417571404328,0.7832419740673284,17.96351930823622,18.886774276661576,18.171085218672605,-0.13493711300438904
2023-03-29,829.6605471665011,845.5561578031353,827.169074051887,839.72607421875,17121194,0.0,0.0,AXISBANK.NS,0.012192820619667977,0.012119086925094795,0.07631215048201767,842.1428283691406,860.3913635253906,884.5621466064454,812.6379913330078,842.0317413572776,857.2922047881282,842.1428283691406,867.3500832953198,816.9355734429614,0.05986455997017639,46.851254982120956,-6.802122233217119,-7.957558503766886,1.1554362705497665,18.330124431691193,18.799208934596017,18.162472667049112,-0.12438955639851942
2023-03-31,851.9842023262293,857.9637380239396,844.6094173015935,855.5718994140625,12946752,0.0,0.0,AXISBANK.NS,0.01887023123588838,0.01869439700036906,0.09662240964360969,841.8114593505859,859.2114025878906,884.4181390380859,813.6870825195313,843.3212802198285,857.2247418322826,841.8114593505859,866.0647702543996,817.5581484467722,0.05762171715391922,54.17754124005567,-4.942631436822353,-7.354573090377979,2.411941653555626,18.045393349793812,19.651294455944736,18.443351686770903,-0.10786658485520077
2023-04-03,861.0531327780824,863.8435705800223,853.528895924411,861.6510620117188,13266882,0.0,0.0,AXISBANK.NS,0.007105378988977451,0.007080254725097349,0.10441432747193313,842.7656951904297,858.0274548339844,884.3274493408203,814.7576141357422,845.066973723818,857.3983230157899,842.7656951904297,868.5946399367233,816.9367504441361,0.061295671842592804,56.64657950095133,-2.944491700382855,-6.472556812378954,3.5280651119960993,16.749826450446847,19.731620633853318,18.46036617868087,-0.10152763883186618
2023-04-05,868.0292507705822,868.0292507705822,854.0770010452227,857.5650634765625,11890015,0.0,0.0,AXISBANK.NS,-0.004742057098631736,-0.004753336323340173,0.09917713167051434,843.1568603515625,856.6681079101562,884.4948767089844,815.8089596557617,846.2572679859842,857.4048618573888,843.1568603515625,869.658832278559,816.654888424566,0.06286368094294155,54.52017537847009,-1.6713907450040324,-5.51232359890397,3.840932853899938,16.443732152474393,19.488688632827195,18.461170281125305,-0.10578824607006794
2023-04-06,858.8605688388478,860.3056353584511,846.1042391188242,849.044189453125,19677316,0.0,0.0,AXISBANK.NS,-0.0099361254164132,-0.009985818153412205,0.08825556983538285,842.7806457519531,855.1014697265625,884.5073333740235,816.8953161621093,846.5226890780929,857.0769923513393,842.7806457519531,868.6879390399762,816.87335246393,0.061480513152761956,50.28131273744535,-1.33462763089301,-4.676784405301778,3.3421567744087683,15.738999360905789,19.506673178039737,18.444102366598823,-0.1146732462059466
2023-04-10,851.8844406128331,852.0339533244347,841.071472065005,844.4598388671875,15656078,0.0,0.0,AXISBANK.NS,-0.005399425192333385,-0.005414054773185473,0.08237961529591664,842.1029602050781,853.4002905273437,884.4709576416016,817.9572583007813,846.3262271532446,856.5822020186274,842.1029602050781,867.0227702736706,817.1831501364857,0.05918471076867783,48.11390286114587,-1.4212756351726057,-4.025682651275944,2.6044070161033384,14.842066447447378,19.551277128213723,18.444552021506613,-0.11945350178382896
2023-04-11,845.3567632254344,852.7813647053354,841.1710765471636,850.3895263671875,23930907,0.0,0.0,AXISBANK.NS,0.007021870344899428,0.006997331817268667,0.0899799446184868,841.3804290771484,852.2661706542968,884.4176385498047,819.0831793212891,846.713208030763,856.3393519930808,841.3804290771484,864.2805869209233,818.4802712333735,0.054434729053283226,51.052905809220576,-0.9999418706032657,-3.4205344951414083,2.4205926245381426,14.354451200820222,19.254918825784394,18.485997306956243,-0.11327041844069985
2023-04-12,851.9842442917326,853.7282756228025,843.7623823024031,848.1473388671875,13480335,0.0,0.0,AXISBANK.NS,-0.0026366593548940997,-0.002640141463273487,0.08710603880086154,841.3380737304688,851.4429907226563,884.374287109375,820.1570913696289,846.8497919199463,856.0180965763791,841.3380737304688,864.1820008376085,818.494146623329,0.05430379967436971,49.90186531854765,-0.8373056804638281,-2.9038887322058926,2.0665830517420645,13.96649237286737,18.917096632901647,18.4088886804657,-0.1156084222871795
2023-04-13,850.7384599107558,864.7405270751765,842.117938341321,861.4019165039062,23934570,0.0,0.0,AXISBANK.NS,0.01562768286748617,0.015506828125078023,0.10409498721857058,842.9326171875,851.2556323242187,884.4355780029297,821.3455374145508,848.23570854699,856.2292267696155,842.9326171875,866.7326244160804,819.1326099589196,0.05646953681301522,56.190002569038846,0.3570030056852147,-2.251710384627671,2.608713390312886,14.17293632540051,19.29888561389593,18.59911288715453,-0.10178743118000777
2023-04-17,878.9916903092154,878.9916903092154,858.0633167304246,861.6011962890625,22577380,0.0,0.0,AXISBANK.NS,0.00023134355907283854,0.00023131680327811727,0.10435041248246812,844.5122131347656,851.1101306152344,884.4888946533204,822.5222927856445,849.5086121414731,856.4398922409664,844.5122131347656,868.8873182096444,820.1371080598868,0.05772587937929334,56.278855960753944,1.304543491874938,-1.5404596093271494,2.8450031012020873,14.76021215670039,19.279551585336527,18.59677881280635,-0.10157963548753293
2023-04-18,862.3985130417266,869.0258561146786,854.1766514443113,860.4053344726562,17238709,0.0,0.0,AXISBANK.NS,-0.0013879528273136321,-0.0013889169260246678,0.10281762620511814,846.4705108642578,850.945693359375,884.422123413086,823.6699331665039,850.5463952206334,856.5953997794641,846.4705108642578,869.211432655254,823.7295890732615,0.0537311613319582,55.550752384273565,1.936655539952767,-0.8450365794711661,2.781692119423933,14.678347815783443,18.92547492576974,18.56859069230227,-0.10282660057257419
2023-04-19,862.0496470038056,871.5172442830382,859.6079913295556,870.4210205078125,23494247,0.0,0.0,AXISBANK.NS,0.01164066008644049,0.011573428843842984,0.11565515132910709,848.6057037353515,851.2675927734375,884.4555090332032,824.8522286987304,852.4392166765551,857.1375809844973,848.6057037353515,871.9440305860419,825.2673768846612,0.05500393586317139,60.195522436144756,3.2088019788302518,-0.034268867810882564,3.2430708466411344,14.443438302874053,17.81268241064808,18.646738889922847,-0.09238290999124331
2023-04-20,871.8162791734077,872.61353842213,861.2026399691414,865.7869262695312,19444753,0.0,0.0,AXISBANK.NS,-0.005323968664701639,-0.005338191489582859,0.10971543826281804,850.167855834961,851.2735717773437,884.3962121582031,825.9852325439454,853.7104271139815,857.4767709956751,850.167855834961,873.7246020295122,826.6111096404097,0.05541669455713742,57.2163946312645,3.799259027559856,0.7324367112632651,3.066822316296591,14.333098172022565,16.512790985200834,18.56502786006729,-0.09721503493799764
2023-04-21,867.8299061208056,870.8694911657597,854.5752812705765,861.25244140625,15520786,0.0,0.0,AXISBANK.NS,-0.0052374143402919016,-0.005251177671991354,0.10390339871281706,851.4958099365234,850.9068273925782,884.2532025146485,827.179150390625,854.4287141894356,857.6248365019721,851.4958099365234,874.3638991174373,828.6277207556095,0.053712746237984776,54.38033968004027,3.856846139008667,1.3573185968123456,2.4995275421963212,14.689018514264594,16.446821229899644,17.987229971444428,-0.10194329386021327
2023-04-24,865.0394958965046,881.3835844354804,857.5650762891039,879.2907104492188,18201632,0.0,0.0,AXISBANK.NS,0.020944229793434133,0.020727914569607143,0.12702380516521128,852.8262603759765,850.8998510742188,884.1988885498047,828.4072866821289,856.796523357034,858.4744786175505,852.8262603759765,878.861695039762,826.790825712191,0.06105683155747934,62.37078370743679,5.296961820762249,2.145247241602326,3.151714579159923,15.0769773996309,17.360925382901872,18.330979583929558,-0.08313418783928693
2023-04-25,881.9814686878904,892.7446202081773,871.4176471790306,875.3541259765625,36394389,0.0,0.0,AXISBANK.NS,-0.00447699995675499,-0.004487051733483787,0.1219781196382248,854.2563659667969,850.8849011230469,884.0658435058593,829.5801657104493,858.5639140827034,859.1364255728058,854.2563659667969,881.9747336089364,826.5379983246575,0.06489472890440671,59.90480172143246,6.050863814964032,2.9263705562746676,3.1244932586893643,15.297642344199257,17.429378386090946,18.31542131430276,-0.08723899604068061
2023-04-26,874.4073971216748,886.4162849359124,872.2148886944374,884.6224365234375,19468723,0.0,0.0,AXISBANK.NS,0.010588069755808949,0.010532408695965506,0.13385770223344573,856.1922424316406,851.20181640625,884.0170098876953,830.7476428222657,861.045678124678,860.1358769826346,856.1922424316406,886.7204401709732,825.6640446923079,0.07131154950115087,63.55802556081685,7.311924465841912,3.8034813381881167,3.5084431276537953,15.575265314618093,17.540592003219878,18.37517773628381,-0.07757461886037714
2023-04-27,884.9712636188237,886.9644421404878,874.5070763800876,878.393798828125,15992383,0.0,0.0,AXISBANK.NS,-0.0070410125700530735,-0.00706591747172826,0.12587419589936855,858.2601654052735,851.4748828125,883.8191870117188,831.9130828857421,862.6978800964348,860.8518739177518,858.2601654052735,888.9273350075313,827.5929958030157,0.0714635744227431,59.6261661586563,7.7197367896575315,4.586732428482,3.133004361175532,15.468487888549573,16.758473475044134,18.40444694880656,-0.08406942756391722
2023-04-28,882.0811388147605,887.0142678681588,850.7384549253036,857.0667724609375,23004117,0.0,0.0,AXISBANK.NS,-0.024279573006594668,-0.02457918135569679,0.09853845116378879,859.5881225585938,851.3303784179687,883.382183227539,832.9248703002929,862.1615841311493,860.7034385665042,859.5881225585938,887.3586452187462,831.8175998984414,0.06461355603074764,48.551053350621515,6.249972412476382,4.919380425280877,1.330591987195505,17.045231938780166,16.928609431015953,18.813785220373912,-0.10630783076635116
2023-05-02,867.0326735942426,873.4108693169933,861.3022852342807,867.6804809570312,12947953,0.0,0.0,AXISBANK.NS,0.012383759162215568,0.012307707642157776,0.11214248677343441,861.4916076660156,851.5605932617187,883.0383599853516,833.9837469482422,862.6871933526619,860.9770480720151,861.4916076660156,885.5861109786634,837.3971043533678,0.05593671046413446,53.20900607266892,5.873900459530205,5.110284432130743,0.7636160273994621,17.42963305282488,17.23735120081997,18.93986057521696,-0.09524056217740355
2023-05-03,860.9036546195193,863.8934225616979,851.1370915071329,856.9172973632812,15103015,0.0,0.0,AXISBANK.NS,-0.01240454733046259,-0.012482125947049779,0.09834686265803505,862.3511688232422,851.3433386230469,882.6462017822265,834.9339947509766,862.1376794489114,860.8178421618686,862.3511688232422,884.308055467595,840.3942821788895,0.05092330697322512,48.42144215940923,4.653716614734549,5.018970868651504,-0.3652542539169552,17.781997430805347,17.35734920517724,18.918415005976424,-0.10646369344655664
2023-05-04,857.066741849028,864.1923792079833,854.5752687622576,862.9964599609375,9756391,0.0,0.0,AXISBANK.NS,0.007094223230598384,0.007069177612017903,0.1061387804863585,862.7223968505859,851.2964990234375,882.260521850586,835.8613214111328,862.2194680691044,860.9032781539889,862.7223968505859,884.4465034690093,840.9982902321626,0.05036175413488355,51.0978078892274,4.129645757060985,4.8411058463334005,-0.7114600892724159,17.757084368328663,17.33338358178574,18.9503886491305,-0.10012474742322204
2023-05-05,864.1924205161839,881.9815148752476,859.8074033430732,862.3486938476562,14343308,0.0,0.0,AXISBANK.NS,-0.0007506011244942101,-0.0007508829665610629,0.10530851147387876,862.7572784423828,851.3074621582032,881.7687048339844,836.8035968017579,862.2317752861094,860.9599611223681,862.7572784423828,884.476381849483,841.0381750352826,0.050348119800998355,50.79535383937292,3.6203137910771375,4.596947435282148,-0.9766336442050108,17.725050282494294,17.22256721070893,18.719790828485348,-0.10080019479971072
2023-05-08,862.3486841752388,878.3938079372135,862.3486841752388,875.453857421875,7007882,0.0,0.0,AXISBANK.NS,0.015197058530634244,0.015082739985390033,0.12210594961715548,863.6517181396484,851.77685546875,881.1617828369141,837.7929608154296,863.4910212038013,861.5283492125449,863.6517181396484,885.9365299366395,841.3669063426573,0.051606015084399465,56.416078864387245,4.225433546827276,4.522644657591174,-0.2972111107638984,17.376246724150292,17.692609505269317,18.779076976931794,-0.0871350027293471
2023-05-09,879.1910451750226,887.1637591447313,876.9985366679567,885.2203979492188,12117151,0.0,0.0,AXISBANK.NS,0.011155974063676188,0.011094205155354062,0.1346241344877812,865.4605285644532,852.6040246582031,880.7088330078125,838.889208984375,865.5604856557459,862.4574491630027,865.4605285644532,888.6090336941913,842.312023434715,0.05349407480924588,60.07624348298439,5.430474382752095,4.704210602623359,0.7262637801287362,17.15201079932808,16.916079170335976,18.73469145675569,-0.07695110449615782
2023-05-10,888.9576202448786,889.4559148750607,874.5568932672195,886.8648071289062,11893027,0.0,0.0,AXISBANK.NS,0.0018576268503267546,0.0018559035953490002,0.13673184274503436,867.580776977539,853.5178979492188,880.2229956054688,840.0238259887695,867.5894686531897,863.4146004557833,867.580776977539,890.3958607817248,844.7656931733533,0.052594719499591706,60.675063307916666,6.443886888106931,5.052145859720074,1.391741028386857,17.36556570321084,16.73407970764921,18.272919165699047,-0.07523642408370533
2023-05-11,887.9610360069609,896.9303394009706,885.9678574749587,892.8941650390625,13816121,0.0,0.0,AXISBANK.NS,0.006798508478057075,0.0067755028298305325,0.144459923815214,869.7060089111328,854.7656286621094,879.7381549072265,841.0774700927734,869.9994397375585,864.5706618119904,869.7060089111328,893.6682798468572,845.7437379754084,0.05510430120110366,62.87388557470819,7.645410856495914,5.570798859075242,2.0746119974206723,17.333535951283938,16.781451551504954,18.299543812934154,-0.06894941107264009
2023-05-12,892.1467505831944,910.4839571465301,890.9508312617417,907.5440673828125,10533272,0.0,0.0,AXISBANK.NS,0.016407210302588515,0.01627406640032792,0.1632373184681346,872.6758453369141,856.087109375,879.4217388916015,842.1241387939453,873.575118560916,866.255893403003,872.6758453369141,899.8901928756686,845.4614977981596,0.0623698883936632,67.61246664882363,9.6683017781653,6.390299442893254,3.2780023352720464,17.5648870933986,16.872429861301686,18.466013190322034,-0.053673468257760086
2023-05-15,907.5440543286596,916.3638451469153,906.0491704050921,912.6764526367188,7339579,0.0,0.0,AXISBANK.NS,0.005655246327274321,0.0056393154555454145,0.16981571204114987,875.2395721435547,857.3707165527344,879.1990014648437,843.1710559082031,877.2990551395638,868.0763074905997,875.2395721435547,907.224573865744,843.2545704213654,0.07308856395479152,69.10042418186941,11.552428796557933,7.422725313626191,4.129703482931743,16.60032756450193,16.58943330314098,18.402429448305806,-0.048321758614722536
2023-05-16,913.0750982034878,919.3535984175281,908.8894111184669,914.6696166992188,12567615,0.0,0.0,AXISBANK.NS,0.0021838670831724194,0.0021814859115985696,0.17237043406805452,877.8929931640625,858.6353881835937,879.0265924072265,844.1788571166992,880.8581562404834,869.9034960870162,877.8929931640625,913.6917048360351,842.09428149209,0.0815559799445453,69.68294066635485,13.055943920836512,8.549369035068255,4.5065748857682575,15.824414298067259,16.543125971146203,18.40619758668475,-0.04624341982958971
2023-05-17,914.570003878146,915.7659231919084,908.1419907902832,911.6798706054688,10248327,0.0,0.0,AXISBANK.NS,-0.003268662300754177,-0.00327401604694794,0.16853835102769743,880.4567199707031,860.0445666503906,878.7136633300781,845.0959680175781,883.7935576085772,871.5417852838182,880.4567199707031,918.2696468204167,842.6437931209896,0.08589389118631924,67.62359201109734,13.846627661201865,9.608820760294977,4.237806900906888,15.354595452363705,16.428339994813847,18.356578209622317,-0.04936092800728895
2023-05-18,916.8621110610288,926.3297089469851,909.4873262717023,911.5802001953125,13614127,0.0,0.0,AXISBANK.NS,-0.00010932610598290982,-0.00010933208251723263,0.16841059928008795,882.5146789550781,861.0321850585938,878.3643591308594,846.0295236206055,886.4399045215996,873.1119192019161,882.5146789550781,922.448531312322,842.5808265978343,0.09050014307870012,67.55191865826694,14.300361981632932,10.547129004562567,3.7532329770703647,15.667810946283891,15.7202989505969,17.966856520856474,-0.04946485767522507
2023-05-19,917.7590348551536,923.838204751964,905.8497815389638,920.8982543945312,8393002,0.0,0.0,AXISBANK.NS,0.010221869888378698,0.010169979885363719,0.18035394040213149,885.2702453613281,862.5988232421874,878.2821398925781,847.1138125610352,889.7216521285454,874.9858931310382,885.2702453613281,927.8613314281033,842.6791592945528,0.09622165952136218,70.68057983156818,15.236205308613307,11.484944265372716,3.751261043240591,14.361568822722818,15.830995331934558,18.039016240468253,-0.03974861112604963
2023-05-22,919.8518948703927,924.5856938959987,911.2812514916671,914.4204711914062,9383158,0.0,0.0,AXISBANK.NS,-0.007034200762367604,-0.007059057385453869,0.1720510938146913,887.9286468505859,863.8923974609374,878.2622088623046,848.1034259033203,892.0739206107227,876.5323471726214,887.9286468505859,930.8435974983094,845.0136962028624,0.09666306138435664,65.92191429867913,15.279037684675018,12.243762949233176,3.035274735441842,14.144450647599658,15.93279406540121,18.0250314419437,-0.04650321217773132
2023-05-23,914.4204570128335,919.3535859810547,909.2880588555776,913.0252685546875,8273445,0.0,0.0,AXISBANK.NS,-0.0015257779989340525,-0.0015269431835445836,0.17026280404212235,889.6153747558594,865.021533203125,878.3573840332032,849.0514312744141,894.0692870815765,877.9634421287809,889.6153747558594,933.7357057976213,845.4950437140975,0.09918967745778905,64.90828127866774,15.027177510458728,12.800445861478288,2.22673164898044,13.681746195855292,15.5586051242595,17.94923260036233,-0.04795803659864482
2023-05-24,908.0422990139986,917.7091658596611,907.0955270824292,914.5699462890625,6248545,0.0,0.0,AXISBANK.NS,0.0016918236412231114,0.0016903941197116928,0.17224268232044482,891.5761657714844,866.1526611328125,878.247759399414,850.0128909301758,896.0217308156228,879.3989913115371,891.5761657714844,936.506100813986,846.6462307289828,0.1007876539714889,65.54003963410906,14.781823432428155,13.196721375668263,1.585102056759892,13.752926790962874,15.381628104556281,17.621904913241792,-0.04634734949752583
2023-05-25,913.5733086861229,920.3999202025748,909.3378046933083,917.908447265625,8149350,0.0,0.0,AXISBANK.NS,0.00365035062666208,0.003643704266266565,0.1765217791304532,893.2404663085938,867.2140270996093,878.1366387939453,850.9608959960938,898.1061800013373,880.9091660548347,893.2404663085938,939.531211823531,846.9497207936566,0.10364677208644235,66.92594048962079,14.687459791845868,13.494869058903785,1.192590732942083,12.959212789326598,15.330405030201833,17.60073031624817,-0.04286618294714626
2023-05-26,914.8689054147029,924.7351630391825,911.879137749949,923.7883911132812,4908462,0.0,0.0,AXISBANK.NS,0.006405806445263895,0.006385376467729167,0.1840583499262003,895.5101959228516,868.7099060058594,878.1590618896485,851.9400448608399,900.5521048691415,882.5907042924208,895.5101959228516,943.1672516123716,847.8531402333316,0.10643554011221035,69.27008861770598,14.915205055113233,13.778936258145674,1.1362687969675598,12.731420041273648,15.286199109310662,17.632308922493305,-0.03673496897288912
2023-05-29,927.8245813613808,934.5017414270144,924.8846309414025,926.628662109375,7133871,0.0,0.0,AXISBANK.NS,0.003074590483509887,0.0030698735960476516,0.18769884446080387,898.9882904052735,870.6522583007812,878.1117242431641,852.9331457519531,903.0355865110686,884.3176830303406,898.9882904052735,944.955545000779,853.0210358097679,0.10226441230904804,70.36280129978988,15.150238431377375,14.053196692792016,1.097041738585359,12.660237797764848,14.803032286088175,17.462746704181985,-0.03377332347539537
2023-05-30,927.6252815270212,936.4949503720625,924.8846610310455,934.2526245117188,7804403,0.0,0.0,AXISBANK.NS,0.008227634989175225,0.008193972516067594,0.19747079703009263,902.3168975830079,872.7371252441407,878.1485986328125,854.0087152099609,906.0086377492257,886.2759160296104,902.3168975830079,948.3797771788232,856.2540179871925,0.10209911776938185,73.12525309870341,15.769908437111667,14.396539041655947,1.37336939545572,12.425328350134546,14.878793684838937,17.515016406046463,-0.025823563064147008
2023-05-31,934.152934014655,936.6942853313651,907.0955716533429,911.7296752929688,34757004,0.0,0.0,AXISBANK.NS,-0.02410798602842723,-0.024403340112827153,0.16860218778584146,905.0575164794922,874.5469311523437,877.8820111083984,854.9372872924805,906.5534984676775,887.2741026673891,905.0575164794922,945.9830046372572,864.1320283217271,0.09043732008758441,56.400203238897056,14.278988322306873,14.373028897786131,-0.09404057547925859,13.756487760992425,16.764757454394775,17.57644302048004,-0.04930899499501959
2023-06-01,918.8553145613342,927.7748007672122,912.9255961902546,916.5631713867188,11817533,0.0,0.0,AXISBANK.NS,0.005301457465664683,0.005287454210007454,0.1747974825786709,907.7358520507812,876.3238513183594,877.4574639892578,855.8050674438476,907.5068006504433,888.4226935975589,907.7358520507812,943.7929179332706,871.6787861682918,0.07944396115021411,58.589148959072766,13.33374303958442,14.16517172614579,-0.8314286865613703,13.507344874524929,16.546826059920804,17.579040662159155,-0.04426894706899562
2023-06-02,919.5030999135525,927.3263012298903,917.1112613721726,922.9412841796875,11616991,0.0,0.0,AXISBANK.NS,0.006958726896389322,0.006934626696258774,0.1829725774185016,910.7654815673828,878.0917993164062,877.145033569336,856.7373767089844,908.9767514627523,889.776363816466,910.7654815673828,940.370495141976,881.1604679927897,0.06501127715917467,61.34687218621602,12.950010086012071,13.922139398119047,-0.9721293121069756,13.539377381764098,16.471618070614962,17.580071417281594,-0.03761827568525005
2023-06-05,924.4362318303324,950.6465796909691,924.4362318303324,947.60693359375,14520005,0.0,0.0,AXISBANK.NS,0.026725047234164467,0.02637417088978793,0.21458757542673235,914.3731353759765,880.3500708007813,877.1579901123047,857.6941027832031,912.6558164276092,892.0442292979282,914.3731353759765,943.4402026664793,885.3060680854737,0.06357813055946979,69.73949545213077,14.469416299736736,14.031594778442585,0.43782152129415053,14.770885111208413,17.77345959295938,18.118960836591704,-0.011898578645641773
2023-06-06,947.8559927414005,967.438995450353,947.8559927414005,964.897705078125,14457988,0.0,0.0,AXISBANK.NS,0.01824677603275937,0.018082301356996764,0.23674988288771615,918.3570007324219,882.5943908691406,877.4400244140625,858.7288116455078,917.631234394325,894.901228348132,918.3570007324219,952.0699524359574,884.6440490288863,0.07342014418499178,74.00111190722868,16.874261442579495,14.600128111269969,2.2741333313095264,15.64289435799254,17.555979548456197,18.36376872439438,0.0
2023-06-07,969.6316128012002,977.903292177277,964.798117994629,973.4186401367188,15795824,0.0,0.0,AXISBANK.NS,0.008830920639306461,0.008792156110130301,0.24767152295416905,922.6846923828125,885.1277233886718,877.6194116210937,859.7856948852539,922.9443206555054,897.9803425359198,922.6846923828125,961.2487125930755,884.1206721725495,0.08359089628044511,75.80914734917705,19.245832810534125,15.529269051122801,3.716563759411324,15.375950894232906,17.476377226380592,18.414243807105976,0.0
2023-06-08,969.7311457656283,971.5249942284382,956.6260337835334,958.8184814453125,10209982,0.0,0.0,AXISBANK.NS,-0.014998848480398563,-0.015112468755298585,0.22895788682807128,925.980908203125,887.3859948730469,877.7185717773438,860.7324551391602,926.3609073973918,900.3661519049157,925.980908203125,965.0893856206508,886.8724307855991,0.08446929536250634,67.18740506704249,19.71989079226057,16.367393399350355,3.352497392910216,15.290535404246132,18.1483604127612,18.128734709504243,-0.014998848480398553
2023-06-09,963.7018480048971,978.3517228028397,960.0144554489956,971.4254150390625,12947464,0.0,0.0,AXISBANK.NS,0.013148404872991737,0.013062714904620423,0.2451167226959432,929.1749755859375,890.0737963867188,877.9677197265624,861.7773794555665,930.6527652680271,903.1527896748822,929.1749755859375,972.183521985866,886.166429186009,0.09257362182576497,70.32567859563258,20.872256953031865,17.26836611008666,3.603890842945205,15.735449615188681,18.145035432801897,17.918025335568622,-0.0020476545398558396
2023-06-12,969.6813390368814,974.5646506865643,965.296322011575,970.8772583007812,7465375,0.0,0.0,AXISBANK.NS,-0.0005642808287645851,-0.0005644400951082218,0.24441412719975175,932.0850158691406,892.8811889648438,878.3529010009765,862.8571838378906,934.4836693663847,905.8086511896233,932.0850158691406,978.1599068195574,886.0101249187239,0.09886413828346612,70.01213099034383,21.49351985254225,18.11339685857778,3.38012299396447,15.678506868725265,16.19570975270579,17.5337873972314,-0.002610779916419679
2023-06-13,970.9768941207329,986.3243929017011,970.9768941207329,982.4874877929688,15233785,0.0,0.0,AXISBANK.NS,0.011958493612784338,0.011887555807551554,0.2592954455915286,935.4759094238282,895.9387231445312,878.8681378173828,864.0730227661132,939.0554615974879,908.8156643897546,935.4759094238282,985.9283964049176,885.0234224427387,0.10786485568006515,72.78030589711855,22.66149604552345,19.023016695966913,3.638479349556537,16.02375657041726,16.177529908734524,17.61446942232204,0.0
2023-06-14,982.6370353482635,984.8295439414147,972.6711424948328,974.3653564453125,8644423,0.0,0.0,AXISBANK.NS,-0.008266905633476873,-0.00830126599815124,0.24888496897815626,938.6101837158203,898.6315087890625,879.5114361572265,865.2223394775391,942.4183087258521,911.3862405487961,938.6101837158203,990.6032358259138,886.6171316057269,0.11078731727427157,68.04795552349043,22.67040713143058,19.752494783059646,2.9179123483709333,16.102062708796932,15.84959559545288,17.686922204155366,-0.008266905633476889
2023-06-15,984.979012262566,985.6268196396343,968.8841315320827,973.8172607421875,15978311,0.0,0.0,AXISBANK.NS,-0.0005625155897625023,-0.0005626738610130122,0.248182451713286,941.722036743164,900.996416015625,880.1039093017578,866.3534686279297,945.4086851083603,913.8345158504977,941.722036743164,994.3494533523192,889.0946201340089,0.11176847213039834,67.72791733157024,22.375313799268838,20.277058586301486,2.098255212967352,16.37968148153394,15.889231289399941,17.432043825002534,-0.00882477095994148
2023-06-16,979.447884977415,982.0888707728268,973.8670096093874,978.2021484375,8860900,0.0,0.0,AXISBANK.NS,0.0045027828855390695,0.004492675687669571,0.25380274629489086,944.5872314453125,903.3274377441406,880.6774462890625,867.5404064941406,948.5318720920878,916.3587367362626,944.5872314453125,998.66085664249,890.5136062481349,0.11449154381314156,68.9846702163664,22.238917599631122,20.669430388967417,1.5694872106637057,16.20527146131295,15.823155909917968,17.32999127211546,-0.004361724102049596
2023-06-19,980.4943212217917,982.6370124661768,957.7222809127747,962.3564453125,11025846,0.0,0.0,AXISBANK.NS,-0.016198802211087604,-0.016331437109021997,0.23349264359594146,946.9840301513672,905.4232653808593,881.0456866455078,868.6403918457031,949.8484981130795,918.1625684451346,946.9840301513672,999.6590299756665,894.3090303270678,0.11124791579828372,59.90584201829768,20.61457482812432,20.658459276798798,-0.04388444867447916,17.1555887621976,16.53745162387307,17.39317264338144,-0.020489871607108745
2023-06-20,962.6554164174278,973.6677156728969,955.2806314970962,971.5250244140625,7596593,0.0,0.0,AXISBANK.NS,0.009527217431983148,0.009482119706942429,0.2452443962122317,949.9090179443359,907.8728820800782,881.4871759033203,869.8669442749024,951.9129291893635,920.2552137772494,949.9090179443359,1001.1207887320599,898.697247156612,0.10782458071310765,62.944650460350886,19.838414296405972,20.494450280720233,-0.6560359843142614,16.354758083467484,16.47608952459637,17.449819982377292,-0.011157865637080029
2023-06-21,974.9632356100433,974.9632356100433,959.864945208758,962.7052001953125,7805855,0.0,0.0,AXISBANK.NS,-0.009078329427560927,-0.009119788570750634,0.23393965736559297,952.3157806396484,910.2377893066406,881.8190399169922,870.9357861328125,952.9407645232633,921.9199191269774,952.3157806396484,1000.9964979517117,903.6350633275852,0.10223650243276568,58.36221291716705,18.300656799160492,20.055691584408287,-1.755034785247794,16.287127006827614,16.851670907754006,17.51276971549966,-0.02013490028467905
2023-06-22,958.9181445830205,970.1297731318651,955.4300823678244,963.3031005859375,10135883,0.0,0.0,AXISBANK.NS,0.0006210628035494548,0.0006208700238612111,0.23470601138860725,954.5855133056641,912.4960607910157,882.3811157226562,872.0442422485352,953.9276536720894,923.5427889881132,954.5855133056641,1000.6756561330185,908.4953704783097,0.09656577055678832,58.58234171396723,16.935002303429428,19.431553728212517,-2.496551424783089,16.568309929746842,16.819168114081123,17.439602013021098,-0.019526342518749525
2023-06-23,956.7256830250307,962.2069239173616,951.2942594299611,955.1311645507812,6188008,0.0,0.0,AXISBANK.NS,-0.00848324481690721,-0.00851943234198084,0.22423169801709064,956.1526519775391,914.6357373046875,883.0393640136718,873.0816918945312,954.0422737557743,924.7815488141002,956.1526519775391,999.9059015780673,912.3994023770109,0.09151938136663976,54.352812344941775,15.020161264899116,18.54927523554984,-3.529113970650723,15.447134618653608,16.587464682893103,17.487827554455894,-0.027843940591691346
2023-06-26,956.2273971509471,960.2137542000391,949.8492015416074,957.2738037109375,5799528,0.0,0.0,AXISBANK.NS,0.0022432931095530684,0.00224078068426803,0.2269780085497488,957.6849090576172,916.5531750488282,883.9044036865234,874.1004556274414,954.3500385134089,926.055754888486,957.6849090576172,999.1724653623668,916.1973527528677,0.08664134917939598,55.26478868890968,13.519682535066977,17.54335669545327,-4.023674160386292,14.770883961641378,16.547228298365724,17.486404157485016,-0.02566310960221034
2023-06-27,963.7017981869501,972.6711013758669,957.5229327136336,969.9304809570312,6921886,0.0,0.0,AXISBANK.NS,0.013221585294645344,0.013134942999233458,0.24320060294444334,959.4688018798828,918.7197607421875,884.914945678711,875.2128982543945,955.8338901747063,927.7763323813701,959.4688018798828,999.7651224870025,919.1724812727631,0.08399714618790585,60.30924390152951,13.199672797307699,16.674619915824156,-3.4749471185164573,14.934607067518625,16.88431589668183,17.50801390953926,-0.012780831300096445
2023-06-28,975.6607845507056,980.6437303349278,963.7017146685723,974.863525390625,10010996,0.0,0.0,AXISBANK.NS,0.0050859773256390906,0.005073087429632977,0.24952349302223964,962.6254943847656,921.0089245605469,885.977308959961,876.3230981445313,957.6462363857462,929.6228889699684,962.6254943847656,996.5656834548091,928.6853053147221,0.07051587407153685,62.102945672550504,13.19204850975109,15.978105634609543,-2.786057124858454,14.945279161316494,16.83080402915758,17.399082752915206,-0.007759856992652392
2023-06-30,973.7672963918446,986.4738088667332,972.6710725875475,984.08203125,7096350,0.0,0.0,AXISBANK.NS,0.009456201426431665,0.009411771426795655,0.2613392388593163,966.0014373779297,923.2821447753906,887.274868774414,877.3580557250976,960.1639311347227,931.758541608401,966.0014373779297,993.463961563041,938.5389131928184,0.0568581435233768,65.26225853411566,13.771117714723914,15.536708050632416,-1.7655903359085023,14.53595737000638,16.940261474667068,17.43697981665346,0.0
2023-07-03,986.6233232732941,986.6233232732941,974.6642526881633,978.750244140625,5562743,0.0,0.0,AXISBANK.NS,-0.005418031160067449,-0.005432761922807336,0.2545052635597609,968.7918853759766,925.5414111328125,888.4074914550781,878.3409414672851,961.9340561829039,933.6013534724098,968.7918853759766,987.9038925924659,949.6798781594872,0.039455341245085304,62.04073672926978,13.64254085274706,15.157874611055346,-1.5153337583082855,14.728153220730771,16.935986480902784,17.45043659238693,-0.00541803116006748
2023-07-04,978.7503024276746,981.4909229333113,965.695007258889,967.3892211914062,7396806,0.0,0.0,AXISBANK.NS,-0.011607683387291567,-0.011675578458490786,0.23994336365266844,969.7809997558594,927.6641467285157,889.2854870605469,879.1865478515625,962.4535957075232,934.9263678927626,969.7809997558594,986.1235514726409,953.4384480390779,0.033703592297427344,55.72820791629344,12.480041015046936,14.622307891853664,-2.142266876806728,14.753066154552373,17.199863714558646,17.455007322036405,-0.016962823757070557
2023-07-05,965.6950254800463,972.1728558883233,958.8185350235437,963.2035522460938,8200047,0.0,0.0,AXISBANK.NS,-0.0043267682269165775,-0.004336155776849283,0.23457841610363994,969.6962921142579,929.3424035644531,890.121127319336,879.9885534667969,962.525020139768,936.0352770830893,969.6962921142579,986.1625125610916,953.2300716674241,0.03396160340250853,53.565759213448366,11.09312833727904,13.916471980938741,-2.823343643659701,14.838488970137917,17.26786828104779,17.383652639468526,-0.021216197777116204
2023-07-06,957.7223399122131,982.736707602019,957.7223399122131,977.6043090820312,10221727,0.0,0.0,AXISBANK.NS,0.014950896726197094,0.01484023371385832,0.25303647050319755,969.9055755615234,931.3874072265625,891.1361541748047,880.8750201416016,963.9611428961741,937.6654352006949,969.9055755615234,986.6746124506924,953.1365386723544,0.03457869984809733,59.402555757669276,11.028876746598144,13.338952934070623,-2.310076187472479,15.429323226013228,17.680506396631774,17.508778706788082,-0.006582502232807383
2023-07-07,973.9130645384746,987.0814787156783,969.4737047169295,974.3619995117188,6236524,1.0,0.0,AXISBANK.NS,-0.0033165868237191587,-0.003322098888667824,0.248880666255487,970.6827514648437,933.1821984863282,892.192007446289,881.810302734375,964.9517006690832,939.1045161540684,970.6827514648437,986.7127158552041,954.6527870744833,0.033028225475666126,57.64561810295667,10.594206198471625,12.790003586950823,-2.195797388479198,16.096192080878186,17.748895351689264,17.360097553417674,-0.009877257616354074
2023-07-10,974.3619913680536,983.6397168850006,958.1010224249453,961.7422485351562,7138850,0.0,0.0,AXISBANK.NS,-0.012951809474185838,-0.0130364154864517,0.23270540181015176,970.1985931396484,934.8491674804687,893.1620251464843,882.6859747314453,964.6460385610901,939.9922703650915,970.1985931396484,986.7117566923783,953.6854295869185,0.03404079055462624,51.287302667800866,9.12621687404885,12.057246244370429,-2.9310293703215784,16.140760859924846,18.21680617285035,17.42678482950254,-0.022701138731765408
2023-07-11,965.583097735668,969.4238573789243,948.324461185316,950.9182739257812,10616390,0.0,0.0,AXISBANK.NS,-0.011254548321924296,-0.01131835998359644,0.21883185929878235,969.2006439208984,936.7261975097656,894.0282879638672,883.4636767578126,963.3386324053464,940.4207410929617,969.2006439208984,987.8192751085861,950.5820127332107,0.03842059186499522,46.5451962279432,7.00862935047337,11.047522865591018,-4.038893515117648,16.334497432625394,18.572710132434146,17.51855216805328,-0.0337001959908703
2023-07-12,954.4098648389429,955.2578057543188,944.7330725097656,947.7258911132812,10141257,0.0,0.0,AXISBANK.NS,-0.003357157917809883,-0.0033628058165872236,0.21474004827185844,967.4625640869141,938.3271057128907,894.9438494873046,884.1524169921875,961.851704663245,940.7072175643469,967.4625640869141,987.3083385944636,947.6167895793645,0.04102644431783236,45.21725600708226,5.015017370031387,9.841021766479093,-4.826004396447706,16.0078147785731,18.4803743502638,17.53216989356521,-0.036944217028877645
2023-07-13,954.0108031066665,963.6875954876132,949.8707738830849,957.8516235351562,13079930,0.0,0.0,AXISBANK.NS,0.010684241632335834,0.010627568438725163,0.22771862446807023,966.6368774414062,940.3457922363282,895.8445654296875,884.9226797485352,961.470744555808,941.3795472102611,966.6368774414062,986.6468570820298,946.6268978007827,0.04140123371578379,50.081969501341376,4.203670201116211,8.713551453406517,-4.509881252290306,16.09795860787961,17.150837696197165,17.457499267004827,-0.02665469633819589
2023-07-14,962.1413436836285,964.6852274002033,945.4813074131775,954.759033203125,5383514,0.0,0.0,AXISBANK.NS,-0.0032286736860323018,-0.00323389709907883,0.22375472165139842,965.6839660644531,942.1810437011719,896.7387713623046,885.7639337158203,960.8315339507906,941.9042329354714,965.6839660644531,986.0659037975619,945.3020283313443,0.04221243895386042,48.660712617263734,3.273391906093593,7.625519543943932,-4.352127637850339,16.611892810097427,17.173470506504138,17.01761133387051,-0.02979731070755185
2023-07-17,957.7019783905746,966.580698170858,948.1748510958538,962.5403442382812,8472444,0.0,0.0,AXISBANK.NS,0.008150026095119278,0.008116993986110524,0.23372835456688268,964.9008758544921,944.1848767089843,897.7461694335938,886.7467428588867,960.9942777876945,942.7134922022483,964.9008758544921,984.4439400168947,945.3578116920896,0.040507920868235646,52.326625504441886,3.1279691432125674,6.726009463797659,-3.598040320585092,17.186270982709743,17.210299240650794,16.56541755307905,-0.02189013347226357
2023-07-18,961.6923995413861,977.6042309854672,949.0227883239745,961.34326171875,14457717,0.0,0.0,AXISBANK.NS,-0.0012436699684298391,-0.0012444439677246981,0.23219400366310738,964.8502166748046,945.9026647949219,898.839760131836,887.853123474121,961.027514352557,943.4440713989738,964.8502166748046,984.4262767567196,945.2741565928897,0.040578443666376765,51.71483400743784,2.8828937958850247,5.957386330215133,-3.0744925343301084,18.127995625321407,15.462400028094494,16.529405848425935,-0.023106579339089016
2023-07-19,961.6924295201541,967.5783307784403,954.2103826099868,961.99169921875,7574544,0.0,0.0,AXISBANK.NS,0.0006745119311917236,0.0006742845502607524,0.23302513322012097,964.3735504150391,947.4380908203125,900.0210577392578,888.9881594848633,961.1193414826706,944.1714293526906,964.3735504150391,983.7282939315254,945.0188068985527,0.04013951545675761,52.04192693234598,2.70975691355261,5.3078604468826285,-2.5981035333300184,17.87270508975698,14.522552714364034,16.491929351969883,-0.0224476530713506
2023-07-20,961.5926560411982,977.5543554985788,955.3076881686135,975.5591430664062,15329753,0.0,0.0,AXISBANK.NS,0.014103493677413814,0.014004964731362165,0.25041509539058326,965.0162475585937,949.2119775390624,901.3649377441407,890.2959234619141,962.4945606811217,945.4023200865618,965.0162475585937,984.9817539024309,945.0507412147565,0.04137859107418799,58.39288973223779,3.625531151269911,4.971394587760085,-1.3458634364901743,18.475843021955534,14.879075442877616,16.629543974680004,-0.00866074972710132
2023-07-21,969.2741842405901,982.6421320165374,965.6828261847799,968.9749145507812,6230317,0.0,0.0,AXISBANK.NS,-0.006749184365111183,-0.006772063109926662,0.24197581337887408,965.299838256836,950.7335925292969,902.7496105957031,891.558059387207,963.1117372401369,946.3267355557468,965.299838256836,985.3239266719113,945.2757498417607,0.04148781056720229,54.61311157590767,3.776463892950005,4.732408448798069,-0.9559445558480641,18.833002682428873,14.332949777399179,16.649477626995562,-0.015351481095564156
2023-07-24,971.1197827748352,982.5922542544857,966.4808895165734,969.1744384765625,9167788,0.0,0.0,AXISBANK.NS,0.00020591237480460656,0.00020589117776133014,0.24223155156805687,966.002001953125,951.9661999511719,904.026654663086,892.7504351806641,963.6891373578918,947.2227239055828,966.002001953125,985.5027683610319,946.5012355452182,0.04037417390125277,54.708785827933546,3.8675958539530484,4.5594459298290655,-0.6918500758760171,18.855534758392448,13.813324966624949,16.315935119679505,-0.015148729780688697
2023-07-25,975.3097424302705,975.3097424302705,951.5167976207896,960.1959838867188,13448045,0.0,0.0,AXISBANK.NS,-0.009264023310351588,-0.009307201248809066,0.23072348951747612,966.1481109619141,952.9165905761719,905.1436535644531,893.9499908447266,963.356456074923,947.7314791989608,966.1481109619141,985.4159239055027,946.8802980183254,0.039885836809027686,49.6380533384298,3.1786903763018017,4.283294819123613,-1.1046044428218114,19.601150754442546,14.069722302126198,15.889863267715059,-0.02427241490522973
2023-07-26,964.535537018173,977.6540829976909,960.9940471606344,974.4617309570312,8298226,0.0,0.0,AXISBANK.NS,0.01485712011892315,0.01474783422921502,0.24900849623441745,966.3746734619141,954.1124328613281,906.373910522461,895.1209671020508,964.4141013017905,948.7797243659439,966.3746734619141,985.9341066016575,946.8152403221707,0.04048002017617917,56.53190375533031,3.7407335390068965,4.17478256310027,-0.4340490240933734,19.06141728452585,14.31271104800744,16.040891652181468,-0.009775912970129998
2023-07-27,986.9816883223583,987.63015672027,953.4621437226243,957.6022338867188,17858061,0.0,0.0,AXISBANK.NS,-0.0173013434337278,-0.017452760698976284,0.227398971289422,965.5116088867187,955.0308801269531,907.5377233886719,896.1463555908203,963.7653520241646,949.1257051314645,965.5116088867187,985.0171371037313,946.0060806697061,0.04040454415561805,48.14428195620283,2.7935341590042526,3.8985328822810663,-1.1049987232768137,20.24429149873277,14.977393894122642,16.22683804532416,-0.02690811997618339
2023-07-28,957.6022192953338,967.4286160462416,939.9445773118847,947.676025390625,8504392,0.0,0.0,AXISBANK.NS,-0.010365690622718415,-0.010419788560141018,0.214676133282393,963.69130859375,955.7527966308594,908.3924908447266,897.1191229248047,962.2330352019228,949.0688549455492,963.69130859375,982.6882021687873,944.6944150187128,0.039425267003306536,44.0046018175442,1.22775693955316,3.3643776937354852,-2.136620754182325,20.38324466118289,15.246026955627388,16.318864279150777,-0.03699488935198968
2023-07-31,952.4146499294641,956.3052775703625,946.0299459031511,951.6165771484375,6601991,0.0,0.0,AXISBANK.NS,0.004158121185125818,0.004149500089342021,0.21972690384526117,962.3346252441406,956.3671630859375,909.4829931640625,898.006203918457,961.2219439587337,949.1687656201723,962.3346252441406,980.6672544326756,944.0019960556057,0.03810032125547604,45.990030670683474,0.3013628828906576,2.7517747315665195,-2.450411848675862,19.610097195011683,15.23581190565789,16.285704528804615,-0.03299059740001985
2023-08-01,953.7115452773517,961.6923950286265,949.7211204017142,957.6022338867188,8409096,0.0,0.0,AXISBANK.NS,0.006289987881692438,0.0062702884707991355,0.227398971289422,961.8452758789062,957.2307983398438,910.5615979003907,898.879861755371,960.8772096661609,949.4994898659191,961.8452758789062,980.1322426114996,943.5583091463129,0.03802475760123317,48.950966340656066,0.049609525506411956,2.211341690354498,-2.161732164848086,19.713421579465905,14.653168857043159,16.30363853150023,-0.02690811997618339
2023-08-02,949.2222822906164,956.6045923939507,934.3579258213549,942.9872436523438,9324465,0.0,0.0,AXISBANK.NS,-0.015262067816044667,-0.015379731906434314,0.20866632495225934,960.8344604492188,957.8300378417969,911.425785522461,899.565089416504,959.1734033791307,949.2441076614653,960.8344604492188,980.948911820968,940.7200090774696,0.04186871349794233,42.78355003594953,-1.314066650975633,1.5062600220884719,-2.8203266730641046,20.233607557396756,14.99183316276927,16.190125029192835,-0.04175951424034931
2023-08-03,941.8400684259062,944.3340841360575,924.930690622325,933.310546875,17076611,0.0,0.0,AXISBANK.NS,-0.010261747274400324,-0.010314761997275856,0.19626329658652097,958.6197723388672,958.2048498535156,912.1787554931641,900.2353192138672,956.7102741882611,948.6192621404275,958.6197723388672,980.6247914227358,936.6147532549985,0.04590979597714786,39.25683355077528,-3.1394290204749495,0.5771222135757876,-3.716551234050737,20.24785566644724,15.05139230589656,16.246485091573405,-0.05159273593331348
2023-08-04,944.7330873809358,952.5642718277866,932.412674958146,949.9705200195312,12376086,0.0,0.0,AXISBANK.NS,0.01785040702723628,0.017692959420052053,0.21761708334233387,957.4001983642578,958.8460913085937,913.0300592041016,900.9963232421875,956.0683928388582,948.6722526454904,957.4001983642578,978.412945091788,936.3874516367276,0.04389543006870264,47.30979252188122,-3.2047785574650334,-0.17925794063237654,-3.0255206168326567,20.372552080349838,16.00946249271241,16.480894661998587,-0.03466328024213556
2023-08-07,949.9705068423926,952.7139239007455,942.2889269011943,945.1321411132812,10922609,0.0,0.0,AXISBANK.NS,-0.005093188477207189,-0.005106202970624833,0.2114155300438041,956.569692993164,959.2729663085937,913.9914361572265,901.6651177978515,955.02684505547,948.5334247422664,956.569692993164,978.164774253372,934.9746117329561,0.045151088140030146,45.426250919336624,-3.605424192272494,-0.8644911909604002,-2.740933001312094,19.075663104496876,15.89071767183996,16.39579593076304,-0.0395799220998313
2023-08-08,947.7259360784058,957.6022622942126,941.7901667219988,950.6190185546875,11512735,0.0,0.0,AXISBANK.NS,0.005805407733719958,0.005788621291005257,0.21844829113066888,956.5547302246093,959.7527734375,915.2025158691406,902.3503848266602,954.6070520553955,948.6152127349104,956.5547302246093,978.1667069267451,934.9427535224736,0.04518712002409107,47.956708138834244,-3.4405332647613704,-1.3796996057205944,-2.0608336590407763,19.25024506190832,15.973624736817808,16.33753837307743,-0.034004291951969835
2023-08-09,949.721103515625,951.0179793993384,942.0395235887916,947.7258911132812,7701831,0.0,0.0,AXISBANK.NS,-0.0030434142226660743,-0.003048054825641329,0.21474004827185866,956.5547302246093,960.0222387695312,916.379682006836,902.9539166259766,953.9517033942418,948.5803373771995,956.5547302246093,978.1667069267451,934.9427535224736,0.04518712002409107,46.72642588095999,-3.502927652894641,-1.8043452151554038,-1.6985824377392373,18.302515667664142,15.475330077236963,16.349801780135124,-0.036944217028877645
2023-08-10,945.7307399740623,949.671296901765,935.0563407522403,937.50048828125,13590891,0.0,0.0,AXISBANK.NS,-0.01078940960452146,-0.010848037371685002,0.2016337203280374,955.5371734619141,960.5376550292968,917.5422930908203,903.5262530517579,952.3849210025284,948.1458334910839,955.5371734619141,978.7492033243794,932.3251435994488,0.04858425293569286,42.56968129125725,-4.327594391988441,-2.3089950505220114,-2.01859934146643,18.135062118933224,15.640376188259905,16.377762372763804,-0.047335020343356154
2023-08-11,935.2558126509883,943.436195670119,930.7665847502635,934.95654296875,9558237,0.0,0.0,AXISBANK.NS,-0.002713540253364455,-0.0027172285775060984,0.19837303885812707,954.5470489501953,960.9055224609375,918.6146868896484,903.7143905639648,950.7250754755019,947.6286064117767,954.5470489501953,979.5213177603365,929.5727801400541,0.052326952008510744,41.578681598612434,-5.127319304902585,-2.8726599013981264,-2.2546594035044585,17.88922256050059,15.310379013336803,16.1174321332331,-0.04992011511362509
2023-08-14,932.7617883498599,941.0419075552627,926.6764149419139,937.699951171875,7172522,0.0,0.0,AXISBANK.NS,0.002934262799438647,0.002929966253096015,0.20188938028589876,953.305029296875,961.2006958007812,919.6462475585937,903.8711499023437,949.484587446585,947.2392473827609,953.305029296875,979.0639180640183,927.5461405297317,0.05404123124398525,43.116574898505846,-5.476606040356387,-3.3934491291897784,-2.0831569111666086,17.215833117919722,15.323624096014088,16.088053053953644,-0.047132331050908007
2023-08-16,933.7094884411482,937.7497811715781,929.0705954871806,930.81640625,7394623,0.0,0.0,AXISBANK.NS,-0.007340882244125546,-0.007367959113642225,0.1930664518747549,951.7786865234375,960.8648852539062,920.6074780273437,904.0263787841797,947.7066654278626,946.5952143971624,951.7786865234375,979.1022919177971,924.4550811290779,0.05741587993352637,40.2533018661837,-6.236966968848947,-3.962152697121612,-2.2748142717273345,16.588767873164386,15.124817911848352,16.120120578527555,-0.05412722040289769
2023-08-17,933.7095660844874,940.7426778503086,929.4198714597991,934.30810546875,9336994,0.0,0.0,AXISBANK.NS,0.0037512222553286456,0.003744203967087909,0.19754190930111348,950.3945068359375,960.2530932617187,921.4237420654297,904.1377758789063,946.4306120984232,946.1133669882051,950.3945068359375,978.3374890515129,922.4515246203621,0.058802911874150966,42.34484121535882,-6.483074687752264,-4.466337095247743,-2.016737592504521,14.956967401226093,15.162714272209138,16.02050712302396,-0.0505790413813635
2023-08-18,932.6121582533107,943.6856239218536,928.821266763245,940.7925415039062,6648744,0.0,0.0,AXISBANK.NS,0.006940361532990158,0.0069163880829089894,0.20585328310257056,948.6561767578125,959.6005712890625,922.3641473388672,904.3418890380859,945.8936529941835,945.9047071652915,948.6561767578125,974.2331059349989,923.0792475806262,0.05392244272229308,46.11727600697984,-6.084735983943119,-4.790016872986818,-1.2947191109563008,14.055561574386925,14.59905463965791,16.01151328196852,-0.04398971668155205
2023-08-21,941.9397855724528,951.9657156977736,941.6903840226237,950.3196411132812,6822155,0.0,0.0,AXISBANK.NS,0.010126674255033441,0.01007574304321917,0.21806456649991302,947.7234130859375,959.4305944824218,923.4082946777344,904.5789379882813,946.3151756721928,946.0778418299186,947.7234130859375,971.4759387176366,923.9708874542384,0.05012543808400196,51.17229782778944,-4.943308985237309,-4.820675295436917,-0.12263368980039147,14.119693183433778,14.948446440043062,16.051575320176003,-0.03430851195792398
2023-08-22,951.5666810794194,956.8041138031537,946.3791773785815,954.759033203125,10860061,0.0,0.0,AXISBANK.NS,0.004671472521227793,0.0046605950561675,0.22375472165139865,947.0026428222657,959.0972668457031,924.5855316162109,905.0088497924804,947.1193525799007,946.4182807072992,947.0026428222657,968.8095949518565,925.1956906926748,0.04605468061757797,53.36766967983058,-3.63855502768547,-4.584251241886628,0.945696214201158,14.009240454695194,14.570324759413166,16.047591595158913,-0.02979731070755185
2023-08-23,959.697176619942,978.1030234221159,956.1058186098329,976.9058837890625,12677151,0.0,0.0,AXISBANK.NS,0.023196272374231386,0.022931328170143754,0.2521412694940761,947.8381378173829,959.2178393554688,926.0495141601563,905.5903561401367,949.9561650760114,947.6138729850154,947.8381378173829,972.8223793760924,922.8538962586733,0.05271837154863074,62.44036494040372,-0.8081465523471252,-3.8290303039787275,3.0208837516316023,14.016360608525702,15.678536159607795,16.286230819409123,-0.007292224868512454
2023-08-24,982.442546931477,991.8699374435503,976.756179567921,979.0007934570312,11899556,0.0,0.0,AXISBANK.NS,0.002144433463583395,0.002142137447992727,0.254826403133513,948.0650909423828,959.14810546875,927.5434143066407,906.179845275879,952.722320159918,948.844732611369,948.0650909423828,974.1268547885944,922.0033270961711,0.054978849227126564,63.17030193040171,1.5857348938938003,-2.746077264404222,4.331812158298023,13.709958062946896,15.628319674089013,16.285320039953323,-0.0051634290959611
2023-08-25,971.6684508890794,985.834471283137,968.4760988315514,980.7466430664062,6228241,0.0,0.0,AXISBANK.NS,0.0017832974406588598,0.0017817092536375034,0.2570641318466922,949.2223114013672,959.2757312011719,928.9536199951172,906.7578833007813,955.3913032938692,950.0957879233313,949.2223114013672,978.8750998921129,919.5695229106215,0.062478068908785656,63.80166448668833,3.58248203692267,-1.480365404138844,5.062847441061514,13.510442033085821,15.36616701573021,16.278193158865285,-0.003389339585194006
2023-08-28,977.7538523475707,990.1241940903152,977.7538523475707,987.8297119140625,8451441,0.0,0.0,AXISBANK.NS,0.007222118880275019,0.00719616426964932,0.2661427984470186,951.2299957275391,959.5559802246094,930.2761981201172,907.3471685791015,958.4806755434114,951.575549648458,951.2299957275391,985.5171478614759,916.9428435936022,0.07209014073975378,66.32398717378689,5.671090196237969,-0.050074284063481356,5.721164480301451,13.649395229028196,15.42454551204603,16.216989435676457,0.0
2023-08-29,987.8296759355306,988.6277487213704,975.1600649597776,978.3524169921875,8114141,0.0,0.0,AXISBANK.NS,-0.009594057363906727,-0.009640376831425016,0.2539953518078204,952.5667877197266,959.5589855957031,931.4432116699219,907.8853305053711,960.3732223480567,952.625622877624,952.5667877197266,988.9387776378496,916.1947978016035,0.07636627769731728,60.272287904749376,6.486812775195858,1.2573031277883866,5.229509647407472,13.48193724255527,15.584410468057097,16.283162032510347,-0.009594057363906755
2023-08-30,980.6468949003569,995.6109879049402,977.6540762994402,980.9960327148438,9023083,0.0,0.0,AXISBANK.NS,0.0027021098703714497,0.0026984657345897906,0.2573837850253402,953.7364776611328,959.93177734375,932.6775213623047,908.5861990356445,962.337299525846,953.7381879692797,953.7364776611328,992.2329042952487,915.2400510270169,0.08072759621928577,61.33216422906507,7.2628745938483235,2.458417421000374,4.8044571728479495,14.123255513623349,15.586031757182168,16.2455277040679,-0.0069178716906353336
2023-08-31,979.4497973749469,992.3189422675721,966.2813827871787,971.169677734375,21558300,0.0,0.0,AXISBANK.NS,-0.010016712252418514,-0.010067217059037193,0.2447889334598845,955.1455993652344,959.9246704101563,933.8987762451172,909.2030548095703,963.1784784028487,954.421775803205,955.1455993652344,994.0463869517923,916.2448117786764,0.08145519931706838,55.41433328054063,7.004263660232709,3.367586668846841,3.636676991385868,14.939155751542541,15.893794061994853,16.02075706319827,-0.016865289612929622
2023-09-01,971.9178357296834,990.6229518907627,966.6804032045811,988.7774047851562,10946742,0.0,0.0,AXISBANK.NS,0.018130433285209246,0.01796803691999133,0.26735749617214566,957.9189422607421,960.4461145019532,935.3419519042968,909.9064547729492,965.61647139164,955.7690553711248,957.9189422607421,998.1512643225129,917.6866201989714,0.08399942894295474,62.41289332370821,8.126432594810012,4.319355854039475,3.807076740770537,15.744365591994406,16.235450677479786,16.24083474412143,0.0
2023-09-04,991.3712145930849,992.1692874182171,977.6541286050045,979.8987426757812,6727188,0.0,0.0,AXISBANK.NS,-0.008979434669933783,-0.00901999276851406,0.255977342331817,959.4153533935547,960.77802734375,936.6370440673828,910.5273413085938,966.9766877044153,956.7153176183663,959.4153533935547,1000.6175200263704,918.2131867607391,0.0858901548470726,57.51069415670096,8.204746519502464,5.096433987132073,3.108312532370391,15.755056034841816,16.334538376439028,16.25765853208786,-0.0089794346699338
2023-09-05,983.091071894129,983.8392765669051,975.5591570326598,979.1006469726562,10548660,0.0,0.0,AXISBANK.NS,-0.0008144675244154964,-0.0008147993832940818,0.2549543895750861,961.1137786865235,961.2574169921875,937.9465771484375,911.1604321289062,968.1313504918669,957.5931736714757,961.1137786865235,1002.6361143451924,919.5914430278546,0.08640462051311787,57.07671612917763,8.108936444074857,5.69893447852063,2.410001965554227,15.726551309830954,16.338403218467807,16.201699629654147,-0.009786588736423026
2023-09-06,979.1006344891216,980.7965772369347,959.4976479567042,962.7398681640625,16351052,0.0,0.0,AXISBANK.NS,-0.0167100071470494,-0.016851194352511444,0.23398409275606546,961.7198211669922,961.36673828125,938.959956665039,911.6977673339844,967.6178759844569,957.7950048280478,961.7198211669922,1002.949994405633,920.4896479283515,0.08574258808269189,48.92605213995325,6.6363286857856565,5.886413319973635,0.7499153658120212,16.439131516239595,16.8551036589515,15.910764790658838,-0.026333061915741536
2023-09-07,962.7398525327949,977.454544004202,960.7945082621547,975.8583984375,8686550,0.0,0.0,AXISBANK.NS,0.013626245995664865,0.013534243529000938,0.25079866355869695,963.1264465332031,961.4852966308594,940.1025286865234,912.2957116699218,968.4026876466514,958.5033732048892,963.1264465332031,1004.2658795835351,921.987013482871,0.08542893448397029,54.53265160009822,6.453440934741707,5.99981884292725,0.4536220918144567,16.567394272199504,16.765264370331266,15.936516233612139,-0.013065636699559615
2023-09-08,975.858420425993,984.9366127081339,970.1720527717824,977.953369140625,6439351,0.0,0.0,AXISBANK.NS,0.0021467978412434974,0.002144496763468616,0.25348387542945505,965.1490905761718,961.5470935058594,941.2780090332031,912.8500662231445,969.3122763603632,959.2661181435454,965.1490905761718,1004.9392709034639,925.3589102488797,0.0824539560070212,55.3751219019222,6.403729494318554,6.080600973205511,0.323128521113043,16.823921825234088,15.938143745510338,15.765852262463861,-0.010946888138977165
2023-09-11,979.4497974015362,1001.5966681785131,976.6565120983709,998.0053100585938,7130484,0.0,0.0,AXISBANK.NS,0.020503984699791422,0.02029660791451599,0.27918528963269584,968.3015289306641,961.8255590820313,942.553851928711,913.5046804809571,972.0449462363852,960.785302140214,968.3015289306641,1008.0101028844234,928.5929549769047,0.08201696014589835,62.531377525181824,7.8913898407842,6.44275874672125,1.44863109406295,17.860723229203384,16.566141326524285,16.05714025905914,0.0
2023-09-12,1007.5822815964099,1007.5822815964099,995.660875096741,998.5040893554688,8958327,0.0,0.0,AXISBANK.NS,0.0004997761954250723,0.0004996513488974653,0.2798245959899921,971.3417358398438,962.2206359863281,943.8810235595703,914.1386178588867,974.5648646286788,962.2644702663024,971.3417358398438,1010.4920331425255,932.191438537162,0.08061075903184901,62.69164727621912,9.006793989580387,6.955565795293078,2.05122819428731,17.044824392108946,16.55441044208886,16.05317285944736,0.0
2023-09-13,1000.5491956622612,1014.565551227565,991.3213378954422,1012.0216674804688,12254423,0.0,0.0,AXISBANK.NS,0.01353782950826532,0.013447011825830949,0.29715064317098916,975.4019989013672,963.1132849121094,945.3887158203125,914.8209591674805,978.1321791859922,964.2157329021521,975.4019989013672,1013.6900545545057,937.1139432482287,0.07850723229245746,66.83234693578669,10.856369922516592,7.735726620737781,3.120643301778811,17.625571210429914,16.86111227701835,16.015974361894642,0.0
2023-09-14,1012.0216046985313,1019.9525860325733,1006.6345069537728,1018.4561767578125,7855558,0.0,0.0,AXISBANK.NS,0.006358074618464604,0.006337947330851956,0.3053980237516596,979.6094024658203,964.2183374023438,946.7803704833984,915.4896295166016,981.972559907118,966.342809131786,979.6094024658203,1017.3740238529117,941.8447810787288,0.07710138610763098,68.61781490182791,12.695042747681782,8.727589846126582,3.9674529015552,17.33697882665956,16.0960155429472,15.955454695696721,0.0
2023-09-15,1018.5561027251692,1029.2803711916683,1012.1215294674577,1024.69140625,8986157,0.0,0.0,AXISBANK.NS,0.0061222364147635044,0.0061035716666651045,0.31338997906843225,983.804345703125,965.1600793457031,948.2737432861328,916.1697933959961,986.0410214635829,968.6309894109316,983.804345703125,1022.0500303730811,945.558661033169,0.07775059103367117,70.28700370965291,14.488322752556314,9.879736427412528,4.608586325143786,17.67901453962143,15.650971176823239,15.973284721037432,0.0
2023-09-18,1019.1047057608484,1027.4347549170495,1016.5608218682338,1022.2970581054688,6397319,0.0,0.0,AXISBANK.NS,-0.0023366528985480084,-0.0023393871320656822,0.31032104256691806,987.4032165527344,966.1187805175781,949.6504895019531,916.8337496948242,989.4939773342386,970.7355411244429,987.4032165527344,1025.9270435451629,948.8793895603061,0.07803058840931157,68.7742518412746,15.537202986981924,11.011229739326408,4.525973247655516,17.49374663156593,15.088520896309696,15.963155099469548,-0.0023366528985479624
2023-09-20,1009.8767878452892,1044.9925397848435,1009.8767878452892,1024.8409423828125,13619788,0.0,0.0,AXISBANK.NS,0.0024884002718916776,0.002485309330539405,0.31358164580550696,990.9073120117188,967.3807543945312,951.1149609375,917.4670739746093,992.8603549579123,972.8573215659476,990.9073120117188,1029.677272787743,952.1373512356945,0.07825143745748396,69.52472478675216,16.38484404762221,12.08595260098557,4.29889144663664,18.719378083998386,14.916329120888813,15.76515260520957,0.0
2023-09-21,1024.1425468245343,1031.125790539965,1009.6772562711424,1012.0216674804688,8156588,0.0,0.0,AXISBANK.NS,-0.012508550714746214,-0.012587441195990793,0.29715064317098894,992.6631011962891,968.602822265625,952.6645098876953,918.0233465576172,994.6852418648224,974.3931782684779,992.6631011962891,1031.94050042845,953.3857019641282,0.07913540693680757,61.50297510899278,15.839608202095178,12.836683721207493,3.0029244808876854,18.39159056888619,15.521922501884076,15.918577859450902,-0.01250855071474625
2023-09-22,1007.5823094971842,1024.7910172583984,1005.5870970031303,1015.8125610351562,7108110,0.0,0.0,AXISBANK.NS,0.0037458620467338832,0.003738863776422936,0.30200959053413956,994.5036895751953,969.9645556640625,954.1458306884765,918.5920953369141,996.6973675000922,976.0174677887399,994.5036895751953,1034.5283542236734,954.4790249267171,0.08049173686942238,62.867395046342246,15.534328228314394,13.376212622628874,2.15811560568552,18.053117109535226,15.449668974388238,15.923460974097708,-0.00880954397339431
2023-09-25,1012.7699017646486,1023.5440373483997,1002.7439708865614,1016.5109252929688,7123890,0.0,0.0,AXISBANK.NS,0.0006874932291651703,0.0006872570139531353,0.3029047133119398,996.2919036865235,971.1377416992187,955.7417669677734,919.193984375,998.5843730041757,977.6054465143959,996.2919036865235,1036.9198260453966,955.6639813276504,0.08155827064044152,63.12666868472429,15.173829349441917,13.735735967991483,1.4380933814504342,18.502039084437058,14.950816770892834,15.905665357641016,-0.008128107246062978
2023-09-26,1016.5607167837618,1018.2566594998765,1008.5798671917402,1011.7223510742188,6387615,0.0,0.0,AXISBANK.NS,-0.004710794640372273,-0.004721925403694944,0.29676699677155405,997.4865356445313,972.2770080566406,957.2290258789062,919.7447738647461,999.8356090108465,978.9433643402714,997.4865356445313,1038.4703076932776,956.5027635957849,0.08217408573292563,60.03145445827657,14.336471551115096,13.855883084616206,0.4805884664988902,18.60180142542927,15.02518515187522,15.93548799264108,-0.01280061204238415
2023-09-27,1007.5324156199742,1025.489266718604,1001.5966464240136,1022.745849609375,5158686,0.0,0.0,AXISBANK.NS,0.010895774441922468,0.010836843173018824,0.310896277472106,999.7062072753906,973.4811181640625,958.8329974365234,920.3008511352539,1002.0175366868968,980.6611088606285,999.7062072753906,1041.13289601911,958.2795185316712,0.08287772636047558,64.36330239053493,14.396410805360233,13.963988628765012,0.432422176595221,18.787065069312128,15.213042087767958,15.946675722272118,-0.0020443101819939903
2023-09-28,1024.541562459703,1035.4653015857891,1022.7458225971219,1028.4322509765625,15818489,0.0,0.0,AXISBANK.NS,0.0055599359013378535,0.005544536511104269,0.3181847767481534,1002.0780181884766,974.8228979492187,960.3627813720703,920.7622821044922,1004.5332237621031,982.534486982822,1002.0780181884766,1044.416044596907,959.739991780046,0.0845004593254482,66.3870846516248,14.732926161420664,14.117776135296143,0.6151500261245211,18.50559672978498,14.911780304821374,15.901370398455446,0.0
2023-09-29,1028.4322190332261,1038.5080169360645,1022.0475152267032,1034.21826171875,9528626,0.0,0.0,AXISBANK.NS,0.005626049491051388,0.0056102823846510665,0.325600949540489,1005.2304473876953,976.2674291992188,961.8527600097656,921.2807965087891,1007.3603702341647,984.5613016783486,1005.2304473876953,1047.2663438978307,963.1945508775599,0.08363434796344378,68.35624360281659,15.290243309717539,14.352269570180423,0.9379737395371155,18.626735427857106,14.925813300544158,15.909702415180025,0.0
2023-10-03,1032.5224171761674,1042.1991486065783,1030.128137940139,1038.5579833984375,11589322,0.0,0.0,AXISBANK.NS,0.004196137160134228,0.004187357927275726,0.33116335294436516,1007.7194763183594,977.5274060058593,963.3696917724609,921.7963436889648,1010.331571487905,986.6788186085482,1007.7194763183594,1051.5119187653918,963.9270338713271,0.08691395467918374,69.78596257571826,15.898828636139228,14.661581383372186,1.2372472527670428,17.707510755449757,14.890957137377821,15.916362552412913,0.0
2023-10-04,1032.8715858941166,1034.5176605292681,986.4828961982525,993.1668701171875,22584212,0.0,0.0,AXISBANK.NS,-0.04370590184355261,-0.04468977918552788,0.2729836581028444,1008.3828826904297,978.0112451171875,964.3724188232422,922.0552868652344,1008.6968380240271,986.9332520010439,1008.3828826904297,1050.7805701647521,965.9851952161072,0.08409045453291066,46.24870482643554,12.573513759633215,14.243967858624393,-1.6704540989911774,20.57563080548662,20.042584877866567,17.614157992498733,-0.04370590184355256
2023-10-05,997.606229461282,1006.7842189501363,986.5328246698826,1000.8484497070312,7950412,0.0,0.0,AXISBANK.NS,0.007734429954290967,0.0077046725899421265,0.282829461039398,1009.4702728271484,978.6447253417969,965.3054626464843,922.3636007690429,1007.9493724700275,987.4789460287298,1009.4702728271484,1049.769413592758,969.171132061539,0.0798421545445745,49.36138157662308,10.437697755182967,13.482713837936108,-3.0450160827531416,20.361858016067394,20.103618134601515,17.627236032067824,-0.0363095121256597
2023-10-06,1002.5942480791412,1005.5870667301236,997.0076776195943,998.553955078125,5289753,0.0,0.0,AXISBANK.NS,-0.0022925495159410447,-0.0022951814308822104,0.2798885109794571,1011.2609771728515,979.411884765625,966.1642376708984,922.681619567871,1007.0545708136558,987.9132601090982,1011.2609771728515,1045.5519960300817,976.9699583156213,0.06781833696994113,48.4586929339303,8.46235290659638,12.478641651668163,-4.016288745071783,20.023380161190875,19.06011285297477,17.631813278331098,-0.038518820287153054
2023-10-09,992.4186321769971,997.3069268958444,985.8843237672277,993.8651733398438,6823214,0.0,0.0,AXISBANK.NS,-0.004695571745959803,-0.004706630574900448,0.27387870264932346,1012.1613159179688,979.7999536132812,966.9561932373047,922.9913928222657,1005.7984377209118,988.1466684710883,1012.1613159179688,1043.3431614814317,980.9794703545058,0.06161437919642863,46.58393791537271,6.44424711269437,11.271762743873404,-4.827515631179034,19.702722274525634,19.121228638124638,17.612177593730898,-0.04303352414888479
2023-10-10,997.5064314461529,1012.5203920923382,994.1145461203287,1009.8268432617188,5728499,0.0,0.0,AXISBANK.NS,0.016060196443181907,0.01593259586886774,0.2943374448586573,1013.7549896240234,980.8444458007813,967.9376629638672,923.3256631469726,1006.1820953914648,988.9968714040543,1013.7549896240234,1040.520760431122,986.9892188169248,0.05280520654606169,53.21900443275312,6.062966987448476,10.230003592588421,-4.167036605139945,20.25852839621697,19.640394537436244,17.286561548155756,-0.027664454557176317
2023-10-11,1016.5607861898477,1023.1948922217821,1009.577542320045,1016.6605224609375,7396783,0.0,0.0,AXISBANK.NS,0.00676717918999481,0.006744384611779175,0.30309645828033593,1014.6877502441406,982.2241357421875,968.9884661865234,923.6764126586914,1007.1800408266528,990.0817204651086,1014.6877502441406,1040.4229183995121,988.9525820887691,0.050725295834466264,55.75306808902874,6.240286403931918,9.43206015485712,-3.1917737509252024,18.72292825065859,19.628408679562536,17.29815646682379,-0.021084485688363488
2023-10-12,1019.5535749269535,1028.5320310662319,1012.5204631289959,1016.0120849609375,4920222,0.0,0.0,AXISBANK.NS,-0.000637811231649299,-0.0006380147197621777,0.30226532872332235,1015.5631500244141,983.5120458984375,969.9396044921875,924.1108721923828,1008.0211878870608,991.0985975041607,1015.5631500244141,1040.1457119529393,990.9805880958888,0.04841168553217845,55.4461533811875,6.256370289735855,8.79692218183287,-2.540551892097014,18.334573512688117,19.377029733991353,17.273376092662406,-0.02170884899822717
2023-10-13,1006.5846966646947,1009.0288441317307,989.8747921363165,991.6704711914062,12173162,0.0,0.0,AXISBANK.NS,-0.023957996297324646,-0.024249656914481638,0.2710656607996347,1014.5455902099609,984.1934106445312,970.7121044921874,924.487156677246,1006.463976773189,991.1210239232684,1014.5455902099609,1041.3314686999997,987.7597117199219,0.052803696055680534,45.35311398023408,4.255892802243807,7.8887163059150565,-3.6328235036712497,18.829814410499043,20.708167561394525,17.228596392758277,-0.04514674477163313
2023-10-16,987.6300943900685,1007.0335463010971,987.6300943900685,1002.3946533203125,4646960,0.0,0.0,AXISBANK.NS,0.010814259817600647,0.010756203889457224,0.2848112951007522,1013.7425140380859,985.3815588378907,971.6057983398438,924.9815911865235,1006.0764221586294,991.563127036878,1013.7425140380859,1040.9937798288174,986.4912482473543,0.053763683407496404,49.69760318764553,3.4955572448081966,7.010084493693685,-3.5145272488854884,18.730056228298356,20.67383676686107,17.056627338807743,-0.0348207135819119
2023-10-17,1006.434974625059,1012.2710073363514,1000.6987390656211,1005.6369018554688,6105067,0.0,0.0,AXISBANK.NS,0.0032345030217555415,0.00322928326936464,0.28896702111714134,1012.7897888183594,986.8280859375,972.5164678955078,925.382113647461,1006.0345630821379,992.1150397748619,1012.7897888183594,1039.7602153727094,985.8193622640093,0.05325967313674619,50.96680391082973,3.1186582468319557,6.23179924432134,-3.113140997489384,18.86544736848364,20.05135856959392,17.004683271784046,-0.03169883826345663
2023-10-18,1007.582298949754,1011.672460164127,986.9817058086751,990.4733276367188,7818946,0.0,0.0,AXISBANK.NS,-0.015078577755820333,-0.015193415363583774,0.2695312316645384,1011.1986022949219,987.6381420898438,973.2421166992187,925.6893777465821,1004.5525406587647,992.0506589066994,1011.1986022949219,1039.5281195212458,982.869085068598,0.056031559304037554,45.22016702531898,1.5781968919721976,5.301078773851511,-3.7228818818793137,18.922456944259448,20.380878190248154,17.006735205436264,-0.04629944262175231
2023-10-19,977.3548502265622,996.60863857375,977.3548502265622,989.02685546875,4836625,0.0,0.0,AXISBANK.NS,-0.0014603847752469035,-0.0014614521764303174,0.2676772275821151,1009.4078979492188,988.5160363769531,973.8945013427734,926.0267816162109,1003.0739039740013,991.9320783797209,1009.4078979492188,1038.620396420681,980.1953994777565,0.05788046344953766,44.702381152650275,0.23790948212183594,4.288444915505576,-4.0505354333837404,19.38919332701092,20.385188232011377,16.872256837679732,-0.04769221239589194
2023-10-20,986.6325530346243,990.523241653981,975.4094830430778,978.0032348632812,5664400,0.0,0.0,AXISBANK.NS,-0.011145926467531653,-0.011208507758090559,0.2535477904189205,1007.7069763183594,989.063720703125,974.4082470703125,926.2599856567383,1000.6862212015518,991.3858492222134,1007.7069763183594,1040.0702635187852,975.3436891179335,0.06423154341684632,40.86230565832948,-1.6942616078794117,3.0919036108285787,-4.786165218707991,19.292997391406775,20.039826513289995,16.97938729942794,-0.05830656497098509
2023-10-23,977.6541295951773,982.5424245987747,958.7993470259346,961.99169921875,5896695,0.0,0.0,AXISBANK.NS,-0.016371659186556364,-0.01650715570277284,0.2330251332201212,1005.0159332275391,989.3490368652343,974.6856378173828,926.4171182250976,997.0010286317612,990.2331374573718,1005.0159332275391,1043.00323858865,967.0286278664282,0.07559542909756123,36.0220240560598,-4.466036540545247,1.580315580553814,-6.04635212109906,20.126716456149683,20.230808627927864,17.08240953300044,-0.07372364894749765
2023-10-25,957.7019990873952,971.6684865740864,949.1226097011919,953.1629028320312,6957048,0.0,0.0,AXISBANK.NS,-0.009177622212217407,-0.009219996046909552,0.22170889436925778,1001.8485321044922,989.66228515625,975.0999700927734,926.490990600586,992.8259690317869,988.7794027661819,1001.8485321044922,1045.8828998354732,957.8141643735111,0.08790623795890992,33.65475616572023,-7.291051523875808,-0.1939578403321105,-7.097093683543697,18.017487147057505,20.372791659049344,17.095296952252266,-0.08222466336156876
2023-10-26,953.7115163461261,972.6660339304111,950.4692962330248,969.7230834960938,17540495,0.0,0.0,AXISBANK.NS,0.017373924871455948,0.017224723897296363,0.2429347729148188,999.748568725586,990.3576159667969,975.6315692138672,926.5445166015625,990.6256942188638,988.0320961281393,999.748568725586,1045.761671082377,953.7354663687948,0.09204934879865959,41.42982226926902,-8.100253392042873,-1.775216950674263,-6.32503644136861,18.156440248281267,20.107169060254975,17.345765664903993,-0.06627930361393755
2023-10-27,977.6540684991274,1002.3448217596922,970.970094832599,1000.349609375,13443016,0.0,0.0,AXISBANK.NS,0.031582754293617565,0.031094277449891714,0.28219007645078076,998.6287567138672,991.6106091308594,976.4056524658204,926.7753430175782,991.5517813765911,988.5151358633103,998.6287567138672,1043.3574906513572,953.9000227763772,0.08958030426577418,52.51345686089974,-6.198791214175117,-2.659931803374434,-3.538859410800683,19.873750902071922,22.201454097328686,18.118901753875218,-0.036789832281111115
2023-10-30,1000.3496444881126,1000.3496444881126,976.8560300115275,986.8320922851562,5270567,0.0,0.0,AXISBANK.NS,-0.013512792890766678,-0.013604921561754123,0.2648641075011051,996.5487487792968,992.7309228515625,976.7979040527343,926.9779470825196,991.1022871774068,988.449134154363,996.5487487792968,1039.2657308567127,953.831766701881,0.08572983936759987,48.179799956298595,-5.716720600913845,-3.271289562882316,-2.445431038031529,20.646892556763905,22.168976393168627,18.05505460684674,-0.04980549178777712
2023-10-31,995.6109984502658,995.6109984502658,975.6588742328256,979.4996337890625,7816805,0.0,0.0,AXISBANK.NS,-0.007430300000797807,-0.007458042187122736,0.25546578772213047,993.8128173828125,993.6347534179688,976.9439233398438,927.1919738769532,989.997272568993,988.0981733557238,993.8128173828125,1033.2549571622014,954.3706776034235,0.07937538958947847,45.96395836733471,-5.858807600458363,-3.7887931703975255,-2.070014430060837,20.73952866140289,22.145261687943975,18.033782554312637,-0.05686572204290453
2023-11-01,975.5091991852343,976.9557403543356,965.6828024620821,969.4736938476562,5703984,0.0,0.0,AXISBANK.NS,-0.010235777120836898,-0.010288522925706135,0.24261511973617078,990.3586029052734,994.2083764648437,976.9044738769531,927.2619427490234,988.0426460241038,987.3678016103094,990.3586029052734,1025.1243526987794,955.5928531117675,0.07020840671554456,43.04859390055405,-6.70315236636236,-4.371665009590493,-2.3314873567718672,20.753777334634556,22.1824383104919,18.051593131056492,-0.06651943430709484
2023-11-02,975.6588829327773,985.984082951752,971.6684580537067,980.5970458984375,5193982,0.0,0.0,AXISBANK.NS,0.011473598635394433,0.011408276084224426,0.2568723868782963,989.730111694336,994.8139245605469,977.1222595214844,927.420415649414,987.3335412502307,987.1022817784713,989.730111694336,1024.735747512066,954.724475876606,0.07073774032761966,47.060498081169605,-6.400953915468563,-4.777522790766107,-1.6234311247024555,20.789407417981685,22.509389634764716,18.1508189090491,-0.05580905296239351
2023-11-03,983.6396958568432,989.0267935974802,979.1504680359956,986.4828491210938,4268048,0.0,0.0,AXISBANK.NS,0.00600226489287814,0.005984323059583817,0.2644164678808838,989.011831665039,995.4484008789062,977.2728338623047,927.6202767944336,987.2525229522178,987.0779903017113,989.011831665039,1023.6444381760991,954.379225153979,0.07003476682934072,49.10359038075064,-5.621720639422847,-4.946362360497455,-0.6753582789253922,19.627909756329082,22.583552247998227,18.11500120927493,-0.05014176878881628
2023-11-06,992.6181502490323,1013.7674134673241,990.7226741492185,1006.9837036132812,6552178,0.0,0.0,AXISBANK.NS,0.020781764741731434,0.0205687697553858,0.2906932734519554,989.4333190917969,996.0499572753906,977.6338983154296,927.9933996582031,989.1316830151762,987.8586065100083,989.4333190917969,1024.753257815554,954.1133803680398,0.07139427800183111,55.539803573626955,-3.311749245543865,-4.619439737506737,1.3076904919628722,20.190846358843494,23.184518081956245,18.430589389456802,-0.030402038489788334
2023-11-07,1005.5870326392501,1019.7530526181287,1002.8436156355219,1018.4561767578125,6559859,0.0,0.0,AXISBANK.NS,0.011392908448632832,0.011328498020252513,0.3053980237516598,990.6628692626953,996.8390649414063,977.9935852050781,928.4308615112304,991.9244919430464,989.0585112256085,990.6628692626953,1028.2704410141896,953.055297511201,0.07592405634317123,58.688184853488366,-0.5490188229064188,-3.805355554586674,3.256336731680255,20.572072695406096,23.398619916316203,18.39772442391298,-0.01935549768232155
2023-11-08,1021.548754556056,1024.4916441513978,1013.1688380732181,1019.2542724609375,7643314,0.0,0.0,AXISBANK.NS,0.0007836328369725809,0.0007833259570713035,0.30642097650839073,991.1342407226563,997.6092175292969,978.4424743652344,928.9769552612305,994.5273281828455,990.2426587250333,991.1342407226563,1029.969470302055,952.2990111432575,0.07836522639170085,58.906194100980436,1.685435938359774,-2.7071972559973845,4.392633194357158,19.617219247029514,23.398813303007657,18.38216048461042,-0.018587032448908757
2023-11-09,1022.2969496906434,1026.3871107399823,1014.2163638559787,1019.4537963867188,4407935,0.0,0.0,AXISBANK.NS,0.00019575480934652667,0.00019573565187390633,0.3066767146975735,991.2739044189453,998.24169921875,978.8988397216797,929.5013745117187,996.9012775355953,991.3881935352955,991.2739044189453,1030.5136468210412,952.0341620168496,0.07917033269446748,58.964496321933915,3.432786324447079,-1.4792005399084918,4.911986864355571,19.111287713944932,23.352579370141278,18.320491982107473,-0.018394916140555558
2023-11-10,1015.4634502996684,1028.5320681288063,1014.216442457611,1026.736328125,3294063,0.0,0.0,AXISBANK.NS,0.007143562331213937,0.00711816795563978,0.3160110412557615,991.8101165771484,999.2093774414062,979.3841815185547,930.0308139038086,999.7427109250625,992.7743948917546,991.8101165771484,1032.7303291144776,950.8899040398193,0.08251622332417735,61.13206227183263,5.343615667889026,-0.11463729834898828,5.458252966238014,19.054278218251504,23.230465642277746,18.326985188841764,-0.011382759039369092
2023-11-13,1027.5843300881097,1029.3799482075774,1021.0499606710599,1022.8955078125,5985481,0.0,0.0,AXISBANK.NS,-0.0037408049245847286,-0.003747819233565005,0.311088100671824,993.3713684082031,1000.0473669433594,979.9895721435547,930.5176293945312,1001.9477392000565,993.9556150062937,993.3713684082031,1036.5874349229846,950.1553018934217,0.08700888285925071,59.351446774935624,6.473418055424418,1.202973772405693,5.270444283018724,17.953343215657032,23.201551313380904,18.225631827027613,-0.015080983282883948
2023-11-15,1042.4984646699425,1042.4984646699425,1029.0807101756216,1038.857177734375,7240388,0.0,0.0,AXISBANK.NS,0.01560439927633439,0.015483902540791046,0.3315468428811581,995.1944946289062,1001.4011169433594,980.6628936767578,931.075034790039,1005.4629238223725,995.7164606034733,995.1944946289062,1042.8606545747475,947.5283346830649,0.09579265199535758,64.03924511561101,8.558115326544112,2.674002083233377,5.884113243310734,17.74313464312474,23.59160884538452,18.374968817933173,0.0
2023-11-16,1040.3038229538877,1041.5009017158827,1019.7032299963196,1023.8931274414062,6908825,0.0,0.0,AXISBANK.NS,-0.01440433835727406,-0.01450908795493352,0.31236679161773795,996.1073059082031,1002.1034313964843,981.2747729492188,931.5469064331055,1007.2181813098996,996.821427930451,996.1073059082031,1045.2905325888212,946.924079227585,0.09875086025149701,57.36053575896837,8.90018336087087,3.919238338760876,4.980945022109994,17.714629930423087,23.935141673978038,18.396241071616945,-0.014404338357274076
2023-11-17,1012.4705832200053,1017.5583506174719,989.4757109972611,991.9697265625,13268353,0.0,0.0,AXISBANK.NS,-0.03117845019497223,-0.03167484317868352,0.2714492289677488,996.1821258544921,1002.3448510742187,981.5614392089843,931.9712774658203,1005.7659475244329,996.6311651317079,996.1821258544921,1045.333808115358,947.0304435936264,0.09868011277296321,46.27333694134391,6.5201627095516415,4.43942321291903,2.080739496632612,17.842892657604995,22.17451579516152,19.13914301376555,-0.04513368360618252
2023-11-20,978.6517326742911,992.3688186317544,978.003264255226,986.3333129882812,8215656,0.0,0.0,AXISBANK.NS,-0.005682041924556236,-0.005698246135931031,0.2642248011438093,996.0474487304688,1002.4895043945312,981.8734606933593,932.4564123535156,1003.9152204257518,996.22732779275,996.0474487304688,1045.296345784906,946.7985516760316,0.09888865659403735,44.63296344608821,4.13154188325791,4.377846946986805,-0.2463050637288955,17.190888364743802,22.111564087316953,19.035307586972024,-0.050559274048278806
2023-11-21,987.5802951235795,995.112209948386,984.2882067571996,989.4258422851562,7061614,0.0,0.0,AXISBANK.NS,0.0031353795478179514,0.0031304744954896166,0.2681886257291599,996.6185791015625,1003.0232238769531,982.1949810791016,933.0496923828125,1002.535279650457,995.9606028708836,996.6185791015625,1045.2474292344862,947.9897289686389,0.09758768530436555,45.768904909810736,2.4597297053338707,3.9942234986562184,-1.5344937933223477,16.53887972001138,22.127002830930824,18.93892518790445,-0.047582417014264335
2023-11-22,988.6277745129754,997.5064943208318,985.6349558212106,995.7107543945312,6103988,0.0,0.0,AXISBANK.NS,0.006352080005166849,0.0063319905732095285,0.2762442613414342,998.3045318603515,1003.4202709960938,982.4527838134766,933.6838647460937,1001.8853248641784,995.9508048914188,998.3045318603515,1044.1362346575288,952.4728290631742,0.09181908192236572,48.09939449957841,1.62323475180699,3.520025749286373,-1.8967909974793828,16.39993023234287,22.164121377191957,18.952444722272602,-0.04153258432881121
2023-11-23,996.6086401662712,1000.9981320061083,993.0172820348068,996.6585083007812,3112891,0.0,0.0,AXISBANK.NS,0.0009518365670624362,0.0009513838578845628,0.27745903729788246,1000.4793121337891,1003.7943737792968,982.6707336425782,934.3240213012696,1001.3875328105215,995.9785579662959,1000.4793121337891,1041.1265441845508,959.8320800830276,0.0812555173461219,48.45908747317793,1.0249671112027272,3.021014021669644,-1.9960469104669167,15.790677437143277,21.64861533309959,18.87592003950821,-0.04062027999423758
2023-11-24,999.6014966534458,1008.3305516391919,997.3070143778607,1006.0859375,6956281,0.0,0.0,AXISBANK.NS,0.009459036491136441,0.00941457992974965,0.2895425689476152,1002.2974548339844,1003.955986328125,982.8907727050781,935.0828207397461,1001.8349999238052,996.374925791147,1002.2974548339844,1040.3204777460446,964.2744319219241,0.07587173394221217,52.021075214853404,1.2966039999979557,2.6761320173353065,-1.3795280173373508,15.918942992637994,21.739357084949628,18.924069319902873,-0.031545472213846765
2023-11-28,1010.6249804344942,1019.5037002486309,1006.8340889333878,1018.7056274414062,6173384,0.0,0.0,AXISBANK.NS,0.012543351885788923,0.012465335759271782,0.30571775516162947,1003.2152557373047,1004.3600170898437,983.290326538086,935.848908996582,1003.4417263540529,997.2506395813532,1003.2152557373047,1041.9203503167896,964.5101611578198,0.07716209329579808,56.36803095341037,2.501347723012259,2.641175158470697,-0.13982743545843812,14.928457164238036,22.05274236426564,18.987525929932357,-0.01939780628643959
2023-11-29,1024.6912979894364,1060.9542613148635,1018.7056604079704,1057.6123046875,9422396,0.0,0.0,AXISBANK.NS,0.038192266929762964,0.03748099584709523,0.35558607620169336,1006.7542663574219,1005.2718298339844,984.1925573730468,936.7390222167969,1008.6008290524765,999.617763703163,1006.7542663574219,1051.6073355168255,961.9011971980183,0.08910430411522031,66.4578922783389,6.520396429073685,3.4170194125912947,3.10337701648239,16.738399799298787,23.45309469833611,19.993195697275087,0.0
2023-11-30,1060.1560664063197,1078.3125724224037,1052.9234214128103,1071.678466796875,24755589,0.0,0.0,AXISBANK.NS,0.013299922898997618,0.013212255383113481,0.3736152664981305,1011.3632080078125,1006.3362756347656,985.2773065185547,937.6992169189454,1014.6082231233715,1002.4436736284065,1011.3632080078125,1062.87412571693,959.8522902986952,0.1018643298495776,69.2284424752901,10.717004256746236,4.877016381422283,5.839987875323953,17.743138722971196,23.54283141117513,20.09623422939139,0.0
2023-12-01,1072.8257553160392,1106.3453000140453,1067.6381298956398,1102.0057373046875,14428758,0.0,0.0,AXISBANK.NS,0.028298852172011335,0.027905837013944088,0.412487001865979,1017.9898101806641,1007.8825622558594,986.5213208007813,938.828737487793,1022.9317959025444,1006.3480682823783,1017.9898101806641,1079.8668174722677,956.1128028890606,0.12156704649258158,74.18031066900681,16.302083202050312,7.162029745547889,9.140053456502423,19.63859752542847,24.71737839375967,20.489252273138366,0.0
2023-12-04,1117.817750299184,1126.2974030234527,1096.4689532024638,1122.905517578125,14043213,0.0,0.0,AXISBANK.NS,0.018965219114516207,0.018787621287619818,0.4392751273527733,1025.1052337646483,1009.8947314453125,988.0067559814453,940.0993817138672,1032.4531027287903,1010.9189486469174,1025.1052337646483,1100.1955386002435,950.0149289290531,0.14650262697387614,76.93496321511923,22.159297517738878,10.161483299986088,11.99781421775279,20.746656393270875,24.501518689067716,20.649516222922195,0.0
2023-12-05,1134.0786977616333,1149.0925969574525,1124.4517742475557,1129.739013671875,15804808,0.0,0.0,AXISBANK.NS,0.006085548594051193,0.006067106425858757,0.4480339060804879,1032.2680419921876,1011.9926928710937,989.6867236328125,941.4243743896484,1041.7184275805128,1015.5785590400532,1032.2680419921876,1118.3690277429682,946.1670562414071,0.166819047472618,77.77006594459465,27.040877681181428,13.537362176225157,13.50351550495627,22.022162953471593,24.444727692283976,20.66071806742181,0.0
2023-12-06,1132.3827752128796,1142.9573765954551,1115.2738044978198,1117.8177490234375,7342767,0.0,0.0,AXISBANK.NS,-0.010552228881333447,-0.010608298436518341,0.4327539208755953,1037.8097442626954,1014.1086145019531,991.355718383789,942.6920031738281,1048.9659820036484,1019.5879390394016,1037.8097442626954,1131.0313806988802,944.5881078265105,0.17965072490702713,72.81690938192503,29.606335299602506,16.751156800900628,12.855178498701878,22.599349756342512,24.412168809511492,20.68134484700411,-0.010552228881333428
2023-12-07,1116.5708675318951,1126.896068531604,1105.8465996507534,1115.1741943359375,6439419,0.0,0.0,AXISBANK.NS,-0.00236492459509563,-0.0023677254460047073,0.4293655658893969,1042.6456451416016,1016.0958471679687,993.0302014160156,943.9870254516602,1055.271526035295,1023.3364196392657,1042.6456451416016,1141.5041596038561,943.787130679347,0.1896301297049557,71.72597976813759,31.068033227287287,19.61453208617796,11.453501141109328,22.545906696434468,23.694667482947104,20.573367947505723,-0.012892198250814548
2023-12-08,1113.178834877189,1131.634549261566,1108.8392723370227,1128.4920654296875,7300989,0.0,0.0,AXISBANK.NS,0.011942413267265861,0.011871665360085326,0.44643564018724735,1048.1075347900392,1018.3354699707031,994.736605834961,945.2905856323242,1062.2449107395228,1027.4601704545764,1048.1075347900392,1153.3866972484707,942.8283723316077,0.2008938185517794,73.85139688438666,32.92158077096019,22.275941823134406,10.645638947825784,21.715753873605763,23.381680135188613,20.394501766795685,-0.0011037489429834523
2023-12-11,1126.2974708649378,1136.6726003551878,1111.183711625699,1113.827392578125,6924589,0.0,0.0,AXISBANK.NS,-0.012994927745441198,-0.013080100499490798,0.42763931355458307,1052.8262145996093,1020.3775708007812,996.327289428711,946.5330303955078,1067.1575280574848,1030.8471203417744,1052.8262145996093,1161.1146490581639,944.5377801410548,0.20570998889828504,67.8069946104775,32.8287842227619,24.386510303059904,8.442273919701993,22.51027775596007,23.723749403037626,20.443989085508406,-0.014084333550661483
2023-12-12,1117.319055316092,1131.1858072332268,1106.345386022809,1128.292724609375,9044111,0.0,0.0,AXISBANK.NS,0.012987049993238076,0.012903441367693527,0.4461801366920286,1057.904034423828,1022.4885083007813,997.9848132324219,947.8654913330079,1072.9799277290933,1034.6685165875626,1057.904034423828,1170.4807037853218,945.3273650623345,0.21282964370734608,70.38207060690875,33.53589279606513,26.216386801660953,7.3195059944041745,23.51145047161947,22.474454344377243,20.52508169331101,-0.0012801975013673954
2023-12-13,1147.2472834605537,1148.2448897939976,1108.7895105950422,1112.181396484375,8184523,0.0,0.0,AXISBANK.NS,-0.014279386699562302,-0.014382318182404048,0.4255295712829772,1062.3683288574218,1024.1634912109375,999.4931945800781,949.166477355957,1076.713400943882,1037.7082373678297,1062.3683288574218,1176.1742508219781,948.5624068928655,0.21424946296536287,64.2205207052788,32.4224856706353,27.457606575455824,4.964879095179473,25.48172480728619,22.527742603335955,20.690615095871106,-0.01554130376575584
2023-12-14,1129.68928946714,1135.8743992190675,1115.2239995129569,1117.767822265625,9421193,0.0,0.0,AXISBANK.NS,0.005022944817193231,0.0050103719142972954,0.4326899276548086,1066.3138610839844,1025.834482421875,1001.0509558105468,950.5360067749024,1080.6233458316672,1040.8478289324491,1066.3138610839844,1182.1412985699642,950.4864235980046,0.21724830129889314,65.35312795432901,31.626311937584887,28.29134764788164,3.3349642897032474,26.604021433242696,22.261871912806754,20.495925344300137,-0.01059642205976517
2023-12-15,1116.520819325448,1125.1501373806013,1105.9462178758602,1117.6680908203125,12048410,0.0,0.0,AXISBANK.NS,-8.922375767661528e-05,-8.92277383528646e-05,0.4325620976758777,1071.0026092529297,1027.4166845703126,1002.472045288086,951.9184915161132,1084.1514167829669,1043.8603882221694,1071.0026092529297,1187.1912296173607,954.8139888884988,0.21697168496251845,65.31337858578416,30.634159502234752,28.759910018752265,1.8742494834824868,27.14201258798059,21.86877310235433,20.394413476460173,-0.010684700364847644
2023-12-18,1117.0196852153413,1117.3190158058185,1104.5496069139372,1108.689697265625,7922468,0.0,0.0,AXISBANK.NS,-0.008033148327691642,-0.008065587908494588,0.4210541138566184,1076.838607788086,1029.7271411132813,1003.8691931152343,953.3094018554688,1086.4883958765533,1046.402714067011,1076.838607788086,1187.9260281890545,965.7511873871174,0.20632139226350946,61.67645269833929,28.791499737956656,28.766227962593145,0.02527177536351033,27.120635527819477,22.084653770206867,20.28755508614682,-0.01863201690967152
2023-12-19,1121.1099101400514,1124.1525360208302,1111.532793079096,1117.568359375,6824641,0.0,0.0,AXISBANK.NS,0.008008248052879585,0.007976352207842095,0.43243426769694726,1083.4003601074219,1032.0615393066407,1005.3531323242188,954.6898934936523,1089.448392400215,1049.1935236869322,1083.4003601074219,1187.2459372845058,979.554782930338,0.19170305087730882,63.82187098599978,27.727981518396064,28.55857867375373,-0.8305971553576654,25.207364447944332,22.10656792506988,20.27997886872131,-0.010772978669930119
2023-12-20,1119.3142813854565,1121.1598287059148,1100.0604308642828,1107.5924072265625,9848057,0.0,0.0,AXISBANK.NS,-0.008926480483052113,-0.00896656020211966,0.4196476711630954,1089.3086883544922,1034.2423083496094,1006.8270965576172,955.9853750610351,1091.176393812248,1051.483675982604,1089.3086883544922,1183.6534333472248,994.9639433617597,0.17321948498409492,59.77292225505521,25.782949904125417,28.00345291982807,-2.220503015702654,24.900953507375657,21.85265015252746,20.350268331202425,-0.019603294369140756
2023-12-21,1101.2574845465347,1101.2574845465347,1074.6213265198994,1092.77783203125,10914682,0.0,0.0,AXISBANK.NS,-0.01337547557987373,-0.013465732980671382,0.4006592084054288,1094.162042236328,1036.2205615234375,1008.0102575683594,957.1920840454102,1091.3289117378672,1053.1030546511784,1094.162042236328,1177.5883824539592,1010.7357020186968,0.15249357407266365,54.26702286570015,22.783452471049486,26.959452830072358,-4.176000359022872,24.49123283510835,22.228518221331637,20.492563150195625,-0.032716566563895016
2023-12-22,1092.7779264108851,1103.6518590487801,1083.2009306279906,1085.6949462890625,10600025,0.0,0.0,AXISBANK.NS,-0.006481542299427767,-0.006502638702277063,0.391580776499066,1098.6138641357422,1037.7379235839844,1009.2911846923828,958.4144540405273,1090.7923435998857,1054.3811680487424,1098.6138641357422,1168.5433938810365,1028.684334390448,0.12730501958539633,51.80981692392377,19.60876185919369,25.489314635896626,-5.880552776702935,23.82140987795125,22.374952112769883,20.431011437463983,-0.038986055053246836
2023-12-26,1088.5877457969887,1098.0151966663564,1084.0985182719824,1091.6304931640625,5687517,0.0,0.0,AXISBANK.NS,0.005467048451581968,0.005452158387344952,0.39918861602847633,1102.8910919189452,1039.237322998047,1010.7307293701172,959.5616101074219,1090.8721673679026,1055.841925896402,1102.8910919189452,1157.8544626533596,1047.9277211845308,0.0996714383444378,53.701748127422235,17.371497889971124,23.86575128671153,-6.494253396740405,22.94495266474028,22.386018866594476,20.42667286335179,-0.033732145253577
2023-12-27,1093.4263887566508,1107.8916795104105,1087.0416843441974,1103.70166015625,6132936,0.0,0.0,AXISBANK.NS,0.011057923965827943,0.010997232131856771,0.4146607373583713,1107.1408935546874,1040.9911145019532,1012.2515802001953,960.8672866821289,1092.0940238239357,1057.7187782203177,1107.1408935546874,1145.2594507000942,1069.0223364092806,0.06885945116347374,57.36748213702073,16.383632057165414,22.36932744080231,-5.9856953836368945,22.456840026781556,22.48694066815789,20.48453966821904,-0.023047228785167344
2023-12-28,1104.5994586858894,1110.3356943033596,1095.37160138822,1105.197998046875,14097667,0.0,0.0,AXISBANK.NS,0.0013557448943342099,0.0013548267020209548,0.41657865643026004,1109.5201782226563,1043.2616650390626,1013.7275378417969,962.1445678710937,1093.3420213689774,1059.5807084095945,1109.5201782226563,1139.7450885196147,1079.295267925698,0.05448284923556003,57.81338080708824,15.542321027784283,21.003926158198706,-5.461605130414423,22.022170314945065,22.412242960844228,20.42511865762263,-0.0217227300535872
2023-12-29,1098.8133142498616,1104.2004121539771,1091.3312676547296,1099.661376953125,8786731,0.0,0.0,AXISBANK.NS,-0.005009619184557335,-0.005022209392443251,0.40948213681657264,1110.9193237304687,1045.2069995117188,1015.2942791748047,963.3600323486328,1093.9438647579439,1061.1524993328703,1110.9193237304687,1135.9051655634178,1085.9334818975196,0.044982279629535236,55.50030238815243,14.264385962781716,19.65601811911531,-5.391632156333593,21.38441699120236,22.174238590351752,20.45633455707862,-0.02662352663292714
2024-01-01,1092.3787776242896,1101.3572333307905,1090.383565245067,1095.072265625,4083732,0.0,0.0,AXISBANK.NS,-0.004173204064727876,-0.004181936183219883,0.4036000802340485,1110.5726501464844,1046.9957067871094,1016.9118963623047,964.5453259277343,1094.0513315071873,1062.4826862462871,1110.5726501464844,1136.2617302088154,1084.8835700841535,0.046262763735344235,53.586547807431316,12.734514726558245,18.271717440603897,-5.537202714045652,20.347615516647693,21.710267654511426,20.463241435888154,-0.03068562528809306
2024-01-02,1092.4784816109477,1096.718307791532,1079.7091958280453,1090.6329345703125,7895577,0.0,0.0,AXISBANK.NS,-0.004053916069323371,-0.004062155462483133,0.39791000331388404,1108.9590209960938,1048.9988989257813,1018.3185205078125,965.674289855957,1093.7257698941517,1063.5866175531116,1108.9590209960938,1135.428779792857,1082.4892621993306,0.047738028719920535,51.72834504700701,11.036640315165414,16.824702015516202,-5.788061700350788,19.78823628472404,19.369149055893317,20.436848355704345,-0.03461514440796376
2024-01-03,1088.3884316097892,1099.9606398908986,1078.711699581697,1095.97021484375,10225290,0.0,0.0,AXISBANK.NS,0.004893745736314292,0.004881810286181943,0.4047510194323525,1107.2705810546875,1051.1377661132813,1019.8269012451171,966.9091687011719,1093.939526556018,1064.8565625449014,1107.2705810546875,1132.4351468777372,1082.1060152316377,0.045453326862672075,53.80250803222464,10.006389099389253,15.461039432290812,-5.45465033290156,18.487776364027336,19.187652122937866,20.437823933519574,-0.029890796387007767
2024-01-04,1100.3597447020193,1127.2951146992582,1097.4168548394916,1120.7109375,11411683,0.0,0.0,AXISBANK.NS,0.02257426554222297,0.022323237634429283,0.4364622419657269,1107.4152404785157,1053.9919201660157,1021.5278204345703,968.3651681518554,1096.489184741159,1067.0469301901994,1107.4152404785157,1132.8667213548206,1081.9637596022108,0.04596556006454687,61.96172620900843,11.05879819807592,14.580591185447835,-3.5217929873719154,19.032911872657028,19.959282934903026,20.419484211959144,-0.007991293619693604
2024-01-05,1121.3093204625263,1137.1712827143679,1116.3212896775506,1134.228271484375,8025466,0.0,0.0,AXISBANK.NS,0.012061392043276165,0.011989233099666817,0.45378797622143896,1108.3679443359374,1057.4366516113282,1023.3928442382812,969.8862631225586,1100.083383478608,1069.6814925938927,1108.3679443359374,1136.3436078133093,1080.3922808585655,0.05048082384615173,65.54250278813767,12.835614895822346,14.231595927522738,-1.3959810317003924,19.150488553519608,20.080071733956245,20.494139912347013,0.0
2024-01-08,1142.2591526623078,1143.2567589091743,1115.8225871203417,1119.314208984375,4735538,0.0,0.0,AXISBANK.NS,-0.013149083720582877,-0.013236298293403408,0.43467199641012644,1107.9090515136718,1060.759677734375,1025.2109814453124,971.3766372680664,1101.9148906696335,1071.6278736288136,1107.9090515136718,1134.773851828375,1081.0442511989686,0.048496400093490294,58.94891438486048,12.891707153078642,13.96361817263392,-1.0719110195552783,20.17303768798084,20.698544438112375,20.64458307157362,-0.013149083720582832
2024-01-09,1125.848594466918,1132.8318382933232,1109.6872999732295,1113.8773193359375,6359362,0.0,0.0,AXISBANK.NS,-0.0048573399719197274,-0.0048691751883879735,0.4277033067753697,1107.9115478515625,1063.6427624511718,1027.0001892089845,972.8074380493164,1103.0541695902339,1073.2847146369363,1107.9115478515625,1134.778672904766,1081.0444227983592,0.04850048743566851,56.70920527648976,12.35502804190196,13.64190014648753,-1.2868721045855693,20.721730514044307,20.783612008745713,20.649613680575353,-0.01794255412255244
2024-01-10,1112.5803490615472,1113.328553734756,1096.419176831478,1104.35009765625,5934163,0.0,0.0,AXISBANK.NS,-0.008553205558909593,-0.008589994145342955,0.4154918669153851,1106.7144165039062,1065.7227722167968,1028.666690673828,974.1564691162109,1103.1775913108067,1074.5029649514192,1106.7144165039062,1131.8346768661,1081.5941561417126,0.04539610216978684,52.915210175496064,11.033748626595752,13.120269842509176,-2.0865212159134234,20.461640847103418,20.883382178625702,20.63462486205135,-0.02634229332780002
2024-01-11,1108.390413403008,1125.2000534594813,1108.390413403008,1123.05517578125,4683035,0.0,0.0,AXISBANK.NS,0.016937634328731077,0.016795792008824414,0.43946695055249085,1107.25810546875,1068.4472338867188,1030.5890783691407,975.5982781982422,1105.070694593706,1076.4069732192556,1107.25810546875,1133.3292676902313,1081.1869432472688,0.047091391054562115,58.750233995052,11.36496046073944,12.769207966155228,-1.404247505415789,19.595846211144003,18.52683936875083,20.796322444189446,-0.009850835130835406
2024-01-12,1123.6537280685436,1126.7462829578426,1115.3736696086848,1117.6680908203125,5616755,0.0,0.0,AXISBANK.NS,-0.004796812371386849,-0.004808353999323975,0.43256209767587817,1107.2531188964845,1071.2106030273437,1032.4226782226563,976.923210144043,1106.2704466152877,1078.0250562624342,1107.2531188964845,1133.315854034085,1081.1903837588839,0.04707638152977229,56.575677272361546,11.065202721822743,12.428406917288733,-1.3632041954659897,18.947395134598878,18.314754951894834,20.732086391302314,-0.014600394894398143
2024-01-15,1119.3142060402943,1127.7439300929025,1113.9271079657626,1116.8201904296875,6719079,0.0,0.0,AXISBANK.NS,-0.0007586334418858698,-0.0007589213498557289,0.431475308161003,1107.2107238769531,1074.1575329589843,1034.1829547119141,978.2735510253906,1107.275184121421,1079.5464340729147,1107.2107238769531,1133.204794230519,1081.2166535233873,0.04695415207422537,56.222940780267784,10.636611838555382,12.070047901542065,-1.433436062986683,18.940262544082152,16.457425160654594,20.54695877801626,-0.015347951988452364
2024-01-16,1113.9770559493738,1125.1003901176227,1112.4307175332362,1116.421142578125,5229753,0.0,0.0,AXISBANK.NS,-0.0003573071609754841,-0.0003573710103888143,0.4309638317826374,1107.5972961425782,1076.874014892578,1035.8439697265626,979.6261322021485,1108.1462277839644,1080.992501073119,1107.5972961425782,1133.9119557846848,1081.2826365004717,0.04751665561798039,56.04583660037119,10.14777343372225,11.685593007978103,-1.5378195742558525,18.355953788237393,15.498082406972143,20.47371921734218,-0.015699775216276038
2024-01-17,1079.4098979472835,1112.3309022284852,1076.6165519030933,1079.709228515625,24913719,0.0,0.0,AXISBANK.NS,-0.03288357113850604,-0.033436388644752804,0.38390863082358395,1105.7043395996093,1078.7385424804688,1037.0934716796876,980.8395016479492,1105.4379421393605,1080.9421766590997,1105.7043395996093,1134.3430978676365,1077.065581331582,0.051801837511821144,42.7148831849514,6.720550502628157,10.692584506908114,-3.9720340042799567,20.13027505680111,18.042766157473515,21.265737181399945,-0.04806708167959914
2024-01-18,1063.4482074850514,1106.0958724662764,1063.4482074850514,1094.872802734375,11473135,0.0,0.0,AXISBANK.NS,0.014044127639435633,0.013946422604180525,0.4033444202761869,1105.068359375,1080.4963244628907,1038.2731408691407,982.1613275146484,1104.4317383865048,1081.4884757208752,1105.068359375,1134.0929069945435,1076.0438117554565,0.0525298681720632,48.19590102372891,5.168446713635603,9.587756948253611,-4.419310234618008,22.186056098878225,18.369372237907932,21.155707687431047,-0.03469801427052699
2024-01-19,1104.4997961277145,1123.6039803798592,1102.3549183111254,1113.8773193359375,12303696,0.0,0.0,AXISBANK.NS,0.017357739231534497,0.01720881453665944,0.42770330677536994,1106.1233337402343,1082.404747314453,1039.6219061279296,983.5826602172851,1105.331317524546,1082.7586264508777,1106.1233337402343,1134.7986377176837,1077.448029762785,0.05184829413278358,54.1207302702925,5.4095411182404405,8.752113782250978,-3.3425726640105378,23.454449638861142,19.082678054265635,21.22527856100908,-0.01794255412255244
2024-01-23,1123.204870544225,1138.8672395300805,1076.217641808556,1086.642578125,18924087,0.0,0.0,AXISBANK.NS,-0.024450395692744764,-0.0247542700762186,0.39279539599287205,1106.1707153320312,1083.7525134277344,1040.6808654785157,984.8172427368164,1103.5514375817322,1082.9109382812355,1106.1707153320312,1134.7066869122418,1077.6347437518207,0.0515941548346724,46.00118285914607,3.364213605098257,7.674533746820434,-4.310320141722177,26.71448433586384,20.001632336974712,21.66645647997009,-0.041954247267262317
2024-01-24,1032.3230568353206,1070.6310416625054,1018.4563047903621,1056.61474609375,20884046,0.0,0.0,AXISBANK.NS,-0.027633586825819956,-0.02802257727019759,0.3543074634871006,1104.4199279785157,1084.495732421875,1041.3687158203124,985.8224569702148,1099.0812764876387,1081.8797150581968,1104.4199279785157,1140.1116013431104,1068.728254613921,0.06463424366114652,39.045706650298854,-0.6719721994872998,6.005232557558887,-6.677204757046187,30.067150980537868,21.16882896618712,21.951525302342155,-0.06842848775851043
2024-01-25,1055.4673016704396,1061.1536079871053,1023.3444325047508,1039.7550048828125,20835434,0.0,0.0,AXISBANK.NS,-0.015956375086820573,-0.01608504865125674,0.3326976256168199,1101.2225952148438,1084.7561059570312,1041.9827416992186,986.7129766845703,1093.431155382417,1080.2277656395545,1101.2225952148438,1147.1689746843929,1055.2762157452946,0.08344612555027567,35.77494805194692,-5.171504852961334,3.7698850754548436,-8.941389928416179,30.530313525312604,21.089370102976936,22.128391186886617,-0.08329299222803226
2024-01-29,1033.5200378202296,1065.4434366718199,1033.5200378202296,1058.7095947265625,11188604,0.0,0.0,AXISBANK.NS,0.01822986160656792,0.01806568989592796,0.3569925188952163,1098.898175048828,1085.4723876953126,1042.7598773193358,987.7186993408203,1090.1243400818596,1079.3839157998293,1098.898175048828,1148.5518690035003,1049.2444810941558,0.09036996344536824,41.68886065718643,-7.125798142615167,1.5907484318408418,-8.716546574456009,31.321271083510673,21.627419044777763,22.22012747389421,-0.06658155034257832
2024-01-30,1057.5124900515373,1067.8874970014356,1048.2846327972588,1051.57666015625,9426983,0.0,0.0,AXISBANK.NS,-0.0067373854037421355,-0.006760184044636061,0.34784993730542446,1096.4939392089843,1085.72677734375,1043.5639471435547,988.731361694336,1086.453132469897,1078.2934351863557,1096.4939392089843,1150.461201372936,1042.5266770450326,0.09843604279816448,40.18911566489981,-9.144742957581002,-0.556349846043527,-8.588393111537474,30.761891970320967,21.58533701217615,22.232060305387286,-0.07287035018088385
2024-01-31,1045.69084056198,1081.5049299098825,1040.2040060924105,1065.194091796875,12600390,0.0,0.0,AXISBANK.NS,0.012949537733750738,0.012866409350286,0.3653039709279946,1095.0000305175781,1086.5527966308593,1044.328114013672,989.8350329589844,1084.428461929609,1077.7797354455918,1095.0000305175781,1150.7574649705107,1039.2425960646456,0.10184006008945491,44.30819657456723,-9.536032890195884,-2.3522864548739983,-7.183746435321885,32.058776648705134,22.009275120646926,22.310570575696648,-0.060864449796472035
2024-02-01,1070.0823332515488,1085.0464265097773,1054.2702990643077,1081.654541015625,9756682,0.0,0.0,AXISBANK.NS,0.015453004617198784,0.015334822894764523,0.3864020194946247,1094.5511108398437,1088.346492919922,1045.3456719970702,990.9913580322266,1084.1642789854202,1077.9316886052009,1094.5511108398437,1150.6004022953682,1038.501819384319,0.10241511958727667,48.89020032761849,-8.420842069065884,-3.565997577712376,-4.854844491353508,33.01006128734871,22.452393448164713,22.444067044803546,-0.04635198380300138
2024-02-02,1085.4455818795223,1093.5759757904466,1062.450707986044,1064.495849609375,8667415,0.0,0.0,AXISBANK.NS,-0.015863374816638576,-0.015990544837140477,0.36440900461283676,1092.977392578125,1089.9097436523436,1046.1996240234375,992.0731005859375,1082.2910952353207,1077.4047929583057,1092.977392578125,1150.6041547880159,1035.3506303682343,0.10544913847478629,44.75642636699322,-8.819937554216722,-4.616785573013246,-4.203151981203476,33.74401214457522,22.709998227723442,22.61271852840628,-0.061480059727078165
2024-02-05,1064.4957475123178,1076.9158960271432,1055.467362664861,1058.958984375,12569454,0.0,0.0,AXISBANK.NS,-0.005201396732929298,-0.0052149710877787145,0.35731217207386434,1089.889794921875,1091.3004064941406,1047.1618151855469,993.060885925293,1080.0689894390996,1076.6814279158232,1089.889794921875,1147.8760820127504,1031.9035078309994,0.10640761545075679,43.47890555262499,-9.473794348410593,-5.588187328092715,-3.8856070203178774,34.46372071694126,22.62996853259661,22.526381514321546,-0.06636167427820273
2024-02-06,1059.0088475733637,1062.5502763066684,1045.6907081700033,1047.536376953125,8011171,0.0,0.0,AXISBANK.NS,-0.01078663818940695,-0.01084523573241914,0.3426713367636256,1085.5552001953124,1092.3369189453124,1047.878594970703,993.9905618286133,1076.9706453928163,1075.5384847408154,1085.5552001953124,1142.538267599332,1028.572132791293,0.10498419130370733,40.88607584780913,-10.789316994627598,-6.628413261399691,-4.160903733227906,34.68105971762163,22.523078668637815,22.60011895044722,-0.07643249309752746
2024-02-07,1058.5101145853655,1071.1297356806806,1054.9685638394865,1066.540771484375,7281793,0.0,0.0,AXISBANK.NS,0.01814199005339212,0.01797938782574494,0.36703006680016603,1082.9165283203124,1093.7345642089845,1048.7644689941405,995.0212390136719,1075.9773240682027,1075.1856332405628,1082.9165283203124,1138.1789804073023,1027.6540762333225,0.10206225621601007,46.59258381332989,-10.181021874559747,-7.338934984031702,-2.8420868905280443,35.46132301356228,23.1536554843118,22.793382709637562,-0.05967714057366666
2024-02-08,1069.4337212660762,1073.025078810233,1029.1803401617249,1033.420166015625,9869141,0.0,0.0,AXISBANK.NS,-0.03105423285661535,-0.03154663651791411,0.3245779967837592,1078.8936706542968,1094.281248779297,1049.118617553711,995.8362347412109,1071.9242613965287,1073.5477717807612,1078.8936706542968,1136.3372081969746,1021.4501331116189,0.10648600340354418,39.44580454067052,-12.230513919027317,-8.317250771030826,-3.9132631479964903,35.74990501166774,24.704685696647065,23.38688193644913,-0.08887814561069043
2024-02-09,1037.460635442103,1052.3749228732129,1032.073658779852,1048.88330078125,8233454,0.0,0.0,AXISBANK.NS,0.01496306659588753,0.014852224241447642,0.3443977455610818,1076.1203308105469,1094.8848022460938,1049.6224096679687,996.7517166137695,1069.7298841950735,1072.5805376239177,1076.1203308105469,1133.74456615821,1018.4960954628835,0.10709626739281099,43.78148160268984,-12.463335808243755,-9.146467778473411,-3.316868029770344,34.15373351967745,24.90514202499124,23.448666085226595,-0.0752449686264946
2024-02-12,1048.8831580325893,1054.7191298078526,1032.8715301930304,1044.1943359375,8694379,0.0,0.0,AXISBANK.NS,-0.004470435214534829,-0.004480457490482725,0.33838770253698436,1072.1772888183593,1094.6164428710938,1049.944136352539,997.6664260864258,1067.2979272181617,1071.4673532440584,1072.1772888183593,1127.0034490078367,1017.3511286288818,0.10227069862653226,42.781183146267665,-12.87776228096891,-9.892726678972512,-2.9850356019963975,33.662049374630165,24.90276575414624,23.446100102856715,-0.07937902608356495
2024-02-13,1048.4841662577705,1072.975448348298,1042.2990562337152,1068.1868896484375,8413609,0.0,0.0,AXISBANK.NS,0.022977096202496217,0.022717097864990408,0.3691399655344145,1069.7032287597656,1094.546611328125,1050.4414434814453,998.6109069824219,1067.3825903067595,1071.3387076128577,1069.7032287597656,1120.179180304436,1019.2272772150951,0.09437374813422447,49.17945442672008,-11.141764352106748,-10.14253421359936,-0.9992301385073876,31.378248974134326,25.88803966690232,23.73615235421573,-0.058225829399851346
2024-02-14,1058.7595369474293,1098.264719163139,1058.0113322775178,1094.224365234375,16609115,0.0,0.0,AXISBANK.NS,0.024375393330756,0.024083054487335224,0.4025132907191735,1068.5734375,1094.3909838867187,1051.136773071289,999.7052581787109,1069.9389498236753,1072.236184382329,1068.5734375,1115.4953266615087,1021.6515483384912,0.08782155257627526,55.05337352381716,-7.577616761645686,-9.629550723208627,2.0519339615629413,29.383042799204564,26.872047234898666,24.063761532575757,-0.03526971356272624
2024-02-15,1094.8729108750058,1094.922839901097,1066.6905329868791,1069.6334228515625,11780823,0.0,0.0,AXISBANK.NS,-0.022473400487244,-0.022729775715094425,0.37099404784815904,1066.2340515136718,1093.3255419921875,1051.61013671875,1000.6303131103516,1069.9098520168075,1072.134115302691,1066.2340515136718,1107.4272258170495,1025.0408772102942,0.07726854013881482,49.26223767599523,-6.660509446247943,-9.03574246781649,2.3752330215685475,28.698980758623374,27.639569850312878,23.20133156672947,-0.056950483652004745
2024-02-16,1070.4314768366228,1073.424295504386,1055.467383497807,1066.191650390625,8660907,0.0,0.0,AXISBANK.NS,-0.0032177121501700823,-0.0032229001178244003,0.3665825836425871,1065.558172607422,1092.0545947265625,1052.023643798828,1001.569302368164,1069.5557375762187,1071.9010774630021,1065.558172607422,1106.2610854744732,1024.8552597403707,0.07639735476375017,48.493366086601156,-6.1406321795439,-8.456720410161973,2.316088230618073,27.70137455540828,27.60195418767722,23.182757569538627,-0.05998494553896972
2024-02-19,1066.4410841180998,1067.4386903707828,1057.5623641135999,1060.405517578125,7562645,0.0,0.0,AXISBANK.NS,-0.005426916268177595,-0.005441695472857864,0.3591662543876091,1063.8348083496094,1090.9063500976563,1052.5074822998047,1002.58599609375,1068.6842880525908,1071.450271193007,1063.8348083496094,1102.1609885660428,1025.508628133176,0.07205287872821362,47.16073133106457,-6.124914064695531,-7.9903591410686845,1.8654450763731534,27.006621844908718,26.723038936447978,23.20055468596049,-0.06508632853035613
2024-02-20,1056.4650199471596,1087.8896168577692,1055.1680831094475,1085.994140625,8722800,0.0,0.0,AXISBANK.NS,0.02413097878377446,0.023844427406191165,0.3919642664358587,1062.4406494140626,1090.3227490234376,1053.2092980957032,1003.6775643920898,1070.3328454404393,1072.0206190138695,1062.4406494140626,1094.64122458297,1030.2400742451553,0.06061623336167718,53.27595616795725,-4.001542032916177,-7.1925957194381835,3.1910536865220065,26.393808268540834,27.481505168979474,23.50755013827428,-0.04252594655946157
2024-02-21,1091.2315386297137,1091.3312748960234,1070.5312095791621,1081.6046142578125,9177213,0.0,0.0,AXISBANK.NS,-0.004041942956212741,-0.004050133686068815,0.3863380262738385,1062.1887512207031,1089.385,1053.8602349853516,1004.8010009765625,1071.4063472325702,1072.3964619646124,1062.1887512207031,1093.6627875947217,1030.7147148466845,0.0592626053285682,52.16075069230998,-2.6424914956232897,-6.2825748746752055,3.640083379051916,25.681232402211663,27.26626866375247,23.385517288811254,-0.04639600206552199
2024-02-22,1087.6900474726833,1108.041115761234,1078.9110645331584,1098.2646484375,14633340,0.0,0.0,AXISBANK.NS,0.015403072398243678,0.015285649327488845,0.4076918912609726,1064.2712463378907,1089.0737451171874,1054.7256579589844,1005.9773419189453,1073.9642806806587,1073.4109006498238,1064.2712463378907,1099.482148344383,1029.0603443313985,0.06616903750364647,55.9312373331849,-0.21858887234907343,-5.06977767420998,4.851188801860906,25.538716932474035,27.646758662805777,23.491580308945892,-0.03170757064608262
2024-02-23,1096.3692455391695,1104.7491622173827,1087.3907894792492,1094.174560546875,6250943,0.0,0.0,AXISBANK.NS,-0.0037241368885395643,-0.003731088751481824,0.4024494539610295,1066.9922241210938,1088.3913818359374,1055.4399450683593,1007.1364712524414,1075.8890692393459,1074.2251618222572,1066.9922241210938,1102.6342274294025,1031.3502208127852,0.06680836561422511,54.78953702893978,1.3566963582843528,-3.7844828677111133,5.141179225995466,25.2465626021777,27.55712500480896,23.50322207506921,-0.03531362420113311
2024-02-26,1090.8325467970808,1092.1794127082399,1077.0656530908761,1082.602294921875,5354189,0.0,0.0,AXISBANK.NS,-0.010576251762987487,-0.010632577811323879,0.3876167954510734,1068.1868591308594,1087.7997998046876,1055.9816455078126,1008.1722134399414,1076.5284240662534,1074.5536768457716,1068.1868591308594,1104.2590184019564,1032.1146998597624,0.06753904331017041,51.58134198765473,1.6522895648115536,-2.6971283812065803,4.349417946018134,25.264372553558683,27.22529832579915,23.206760190139203,-0.045516390183905936
2024-02-27,1079.0607928334823,1085.9443001110253,1069.4837974716459,1076.467041015625,6546815,0.0,0.0,AXISBANK.NS,-0.005667135507682164,-0.005683254648531443,0.37975298303851646,1069.431378173828,1086.9737841796875,1056.4041333007813,1009.1284466552735,1076.5225780614317,1074.6287107347855,1069.431378173828,1104.8012712673662,1034.06148508029,0.06614710175034541,49.91266334550197,1.3756282091442245,-1.8825770631364196,3.258205272280644,24.754882832974676,27.236790633013992,23.174880515792594,-0.05092557814059541
2024-02-28,1074.8210754058348,1082.4028590954888,1061.5030553661354,1071.628662109375,7643191,0.0,0.0,AXISBANK.NS,-0.004494683740326244,-0.004504815201162193,0.3735514297399867,1069.753106689453,1086.0529956054688,1056.7348400878907,1010.0522659301757,1076.0564908279025,1074.5110617690832,1069.753106689453,1105.07774436846,1034.4284690104462,0.06604259891018296,48.578000040731936,0.7572265139301635,-1.354616347723103,2.1118428616532663,23.115958910177905,27.254138669201676,23.188898663114646,-0.05519136751288637
2024-02-29,1068.436206253075,1079.7092046661435,1052.8236453635054,1072.5263671875,13648997,0.0,0.0,AXISBANK.NS,0.0008377016310463503,0.0008373509548626969,0.3747020560130059,1069.296697998047,1085.3297290039063,1057.5284350585937,1010.950426940918,1075.7202885764357,1074.4332306090212,1069.296697998047,1104.2073306292468,1034.386065366847,0.06529643773624301,48.85128403742287,0.33570620039154164,-1.0165518381001741,1.3522580384917158,23.586265710840557,27.259675440190517,23.03249293256598,-0.05439989978042528
2024-03-01,1073.424307411303,1099.0627389049594,1073.424307411303,1096.61865234375,4819390,0.0,0.0,AXISBANK.NS,0.022463116892340373,0.022214536785293976,0.40558214898936673,1070.9028381347657,1084.9107348632813,1058.486137084961,1011.8957998657227,1077.7106089352276,1075.303247147638,1070.9028381347657,1107.7836436035282,1034.0220326660033,0.06887796755305872,55.66169500248448,1.9235212241815134,-0.4285372256438367,2.35205844982535,23.921178003886066,26.37380810918656,23.30671840357011,-0.03315877419578419
2024-03-04,1096.6186611950195,1106.245585783101,1090.483358452908,1104.1007080078125,5895441,0.0,0.0,AXISBANK.NS,0.006822841876774177,0.0067996716227508094,0.4151722137367375,1073.1599243164062,1084.8409008789063,1059.5416046142577,1012.8529211425781,1080.2239517040452,1076.4325593382332,1073.1599243164062,1112.412077506996,1033.9077711258165,0.07315247672073301,57.55196482028075,3.7424745154617085,0.40566512257727244,3.3368093928844362,22.85588051928679,26.137147133177518,23.229840675455264,-0.026562169392175598
2024-03-05,1099.5615904286128,1108.240838110355,1091.8800708025524,1098.1650390625,4851446,0.0,0.0,AXISBANK.NS,-0.005376021319669744,-0.005390524123894337,0.40756421774468454,1075.691357421875,1084.9486450195313,1060.5846032714844,1013.7703982543945,1081.9326266905648,1077.2848134450674,1075.691357421875,1114.5134924009951,1036.8692224427548,0.07218080671795252,55.52940600095366,4.651430431619474,1.254818184385713,3.3966122472337608,21.14926483515689,25.682825281188705,23.063198369530326,-0.03179539192289636
2024-03-06,1097.5663236628902,1129.2403214113713,1092.727957811263,1122.3070068359375,13787638,0.0,0.0,AXISBANK.NS,0.021983915818379662,0.02174575371087897,0.438507991016547,1078.479669189453,1085.6808862304688,1061.7094049072266,1014.8235339355468,1085.7778057520288,1079.050389656474,1078.479669189453,1122.2320662429,1034.7272721360061,0.08113717542089528,61.46168308456452,7.236422605047437,2.451139068518058,4.785283536529379,21.740697455577642,25.42063507035759,23.240551627285335,-0.010510463323962143
2024-03-07,1123.3045248335036,1124.2023947240693,1104.898740078331,1108.789306640625,6943879,0.0,0.0,AXISBANK.NS,-0.012044565446866717,-0.012117688979206159,0.42118178737290757,1082.2481262207032,1086.0240625,1062.6306927490234,1015.8095794677735,1087.9693772652283,1080.2166216950682,1082.2481262207032,1122.5027973608414,1041.993455080565,0.07439083545602578,56.885875327873045,8.10089996061356,3.5810912469371585,4.519808713676402,21.83689335837474,24.259052937096776,23.20807376071495,-0.022428434807446468
2024-03-11,1109.5876214061693,1117.31907033033,1099.2624204243646,1102.4547119140625,6751641,0.0,0.0,AXISBANK.NS,-0.005713073429391979,-0.005729455457680017,0.41306247146513164,1084.9266967773438,1085.9991235351563,1063.4951190185548,1016.7173617553711,1089.3489329460697,1081.0887036644403,1084.9266967773438,1122.898106604082,1046.9552869506056,0.06999811128167112,54.825955862647604,8.180555289942504,4.500984055538227,3.6795712344042766,22.421202190430645,23.787528064917694,22.676606381264396,-0.028013372941877168
2024-03-12,1102.354873198211,1118.7156395632892,1081.6545441313667,1094.3740234375,9817138,0.0,0.0,AXISBANK.NS,-0.0073297237421507955,-0.007356718155835914,0.4027051139188913,1087.4356811523437,1085.7826440429687,1064.5221545410157,1017.6171295166016,1089.8275129928727,1081.6096965967174,1087.4356811523437,1120.372333395382,1054.4990289093055,0.060576736286849835,52.227819713859475,7.505124284420845,5.101812101314751,2.4033121831060935,22.731170882116412,23.428710183752134,22.586586607208833,-0.035137766399278146
2024-03-13,1093.3763524591507,1096.917903041949,1068.1867968938282,1077.813720703125,11503890,0.0,0.0,AXISBANK.NS,-0.015132214745337214,-0.015247874987309952,0.3814790789106879,1087.9170227050781,1085.3456909179688,1065.2763452148438,1018.4410717773437,1088.683342298611,1081.4608347969686,1087.9170227050781,1119.9378774041058,1055.8961680060504,0.05886635475085899,47.282640801761644,5.569362175536071,5.195322116159015,0.3740400593770561,23.297673798634964,23.79956474057162,22.70684462126786,-0.04973826891779003
2024-03-14,1072.4265772880124,1078.661615528059,1053.0729942352896,1055.7166748046875,10253613,0.0,0.0,AXISBANK.NS,-0.020501730005832774,-0.02071480781230481,0.35315636782615445,1085.9916381835938,1084.5585791015626,1065.777142944336,1019.1468054199219,1085.5436596801421,1080.4512598953106,1085.9916381835938,1120.914951520043,1051.0683248471446,0.06431598938434027,41.619841570854746,2.2265436176965068,4.601566416466513,-2.375022798770006,23.044714517541657,24.30100736774632,22.916789895999568,-0.06922027836331275
2024-03-15,1053.7215382177246,1053.7215382177246,1027.7837772769806,1043.8951416015625,17798175,0.0,0.0,AXISBANK.NS,-0.011197638045559954,-0.011260803573594384,0.33800421260019253,1084.7047241210937,1083.6238232421874,1066.3113610839844,1019.7767388916016,1081.577134148849,1079.0176866288891,1084.7047241210937,1123.8123501856562,1045.5970980565312,0.07210741355671764,38.933407844597824,-1.360875777073261,3.4090779777585585,-4.769953754831819,23.8000377167969,24.036868162846257,22.938808706129713,-0.07964281278634741
2024-03-18,1041.5008827914498,1064.346089346231,1041.1018159520013,1058.809326171875,7612407,0.0,0.0,AXISBANK.NS,0.014287052382896404,0.014185954241829155,0.35712034887414745,1084.3356079101563,1082.88060546875,1067.0091857910156,1020.4518435668946,1079.4087714843752,1078.2252019050848,1084.3356079101563,1124.3087390922574,1044.3624767280553,0.07372833814641833,43.85699628056789,-2.9662879209042785,2.1340047980259915,-5.10029271893027,24.238278140956254,24.013145782533023,23.03371907678432,-0.06649362144165083
2024-03-19,1053.0231749064687,1058.4101504615487,1044.194263437455,1048.2845458984375,6728886,0.0,0.0,AXISBANK.NS,-0.009940203597837427,-0.009989937271307708,0.3436302962995703,1083.729559326172,1081.4320776367188,1067.7119989013672,1021.0601229858398,1076.4445595238096,1077.0510585322752,1083.729559326172,1125.5549538523449,1041.904164799999,0.0771878817297898,41.324856807293344,-5.0298692186995595,0.7012299946808813,-5.731099213380441,24.106461004887723,24.140114350747645,22.855496608360923,-0.07577286490440073
2024-03-20,1047.4865666620108,1054.9186845427982,1028.482118812757,1032.2730712890625,12619644,0.0,0.0,AXISBANK.NS,-0.015273977539802641,-0.01539182628747646,0.3231077173320922,1081.043505859375,1079.3929736328125,1068.4148126220703,1021.5502252197266,1072.2377511205004,1075.2950590325413,1081.043505859375,1128.7439337459189,1033.3430779728312,0.08824885886276036,37.75368259912939,-7.86658337562676,-1.012332679380647,-6.854250696246114,24.50194400493685,24.344864143351323,22.93272278817413,-0.0898894894075271
2024-03-21,1036.8618724728055,1048.0351338251044,1025.6887328985947,1033.120849609375,9903738,0.0,0.0,AXISBANK.NS,0.0008212733082864077,0.0008209362478961323,0.32419435038432476,1078.619317626953,1077.6691064453125,1069.2143920898438,1022.1571810913086,1068.5123319289646,1073.641168466927,1078.619317626953,1130.9070917144186,1026.3315435394875,0.0969531571203504,38.05890346994884,-9.931803508628718,-2.796226845230261,-7.1355766633984565,24.17771840664196,23.709297736639364,22.932748319431468,-0.08914203993758663
2024-03-22,1037.6103100718892,1044.7432196223558,1027.4845815585513,1030.82666015625,9891194,0.0,0.0,AXISBANK.NS,-0.0022206399706214963,-0.0022231092478221044,0.3212537914809901,1075.2474182128906,1076.0080932617188,1069.8254278564452,1022.7284985351563,1064.9232203315632,1071.962168141018,1075.2474182128906,1130.7970332812215,1019.6978031445597,0.10332434029119897,37.52270404008111,-11.619682788481896,-4.560918033880588,-7.058764754601308,23.515023145666614,21.934602740844444,22.936484260305924,-0.09116472753125997
2024-03-26,1026.5368035141419,1041.700369393197,1025.0403941795732,1038.0592041015625,9656767,0.0,0.0,AXISBANK.NS,0.007016256199869897,0.006991756803612716,0.33052404658707024,1072.441650390625,1074.682275390625,1070.2025238037108,1023.3040881347656,1062.3647425953727,1070.6326401394708,1072.441650390625,1129.6110913038092,1015.2722094774409,0.1066154804643419,40.374688927017395,-12.232722219641346,-6.09527887103274,-6.137443348608606,23.5791479944831,21.581872860580823,22.935407056004138,-0.0847881064161407
2024-03-27,1043.2966609454973,1055.0185343378787,1041.7503225527066,1050.3297119140625,17027308,0.0,0.0,AXISBANK.NS,0.011820624261137391,0.011751306401040168,0.34625167141218416,1070.8280212402344,1073.2277661132812,1070.8375,1023.8177020263672,1061.2185491971527,1069.8364468757293,1070.8280212402344,1128.6084800991543,1013.0475623813146,0.10791734566676443,44.96478524658861,-11.594775598388651,-7.195178216503923,-4.399597381884728,23.621902489376925,21.820649332585713,23.006922928814603,-0.07396973050276175
2024-03-28,1050.3296143572713,1055.8663772204363,1041.600560514143,1044.693115234375,10235318,0.0,0.0,AXISBANK.NS,-0.005366502171413989,-0.0053809535696868116,0.33902700889428106,1069.239324951172,1071.7682666015626,1071.489434814453,1024.2166790771485,1059.6446983435549,1068.850433870186,1069.239324951172,1128.1040537759689,1010.3745961263752,0.11010580597095969,43.315215334792185,-11.412468714608622,-8.038636316124864,-3.373832398483758,22.032863425533005,20.78099084630302,22.881731442401044,-0.0789392739548138
2024-04-01,1049.8308968863641,1061.203632319249,1046.3892040873816,1050.5791015625,5484556,0.0,0.0,AXISBANK.NS,0.005634177388834871,0.005618364777645171,0.3465713245908324,1068.1868469238282,1070.4434448242187,1072.3004888916016,1024.6024813842773,1058.7813081739305,1068.1339110345905,1068.1868469238282,1127.6216554880798,1008.7520383595765,0.11128167087136936,45.561135094169394,-10.67004169157326,-8.564917391214543,-2.1051243003587174,21.83335359975698,19.488850312974137,22.765854152171467,-0.07374985443838616
2024-04-02,1048.4840673289145,1053.3224328177723,1037.7098721598722,1044.693115234375,13617893,0.0,0.0,AXISBANK.NS,-0.005602611283025638,-0.005618364777645192,0.33902700889428106,1066.795184326172,1069.0088842773437,1072.941449584961,1025.0318545532227,1057.4395755130204,1067.2146641404645,1066.795184326172,1127.0992345086331,1006.4911341437107,0.11305647244846069,43.69664322416171,-10.43630955221829,-8.939195823415293,-1.4971137288029972,21.658775796323734,18.48225011930343,22.155839996203003,-0.0789392739548138
2024-04-03,1041.3014413403423,1067.7380066830049,1041.251512317133,1060.704833984375,11573590,0.0,0.0,AXISBANK.NS,0.015326719891714635,0.015210452216721172,0.3595499007870442,1064.999493408203,1068.6287963867187,1073.6836694335936,1025.4782516479493,1057.7505525102922,1066.959376683363,1064.999493408203,1123.681348812757,1006.3176380036491,0.11020071984590482,49.72403921358551,-8.856965673211107,-8.922749793374457,0.06578412016335022,20.9034471487487,19.037695047278135,22.26388063546154,-0.06482243420345994
2024-04-04,1067.4386903707828,1078.1130285632478,1056.6146868847939,1060.405517578125,17964844,0.0,0.0,AXISBANK.NS,-0.0002821863318239748,-0.0002822261538785781,0.3591662543876095,1062.8147338867188,1067.9394506835938,1074.2178875732423,1025.9258929443358,1058.0034063262763,1066.7023626008047,1062.8147338867188,1118.5465104742334,1007.0829572992043,0.10487580725137893,49.61710808824336,-7.542531000719009,-8.646706034843369,1.10417503412436,20.386821115201055,18.970944140234593,22.261531735964446,-0.06508632853035613
2024-04-05,1058.5599096565631,1060.4553857835742,1045.5910291154657,1056.564697265625,9210187,0.0,0.0,AXISBANK.NS,-0.00362202973186343,-0.0036286051639614304,0.35424331380367224,1060.734716796875,1066.7931982421876,1074.5989727783203,1026.2962789916992,1057.8663864157381,1066.3048070974644,1060.734716796875,1113.9602277705987,1007.5092058231514,0.10035593279052835,48.18515385390189,-6.733138720980378,-8.263992572070771,1.5308538510903933,19.62080221343956,17.56522400490698,22.25451232144011,-0.06847261364514479
2024-04-08,1064.4458579816544,1076.8660069572647,1061.0041651652145,1073.4742431640625,4967186,0.0,0.0,AXISBANK.NS,0.016004269253174108,0.01587755116830234,0.375916988432097,1058.2930786132813,1066.5298315429689,1075.1411724853515,1026.791823425293,1059.3528489631976,1066.5859614530175,1058.2930786132813,1103.5024233121508,1013.0837339144119,0.08543823183292253,54.42175445529557,-4.673358900558014,-7.54586583776822,2.872506937210206,19.07568879657762,18.1987439746093,22.4003134268792,-0.0535641985372161
2024-04-09,1087.390734637225,1087.390734637225,1068.7853550513448,1077.4146728515625,11385226,0.0,0.0,AXISBANK.NS,0.00367072588149453,0.003664005208723258,0.38096760253232276,1056.724346923828,1066.945830078125,1075.72078125,1027.3098104858398,1061.0730226668513,1067.0106168019802,1056.724346923828,1096.3940383039837,1017.0546555436724,0.07508049094474997,55.75811505347259,-2.6919773693089155,-6.57508814407636,3.8831107747674443,18.74433923883836,17.634233952533883,22.358764981012303,-0.050090092145613704
2024-04-10,1083.5998995115542,1090.3836709699126,1077.414789247489,1085.1961669921875,9064074,0.0,0.0,AXISBANK.NS,0.0072223762463063945,0.007196419790247676,0.39094147014177083,1055.8614196777344,1067.8546533203125,1076.3053796386719,1027.8447805786134,1063.37046498355,1067.7237756329687,1055.8614196777344,1091.9300278532328,1019.792811502236,0.06832072373002723,58.3548891855111,-0.4881891456386711,-5.357708344388822,4.869519198750151,18.626763194833366,17.749609217990134,22.297678495587327,-0.04322948539099518
2024-04-12,1076.9159375653167,1093.7755074001911,1068.5360207821377,1070.88037109375,18045983,0.0,0.0,AXISBANK.NS,-0.013191896851346474,-0.013279682819655282,0.37259231374140045,1054.6867370605469,1068.0980688476564,1076.7852282714844,1028.3874002075195,1064.0856941369022,1067.8475636902542,1054.6867370605469,1086.7860468511794,1022.5874272699142,0.060869846301650946,52.275801082678406,0.10198815617195578,-4.2657690442766665,4.367757200448622,18.541257543977103,17.897867238568015,21.501410634369904,-0.055851103330126856
2024-04-15,1060.555054332689,1068.4361671293173,1052.7238705538862,1055.4173583984375,8889435,0.0,0.0,AXISBANK.NS,-0.014439533222108891,-0.014544797825228545,0.3527727214267202,1053.5669189453124,1068.1748828125,1076.950830078125,1028.8068618774414,1063.2601383522865,1067.3601046592025,1053.5669189453124,1083.7761319207484,1023.3577059698763,0.057346548059191926,46.625773867391366,-0.6703011603392497,-3.5466754674891834,2.8763743071499337,18.24197894493097,18.302409164341103,21.52495775377523,-0.06948417269020894
2024-04-16,1047.4366747471086,1055.3177887882596,1041.8501038826091,1049.382080078125,7107881,0.0,0.0,AXISBANK.NS,-0.005718380764052289,-0.005734793302001767,0.34503705191837897,1053.2501892089845,1067.858642578125,1077.2057196044923,1029.2402462768555,1061.938418516652,1066.6550840873956,1053.2501892089845,1083.497307131365,1023.0030712866038,0.05743577021352712,44.599635832853615,-1.7491790816156936,-3.187176190314486,1.4379971086987924,17.978308691504107,18.32848977478894,21.001392830771515,-0.07480521649774345
2024-04-18,1041.650556735367,1048.8832018148605,1011.4230396229323,1021.5487670898438,17832438,0.0,0.0,AXISBANK.NS,-0.026523526098529482,-0.02688162097297042,0.3093619265683327,1052.1328704833984,1066.6565270996093,1077.5015100097655,1029.531474609375,1058.0917850474323,1064.8862089110212,1052.1328704833984,1085.3410302395323,1018.9247107272645,0.06312541065441012,36.68270855723613,-4.7948414055369994,-3.508709233358989,-1.2861321721780103,19.49967049447332,19.794376339991842,21.188807259432917,-0.09934464448418884
2024-04-19,1012.5702521129814,1034.4676586075361,993.3164654082485,1026.636474609375,21598007,0.0,0.0,AXISBANK.NS,0.004980386334394016,0.004968025235417722,0.31588305481418955,1050.5242279052734,1065.8993395996094,1077.9045416259767,1029.889001159668,1055.0960411961887,1063.3862193305645,1050.5242279052734,1085.4435346641394,1015.6049211464074,0.06647977425231684,38.82053733107353,-6.720545003569441,-4.15107638740108,-2.5694686161683613,21.227660706114136,18.561801500910367,21.179203543794888,-0.09485903285957915
2024-04-22,1036.5128380286305,1055.9661588578495,1029.5295946540393,1051.427001953125,9410832,0.0,0.0,AXISBANK.NS,0.02414732766355554,0.023860390939789082,0.34765811410570824,1050.6813507080078,1065.7486999511718,1078.5245532226563,1030.359767150879,1054.7466088873255,1062.9172304138021,1050.6813507080078,1085.5865018900806,1015.776199525935,0.06644288710093078,48.02851086112229,-6.175107806474443,-4.555882671215753,-1.6192251352586906,22.30365124484135,19.917492997585548,21.527941341915227,-0.07300229734433195
2024-04-23,1055.467392339939,1057.7120063595655,1046.2395347036966,1053.2227783203125,8300012,0.0,0.0,AXISBANK.NS,0.0017079420291201686,0.0017064851547348618,0.3499598360396743,1051.7288360595703,1065.8624279785156,1079.099673461914,1030.7762286376953,1054.6014821666577,1062.5370558219006,1051.7288360595703,1085.548497399229,1017.9091747199114,0.06431251132443658,48.631633086699665,-5.534146556593214,-4.7515354482912455,-0.7826111083019685,21.94379085705528,19.905124841944417,21.529216026250396,-0.07141903900706853
2024-04-24,1053.4721887491182,1066.3911408374038,1053.4721887491182,1060.704833984375,5641163,0.0,0.0,AXISBANK.NS,0.007103963015303361,0.0070788487404813884,0.3595499007870451,1053.1080352783204,1065.7457092285156,1079.74013671875,1031.2054351806642,1055.182753768345,1062.4652039851348,1053.1080352783204,1085.9687386108938,1020.247331945747,0.0624070887919658,51.174035930576494,-4.372042600645955,-4.675636878762187,0.30359427811623263,21.769205275568936,18.829725344992283,21.464888527896296,-0.06482243420345994
2024-04-25,1097.3668772875997,1131.2355608344606,1083.5001260280715,1124.30224609375,46136295,0.0,0.0,AXISBANK.NS,0.05995769046369004,0.05822899267046847,0.44106537290837533,1057.7818145751953,1067.5633508300782,1080.9222998046876,1031.906536254883,1061.7655625612408,1064.8901860286098,1057.7818145751953,1101.9452535613843,1013.6183755890062,0.08350198193551871,66.39773888153454,1.6615593861076832,-3.4081976257882136,5.069757011895897,24.91522188158419,25.72927462673943,23.63352063636705,-0.00875134718484377
2024-04-26,1127.2950297740094,1138.6178360271808,1120.3117862267368,1127.5943603515625,10133766,0.0,0.0,AXISBANK.NS,0.002928139892320436,0.002923861240997465,0.4452850139142299,1062.2585723876953,1069.1375720214844,1082.011187133789,1032.6507568359375,1068.0349718746047,1067.349173256961,1062.2585723876953,1115.2698469646728,1009.2472978107179,0.09980860772499328,66.97182129012778,6.632424081354429,-1.4000732843596853,8.032497365714114,24.687201033154913,25.66719321709874,23.539327192602265,-0.005848832461326889
2024-04-29,1127.5943251009617,1161.2136049877345,1122.6062941517016,1156.4749755859375,15183242,0.0,0.0,AXISBANK.NS,0.025612592834687975,0.02529008561384929,0.4823025105056915,1067.565835571289,1071.3831848144532,1082.9998138427734,1033.5961856079102,1076.4578293709221,1070.844302760058,1067.565835571289,1134.8742684874278,1000.2574026551503,0.126097015609571,71.56192188957789,12.755259754944063,1.4309933235010646,11.324266431442998,26.3831263308638,26.513791546484583,23.794363357440478,0.0
2024-04-30,1157.373016490627,1180.0685606625627,1152.3849848044872,1163.1092529296875,18965164,0.0,0.0,AXISBANK.NS,0.005736637180920212,0.005720245337342844,0.49080594220082974,1073.4866424560546,1073.2816320800782,1083.9141217041015,1034.595714111328,1084.7103459003283,1074.4625361000437,1073.4866424560546,1152.1916661762743,994.7816187358349,0.14663437924136385,72.50713438274595,17.936224247372365,4.732039508275324,13.204184739097041,26.910431057037783,26.029233294423364,23.798466140063294,0.0
2024-05-02,1153.232837036846,1171.1897497242708,1145.2519869535458,1147.0975341796875,12302236,0.0,0.0,AXISBANK.NS,-0.013766306741751944,-0.01386194104416911,0.4702830503080666,1078.312564086914,1074.3390954589843,1084.3650396728515,1035.4431802368165,1090.6519828793148,1077.3109673972847,1078.312564086914,1162.7323187756638,993.8928093981644,0.15657752214031564,66.74141338392867,20.513694940900223,7.888370594800305,12.625324346099918,27.43417271309812,25.577484132343265,23.918647545781464,-0.013766306741751923
2024-05-03,1148.1449785153566,1160.465390499882,1131.3851459567948,1138.7674560546875,9993632,0.0,0.0,AXISBANK.NS,-0.007261874319132722,-0.007288370078958399,0.45960603958317825,1083.0162811279297,1075.7217761230468,1084.5236590576171,1036.2652075195313,1095.234408896017,1079.7210257760064,1083.0162811279297,1169.9933848358826,996.0391774199768,0.16062012219681276,63.894764138823355,21.634798853881875,10.63765624661662,10.997142607265255,28.584976029150774,25.413968261689156,23.911294524614036,-0.020928211871487464
2024-05-06,1141.1617550653036,1153.232765714131,1132.931503925908,1140.912353515625,7490104,0.0,0.0,AXISBANK.NS,0.001883525428772348,0.0018817538189845012,0.4623552446747228,1087.0266571044922,1077.2161901855468,1084.6353924560547,1037.1610580444335,1099.5846893359796,1082.1206856873641,1087.0266571044922,1177.0165055607167,997.0368086482677,0.1655706377908525,64.31679533371636,22.43770913753042,12.997666824799381,9.440042312731038,28.232245684162883,25.189626536743205,23.878120560136534,-0.019084105261953713
2024-05-07,1143.3066598846426,1146.0500769962232,1121.3593229919986,1125.00048828125,7115509,0.0,0.0,AXISBANK.NS,-0.013946614904592702,-0.014044782746395942,0.44196033922353295,1090.2564056396484,1078.5080895996093,1084.7072198486328,1038.031469116211,1102.0052416164815,1083.8022465733989,1090.2564056396484,1180.8579301906989,999.6548810885979,0.16620223294701944,58.82359809681608,21.54174692924221,14.706482845687948,6.835264083554261,28.698978074474365,25.38908513223258,23.94796223909228,-0.03276456149965928
2024-05-08,1121.9578174576657,1132.7318911613593,1115.573113534311,1125.9482421875,8175609,0.0,0.0,AXISBANK.NS,0.0008424475510209195,0.0008420928912569978,0.4431751151799812,1093.7255828857421,1079.3071716308593,1084.8149603271484,1038.922580871582,1104.28552738515,1085.4550307151285,1093.7255828857421,1184.208607591841,1003.2425581796433,0.1654583674770846,59.04795301037269,20.669896542856804,15.899165585121722,4.770730957735083,28.955515439561502,24.83344659514445,23.83623722891745,-0.03194971637323391
2024-05-09,1119.3141450674307,1131.8341514619112,1109.537555695174,1112.9793701171875,5226693,0.0,0.0,AXISBANK.NS,-0.01151817782060438,-0.011585025838076584,0.42655236757706705,1095.7008392333985,1079.9346667480468,1084.6598333740235,1039.6982196044921,1105.113512407249,1086.534416574033,1095.7008392333985,1186.0471357750744,1005.3545426917226,0.16491051810252552,54.659194122316386,18.716714604406206,16.462675388978617,2.2540392154275892,27.83676939038611,25.183255143021714,23.89250023503288,-0.043099891679333466
2024-05-10,1121.0100592034512,1137.2710892789437,1110.6848591958812,1117.418701171875,7242718,0.0,0.0,AXISBANK.NS,0.003988691231734176,0.003980757492689182,0.43224244449723126,1097.7010406494142,1080.3177478027344,1084.695746459961,1040.511517944336,1106.2854351467372,1087.7455649896349,1097.7010406494142,1188.1140330802589,1007.2880482185694,0.1647315418000428,55.868362897310675,17.32728263300919,16.635596837784732,0.6916857952244584,26.796414882084314,25.14414466844389,23.88487986282319,-0.039283112607629296
2024-05-13,1117.4187443862693,1132.6821688333848,1102.4048432815728,1129.290283203125,5513160,0.0,0.0,AXISBANK.NS,0.010624112536151253,0.010568073215170266,0.4474587494066222,1099.905746459961,1081.0200622558593,1084.7057220458985,1041.34526763916,1108.4763730568693,1089.374769625458,1099.905746459961,1191.1811683285678,1008.6303245913542,0.1659695335939031,59.016021026420624,16.988255209102817,16.70612851204835,0.28212669705446913,26.864103546608426,25.218205317389632,23.879493512724476,-0.029076348280591774
2024-05-14,1127.2450891156411,1133.3803916673191,1115.4234798739799,1120.162109375,5471143,0.0,0.0,AXISBANK.NS,-0.008083106676729512,-0.008115952098608503,0.43575878592500294,1102.3698333740235,1081.771258544922,1084.7855291748047,1042.1393618774414,1109.5893003252627,1090.5821162823026,1102.3698333740235,1193.0045843068724,1011.7350824411747,0.16443619589161484,55.72487888614214,15.800863671786146,16.525075543995907,-0.7242118722097608,27.32727784214202,25.268308925004412,23.920612898548733,-0.036924427732399574
2024-05-15,1122.8557159257566,1128.492093577472,1115.9222797145299,1125.3497314453125,5436338,0.0,0.0,AXISBANK.NS,0.004631135107048934,0.004620444394907083,0.44240797884375427,1105.8664520263671,1082.7489123535156,1084.8613482666015,1042.9561520385741,1111.0902937652675,1091.9455521710481,1105.8664520263671,1194.242014060662,1017.4908899920722,0.15983044222447904,57.18614775121338,15.104331735944243,16.240926782385575,-1.1365950464413324,27.28452436684565,25.171766797513325,23.91486220279776,-0.032464294638929886
2024-05-16,1131.435179313018,1141.2116477253062,1108.6399003218369,1136.5728759765625,10750526,0.0,0.0,AXISBANK.NS,0.00997302813307277,0.00992362567784823,0.45679315419613165,1110.225991821289,1084.0477966308595,1085.0503961181641,1043.761220703125,1113.5172063568193,1093.695643300676,1110.225991821289,1195.414239449233,1025.037744193345,0.15346109396735627,60.243264337019305,15.281780276043037,16.04909748111707,-0.7673172050740327,24.573168692087343,25.248484775774855,23.9559139882981,-0.022815033829611517
2024-05-17,1129.290204353205,1143.2566909794812,1123.4043034907972,1138.6177978515625,9909986,0.0,0.0,AXISBANK.NS,0.001799199961764808,0.0017975833403066567,0.45941421638346047,1116.079443359375,1085.3696252441407,1085.3496771240234,1044.6094351196289,1115.9077388801281,1095.4572964203187,1116.079443359375,1191.0925858591497,1041.0663008596005,0.13442258603740015,60.79260597837105,15.409783238786758,15.921234632651007,-0.5114513938642489,24.683621384104477,25.12664568230229,23.944252515226328,-0.021056882675840567
2024-05-21,1133.2806831688256,1143.007343961868,1126.4969120583337,1134.9267578125,8162017,0.0,0.0,AXISBANK.NS,-0.003241684827013147,-0.0032469504700548698,0.45468325546188293,1121.4939575195312,1086.1357873535155,1085.5232611083984,1045.4381967163085,1117.7190740165445,1097.0051184356985,1121.4939575195312,1183.8966433304975,1059.091271708565,0.11128492559868194,59.20249109468637,15.040018454472147,15.744991397015237,-0.7049729425430904,23.105272888926006,24.910005273884565,23.9415507434189,-0.024230307725779218
2024-05-22,1139.2663882104796,1139.2663882104796,1115.2739081187951,1123.3046875,9094033,0.0,0.0,AXISBANK.NS,-0.010240370343281735,-0.010293163660334274,0.4397867601937826,1125.087841796875,1086.5198669433594,1085.6803839111328,1046.253740234375,1118.251037205445,1098.0364740852788,1125.087841796875,1178.0675451195305,1072.1081384742195,0.09417878561027154,54.37933762585273,13.651803758590859,15.326353869330362,-1.6745501107395029,22.841623191326644,25.16813777365473,23.71346451318077,-0.034222550744417275
2024-05-23,1123.3046476916165,1166.8501852548218,1123.0552461268537,1162.460693359375,12818081,0.0,0.0,AXISBANK.NS,0.034857867411307364,0.034264091114580314,0.4899746561811733,1130.549737548828,1087.8057800292968,1086.377212524414,1047.1937350463868,1122.4614806486766,1100.562914056812,1130.549737548828,1174.0009301581333,1087.0985449395228,0.07686737021143865,64.7877491822087,15.532151073863588,15.367513310237008,0.16463776362657967,24.11713578827258,26.831615392734953,24.33670547706199,-0.0005576084694355938
2024-05-24,1162.71004443193,1174.1825159128116,1157.8217496192385,1171.189697265625,8814997,0.0,0.0,AXISBANK.NS,0.007509074462573206,0.007481021708881655,0.5011629868217846,1136.0739807128907,1088.7834338378907,1087.2321600341797,1048.2616723632811,1127.102263183624,1103.3325918297066,1136.0739807128907,1168.9404719902523,1103.2074894355292,0.057859772929114525,66.61630515155245,17.524683885201284,15.798947425229864,1.7257364599714204,23.208601627592998,26.594689484566025,24.25669507685662,0.0
2024-05-27,1176.0778621664394,1193.1369022154065,1165.203931260531,1184.158447265625,10450046,0.0,0.0,AXISBANK.NS,0.011073142147918658,0.011012283759662726,0.5177855779620564,1139.0667907714844,1090.2908166503905,1088.1574395751952,1049.4440844726562,1132.536185477148,1106.5022332193507,1139.0667907714844,1177.797666878238,1100.3359146647308,0.06800457430686989,69.17727037986343,19.920617752942462,16.623281490772385,3.2973362621700772,23.75372371092533,26.69625120732167,24.301304947975893,0.0
2024-05-28,1185.156102592287,1189.5455939945439,1176.177647269618,1180.567138671875,4018776,0.0,0.0,AXISBANK.NS,-0.0030327939660801384,-0.0030374022052857747,0.5131824470194095,1141.7154296875,1091.853065185547,1088.9260943603515,1050.5888372802735,1137.110561971884,1109.406739315528,1141.7154296875,1184.2056516783464,1099.2252076966538,0.07443224622527231,67.63006358031971,21.284272174572152,17.55547962753234,3.728792547039813,22.944951762403985,26.73036281123255,24.25869416459787,-0.003032793966080127
2024-05-29,1169.1945538168247,1183.0613053892162,1153.232853423421,1156.973876953125,9418064,0.0,0.0,AXISBANK.NS,-0.019984684433358102,-0.02018707931041096,0.48294197332562994,1141.7403747558594,1093.1050622558594,1089.443853149414,1051.5856954956055,1139.0023062558116,1111.2721172621004,1141.7403747558594,1184.2676505992897,1099.2130989124291,0.0744955276763756,58.39058038621038,20.228023026779738,18.08998830738182,2.1380347193979183,23.849928500885913,27.155849186828757,24.35224549289446,-0.02295686896907478
2024-05-30,1152.434695075394,1176.9759063285162,1152.2352225359814,1165.1541748046875,7232217,0.0,0.0,AXISBANK.NS,0.007070425715319795,0.00704554745319037,0.49342700438815856,1141.8426208496094,1094.8518713378905,1090.0987811279297,1052.6965301513671,1141.4929604033237,1113.3851391265157,1141.8426208496094,1184.5954518391475,1099.0897898600713,0.07488392920160408,60.4101443707567,19.8225179900096,18.436494243907376,1.3860237461022251,24.02450621701431,26.686287879337993,24.360861617422124,-0.016048758090457256
2024-05-31,1170.192044648018,1175.1800755288707,1150.6389879506955,1159.3680419921875,10057642,0.0,0.0,AXISBANK.NS,-0.004965980414969429,-0.004978351870308227,0.4860106751331805,1142.4561462402344,1096.9248986816406,1090.7417388916015,1053.826817626953,1143.1953491260726,1115.1883902192872,1142.4561462402344,1185.8735079208832,1099.0387845595856,0.07600705169040083,58.25630716392966,18.8173451244204,18.512664420009983,0.3046807044104156,23.878424609522362,26.664739614692362,24.37756626491433,-0.020935040687064938
2024-06-03,1194.1846329485845,1239.2264585688406,1190.5433457113234,1220.9703369140625,22197339,0.0,0.0,AXISBANK.NS,0.053134373805941104,0.0517708354623032,0.5649689218253258,1146.5662902832032,1100.4664025878906,1092.045112915039,1055.1818167114259,1150.602490820167,1119.3367018543765,1146.5662902832032,1202.3234246834736,1090.8091558829328,0.09725932965724696,70.3690352916318,22.729517031194973,19.356034942246982,3.3734820889479913,27.419931111296723,28.79062160552051,25.91701446703487,0.0
2024-06-04,1221.0699654696132,1221.0699654696132,1098.9131373248442,1128.5419921875,24135989,0.0,0.0,AXISBANK.NS,-0.07570072911039771,-0.07871937353612143,0.44649963340803556,1145.947772216797,1101.861055908203,1092.3708306884766,1056.098865966797,1148.5014909503893,1119.6976936321462,1145.947772216797,1202.2408636923724,1089.6546807412215,0.09824722005729528,47.90721334477158,18.162381857104947,19.117304325218576,-0.9549224681136295,34.86278227925599,37.30462667881033,28.38110029545345,-0.07570072911039773
2024-06-05,1135.2758622111123,1190.14420353063,1108.0411640812747,1181.66455078125,21039499,0.0,0.0,AXISBANK.NS,0.04707184930777841,0.04599755351456832,0.5145890461755753,1148.7809753417969,1104.5286560058594,1092.980366821289,1057.2540936279297,1151.6598776009475,1122.127766461523,1148.7809753417969,1206.3249017581738,1091.23704892542,0.10018258946054694,56.50127396927192,18.61486031956042,19.016815524086947,-0.40195520452652644,39.82944124971407,38.965734963248615,29.344190502806338,-0.032192253115792956
2024-06-06,1189.246368891048,1193.0373212968939,1160.4654533547418,1168.14697265625,12006879,0.0,0.0,AXISBANK.NS,-0.011439437796507468,-0.011505371476834225,0.49726299899457826,1150.8909118652343,1107.2461340332031,1093.3195538330078,1058.3561990356445,1153.230077130024,1123.9324412142573,1150.8909118652343,1208.0027374933604,1093.7790862371082,0.0992480260975659,54.057390534132864,17.678905756588847,18.74923357058733,-1.0703278139984818,39.82944985961998,39.22402777043382,29.285721158563437,-0.04326342963525284
2024-06-07,1175.1802441941004,1192.3390241756715,1163.9571731014148,1183.959228515625,8583998,0.0,0.0,AXISBANK.NS,0.013536186994877353,0.013445391250188822,0.5175302309294798,1154.4399047851562,1110.262901611328,1093.9660040283204,1059.5884927368163,1156.1566629762717,1126.2864328731346,1154.4399047851562,1210.4430711048649,1098.4367384654474,0.09702222885327416,56.431363890558295,18.005515546386505,18.600489965747165,-0.5949744193606605,40.438697258589464,39.315960077627906,29.051006593351353,-0.030312864513957895
2024-06-10,1182.1632278442382,1209.4976593246931,1182.1632278442382,1197.1273193359375,9995057,0.0,0.0,AXISBANK.NS,0.011122081321011335,0.011060685785870937,0.5344083255649705,1158.4253356933593,1113.588914794922,1094.7985040283204,1060.8993466186523,1160.0586302486208,1129.0645068520682,1158.4253356933593,1214.6797524711221,1102.1709189155965,0.09712221417203812,58.360994558850436,19.106661338345248,18.701724240266785,0.404937098078463,41.21184008551237,35.64939312462832,28.686466820040053,-0.0195279253371437
2024-06-11,1201.5668763542778,1206.455171649185,1187.6003879563225,1191.740478515625,9390212,0.0,0.0,AXISBANK.NS,-0.0044998061052525795,-0.004509960706687137,0.5275037856136429,1161.5478454589843,1116.662540283203,1095.672407836914,1062.169549255371,1163.0759491311926,1131.5223880937763,1161.5478454589843,1217.925712142939,1105.1699787750297,0.09707368819004948,57.24406267297462,19.321923174432186,18.825764027099865,0.496159147332321,40.84486177131081,35.703713838990076,28.55224869713975,-0.02393985956474128
2024-06-12,1189.2464161988912,1203.2628330753819,1181.2655659980387,1185.0565185546875,7199718,0.0,0.0,AXISBANK.NS,-0.00560857005483506,-0.005624357140186177,0.518936673623003,1164.7925659179687,1119.3570764160156,1096.2924212646485,1063.4407498168946,1165.169336695335,1133.62176575891,1164.7925659179687,1218.5503416367158,1111.0347901992216,0.09230446225655775,55.81664165228312,18.737189366226858,18.808049094925263,-0.07085972869840518,39.287885196266174,35.05732905252491,28.439356080217475,-0.02941416124010454
2024-06-13,1198.9231671641783,1199.122639690824,1170.6409342714535,1171.838134765625,5321148,0.0,0.0,AXISBANK.NS,-0.011154222251934298,-0.01121689708410211,0.5019941163787982,1167.1169860839843,1121.8999768066406,1096.8341217041016,1064.6283999633788,1165.8044603210767,1135.1204468964283,1167.1169860839843,1217.6152651699615,1116.6187069980072,0.086535076925602,53.00187698877466,17.01107739809254,18.448654755558717,-1.4375773574661785,40.153666562394555,35.202700883794115,28.484760704803342,-0.04024029140021249
2024-06-14,1178.1230423439772,1181.8142585048788,1167.19930270935,1178.222900390625,4451031,0.0,0.0,AXISBANK.NS,0.0054485047342114346,0.005433715328071098,0.5101777384326458,1169.1994873046874,1124.452852783203,1097.4481488037109,1065.8155517578125,1166.9871688991288,1136.8107391903184,1169.1994873046874,1217.793453465134,1120.6055211442408,0.08312348181484151,54.203213506079344,15.974178072367977,17.95375941892057,-1.9795813465525924,39.20237976529836,34.966257998316884,28.42596281733649,-0.03501103608420117
2024-06-18,1191.1419459865251,1191.1419459865251,1178.3227291311541,1189.0469970703125,6837181,0.0,0.0,AXISBANK.NS,0.009186798759469816,0.00914485680292559,0.5240514374066578,1171.720947265625,1127.339930419922,1098.1744073486327,1067.0091885375978,1169.0881049154323,1138.8592198914948,1171.720947265625,1218.844643520905,1124.597251010345,0.08043501546208555,56.24514784273084,15.843211349198555,17.531649804976166,-1.6884384557776109,39.17031539893939,34.948215382666014,28.35675237704447,-0.026145876667597462
2024-06-19,1190.144151337927,1240.3735972420434,1182.6621051224747,1223.713623046875,17987437,0.0,0.0,AXISBANK.NS,0.02915496701305953,0.02873804513689216,0.5684851067904548,1176.1602905273437,1130.600106201172,1099.6144512939454,1068.3539614868164,1174.290535213665,1142.186843544647,1176.1602905273437,1225.371593555224,1126.9489874994633,0.08368128634204437,62.07708778906314,18.325481528900582,17.69041614976105,0.6350653791395331,41.161961124208915,35.844468227502404,28.5889011476345,0.0
2024-06-20,1227.1553146423544,1238.5280492366346,1217.478583589118,1236.5328369140625,8206858,0.0,0.0,AXISBANK.NS,0.010475664915186256,0.010421175350069178,0.5849160311936519,1181.8216979980468,1134.1226525878906,1101.0310516357422,1069.6520962524414,1180.2183734708458,1145.8866864218792,1181.8216979980468,1231.4803698689816,1132.163026127112,0.0840375023661426,63.9885341855306,21.084058057629136,18.36914453133467,2.714913526294467,40.89830268527904,35.56335430382537,28.60193616109754,0.0
2024-06-21,1243.0173750319368,1243.0173750319368,1220.8206361920809,1234.48779296875,29311314,0.0,0.0,AXISBANK.NS,-0.0016538533262215882,-0.0016552224513969643,0.5822948125436804,1185.4230529785157,1137.681114501953,1102.2371563720703,1070.92953125,1185.3868896135034,1149.3612396197957,1185.4230529785157,1239.4267496197585,1131.4193563372728,0.09111295162609195,63.4391906584203,22.841924390110762,19.263700503089886,3.578223887020876,40.73084920397053,35.586312238731146,28.528106721615497,-0.0016538533262215568
2024-06-24,1228.0532386006992,1232.7918680753971,1222.117530391002,1225.16015625,6676530,0.0,0.0,AXISBANK.NS,-0.007555876025568842,-0.007584566268136113,0.5703391891041998,1188.1215759277343,1140.714832763672,1103.6223321533203,1072.151598815918,1189.1748197693603,1152.3337461543135,1188.1215759277343,1244.4733000993238,1131.7698517561448,0.09485851500943869,60.872255458213935,23.214778281127792,20.053916058697467,3.1608622224303247,35.910266775477304,35.461077963299886,28.439980670203884,-0.009197233041093019
2024-06-25,1231.494942152567,1275.688946143703,1223.065218355566,1268.4063720703125,17607952,0.0,0.0,AXISBANK.NS,0.035298418414684285,0.034689712129808876,0.6257696788541758,1192.3339721679688,1144.534666748047,1105.740248413086,1073.5544821166993,1196.7206818932605,1156.8856138372937,1192.3339721679688,1259.0758336350696,1125.592110700868,0.11195162265778094,67.44864480468519,26.6921849759251,21.381569842142994,5.3106151337821075,30.943616750003603,36.64375987404219,28.443482377326966,0.0
2024-06-26,1278.0332427953588,1289.8548515798059,1256.1856432694901,1282.322998046875,13956370,0.0,0.0,AXISBANK.NS,0.010971740826126286,0.010911987942560753,0.6436072024135384,1197.4217651367187,1148.4772033691406,1108.1659283447266,1075.0743350219727,1204.8732834317,1161.804726943552,1197.4217651367187,1275.0180415051893,1119.825488768248,0.12960558865340296,69.24030347849653,30.22262266398593,23.14978040651158,7.072842257474349,27.484057382929354,36.648951836122016,28.401526306384433,0.0
2024-06-27,1306.864161814128,1306.864161814128,1276.9359749023542,1285.864501953125,22311393,0.0,0.0,AXISBANK.NS,0.0027617877177934513,0.002757980989400797,0.648146496598041,1203.8662963867187,1152.7768859863281,1110.4374774169921,1076.598677368164,1212.5867328146928,1166.6698161596137,1203.8662963867187,1288.4159534013256,1119.3166393721117,0.14046353364717343,69.69739650823936,32.92673087747835,25.105170500704936,7.821560376773412,27.295223023616618,36.459555503449295,28.37781062405755,0.0
2024-06-28,1280.028436970885,1286.8122075565059,1258.5799045739402,1262.22119140625,7167069,0.0,0.0,AXISBANK.NS,-0.01838709328312793,-0.01855823701980798,0.6178418732208324,1208.7196472167968,1156.9129626464844,1112.5439227294921,1078.0539349365235,1217.3138241091267,1170.4169289143838,1208.7196472167968,1295.0380620489307,1122.401232384663,0.1428261963489896,62.96979755619183,32.78402472331277,26.6409413452265,6.143083378086267,27.28454101706726,37.07758942579329,28.37570216031847,-0.018387093283127973
2024-07-01,1269.9527999315114,1269.9527999315114,1253.442367214873,1258.87939453125,5797015,0.0,0.0,AXISBANK.NS,-0.0026475525032794156,-0.00265106346875435,0.6135585519194764,1213.69521484375,1161.1029089355468,1114.480775756836,1079.404444885254,1221.2724498636146,1173.8860452130846,1213.69521484375,1299.5064156327956,1127.8840140547043,0.14140485970374844,62.058001375651045,32.03202870112273,27.71915881640575,4.312869884716978,26.511398248223227,37.084280952611415,28.131974385290714,-0.020985964991557655
2024-07-02,1261.9718659782138,1264.8150193443623,1235.2858996423108,1250.399658203125,9945447,0.0,0.0,AXISBANK.NS,-0.006735940205997659,-0.006758729045049992,0.6026897179948707,1215.166680908203,1165.6799267578126,1116.168226928711,1080.7569494628906,1224.0464697054729,1176.8865790558314,1215.166680908203,1302.4989621197758,1127.8343996966303,0.14373712278928108,59.69590823306776,30.4013744615379,28.255601945432183,2.1457725161057155,27.273850820308148,37.20418059226491,27.870898627974793,-0.027580544992206992
2024-07-03,1256.9837894439697,1285.515301896364,1240.6230237019365,1276.9359130859375,15171347,0.0,0.0,AXISBANK.NS,0.021222218599248555,0.02100016349206912,0.636702349536926,1222.586376953125,1170.6859155273437,1118.2926275634766,1082.246125793457,1229.0835595512315,1180.8100823511295,1222.586376953125,1303.9413087837922,1141.2314451224577,0.13308659962892178,64.2781232736512,30.89419418514717,28.78332039337518,2.11087379177199,28.90920875724274,37.49947094533248,28.04361426416577,-0.006943646747869383
2024-07-04,1284.916842281519,1289.9048735015558,1265.4635205233747,1277.8338623046875,4817380,0.0,0.0,AXISBANK.NS,0.000703206174677895,0.0007029590410663101,0.6378532887352302,1227.394842529297,1175.214052734375,1120.4813763427735,1083.82159576416,1233.7264455277511,1184.6149364669554,1227.394842529297,1309.9255135604576,1144.8641714981363,0.13448104582399806,64.4255111720368,30.999867191918838,29.226629753083916,1.7732374388349221,28.62061215430065,37.26644127497244,28.015400191890617,-0.006245323388459362
2024-07-05,1268.955094098609,1292.2991036758544,1267.8577516275716,1283.9691162109375,8593502,0.0,0.0,AXISBANK.NS,0.0048012923175979605,0.004789802875076346,0.6457171011477871,1233.1859497070313,1179.8289794921875,1122.8457037353517,1085.3621493530272,1238.5114617832926,1188.5111788098568,1233.1859497070313,1314.4565571993194,1151.9153422147433,0.13180592515118347,65.47370824355707,31.21880655792893,29.62506511405292,1.5937414438760094,29.322497600925935,36.14531118777999,27.773176914542457,-0.0014740166940673462
2024-07-08,1281.9239365968008,1294.2942775390354,1276.5368388889456,1284.76708984375,4216951,0.0,0.0,AXISBANK.NS,0.0006214897404754893,0.0006212966957061525,0.6467398974418757,1238.2263427734374,1184.310224609375,1125.0279669189454,1086.896217956543,1242.9167596938123,1192.285920419029,1238.2263427734374,1319.1454875949407,1157.307197951934,0.13070170133879858,65.61561602346234,31.098226390236277,29.919697369289594,1.1785290209466837,29.66809710479663,36.13524944089127,27.75534359084067,-0.000853443039844493
2024-07-09,1280.926378651802,1291.9000470047379,1276.1378201138252,1286.3134765625,6930340,0.0,0.0,AXISBANK.NS,0.0012036319508605953,0.0012029081666456837,0.6487219661971937,1242.6856506347656,1187.55044921875,1127.556900024414,1088.3377587890625,1247.0497803479732,1195.9732755619102,1242.6856506347656,1323.8976502278324,1161.4736510416988,0.13070401118993144,65.90804635188914,30.772717491229287,30.090301393677535,0.6824160975517515,26.671721017035484,36.06492998585711,27.66368978768773,0.0
2024-07-10,1281.1258660222238,1290.9024557429561,1272.097602748689,1288.55810546875,9020489,0.0,0.0,AXISBANK.NS,0.00174500924319676,0.0017434884834701646,0.6515990012676693,1247.5265319824218,1190.7697241210938,1129.953648071289,1089.788028869629,1251.0029541689994,1199.6040532053157,1247.5265319824218,1327.484792246072,1167.5682717187717,0.12818686931906753,66.35533563009727,30.34606162850332,30.141453440642696,0.20460818786062518,26.511391541803373,36.02187916505086,27.64729667835453,0.0
2024-07-11,1297.9356295079974,1298.2847673316003,1273.8932220304036,1293.6458740234375,7848846,0.0,0.0,AXISBANK.NS,0.003948419968874184,0.003940645416827092,0.6581202077448474,1252.9559997558595,1193.5131420898438,1132.4481634521485,1091.1961499023437,1255.0641846313267,1203.2919677472028,1252.9559997558595,1329.7375693679119,1176.174430143807,0.12256067990737651,67.39940558005334,30.071824907043492,30.127527733922854,-0.05570282687936157,26.66816343189914,35.346390818732175,27.567404773721293,0.0
2024-07-12,1291.7988634971857,1337.4745701900265,1291.7988634971857,1315.160888671875,11278987,1.0,0.0,AXISBANK.NS,0.016631301564409284,0.016494515999703696,0.6856969049498929,1260.122137451172,1196.5541748046876,1134.9179034423828,1092.679673461914,1260.7876802542362,1207.6789842540527,1260.122137451172,1331.5960405245035,1188.6482343778405,0.11343964358550285,71.43613264350762,31.23056568233278,30.348135323604843,0.8824303587279374,29.047123725834336,35.52739672611028,27.64124515672054,0.0
2024-07-15,1314.5617611447028,1322.2493302322418,1302.8808095322124,1305.3267822265625,11537127,0.0,0.0,AXISBANK.NS,-0.007477493080898623,-0.007505589681335079,0.6730921180066378,1266.4773315429688,1199.718759765625,1137.0289276123046,1094.082850341797,1265.0294994896958,1211.5083096647393,1266.4773315429688,1329.3785396927371,1203.5761233932005,0.099332544820419,67.33216089801381,30.998020012835696,30.478112261451013,0.5199077513846824,26.671751790969502,35.59165212312595,27.6667377066845,-0.007477493080898677
2024-07-16,1305.326795116684,1316.3089323169752,1297.5893802710243,1301.8824462890625,5433264,0.0,0.0,AXISBANK.NS,-0.0026386771377086005,-0.0026421645824050806,0.6686773680855733,1272.1191040039062,1202.9810595703125,1139.3514178466796,1095.4807772827148,1268.5393039467783,1215.0523934539285,1272.1191040039062,1325.2626889719095,1218.9755190359028,0.08355127251958971,65.90407613637493,30.187810481744464,30.420051905509705,-0.2322414237652417,25.603919200657725,32.462239995364335,27.678211334281,-0.010096439528567364
2024-07-18,1297.8890431781538,1316.4588158830534,1292.397974149323,1307.2738037109375,6787511,0.0,0.0,AXISBANK.NS,0.004141201409729955,0.004132650235133634,0.6755876971546737,1276.2971130371093,1206.3082885742188,1141.7622393798829,1096.8929415893554,1272.2283039243173,1218.6689193463603,1276.2971130371093,1326.4732031611045,1226.121022913114,0.07862760106789696,67.08101832147267,29.639090096660084,30.263859543739784,-0.6247694470797001,25.18482311651176,22.500852212888994,27.469409176690814,-0.005997049508446325
2024-07-19,1303.5297937995695,1306.874329397254,1286.1080575380593,1290.2513427734375,4496066,0.0,0.0,AXISBANK.NS,-0.013021343263498908,-0.013106864162910443,0.6537692945819271,1278.9830383300782,1209.6133056640624,1144.0606976318359,1098.2840899658204,1273.9447838147098,1221.4760732062457,1278.9830383300782,1325.8378624348645,1232.128214225292,0.07326887488040959,60.03467592437649,27.513496442714768,29.71378692353478,-2.200290480820012,24.680069058676946,19.24383782203217,27.57335246908224,-0.018940303131727548
2024-07-22,1281.2660758669613,1290.2514616948122,1276.1244140466054,1280.41748046875,6695557,0.0,0.0,AXISBANK.NS,-0.0076216640732567065,-0.007650857383881784,0.6411648205639568,1281.279522705078,1212.7026904296874,1146.0049310302734,1099.6071145629883,1274.5612311150946,1223.7875009420304,1281.279522705078,1323.1936781553534,1239.3653672548028,0.0654254668205183,56.352028752573034,24.75013352209635,28.721056243247094,-3.970922721150746,24.50982726807469,19.025393913766603,27.592642669619377,-0.02641761057706855
2024-07-23,1286.4076049249054,1289.00335841064,1248.9685011727254,1261.1986083984375,8789327,0.0,0.0,AXISBANK.NS,-0.015009848243618618,-0.015123636076902367,0.6165311856645264,1283.0814453125,1215.6670751953125,1147.8008709716796,1100.8305529785157,1273.288600380175,1225.254603195223,1283.0814453125,1317.2134008756416,1248.9494897493582,0.05320310053245091,49.90853752656063,20.76992339324397,27.13082967324647,-6.360906280002499,25.26023709206491,19.462808389535567,27.522865456374962,-0.0410309344949664
2024-07-24,1260.8492917358358,1265.2920169514923,1224.6581555082237,1237.2376708984375,10344860,0.0,0.0,AXISBANK.NS,-0.01899854419473812,-0.019181335416588778,0.5858194464915065,1281.5230102539062,1218.0634545898438,1149.190601196289,1101.9581295776368,1269.8551785247714,1225.7245274188783,1281.5230102539062,1320.916901942866,1242.1291185649466,0.061479803911058346,43.2661987717279,15.503417042795718,24.80534714715632,-9.3019301043606,24.956064466982134,20.204082845378128,27.643708196043228,-0.059249950667350545
2024-07-25,1198.0514426854513,1198.0514426854513,1153.6237016858659,1173.9906005859375,32979871,0.0,0.0,AXISBANK.NS,-0.051119580174577295,-0.05247249481809987,0.5047530221541803,1276.1063903808595,1218.9574609375,1149.9887615966798,1102.7143533325195,1260.725218721073,1223.6957459744494,1276.1063903808595,1338.2559681292769,1213.956812632442,0.0974050098281674,31.390370506114365,6.155209398081979,21.07531959734145,-14.920110199259472,29.182679912295743,25.234185749048184,28.984697012053672,-0.10734069823844851
2024-07-26,1163.1081895407196,1181.2287406448913,1153.3740222891986,1175.4381103515625,18554648,0.0,0.0,AXISBANK.NS,0.0012329824147676582,0.0012322229161849225,0.5066083561690649,1270.5850708007813,1220.0629809570312,1150.9171197509766,1103.4493826293944,1252.6026369715958,1221.8032896755126,1270.5850708007813,1347.0550718434322,1194.1150697581304,0.12036974587534854,31.851409667769204,-1.1235588824056322,16.635543901392037,-17.75910278379767,29.426491791396447,25.188800569331487,28.951554498097565,-0.10624006501699772
2024-07-29,1180.42997752959,1192.6600849625192,1161.760392891013,1168.1500244140625,19598573,0.0,0.0,AXISBANK.NS,-0.006200314481312974,-0.006219616257228111,0.49726691056064265,1265.8815124511718,1220.9189868164062,1151.833949584961,1104.119041442871,1244.5595310137355,1219.6992400574163,1265.8815124511718,1355.03767947134,1176.7253454310037,0.14086020870552388,30.731673716365535,-7.394879246663322,11.829459271780966,-19.224338518444288,30.365224178640478,25.041210464113732,28.849388621975784,-0.11178165768469021
2024-07-30,1162.2096539859588,1178.0838591746794,1158.3159626193535,1168.10009765625,18090045,0.0,0.0,AXISBANK.NS,-4.274002205972849e-05,-4.274093544049669e-05,0.497202917339856,1261.342547607422,1221.54953125,1152.7986639404296,1104.7667520141601,1237.2776802177846,1217.6757442769783,1261.342547607422,1360.6634379165976,1162.0216572982463,0.15748440500571792,30.723705426582754,-12.228017515617694,7.017963914301234,-19.245981429918928,30.651343440384284,24.98821134484468,28.618668669916353,-0.1118196201562346
2024-07-31,1155.1211010593768,1169.0983658950133,1152.125972880312,1164.206298828125,17347076,0.0,0.0,AXISBANK.NS,-0.003333446196895129,-0.0033390145065529462,0.49221207196906924,1257.0328796386718,1222.0613012695312,1153.7154632568358,1105.6219491577149,1230.318501037817,1215.578903278984,1257.0328796386718,1365.4193962641423,1148.6463630132014,0.17244818076139048,30.068886710426426,-16.18593011130838,2.377185109179311,-18.563115220487692,30.52045344184387,24.844013256172442,28.55171656526587,-0.11478032166558162
2024-08-01,1166.1032962835773,1173.7408978982073,1163.5573884546725,1170.3963623046875,11190500,0.0,0.0,AXISBANK.NS,0.005316981606089399,0.00530289636464341,0.5001461361081134,1251.7059020996094,1222.770693359375,1154.4532403564453,1106.469688720703,1224.6116306822807,1213.8070389270508,1251.7059020996094,1366.2700622763796,1137.1417419228392,0.18305284010341483,32.53072657866497,-18.60860950169581,-1.8199738129957133,-16.788635688700097,29.50559373772517,23.275557823324945,28.476192806815543,-0.11007362491852919
2024-08-02,1162.109875166186,1165.9037534043969,1154.2226789585948,1158.9649658203125,10581445,0.0,0.0,AXISBANK.NS,-0.009767115528165893,-0.009815126677112186,0.48549403548761383,1245.7624572753907,1223.4838989257812,1155.0018829345704,1107.271743774414,1218.3595673620935,1211.6563693934534,1245.7624572753907,1366.771563079526,1124.7533514712554,0.1942731619458087,30.40218093907626,-21.206562481502942,-5.697291546697159,-15.509270934805784,27.398306355814594,23.118543998844178,28.47427754810996,-0.11876563863551182
2024-08-05,1140.1454985508794,1149.5801038837508,1122.4742904482669,1131.6593017578125,12013362,0.0,0.0,AXISBANK.NS,-0.023560387818257422,-0.023842371661367042,0.45049521990981733,1238.1469665527343,1222.86787109375,1155.3368255615235,1107.9607144165038,1210.1023992093048,1208.5192294861733,1238.1469665527343,1367.887667344183,1108.4062657612856,0.20957237597193257,26.02220749874465,-25.17855511190419,-9.593544259738565,-15.585010852165624,28.621317403815755,23.9427653598787,28.643897913547566,-0.13952786194803354
2024-08-06,1138.1488152155048,1149.1309529061807,1121.2762338435941,1124.2713623046875,8571122,0.0,0.0,AXISBANK.NS,-0.006528413137813938,-0.006549816430744422,0.4410257878598218,1230.1221801757813,1221.9295043945312,1155.356469116211,1108.5329370117188,1201.9280147421985,1205.2153915574877,1230.1221801757813,1367.3590927091927,1092.8852676423699,0.22312728726475062,24.973854404919877,-28.592931344383487,-13.39342167666755,-15.199509667715937,29.273829333575446,23.926817240476126,28.67291470420645,-0.14514537955881482
2024-08-07,1136.9507316574643,1142.940988153295,1125.169845133499,1134.9539794921875,8370312,0.0,0.0,AXISBANK.NS,0.009501813837542894,0.00945695553738552,0.4547181466311645,1222.5542053222657,1220.9454150390625,1155.6181158447266,1109.124404296875,1195.5495351945783,1202.460042064731,1222.5542053222657,1363.3903535170678,1081.7180571274637,0.23039657069058558,29.402700185245635,-30.089992476304587,-16.73273583659496,-13.357256639709629,28.8887424846381,21.396533443130288,28.7015381413554,-0.1370227100972192
2024-08-08,1131.260031397282,1140.9443535197308,1124.1715848547658,1136.3018798828125,7903428,0.0,0.0,AXISBANK.NS,0.0011876255909759603,0.001186920921570887,0.4564458071297608,1214.9413940429688,1220.0601098632812,1155.956587524414,1109.7258532714843,1189.9069013553626,1199.8656043321068,1214.9413940429688,1357.2081922777136,1072.674595808224,0.2341953265108905,29.964473540183775,-30.812472904895913,-19.54868325025515,-11.263789654640764,28.574958376930017,21.00139616755268,28.68484372329856,-0.1359978161832995
2024-08-09,1150.1292660249399,1153.8232088423329,1138.098785283398,1140.894287109375,6262086,0.0,0.0,AXISBANK.NS,0.004041537999599276,0.0040333929232798165,0.4623320882036328,1207.3038146972656,1219.7385180664062,1156.4217901611328,1110.4719723510743,1185.2390333319352,1197.5530036567056,1207.3038146972656,1348.1741734940852,1066.433455900446,0.2333635611548915,31.951300976406344,-30.661033656745758,-21.771153331553272,-8.889880325192486,28.817407042023838,21.0401001525332,28.632525353406287,-0.13250591852566754
2024-08-12,1144.1390911628143,1167.2015563223063,1134.0055486598599,1162.409423828125,9078384,0.0,0.0,AXISBANK.NS,0.018858133450086578,0.01868252320402643,0.4899089418713207,1199.666241455078,1219.683623046875,1157.2677471923828,1111.2720462036132,1183.0647848077626,1196.1748240555848,1199.666241455078,1332.2335096748,1067.0989732353562,0.2210069161551645,40.471591861782485,-28.476663981551383,-23.1122554615529,-5.364408519998484,28.32891778663325,21.572940660385516,28.764709754298863,-0.1161465993700643
2024-08-13,1159.4640771471145,1177.6844412516205,1153.5237880098216,1157.7169189453125,6180463,0.0,0.0,AXISBANK.NS,-0.004036877873338951,-0.004045048060265177,0.4838943614305906,1192.2857482910156,1219.6506005859376,1158.287749633789,1112.0324462890626,1180.6507023446723,1194.6666709140056,1192.2857482910156,1316.2407868811167,1068.3307097009144,0.207928407712286,39.315367175307244,-26.815073725466164,-23.852819114335553,-2.9622546111306107,27.15226005795684,21.576675942304732,28.76944451865895,-0.11971460760634273
2024-08-14,1157.1178601542738,1157.1178601542738,1146.7846922486233,1151.2274169921875,5021841,0.0,0.0,AXISBANK.NS,-0.005605430694609725,-0.005621200078313737,0.47557649442946937,1184.752996826172,1218.2557421875,1159.3610723876952,1112.8362167358398,1177.8484846920546,1192.9631707602089,1184.752996826172,1298.5603580955749,1070.945635556769,0.1921199804082046,37.71083150214449,-25.725354179489614,-24.227326127366364,-1.4980280521232494,21.960707021108096,21.560772679475022,28.76946351610928,-0.12464898636488266
2024-08-16,1164.5059796712717,1168.1001094798687,1147.733211401699,1164.9552001953125,6107134,0.0,0.0,AXISBANK.NS,0.011924475564516701,0.011853939191582234,0.4931719702808688,1177.6370666503906,1218.9840063476563,1160.4225311279297,1113.7158584594727,1176.620552835222,1191.86481897335,1177.6370666503906,1275.9281744691732,1079.345958831608,0.1669293717093276,43.00946078155328,-23.483325058267383,-24.078525913546567,0.5952008552791845,21.425862715570734,20.821560843867328,28.727905296235985,-0.11421088459241578
2024-08-19,1167.1017440309654,1169.3980579733616,1148.3322232652067,1151.3773193359375,6691823,0.0,0.0,AXISBANK.NS,-0.011655281556834596,-0.011723736780723953,0.4757686305544717,1170.6933654785157,1218.37826171875,1161.4534588623046,1114.582728881836,1174.2164353590997,1190.27707388953,1170.6933654785157,1253.9604984841835,1087.426232472848,0.14225267770546002,39.4362179986387,-22.542269091011804,-23.771274549039617,1.2290054580278138,20.723444332474205,20.939850008569604,28.80749488234616,-0.12453500613247065
2024-08-20,1156.1195105983786,1175.0886562817718,1152.774975075986,1166.103271484375,6721749,0.0,0.0,AXISBANK.NS,0.012789857765246548,0.012708758302782352,0.4946435014336761,1164.9776550292968,1218.3373876953126,1162.7917608642579,1115.603286743164,1173.4437530853163,1189.3290816383476,1164.9776550292968,1230.289899337729,1099.6654107208647,0.11212617516992575,44.79327858868131,-20.37336274481345,-23.091692188194386,2.718329443380938,21.005118646081947,21.335401463378997,28.862523726404156,-0.1133379333824525
2024-08-21,1164.705537568418,1176.0870495188233,1159.6138438167345,1172.492919921875,9480630,0.0,0.0,AXISBANK.NS,0.0054794876180790375,0.005464529841557294,0.5028333819932242,1160.5423706054687,1218.1080615234375,1164.1854815673828,1116.6999368286133,1173.353197545941,1188.6688400024075,1160.5423706054687,1207.9301246300658,1113.1546165808716,0.08166484089654459,46.984540853860516,-17.932186527053545,-22.05979105596622,4.1276045289126735,20.969462409466765,21.455467235866223,28.7638560782298,-0.10847947956700135
2024-08-22,1177.7842156313006,1179.0821532872228,1167.051672745748,1168.050048828125,5841326,0.0,0.0,AXISBANK.NS,-0.0037892519590191354,-0.003796449361824987,0.49713876765642717,1157.082989501953,1217.5265161132813,1165.5577154541015,1117.6915716552735,1172.8481357632918,1187.8602599563574,1157.082989501953,1188.2073449760956,1125.9586340278106,0.05379796567148469,45.62838702999275,-16.169645742531657,-20.881761993279305,4.712116250747648,21.10138891646248,21.420167073978387,28.77238318582315,-0.11185767544555783
2024-08-23,1168.0999903470274,1172.0435270356927,1161.6105459562107,1164.0565185546875,5121962,0.0,0.0,AXISBANK.NS,-0.003418971881764876,-0.003424829922257395,0.49202009230670973,1156.5862854003906,1216.9728369140626,1166.817688598633,1118.5101062011718,1172.0108388862818,1186.92677990139,1156.5862854003906,1186.8805427616223,1126.2920280391588,0.052385641683005774,44.388165923327946,-14.923040468863746,-19.690017688396193,4.766977219532446,20.691338754561716,21.370474057010856,28.762954994985158,-0.11489420908021479
2024-08-26,1169.797287316781,1173.3415714014816,1164.2064052458907,1168.399658203125,3392612,0.0,0.0,AXISBANK.NS,0.0037310384669551055,0.003724095407456644,0.4975868766645759,1156.2343627929688,1216.6396997070312,1167.9983880615234,1119.4179440307616,1171.6669169164572,1186.2002261093014,1156.2343627929688,1185.760308994234,1126.7084165917036,0.051072597652163106,46.10391095310425,-13.429831003648815,-18.43798035144672,5.008149347797904,18.748080002758034,21.364165733588827,28.66672311382954,-0.11159184532696827
2024-08-27,1168.1000558035714,1182.9259167528153,1162.3593931361609,1179.331787109375,8702113,0.0,0.0,AXISBANK.NS,0.009356497863977964,0.009312996971325063,0.5115990450772094,1156.7934509277343,1216.7895727539062,1169.3447747802734,1120.4171047973632,1172.3969045538781,1185.9308755602847,1156.7934509277343,1187.6623368059297,1125.9245650495388,0.05336974522709991,50.2634642846309,-11.234812381644133,-16.997346757486202,5.762534375842069,18.22749461376288,20.87281001552108,28.577171212527414,-0.10327945632542952
2024-08-28,1175.088686152465,1179.7810051393292,1167.451084506114,1169.0484619140625,5483503,0.0,0.0,AXISBANK.NS,-0.008719620133802786,-0.008757858466204051,0.49841847560951713,1156.840869140625,1216.606083984375,1170.529468383789,1121.4149786376954,1172.078005254848,1185.268820123178,1156.840869140625,1187.7857049899003,1125.8960332913498,0.053498863456065554,46.61874929979716,-10.20735863489449,-15.63934913296786,5.43199049807337,17.774658526949143,20.896251817394116,28.602724886699278,-0.11109851883244887
2024-08-29,1167.1017013718215,1177.9840256136065,1161.5108193923618,1173.4913330078125,7290114,0.0,0.0,AXISBANK.NS,0.0038004165254841293,0.003793213187289294,0.5041130899463142,1157.3051208496095,1216.294970703125,1171.8174505615234,1122.3794500732422,1172.2126078979875,1184.80695788336,1157.3051208496095,1188.985087661738,1125.625154037481,0.05474782102211957,48.36097344136351,-8.931633263040567,-14.297805958982403,5.366172695941836,17.753261209540547,21.00460657856285,28.213087132129406,-0.1077203229538924
2024-08-30,1175.0887109707376,1181.0290002255358,1169.9470495007388,1173.341552734375,10190506,0.0,0.0,AXISBANK.NS,-0.0001276364547606601,-0.00012764460098612962,0.5039211102839543,1157.4523803710938,1215.287529296875,1172.9438177490235,1123.3137435913086,1172.3201264538338,1184.357334152027,1157.4523803710938,1189.4146912328429,1125.4900695093447,0.05522872716629872,48.303737134360595,-7.842296617297734,-13.00670409064547,5.164407473347737,17.293305621346025,20.90819287842529,28.209209646851498,-0.10783421036852557
2024-09-02,1174.090365297038,1192.0611361944418,1172.193426216783,1186.86962890625,6432362,0.0,0.0,AXISBANK.NS,0.011529529607426703,0.011463571077361786,0.5212606132522071,1158.8476135253907,1214.2942651367186,1174.2084588623047,1124.2131732177734,1173.7057933540639,1184.4558555149379,1158.8476135253907,1193.417762908472,1124.2774641423093,0.059662977219090425,53.64053870445107,-5.820294062138373,-11.569422084944051,5.749128022805678,16.341284358146904,21.14723312151707,28.00243304597631,-0.09754795848223625
2024-09-03,1186.070787465194,1191.6118234786993,1174.7890889702703,1189.6649169921875,7920246,0.0,0.0,AXISBANK.NS,0.0023551770285954454,0.0023524079461114907,0.5248434513030458,1161.7478942871094,1213.3978076171875,1175.5394610595704,1125.0692169189454,1175.2257098910281,1184.6601324356143,1161.7478942871094,1196.4465114626755,1127.0492771115432,0.059735192714695594,54.681589199907094,-3.946789944407101,-10.044895656836662,6.098105712429561,15.817147305763342,21.142858417356784,28.002777604120034,-0.09542252416464463
2024-09-04,1180.7793560492762,1187.7181430165656,1171.3947182758648,1175.7874755859375,6527941,0.0,0.0,AXISBANK.NS,-0.011665000125696046,-0.011733570006381573,0.507056152251929,1164.3236999511719,1212.4103540039061,1176.5625933837891,1125.8518829345703,1175.2792113857813,1184.312185108176,1164.3236999511719,1194.6860573877116,1133.9613425146322,0.05215449524528788,48.820200950315304,-3.540999537630114,-8.744116432995353,5.203116895365239,16.341288164308594,20.99063851536641,28.072622676295843,-0.10597442053396583
2024-09-05,1180.0805311431025,1180.9291264399822,1171.5443668771184,1178.6329345703125,4234766,0.0,0.0,AXISBANK.NS,0.002420045325756792,0.0024171217319371215,0.5107032964488394,1166.5076477050782,1210.6148852539063,1177.5747760009765,1126.6477786254882,1175.598613593832,1184.0894694008086,1166.5076477050782,1194.1355387153403,1138.879756694816,0.04736855530200031,50.00358533377751,-2.9557311285796004,-7.586439372112203,4.630708243532602,15.5568496989296,20.415508562811127,26.261069476137695,-0.10381083810927215
2024-09-06,1174.0903974514563,1179.4316856844912,1148.9313662549052,1156.868408203125,9874576,0.0,0.0,AXISBANK.NS,-0.018465907178405905,-0.018638530441888797,0.48280678960250323,1167.5359741210937,1208.1057934570313,1178.291498413086,1127.298439025879,1173.8147845090027,1183.0219768048212,1167.5359741210937,1191.750168053543,1143.3217801886444,0.04147913977670345,42.00350476310678,-4.199705491195118,-6.9090925959287866,2.7093871047336684,16.230741464746107,14.99887741174479,26.45208102736817,-0.12035978398703967
2024-09-09,1156.1195001502876,1173.6908947764286,1143.1406111157853,1168.9486083984375,7700940,0.0,0.0,AXISBANK.NS,0.010442155831773325,0.010388013107575205,0.49829048916794405,1168.9386901855469,1205.7674755859375,1179.2721807861328,1128.0287045288087,1173.3513391651393,1182.470080004571,1168.9386901855469,1189.6518588605884,1148.2255215105054,0.03543927299002087,47.06571163542931,-4.16280669428852,-6.359835415600734,2.197028721312214,16.719237658661037,15.322468500444788,26.163266915956967,-0.11117444377553765
2024-09-10,1176.9856459572557,1188.9161919814424,1171.4446096778545,1185.2720947265625,8723854,0.0,0.0,AXISBANK.NS,0.013964246341410691,0.01386764452900971,0.519212986649678,1170.0818237304688,1204.2284936523438,1180.570728149414,1128.7607791137696,1174.4866492186081,1182.579962934845,1170.0818237304688,1191.7779628115284,1148.3856846494093,0.03708482371239242,53.0315055935313,-2.7842995344194605,-5.644728239364479,2.8604287049450186,16.968836078726472,15.738263998446028,26.24816543382372,-0.09876266475387788
2024-09-11,1185.2720174237563,1192.9096187070504,1179.0821345601635,1184.173828125,6000329,0.0,0.0,AXISBANK.NS,-0.0009265944979628404,-0.0009270240520134472,0.5178052922550147,1171.4046691894532,1202.7343823242188,1181.9186456298828,1129.5621826171875,1175.4092376858837,1182.642467452106,1171.4046691894532,1193.1526368269112,1149.6567015519952,0.03713143409699129,52.60195669390029,-1.7601536590409523,-4.867813323299774,3.1076596642588212,17.097193479113052,15.743156493982422,26.14041216895226,-0.0995977463100756
2024-09-12,1188.1673904951442,1203.7420335200763,1174.8390937297338,1201.3958740234375,7592871,0.0,0.0,AXISBANK.NS,0.01454351167826995,0.014438769140502761,0.5398795112482655,1173.9130920410157,1201.754306640625,1183.7171166992186,1130.609313354492,1177.8841554323174,1183.3778951607858,1173.9130920410157,1197.3680168513463,1150.4581672306851,0.039960240616365945,58.30520344371021,0.43613698347053287,-3.8070232619457127,4.243160245416245,18.416476244174515,16.21023762466241,26.21190488856278,-0.08650273561839567
2024-09-13,1207.9352341685171,1217.5695876399766,1199.049662751232,1215.472900390625,6762566,0.0,0.0,AXISBANK.NS,0.011717225497074546,0.011649110374249573,0.5579226267198865,1176.4389770507812,1200.5250463867187,1185.6054809570312,1131.755011291504,1181.464035904537,1184.636522816858,1176.4389770507812,1205.9347610739171,1146.9431930276453,0.050144180188723415,62.29849733269183,3.2748609636360015,-2.39064641682937,5.665507380465371,19.07610996145669,16.459168263609904,26.27572012422273,-0.07579908218067574
2024-09-16,1220.0155511850453,1231.99606396264,1213.0269187314484,1229.0509033203125,4039284,0.0,0.0,AXISBANK.NS,0.011170963108534826,0.01110902871783884,0.5753261229089259,1180.32265625,1199.5493872070313,1187.3817199707032,1132.9531365966798,1185.9961185155632,1186.3782632287582,1180.32265625,1215.7769258996066,1144.8683866003933,0.06007555554724049,65.70986312672815,6.544757638057945,-0.603565605851907,7.148323243909852,18.962011505352198,16.352748531597026,26.211560571451166,-0.06547486782284205
2024-09-17,1233.1941848876636,1238.5854405295986,1225.6065504411317,1230.0992431640625,8030427,0.0,0.0,AXISBANK.NS,0.000852966985271264,0.0008526034156595111,0.5766698240828025,1183.5224548339843,1198.4719897460936,1189.1504846191406,1134.1250790405275,1190.1964161011347,1188.0928114615153,1183.5224548339843,1224.6679434399882,1142.3769662279803,0.0695305584409474,65.96591887940932,9.11568661395222,1.3402848381089185,7.775401775843302,19.008366466441608,14.456259940465882,26.21155748506858,-0.06467774873818871
2024-09-18,1229.8996258314878,1248.3695849409576,1223.0108058973215,1238.4356689453125,8210034,0.0,0.0,AXISBANK.NS,0.0067770351275129315,0.006754174252799341,0.5873549708651014,1186.8195922851562,1197.545361328125,1190.92779296875,1135.33396484375,1194.790630657723,1190.0670411667622,1186.8195922851562,1234.3211855907289,1139.3179989795835,0.08004854927295386,68.01152198864148,11.69107876150224,3.410443622787583,8.280635138714658,19.643050239469567,14.220665164154452,26.140480277727264,-0.058339036985842876
2024-09-19,1246.4226697631223,1259.6511538996783,1236.9880637881504,1240.6820068359375,8449864,0.0,0.0,AXISBANK.NS,0.0018138510921104078,0.001812208050739796,0.5902341964125719,1190.451190185547,1196.6327319335937,1192.091590576172,1136.5069451904296,1199.1612379127912,1192.0519417812397,1190.451190185547,1242.7720632763035,1138.1303170947904,0.08790091273309858,68.55988896719417,13.754799520669621,5.479314802363991,8.27548471830563,20.470274481378915,14.101869474236537,26.136732756119834,-0.05663100421968186
2024-09-20,1241.9798953627007,1247.970152092746,1227.9028164215117,1242.978271484375,15009629,0.0,0.0,AXISBANK.NS,0.001850808374575852,0.001849097739136528,0.5931774151808291,1194.3972778320312,1195.7211352539061,1193.2454296875,1137.6283084106444,1203.3342887291326,1194.0490527499903,1194.3972778320312,1250.1296907571177,1138.6648649069448,0.09332307425590791,69.14222526649115,15.39810271395936,7.463072384683065,7.935030329276295,20.484533459491463,14.095724617132682,26.089284709588423,-0.05488500898197646
2024-09-23,1249.4677096230525,1250.4161181847596,1238.5355398977574,1244.775390625,5462814,0.0,0.0,AXISBANK.NS,0.0014458170201792075,0.0014447728330990854,0.5954808582038627,1198.216064453125,1194.7437255859375,1194.1284338378907,1138.564123840332,1207.281060338263,1196.0383209019515,1198.216064453125,1256.8395718392842,1139.5925570669658,0.09785131267275307,69.6165400194038,16.65347394825085,9.301152697396622,7.352321250854226,20.13152230081812,14.099671322744248,26.04195339833128,-0.05351854564193611
2024-09-24,1239.0846413870245,1245.0748984127024,1233.3439784040834,1237.5372314453125,9225946,0.0,0.0,AXISBANK.NS,-0.005814831522378716,-0.005831803479891609,0.5862034058162269,1201.1263366699218,1193.1912524414063,1194.8727136230468,1139.3934176635742,1210.1626004436962,1197.6657291585539,1201.1263366699218,1261.5538378019241,1140.6988355379194,0.10061806037745433,65.2652317078573,16.869840719207787,10.814890301758856,6.05495041744893,19.664430964553567,13.479975894122125,26.062850879216814,-0.05902217583808421
2024-09-25,1235.9895545699358,1268.9359643444172,1229.1007354244925,1266.0406494140625,6853324,0.0,0.0,AXISBANK.NS,0.023032372072928187,0.02277113072388232,0.6227374328423321,1205.9759460449218,1192.4055297851562,1196.0621447753906,1140.2135922241212,1215.4843193932547,1200.3470985803385,1205.9759460449218,1270.9602315468246,1140.991660543019,0.10777045050529094,72.54320897378469,19.12088687949654,12.476089617306393,6.644797262190146,21.839464490057917,14.638088860644544,26.278171491376195,-0.03734922447961248
2024-09-26,1265.4917041899575,1279.5687831579885,1260.2002619861607,1275.026123046875,7270078,0.0,0.0,AXISBANK.NS,0.007097302631610569,0.007072235316285493,0.6342544914948569,1211.052685546875,1191.8684033203126,1197.4247314453125,1140.9741952514648,1221.1549673602663,1203.2756877751049,1211.052685546875,1281.0244973914087,1141.0808737023413,0.11555535556727087,74.36660551198352,21.38341510821465,14.257554715488045,7.125860392726604,21.04433604307519,14.448894470331473,26.29576487646829,-0.03051700059718959
2024-09-27,1270.9328608020694,1279.4690257801735,1255.208436169208,1271.0826416015625,13372027,0.0,0.0,AXISBANK.NS,-0.003092863255137801,-0.0030976560415351745,0.6291999658285685,1215.9397399902343,1191.144580078125,1198.7264343261718,1141.6809133911133,1225.9099839546755,1205.9347840035934,1215.9397399902343,1288.4293889269668,1143.4500910535019,0.11923230494516884,72.10346765070425,22.59778582615172,15.925600937620782,6.672184888530939,20.59507218238392,14.33867739107077,26.295033675823237,-0.03351547894252333
2024-09-30,1261.448195108826,1272.929520192919,1227.353627115125,1230.198974609375,8466919,0.0,0.0,AXISBANK.NS,-0.03216444443035904,-0.03269308674678031,0.5767976540617328,1218.1062072753907,1189.9435327148437,1199.7784191894532,1142.242819519043,1226.3184592551231,1206.8863208900946,1218.1062072753907,1289.5196683647937,1146.6927461859877,0.11725325864505301,53.81770905111274,20.03031610634207,16.746543971365043,3.2837721349770277,22.424237146297433,17.116889687943704,26.82042170175935,-0.06460191661287876
2024-10-01,1226.1056776669482,1240.93153854236,1222.6613288324884,1224.6580810546875,11164280,0.0,0.0,AXISBANK.NS,-0.0045040628947418115,-0.00451423674662811,0.5696956582555575,1219.8558654785156,1188.8283447265626,1200.765517578125,1142.7902389526366,1226.1603279979388,1207.583252661255,1219.8558654785156,1290.0394375526243,1149.672293404407,0.11506863074610484,51.89677758394412,17.348491442797467,16.866933465651528,0.48155797714593973,22.74157468651062,16.92574951297863,26.221888856066567,-0.0688150084120753
2024-10-03,1205.5391812805995,1217.1702876110573,1171.1950179115215,1173.790771484375,17300892,0.0,0.0,AXISBANK.NS,-0.041535927747690216,-0.04242320050379562,0.5044968928083915,1219.7560302734375,1187.0801879882813,1201.3736315917968,1143.0167324829101,1221.1727511871231,1206.2580573209852,1219.7560302734375,1290.208711001993,1149.3033495448822,0.1155192989089166,38.3601471329068,10.991852080362378,15.691917188593699,-4.700065108231321,24.495869211712293,21.00458579094524,27.13062149286256,-0.10749264094240489
2024-10-04,1173.5911350580977,1200.8468520222327,1172.093570870444,1176.4864501953125,13064515,0.0,0.0,AXISBANK.NS,0.0022965581059464224,0.0022939250469242198,0.5079520573429419,1219.6487060546874,1185.8651635742187,1201.9643090820311,1143.3300277709961,1216.916912997427,1205.090543316057,1219.6487060546874,1290.3711780939855,1148.9262340153894,0.11597187237310438,39.264272107121904,6.101355701203147,13.77380489111559,-7.672449189912443,25.226823230501168,20.980142029936676,27.070439702469777,-0.10544294593234438
2024-10-07,1181.0289881912613,1182.9259272029717,1129.0635840139234,1143.8394775390625,20047013,0.0,0.0,AXISBANK.NS,-0.02774955261986245,-0.028141845797106182,0.4661070623794741,1218.9972595214845,1185.2621411132814,1202.1098010253907,1143.4077615356446,1209.9571572394875,1202.688540736567,1218.9972595214845,1292.3458991199623,1145.6486199230067,0.12034258325940897,32.95904222449465,-0.4040778071976092,10.93822835145295,-11.34230615865056,27.71919451320522,22.48833967109796,27.46382345172372,-0.13026650397566392
2024-10-08,1151.1276845041943,1166.4527338133323,1140.644735078961,1151.42724609375,8464570,0.0,0.0,AXISBANK.NS,0.006633595625683775,0.006611690151562457,0.4758326237752586,1218.12119140625,1184.781923828125,1202.4224523925782,1143.6039907836914,1204.3828799875125,1200.678293887829,1218.12119140625,1294.3488259180922,1141.893556894408,0.12515607650473878,35.549551556675894,-4.891030468309054,7.772376587500551,-12.663407055809605,28.635559416484107,22.551278961450755,27.281496566484805,-0.12449704366092626
2024-10-09,1152.1260787102349,1183.0757394034908,1152.1260787102349,1168.2498779296875,9807734,0.0,0.0,AXISBANK.NS,0.014610242977147525,0.014504541681147879,0.4973948970022162,1217.2700805664062,1184.7839208984376,1202.8514538574218,1143.8564010620116,1200.941641696291,1199.4065913012353,1217.2700805664062,1295.3984435171963,1139.1417176156162,0.12836652144516064,40.99344664505215,-7.00873465214454,4.816154339571533,-11.824888991716072,29.084824721205873,22.798616105013632,27.365133096894752,-0.11170573274160144
2024-10-10,1175.0886775236831,1189.0659430167432,1173.1418928645546,1182.326904296875,6806243,0.0,0.0,AXISBANK.NS,0.01204967073665264,0.01197765141638946,0.5154380124738367,1217.177734375,1185.06845703125,1203.308994140625,1144.1796951293945,1199.1688095630134,1198.7367996540054,1217.177734375,1295.4749929117575,1138.8804758382425,0.12865378050472104,45.16719207721815,-7.465079306460439,2.3599076103651386,-9.824986916825576,28.952894362314996,22.919620316974843,27.422633604765828,-0.10100207930388151
2024-10-11,1180.5797491543212,1186.2704442280499,1164.1065433521678,1170.5460205078125,4754158,0.0,0.0,AXISBANK.NS,-0.00996415098586334,-0.01001412538371785,0.5003379593078308,1215.6352416992188,1185.1952514648438,1203.6282763671875,1144.4889767456054,1196.442829652994,1197.6312789031745,1215.6352416992188,1296.4176684583579,1134.8528149400797,0.13290570063799917,42.460361770057595,-8.677327764593656,0.15246053537337967,-8.829788299967035,29.102649019789833,23.09279979301669,25.97943882109081,-0.10995983032167486
2024-10-14,1169.6476098115127,1173.0919587287326,1154.7218134686907,1162.459228515625,9765296,0.0,0.0,AXISBANK.NS,-0.00690856390992578,-0.006932538521470895,0.489972778629465,1212.9845581054688,1185.0365087890625,1203.9036010742188,1144.7134310913086,1193.20629621134,1196.251982809545,1212.9845581054688,1297.1956860116175,1128.77343019932,0.13884946406519144,40.65909225038678,-10.173308364905779,-1.9126932446824523,-8.260615120223326,29.5661895178641,23.180023307606028,22.66794366089544,-0.11610872971629875
2024-10-15,1164.2064264310386,1170.0968702032376,1147.6334063981412,1151.976318359375,8741516,0.0,0.0,AXISBANK.NS,-0.009017873400717802,-0.009058780537012418,0.4765363927412687,1209.1308288574219,1184.8967358398438,1204.1903173828125,1144.9353506469727,1189.27963165401,1194.5156822428717,1209.1308288574219,1297.2115873587827,1121.050070356061,0.14569268502498356,38.3857969881553,-12.065681344966151,-3.9432908647391924,-8.122390480226958,30.33279978904105,23.04060187205331,21.302036925587075,-0.12407954929171681
2024-10-16,1149.1308918352402,1161.0614374890406,1146.2355767689712,1151.3272705078125,7739854,0.0,0.0,AXISBANK.NS,-0.0005634211756079255,-0.0005635799569618063,0.47570448087104245,1205.1922302246094,1185.2900952148439,1204.0789831542968,1145.2280978393555,1185.6651210686578,1192.8220190375753,1205.1922302246094,1296.3172119075075,1114.0672485417113,0.1512206590743044,38.24322565165869,-13.462585003029972,-5.847149692397348,-7.615435310632623,28.546416346194242,23.020386482366167,21.21702450123922,-0.12457306142179388
2024-10-17,1149.1310136899726,1149.480420987831,1122.1748561142738,1130.0120849609375,6595231,0.0,0.0,AXISBANK.NS,-0.018513576541510757,-0.018687097802972272,0.44838391301178593,1199.7710510253905,1185.4049096679687,1203.66720703125,1145.4496835327147,1180.3648319155416,1190.358884367903,1199.7710510253905,1295.3601003955202,1104.1820016552608,0.15934548393784637,33.802919147410094,-16.1039621006596,-7.898512174049799,-8.205449926609802,29.24526586203074,23.37917022694161,21.31255348393412,-0.1407803450556619
2024-10-18,1156.1194862204916,1201.895004543148,1154.1727016376046,1194.9063720703125,20829666,0.0,0.0,AXISBANK.NS,0.057427958490920306,0.05583950525925869,0.5315616442471436,1197.4822692871094,1186.6039575195311,1203.774686279297,1145.9660629272462,1181.7497405017102,1190.537217218978,1197.4822692871094,1291.1189732542002,1103.8455653200185,0.15638929505458996,52.05473835488936,-12.813143908018446,-8.881438520843528,-3.931705387174919,32.646860859976805,28.905479744943996,23.33562675422743,-0.0914371143769356
2024-10-21,1194.9064782000012,1212.8274033274415,1183.624900757945,1188.3671875,7456038,0.0,0.0,AXISBANK.NS,-0.005472549752147171,-0.0054875790098616786,0.5231800969505207,1194.7517150878907,1187.645263671875,1203.8526867675782,1146.3893905639648,1182.3799735491664,1190.4521180143122,1194.7517150878907,1285.9556895419191,1103.5477406338623,0.1526743561900961,50.54248105396097,-10.61049316545541,-9.227249449765903,-1.383243715689506,31.477332966526983,28.400994508773643,23.34160659134536,-0.09640926997146225
2024-10-22,1192.3107800622608,1196.0546908223473,1171.4446930516256,1173.8408203125,7256246,0.0,0.0,AXISBANK.NS,-0.01222380366968856,-0.012299128827120536,0.5045610424918203,1191.2049865722656,1188.3041943359376,1204.0213562011718,1146.732604675293,1181.5667208599602,1189.8006945750255,1191.2049865722656,1279.69476627924,1102.7152068652913,0.14857187588108878,47.25805583190391,-9.922650870251346,-9.366329733862992,-0.5563211363883536,31.930174970873427,28.509180756923808,23.413356128272,-0.10745458565308168
2024-10-23,1173.1917045941498,1181.2286807689004,1156.7684668639306,1158.515625,6501834,0.0,0.0,AXISBANK.NS,-0.013055599232287829,-0.013141572677674613,0.48491809650053397,1187.25390625,1188.226318359375,1203.954970703125,1147.0268759155274,1179.3713783971068,1188.573829101495,1187.25390625,1274.0740979538143,1100.4337145461857,0.1462537899378915,44.008854867648154,-10.493187149703772,-9.591701217031149,-0.9014859326726228,29.858542882430843,28.458877397336302,23.44115393390762,-0.11910730087941132
2024-10-24,1163.1083080072417,1173.2916968049035,1152.7751384006528,1165.4544677734375,5046700,0.0,0.0,AXISBANK.NS,0.005989425281542893,0.005971559973733986,0.49381190248873486,1182.2245971679688,1188.3810693359376,1204.0158349609376,1147.3787869262696,1178.0459583377096,1187.6671874807869,1182.2245971679688,1261.1199677722066,1103.329226563731,0.13346934380020928,45.82505989895581,-10.26708210866218,-9.726777395357356,-0.540304713304824,29.270205543320976,28.522631570569125,23.44490083820883,-0.11383125987697189
2024-10-25,1185.07254149195,1199.7985903436822,1168.1001462052077,1187.418701171875,12798716,0.0,0.0,AXISBANK.NS,0.01884606735465133,0.01867068037087074,0.5219643822182174,1177.8442260742188,1189.1048950195313,1203.6803186035156,1147.8627157592773,1178.938600512392,1187.657442919653,1177.8442260742188,1243.6947428060378,1111.9937093423998,0.11181532374837073,51.21904239317443,-8.220797920977475,-9.42558150048138,1.2047835795039052,27.876046927692155,28.744589909134827,23.607375058317377,-0.09713046411302681
2024-10-28,1192.061160603629,1192.061160603629,1165.1549712634646,1169.697509765625,8572243,0.0,0.0,AXISBANK.NS,-0.014924130290992377,-0.015036615691040808,0.49925038747974293,1172.774969482422,1189.1997412109374,1204.091873779297,1148.2313522338868,1178.0584966317474,1186.9531318155734,1172.774969482422,1221.885799544253,1123.664139420591,0.0837514976696764,47.14082976371516,-7.937555801541066,-9.127976360693317,1.1904205591522512,27.95448911382024,28.819161718324,23.220049865621096,-0.1106050067023718
2024-10-29,1174.4896262998118,1189.2655189267314,1155.720107544012,1184.922607421875,9908946,0.0,0.0,AXISBANK.NS,0.01301626918851917,0.012932285540856006,0.518765034104171,1170.5111511230468,1189.8706469726562,1204.124454345703,1148.552410583496,1178.7122214689025,1186.8735034079773,1170.5111511230468,1212.0701162357193,1128.9521860103744,0.07100994308819479,50.7677651230312,-6.410648278959343,-8.584510744346522,2.173862465387179,28.08998326189013,28.892420452928906,23.25759059348637,-0.0990284020546886
2024-10-30,1176.8358055508825,1185.721377046743,1162.4093199283802,1168.4993896484375,9686560,0.0,0.0,AXISBANK.NS,-0.013860160714775027,-0.013957109602807079,0.49771470664350637,1167.7032165527344,1189.9185693359375,1204.127978515625,1148.7237661743163,1177.7395708193344,1186.152949927211,1167.7032165527344,1200.5294520265238,1134.876981078945,0.056223593475572105,47.019899440037236,-6.451411628903543,-8.157890921257927,1.7064792923543841,28.268268406983502,29.121596267570222,23.36614254839096,-0.11151601320165833
2024-10-31,1163.6074036054613,1176.0871054888319,1151.9762970757422,1157.6671142578125,8682294,0.0,0.0,AXISBANK.NS,-0.009270244799942984,-0.009313480933076412,0.48383052467244636,1166.8970336914062,1189.6220532226562,1203.865057373047,1148.9155307006836,1175.8279082896656,1185.0358583323327,1166.8970336914062,1199.8853399167103,1133.9087274661022,0.056540217813302054,44.6771412074217,-7.2739415025689595,-7.981101037520134,0.7071595349511748,28.40733323106976,29.094283244375617,23.38254967910104,-0.11975247726010828
2024-11-01,1162.1598100627925,1170.5960398098143,1162.1098425062892,1167.65087890625,460781,0.0,0.0,AXISBANK.NS,0.008624037536764773,0.008587062953102492,0.496627134815419,1166.455255126953,1189.6140698242189,1203.57029296875,1149.184398498535,1175.0491435864833,1184.3540944332706,1166.455255126953,1199.138077458508,1133.7724327953981,0.05603785003823028,47.28417184911554,-7.039054149553294,-7.792691659926767,0.7536375103734727,28.01867468049547,29.24015572433063,22.63973730137569,-0.11216118958235527
2024-11-04,1170.0968431979647,1175.0387563721924,1133.6061463101485,1137.4000244140625,9288653,0.0,0.0,AXISBANK.NS,-0.02590744805546996,-0.026248957323638297,0.45785334506178166,1166.133282470703,1189.0809399414063,1203.0268884277343,1149.3496481323243,1171.4635131891098,1182.5127583540861,1166.133282470703,1199.8642689026342,1132.402296038772,0.05785099686112174,40.982346813954024,-9.187982033039589,-8.071749734549332,-1.1162322984902566,29.373613698848867,30.03035736086473,22.93505532855315,-0.13516282744488062
2024-11-05,1137.100423556092,1172.9921178913025,1131.609354942301,1169.7972412109375,11701049,0.0,0.0,AXISBANK.NS,0.028483573150584807,0.02808545832614112,0.4993782174586736,1167.0517822265624,1189.1088916015624,1202.874295654297,1149.5833584594727,1171.30482061976,1182.0141106229823,1167.0517822265624,1200.089994930347,1134.0135695227777,0.05661824643419444,48.84538074169971,-8.182515279518611,-8.093902843543189,-0.08861243597542234,31.270535286629734,31.354398876100948,23.45961769912866,-0.11052917457706186
2024-11-06,1169.897154934203,1181.6280740310438,1159.5638648703841,1164.605712890625,10353506,0.0,0.0,AXISBANK.NS,-0.004437972784872013,-0.004447849819598961,0.492724017735362,1166.8695739746095,1188.8143701171875,1202.8019714355469,1149.8180465698242,1170.6668103598424,1181.3314283589682,1166.8695739746095,1199.920158629294,1133.8189893199249,0.05664829282009159,47.74755957103149,-7.715647400978241,-8.0182517550302,0.30260435405195807,30.764234912852658,31.341925580551504,23.28136140983946,-0.11447662189322651
2024-11-07,1166.7024259247364,1170.99549241813,1149.1809963928945,1158.0166015625,6252889,0.0,0.0,AXISBANK.NS,-0.005657804401259847,-0.00567387040410696,0.4842784772179527,1165.6540588378907,1188.5937329101562,1202.5999084472655,1150.0240286254882,1169.4620285696194,1180.4171214257733,1165.6540588378907,1198.0935310980678,1133.2145865777136,0.05565883293456371,46.324461648830436,-7.787567232844367,-7.972114850593034,0.18454761774866668,27.187918944497305,30.454306658179632,23.293617400690945,-0.11948673995929755
2024-11-08,1154.1227842652258,1165.8537035689599,1149.2307169471244,1159.064697265625,3786168,0.0,0.0,AXISBANK.NS,0.0009050783051907096,0.0009046689687904902,0.48562186546654407,1165.0799926757813,1188.3052001953124,1202.3000854492188,1150.237246398926,1168.4718065406676,1179.5797714587088,1165.0799926757813,1197.5612887357563,1132.5986966158064,0.055758053119385885,46.59711266618297,-7.671558700491914,-7.91200362057281,0.24044492008089602,26.28938209109294,30.33221898140715,23.27376002366827,-0.11868980651020188
2024-11-11,1150.1292431682323,1174.8890186797137,1141.0938909031916,1169.098388671875,6620678,0.0,0.0,AXISBANK.NS,0.00865671383997868,0.008619459339370953,0.49848246883030334,1165.4119506835937,1188.2203369140625,1201.7539331054688,1150.684192199707,1168.5314810293542,1179.1687368396174,1165.4119506835937,1197.9161674123557,1132.9077339548317,0.055781505775182864,49.25460391416945,-6.692835223073416,-7.668169941072932,0.975334717999516,26.945462805792967,30.519605618961716,23.031804244538787,-0.11106055636090448
2024-11-12,1169.7474877488462,1185.072537895656,1151.9264971262662,1156.2694091796875,9606088,0.0,0.0,AXISBANK.NS,-0.010973395923299045,-0.011034047744781,0.4820390274157058,1165.6266052246094,1187.6083325195314,1200.951298828125,1150.9911752319335,1167.3636646627192,1178.2707239902084,1165.6266052246094,1197.812374611008,1133.440835838211,0.0552248365679617,46.096059690245475,-6.8731518287681865,-7.5091663186119835,0.6360144898437969,27.5658790103944,29.33103034667768,23.091939559076597,-0.1208152408277935
2024-11-13,1150.029589746679,1163.6074819353837,1133.2568205375103,1137.30029296875,8079113,0.0,0.0,AXISBANK.NS,-0.01640544674133959,-0.016541506212710843,0.45772551508285075,1164.9252563476562,1186.5610400390624,1199.979423828125,1151.1082901000977,1164.5004864061507,1176.6640404207394,1164.9252563476562,1198.980038854215,1130.8704738410972,0.05846689703222596,41.82517748640547,-8.449304857706238,-7.697194026430835,-0.7521108312754032,28.26831493851031,29.62420400956831,23.213287885119787,-0.13523865957019057
2024-11-14,1135.7028687904137,1148.8813855767612,1129.7624574145566,1138.84765625,5975873,0.0,0.0,AXISBANK.NS,0.0013605582367439695,0.0013596335160487266,0.45970883553930864,1165.3670349121094,1185.8222436523438,1199.116298828125,1151.3693154907226,1162.0573597246125,1175.1810449630634,1165.3670349121094,1197.7005512674418,1133.033518556777,0.05549070016000754,42.29485331726155,-9.46445782537603,-8.050646786219875,-1.4138110391561547,27.18080105222173,27.196140172872074,23.21529617177545,-0.134062101405651
2024-11-18,1129.3629741553402,1133.156852012231,1119.7287424706979,1124.37109375,9474971,0.0,0.0,AXISBANK.NS,-0.01271158826253238,-0.01279307176019601,0.4411536178387523,1161.8402709960938,1184.7370068359376,1197.6759460449218,1151.708097229004,1158.4681915365543,1173.1884978566688,1161.8402709960938,1195.9461458015396,1127.7343961906479,0.0587100923540987,39.113257692267425,-11.306774021409637,-8.701872233257829,-2.6049017881518086,26.62456708358871,27.391593227713816,23.29059564536919,-0.1450695474335049
2024-11-19,1128.1649836941745,1137.150368520057,1120.227942513477,1132.1085205078125,19225966,0.0,0.0,AXISBANK.NS,0.006881559656613634,0.006857989794783791,0.45107100243425413,1159.0273376464843,1184.2418090820313,1196.1738012695312,1152.169864807129,1155.957746676674,1171.5775183527921,1159.0273376464843,1193.20119227086,1124.8534830221085,0.05896988537607579,41.64015377007367,-12.004101396352098,-9.362318065876682,-2.641783330475416,25.437210985293046,26.310744215488562,23.325988378864686,-0.1391862925219129
2024-11-21,1136.1521359437722,1150.1294029940473,1113.938265096014,1137.30029296875,8126248,0.0,0.0,AXISBANK.NS,0.00458593179619271,0.004575448449363458,0.45772551508285053,1157.2003112792968,1183.6088427734376,1194.6881591796875,1152.5628182983398,1154.1808463235384,1170.233313435771,1157.2003112792968,1191.9419541494947,1122.458668409099,0.0600443026701067,43.33937447285408,-11.99948314455014,-9.889751081611374,-2.1097320629387664,26.357145326698078,26.271106816317374,23.330316832133192,-0.13523865957019057
2024-11-22,1134.804259094338,1146.0359906217202,1125.7190606332729,1140.544921875,16687505,0.0,0.0,AXISBANK.NS,0.0028529218943400547,0.0028488600362810935,0.4618842921207684,1156.301776123047,1182.7142993164061,1193.471396484375,1153.0076596069337,1152.882186852249,1169.069062786329,1156.301776123047,1191.8210457538628,1120.782506492231,0.06143598559522772,44.42836202506782,-11.60028781349979,-10.231858427989057,-1.3684293855107335,26.086154010652194,25.91051569796385,23.14325319001477,-0.13277156300869944
2024-11-25,1158.1163893251894,1162.609082214813,1140.1456177666953,1154.0230712890625,12385823,0.0,0.0,AXISBANK.NS,0.011817289398742048,0.011748010492841536,0.4791598018682348,1155.730206298828,1182.1112841796876,1192.422833251953,1153.4518045043944,1152.990842512898,1168.479023904083,1155.730206298828,1190.9963368723922,1120.464075725264,0.06102830986221655,48.82806452493198,-10.080150916386856,-10.201516925668617,0.12136600928176122,26.767192503231904,25.900686116392325,23.226644694131434,-0.12252327359395451
2024-11-26,1155.2209932897363,1157.71693360964,1140.7945069895281,1142.9410400390625,5127437,0.0,0.0,AXISBANK.NS,-0.009602954677172315,-0.009649360373271161,0.46495549733059893,1153.5063232421876,1180.9421875,1191.3482470703125,1153.7582369995116,1152.033718467771,1167.477534340749,1153.5063232421876,1185.8468267244482,1121.165819759927,0.05607338742861917,45.629262583198596,-9.658323636125942,-10.092878267760081,0.4345546316341391,25.016465114522457,25.889645512609604,23.267531844626834,-0.13094964282790525
2024-11-27,1143.3402343897294,1153.5735891768147,1131.7092505928033,1147.7830810546875,5989943,0.0,0.0,AXISBANK.NS,0.004236474888905439,0.0042275262939260585,0.471161744508404,1152.4106018066407,1179.5883911132812,1190.05671875,1154.1746731567382,1151.6288958570012,1166.7052028393348,1152.4106018066407,1183.9154975226793,1120.905706090602,0.05467651142162041,47.25515439302677,-8.831506128850378,-9.84060383997814,1.0090977111277617,23.622291945594593,25.857711402662108,23.26817270113003,-0.12726793281255133
2024-11-28,1146.6350294369997,1152.5753188902968,1127.5660689944857,1130.6610107421875,10731275,0.0,0.0,AXISBANK.NS,-0.01491751411492026,-0.015029899300905614,0.4492156684193691,1149.6975219726562,1177.6205932617188,1188.584990234375,1154.5331832885743,1149.631954417495,1165.291705110035,1149.6975219726562,1178.6564795560585,1120.738564389254,0.05037665478084069,42.42400386451508,-9.448933848889737,-9.76226984176046,0.3133359928707229,23.832651998105412,26.08613503306827,23.297275666730478,-0.14028692574336366
2024-11-29,1131.7094214290682,1139.0474623267583,1125.8688230005273,1134.4549560546875,6406277,0.0,0.0,AXISBANK.NS,0.003355510870592049,0.0033498937061209448,0.45407852734858256,1147.9953002929688,1175.7077075195311,1187.0898486328124,1154.9677761840821,1148.1865260019895,1164.082420833355,1147.9953002929688,1176.295663802768,1119.6949367831694,0.04930397102248954,43.7951836120282,-9.522342449645294,-9.714284363337427,0.19194191369213343,23.215805091033662,26.109942395486605,23.286135926193566,-0.13740214917710541
2024-12-02,1130.8606604334245,1139.5466064002276,1124.7705900554713,1135.2535400390625,4785858,0.0,0.0,AXISBANK.NS,0.000703936264822902,0.0007036886179020528,0.4551021059558835,1146.8746215820313,1173.6440649414062,1185.5947131347657,1155.3113400268555,1146.9548130531393,1162.9518764884806,1146.8746215820313,1175.3370262730275,1118.412216891035,0.04963472755502143,44.0969719650853,-9.407634882256843,-9.652954467121312,0.24531958486446825,23.08387864267086,25.536861903653502,23.17115333598147,-0.13679493526795286
2024-12-03,1142.5416474793556,1163.0083577848877,1136.1520159851627,1158.615478515625,8382042,0.0,0.0,AXISBANK.NS,0.02057860878879847,0.020369729981480216,0.4850460829421064,1146.4228515625,1172.002734375,1184.3177331542968,1155.9373165893555,1148.065352620995,1162.7818216660157,1146.4228515625,1173.7613850537339,1119.0843180712661,0.047693629717818736,52.18537301352932,-7.346924346916467,-9.191748443080343,1.844824096163876,22.65242792619251,20.004785544739757,23.249988552991756,-0.11903137593632254
2024-12-04,1155.6203539949722,1166.1033032104772,1152.0262243526445,1157.567138671875,18379798,0.0,0.0,AXISBANK.NS,-0.0009048211966692365,-0.0009052307944620231,0.48370238176822977,1147.4312072753905,1170.29451171875,1183.007823486328,1156.4807357788086,1148.9702846258408,1162.5773242936966,1147.4312072753905,1174.8560378009713,1120.0063767498098,0.04780213463202181,51.823023244210574,-5.732310161784426,-8.49986078682116,2.7675506250367334,21.290359218224143,19.95882157201999,21.623396483010563,-0.1198284950209759
2024-12-05,1162.1098542785676,1174.9889311617428,1148.2324012319225,1164.5059814453125,10640451,0.0,0.0,AXISBANK.NS,0.005994332891480214,0.005976438353012542,0.49259618775643066,1147.1666442871094,1168.6891235351563,1181.7164245605468,1157.0822940063476,1150.4498747991238,1162.6529579074854,1147.1666442871094,1173.7728757768123,1120.5604127974066,0.04638599216984193,54.09502464028566,-3.8484476568989976,-7.569578160836727,3.7211305039377294,21.033635541934636,19.749936024718306,21.64615510517516,-0.11455245401853645
2024-12-06,1165.6041034914654,1191.9112895042008,1158.1162826981583,1182.62646484375,7542210,0.0,0.0,AXISBANK.NS,0.015560661505531703,0.015440835857876943,0.5158219717985555,1148.0676818847655,1167.590908203125,1180.3910803222657,1157.6544918823242,1153.5143119462311,1163.4362326893,1148.0676818847655,1178.1536123856722,1117.9817513838589,0.052411423081808295,59.4703998634758,-0.8831214043998443,-6.23228680954935,5.349165405149506,22.08192687363734,19.87130921035819,21.775890195441843,-0.10077430447461518
2024-12-09,1182.3268593567407,1184.0740174769637,1159.1146157594899,1161.3609619140625,6308112,0.0,0.0,AXISBANK.NS,-0.017981588914042335,-0.018145222243384863,0.48856508423480083,1148.2348999023438,1165.497314453125,1178.9514221191407,1157.9901748657226,1154.2616119431673,1163.3548495216437,1148.2348999023438,1178.589631852459,1117.8801679522287,0.05287198978657899,51.803824449847546,-0.2461894299733558,-5.035067333634152,4.788877903660796,22.499104583506746,20.527075775126736,21.98810113166821,-0.11694381127249648
2024-12-10,1155.1211468863528,1163.1581232345245,1149.3804843153964,1151.776611328125,4714389,0.0,0.0,AXISBANK.NS,-0.008252688785182927,-0.008286930743561193,0.4762804198581214,1147.8704956054687,1163.03232421875,1177.4503637695314,1158.4008908081055,1154.0249452179253,1162.9008009650352,1147.8704956054687,1177.8504879510244,1117.890503259913,0.05223584447955019,48.75328825178919,-0.5089266542443056,-4.129839197756183,3.620912543511877,22.274476934403033,19.852370835222512,22.024786594854508,-0.12423139917789437
2024-12-11,1148.1324971228753,1156.4689130536558,1142.6913962114295,1145.386962890625,7788242,0.0,0.0,AXISBANK.NS,-0.005547645589132122,-0.005563090924909524,0.46809053929857347,1146.6849243164063,1160.5184106445313,1175.831495361328,1158.7968673706055,1153.202280234373,1162.2139837856466,1146.6849243164063,1174.957033038295,1118.4128155945175,0.04931103238972668,46.77570988478519,-1.2186907177986086,-3.547609501764668,2.3289187839660594,20.673504001845394,19.46055941759168,22.025214914142268,-0.12908985299334552
2024-12-12,1143.1407039727058,1152.6752450559866,1141.742952973343,1143.7896728515625,4825283,0.0,0.0,AXISBANK.NS,-0.0013945418367879991,-0.001395515115212162,0.46604322562132894,1146.0609375,1158.790224609375,1174.3668786621095,1159.2137881469725,1152.30584143601,1161.4914617882316,1146.0609375,1173.9911722589402,1118.1307027410596,0.04874127342629246,46.270438264297056,-1.8883046086816648,-3.2157485231480676,1.3274439144664028,20.003172722859404,19.025970731979506,21.966127290961644,-0.13030437362942948
2024-12-13,1139.1472304132253,1150.8281830630162,1111.8416660481157,1146.28564453125,8731618,0.0,0.0,AXISBANK.NS,0.00218219462802538,0.00217981709951979,0.46924241727273275,1146.510205078125,1157.2227758789063,1173.0255603027344,1159.515245666504,1151.7324893498426,1160.8951552291344,1146.510205078125,1174.1344901168827,1118.8859200393672,0.04818846778058186,47.22969460740348,-2.1923028836870344,-3.011059395255861,0.8187565115688265,21.183390763343887,18.65612061463626,21.60545507604507,-0.1284065285055465
2024-12-16,1144.6382485238657,1153.124445743624,1139.8959618422361,1149.0311279296875,3975202,0.0,0.0,AXISBANK.NS,0.0023951127814745288,0.002392249070552131,0.4727614185654272,1147.0193786621094,1156.7275830078124,1171.903885498047,1159.8523782348632,1151.4752168336374,1160.429899256607,1147.0193786621094,1174.4235104337376,1119.615246890481,0.047783206249911184,48.322608181574694,-2.1864817410530577,-2.8461438644153008,0.6596621233622431,20.919537712006463,18.489156748474265,21.57795235983225,-0.12631896384172045
2024-12-17,1143.3902926303374,1149.9795508853542,1128.1650562517189,1134.4049072265625,7292817,0.0,0.0,AXISBANK.NS,-0.012729177084591536,-0.012810887201486341,0.45401437766515373,1147.5210693359375,1155.8859521484376,1170.8755578613282,1160.0330795288087,1149.849473061535,1159.4093113338602,1147.5210693359375,1173.5102646242578,1121.531874047617,0.045296240710177384,43.19064125928827,-3.3237678906225483,-2.9416686696567504,-0.38209922096579785,20.915977429836744,18.640344226713633,21.63107711759275,-0.13744020446642866
2024-12-18,1134.3549105744767,1138.0489753800873,1114.137793934539,1120.4276123046875,7222127,0.0,0.0,AXISBANK.NS,-0.012321257456517243,-0.012397793478983767,0.4360990921724637,1146.9370239257812,1155.41771484375,1170.3399279785156,1160.1643447875977,1147.0473910846922,1157.880617254285,1146.9370239257812,1174.8391776341696,1119.0348702173928,0.04865507543366902,38.9351383341368,-5.2919242364393995,-3.4117197830132806,-1.8802044534261189,20.83754396910368,17.43302579719609,21.72948700743635,-0.14806802577883862
2024-12-19,1103.1058605329233,1117.232907788727,1099.2621366321944,1107.099365234375,11677610,0.0,0.0,AXISBANK.NS,-0.011895678867550163,-0.011966998617571183,0.41901571854999964,1145.4269775390626,1154.5311572265625,1169.6565405273439,1160.2868301391602,1143.2428171941858,1155.8891956064454,1145.4269775390626,1178.3434140895474,1112.5105409885778,0.05747452643590679,35.35764254374756,-7.8368422310907135,-4.296744272628767,-3.5400979584619465,21.40803227955098,15.423209093464102,21.80773327397754,-0.15820233496117153
2024-12-20,1102.1572227344786,1104.0541616573962,1063.2705232390288,1070.109375,12623056,0.0,0.0,AXISBANK.NS,-0.03341162626946692,-0.03398254764831857,0.37160409569130803,1141.9052001953125,1152.5683471679688,1168.6761340332032,1160.255041809082,1136.2777274614064,1152.5252810728593,1141.9052001953125,1189.0275147186244,1094.7828856720007,0.08253279609419766,27.739736582297013,-12.692183559202476,-5.975832129943509,-6.716351429258967,23.483234111735978,17.936840355353432,22.26080501856708,-0.18632816393995877
2024-12-23,1073.3541110903145,1081.790462182754,1070.6585443933702,1077.3975830078125,3886921,0.0,0.0,AXISBANK.NS,0.00681071316454207,0.006787625029464868,0.38094569776237264,1138.07392578125,1150.4697607421874,1167.7691088867186,1160.2838864135742,1130.6700946563024,1149.5790968350143,1138.07392578125,1192.8812458864838,1083.266605676016,0.09631592265433984,30.898805405153695,-15.77019013121162,-7.934703730197132,-7.835486401014489,22.335110500088035,18.124523191652937,22.29042852390829,-0.18078647845448745
2024-12-24,1075.550693795779,1082.988547493429,1074.252756029435,1077.1480712890625,4343694,0.0,0.0,AXISBANK.NS,-0.00023158741274820205,-0.0002316142332540147,0.380625888121082,1134.78427734375,1148.6018017578126,1166.8985266113282,1160.306994934082,1125.5727590975175,1146.7386644606634,1134.78427734375,1195.896919345163,1073.6716353423371,0.10770794629700468,30.849082479882938,-18.02192054403963,-9.952147092965632,-8.069773451074,21.9535899719567,18.109831694434213,22.275084086123304,-0.18097619799443057
2024-12-26,1081.2413564986148,1090.8257430405286,1071.008001093157,1074.9515380859375,4775460,0.0,0.0,AXISBANK.NS,-0.002039211935362162,-0.002041293958960587,0.3778104993317555,1131.1427001953125,1146.8516479492187,1165.9440783691407,1160.198659362793,1120.751690429748,1143.9234830342034,1131.1427001953125,1197.4527413742653,1064.8326590163597,0.11724434267666348,30.385514863931746,-19.755940803410112,-11.912905835054527,-7.843034968355585,21.45796225892465,17.806335237560265,22.174361899192785,-0.18264636110682603
2024-12-27,1076.3492862446637,1084.4860761153666,1074.2527207366024,1075.7003173828125,3801667,0.0,0.0,AXISBANK.NS,0.000696570282794573,0.0006963277903173048,0.3787702411809124,1128.3946655273437,1145.3261279296876,1165.1114318847656,1160.0566574096679,1116.461083472897,1141.2480647733646,1128.3946655273437,1199.1922930700425,1057.5970379846449,0.1254838040369719,30.767443258021572,-20.82963307634668,-13.696251283312959,-7.133381793033722,19.7749871569762,17.657676688370106,22.099296831306635,-0.182077016851439
2024-12-30,1072.355687311683,1094.719335130627,1062.2221460639655,1068.21240234375,9452155,0.0,0.0,AXISBANK.NS,-0.0069609675836860285,-0.006985308140187653,0.3691726662267012,1125.082537841797,1143.6638305664062,1164.476962890625,1159.9068942260742,1111.8659709844069,1138.3839211486738,1125.082537841797,1200.71909012548,1049.4459855581138,0.13445511727303827,29.05097861702859,-22.030796791007788,-15.363160384851925,-6.667636406155863,20.313400539061035,17.210658301974775,22.005882901617117,-0.18777055222308792
2024-12-31,1060.2755024007047,1068.7117323668265,1056.7811857732072,1062.9710693359375,5292136,0.0,0.0,AXISBANK.NS,-0.0049066393502945616,-0.00491871642658557,0.36245462974524556,1121.4684143066406,1142.3230102539062,1163.8639599609376,1159.6102145385742,1107.2093136845526,1135.4265544109194,1121.4684143066406,1201.819441093623,1041.1173875196582,0.14329610314822866,27.878568773554875,-23.138928296952145,-16.91831396727197,-6.220614329680174,20.181465372953262,17.199228351202873,21.98953264622805,-0.1917558691930181
2025-01-01,1062.4219686475792,1075.2011098143219,1052.23845913699,1070.0595703125,2985355,0.0,0.0,AXISBANK.NS,0.006668573756189566,0.006646437176665052,0.3715402589331638,1117.0406188964844,1139.82607421875,1163.2150158691406,1159.4165658569336,1103.6712428872142,1132.8631432698048,1117.0406188964844,1198.5245185909891,1035.5567192019796,0.1458924560415754,31.88239650347083,-23.17796654083554,-18.170244481984685,-5.007722058850856,20.837546361175082,17.090598614191617,22.021502679760836,-0.18636603359372433
2025-01-02,1070.259182488381,1086.9320146607752,1065.766490024577,1084.83544921875,6557076,0.0,0.0,AXISBANK.NS,0.013808463861441744,0.013713995671332916,0.3904791230331548,1113.404034423828,1137.755439453125,1162.7003515625,1159.328469543457,1101.877357775932,1130.9797042874106,1113.404034423828,1193.756550234304,1033.051518613352,0.1443366708331668,39.43066678096014,-21.76571309790006,-18.88933820516776,-2.8763748927323007,21.568491543571845,17.502017914989295,22.153504095318404,-0.17513099837216178
2025-01-03,1084.236495050746,1091.7243161491626,1078.0466116915568,1083.1383056640625,7357220,0.0,0.0,AXISBANK.NS,-0.0015644248682228357,-0.0015656498585772739,0.38830382291433696,1109.3356506347657,1135.9413891601562,1162.122791748047,1159.2722909545898,1100.0926861462303,1129.1035710080637,1109.3356506347657,1186.988146037739,1031.6831552317924,0.13999819686411458,38.89750408366924,-20.546589081753154,-19.22078838048484,-1.3258007012683137,19.7607192180508,17.41093742756059,22.141321938856063,-0.17642144395133452
2025-01-06,1085.9836525482262,1088.2299988761818,1058.1789012632846,1061.6732177734375,5283413,0.0,0.0,AXISBANK.NS,-0.01981749493889884,-0.020016495001924033,0.3607911189300781,1103.28798828125,1134.004541015625,1161.1154296875,1159.1915884399414,1096.4336891583453,1126.4592434302351,1103.28798828125,1175.560502327184,1031.0154742353159,0.13101296273246535,32.84784039185831,-21.069600478248958,-19.590550800037665,-1.4790496782112932,20.962334483158607,18.135578833640885,22.302017426345383,-0.19274270781761454
2025-01-07,1062.821318766077,1068.7616077717908,1054.2851544203747,1065.7664794921875,4619462,0.0,0.0,AXISBANK.NS,0.00385548175297723,0.0038480684317105385,0.36603762425872644,1098.5082641601562,1132.01078125,1160.1959252929687,1159.241837463379,1093.513002523473,1124.079135040508,1098.5082641601562,1167.1633601303963,1029.853168189916,0.12499695853035592,34.92627651121235,-20.91272983436943,-19.854986606904017,-1.0577432274654122,20.438188677285797,17.738625918030284,22.27913946975241,-0.18963034205764764
2025-01-08,1062.0225820719759,1080.5923532571728,1057.380108807656,1073.204345703125,8780098,0.0,0.0,AXISBANK.NS,0.0069788892351740905,0.006954649499968226,0.37557104952950837,1094.5796508789062,1129.726494140625,1159.415694580078,1159.3883834838866,1091.5788447310588,1122.0840452625714,1094.5796508789062,1159.2786655883067,1029.8806361695058,0.11821709759988608,38.6425488993926,-19.958169719524676,-19.87562322942815,-0.08254649009652582,20.3882646061407,17.819620127914067,22.30458188467343,-0.18397486197532198
2025-01-09,1077.8468688369667,1078.3960244691536,1052.538057769639,1060.02587890625,9054190,0.0,0.0,AXISBANK.NS,-0.012279550348112789,-0.012355566967425563,0.3586796555694045,1090.3115966796875,1127.5330615234375,1158.3664013671876,1159.3944662475585,1088.5738003667911,1119.6503916799704,1090.3115966796875,1152.0948789807264,1028.5283143786485,0.1133314228504711,34.84547162281412,-20.034125160698522,-19.907323615682227,-0.1268015450162956,20.723442536642242,17.95691274287288,22.385291673275674,-0.19399528374302172
2025-01-10,1054.5348076351484,1063.1208181441978,1035.316066762271,1039.010009765625,5612886,0.0,0.0,AXISBANK.NS,-0.019825807613592872,-0.020024975779636484,0.3317427341095829,1085.0726135253906,1124.6148095703124,1157.2427282714843,1159.3480935668945,1083.8534393571563,1116.4880237617608,1085.0726135253906,1145.5176048994758,1024.6276221513053,0.111411882708384,29.814237476124404,-21.541804880406744,-20.234219868627132,-1.3075850117796115,19.578864635683708,18.302837726734055,22.501760298373394,-0.2099749781831811
2025-01-13,1024.9329786295832,1061.2738965451533,1021.5884427467809,1047.59619140625,7180930,0.0,0.0,AXISBANK.NS,0.008263810319365295,0.008229851994037226,0.34274800345845735,1080.1381408691407,1122.1967456054688,1156.0576574707031,1159.4247091674804,1080.4003681237366,1113.786383277231,1080.1381408691407,1135.436474921395,1024.8398068168863,0.10239122564037637,34.00666585778929,-21.792607209354173,-20.54589733677254,-1.2467098725816328,21.57917653679931,18.499325123180927,22.55118395429508,-0.20344636125533447
2025-01-14,1051.240076562291,1059.2770529988159,1043.8022232895967,1049.9422607421875,6892897,0.0,0.0,AXISBANK.NS,0.0022394786800323807,0.002236974785235746,0.3457550589848586,1075.1836975097656,1120.0422485351562,1154.8321508789063,1159.5088162231445,1077.4995959921605,1111.2826921974254,1075.1836975097656,1121.5226538118172,1028.844741207714,0.08619728221210454,35.146587289651094,-21.55360513020014,-20.74743889545806,-0.8061662347420793,22.06053641145825,18.528382410715995,22.490389929644234,-0.20166249636386352
2025-01-15,1041.306335482205,1051.190283846339,1013.0023957042544,1025.1326904296875,11418721,0.0,0.0,AXISBANK.NS,-0.02362946158102308,-0.023913114598434648,0.3139555915211085,1069.7200866699218,1117.191884765625,1153.4029772949218,1159.4803463745118,1072.5122716528774,1107.9042607555534,1069.7200866699218,1112.271851799369,1027.1683215404746,0.07955682175121605,29.36921593602723,-23.099838681373512,-21.21791885264115,-1.8819198287323609,23.372689711080618,18.16282227084293,22.793413784728305,-0.22052678173472345
2025-01-16,1032.2211352471902,1044.7506829203899,1025.3822829319104,1036.314453125,10261727,0.0,0.0,AXISBANK.NS,0.010907624739413535,0.01084856567531158,0.32828772603767487,1065.5144287109374,1115.1701733398438,1152.125556640625,1159.471622619629,1069.0648603645081,1105.096817319061,1065.5144287109374,1103.3270760477267,1027.7017813741481,0.07097538300356031,34.588121689215,-23.1560367337338,-21.605542428859682,-1.5504943048741175,24.04302093336192,18.6542095511955,22.702193202951637,-0.21202458037546276
2025-01-17,998.3761525809333,1010.0571657533391,973.0173739309598,989.440673828125,33831617,0.0,0.0,AXISBANK.NS,-0.04523123184813971,-0.046286095408699233,0.26820763594022656,1059.631494140625,1111.5630419921874,1150.335966796875,1159.1671774291992,1061.4816045039004,1100.5612822802009,1059.631494140625,1105.8740201861056,1013.3889680951442,0.08728039191206562,25.93644534244109,-26.675398949621467,-22.619513733012038,-4.055885216609429,26.243013085317532,21.974044103386287,23.78488456240861,-0.2476656792711354
2025-01-20,990.439061296575,992.5855944235661,974.9143241337787,986.445556640625,33440507,0.0,0.0,AXISBANK.NS,-0.0030270811244417217,-0.0030316720014877123,0.2643686685435991,1055.4483032226562,1107.9998388671875,1148.4071044921875,1158.8759396362304,1054.3353142312076,1096.0861557845312,1055.4483032226562,1111.743908373914,999.1526980713984,0.10667619622745615,25.497570566814034,-29.367667595834064,-23.969144505576445,-5.398523090257619,26.653064777900973,21.081316841151757,23.636712431611866,-0.2499430562926834
2025-01-21,991.98647607347,992.8351323265008,961.4361915572816,968.62451171875,11894500,0.0,0.0,AXISBANK.NS,-0.01806591838941951,-0.01823109955023684,0.24152668736355132,1050.0096496582032,1104.2119970703125,1146.4028649902343,1158.4661666870118,1046.1723806585926,1091.0876599388143,1050.0096496582032,1117.316797699714,982.7025016166924,0.12820291330355005,23.003399605194318,-32.563942425286086,-25.688104089518376,-6.87583833576771,27.2556569273215,21.08551581795123,23.78964156123721,-0.2634935238251172
2025-01-22,974.165548733293,974.165548733293,952.4508670167169,957.7422485351562,17303146,0.0,0.0,AXISBANK.NS,-0.011234759240486336,-0.011298345850156558,0.22757843394038324,1044.039358520508,1100.185548095703,1144.2453741455079,1158.0314123535156,1037.7504633135034,1085.858428119063,1044.039358520508,1121.6111788231337,966.4675382178821,0.14859941757857034,21.61307947743815,-35.56514805929987,-27.663512883474677,-7.901635175825195,27.294882433062785,21.131549604523805,23.669175732378058,-0.271767996764001
2025-01-23,952.450837032954,962.1350977728039,946.4605801962688,949.505615234375,24649522,0.0,0.0,AXISBANK.NS,-0.008600052167876071,-0.008637246016076532,0.2170211953683363,1037.7670623779297,1095.793692626953,1142.0070147705078,1157.4754162597656,1029.3461920678722,1080.5112589863304,1037.7670623779297,1124.5539416861068,950.9801830697527,0.16725695477232513,20.59830516751603,-38.16827253091935,-29.764464812963613,-8.40380771795574,27.437511941557734,21.143839525050563,23.569884096301617,-0.27803082998214745
2025-01-24,946.4605287542831,960.2381065426121,944.5635898180176,946.959716796875,14421921,0.0,0.0,AXISBANK.NS,-0.0026812884480641452,-0.0026848895404202543,0.21375801049614607,1031.3300323486328,1091.607498779297,1139.607915649414,1156.9081872558593,1021.499861089682,1075.2739436063516,1031.3300323486328,1125.0880148124406,937.5720498848251,0.18181955246720408,20.281329977281928,-39.975883060325714,-31.806748462436037,-8.169134597889677,26.41061330667897,21.121993865795556,23.453899213972665,-0.2799666375775748
2025-01-27,941.5684832287448,948.2077087224076,931.9840969648512,946.5603637695312,12713296,0.0,0.0,AXISBANK.NS,-0.00042172124142147993,-0.0004218101908329962,0.21324614296117428,1025.2474304199218,1087.7927001953126,1137.1768701171875,1156.3581655883788,1014.3627661068105,1070.2263522402018,1025.2474304199218,1124.5510934992158,925.9437673406279,0.19371648273943207,20.228744804095626,-40.96839373870489,-33.63907751768981,-7.329316221015077,26.535410335688994,21.045669666583265,23.449270482606373,-0.2802702909410405
2025-01-28,958.4411132023487,992.2361218299094,956.6440483023032,982.2024536132812,21781371,0.0,0.0,AXISBANK.NS,0.037654323176824045,0.03696270729191515,0.2589301053212696,1021.2089996337891,1084.6597961425782,1135.241019897461,1155.901806640625,1011.2998792026648,1066.7744346469892,1021.2089996337891,1120.6224391154954,921.7955601520829,0.19469753893151434,36.14241140262095,-38.43588190387436,-34.598438394926724,-3.8374435089476364,28.139947022179083,24.504669770640177,24.357914861236573,-0.2531693558761729
2025-01-29,986.3956676832572,987.0446365758884,976.012531017436,981.8031616210938,11175206,0.0,0.0,AXISBANK.NS,-0.0004065271785044233,-0.0004066098330795012,0.258418316017619,1016.7961791992187,1081.8084375,1133.2727221679688,1155.4237490844725,1008.4906680044198,1063.4422278616598,1016.7961791992187,1114.9060895206862,918.6862688777513,0.19297851885858627,36.05563351316664,-36.04555681437955,-34.88786207881729,-1.1576947355622593,27.080956940674632,24.431431072470666,24.349726447369783,-0.2534729628307492
2025-01-30,983.0510455309357,989.7900841668027,973.2170044414162,983.1009521484375,10473118,0.0,0.0,AXISBANK.NS,0.001321843907286846,0.0013209710407401114,0.26008174860146505,1011.7094543457031,1078.8282861328125,1131.5350476074218,1154.913273010254,1006.0725998276596,1060.2915895983963,1011.7094543457031,1105.4166293303504,918.0022793610558,0.18524522941272695,36.588548988689915,-33.658491966418865,-34.64198805633761,0.983496089918745,26.278694679493185,24.38100283077438,24.347222932678218,-0.25248617061504214
2025-01-31,980.4054003333197,988.3924097046705,976.4618022690061,984.4987182617188,9036312,0.0,0.0,AXISBANK.NS,0.0014217930622757446,0.001420783271548758,0.2618733240895268,1006.777474975586,1075.772254638672,1129.6905487060546,1154.4813647460937,1004.0179444404271,1057.3193201342128,1006.777474975586,1094.8704515813974,918.6844983697745,0.1749998957971278,37.195649173176356,-31.29320919654208,-33.97223228437851,2.679023087836427,24.29620565358547,24.32280186305019,24.347113399964215,-0.2514233606384675
2025-02-01,987.8931362585447,1003.3180589613612,980.4053156198999,996.5291137695312,4830391,0.0,0.0,AXISBANK.NS,0.012219818354922696,0.012145759091368164,0.27729318689682336,1003.5202697753906,1072.8919384765625,1127.8031188964844,1154.1869235229492,1003.3047224717702,1054.9353904728528,1003.5202697753906,1087.8018381172797,919.2387014335015,0.1679718305256616,42.31468342449025,-28.123759986510663,-32.802537824804936,4.678777838294273,24.827485198745624,23.056359596708198,24.464055320041794,-0.24227589008073105
2025-02-03,985.4970820817739,998.8753469855333,981.753171485876,987.7933959960938,7124605,0.0,0.0,AXISBANK.NS,-0.008766144062157144,-0.008804792735348434,0.26609625081087396,999.621615600586,1069.567344970703,1125.8393145751952,1153.8789801025391,1001.8274532836106,1052.3023710816074,999.621615600586,1078.8412595859782,920.4019716151938,0.15849926161869948,39.7792167594309,-26.01694096927872,-31.445418453699695,5.4284774844209736,23.322791438572235,22.96511766366406,24.108295798953492,-0.24891820878765317
2025-02-04,992.385906066695,1015.4483710586156,986.1959616686072,1013.6513061523438,16058171,0.0,0.0,AXISBANK.NS,0.026177447896556183,0.02584068296048316,0.29923941944850063,996.6439636230468,1066.9815502929687,1123.9618688964845,1153.8394927978516,1002.9535345092042,1050.7866430451656,996.6439636230468,1068.3376215517885,924.950305694305,0.14387014931213268,49.43703173169466,-22.00707066161226,-29.55774889528221,7.550678233669949,24.010964074236956,24.448242402928603,24.534143018772127,-0.22925680433213988
2025-02-05,1018.9426747263542,1020.3903323316467,1008.8590999817069,1011.654541015625,7858373,0.0,0.0,AXISBANK.NS,-0.001969873786576759,-0.00197181653968248,0.2966800817736419,994.2253967285156,1064.2589794921876,1121.9236853027344,1153.7645831298828,1003.78220179553,1049.252050808713,994.2253967285156,1059.9296283016738,928.5211651553574,0.1321717022907623,48.78637891800204,-18.773927660396907,-27.40098464830515,8.627056987908244,20.313403585372644,24.448218359413435,24.534000601388605,-0.23077507114946838
2025-02-06,1010.3566568712627,1020.1906375069063,1008.4098112049047,1019.0425415039062,5815563,0.0,0.0,AXISBANK.NS,0.007302888672712671,0.00727635170061007,0.30614959205495884,993.2270233154297,1062.026610107422,1119.8236016845703,1153.6026608276368,1005.235567482042,1048.0673641693088,993.2270233154297,1056.6325898017965,929.821456829063,0.12767587872250305,51.33830879763012,-15.437534356557308,-25.008294589955582,9.570760233398275,19.892657586245086,24.583924173989562,24.063299240154244,-0.22515750712979768
2025-02-07,1017.8445057093887,1025.6817342725071,1006.0137724647228,1022.43701171875,8638651,0.0,0.0,AXISBANK.NS,0.0033310387707996547,0.003325503150657282,0.3105004269865581,991.9690643310547,1059.7862512207032,1117.7469793701173,1153.4487319946288,1006.8738002664904,1047.0622523085026,991.9690643310547,1051.7261702453138,932.2119584167956,0.12048179336027375,52.50921569732538,-12.376840732632218,-22.48200381849091,10.105163085858692,19.054730517571166,24.572975971722567,24.07571151071307,-0.22257647674478395
2025-02-10,1019.3420349226665,1025.082697705042,1004.5660802961088,1010.1070556640625,3960565,0.0,0.0,AXISBANK.NS,-0.012059379612989973,-0.012132683863260404,0.29469660485454185,989.9773040771485,1057.2833215332032,1115.4636932373046,1153.1957431030273,1007.1817293519736,1045.6130289106814,989.9773040771485,1043.9764924896062,935.9781156646907,0.10909177046800186,47.991929681926266,-10.821401017593189,-20.149883258311366,9.328482240718177,18.969154495596666,24.749934118398237,23.190283958730628,-0.23195172213178678
2025-02-11,1007.3615376254405,1014.6995779700981,1000.9719058765897,1005.76416015625,4808215,0.0,0.0,AXISBANK.NS,-0.004299440820119238,-0.004308709993517991,0.2891301334219605,989.0088775634765,1054.2262951660157,1113.1145147705079,1152.6030526733398,1007.0467227619047,1044.0503281752135,989.0088775634765,1041.0112060452257,937.0065490817273,0.10516048877106585,46.475343141334314,-9.825872665777297,-18.08508113980455,8.259208474027254,18.830094103951897,24.636136321379663,23.18547272992544,-0.23525390024947562
2025-02-12,998.3761339148515,1009.008864115462,982.4021157722138,1005.2649536132812,7669283,0.0,0.0,AXISBANK.NS,-0.0004963455278533813,-0.0004964687480697804,0.2884902794454154,987.4564025878906,1051.1802514648436,1110.737381591797,1151.9914056396485,1006.8770304620358,1042.5293330943534,987.4564025878906,1035.1911725571176,939.7216326186635,0.09668228358057218,46.29424600952265,-8.973747297659543,-16.262814371375548,7.289067073716005,19.610967790998586,24.185939826314666,22.76093461063973,-0.2356334785560301
2025-02-13,1001.3712372223157,1015.7977841830659,999.4243916227608,1006.5628051757812,6348246,0.0,0.0,AXISBANK.NS,0.001291054221909338,0.0012902215280322913,0.29015379026058263,988.3125091552735,1048.0213879394532,1108.3552557373048,1151.2418447875978,1006.8471042442973,1041.1188810191154,988.3125091552735,1036.8052610227278,939.8197572878192,0.09813242556021436,46.87384390497456,-8.100330462408806,-14.630317589582202,6.529987127173396,19.621666419766353,24.20890083138088,22.725518954156758,-0.23464663993143364
2025-02-14,1008.9089842755058,1014.3501463619988,986.0462074988543,995.8801879882812,5375755,0.0,0.0,AXISBANK.NS,-0.010612966356962183,-0.010669685547258112,0.27646143148923974,988.7842407226562,1044.2864624023437,1105.9386853027345,1150.4056994628907,1005.8026360294385,1039.3448146257494,988.7842407226562,1037.3839630746184,940.184518370694,0.09830197600326415,42.781266142259234,-8.175892655304551,-13.339432602726673,5.163539947422121,18.38082219139252,23.774152638607102,22.614287445191007,-0.24276930939302926
2025-02-17,990.8383973867473,998.0267176735445,976.4617568131531,991.3375854492188,7166803,0.0,0.0,AXISBANK.NS,-0.004561394627438764,-0.004571829531814756,0.270638987173512,989.9198944091797,1040.885994873047,1103.191654663086,1149.6268997192383,1004.4250121646556,1037.4621781874541,989.9198944091797,1037.588691486148,942.2510973322114,0.09630839292389164,41.13649523552422,-8.504294089831092,-12.372404900147558,3.868110810316466,19.133168998673877,23.71844297498952,22.499425709766555,-0.2462233373968957
2025-02-18,991.3375809994877,995.7303993678929,984.9479494541168,992.53564453125,3090004,0.0,0.0,AXISBANK.NS,0.0012085278512752318,0.0012077981693263806,0.27217458977842734,991.6595642089844,1037.7011755371093,1100.3667498779296,1148.8957406616212,1003.2926914376646,1035.7003533381912,991.6595642089844,1036.85948212832,946.459646289649,0.09116015122667641,41.77232290959174,-8.56910196401509,-11.611744312921065,3.042642348905975,18.719552583558848,23.580801431278783,22.463077360724537,-0.2453123773064986
2025-02-19,990.0397410803987,1011.804329129352,986.5454245287212,1009.7077026367188,6401381,0.0,0.0,AXISBANK.NS,0.017301200415405393,0.01715323881825086,0.29418473731957007,994.6696685791015,1034.9875903320312,1097.7530004882813,1148.2397174072266,1003.9036448851936,1034.6810337028394,994.6696685791015,1035.8929886904618,953.4463484677412,0.08288846320255917,50.09340894672897,-7.152372991341053,-10.719870048605063,3.56749705726401,19.67157380962787,24.067627705166014,22.66947166100703,-0.23225537549525246
2025-02-20,1006.7625199634393,1017.9942514939594,1004.8655809305341,1015.5482177734375,5011212,0.0,0.0,AXISBANK.NS,0.00578436226787904,0.0057676970785683745,0.30167077068178627,998.0990936279297,1032.4227612304687,1095.606492919922,1147.6924560546875,1005.0126518269311,1033.930727195804,998.0990936279297,1033.629437276126,962.5687499797333,0.07119602427259861,52.5757666044797,-5.494981585988285,-9.674892356081708,4.179910770093423,18.972711468339583,23.51203439277589,22.66512052095277,-0.22781446245790019
2025-02-21,1010.3566194091612,1020.2405672343198,999.0250749789396,1007.3115844726562,5019937,0.0,0.0,AXISBANK.NS,-0.00811052902917786,-0.008143598297293676,0.29111353210973934,1001.1366546630859,1029.6432800292969,1093.4330279541016,1147.0992727661132,1005.2315977931906,1032.8868392458767,1001.1366546630859,1027.2558915349728,975.017417791199,0.05217916405363625,48.88303398231026,-4.790888052101991,-8.698091495285764,3.907203443183773,19.265091236605503,23.45118716108101,22.69334868493538,-0.23407729567604665
2025-02-24,999.7239055887297,1011.3550117867557,996.9284646337834,1008.4097900390625,4265454,0.0,0.0,AXISBANK.NS,0.0010902342267622434,0.0010896403530294284,0.2925211482730812,1002.447021484375,1026.8308532714843,1091.7792181396485,1146.5764248657226,1005.534282768988,1031.9269549632565,1002.447021484375,1027.1582903598983,977.7357526088517,0.049301894954871577,49.39340727447564,-4.097044662112012,-7.777882128651014,3.6808374665390025,18.206101076817202,23.438900763680635,22.510693372822765,-0.23324226052873834
2025-02-25,1002.3696099471763,1012.0538703579778,995.4807904446366,1007.4613037109375,5708975,0.0,0.0,AXISBANK.NS,-0.0009405762791020456,-0.0009410188985371097,0.29130543354077787,1003.7299285888672,1024.291981201172,1090.0889666748046,1146.026637878418,1005.7178085729832,1030.967517659244,1003.7299285888672,1026.5178728080564,980.9419843696782,0.04540652534138627,48.93893281340588,-3.5824079279004764,-6.938787288500907,3.356379360600431,18.566233045631584,22.45737203664549,20.210202308163385,-0.23396345467030288
2025-02-27,1006.0137195509107,1021.8878632634938,1003.5177792562238,1015.0490112304688,9777690,0.0,0.0,AXISBANK.NS,0.0075315126164967605,0.007503292380815868,0.30103091670524096,1005.3273315429688,1022.1844091796875,1088.8010620117188,1145.4554315185546,1006.6064945403627,1030.3432625051746,1005.3273315429688,1026.4443610747164,984.210302011221,0.04201025649892056,52.689222158291784,-2.533090138251964,-6.057647858451118,3.5245577201991543,19.036894310293615,22.32953069133508,20.260623792253664,-0.22819404076445465
2025-02-28,1013.152096799687,1033.8184951280357,1008.3099968849968,1013.90087890625,15026849,0.0,0.0,AXISBANK.NS,-0.001131110233610233,-0.0011317504215848325,0.29955930732111247,1006.7974395751953,1020.320439453125,1087.4257983398438,1144.924125366211,1007.3011978133044,1029.698463148354,1006.7974395751953,1025.796678772177,987.7982003782134,0.0377419299059765,52.066067690922914,-1.773696840165826,-5.20085765479406,3.427160814628234,19.45407548424037,17.884835357741693,20.181877469827178,-0.22906703838330736
2025-03-03,1015.3983923638058,1017.7446127420518,990.3890834419211,1005.6143188476562,6763184,0.0,0.0,AXISBANK.NS,-0.008172948885824982,-0.008206530531786655,0.2889380755282789,1007.2516998291015,1019.0305383300781,1085.7994427490235,1144.3254483032226,1007.1405426737189,1028.7539869012678,1007.2516998291015,1025.6418968175071,988.861502840696,0.036515593851121464,47.68275653158783,-1.8195536416083087,-4.524596852156909,2.7050432105486006,19.94256919075448,18.043873608523437,20.119475714541046,-0.23536783407299822
2025-03-04,999.4742812867012,1009.4580422063008,996.9783410568012,1000.1731567382812,5786420,0.0,0.0,AXISBANK.NS,-0.005410784241427713,-0.005425475552789633,0.28196390970103424,1007.8706878662109,1017.4860498046875,1083.9779052734375,1143.6434497070313,1006.4769821084392,1027.6331700321311,1007.8706878662109,1024.2237925157424,991.5175832166794,0.03245079918764788,45.00360724166244,-2.268798498852675,-4.073437181496063,1.8046386826433878,19.853428409039566,17.255526150215076,20.08986220832531,-0.2395050937468848
2025-03-05,1001.3713148547035,1015.747956311782,1000.9220333836612,1012.802734375,5133873,0.0,0.0,AXISBANK.NS,0.012627391118859688,0.01254833047308472,0.2981517693890918,1007.8282592773437,1016.1991430664062,1082.4004724121094,1143.0143743896485,1007.0794347052545,1027.0515843200867,1007.8282592773437,1024.1225119403298,991.5340066143576,0.03233537562177461,51.776526451681825,-1.5874280370823044,-3.5762353526133115,1.988807315531007,19.065432068343323,17.155893545410134,19.936865833976288,-0.22990202712172625
2025-03-06,1020.9394503749928,1037.812032077071,1013.5015966332338,1032.4207763671875,7861120,0.0,0.0,AXISBANK.NS,0.019370052357030598,0.019184840776978036,0.3232970371295305,1008.8665710449219,1015.3485278320312,1081.100087890625,1142.5018444824218,1009.4928958159148,1027.2621408709535,1008.8665710449219,1028.4932302512404,989.2399118386033,0.038908334897032944,60.01411221972934,0.52947157806409,-2.7550939664778316,3.2845655445419215,19.682282435612326,17.575506133513482,20.11723197989424,-0.21498518906703096
2025-03-07,1032.021307173322,1048.6442933123737,1029.0261789274416,1035.9649658203125,7597321,0.0,0.0,AXISBANK.NS,0.003432892415819122,0.0034270134912848427,0.3278397734921683,1009.7126922607422,1014.5538208007813,1079.9399743652343,1142.0651458740235,1012.0140453401432,1027.6034281238697,1009.7126922607422,1032.4059860648977,987.0193984565866,0.04495000207107498,61.30027314758496,2.4647046622250173,-1.711134240737262,4.17583890296228,19.0618664014543,17.4973646486324,19.987536625200654,-0.2122903176762735
2025-03-10,1034.3177495553393,1048.7942045442894,1030.6736520285292,1034.16796875,5995655,0.0,0.0,AXISBANK.NS,-0.0017346118156510437,-0.0017361179967382216,0.3255364869317774,1010.2992401123047,1013.8729321289062,1078.7683813476563,1141.4236822509765,1014.1239428077486,1027.8608610896003,1010.2992401123047,1034.9032748577704,985.6952053668391,0.04870643027056154,60.242226758595734,3.809474922984691,-0.6070124079928714,4.416487330977563,18.81583723398065,17.524162684434305,19.87640426347042,-0.213656688198535
2025-03-11,1028.7267836644776,1035.1164152394542,1019.4418369523306,1023.9844970703125,4771085,0.0,0.0,AXISBANK.NS,-0.009847019040820082,-0.009895821570054333,0.3124839039056584,1010.9931121826172,1013.0932006835938,1077.70810546875,1140.68765625,1015.063043213707,1027.7088468143343,1010.9931121826172,1036.3456710755231,985.6405532897112,0.05015377174661995,54.501296064384775,4.007300321804564,0.31585013796661576,3.6914501838379485,19.165274974934043,14.513953433514551,19.88320391135274,-0.22139982576246556
2025-03-12,1023.535188677738,1028.1278165033088,997.5774694995702,1009.5579833984375,7504702,0.0,0.0,AXISBANK.NS,-0.014088605553258082,-0.014188792061758803,0.2939928358885313,1011.1828033447266,1011.8831689453125,1075.8546215820313,1139.814653930664,1014.5387518027289,1026.997048249005,1011.1828033447266,1036.427171771765,985.9384349176883,0.049930375286321375,47.5832200333912,2.9657914915359243,0.8458384086804775,2.1199530828554467,19.543235146584607,15.190324838892305,19.925898586626033,-0.2323692165009962
2025-03-13,1013.3517635093752,1014.3501396310593,1003.4678155302854,1008.5595703125,4004140,0.0,0.0,AXISBANK.NS,-0.0009889606167805542,-0.0009894499609860267,0.29271312793544135,1011.3475341796875,1010.3576513671875,1074.0565454101563,1138.9546160888672,1013.9693059465167,1026.274009898554,1011.3475341796875,1036.4720193358387,986.2230490235362,0.04968516619072975,47.13727988477214,2.0363508627716556,1.0839408994987132,0.9524099632729424,19.382781827823788,15.200483187780275,19.494564574919544,-0.23312837311410517
2025-03-17,1009.4580844924919,1037.312802999425,1009.4580844924919,1032.470703125,5938668,0.0,0.0,AXISBANK.NS,0.02370820080076297,0.02343152585295123,0.32336103035031716,1012.6429290771484,1009.3442993164062,1072.6428442382812,1138.3321002197265,1015.7313437730389,1026.5170174760617,1012.6429290771484,1039.3503989924402,985.9354591618568,0.05274804997578173,57.42753446365049,3.1923911544772636,1.5056309504944232,1.6867602039828404,19.921191858648424,16.577398355566302,19.303706921861174,-0.21494722659548657
2025-03-18,1032.470703125,1032.470703125,1032.470703125,1032.470703125,0,0.0,0.0,AXISBANK.NS,0.0,0.0,0.32336103035031716,1014.4724548339843,1008.7602490234375,1071.3823950195313,1137.668682861328,1017.3255684732258,1026.7504953446476,1014.4724548339843,1041.357513701783,987.5873959661856,0.05300303372396332,57.42753446365049,4.0617402017740005,2.0168528007503386,2.044887401023662,18.89072420486469,16.275250521311538,19.29764924094655,-0.21494722659548657
2025-03-19,1046.0984546003142,1056.830996939409,1041.8053889158466,1050.341552734375,4822365,0.0,0.0,AXISBANK.NS,0.017308820052021723,0.017160728839964817,0.34626684828850895,1017.4226531982422,1008.4517504882813,1070.2312658691405,1137.123550415039,1020.4699479266685,1027.6756348501272,1017.4226531982422,1046.4802256292196,988.3650807672648,0.057119963546389846,63.57372221774223,6.122161330725476,2.837914506745366,3.2842468239801095,19.446953769226678,16.633901902779755,19.530839160487975,-0.20135888940928723
2025-03-20,1054.5347563485304,1057.1804773897622,1045.1999641815423,1052.6378173828125,3742644,0.0,0.0,AXISBANK.NS,0.002186207565014975,0.002183821290550949,0.34921006705676616,1020.4277618408203,1008.040419921875,1068.88345703125,1136.2818878173828,1023.5335545415394,1028.654543969056,1020.4277618408203,1051.038245005884,989.8172786757566,0.059995394695736816,64.28717083372976,7.84986097544072,3.8403038004844374,4.009557174956282,18.99055585500881,14.98832473608645,19.535569585205202,-0.19961289417158185
2025-03-21,1052.637839967216,1073.8034868790976,1048.8440838264673,1068.4122314453125,6848565,0.0,0.0,AXISBANK.NS,0.014985604546984721,0.014874429680844715,0.36942879557248953,1023.36298828125,1008.2081469726562,1067.870604248047,1135.981239013672,1027.8077142466607,1030.213668968125,1023.36298828125,1060.2583924932615,986.4675840692383,0.07210619229835118,68.80699099701816,10.372372520013187,5.146717544390187,5.225654975623,18.951334769979628,15.464750593162508,19.652455428481748,-0.1876186095191315
2025-03-24,1080.2429024147984,1103.1555843595158,1071.9563323258167,1096.067138671875,8284863,0.0,0.0,AXISBANK.NS,0.025884117022089814,0.02555479399742382,0.40487525077050734,1027.388934326172,1009.3492895507812,1066.9820495605468,1135.553251953125,1034.3086118109668,1032.7961579761152,1027.388934326172,1076.307114267456,978.470754384888,0.09522816200734671,74.82295588252944,14.436585018648884,7.004691039241926,7.431893979406958,19.479036456699102,16.90310872242066,20.081868807673114,-0.16659083454135673
2025-03-25,1108.1476316970598,1121.6756781665542,1094.569739540046,1116.7337646484375,11720528,0.0,0.0,AXISBANK.NS,0.018855255528967607,0.018679698546609405,0.43136453261010765,1032.860043334961,1010.732041015625,1066.464393310547,1135.296185913086,1042.1586263669165,1036.0878288260103,1032.860043334961,1095.0100022443776,970.7100844255442,0.12034536394445687,78.20572600262575,19.104897338859473,9.424732299165436,9.680165039694037,20.523767705056873,17.55672298082912,20.158466738951926,-0.1508766917664504
2025-03-26,1113.1894013460305,1117.0331251287269,1087.281589139772,1094.4698486328125,7127060,0.0,0.0,AXISBANK.NS,-0.019936637290298043,-0.020138053581390803,0.40282793709326303,1037.1630462646485,1011.6225927734375,1065.8324206542968,1134.8487390136718,1047.140647535097,1038.3773197988262,1037.1630462646485,1103.930622941148,970.3954695881491,0.1287503964144565,67.65916146231909,20.7686484792157,11.69351553517549,9.07513294404021,21.536391734732167,18.277646550235545,20.427302939961216,-0.16780535517744066
2025-03-27,1090.226742151285,1106.2007603513039,1086.333050840613,1096.56640625,8508917,0.0,0.0,AXISBANK.NS,0.0019155919368691876,0.0019137595303571403,0.40551518297837363,1041.6183013916016,1013.0512670898438,1065.1215759277343,1134.3459344482421,1051.8478626508022,1040.659244757696,1041.6183013916016,1111.8429766985585,971.3936260846446,0.1348376371903927,68.09549084588483,22.002724214151158,13.755357270970624,8.247366943180534,21.16913543534787,18.157981282439128,20.323234528095497,-0.16621120982591284
2025-03-28,1096.6163196755733,1105.2023296598516,1084.7356198513357,1100.21044921875,4921190,0.0,0.0,AXISBANK.NS,0.0033231393447585855,0.003317629919557214,0.41018590578258474,1045.8763732910156,1014.3291870117188,1064.7496801757814,1133.8882843017577,1056.453823276321,1042.9945861091098,1045.8763732910156,1119.5601041749928,972.1926424070384,0.14090332809052694,68.88135103515128,23.009542257956355,15.606194268367771,7.403347989588584,21.229749394175276,18.128738770769978,20.296847333252295,-0.1634404134920666
2025-04-01,1091.4247928076945,1099.46176981717,1068.2625141469891,1083.837158203125,6638140,0.0,0.0,AXISBANK.NS,-0.014881962834702667,-0.014993810304069485,0.3891995715427068,1049.3731872558594,1016.2171166992188,1063.890079345703,1133.3821875,1059.0617599360166,1044.5962556029926,1049.3731872558594,1123.3051228489442,975.4412516627747,0.14090685085335342,61.54585924573847,22.23001133082562,16.930957680859343,5.299053649966275,22.21741957674675,18.858384965295965,20.42688151222635,-0.17589006216749192
2025-04-02,1089.9271919160412,1093.8208832672776,1078.995021845347,1082.68896484375,4065344,0.0,0.0,AXISBANK.NS,-0.001059378109234177,-0.0010599396468454723,0.3877278839272569,1053.2269195556642,1018.1419848632812,1063.0709118652344,1132.9364416503906,1061.3119699272293,1046.0900873379244,1053.2269195556642,1125.572945011857,980.8808940994713,0.1373797500100248,61.05482553752452,21.274340492230976,17.79963424313367,3.4747062490973057,22.156796943518675,18.478981695349827,20.419443510751574,-0.17676310619523403
2025-04-03,1077.148030327788,1090.1767656925256,1073.5539006365532,1088.0802001953125,5345660,0.0,0.0,AXISBANK.NS,0.004979486746999884,0.0049671301057127165,0.39463805653371486,1057.6222717285157,1020.5310986328125,1062.3715478515626,1132.4857281494142,1063.8613251908562,1047.736758430371,1057.6222717285157,1127.0180355223395,988.2265079346919,0.13122977011519893,62.56507061565275,20.713222963060844,18.382351987119105,2.330870975941739,21.16197680439251,18.35270588744593,20.334570988953384,-0.17266380899289183
2025-04-04,1079.7438189672625,1100.110717042034,1073.7035944396453,1089.5279541015625,6059991,0.0,0.0,AXISBANK.NS,0.0013305580838527398,0.0013296736758626965,0.39649370347388446,1061.4585327148438,1023.1668127441407,1061.6761804199218,1131.9881329345703,1066.305766039495,1049.3756288488491,1061.4585327148438,1128.8767261464486,994.040339283239,0.12702934943520103,62.980233563875004,20.153043182436704,18.736490226182624,1.4165529562540797,22.27089098307928,18.351604891368755,20.279312830949653,-0.17156299013588336
2025-04-07,1033.3192474005818,1067.2640342717123,1030.6735264023866,1046.2481689453125,9720457,0.0,0.0,AXISBANK.NS,-0.039723427924287624,-0.040533940099713194,0.3410201864972182,1062.14990234375,1025.1016638183594,1060.4476782226564,1131.1008056640626,1064.3955186971918,1049.252983362436,1062.14990234375,1128.5907978976677,995.7090067898324,0.12510643819164985,46.41001288377572,16.031973106150872,18.195586802176273,-2.1636136960254007,24.420976341097198,21.678470520443888,21.30003010898938,-0.20447134798703298
2025-04-08,1059.2771173398287,1083.1881778843842,1058.5783027690252,1076.0997314453125,8723357,0.0,0.0,AXISBANK.NS,0.02853200931294575,0.028132551953221854,0.37928218694720517,1064.156640625,1027.6844641113282,1059.6459814453126,1130.2986401367189,1065.5102056255844,1050.305797012745,1064.156640625,1129.6856968080865,998.6275844419133,0.1231567866636628,55.17094414586445,15.001835176227132,17.556836476986447,-2.555001300759315,27.05954840817375,23.048746683335448,21.729187905268965,-0.1817733170790839
2025-04-09,1071.357383142649,1080.0931741367542,1056.2819282015244,1059.926025390625,6690201,0.0,0.0,AXISBANK.NS,-0.015029932247046074,-0.015144026339841946,0.3585516691278312,1065.4445434570312,1029.95177734375,1058.8722387695314,1129.4258312988281,1064.9783789365406,1050.683060870701,1065.4445434570312,1129.4875808131042,1001.4015061009583,0.12021843417260086,50.36657670238187,12.733575800257995,16.59218434164076,-3.8586085413827647,27.020330702518095,23.397998158008633,21.855284710507036,-0.1940712086861105
2025-04-11,1061.5733837128932,1070.958021801289,1055.8327209873753,1067.214111328125,8144072,0.0,0.0,AXISBANK.NS,0.006876032631441431,0.006852500529150844,0.3678931147362534,1067.606024169922,1031.6520104980468,1058.1559033203125,1128.6361010742187,1065.1913058309772,1051.3313373592273,1067.606024169922,1128.6028859651713,1006.6091623746726,0.1142684855917242,52.378971529524065,11.392723306404605,15.55229213459353,-4.159568828188926,27.244958388639084,23.44271115072894,21.8905710298156,-0.18852961601841803
2025-04-15,1088.2300167462733,1115.186173124392,1081.2413836112057,1110.9930419921875,9320299,0.0,0.0,AXISBANK.NS,0.04102169395940658,0.04020262895402652,0.42400640745814333,1072.6777770996093,1034.2358081054688,1058.0221228027344,1127.849034423828,1069.5533759415687,1053.671012050716,1072.6777770996093,1130.1166896014695,1015.2388645977492,0.10709443922138112,62.27398234946153,13.704702592895728,15.18277422625397,-1.4780716333582422,28.88871972747029,26.00095755444272,22.702592805360982,-0.15524172626960334
2025-04-16,1120.8768885930303,1161.6106854878976,1110.7933135489463,1159.414306640625,12836428,0.0,0.0,AXISBANK.NS,0.04358376949113052,0.04266072173627892,0.4860699744746919,1080.2205139160155,1037.7620751953125,1058.2951806640624,1127.2344909667968,1078.1115598176693,1057.8178079169868,1080.2205139160155,1141.6860536345423,1018.7549741974888,0.11380183754463594,69.75867512489926,19.2225684150319,15.990733064009557,3.231835351022344,30.036863943523713,28.480610789941153,23.863492719072163,-0.11842397639161231
2025-04-17,1153.7234204439198,1197.2525949221158,1151.7266682029742,1188.8663330078125,13446336,0.0,0.0,AXISBANK.NS,0.0254025038318908,0.0250852221744008,0.523819872695743,1088.0402954101562,1041.8494274902343,1058.8108410644531,1126.7495001220702,1088.6596334548258,1062.9569657636857,1088.0402954101562,1162.3744621587043,1013.7061286616082,0.13663862829735818,73.23672643206746,25.676071451238386,17.927800741455325,7.7482707097830605,31.352577378711803,29.049418676213097,24.216921766607662,-0.0960297380737972
2025-04-21,1200.0481388219926,1236.688494977289,1196.1544474414134,1221.0140380859375,15166580,0.0,0.0,AXISBANK.NS,0.027040638788039306,0.026681500551108833,0.5650249354513446,1097.467462158203,1046.3391259765624,1059.6155322265624,1126.5434643554688,1101.264814848265,1069.1552823253426,1097.467462158203,1188.1526397795376,1006.7822845368685,0.16526262645272308,76.42403510812679,33.00411928981225,20.943064451126713,12.06105483868554,32.6433363773205,29.40176958027591,24.495737822356304,-0.07158580474592154
2025-04-22,1228.4019873709017,1232.9944930922131,1210.1316558499327,1214.8240966796875,8461710,0.0,0.0,AXISBANK.NS,-0.0050695087961096785,-0.005082402350276446,0.557091027774943,1105.6915893554688,1050.8797399902344,1060.2235424804687,1126.323187866211,1112.0799845464958,1074.8677848490424,1105.6915893554688,1207.5294995802985,1003.8536791306389,0.18420671949615414,74.5822389854346,37.87556749230089,24.32956505936155,13.54600243293934,32.85727407243404,29.389763103245915,24.31492790591672,-0.07629240867519514
2025-04-23,1223.3103308638504,1228.0026499644732,1192.959671888685,1204.940185546875,9433911,0.0,0.0,AXISBANK.NS,-0.00813608419509193,-0.008169362755805347,0.5444224040735439,1113.306707763672,1054.705517578125,1060.843533935547,1126.0958905029297,1120.9238132131986,1079.968663307781,1113.306707763672,1221.0469806064107,1005.5664349209334,0.193550029100533,71.61440925411152,40.47213864328796,27.558079776146833,12.91405886714113,33.898436091524914,29.63888192879348,24.313731467778695,-0.08380777140985936
2025-04-24,1197.1528829388074,1218.0189699959437,1197.1528829388074,1205.139892578125,9078137,0.0,0.0,AXISBANK.NS,0.0001657402032444466,0.0001657264698543898,0.5446783769566903,1120.1430908203124,1058.575224609375,1061.4171020507813,1125.7369104003906,1128.9443922003345,1084.8773389654416,1120.1430908203124,1233.113452584529,1007.1727290560957,0.20170701884432518,71.6389662268709,42.06119935218612,30.458703691354692,11.60249566083143,33.10687551905174,29.406375348687412,24.291498636247283,-0.0836559215236818
2025-04-25,1175.088703760494,1177.9840189088325,1144.1390437634036,1164.4061279296875,17243807,0.0,0.0,AXISBANK.NS,-0.0338000301038055,-0.03438445801874027,0.4924682013148567,1123.560040283203,1061.4824963378906,1061.7545532226563,1125.1697717285156,1132.3217003650348,1087.9961150032552,1123.560040283203,1237.5932687148259,1009.5268118515803,0.20298555367433627,60.19928103149672,39.577442905981115,32.28245153427998,7.294991371701137,36.40508890425109,31.51965306799645,24.96574730578908,-0.11462837896162523
2025-04-28,1164.4061903446627,1194.0579142147026,1162.4094379797552,1190.8631591796875,5523502,0.0,0.0,AXISBANK.NS,0.022721480603198563,0.022467192425815578,0.526379288601923,1127.2665100097656,1064.8510192871095,1062.3186352539062,1124.7042419433594,1137.8970773950016,1092.0301167356643,1127.2665100097656,1245.1204294484485,1009.4125905710828,0.20909681675482733,64.19818563158455,39.29098729535349,33.68415868649468,5.606828608858805,37.47834684560644,31.921121478808523,25.244124530833307,-0.09451142484757928
2025-04-29,1192.061141874012,1208.03516052559,1182.4767550574834,1185.3720703125,6074520,0.0,0.0,AXISBANK.NS,-0.004611015820633835,-0.004621679346500632,0.5193411295538917,1131.81162109375,1068.3563195800782,1062.8198205566407,1124.207266845703,1142.4185052919063,1095.6905855033833,1131.81162109375,1251.3394813112595,1012.2837608762408,0.21121511387557781,62.78815072619262,38.18076014325857,34.58347897784746,3.597281165411104,37.417724193157724,31.74639415062114,25.256835650717218,-0.09868664699301026
2025-04-30,1183.1754968297632,1191.9612552964234,1173.0919225507648,1183.07568359375,6288257,0.0,0.0,AXISBANK.NS,-0.0019372708167019193,-0.00193914975287485,0.5163977543229921,1136.1370849609375,1071.902550048828,1063.0644226074219,1123.6910778808594,1146.2906175111295,1099.1174520951624,1136.1370849609375,1256.5525112153343,1015.7216587065408,0.21197341033637132,62.17314216175305,36.69262813321825,35.00530880892162,1.687319324296631,34.5616459821922,31.300946272490144,25.161510477652694,-0.10043273504849451
2025-05-02,1180.1803338380926,1208.5342387414275,1178.1835816881687,1181.478271484375,5249372,0.0,0.0,AXISBANK.NS,-0.001350219712506151,-0.001351132080499478,0.5143502841831051,1140.2004760742188,1075.42681640625,1063.303533935547,1123.1556787109375,1149.6418226514386,1102.3472881496414,1140.2004760742188,1260.9954592158997,1019.405492932538,0.21188376198120087,61.72025727453967,34.98113424616281,35.00047389636986,-0.019339650207051307,34.09097799034843,31.30761673826384,25.068898231415197,-0.1016473485023573
2025-05-05,1188.0676909669005,1188.0676909669005,1162.4094710956974,1171.294921875,7236056,0.0,0.0,AXISBANK.NS,-0.008619159450626968,-0.008656519233633864,0.5012978576196288,1144.5733642578125,1078.7214587402343,1063.3714233398437,1122.5439239501952,1151.7040225774922,1105.051116923185,1144.5733642578125,1263.0877477595993,1026.0589807560257,0.20708918659597905,58.780724469376736,32.42922785018709,34.48622468713331,-2.056996836946219,34.222904700060795,31.072806380047137,25.02819963814069,-0.10939039324850902
2025-05-06,1176.0870571311964,1176.8858067677252,1155.819973357097,1159.5140380859375,5348267,0.0,0.0,AXISBANK.NS,-0.010057999543107154,-0.010108922966770779,0.4861978044536228,1148.414617919922,1081.9941357421876,1063.1402990722656,1121.7656896972655,1152.4478335782965,1107.1869177530968,1148.414617919922,1263.4114791672546,1033.4177566725893,0.20027063301514203,55.48824214885486,29.120521535691978,33.413084056845044,-4.292562521153066,34.64722845696896,31.332185056663587,24.42343182221727,-0.11834814426630237
2025-05-07,1157.1179926776738,1166.702379631733,1151.0279223537887,1159.414306640625,4263817,0.0,0.0,AXISBANK.NS,-8.601141688391323e-05,-8.601511607794722e-05,0.4860699744746919,1151.9813232421875,1085.3556701660157,1063.1208325195312,1121.036127319336,1153.1113072032801,1109.235050650647,1151.9813232421875,1263.4704252936758,1040.4922211906992,0.19356060693364094,55.45992127234932,26.18841668356208,31.96815058218845,-5.779733898626368,32.340256705660195,31.097911542498213,24.404299919729997,-0.11842397639161231
2025-05-08,1168.1001299431346,1177.0855155580816,1163.7072503791862,1170.2965087890625,9912347,0.0,0.0,AXISBANK.NS,0.009385947789421811,0.009342173477232834,0.5000181496665388,1156.0197509765626,1088.910887451172,1063.3060314941406,1120.378197631836,1154.7479930685927,1111.6296176364674,1156.0197509765626,1263.772381078018,1048.2671208751071,0.18642005036753054,57.98009319077983,24.460835940217976,30.46668765379436,-6.005851713576384,29.972673632696292,31.141789981160787,24.4443441797753,-0.11014954986161797
2025-05-09,1158.1162846211869,1170.2964243830247,1146.6349593857183,1149.230712890625,5379571,0.0,0.0,AXISBANK.NS,-0.018000391986330744,-0.01816436979916707,0.4730172349859305,1161.168878173828,1091.70134765625,1063.3444689941407,1119.5879821777344,1154.2225378135481,1113.1041703915325,1161.168878173828,1255.888975240009,1066.4487811076472,0.16314611741084087,51.86252761816752,21.148099947805804,28.60297011259665,-7.454870164790847,28.410932395853624,31.569712522240046,24.646328906141946,-0.12616720677332172
2025-05-12,1183.0756178401653,1207.0366430116117,1173.291483812994,1201.04638671875,7616208,0.0,0.0,AXISBANK.NS,0.04508726859360945,0.04410039254585118,0.5394315587027572,1167.4162109375,1095.4113110351564,1063.9170361328124,1119.1419573974608,1158.6819519949959,1116.5528847573057,1167.4162109375,1254.7020479432329,1080.130373931767,0.14953679105695736,62.37763624833764,22.44509159875429,27.37139440982818,-4.926302811073892,29.124058692390058,33.24530845029993,25.7332757009727,-0.08676847291920639
2025-05-13,1203.2428820800658,1212.8273905767053,1188.0676134138669,1191.6617431640625,5569926,0.0,0.0,AXISBANK.NS,-0.00781372281575754,-0.007844409906013424,0.5274028672092241,1174.002996826172,1099.0983142089844,1064.3707971191407,1118.6981787109376,1161.822884487288,1119.4983301850218,1174.002996826172,1245.6091906933639,1102.39680295898,0.12198639025756121,59.82857396112087,22.456836094721666,26.38848274680688,-3.931646652085213,29.259554401001342,33.05648011582626,25.741472754586297,-0.09390421093842673
2025-05-14,1193.958090664265,1197.4524072726892,1183.9743289259102,1193.5587158203125,4084921,0.0,0.0,AXISBANK.NS,0.001591871743078066,0.0015906060582820693,0.529834296673831,1180.3202270507813,1102.8012927246093,1064.8160729980468,1118.3599792480468,1164.845344614243,1122.4026590334647,1180.3202270507813,1231.6925222177736,1128.9479318837891,0.08704806371971462,60.182775537631905,22.361444716907272,25.58307514082696,-3.221630423919688,27.719204420357837,32.375660599225284,25.71974118768498,-0.0924618226552976
2025-05-15,1195.05626945808,1215.023792757296,1183.0757554785503,1207.1365966796875,6705748,0.0,0.0,AXISBANK.NS,0.011375963896374408,0.011311744200782098,0.5472376364002278,1185.1274047851562,1106.7947985839844,1065.543389892578,1118.209473876953,1168.8730829061901,1125.725558549003,1185.1274047851562,1226.131808431774,1144.1230011385383,0.06919830472412596,62.71675205599519,23.115012398661747,25.089462592393918,-1.9744501937321708,28.51077229332993,32.46176076248317,25.75898542924573,-0.08213770111524274
2025-05-16,1204.0416561895038,1211.3298509501008,1201.2461541758826,1206.837158203125,4016269,0.0,0.0,AXISBANK.NS,-0.00024805682918249694,-0.0002480876003665224,0.5468538335381505,1187.4985473632812,1110.6305615234376,1066.4074853515624,1118.373706665039,1172.4887091249457,1128.9064055942627,1187.4985473632812,1227.7194347026334,1147.277660023929,0.0677405246998551,62.622102290934656,23.418108653773515,24.755191804669842,-1.3370831508963263,24.873832861865417,32.479068810477116,25.675594159358884,-0.08236538312673024
2025-05-19,1206.038431240256,1217.0205692730729,1199.1496111907068,1200.846923828125,4550022,0.0,0.0,AXISBANK.NS,-0.004963581320216348,-0.004975940805144952,0.5391758987448956,1188.0975769042968,1114.369482421875,1067.3449609375,1118.500750732422,1175.1894914776294,1131.7276023877475,1188.0975769042968,1228.7586938177644,1147.4364599908292,0.06844743681645084,60.65018363841497,22.910850742208368,24.386323592177547,-1.4754728499691794,23.889724422395325,32.12212906559736,25.692677509331784,-0.08692013716982627
2025-05-20,1206.0384169283893,1208.7339838465284,1190.9629610912027,1193.8582763671875,4724482,0.0,0.0,AXISBANK.NS,-0.005819765469073035,-0.0058367662967731175,0.5302182559985507,1186.7397888183593,1118.1343615722656,1068.5824499511718,1118.6292919921875,1176.9674709909207,1134.164099406549,1186.7397888183593,1224.481629366856,1148.9979482698627,0.0636059242373196,58.34196774937715,21.69483519361711,23.84802591246546,-2.15319071884835,23.333482800053826,32.21188880070473,25.473113642114566,-0.09223404782603127
2025-05-21,1195.1560440526246,1202.9434266363357,1180.7794033676655,1195.85498046875,3712472,0.0,0.0,AXISBANK.NS,0.001672480009635935,0.0016710829724056074,0.5327775154420882,1185.7913330078125,1122.047998046875,1069.7670239257814,1118.76806640625,1178.7662814173805,1136.5833496442824,1185.7913330078125,1221.4578823081713,1150.1247837074536,0.06015653565267516,58.82412906141321,20.654163108735702,23.20925335171951,-2.555090242983809,23.568817837411807,32.212601231631446,25.469850731700944,-0.0907158274175922
2025-05-22,1194.7567041377135,1194.7567041377135,1175.587930579019,1186.570068359375,4795583,0.0,0.0,AXISBANK.NS,-0.007764245883506327,-0.007794544573457089,0.5208766539274858,1184.8728271484374,1125.5233447265625,1070.8612438964844,1118.8798852539062,1179.5094992213799,1138.5436131233055,1184.8728271484374,1219.3906877430454,1150.3549665538294,0.05826424541725728,55.601369767146664,18.862769904063953,22.3399566621884,-3.4771867581244464,22.848560182874103,32.36962901880982,25.497993209641244,-0.09777573331150259
2025-05-23,1186.5701083178596,1211.1301383520395,1186.1707334652522,1208.135009765625,3676469,0.0,0.0,AXISBANK.NS,0.018174182866475874,0.018011006504135414,0.548517344353318,1185.0225830078125,1129.0376293945312,1072.1930786132812,1119.068578491211,1182.2357383208318,1141.2726875014355,1185.0225830078125,1219.9344102535515,1150.1107557620735,0.05892179228707381,60.95223175472591,18.96457659487305,21.66488064872533,-2.7003040538522782,22.798644826844402,29.983354640258742,25.549840420086706,-0.08137854450213379
2025-05-26,1214.2249385790394,1222.2119472113557,1206.737117986243,1213.2265625,3607612,0.0,0.0,AXISBANK.NS,0.00421439052193584,0.004205534850320619,0.5550434011724139,1187.463604736328,1132.582861328125,1073.568341064453,1119.3398864746093,1185.1872453855146,1144.0944080896145,1187.463604736328,1223.124947466896,1151.8022620057602,0.060063049660349525,62.113221811773734,19.234382891612313,21.178781097302725,-1.9443982056904119,22.39928738502187,29.13979636068138,25.294911890290745,-0.07750711494683676
2025-05-27,1213.2265945574386,1214.7241587155684,1188.4669402662748,1193.658447265625,7249163,0.0,0.0,AXISBANK.NS,-0.01612898681846575,-0.016260474687271154,0.5299621266527619,1187.603369140625,1135.7726708984376,1074.822801513672,1119.6498822021485,1185.9940265169537,1146.0380959004385,1187.603369140625,1223.342636671109,1151.8641016101412,0.060187211419491925,55.30714343757388,17.66558509524316,20.476141896890812,-2.810556801647653,23.155198897261098,29.20438233634835,25.4486077365084,-0.09238599052998767
2025-05-28,1193.6584505670924,1200.2477085066719,1189.7647593707686,1192.7598876953125,3525421,0.0,0.0,AXISBANK.NS,-0.0007527777919813516,-0.0007530612714570324,0.5288104051412452,1187.9727600097656,1139.1481787109376,1076.1206896972656,1119.9923248291016,1186.638394248226,1147.8703230296494,1187.9727600097656,1223.767597638246,1152.1779223812853,0.06026205117394453,55.00906557922698,16.163472837832387,19.61360808507913,-3.4501352472467417,22.641751770007286,29.225745620766848,25.451330638684215,-0.09306922220000784
2025-05-29,1198.051344500375,1207.036729584128,1187.0692071757885,1199.74853515625,7788068,0.0,0.0,AXISBANK.NS,0.005859224084439285,0.005842125587776161,0.5377680478875901,1188.8064025878907,1142.9519897460937,1077.4175793457032,1120.3162976074218,1187.8869790966091,1149.9047627208886,1188.8064025878907,1224.8964149924009,1152.7163901833806,0.06071638296352792,56.952317935946404,15.359904082182311,18.762867284499766,-3.402963202317455,22.37789269893551,27.03709347058485,25.1013898458793,-0.08775531154380284
2025-05-30,1199.4491721040765,1206.8371802417707,1187.6682843813674,1190.2640380859375,9998488,0.0,0.0,AXISBANK.NS,-0.007905404167946939,-0.007936817541949838,0.525611369952484,1189.2456909179687,1146.5860791015625,1078.471865234375,1120.5861083984375,1188.1133656670213,1151.4874794018708,1189.2456909179687,1225.1736493581734,1153.317732477764,0.0604214229483098,53.570606032169664,13.798687722919567,17.770031372183727,-3.97134364926416,19.61810453746528,24.246394437152613,25.10704828772237,-0.09496697450611195
2025-06-02,1187.8679434907856,1198.9498939286364,1177.285059235458,1192.46044921875,3761853,0.0,0.0,AXISBANK.NS,0.0018453142013301616,0.001843613700729905,0.5284266022791682,1190.3039672851562,1149.7858740234376,1079.5650866699218,1120.8439392089845,1188.5273736243287,1153.0942625319444,1190.3039672851562,1225.2387697886368,1155.3691647816756,0.058698960036501976,54.24811985565805,12.593474794229678,16.73472005659292,-4.141245262363242,19.397037218203845,23.120253682942018,23.82018276647696,-0.09329690421149534
2025-06-03,1193.0594989197061,1196.953190278046,1172.9921626846794,1179.5814208984375,8155665,0.0,0.0,AXISBANK.NS,-0.010800381957112526,-0.010859129462237688,0.5119190111811414,1191.3073364257812,1152.7280883789062,1080.744168701172,1120.9297991943358,1187.6753781266248,1154.1329746247482,1191.3073364257812,1223.569128367307,1159.0455444842553,0.05416199658153585,49.67109737205,10.478317393844009,15.483439524043138,-5.00512213019913,20.1458193072458,21.87068922027102,23.903721673113356,-0.10308964396770758
2025-06-04,1179.8808990754092,1189.3654718272305,1166.7022617075252,1169.098388671875,4306355,0.0,0.0,AXISBANK.NS,-0.008887078111639024,-0.008926803728565795,0.49848246883030245,1191.7915405273438,1155.1032250976561,1081.7774877929687,1120.9867065429687,1185.9061410356962,1154.7198536069884,1191.7915405273438,1222.279823801558,1161.3032572531297,0.051163785339042936,46.25049020659385,7.86547848494024,13.95984731622256,-6.094368831282319,19.48261736731435,21.959327714490666,23.733202596483725,-0.11106055636090448
2025-06-05,1170.5959975050891,1173.5911258569147,1155.1211676873247,1157.117919921875,10481600,0.0,0.0,AXISBANK.NS,-0.010247613773217257,-0.010300482059896827,0.48312659924379253,1191.1326110839843,1157.1928271484376,1082.6166235351564,1121.0161590576172,1183.1644056915227,1154.8138954232586,1191.1326110839843,1224.0498375676075,1158.2153846003612,0.05527046472796508,42.63676392439637,4.773040482409442,12.122485949459936,-7.349445467050494,20.081636038412334,22.02582479923488,23.71794807606518,-0.12017006444709656
2025-06-06,1157.0181754924818,1199.2494146414624,1149.3306058090322,1192.66015625,14715421,0.0,0.0,AXISBANK.NS,0.03071617483075939,0.030253875991476855,0.5286825751623145,1193.3040832519532,1159.6777856445312,1083.9429663085937,1121.1546838378906,1184.0687628875683,1156.2980625145033,1193.3040832519532,1219.6583160749826,1166.9498504289238,0.04417018795613221,54.095776214567984,5.131074683440374,10.724203696256023,-5.593129012815648,22.37076823484548,23.897463822698338,24.11945246861426,-0.09314505432531778
2025-06-09,1210.5310596341333,1222.5115732140175,1204.2412412558594,1217.9190673828125,9138108,0.0,0.0,AXISBANK.NS,0.021178632488430216,0.020957482241910276,0.5610579816131442,1194.1477172851562,1162.11482421875,1085.7320568847656,1121.487392578125,1187.2926014109248,1158.714572509339,1194.1477172851562,1222.5464250195828,1165.7490095507296,0.04756314034412732,60.18321114324473,7.3680678978805645,10.052976536580932,-2.6849086387003673,23.233653535466324,22.45690091797555,24.29989946135563,-0.07393910671055834
2025-06-10,1222.4117121508891,1233.893037215761,1216.4214555953035,1230.798095703125,7747558,0.0,0.0,AXISBANK.NS,0.010574617530201058,0.010519097322573636,0.5775655727111708,1196.1045349121093,1164.3961108398437,1087.5640759277344,1121.8108666992186,1191.4359818197056,1161.541377340468,1196.1045349121093,1228.843691641844,1163.3653781823746,0.05474296898663704,62.88577077895366,10.06411819801815,10.055204868868376,0.00891332914977383,22.898479132022562,21.72799942248847,24.326798211708372,-0.06414636695434608
2025-06-11,1230.59839323194,1239.7835267494627,1226.1057006477856,1229.400390625,4135775,0.0,0.0,AXISBANK.NS,-0.0011356087428185946,-0.001136254035006204,0.5757740754544305,1197.8966186523437,1167.0947216796876,1089.3586572265624,1122.0954040527345,1195.051639801162,1164.202515116332,1197.8966186523437,1233.8181716348095,1161.975065669878,0.05997437912944137,62.39083711434667,11.950219672543199,10.434207829603341,1.5160118429398572,22.42782029001871,21.670650193983825,23.619521134110038,-0.06520913052203132
2025-06-12,1229.0010033134809,1235.0910732690493,1208.8338544449855,1210.930419921875,3461744,0.0,0.0,AXISBANK.NS,-0.015023560138723635,-0.015137557018672226,0.5521003388667993,1198.0863098144532,1169.382001953125,1091.2166345214844,1122.309805908203,1196.5639045745634,1166.0349819714515,1198.0863098144532,1234.2525443667641,1161.9200752621423,0.06037333747334441,56.106712664093514,11.818361687120841,10.711038601106841,1.1073230860140004,22.520521285538457,22.167017628576684,23.798274436140172,-0.07925301736676332
2025-06-13,1196.0546580988657,1209.7323629526622,1193.6585309035481,1203.842041015625,3906868,0.0,0.0,AXISBANK.NS,-0.005853663257305297,-0.005870863098299874,0.5430148661415237,1197.9365539550781,1171.4546337890624,1092.8919104003905,1122.5087335205078,1197.257060426093,1167.5176117378896,1197.9365539550781,1233.9747969049192,1161.898311005237,0.06016719805545314,53.86442467153967,11.014917236651627,10.771814328215799,0.24310290843582827,22.648882699339474,22.24448752055521,23.838107427397293,-0.08464276014827826
2025-06-16,1204.141444699681,1216.0221452054159,1194.0578700046613,1213.4263916015625,5697424,0.0,0.0,AXISBANK.NS,0.007961468580920839,0.00792994330439363,0.5552995305182031,1198.56552734375,1174.0464184570312,1095.131767578125,1122.7338671875,1198.7969967285187,1169.317956046269,1198.56552734375,1235.250928722082,1161.880125965418,0.061215512279305856,56.40158393253715,11.024475423490912,10.822346547270822,0.20212887622009035,22.342243895872407,22.158556572314772,23.85589962338498,-0.07735517224288037
2025-06-17,1213.4263926474275,1225.0075315706626,1209.333074821813,1213.1268310546875,4492946,0.0,0.0,AXISBANK.NS,-0.00024687162645242733,-0.0002469021042685762,0.5549155711934834,1199.528955078125,1176.65517578125,1097.3985803222656,1122.9028424072267,1200.1617428548204,1171.0359511446384,1199.528955078125,1236.7026531847812,1162.3552569714686,0.061980493174898246,56.29737461838077,10.882432416010488,10.834363721018756,0.048068694991732386,22.713065868225726,21.90363233301919,23.802287810361626,-0.0775829470721467
2025-06-18,1207.8355693502274,1221.3136479815041,1201.9451254258431,1219.017333984375,3135662,0.0,0.0,AXISBANK.NS,0.004855636507986816,0.0048438859273850395,0.5624656760078077,1200.6870727539062,1179.2739184570312,1099.9025085449218,1123.1526867675782,1201.9575134385875,1172.9175740010985,1200.6870727539062,1238.8099275893956,1162.564217918417,0.06350173280045465,57.94290882281972,11.117026505213062,10.890896277857617,0.2261302273554442,22.670280164462984,21.917425542807838,23.732036518452485,-0.07310402515436061
2025-06-19,1216.0221372882443,1225.8062721991687,1211.8290062533267,1215.52294921875,4243763,0.0,0.0,AXISBANK.NS,-0.0028665587175890073,-0.0028706751656050705,0.557986776403314,1202.134716796875,1181.793818359375,1102.4803155517577,1123.362844848633,1203.249459703365,1174.588373029242,1202.134716796875,1240.1992665173007,1164.0701670764493,0.06332825961777373,56.58184184456963,10.895381192028708,10.891793260691836,0.0035879313368720744,22.299449456280026,21.83466169514137,23.405184429919977,-0.07576102689135251
2025-06-20,1215.5230183598476,1224.0092160239617,1212.2283281649422,1218.7177734375,4652390,0.0,0.0,AXISBANK.NS,0.0026283536816835706,0.0026249056006750118,0.5620817166830878,1202.6638549804688,1185.2432104492189,1105.1724371337891,1123.5897259521485,1204.7226324399492,1176.3189377511344,1202.6638549804688,1241.3684494261654,1163.9592605347723,0.06436477538659398,57.563321973912466,10.85242134083569,10.883918876720607,-0.03149753588491677,21.593453253840103,21.050099757558712,23.39504127652062,-0.07333179998362695
2025-06-23,1210.6308537948642,1220.9141765377137,1203.6422209833972,1212.12841796875,2312469,0.0,0.0,AXISBANK.NS,-0.005406793609125882,-0.005421463218619171,0.5536358632403933,1202.6089477539062,1187.9637841796875,1107.8241241455078,1123.716019897461,1205.4279453474542,1177.7232310930017,1202.6089477539062,1241.253518733876,1163.9643767739365,0.0642678919895709,54.81124586065041,10.169442430390063,10.741023587454498,-0.5715811570644345,21.115662393907964,16.71938691654801,23.412864771784182,-0.07834210368525565
2025-06-24,1220.9142315421007,1236.3890620360896,1213.6260368186765,1219.2169189453125,6745788,0.0,0.0,AXISBANK.NS,0.0058479785404597084,0.005830945487645267,0.5627214924283117,1203.8868713378906,1191.1496020507811,1110.5506896972656,1123.8637799072267,1206.7411809282028,1179.3504345381903,1203.8868713378906,1242.9730516630375,1164.8006910127438,0.0649333110206776,57.18277910779522,10.08391837697036,10.60960254535767,-0.5256841683873112,21.229764818738982,16.607533867773196,23.420591762901104,-0.07295226808596189
2025-06-25,1224.3086005822797,1224.3086005822797,1209.0333982470088,1211.3297119140625,4229259,0.0,0.0,AXISBANK.NS,-0.006469076100151905,-0.006490091254396341,0.5526121281704499,1204.815362548828,1194.0319140625,1112.8419622802735,1124.0414910888671,1207.178183879237,1180.6045238470479,1204.815362548828,1243.6701780906055,1165.9605470070505,0.0644992033627108,53.79955289766944,9.272816994994855,10.342245435285108,-1.0694284402902525,21.00156797343048,16.738573447804157,23.34369048651294,-0.07894941041218705
2025-06-26,1213.2266164347136,1236.9880169210137,1209.233111941022,1231.4969482421875,8678448,0.0,0.0,AXISBANK.NS,0.016648841458910546,0.01651176880627035,0.5784613213395415,1206.402783203125,1196.4419921875,1115.3389001464843,1124.3058111572266,1209.4942566757084,1182.600305195877,1206.402783203125,1246.9435890784366,1165.8619773278133,0.06720940375762663,60.272023079054236,10.140447961274958,10.301885940483078,-0.1614379792081202,19.4184319839706,17.100866843760386,23.44337760407979,-0.06361498517050347
2025-06-27,1234.8914830095598,1244.975057739528,1218.4182765518997,1223.110595703125,6068274,0.0,0.0,AXISBANK.NS,-0.006809884954268819,-0.006833178029820839,0.5677121813364561,1208.0451110839845,1197.71591796875,1117.7389965820312,1124.6370220947265,1210.7910508687958,1184.1889440392986,1208.0451110839845,1248.494280113394,1167.5959420545748,0.06696632213198463,56.71387041896923,10.035658368078884,10.248640426002241,-0.212982057923357,19.183100857085655,17.238405777737803,23.48891396737327,-0.0699916593943937
2025-06-30,1226.9044065990563,1233.9928524938196,1191.1624936760497,1197.2525634765625,6559872,0.0,0.0,AXISBANK.NS,-0.021141205314877953,-0.02136788108817156,0.5345688562361868,1208.284716796875,1197.883642578125,1119.8665350341796,1124.7785418701171,1209.5016711171547,1184.70124284076,1208.284716796875,1248.4005798818735,1168.1688537118766,0.0664013415502669,47.41855440967503,7.776442772793871,9.754200895360569,-1.9777581225666978,20.994442085465103,18.289802238234923,23.813586645661143,-0.08965315666768581
2025-07-01,1200.048121898433,1200.048121898433,1165.1049569513073,1171.394775390625,8702198,0.0,0.0,AXISBANK.NS,-0.02159760511253539,-0.021834246853109897,0.5014258440612025,1207.8753845214844,1196.8912573242187,1121.6151916503907,1124.7091552734375,1205.8724429527233,1184.1794205878134,1207.8753845214844,1249.367880382779,1166.3828886601898,0.06870327252795605,40.30461402061321,3.8550520998571756,8.574371136259892,-4.719319036402716,22.51339486014001,19.268813957678997,24.04862289030932,-0.10931446830542024
2025-07-02,1178.0837984150073,1179.9807373800923,1170.0967896121938,1173.3914794921875,5471100,0.0,0.0,AXISBANK.NS,0.0017045526781496179,0.0017031015769848896,0.50398510350474,1208.0900390625,1196.0626049804687,1123.4711724853516,1124.6552435302735,1202.7790178612436,1183.7563640742594,1208.0900390625,1248.7744264166247,1167.4056517083752,0.06735323699166755,41.04018576733722,0.8980864912721245,7.0391142072623385,-6.141027715990214,21.343875498985344,19.26913938808367,24.023665242758653,-0.10779624789698118
2025-07-03,1176.0870617453147,1179.0821900859225,1166.1033006099556,1169.1982421875,6237185,0.0,0.0,AXISBANK.NS,-0.0035736046988360526,-0.0035800052774160444,0.498610455271876,1208.6940551757812,1195.3477661132813,1125.0266418457031,1124.4942553710937,1199.5808487494585,1183.1854573336022,1208.6940551757812,1246.4450684169349,1170.9430419346274,0.06246578789644756,39.927489345093115,-1.7633623202868876,5.278618901752494,-7.041981222039381,21.037232674531065,19.17103779307907,24.04137672971511,-0.1109846314178157
2025-07-04,1173.095303475241,1178.5910651184386,1161.104550799174,1176.6925048828125,3926186,1.0,0.0,AXISBANK.NS,0.006409745092749386,0.006389290037934332,0.5082161662834979,1207.8956726074218,1194.778818359375,1126.677021484375,1124.3003533935546,1197.4010064764445,1182.930831747297,1207.8956726074218,1247.6943112124568,1168.0970340023869,0.0658974769221976,42.906800809161695,-3.230614794442772,3.576772162513441,-6.807386956956213,20.717392611567497,18.469830945355163,23.912997417565247,-0.1052862695216673
2025-07-07,1176.6925315385822,1176.6925315385822,1166.700237415503,1174.1944580078125,5783402,0.0,0.0,AXISBANK.NS,-0.00212293939549546,-0.002125196025692357,0.5050143147671715,1205.7094421386719,1194.9745849609376,1128.228540649414,1124.026071166992,1195.1908590032415,1182.5882288555524,1205.7094421386719,1247.920407575537,1163.4984767018068,0.07001847039033188,42.15628675511871,-4.542629847762328,1.9528917604582876,-6.495521608220615,20.311523852583896,18.411157550548953,23.912424412437314,-0.10718569254779048
2025-07-08,1179.090677793982,1179.090677793982,1161.0046502671364,1164.501953125,9973619,0.0,0.0,AXISBANK.NS,-0.008254599412142682,-0.008288857271396045,0.4925910244892282,1202.3946350097656,1194.4473608398437,1129.6491900634765,1123.698084716797,1192.2681060624566,1181.878963140629,1202.3946350097656,1246.671858100272,1158.1174119192592,0.07364840427809587,39.28498143493569,-6.29198528078382,0.303916352209866,-6.5959016329936855,20.219917064811366,17.98634774542925,23.914114478292635,-0.11455551700523808
2025-07-09,1159.1060390377668,1170.0975618217456,1157.7070935609217,1163.8023681640625,8674795,0.0,0.0,AXISBANK.NS,-0.0006007589416746617,-0.0006009394696338074,0.4916943370850029,1199.1147338867188,1194.015966796875,1131.1861431884765,1123.3249182128907,1189.5570834054668,1181.1700770631167,1199.1147338867188,1244.6689618337352,1153.5605059397024,0.07597976517119501,39.07809143944347,-7.6466667105958095,-1.286200260351269,-6.360466450244541,20.106574373024355,17.986408596879095,23.917057166522103,-0.11508745569575371
2025-07-10,1169.1982893297397,1175.6932803896598,1162.1037850287682,1163.40283203125,4339755,0.0,0.0,AXISBANK.NS,-0.0003433023885686115,-0.0003433613303238929,0.49118223485606727,1196.7383544921875,1193.622509765625,1132.7625299072265,1122.9385223388672,1187.066202322208,1180.4733223559847,1196.7383544921875,1244.597638176975,1148.8790708074,0.07998286927988632,38.951925493286964,-8.652757132461147,-2.7595116347732445,-5.893245497687903,20.235760623158075,17.877650568408317,23.91539512262481,-0.11539124828588766
2025-07-11,1161.1045522095474,1174.9938651381117,1159.7056066670582,1172.8955078125,4468654,0.0,0.0,AXISBANK.NS,0.008159405770636008,0.008126297791735357,0.5033493957882218,1195.1910278320313,1193.4508544921875,1134.4388354492187,1122.5881085205078,1185.7166123689026,1180.176153158201,1195.1910278320313,1244.0734043680704,1146.3086512959921,0.08179843288266206,43.61021536351181,-8.585147205418934,-3.9246387489023826,-4.660508456516552,20.094067974353575,17.94180674250702,23.919951795637896,-0.10817336653239647
2025-07-14,1178.091458637763,1178.9907894899875,1162.1037882915339,1171.7962646484375,4772502,0.0,0.0,AXISBANK.NS,-0.0009372046842541781,-0.0009376441351560227,0.5019404496924185,1193.109521484375,1193.4608813476561,1136.0911700439453,1122.223212890625,1184.3908649669536,1179.8475300793866,1193.109521484375,1242.267045027423,1143.951997941327,0.08240236568037777,43.199141875540214,-8.522028942841871,-4.844116787690281,-3.6779121551515903,19.567379198004573,17.92928579629531,23.91931965089498,-0.1090091906308249
2025-07-15,1173.0953206939591,1178.091467715654,1161.4043854536912,1165.0015869140625,4776756,0.0,0.0,AXISBANK.NS,-0.005798514587698866,-0.005815391244727694,0.4932314260850219,1190.7032592773437,1193.5706323242186,1137.782384033203,1121.8605346679688,1182.5442670571545,1179.265336229766,1190.7032592773437,1240.4431223999213,1140.963396154766,0.0835470344689667,40.64857709998446,-8.917485747919955,-5.658790579736216,-3.2586951681837384,19.66822776419685,17.73767678421328,23.894797688780898,-0.11417561383645768
2025-07-16,1164.002330953665,1173.0952939304498,1156.2082929871394,1167.4996337890625,4388279,0.0,0.0,AXISBANK.NS,0.002144243323837003,0.002141947715097866,0.49643327760134826,1188.127374267578,1193.7323388671875,1139.5440045166015,1121.3678295898437,1181.1114448411456,1178.803936134052,1188.127374267578,1237.0220498124133,1139.2326987227427,0.08230544401853626,42.004307637949275,-8.926418414315322,-6.312316146652037,-2.6141022676632844,18.89194890443389,17.56384088496234,23.864137397131,-0.11227619081033448
2025-07-17,1169.098340588998,1171.9961301019453,1153.9101032453461,1158.90625,5694428,0.0,0.0,AXISBANK.NS,-0.0073605023422346205,-0.0073877245010327015,0.48541877695656566,1185.2965393066406,1193.5045336914063,1141.207710571289,1120.7872302246094,1178.9966643800842,1178.0236347170305,1185.2965393066406,1234.0685291197105,1136.5245494935707,0.08229500077946726,38.727089076140516,-9.51720347327614,-6.953293611976858,-2.5639098612992823,18.28689502364609,17.436746919001774,23.842470575361215,-0.11881028398713249
2025-07-18,1089.1599990494663,1115.0400637891007,1085.1630816217619,1098.452880859375,38053695,0.0,0.0,AXISBANK.NS,-0.0521641583524336,-0.05357395454054999,0.40793315665572516,1179.2832946777344,1192.4889770507812,1142.0951623535157,1119.9240814208983,1171.3258278543024,1174.9032129971224,1179.2832946777344,1239.1085104604554,1119.4580788950134,0.10146029550782294,24.33999580323278,-14.694102086548583,-8.501455306891204,-6.1926467796573785,20.494952849393826,20.98071472378742,25.294179470662613,-0.1647768038717637
2025-07-21,1085.163068778452,1100.6511236274998,1071.0739594077916,1098.7525634765625,15905500,0.0,0.0,AXISBANK.NS,0.00027282246003390576,0.00027278525075408725,0.40831727244308724,1173.614501953125,1190.4431005859376,1142.9272058105469,1119.2668493652343,1164.4140883897558,1171.9169130159241,1173.614501953125,1241.3045236559071,1105.9244802503429,0.11535307648317679,24.48975372961432,-18.558716323079807,-10.512907510128926,-8.045808812950881,20.11166708314972,19.75640023892861,25.29044354467643,-0.16454893622471853
2025-07-22,1101.1507259292464,1109.7440738053162,1094.1561205921278,1097.15380859375,9999957,0.0,0.0,AXISBANK.NS,-0.0014550636202875777,-0.0014561232533708873,0.4062680812141326,1167.5113464355468,1188.5529418945312,1143.8256280517578,1118.6293280029297,1158.0083474568028,1168.9850265679956,1167.5113464355468,1239.7476508801542,1095.2750419909394,0.12374407266387157,24.214392965902405,-21.502588649212385,-12.710843737945618,-8.791744911266766,20.51909604352758,19.322512531822614,25.28970001142249,-0.16576457067414851
2025-07-23,1098.6526441789765,1109.6441667673976,1097.2536987270212,1103.9486083984375,6633979,0.0,0.0,AXISBANK.NS,0.0061931150869325435,0.006174016562039437,0.41497726128417156,1162.1422912597657,1186.7607397460938,1144.7810162353517,1118.2801171875,1152.8598008798156,1166.4345787966404,1162.1422912597657,1236.5940204794704,1087.690562040061,0.12812842244816477,27.923674054726376,-23.02196226903675,-14.773067444163845,-8.248894824872904,20.484200950504764,19.52440154989759,25.241193141193403,-0.1605980546507369
2025-07-24,1103.149269668163,1104.1484990790943,1088.560544663815,1094.256103515625,9901209,0.0,0.0,AXISBANK.NS,-0.008779851533916916,-0.008818621527067727,0.40255397100622825,1155.2802490234376,1184.5031298828126,1145.6489642333984,1117.8689654541015,1147.2784963689403,1163.6040503542476,1155.2802490234376,1228.0976103010166,1082.4628877458586,0.12606008167997645,25.970975016302745,-24.723187434547754,-16.76309144224063,-7.960095992307124,20.348589528791518,19.28677671373458,25.167095628767406,-0.1679678791081845
2025-07-25,1085.262939453125,1100.151480708091,1075.37054479538,1085.262939453125,11779887,0.0,0.0,AXISBANK.NS,-0.00821851852926092,-0.008252476738102445,0.391027055207225,1148.3878662109375,1182.0716455078125,1146.351103515625,1117.5760827636718,1141.3722528531484,1160.5318499267526,1148.3878662109375,1220.261464882329,1076.5142675395462,0.12517303741380623,24.27476742945315,-26.49171382921213,-18.70881591963493,-7.782897909577201,21.404921085193774,19.32613971958607,25.21246654512339,-0.17480595051067413
2025-07-28,1080.06700589857,1091.3582241283038,1066.5774099597274,1072.7725830078125,9029557,0.0,0.0,AXISBANK.NS,-0.01150906014684927,-0.011575801964151481,0.37501764116295044,1142.1638671875,1179.5101586914063,1146.9398205566406,1117.182809448242,1134.8389509631163,1157.0903100475784,1142.1638671875,1217.6869783543746,1066.6407560206255,0.13224566690740266,22.1144666790226,-28.57179326990922,-20.68141138968979,-7.890381880219433,21.883120131031692,19.156601293860646,24.999738371981095,-0.18430315845906894
2025-07-29,1070.0747930042048,1077.8687091686768,1054.5867372441537,1063.3798828125,15599773,0.0,0.0,AXISBANK.NS,-0.008755537141877268,-0.008794092068229491,0.36297862313501184,1136.7631225585938,1176.9005908203126,1147.517476196289,1116.6584594726562,1128.0333254249622,1153.4153913324774,1136.7631225585938,1218.6640587015972,1054.8621864155903,0.1440949913270642,20.62780397665209,-30.625155886948505,-22.67016028914153,-7.954995597806974,22.661084678438783,19.169450088082378,25.04805513227883,-0.1914450224516925
2025-07-30,1069.675009445578,1079.767201393535,1061.181560047832,1072.472900390625,8247433,0.0,0.0,AXISBANK.NS,0.00855105285053459,0.008514699689635842,0.37463352537558814,1131.7171936035156,1174.43294921875,1148.2404736328126,1116.109189453125,1122.741856374073,1150.2411760014245,1131.7171936035156,1216.5008117140476,1046.9335754929837,0.1498318106144015,25.826416969808022,-31.159542222989785,-24.368036675911185,-6.7915055470786,23.01795224878247,19.352039921337365,24.923721584217468,-0.1845310261061141
2025-07-31,1065.1784853249985,1080.466743145018,1063.080128088743,1067.57666015625,7634413,0.0,0.0,AXISBANK.NS,-0.004565374316303661,-0.004575827464784894,0.3683578087845085,1126.6361145019532,1172.0530810546875,1148.788212890625,1115.5943426513672,1117.4880281628518,1146.999430282006,1126.6361145019532,1214.0998823457414,1039.172346658165,0.15526533672756074,24.88141327287606,-31.61370974459078,-25.817171289647106,-5.796538454943672,23.16783486201257,19.348231793423246,24.935265769938137,-0.18825394721527172
2025-08-01,1064.1792707746743,1070.0747484070778,1059.1831239635255,1061.581298828125,5545447,0.0,0.0,AXISBANK.NS,-0.005615860248619042,-0.005631688479021083,0.3606733025602682,1120.8805541992188,1169.1220068359376,1149.0798181152343,1115.0899530029296,1112.1635777500207,1143.6496996367557,1120.8805541992188,1209.61556253092,1032.1455458675175,0.1583308908326908,23.736120766188463,-32.08753124501641,-27.071243280720967,-5.01628796429544,22.7395936652339,19.24103622285598,24.829278964555705,-0.1928125996050789
2025-08-04,1063.5797746594428,1069.1754347826832,1058.183911621366,1067.7764892578125,4465845,0.0,0.0,AXISBANK.NS,0.005835813457270245,0.005818851058850838,0.36861393813029775,1115.5596557617187,1166.2130053710937,1149.3979333496093,1114.668953857422,1107.936235988858,1140.6742796218953,1115.5596557617187,1203.593696142727,1027.5256153807104,0.1578293727750444,27.452237749017954,-31.598885819391853,-27.976771788455146,-3.6221140309367073,22.332768015187785,19.470455897626774,24.462555765702778,-0.1881020045113153
2025-08-05,1067.1769625013424,1079.0678163476823,1061.6812009903335,1069.974853515625,5318081,0.0,0.0,AXISBANK.NS,0.002058824370014589,0.002056707895589535,0.371431673859262,1110.83330078125,1163.7393334960936,1149.7560021972656,1114.262191772461,1104.3208662295026,1137.901753107924,1110.83330078125,1197.9488566574178,1023.7177449050823,0.15684721697647933,28.778445646441412,-30.680574609867335,-28.517532352737582,-2.163042257129753,22.368454759047673,19.331968876526243,24.253177248709832,-0.1864304491322373
2025-08-06,1073.1723708037903,1076.8694707767693,1064.7788194860536,1070.1746826171875,4216651,0.0,0.0,AXISBANK.NS,0.00018676055881683418,0.00018674312123473732,0.371687803205051,1106.1519165039062,1161.2876293945312,1150.2179040527344,1113.9630047607423,1101.0688487426155,1135.2457895592677,1106.1519165039062,1191.3234639098423,1020.9803690979701,0.1539961123515991,28.905668849696724,-29.59552305458965,-28.733130493107996,-0.8623925614816521,21.940213647198853,19.362392795775595,24.02594833466951,-0.18627850642828092
2025-08-07,1066.977176292842,1078.8679082841259,1063.6796705621337,1075.37060546875,5321131,0.0,0.0,AXISBANK.NS,0.004855210028754886,0.004843461508884573,0.37834763558349294,1101.7503051757812,1158.8000708007812,1150.8760302734374,1113.3653259277344,1098.6213970022472,1132.8977431243457,1101.7503051757812,1183.4941315325598,1020.0064788190028,0.14838902421494943,32.292401617446245,-27.99365094700147,-28.585234583886695,0.5915836368852254,17.757718600324147,18.55167340409103,24.038089277199227,-0.18232771767207812
2025-08-08,1072.1730875391024,1079.5674090897921,1053.3875270564029,1057.2845458984375,5084903,0.0,0.0,AXISBANK.NS,-0.01681844331464577,-0.01696147936297268,0.35516597400655603,1095.9697570800781,1156.1404809570313,1151.363280029297,1112.7099127197266,1094.6845540399797,1129.932519703722,1095.9697570800781,1172.7291509705155,1019.2103631896406,0.14007575189837831,27.399614160944807,-27.862369564078335,-28.440661579925024,0.5782920158466887,17.515055587015645,18.88648555044215,24.192565252495914,-0.19607969260236732
2025-08-11,1057.2845412230301,1074.5712576112912,1051.7887798480178,1072.472900390625,5452775,0.0,0.0,AXISBANK.NS,0.014365436959339117,0.01426323172221924,0.3746335253755886,1091.0035888671875,1153.7407299804688,1151.7633020019532,1112.203073120117,1092.569158454327,1127.679201299287,1091.0035888671875,1159.5159129286299,1022.4912648057453,0.12559504801002547,36.148957316497146,-26.230387272507187,-27.998606718441458,1.768219445934271,18.028950197736,19.01592165746399,24.18937282231557,-0.1845310261061141
2025-08-12,1070.274542939649,1075.7703044188218,1065.478315198115,1069.1754150390625,4573025,0.0,0.0,AXISBANK.NS,-0.0030746561058666577,-0.0030793925721128946,0.3704070000134636,1086.2122802734375,1151.5326098632813,1152.1303491210938,1111.7563720703124,1090.3411828909684,1125.384935171435,1086.2122802734375,1145.7505754266895,1026.6739851201855,0.10962552391373094,35.15830494503449,-24.915894140232922,-27.382064202799754,2.4661700625668317,17.871923843954505,18.233483190693743,24.19421599294323,-0.1870383127658417
2025-08-13,1070.2745119894926,1071.9732750378564,1062.3805758797093,1065.178466796875,4966778,0.0,0.0,AXISBANK.NS,-0.003738346566864781,-0.0037453516481223844,0.3652839437097559,1081.0962219238281,1149.4542114257813,1152.2787182617187,1111.2549920654296,1087.94473373915,1123.0238971959623,1081.0962219238281,1127.3202694552754,1034.8721743923809,0.08551329029564234,33.944024034332614,-23.92092366400766,-26.689836095041336,2.7689124310336766,17.443691325587924,18.180293849647256,24.18713526518018,-0.19007744529830614
2025-08-14,1066.1776825929462,1071.5735453068455,1061.1815360016017,1067.376708984375,6761305,0.0,0.0,AXISBANK.NS,0.002063731342702102,0.002061604774449099,0.36810152297607757,1076.5197448730469,1147.6593872070312,1152.4261071777344,1110.6547821044921,1085.9858742386953,1120.8416545209982,1076.5197448730469,1105.0415331485485,1047.9979565975452,0.05298888090318343,35.268184818244606,-22.693426920793854,-25.89055426019184,3.197127339397987,16.41591085362599,18.242329180618807,24.18869287757219,-0.18840598273700696
2025-08-18,1079.1677749702633,1089.1600691829508,1078.5682617127516,1081.7657470703125,7964987,0.0,0.0,AXISBANK.NS,0.01348074954682943,0.01339069269581332,0.3865445569619539,1075.6853881835937,1145.4414990234375,1152.5596423339844,1110.2151232910155,1085.583957365516,1119.3092659935205,1075.6853881835937,1102.4263443280108,1048.9444320391765,0.04971891677281597,43.28282624539754,-20.325254902351617,-24.7774943886238,4.452239486272184,16.201806998625948,18.66830928088877,23.34547599786592,-0.17746508705657932
2025-08-19,1077.1692902994891,1094.1561900537483,1074.9710344159066,1082.365234375,5661531,0.0,0.0,AXISBANK.NS,0.0005541747890529525,0.00055402129091179,0.3873129449993209,1074.8660217285155,1142.7304223632811,1152.4226232910157,1109.7023364257811,1085.2774123188,1117.860480439853,1074.8660217285155,1099.5566231157425,1050.1754203412886,0.045941728342145265,43.596160511115585,-18.19040028921131,-23.460075568741306,5.269675279529995,15.909177263862992,18.692002136822396,22.85782204677349,-0.17700925894471012
2025-08-20,1080.1669860248583,1082.8648566259114,1076.969500721666,1079.3675537109375,3034728,0.0,0.0,AXISBANK.NS,-0.0027695648094180347,-0.002773407150082269,0.3834706918872006,1073.976708984375,1139.7018115234375,1152.0489611816406,1109.2566772460937,1084.7145686418608,1116.3509539014642,1073.976708984375,1096.47079400244,1051.4826239663098,0.04188933489877455,42.336655454678336,-16.54962661064542,-22.07798577712213,5.5283591664767116,15.00272830375887,18.616340370235346,22.71867020045507,-0.1792885851396137
2025-08-21,1089.1600252490596,1089.1600252490596,1075.570530063219,1078.068603515625,6459262,0.0,0.0,AXISBANK.NS,-0.0012034363927715397,-0.0012041611038347219,0.3818057729082507,1072.6827087402344,1136.67517578125,1151.8849487304688,1108.858684692383,1084.0816195822192,1114.8496852588821,1072.6827087402344,1090.3841119110873,1054.9813055693814,0.03300398715598123,41.77347945394613,-15.179140392470117,-20.69821670019173,5.519076307721612,14.731505455870709,18.611930533815542,22.692693037011754,-0.1802762591242197
2025-08-22,1075.1707521863284,1077.6688254953115,1068.6757615829724,1070.07470703125,3853718,0.0,0.0,AXISBANK.NS,-0.007415016501089666,-0.007442644394864542,0.3715596603008351,1071.4736389160157,1133.8580615234375,1151.6200317382813,1108.3708038330078,1082.7476279106984,1113.0938037597593,1071.4736389160157,1085.9869124523238,1056.9603653797076,0.02709030443528385,38.38904859597228,-14.570105720089714,-19.47259450417133,4.902488784081616,14.624449562235018,18.654202303605576,21.649811674139904,-0.18635452418914852
2025-08-25,1072.1731031186114,1073.6719471583856,1067.3767534008373,1069.1754150390625,2711278,0.0,0.0,AXISBANK.NS,-0.0008404011292655333,-0.0008407544642705304,0.37040700001346316,1070.6692626953125,1131.1647290039064,1151.3096813964844,1108.0296807861328,1081.455036208638,1111.3715140060065,1070.6692626953125,1083.6689660774407,1057.6695593131842,0.024283322282742433,38.01590395673583,-13.998639104694576,-18.377803424275978,4.3791643195814025,14.28899746196581,18.378625111333275,20.334965327311235,-0.1870383127658417
2025-08-26,1067.1770021897328,1068.9756639052698,1047.1924141337454,1049.290771484375,7197666,0.0,0.0,AXISBANK.NS,-0.018598111474496415,-0.018773231010370584,0.3449200178617826,1069.4951721191405,1127.8820166015626,1150.9642175292968,1107.4271484375,1078.3917729015652,1108.9369750835897,1069.4951721191405,1085.5723512682114,1053.4179929700697,0.030064986861445812,30.87065360692172,-14.977619571585592,-17.6977666537379,2.720147082152309,14.61731071539212,18.91020514305998,20.059523821593412,-0.2021578648495173
2025-08-28,1056.1854006509102,1058.6834739731687,1046.193107361876,1051.08935546875,8564803,0.0,0.0,AXISBANK.NS,0.0017140949232123948,0.0017126275390939812,0.34722533843652625,1068.8806457519531,1124.6412670898437,1150.648221435547,1106.8595666503907,1075.7915426698685,1106.6684409810468,1068.8806457519531,1086.778507986858,1050.9827835170483,0.033488981779277525,32.113544081042946,-15.430465151489443,-17.24430635328821,1.8138412017987662,14.645861809719056,18.959732287819307,19.48555911195825,-0.20079028769613091
2025-08-29,1051.2892385789264,1062.1808635505645,1041.6966606316682,1044.39453125,4718016,0.0,0.0,AXISBANK.NS,-0.006369414915979532,-0.0063897861872889445,0.338644301270703,1067.4767272949218,1121.1488110351563,1150.2113647460938,1106.291456298828,1072.8013511060715,1104.226326873947,1067.4767272949218,1088.3463968713395,1046.6070577185042,0.039100935960080754,29.954666402120168,-16.143472991924,-17.02413968101537,0.8806666890913704,15.024145038069346,18.905697052644992,19.49334600576161,-0.20588078595867493
2025-09-01,1046.792693797241,1063.1800803329604,1046.792693797241,1060.6820068359375,3190426,0.0,0.0,AXISBANK.NS,0.015595136798010278,0.015474782335553034,0.3595206422728965,1067.1319946289063,1118.0519921875,1149.9229052734374,1105.7995428466797,1071.6471278422491,1102.5187064802997,1067.1319946289063,1088.2213343725361,1046.0426548852765,0.03952526931959077,40.444343050097885,-15.218840364418611,-16.66307981769602,1.444239453277408,14.495978398752998,19.668156308820166,19.671812309941398,-0.19349638818177212
2025-09-02,1060.6819506517852,1064.0793548230254,1048.1915838282832,1055.385986328125,4933541,0.0,0.0,AXISBANK.NS,-0.00499303323114797,-0.005005540070315879,0.35273251052759624,1066.8222290039062,1114.7853564453126,1150.0142834472656,1105.230980834961,1070.0984476980468,1100.6703645135476,1066.8222290039062,1088.430466145214,1045.2139918625983,0.04050953674162476,38.42911658606104,-14.743453584353347,-16.279154571027487,1.53570098667414,14.003499343857909,13.02494475369853,19.679572045778038,-0.19752328751662135
2025-09-03,1055.3860511421183,1064.079420170901,1044.1947305714677,1053.88720703125,8303296,0.0,0.0,AXISBANK.NS,-0.0014201243111910955,-0.0014211336434187096,0.3508114622028575,1066.1277648925782,1111.6205322265625,1149.792158203125,1104.7190698242186,1068.5545200154947,1098.835730886791,1066.1277648925782,1088.4866046913487,1043.7689250938076,0.04194401559558555,37.85426778104316,-14.322543730954749,-15.88783240301294,1.565288672058191,14.688692228052657,13.016422198062083,18.900442371730144,-0.19866290420518373
2025-09-04,1057.3844922319947,1061.3814097939771,1046.4929894565873,1049.590576171875,8088417,0.0,0.0,AXISBANK.NS,-0.004076936156648503,-0.004085269518295366,0.34530429011178754,1065.1085510253906,1108.2280053710938,1149.6888037109375,1104.2805212402343,1066.748430125626,1096.9045483489513,1065.1085510253906,1088.5606825106897,1041.6564195400915,0.04403707295884819,36.18326921684689,-14.17230236187811,-15.544726394785975,1.3724240329078654,15.066958026569994,13.040311876202576,18.473749097339464,-0.2019299043846933
2025-09-05,1055.7857154711764,1057.1846609678942,1046.9925703048245,1055.0863037109375,2849589,0.0,0.0,AXISBANK.NS,0.005236067914316411,0.005222407374973655,0.35234839474023416,1064.3541320800782,1105.1031372070313,1149.5675256347656,1103.861714477539,1065.6377514194653,1095.2646171866763,1064.3541320800782,1088.0891097390593,1040.6191544210972,0.04459977547622339,39.84125352959169,-13.454678552654968,-15.126716826359775,1.672038273704807,15.05267812355755,12.994478595256629,18.497773827706762,-0.1977511551636665
2025-09-08,1055.0863616682946,1062.1808661059258,1053.1878013881899,1054.6866455078125,2260147,0.0,0.0,AXISBANK.NS,-0.00037879195447743097,-0.0003788637142717467,0.35183613604865616,1063.3199340820313,1101.5669311523438,1149.004461669922,1103.5132922363282,1064.5947889516888,1093.6733241796621,1063.3199340820313,1086.83528106163,1039.8045871024326,0.0442300501022763,39.66320299163076,-12.770989572428562,-14.655571375573533,1.8845818031449717,14.139085589211845,12.81094456574513,18.497914429463265,-0.1980550405715793
2025-09-09,1056.6850022541591,1058.1838462289877,1047.891735478004,1051.3890380859375,4310419,0.0,0.0,AXISBANK.NS,-0.0031266229035139537,-0.003131521001238623,0.34760945422388856,1063.0251586914062,1098.1325,1147.924208984375,1103.1096948242186,1063.3370983930458,1092.015116881869,1063.0251586914062,1087.0023291933933,1039.0479881894191,0.045111200437632525,38.14831487636888,-12.352854472600939,-14.195027994979016,1.8421735223780775,13.503868097293418,12.65240040259536,18.500688383952664,-0.20056242004908575
2025-09-10,1057.1846182048694,1073.2721858257835,1054.2868287880779,1069.2752685546875,5241075,0.0,0.0,AXISBANK.NS,0.017012000145361972,0.016868916549770345,0.37053498645503646,1062.8652770996093,1095.5729541015626,1146.7282983398438,1102.7695697021484,1063.9026384084402,1091.1233581239403,1062.8652770996093,1086.6187927738326,1039.111761425386,0.04469713365562733,49.43034639170753,-10.457660673546798,-13.447554530692573,2.989893857145775,14.645853228407743,13.283436457828222,18.706743605937664,-0.18696238782275293
2025-09-11,1068.176167416612,1092.1576716429909,1068.176167416612,1086.56201171875,5227539,0.0,0.0,AXISBANK.NS,0.016166784805028422,0.01603749395646107,0.3926921306488176,1063.7346069335938,1093.876298828125,1145.383778076172,1102.4996551513673,1066.060673961803,1090.9444817943252,1063.7346069335938,1089.636010517982,1037.8332033492056,0.048698995812599566,57.4992012718074,-7.474647152100033,-12.252973054974065,4.778325902874032,15.388139588446181,13.821207674419364,18.859023225628135,-0.1738181837082893
2025-09-12,1087.5612418866979,1107.8455243744909,1087.5612418866979,1104.4482421875,6014850,0.0,0.0,AXISBANK.NS,0.016461306649638185,0.016327288088411853,0.4156176628799657,1065.698095703125,1092.4974340820313,1144.28001953125,1102.2517810058594,1069.716632840441,1091.47404102543,1065.698095703125,1097.3711041774457,1034.0250872288045,0.05944086529201009,63.914852380025565,-3.6255253283641196,-10.527483509652077,6.901958181287958,16.237473211523916,14.387440678286037,19.07510912982166,-0.1602181514819565
2025-09-15,1104.1484634272642,1109.1446103206003,1099.1523165339283,1103.5489501953125,3881807,0.0,0.0,AXISBANK.NS,-0.0008142454827999579,-0.0008145771607101367,0.4144650025925938,1067.5067077636718,1091.1844482421875,1143.2661071777343,1102.0548205566406,1072.9387583028097,1091.9475668752293,1067.5067077636718,1103.4292863668961,1031.5841291604474,0.06730183209523588,63.3966770550009,-0.6402534563994777,-8.550037499001558,7.90978404260208,16.501551785032753,14.301733586866593,19.00213371489124,-0.1609019400586497
2025-09-16,1104.847882034871,1126.2314152658462,1103.1492408711283,1120.3359375,7965606,0.0,0.0,AXISBANK.NS,0.01521181937757854,0.015097279763170912,0.4359815887279386,1069.4352172851563,1090.0573168945311,1142.4180676269532,1101.9175848388672,1077.4527753692087,1093.0608363114948,1069.4352172851563,1112.0911841960594,1026.7792503742533,0.07977288613926245,68.52623921628177,3.0450639884638804,-6.23101720150847,9.27608118997235,16.580064177132808,14.714205334328126,18.95270695407914,-0.1481377319307453
2025-09-17,1120.435994746524,1127.6303977627526,1115.2399285892504,1125.13232421875,5590739,0.0,0.0,AXISBANK.NS,0.004281204019441764,0.0042720657381275454,0.4421293188774449,1071.5735717773437,1089.07607421875,1142.0253295898438,1101.88994140625,1081.9936847834506,1094.3185417196225,1071.5735717773437,1120.7484602499385,1022.3986833047488,0.09178070413034152,69.82730713588215,6.280337120967033,-3.72874633701337,10.009083457980402,16.572928645862053,14.68437628540362,17.353670618500267,-0.1444907357646765
2025-09-18,1128.129913734106,1133.5257765121382,1120.3358761684776,1132.1268310546875,5713032,0.0,0.0,AXISBANK.NS,0.006216608202767926,0.006197364805257071,0.45109447183063045,1074.2115356445313,1088.4285717773437,1141.4379663085938,1101.87830078125,1086.768270142616,1095.8012197327623,1074.2115356445313,1130.3187260174407,1018.1043452716219,0.10446208872490804,71.66670629307887,9.301490837094434,-1.1226989021918095,10.424189739286243,16.051907033345223,14.740405019365152,17.34884476770599,-0.13917236985508732
2025-09-19,1132.1268686542164,1143.2182901919443,1125.731776333649,1135.024658203125,8910732,0.0,0.0,AXISBANK.NS,0.002559631190560019,0.0025563609139235225,0.4548087385011774,1077.0593383789062,1087.853017578125,1140.9344921875,1101.8771563720702,1091.3641166245693,1097.3393937904236,1077.0593383789062,1139.423699236033,1014.6949775217795,0.11580487468961922,72.41695319171808,11.793657414709742,1.4605723611885009,10.333085053521241,15.959118803012009,14.732124141438934,17.35291961208138,-0.13696896860327248
2025-09-22,1135.124515662792,1146.715551462693,1130.3281661018914,1143.51806640625,7689900,0.0,0.0,AXISBANK.NS,0.0074830164628942875,0.007455157587828551,0.4656950962417441,1080.7315063476562,1087.455322265625,1140.538916015625,1101.8016693115235,1096.3311594609197,1099.1503221282992,1080.7315063476562,1149.6670525269765,1011.795960168336,0.12757201168732213,74.5445174383877,14.289345759076923,4.026327040766185,10.263018718310738,15.994805543444825,14.795857829788128,17.2895995555306,-0.1305108931873421
2025-09-23,1145.1168893049187,1171.896285943036,1141.020073171241,1169.8978271484375,16079093,0.0,0.0,AXISBANK.NS,0.023068949688824336,0.022806884198562204,0.4995071426761015,1085.767626953125,1087.3953686523437,1140.4231115722657,1101.8633227539062,1103.337508764493,1101.9247340898733,1085.767626953125,1165.0835967490912,1006.4516571571588,0.14610118744936648,79.7650625379339,18.18618397117325,6.858298426847599,11.327885544325651,16.779914341470676,14.881887855914083,17.735330341068682,-0.11045269272730007
2025-09-24,1167.0999210108505,1171.8962708465979,1153.110709628871,1158.0069580078125,12812055,0.0,0.0,AXISBANK.NS,-0.01016402361359059,-0.010216029997786293,0.48426611666919395,1091.203436279297,1087.1195825195311,1140.2902319335938,1101.8308276367188,1108.5441229781422,1104.124036988616,1091.203436279297,1174.7805158153508,1007.6263567432433,0.15318331441665647,72.54305723874236,20.083453021043397,9.503329345686758,10.580123675356639,17.05828154720903,15.011973646931903,17.79543571987977,-0.11949407256382569
2025-09-25,1153.8100741514515,1170.8969935063292,1152.5111491906418,1165.700927734375,11188302,0.0,0.0,AXISBANK.NS,0.006644148097174618,0.006622173028576163,0.49412780056396244,1096.934014892578,1087.1335693359374,1140.3521008300781,1101.7461999511718,1113.9876281930215,1106.5388170178612,1096.934014892578,1184.5495688973201,1009.318460887836,0.15974626151660035,74.172534977194,21.954810083646862,11.99362549327878,9.961184590368083,17.643549665253154,14.956665565566752,17.808995061629584,-0.11364386078149971
2025-09-26,1160.704836753473,1168.798570429251,1147.1153414245289,1153.1107177734375,5618932,0.0,0.0,AXISBANK.NS,-0.010800548975634316,-0.010859298304332694,0.47799040007811455,1102.36982421875,1086.845791015625,1140.2890649414062,1101.7049487304687,1117.7136367244898,1108.3651660670996,1102.36982421875,1189.750141569399,1014.9895068681009,0.15853176571224725,67.14977247397113,22.16642852517134,14.02818609965729,8.13824242551405,18.549989971466452,15.36468015428382,17.89391069902013,-0.12321699367298329
2025-09-29,1154.5095860957442,1157.4073755324762,1125.8316312925506,1131.327392578125,9693881,0.0,0.0,AXISBANK.NS,-0.018890922493005946,-0.0190716354786771,0.45006979798483204,1105.9020935058593,1086.2942138671874,1139.8993737792969,1101.6027026367187,1119.0101849010264,1109.2656455381202,1105.9020935058593,1191.8872788360113,1019.9169081757072,0.15550234660930493,57.07990043018835,20.341916422179338,15.2909321641617,5.050984258017637,20.07024950639087,16.590597496391005,18.120038169612773,-0.13978023348869173
2025-09-30,1129.129162712632,1136.1237681453651,1124.5327321092266,1130.7279052734375,8165203,0.0,0.0,AXISBANK.NS,-0.0005298972769689492,-0.0005300377221475553,0.44930140994746504,1109.669189453125,1086.9397143554688,1139.714345703125,1101.5294073486327,1120.1261582698276,1110.1073027826424,1109.669189453125,1192.893074012214,1026.445304894036,0.14999764857867934,56.82733309583412,18.632816312371006,15.959308993803562,2.6735073185674434,19.33509867041177,16.240924753986384,17.843459489863125,-0.14023606160056093
2025-10-01,1131.6272525367885,1163.9024097219321,1130.1284084936935,1158.6064453125,9655009,0.0,0.0,AXISBANK.NS,0.024655392255770625,0.024356353384283998,0.4850345047065612,1114.9051513671875,1088.1367919921875,1139.2899462890625,1101.6034912109376,1123.7909475119868,1112.009229940676,1114.9051513671875,1196.5132528355925,1033.2970498987825,0.1463946980033782,64.65890138383904,19.305367097689896,16.62852061458083,2.676846483109067,20.034562741973186,17.56374869319025,18.323356155313142,-0.1190382444519565
2025-10-03,1170.0975504074936,1187.0844490897546,1168.5987064061178,1180.08984375,11095015,0.0,0.0,AXISBANK.NS,0.01854244685451012,0.01837263166757107,0.5125706780871964,1121.4301147460938,1089.7955126953125,1139.1742272949218,1101.7725122070312,1129.1527471537024,1114.6790579331987,1121.4301147460938,1201.9102371906024,1040.949992301585,0.143531231034812,69.28308525114491,21.32606554162703,17.56802959999007,3.7580359416369618,20.54845496493845,18.103816806339516,18.401389837685382,-0.1027030579188509
2025-10-06,1184.086852097852,1214.263531521155,1181.1890624105488,1211.865478515625,20128505,0.0,0.0,AXISBANK.NS,0.02692645389155346,0.026570315813037385,0.5532988427084271,1129.2690734863281,1091.9538500976562,1139.357294921875,1102.086683959961,1137.0301501405522,1118.4902901129017,1129.2690734863281,1213.0156288481137,1045.5225181245426,0.14831993070214805,74.58084332062168,25.20101022354629,19.094625724701313,6.106384498844978,22.275697392401526,19.325293273403,18.94670242989496,-0.07854203318087084
2025-10-07,1211.0660300798188,1211.0660300798188,1183.0876069426613,1185.885498046875,8620156,0.0,0.0,AXISBANK.NS,-0.02143800688222597,-0.02167113889709243,0.5199992114282903,1135.8290161132813,1093.7864379882812,1139.144783935547,1102.3440869140625,1141.6830404173447,1121.1332394436458,1135.8290161132813,1215.428381771364,1056.2296504551987,0.14016082443546918,64.74817617673821,25.877267470009883,20.45115407376303,5.426113396246855,22.68253290513337,20.43899131219626,19.265679660733166,-0.09829625541522126
2025-10-08,1179.1905708552174,1193.879315975699,1173.195194555325,1179.690185546875,5160430,0.0,0.0,AXISBANK.NS,-0.005224207994956931,-0.0052379018835135615,0.5120584193956184,1142.244073486328,1095.6749829101564,1138.8733142089843,1102.6403997802734,1145.302768524919,1123.4295902712233,1142.244073486328,1213.4249600181079,1071.0631869545482,0.12463340924067719,62.6277652022599,25.617988048065172,21.48452086862346,4.133467179441713,23.27493663705278,20.55923112583164,19.239955591538212,-0.10300694332676369
2025-10-09,1177.092172913211,1186.3850546477581,1162.2036312205041,1166.5003662109375,7194651,0.0,0.0,AXISBANK.NS,-0.0111807485537595,-0.011243722963546011,0.49515247440976085,1147.1053283691406,1097.5495385742188,1138.5298486328124,1102.9374047851563,1147.3215873521588,1125.1186403080749,1147.1053283691406,1210.1144315515003,1084.0962251867809,0.10985757214107064,58.25378357747623,24.070726695833628,22.001762034065493,2.0689646617681348,24.06004542873802,19.974760998878867,19.327347270637453,-0.11303599714789529
2025-10-10,1167.099888033273,1190.7815749845481,1164.301997045437,1179.4903564453125,6933035,0.0,0.0,AXISBANK.NS,0.011135864686069086,0.011074317444567277,0.5118022900498294,1151.7517456054688,1099.871748046875,1138.3861694335938,1103.4843096923828,1150.385279646745,1127.2508644703196,1151.7517456054688,1209.443689105861,1094.0598021050766,0.10018121304442026,61.13282353664114,23.620413157131225,22.32549225867864,1.2949208984525846,24.702407148796283,20.083316986556632,19.33431340133779,-0.10315888603072008
2025-10-13,1170.0975857557814,1192.6801449968107,1166.600282980252,1188.6832275390625,4138448,0.0,0.0,AXISBANK.NS,0.00779393493428393,0.007763719121905512,0.5235851787319792,1155.9634948730468,1102.1959545898437,1138.314451904297,1104.040737915039,1154.0327032555372,1129.6599767475252,1155.9634948730468,1211.3686968374222,1100.5582929086713,0.09585977794300557,63.07368090095802,23.731759353294592,22.606745677601833,1.1250136756927596,25.394726909921797,19.87076271744921,19.316911001347414,-0.0961689647420529
2025-10-14,1190.881629244145,1190.881629244145,1165.7009755688605,1175.8931884765625,5742538,0.0,0.0,AXISBANK.NS,-0.010759838084852369,-0.010818143759588004,0.5071916489003423,1159.5807067871094,1104.36228515625,1138.2076831054687,1104.5344635009765,1156.114654228968,1131.473043874154,1159.5807067871094,1209.7792005265562,1109.3822130476626,0.0865804224675892,58.68303344673823,22.52826098515152,22.59104873911177,-0.06278775396025083,24.987901260171043,20.047639968695506,19.324987355435283,-0.10589404033749288
2025-10-15,1179.0906179006056,1180.7892589833573,1163.1029485053432,1168.6986083984375,6328142,0.0,0.0,AXISBANK.NS,-0.006118395912681485,-0.006137189995929342,0.4979700536760827,1161.9988403320312,1106.5046313476562,1137.813319091797,1105.003198852539,1157.3131260546318,1132.9328699339299,1161.9988403320312,1208.7805472644886,1115.2171333995739,0.0805193693981483,56.308529795214795,20.754690223420994,22.223777035973615,-1.4690868125526215,24.909383350191565,20.091769847836726,18.65209040247417,-0.1113645345865961
2025-10-16,1215.4626602690012,1215.9622749664172,1184.386650484972,1195.378173828125,17747171,0.0,0.0,AXISBANK.NS,0.02282843946075075,0.022571769543783267,0.5321663723604446,1165.5111328125,1109.0566650390624,1137.6348352050782,1105.6015881347657,1160.9383686997262,1135.381705380761,1165.5111328125,1211.1731045905642,1119.8491610344356,0.07835527348053244,62.38654157468074,21.25690421675904,22.0304024721307,-0.7734982553716598,26.972084939641018,20.794474972097436,18.70748516565488,-0.09107837366173006
2025-10-17,1195.378127506221,1211.9653104224176,1190.681676346755,1199.2750244140625,6404414,0.0,0.0,AXISBANK.NS,0.0032599311843364287,0.003254629128439808,0.537161129297294,1168.8685424804687,1111.6426684570313,1137.6910009765625,1106.2569012451172,1164.5894787677582,1137.887325735008,1168.8685424804687,1214.0672131532651,1123.6698718076723,0.07733747471187792,63.1919703383577,21.71899267176491,21.968120512057542,-0.24912784029263335,26.943542444708196,20.646121557017164,18.62875457932608,-0.0881153517079121
2025-10-20,1206.9691490495477,1230.7507342517279,1206.0698182446727,1225.05517578125,7418616,0.0,0.0,AXISBANK.NS,0.02149644647172,0.02126865653402143,0.570204631231642,1173.370068359375,1114.7402783203124,1138.013953857422,1107.0673217773438,1170.348116578567,1141.305672795645,1173.370068359375,1222.166366211227,1124.573770507523,0.08317290370305713,68.06410566709074,23.89005418948841,22.352507247543716,1.5375469419446937,26.93639713026104,21.223863335202818,18.978898515097068,-0.06851307217751809
2025-10-21,1224.8554197755107,1237.8454016834933,1221.0582993503724,1236.3465576171875,1940248,0.0,0.0,AXISBANK.NS,0.009217039411091532,0.00917482171980901,0.5846772692011826,1178.011492919922,1117.9597973632813,1138.3799340820312,1107.8987567138672,1176.633682391769,1145.0327663180585,1178.011492919922,1232.2122182769378,1123.810767562906,0.09202070723888998,69.94082831860399,26.219513995819398,23.125908597198855,3.093605398620543,27.30754472290263,21.191698265440984,18.86755986102284,-0.059927520452861656
2025-10-23,1245.0397715691,1275.1165506443417,1240.3434424090542,1257.8299560546875,14611221,0.0,0.0,AXISBANK.NS,0.01737651818184771,0.017227272917890626,0.6122134425818178,1182.4080993652344,1121.9707055664062,1139.0555932617187,1108.763729248047,1184.3666608358565,1149.4561855234165,1182.4080993652344,1247.0898563460125,1117.7263423844563,0.10940682327108882,73.17126864069172,29.4595668362972,24.392640245018526,5.066926591278673,27.66440127996803,21.307913078801384,19.052511807114524,-0.04359233391975606
2025-10-24,1253.2334413696176,1255.0321030466466,1239.1443314870335,1240.9429931640625,4882046,0.0,0.0,AXISBANK.NS,-0.013425473617747707,-0.01351641011622377,0.5905687135422573,1186.5549011230469,1125.340107421875,1139.5404187011718,1109.552752685547,1189.7548829623522,1153.0439034701085,1186.5549011230469,1255.1647282620297,1117.945073984064,0.1156454321229388,67.06966361558895,30.315240063786632,25.57716020877215,4.738079855014483,26.96494562213942,21.772064049268145,19.153075954052277,-0.05643255980852806
2025-10-27,1242.441839313446,1257.5301786026632,1241.6424070164871,1253.133544921875,6185072,0.0,0.0,AXISBANK.NS,0.009823619477257406,0.009775681421910735,0.6061938553365271,1190.926531982422,1129.0192700195312,1140.2759399414062,1110.510054321289,1195.7909460061162,1156.9689874486091,1190.926531982422,1264.8757596311814,1116.9773043336625,0.12418772386515435,69.07449045286126,31.6126321621432,26.784254599446363,4.828377562696836,25.708766884099823,21.56768589064685,19.218631136203218,-0.04716331232495727
2025-10-28,1248.0374700896894,1257.9298651445754,1235.6470016359046,1245.339599609375,8146777,0.0,0.0,AXISBANK.NS,-0.006219564821390078,-0.006238986887752381,0.5962040285375432,1195.5379760742187,1132.6224926757814,1141.0383520507812,1111.407919921875,1200.5098653969028,1160.4345016509922,1195.5379760742187,1271.0443467693008,1120.0316053791366,0.126313629857283,66.29552228904313,31.647110309292657,27.756825741415625,3.890284567877032,25.24483773665033,21.50872478101525,19.235819240790207,-0.05308954186815086
2025-10-29,1245.9390863463195,1250.0359022381838,1238.244947255514,1247.837646484375,4578825,0.0,0.0,AXISBANK.NS,0.0020059161981065277,0.00200390703457009,0.5994058800538695,1201.3634887695312,1136.2317114257812,1141.9455493164062,1112.2810864257813,1205.0172731195194,1163.8620759581838,1201.3634887695312,1273.931832749051,1128.7951447900114,0.12080997076720926,66.75715018150241,31.512746667494866,28.508009926631473,3.004736740863393,24.609611562528602,21.468242885719157,19.230311987609785,-0.05119011884202767
2025-10-30,1242.042141558398,1247.0382885477723,1234.0483063753995,1237.6455078125,4017532,0.0,0.0,AXISBANK.NS,-0.008167840344126542,-0.0082013799074549,0.5863421881801323,1206.7093688964844,1139.349306640625,1142.3954028320313,1113.1691845703126,1208.1247240426605,1166.7555438740394,1206.7093688964844,1272.8347874760495,1140.5839503169193,0.10959626283507803,62.967737098723255,30.23530828864341,28.853469599033865,1.3818386896095447,23.86731989693728,21.49480655182561,19.27911941873835,-0.05893984646825567
2025-10-31,1242.0420660340162,1244.4402408383398,1230.0513139886355,1231.8499755859375,4106607,0.0,0.0,AXISBANK.NS,-0.004682707762423743,-0.004693705986161346,0.578913811301681,1210.3715454101562,1142.3390014648437,1142.5347119140624,1114.1333843994141,1210.384271808687,1169.3082666862708,1210.3715454101562,1273.3161999251793,1147.426890895133,0.10400881407649612,60.85247074079295,28.427582677012197,28.768292214629533,-0.3407095376173359,23.003701961979655,21.61999129288109,19.273489463135906,-0.06334655615410648
2025-11-03,1225.0552499537425,1240.043691021692,1221.35814994748,1232.749267578125,6118907,0.0,0.0,AXISBANK.NS,0.0007300336972930754,0.0007297673523128079,0.5800664715890527,1213.0045166015625,1145.4066357421875,1142.5542236328124,1115.0591497802734,1212.5142714057763,1171.7961490741868,1213.0045166015625,1275.014312984105,1150.99472021902,0.1022416578567627,61.07100135845224,26.759050773521267,28.366443926407882,-1.6073931528866154,22.475536180383465,21.610057712120597,19.25043184439696,-0.06266276757741328
2025-11-04,1229.1519657161218,1234.947544579493,1221.8576648446217,1225.6546630859375,3299345,0.0,0.0,AXISBANK.NS,-0.005755107448675023,-0.00577173189387792,0.5709730192690088,1213.6939758300782,1148.3583569335938,1142.5167663574218,1115.9377117919921,1213.7657372800775,1173.908247662883,1213.6939758300782,1275.95656448394,1151.4313871762165,0.10260014450723237,58.30576912196426,24.580898630115826,27.609334867149474,-3.028436237033649,21.611909470353957,21.756362751754562,19.24380241521184,-0.0680572440656489
2025-11-06,1224.0559200275998,1238.6446437404365,1224.0559200275998,1227.55322265625,3733721,0.0,0.0,AXISBANK.NS,0.0015490167234646357,0.00154781823455313,0.5734064827479681,1215.777362060547,1151.5079272460937,1142.6829943847656,1116.949814453125,1215.0788311254273,1176.011972172427,1215.777362060547,1276.900102363531,1154.6546217575628,0.10054923246702156,58.842829120439205,22.745697017613793,26.63660729724234,-3.890910279628546,21.39065327284129,21.709846235282058,19.043264751992876,-0.0666136491513949
2025-11-07,1226.0543803853739,1227.8530419588296,1216.0620871466992,1221.857666015625,3461466,0.0,0.0,AXISBANK.NS,-0.004639763503125893,-0.004650560616120611,0.5661062487737325,1217.8857360839843,1154.561572265625,1142.8631506347656,1117.8775305175782,1215.7244344483033,1177.809842519219,1217.8857360839843,1276.6300178342722,1159.1414543336964,0.09646928280673603,56.49195136788571,20.594304375317506,25.428146712857373,-4.833842337539867,18.856888147423483,20.89377107595281,19.02462888948353,-0.07094434107637808
2025-11-10,1221.0582806000282,1231.8500065022106,1214.5632897457729,1216.0621337890625,4140568,0.0,0.0,AXISBANK.NS,-0.004743213868323326,-0.004754498605311482,0.5586778718952812,1220.3638244628905,1157.8969995117188,1142.8895080566406,1119.0106378173828,1215.7565962902804,1179.3099323729384,1220.3638244628905,1273.9347933885542,1166.7928555372268,0.087795078568871,54.12245617627715,18.211725752877328,23.984862520861366,-5.773136767984038,18.571394053193135,20.688120368568555,18.70235255361259,-0.07535105076222888
2025-11-11,1217.1612278614307,1224.0559346641744,1208.467981442474,1221.557861328125,5615453,0.0,0.0,AXISBANK.NS,0.004519281857694679,0.004509100566664705,0.5657219765237276,1222.4671997070313,1161.3063696289062,1142.973818359375,1120.1861993408204,1216.309097722456,1180.9667139005928,1222.4671997070313,1272.4652690764144,1172.4691303376483,0.08179862720466495,56.00684664805369,16.575897681399283,22.50306955296895,-5.927171871569666,17.43655429490993,20.653251879556926,18.346006638236485,-0.07117230154120209
2025-11-12,1226.9537631333974,1231.7499909053392,1215.562523963644,1220.6585693359375,6782513,0.0,0.0,AXISBANK.NS,-0.0007361845235965836,-0.0007364556404925168,0.5645693162363556,1224.065966796875,1164.831650390625,1142.9902307128907,1121.4463696289063,1216.723333114216,1182.5232572509985,1224.065966796875,1271.4943087841268,1176.6376248096233,0.07749311438069278,55.60437074160691,15.03362849005066,21.009181340385293,-5.975552850334633,17.39372319552238,20.329791265467595,18.34613712285589,-0.07185609011789529
2025-11-13,1218.0605641936236,1233.8484365397046,1212.264985237154,1224.2557373046875,3345231,0.0,0.0,AXISBANK.NS,0.002946907562126011,0.0029425739418009766,0.5691799573858429,1226.4840942382812,1168.103125,1143.07755859375,1122.778937072754,1217.4407049418799,1184.1598250962413,1226.4840942382812,1268.152835135161,1184.8153533414013,0.0679482776705043,56.93741192866117,13.940928095589015,19.59553069142604,-5.654602595837023,16.16611307233641,19.34308909467721,18.337532476235747,-0.0691209358111225
2025-11-14,1223.056775575948,1245.039822195777,1221.058316792327,1240.6431884765625,5197740,0.0,0.0,AXISBANK.NS,0.013385643760962518,0.013296847550173008,0.5901844412922521,1230.0813232421874,1171.8082690429687,1143.2968127441407,1124.2346249389648,1219.6504652785163,1186.3748589542934,1230.0813232421874,1262.0347936687954,1198.1278528155794,0.05195342750573042,62.46654754951297,14.23321388462955,18.52306733006674,-4.289853445437192,16.544390274893267,19.56002978329211,18.43723269389783,-0.05666052027335207
2025-11-17,1242.9414044247746,1260.028201798564,1239.44410172351,1248.636962890625,4088026,0.0,0.0,AXISBANK.NS,0.0064432501530744535,0.00642258115299072,0.6004303974370251,1232.7442626953125,1175.7032641601563,1143.6618981933593,1125.7430111694337,1222.411084098717,1188.8165100890515,1232.7442626953125,1261.2067719101867,1204.2817534804383,0.046177475858038636,64.83821191461215,14.937690864804381,17.80599203701427,-2.8683011722098897,16.829884177497075,18.505455446213475,18.456394576329306,-0.05058234802620209
2025-11-18,1249.0367693639987,1272.5186606280417,1246.6385943715704,1264.4249267578125,10175969,0.0,0.0,AXISBANK.NS,0.012644158659726124,0.012564888786826552,0.6206664933060673,1236.0017578125,1179.999951171875,1144.1139782714845,1127.332333984375,1226.4124024472023,1191.781546036846,1236.0017578125,1263.2213042794906,1208.7822113455095,0.04404451093203012,69.00401785672364,16.578840136513918,17.5605616569142,-0.9817215204002814,17.086827230911403,18.138191032013694,18.498931965636967,-0.03857776060030084
2025-11-19,1267.0228456161299,1272.0189924837014,1256.8307547967806,1269.4210205078125,4101288,0.0,0.0,AXISBANK.NS,0.003951277489293803,0.003943491694878967,0.6270701963387202,1238.2200500488282,1184.2866455078124,1144.694891357422,1128.7684268188477,1230.5084613101176,1194.8262313102173,1238.2200500488282,1268.717317135681,1207.7227829619753,0.0492598501948829,70.20692619191671,18.07425698601287,17.663300722733933,0.410956263278937,17.329490281215044,16.591188034322823,18.50358111861195,-0.03477891454805446
2025-11-20,1274.017503489148,1286.3080740780129,1261.6270343540828,1284.2095947265625,4617594,0.0,0.0,AXISBANK.NS,0.011649857675142261,0.01158252055718923,0.6460253325535321,1240.6132019042968,1188.8771044921875,1145.2220178222656,1130.280458984375,1235.6228549688267,1198.331461248113,1240.6132019042968,1277.362367032228,1203.8640367763658,0.05924354999853687,73.48688437910715,20.219620757503208,18.174564729687788,2.04505602781542,18.107468825140376,15.321535233011948,18.58695929292669,-0.023534226277492857
2025-11-21,1283.0105266743428,1283.5101413654154,1272.0190034707464,1274.81689453125,6363593,0.0,0.0,AXISBANK.NS,-0.007313993162706756,-0.00734087154978509,0.6339863145255935,1241.462548828125,1193.3456616210938,1145.739080810547,1131.739038696289,1239.3556206414385,1201.3308900043146,1241.462548828125,1280.595059381516,1202.3300382747339,0.06304259534905839,68.34074502617506,20.920763061380967,18.723804396026424,2.1969586653545434,17.950444854148355,15.42710413891447,18.60245767435664,-0.030676090270116443
2025-11-24,1278.2141857045526,1289.9052427423878,1265.623919797552,1268.0220947265625,10491953,0.0,0.0,AXISBANK.NS,-0.00533002020434159,-0.005344275438384233,0.6252771344555546,1242.81650390625,1197.3205981445312,1146.446776123047,1133.1566555786133,1242.085761030498,1203.9462313659715,1242.81650390625,1283.707641071514,1201.9253667409862,0.06580398158012948,64.80523027066621,20.68964251092393,19.116972019005928,1.5726704919180037,18.35014355919291,15.06067994242874,18.629876062287522,-0.035842606293528055
2025-11-25,1268.1219878416657,1275.7161067708207,1262.7261247685515,1265.32421875,5290156,0.0,0.0,AXISBANK.NS,-0.0021276253685029722,-0.002129891978926553,0.6218191535934392,1243.4260375976562,1200.8958422851563,1147.3860705566406,1134.5006311035156,1244.2989474799742,1206.3532112633843,1243.4260375976562,1285.3159421330483,1201.536133062264,0.06737820066294403,63.4027048874852,20.057570577125944,19.305091730629933,0.752478846496011,18.34300800686419,14.914852107821613,18.602354881382414,-0.03789397202360765
2025-11-26,1270.9198641332523,1291.8037824278044,1268.3218921582525,1289.2056884765625,4842021,0.0,0.0,AXISBANK.NS,0.01887379485248042,0.018697894610026036,0.6524290355861853,1245.6193420410157,1204.5909912109375,1148.5442126464843,1136.007692565918,1248.5757799558398,1209.6023280168424,1245.6193420410157,1292.2557464158724,1198.982937666159,0.07488066827613712,69.66183206715098,21.238855728808858,19.69184453026572,1.5470111985431387,19.192353718647592,15.594136219256633,18.840939807671138,-0.019735380225246475
2025-11-27,1296.0004592453204,1302.9950646537377,1280.0127897403665,1286.3079833984375,5924706,0.0,0.0,AXISBANK.NS,-0.0022476669968383156,-0.002250196791771256,0.6487149253782809,1247.5428588867187,1208.246171875,1149.7153100585938,1137.3709759521485,1252.1693231408492,1212.6103929337678,1247.5428588867187,1297.6116091609638,1197.4741086124736,0.0802677838562202,68.13904683463275,21.69116983596041,20.09170959140466,1.5994602445557504,19.991733725879076,15.141620232034953,18.794743596853184,-0.021938688659282456
2025-11-28,1286.3079857267776,1288.0066268242583,1274.0174159821017,1278.7137451171875,3093636,0.0,0.0,AXISBANK.NS,-0.005903903559072998,-0.005921400498508105,0.6389810714624433,1249.5962707519532,1211.4137280273437,1150.7355224609375,1138.7062719726562,1254.6973633290718,1215.2026812546862,1249.5962707519532,1301.2978749537942,1197.894666550112,0.08274929337093695,64.1794198721401,21.192545984814615,20.31187687008665,0.880669114727965,19.75619758914471,15.13047043627461,16.5314580946061,-0.027713068316298488
2025-12-01,1287.0074895694327,1288.0067189868003,1267.522515930765,1274.7169189453125,4098016,0.0,0.0,AXISBANK.NS,-0.0031256613821013524,-0.0031305564645472224,0.633858171621378,1251.7396179199218,1214.405419921875,1151.7407470703124,1139.9846438598634,1256.6039876734756,1217.5365729288285,1251.7396179199218,1303.8957653556336,1199.58347048421,0.08333386063530089,62.132993057516494,20.241540640606672,20.297809624190656,-0.056268983583983356,20.10592972016863,14.010264401596409,16.549787810215726,-0.03075210803098406
2025-12-02,1269.7206814849603,1280.012792541795,1254.1327280787623,1257.030517578125,8115347,0.0,0.0,AXISBANK.NS,-0.013874767883226169,-0.01397192218420216,0.6111887687360191,1252.953680419922,1216.9034936523437,1152.6660327148438,1141.1576113891601,1256.6446095691565,1219.0853550719382,1252.953680419922,1304.3737950707705,1201.5335657690734,0.08207823713581382,53.937089525979914,17.854897134906423,19.80922712633381,-1.954329991427386,20.798258114549885,14.755987636487806,16.746261845444977,-0.04420019755336048
2025-12-03,1254.0328509120545,1271.9190809099528,1254.0328509120545,1269.720703125,3582794,0.0,0.0,AXISBANK.NS,0.010095367908270703,0.010044750067088961,0.6274543121260829,1255.156982421875,1219.5974145507812,1153.7252160644532,1142.4556796264649,1257.8899518125702,1221.0710549955877,1255.156982421875,1305.4151366481676,1204.8988281955824,0.08008265887079323,58.19784324361297,16.793867626944348,19.20615522645592,-2.412287599511572,20.534170878503282,13.757018978994223,16.789456424355244,-0.03455104690100928
2025-12-04,1269.7206681913929,1281.8114407353803,1268.421743240615,1279.0135498046875,3216108,0.0,0.0,AXISBANK.NS,0.007318811654260848,0.007292159116509467,0.6393653437124485,1257.729998779297,1222.30732421875,1154.8813232421876,1143.821926574707,1259.9017230499146,1223.3433096939839,1257.729998779297,1307.3022741487364,1208.1577234098575,0.07882816728161428,61.03982593152506,16.512503301684774,18.667424841501692,-2.154921539816918,19.777613170740096,13.671998036583282,16.72333218528412,-0.027485107851474476
2025-12-05,1274.2172952640824,1284.0097922758284,1266.3234805034615,1281.51171875,2728214,0.0,0.0,AXISBANK.NS,0.0019531997496773368,0.0019512947352254314,0.6425673516914172,1260.7127014160155,1224.5396020507812,1155.9674853515626,1145.2031604003905,1261.9598178784943,1225.6244237746118,1260.7127014160155,1308.3373643139353,1213.0880385180958,0.07555196809618615,61.79185802410841,16.30316862309678,18.19457359782071,-1.8914049747239297,19.570628291976732,12.785036840815703,16.637365962410172,-0.025585592007572447
2025-12-08,1283.0105727184648,1287.806922715388,1264.1251123229204,1272.8184814453125,2969478,0.0,0.0,AXISBANK.NS,-0.006783580030908287,-0.006806693095444731,0.6314248646050613,1263.550518798828,1226.8358325195313,1156.9777075195314,1146.5344387817383,1262.9939763134294,1227.4751711342474,1263.550518798828,1306.5078489677837,1220.5931886298724,0.06799463817211246,57.623549064087854,15.259891256614537,17.607637129579476,-2.347745872964939,19.413610015976474,12.284606341539742,16.548057393359823,-0.03219561012745923
2025-12-09,1271.0197291988948,1280.4125094545745,1262.22646215608,1274.916748046875,4239279,0.0,0.0,AXISBANK.NS,0.0016485199045663812,0.001647162587133629,0.6341143009671673,1266.2184631347657,1229.0201489257813,1158.0768591308595,1147.9296215820314,1264.1294783832814,1229.335625130821,1266.2184631347657,1304.5762726564571,1227.8606536130742,0.060586400591141905,58.35379293097039,14.435989900587856,16.97330768378115,-2.537317783193295,19.627739273946027,11.99211975421174,16.448664582250856,-0.030600165327027664
2025-12-10,1272.0189640520778,1283.010486915057,1267.3226348920275,1277.6146240234375,2928746,0.0,0.0,AXISBANK.NS,0.0021161193314744864,0.0021138835045907012,0.6375722818292828,1269.0662658691406,1231.5102270507812,1159.1780090332031,1149.3610067749023,1265.413777968058,1231.2289192050414,1269.0662658691406,1301.1213051164561,1237.011226621825,0.05051751844551971,59.32435601938338,13.841185612365962,16.346883269498115,-2.5056976571321528,18.985368723881702,11.822229083757014,16.412085829730355,-0.028548799596948077
2025-12-11,1276.4155672355312,1281.0119977463942,1270.020475144826,1271.7191162109375,2017404,0.0,0.0,AXISBANK.NS,-0.004614464879819535,-0.004625144389027816,0.6300157620466156,1271.439434814453,1234.3180615234376,1160.3061376953126,1150.7569241333008,1266.014286372142,1232.8167700680178,1271.439434814453,1295.5757226217245,1247.3031470071817,0.037966869905673044,56.23991214774165,12.747139628147806,15.626934541228055,-2.8797949130802483,18.899720962864,11.922721477615884,16.412643854083235,-0.03303152704366649
2025-12-12,1277.0151531013842,1290.0051350969381,1276.9152545582056,1285.10888671875,2281078,0.0,0.0,AXISBANK.NS,0.010528874133548527,0.010473831558748066,0.6471779928409045,1273.6627197265625,1237.4056811523437,1162.1726977539063,1152.1339300537109,1267.8328197384856,1234.867441309223,1273.6627197265625,1293.6981990945549,1253.6272403585701,0.031461200924988525,61.17698662162975,12.812844386114193,15.064116510205283,-2.2512721240910896,18.47148495866148,11.951250882396218,16.422892101547312,-0.022850437700799663
2025-12-15,1284.009733605876,1289.4055965703628,1279.0135867825068,1283.8099365234375,1634472,0.0,0.0,AXISBANK.NS,-0.001010770533716454,-0.0010112817067338138,0.6455130738619548,1275.421368408203,1239.9097509765625,1164.023271484375,1153.4752386474609,1269.354449908481,1236.7867548470356,1275.421368408203,1292.1014394603835,1258.7412973560226,0.02615617311320116,60.46430654341394,12.614687193600048,14.574230646884237,-1.9595434532841889,18.285915514774825,11.838844075367806,16.419676084769442,-0.023838111685405648
2025-12-16,1276.1158469576924,1276.6154616594986,1215.9622856507456,1218.66015625,11542048,0.0,0.0,AXISBANK.NS,-0.05074721609482424,-0.05208014713270254,0.5620078663158237,1273.1331298828125,1240.6811572265624,1165.2383349609374,1154.5319815063476,1264.5264219410064,1236.0759078432304,1273.1331298828125,1303.2827931424104,1242.9834666232146,0.047362938803380404,37.11212364979925,7.118545243822155,13.083093566271822,-5.964548322449668,21.240778885838218,19.20385826765805,18.649730438401853,-0.07337560997523808
2025-12-17,1219.6592876851394,1235.0474436599686,1219.3595920738758,1223.756103515625,5147181,0.0,0.0,AXISBANK.NS,0.004181598322953395,0.004172879737317511,0.5685395557900499,1270.8498840332031,1240.9189697265624,1166.4364099121094,1155.6087130737305,1260.6435344719225,1235.5927782617557,1270.8498840332031,1308.2321403626374,1233.4676277037688,0.05883032575145223,39.09359601142483,3.1378424126917253,11.094043335555805,-7.956200922864079,20.769708349880894,19.17499853568601,18.65365205192165,-0.0695008389799029
2025-12-18,1225.1550731667012,1237.5455414162577,1219.259595647226,1228.852294921875,3441592,0.0,0.0,AXISBANK.NS,0.004164384873431626,0.004155737820868638,0.5750715581895611,1268.0820190429688,1241.7783056640626,1167.7823718261718,1156.715668029785,1257.615797371918,1235.3284455817604,1268.0820190429688,1309.3000561233237,1226.863981962614,0.06500847178869776,41.0925233103539,0.3898330427869041,8.953201277002025,-8.56336823421512,21.076617987514833,19.208071902658464,18.65055428053518,-0.06562588234901007
2025-12-19,1235.746885956047,1240.5432356172332,1228.152767306034,1229.651611328125,5055047,0.0,0.0,AXISBANK.NS,0.0006504576746555468,0.000650246218752729,0.5760960755727171,1265.8237548828124,1242.7775341796876,1169.2262585449218,1157.7886810302734,1254.9525415582234,1235.1058246306375,1265.8237548828124,1310.3078000593964,1221.3397097062284,0.0702847375157725,41.41728233947013,-1.7038451609737422,6.821791989406872,-8.525637150380614,20.498494077169394,19.155581945319096,18.390615025653386,-0.06501811153318449
2025-12-22,1234.0482954798545,1235.946855714303,1225.8546632801215,1232.2496337890625,2405809,0.0,0.0,AXISBANK.NS,0.002112811821660232,0.002110582973635533,0.5794260699932594,1264.0351318359376,1244.09251953125,1170.8210290527343,1158.8804248046874,1252.7903598659225,1234.9938171466542,1264.0351318359376,1310.9569015979948,1217.1133620738804,0.0742412431115045,42.52637607895339,-3.117524638136274,4.833928663898243,-7.951453302034517,19.37078893225144,19.102224252939354,18.266425226200628,-0.06304267074619369
2025-12-23,1238.045242047991,1238.045242047991,1222.5571861547353,1224.0560302734375,2920318,0.0,0.0,AXISBANK.NS,-0.006649304889976171,-0.006671510004858584,0.5689239845026974,1261.9717224121093,1244.9838330078126,1172.4277905273439,1159.9726333618164,1250.0537570475906,1234.5648843280967,1261.9717224121093,1312.1699880904382,1211.7734567337804,0.07955529396868077,39.95710748772794,-4.843201721055493,2.8985025869074965,-7.74170430796299,19.19949078191983,19.172773065162048,18.302141691783348,-0.06927278569730005
2025-12-24,1229.0520802122269,1234.447943008406,1223.756115954151,1225.35498046875,3155506,0.0,0.0,AXISBANK.NS,0.0010611852424944335,0.0010606225834567866,0.5705889034816474,1258.7791870117187,1245.7172680664062,1173.956611328125,1161.0985424804687,1247.7014926115105,1234.2037116277302,1258.7791870117187,1309.7995423996458,1207.7588316237916,0.08106323319349915,40.57010447089179,-6.036414785014813,1.1115191125230346,-7.147933897537848,19.006785750454792,19.172712362270648,18.280331861263154,-0.06828511171269408
2025-12-26,1224.0559328937265,1228.9521810205488,1221.058244894803,1227.25341796875,1665983,0.0,0.0,AXISBANK.NS,0.0015492959430203346,0.0015480970222231443,0.5730222104979643,1255.8264587402343,1246.74447265625,1175.55337890625,1162.1707958984375,1245.7540569312478,1233.931151092084,1255.8264587402343,1306.9738855971957,1204.679031883273,0.0814562020110155,41.50997285766274,-6.751034965780718,-0.4609917031377161,-6.290043262643002,18.30733034712471,19.15958624110629,18.28018384273442,-0.0668416096162189
2025-12-29,1227.2534168570169,1232.949097235554,1218.0605557924741,1231.050537109375,2209655,0.0,0.0,AXISBANK.NS,0.0030939976088311116,0.00308922104813819,0.5778891374558832,1253.4432983398438,1247.9915112304689,1177.2480712890624,1163.1639447021485,1244.353721710117,1233.8181858378603,1253.4432983398438,1304.542192955547,1202.3444037241404,0.08153363567922477,43.43678238511066,-6.931083609398684,-1.7550100843899097,-5.176073525008774,17.679239707882726,18.77017038966274,18.171632692476884,-0.0639544197877109
2025-12-30,1232.0498131128988,1251.1350696831464,1231.0505837429776,1245.039794921875,5673233,0.0,0.0,AXISBANK.NS,0.011363674675247903,0.011299593135076643,0.5958197562875394,1251.9594421386719,1248.9847436523437,1179.020704345703,1164.2093188476563,1244.4190620159986,1234.2582489391941,1251.9594421386719,1302.1731459685864,1201.7457383087574,0.08021618295259861,49.97513077059444,-5.8772084635509145,-2.5794497602221105,-3.297758703328804,17.814845798973938,18.974327056979345,18.245531238834463,-0.05331750233297487
2025-12-31,1245.0397618984655,1270.5201101556172,1244.0405325550478,1268.4217529296875,3711090,0.0,0.0,AXISBANK.NS,0.01878008888003424,0.01860592023374915,0.6257893931471339,1252.52900390625,1250.3676782226562,1181.0051733398439,1165.3805877685547,1246.705032579207,1235.5979941937235,1252.52900390625,1303.2408422559686,1201.8171655565313,0.0809751122593794,58.59100789424991,-3.119318653918299,-2.6874235389613483,-0.43189511495695054,18.585683340226783,19.408724625828526,18.45378929501629,-0.035538720885615264
2026-01-01,1269.021335005127,1278.214196672934,1262.8261615302456,1273.41796875,2022412,0.0,0.0,AXISBANK.NS,0.003938923160827779,0.003931185913953117,0.6321932526424292,1252.7138671875,1251.3349340820312,1183.037606201172,1166.6277551269532,1249.2491217383301,1237.0811304508322,1252.7138671875,1303.7157060571315,1201.7120283178685,0.08142615836789129,60.16961144394737,-0.5244724566716741,-2.2548333225034134,1.7303608658317393,18.899719950306785,19.408516289794665,18.449663395637263,-0.031739782015590044
2026-01-02,1272.918311604941,1280.8122479783322,1263.3257341026986,1265.9237060546875,5860547,0.0,0.0,AXISBANK.NS,-0.005885155447169388,-0.005902541220030546,0.6225875416308075,1252.059375,1251.9264770507812,1184.9431372070312,1167.9095837402344,1250.8371773875072,1238.2122118470618,1252.059375,1301.964337911224,1202.154412088776,0.07971660754702459,56.67921583470965,0.9166706732446528,-1.6205325233538002,2.537203196598453,18.842612449566282,19.171846198271254,18.42951293913385,-0.03743814391173846
2026-01-05,1273.2180455456032,1288.7061011587011,1269.0213308796485,1284.8092041015625,6177100,0.0,0.0,AXISBANK.NS,0.01491835404973374,0.014808169898463605,0.6467938770535431,1252.2242492675782,1252.4660620117188,1187.2183837890625,1169.2908319091796,1254.0726085031315,1240.03954487665,1252.2242492675782,1302.5588504635366,1201.8896480716198,0.08039231188087745,62.57150468312021,3.541860483348728,-0.5880539220132946,4.1299144053620225,19.727639972148967,19.554745321484283,18.550541647306098,-0.023078305347844837
2026-01-06,1303.5945822822944,1303.5945822822944,1284.409427601834,1292.802978515625,6751769,0.0,0.0,AXISBANK.NS,0.006221759922441006,0.0062024846834652075,0.657039833198316,1253.2234741210937,1253.50326171875,1189.4216845703124,1170.5924932861328,1257.761215170988,1242.108699137002,1253.2234741210937,1306.0130449224914,1200.433903319696,0.08424606128355512,64.75661544915883,6.195950054399873,0.768746873269339,5.427203181130534,16.251747386989564,19.550554163028504,18.2281013525321,-0.017000133100694852
2026-01-07,1292.0036354433014,1297.999011941878,1283.0105706954362,1294.501708984375,5440002,0.0,0.0,AXISBANK.NS,0.0013139902189120978,0.0013131276892520808,0.6592171673314864,1254.2027221679687,1254.330625,1191.6749475097656,1171.9026483154296,1261.260309819882,1244.1633269741542,1254.2027221679687,1309.3601528086606,1199.0452915272767,0.08795616476632873,65.22128254756902,8.340267105529392,2.28305091972135,6.057216185808042,16.15182980388051,19.532430850502493,18.228642533459404,-0.01570848089039724
2026-01-08,1290.1049625392075,1302.1956130273209,1282.810661621765,1285.808349609375,3949654,0.0,0.0,AXISBANK.NS,-0.006715602856809277,-0.006738253985286841,0.6480745237824881,1254.6124084472656,1255.14,1193.8812463378906,1173.0799822998047,1263.5982183712624,1245.796465116712,1254.6124084472656,1310.617233269905,1198.6075836246262,0.0892782893673946,60.80315481408546,9.231754450653398,3.6727916259077595,5.558962824745638,16.230330206489384,18.87580993146148,18.233440206936432,-0.02231859182806286
2026-01-09,1285.8084190520194,1294.3018688089537,1269.1212151673558,1271.019775390625,5531427,0.0,0.0,AXISBANK.NS,-0.011501382941900062,-0.011568035403197825,0.6291193875676762,1254.57744140625,1255.603642578125,1195.917677001953,1174.1718920898438,1264.3050333254876,1246.7856145392184,1254.57744140625,1310.5381507464783,1198.6167320660218,0.08921045045653328,54.09051417263827,8.645292695614899,4.667291839849188,3.9780008557657105,17.143914872946443,19.159193356638347,18.24106885339351,-0.03356328009862446
2026-01-12,1273.7176322643472,1278.613880584573,1265.5240002008,1273.218017578125,6489750,0.0,0.0,AXISBANK.NS,0.001729510610347873,0.0017280167290798674,0.6319369668339978,1253.9828979492188,1256.3150927734375,1197.8321997070314,1175.1959210205077,1265.1538889685958,1247.8221793642736,1253.9828979492188,1308.8191844190287,1199.1466114794089,0.0874593849078643,54.88776602151084,8.262650609666025,5.386363593812556,2.8762870158534692,17.358035440774415,19.093725366083326,18.201929030937148,-0.03189181753732528
2026-01-13,1273.018218268683,1283.0105119756586,1257.729960106514,1261.0274658203125,5163166,0.0,0.0,AXISBANK.NS,-0.009574598842860382,-0.009620730008783662,0.6163118250397279,1252.8437744140624,1256.898642578125,1199.6188220214844,1176.02072265625,1264.7608962878069,1248.3400337350986,1252.8437744140624,1305.9917478830998,1199.695800945025,0.08484373639306145,49.730188984486716,6.89623287378754,5.688337449807554,1.207895423979986,18.05749943905219,19.273972903452048,18.29813666551208,-0.041161065020896066
2026-01-14,1254.0328977976028,1306.9920560312862,1252.5340536966494,1297.7991943359375,7776704,0.0,0.0,AXISBANK.NS,0.029160132917251502,0.02874306468340587,0.6634436926936118,1256.8007263183595,1258.1996411132814,1201.8031384277344,1176.9260498046874,1267.9074008638192,1250.2796086606218,1256.8007263183595,1311.006337429093,1202.595115207626,0.08625967502345758,61.486239835703685,8.680445379701268,6.286759035786297,2.393686343914972,21.183654816222333,20.625967150006073,18.820182909894555,-0.01320119423066963
2026-01-15,1297.7991943359375,1297.7991943359375,1297.7991943359375,1297.7991943359375,0,0.0,0.0,AXISBANK.NS,0.0,0.0,0.6634436926936118,1260.502880859375,1259.6425317382811,1204.0004443359376,1177.9426965332032,1270.7542383373543,1252.1431218243597,1260.502880859375,1315.316416700482,1205.6893450182679,0.08697090133381807,61.48623983570369,9.979410216189763,7.02528927186699,2.9541209443227725,20.61980223581192,20.45218983758512,18.818480833433632,-0.01320119423066963
2026-01-16,1297.7991895256325,1307.9912805838399,1285.5086191528724,1293.20263671875,5175495,0.0,0.0,AXISBANK.NS,-0.003541809578283428,-0.00354809663525673,0.6575520918898945,1263.7203979492188,1260.9555200195311,1206.2317236328124,1178.9258776855468,1272.8921810403444,1253.7532988790417,1263.7203979492188,1318.2653166623936,1209.1754792360439,0.086324346432472,59.47000906658331,10.516715275700562,7.723574472633705,2.7931408030668576,21.16223937780389,20.394024266430314,18.83900821879684,-0.016696247692782062
2026-01-19,1305.992816944013,1325.9774048084967,1296.1004215558446,1306.492431640625,8833223,0.0,0.0,AXISBANK.NS,0.010276653128078461,0.010224207333777192,0.6745861797799677,1267.5624389648438,1262.6482153320312,1208.604893798828,1179.9572875976562,1276.0922049070377,1255.8215001638098,1267.5624389648438,1322.8235279853486,1212.3013499443389,0.08719268940413523,63.22481443804681,11.877986751698472,8.554456928446658,3.323529823251814,22.06868477180212,20.589123017316066,18.862418255019797,-0.006591176110782845
2026-01-20,1305.0934393364212,1309.889789042553,1289.0058710771407,1292.503173828125,6268527,0.0,0.0,AXISBANK.NS,-0.010707492423000842,-0.010765230140651222,0.6566555609483118,1270.5751159667968,1264.1770361328124,1211.0370178222656,1181.0006176757813,1277.6551543280937,1257.2599971702534,1270.5751159667968,1324.2780305216418,1216.872201411952,0.08453323834220018,57.21599120722967,11.693196125323993,9.182204767822126,2.510991357501867,21.66899479786233,20.74431581233965,18.828284495663432,-0.017228093565518864
2026-01-21,1289.005835224937,1296.699852272607,1266.423276770507,1283.9097900390625,3854702,0.0,0.0,AXISBANK.NS,-0.006648636508652217,-0.006670837149740667,0.6456410603035292,1273.567803955078,1265.4240747070312,1213.3652221679688,1182.0067218017577,1278.2508339196145,1258.3050870866773,1273.567803955078,1322.8439943654728,1224.2916135446833,0.07738290848334424,53.83150605944768,10.729649251113187,9.491693664480339,1.2379555866328484,22.732461966391725,20.846843236094365,18.73517024607293,-0.02376218674231687
2026-01-22,1289.0058962937878,1297.8990621440864,1280.4125480470777,1293.80224609375,5949677,0.0,0.0,AXISBANK.NS,0.007704946353268793,0.007675414849549763,0.6583206363899043,1276.990167236328,1266.8869482421876,1215.8592993164064,1183.03533203125,1279.7319207933417,1259.697132537935,1276.990167236328,1321.4385615902054,1232.5417728824507,0.06961430948223024,56.985864148512434,10.641600197320713,9.721674971048415,0.9199252262722979,22.73246198220423,20.951379496201746,18.59961017647942,-0.01624032676313404
2026-01-23,1296.0004620817394,1297.9989207742324,1247.03822411566,1257.030517578125,8885549,0.0,0.0,AXISBANK.NS,-0.02842144433327909,-0.028833153251745354,0.6111887687360207,1278.479022216797,1267.5424438476562,1217.8227844238281,1183.872844848633,1277.5698823918926,1259.5925594022563,1278.479022216797,1317.5866832424013,1239.3713611911926,0.06117841645581993,44.74738293785563,7.517986838289971,9.280937344496726,-1.7629505062067548,24.745197807529866,22.533341568198363,19.272169881640462,-0.04420019755336048
2026-01-27,1287.8068186364756,1332.172503629323,1277.4148091338427,1314.7860107421875,22715357,0.0,0.0,AXISBANK.NS,0.045945975341424417,0.044921715495715504,0.6852164081747458,1282.6657958984374,1269.0253002929687,1220.4167846679688,1185.215534057617,1281.1142755681112,1261.7570084744104,1282.6657958984374,1318.1558929774428,1247.175698819432,0.055338026775940546,59.47039562495523,9.59231215882346,9.343212307362073,0.2490998514613878,28.74211433401113,26.071091545119966,20.535164482441893,-0.00028504339880885087
2026-01-28,1346.96117816438,1368.344710877668,1309.1902595410845,1318.782958984375,15426403,0.0,0.0,AXISBANK.NS,0.0030399990641301056,0.003035387610487864,0.6903394644784537,1286.3529541015625,1270.4282202148438,1223.0657421875,1186.4289501953126,1284.701769226803,1263.993320259115,1286.3529541015625,1320.6877730507754,1252.0181351523497,0.05338320068335143,60.25961157158905,11.427026589856496,9.759975163860958,1.6670514259955382,31.896829340449813,26.07183353761961,20.53207535403082,0.0
2026-01-29,1316.9843142731056,1365.9465535746094,1304.9935617911046,1362.6490478515625,16107684,0.0,0.0,AXISBANK.NS,0.03326255360546204,0.032721323966154556,0.7465644715270963,1291.0643188476563,1272.3927026367187,1226.196326904297,1187.942565307617,1292.1253195720183,1267.862172321564,1291.0643188476563,1338.4269863666282,1243.7016513286844,0.07336995814623021,67.69464712622911,16.233547531326394,11.054689637354045,5.178857893972349,34.86597508173187,22.730152923685974,21.183420298745105,0.0
2026-01-30,1350.9581487855723,1377.6375249747894,1350.9581487855723,1369.343994140625,14758482,0.0,0.0,AXISBANK.NS,0.004913184579417695,0.004901154276702421,0.7551456651555619,1295.8606201171874,1274.391162109375,1229.3389038085938,1189.4532147216796,1299.4794790547426,1271.841851608586,1295.8606201171874,1353.9196274491599,1237.801612785215,0.08960687041592799,68.65841999220642,20.348412388513452,12.913434187585928,7.4349782009275245,34.97302669227609,22.732132160436443,21.188371269933114,0.0
2026-02-02,1337.9681888395623,1351.657583056608,1301.8960312952238,1310.4893798828125,8647298,0.0,0.0,AXISBANK.NS,-0.04298015291237944,-0.043931148885692266,0.6797092360836758,1298.0889038085938,1274.9167578125,1231.8969311523438,1190.4506964111329,1300.5280410383684,1273.3574409526732,1298.0889038085938,1354.7132549089235,1241.4645527082641,0.08724263944356017,53.53754936991618,18.645463633395593,14.05984007674786,4.585623556647732,38.85574686810667,26.474296891541016,22.474044963859612,-0.04298015291237946
2026-02-03,1401.9187671636068,1417.2070248903838,1344.4630799847705,1355.15478515625,10384723,0.0,0.0,AXISBANK.NS,0.03408299674846016,0.03351504051337615,0.7369587605154742,1301.606182861328,1276.523515625,1234.934588623047,1191.429398803711,1305.7305880972142,1276.5651799410489,1301.606182861328,1363.2720836225028,1239.9402821001534,0.094753546154205,60.62484728027484,20.661812879735407,15.38023463734537,5.281578242390037,44.672682092280006,28.023340235384232,22.844270103629885,-0.010362048575880222
2026-02-04,1368.6444460360808,1368.8443650997315,1335.5699776381928,1337.6683349609375,6672251,0.0,0.0,AXISBANK.NS,-0.012903655277501258,-0.0129876306119561,0.7145456434385467,1303.8494506835937,1277.9164404296876,1237.6185192871094,1192.1734088134765,1308.7722782747117,1278.9613820986915,1303.8494506835937,1367.402301712636,1240.2965996545513,0.09748495272321864,56.961524079799524,20.611180930321552,16.42642389594061,4.184757034380944,43.15956674420157,28.418213115498325,22.889238115588288,-0.02313199555058958
2026-02-05,1338.9673655022464,1338.9673655022464,1316.38480597186,1329.5745849609375,3766488,0.0,0.0,AXISBANK.NS,-0.006050640348181924,-0.006069019647683683,0.7041715443895578,1305.603094482422,1279.2014477539062,1240.0486450195312,1192.7162115478516,1310.7534503400666,1280.9462135834854,1305.603094482422,1369.9998581774482,1241.2063307873957,0.09864676940055042,55.29599928087929,19.690971500662954,17.079333416885078,2.6116380837778763,44.77260671065773,28.401267456063668,22.91026285244659,-0.029042672513159156
2026-02-06,1323.978857614386,1345.3623895967637,1323.6790400259413,1340.5660400390625,5876574,0.0,0.0,AXISBANK.NS,0.008266896195558537,0.008232912573460366,0.718259753646451,1308.3409790039063,1280.2286547851563,1242.4098229980468,1193.3449212646485,1313.5927445971138,1283.284245993508,1308.3409790039063,1373.8408954083768,1242.8410625994359,0.10012667562295303,57.12924516988186,19.622422392482804,17.587951212004626,2.034471180478178,44.71551300636166,28.43717463048418,22.84091290087961,-0.021015869076508428
2026-02-09,1348.9596813977641,1348.9596813977641,1329.6745053102466,1340.3663330078125,4077536,0.0,0.0,AXISBANK.NS,-0.0001489721694308832,-0.00014898326688667074,0.7180037807633046,1311.8083068847657,1281.3098217773438,1244.7779968261718,1194.0220520019532,1316.1426101600373,1285.5227592097551,1311.8083068847657,1376.324219715761,1247.2923940537703,0.09836179949829012,57.08344075698742,19.329167431814994,17.9361944559667,1.392972975848295,43.75197072048815,28.44976119850797,22.574461293236297,-0.02116171046633052
2026-02-10,1351.5576029795986,1359.0518231520896,1342.2648431514538,1355.6544189453125,5478998,0.0,0.0,AXISBANK.NS,0.011405901178667577,0.011341344310227654,0.7375991621112681,1315.930126953125,1282.8486352539062,1247.131181640625,1194.774624633789,1319.9056395681587,1288.2730203758554,1315.930126953125,1380.5983854820297,1251.2618684242202,0.09828524661660597,59.74429287078804,20.09869627038779,18.36869481885092,1.7300014515368716,43.59494016183563,28.55147606068772,22.625094304879255,-0.00999717766601359
2026-02-11,1356.9535467798464,1358.9520056116282,1343.7637672805854,1346.2618408203125,3866272,0.0,0.0,AXISBANK.NS,-0.006928445770351566,-0.0069525588929342155,0.7255603005459719,1320.191845703125,1284.2795336914062,1249.3424768066407,1195.6839031982422,1322.4157539731257,1290.5470917658342,1320.191845703125,1380.7278517318823,1259.6558396743676,0.09170789264573333,57.39006267859713,19.723293016900698,18.639614458460876,1.0836785584398214,42.51720179247442,28.598890713253876,22.349877734063845,-0.016856358533049568
2026-02-12,1346.8613439479982,1356.6537189643552,1335.1702866842277,1338.9674072265625,4152620,0.0,0.0,AXISBANK.NS,-0.0054182874182227,-0.005433019576973903,0.716210718880139,1322.2502563476562,1285.918271484375,1251.4108825683593,1196.4244244384765,1323.9921019020244,1292.445927666255,1322.2502563476562,1382.3786066287148,1262.1219060665976,0.09094851748737222,55.55901978921757,18.62251464823521,18.636194496415744,-0.013679848180533583,42.80269594841148,28.27954421949504,22.199790779948543,-0.02218331335591557
2026-02-13,1340.2663796042373,1345.4623234479259,1315.0857267297542,1331.2733154296875,4624549,0.0,0.0,AXISBANK.NS,-0.005746287590981725,-0.005762861022486454,0.7063488785227283,1323.9239624023437,1287.1493237304687,1253.373369140625,1197.1539306640625,1324.6855508094209,1293.9685703236446,1323.9239624023437,1383.0416385073622,1264.8062862973252,0.08930675444191788,53.61587273053514,16.934085359664095,18.295772669065414,-1.3616873094013187,41.332403095525706,28.359806657630333,21.810052565039335,-0.027802129248633362
2026-02-16,1322.9796798725715,1360.8504972188548,1322.9796798725715,1357.2532958984375,5082167,0.0,0.0,AXISBANK.NS,0.01951513649949832,0.01932715790548096,0.7396485098028653,1327.1264953613281,1288.7141186523438,1255.5107214355469,1198.0248187255859,1327.7872408178987,1296.4503242677542,1327.1264953613281,1386.1763289200644,1268.0766618025918,0.08898900559235563,58.84938840142448,17.490737944648117,18.134765724181957,-0.6440277795338396,38.67017675946037,28.7275720009685,21.685971896060177,-0.008829555096398841
2026-02-17,1357.2533026228227,1359.851274590649,1349.3593662013097,1356.154052734375,4513065,0.0,0.0,AXISBANK.NS,-0.0008099027406190951,-0.0008102308890345569,0.738239563707062,1329.6095764160157,1290.2069653320314,1257.3732836914062,1198.898197631836,1330.488841952801,1298.7916469527197,1329.6095764160157,1389.1803466710153,1270.038806161016,0.08960640974860244,58.54837997137374,17.63984820247765,18.035782219841096,-0.39593401736344447,35.19428083465721,28.496663071528765,21.65924216464782,-0.009632306756146956
2026-02-18,1361.9496315905558,1377.4376868287463,1352.7567701751589,1375.9388427734375,5556076,0.0,0.0,AXISBANK.NS,0.014588895707807747,0.01448350158810467,0.7635985594171695,1333.7813598632813,1292.2693725585937,1259.5526025390625,1199.9214172363281,1334.8174134595283,1301.8170271809831,1333.7813598632813,1394.092228993255,1273.4704907333075,0.09043591542793175,62.28730400015137,19.133922416685436,18.255410259209967,0.8785121574754697,32.6034183253774,28.707849011722057,21.65650047616549,0.0
2026-02-19,1380.0356854729655,1381.7344486208985,1349.9589052436156,1355.5545654296875,2744704,0.0,0.0,AXISBANK.NS,-0.014814813500476531,-0.014925648882572915,0.737471175669695,1337.3635986328125,1293.88212890625,1261.4511389160157,1200.901619873047,1336.7923803138292,1303.924381622109,1337.3635986328125,1393.5735523385908,1281.153644927034,0.08406083994396417,56.620628124446064,18.460346785959928,18.29639756455996,0.16394922139996737,32.967430267382106,29.13038667719815,21.779109412858688,-0.014814813500476549
2026-02-20,1349.95888845452,1375.439237570427,1349.95888845452,1367.24560546875,3791536,0.0,0.0,AXISBANK.NS,0.00862454403328039,0.008587565118795154,0.7524560723308138,1341.0357666015625,1295.6747485351561,1263.5924877929688,1201.9407763671875,1339.6926874714406,1306.4075668709968,1341.0357666015625,1394.8063343673728,1287.2651988357522,0.080192593076134,58.92850110718741,18.654860847214877,18.368090221090945,0.286770626123932,29.969743572418224,29.0845653211875,21.786196830847796,-0.006318040478575929
2026-02-23,1379.4361742227843,1400.9196061284633,1379.1363566149982,1385.63134765625,6160153,0.0,0.0,AXISBANK.NS,0.013447285633217732,0.013357673355181657,0.7760218496951132,1347.4658081054688,1297.9529931640625,1266.13552734375,1203.0174505615234,1344.0677979652319,1309.514381803752,1347.4658081054688,1388.0886604013451,1306.8429558095925,0.06029518827344775,62.32330107974543,20.061335789397845,18.706739334752328,1.3545964546455167,24.752340404714086,28.96104776368345,21.77234121967022,0.0
2026-02-24,1396.9226494184725,1396.9226494184725,1382.4338236555484,1386.5306396484375,7888492,0.0,0.0,AXISBANK.NS,0.0006490124474367587,0.0006488019299390211,0.7771745099824849,1351.0530395507812,1299.9814282226562,1268.6935546875,1204.2039501953125,1348.1118781255373,1312.534627209426,1351.0530395507812,1392.1927346345485,1309.913344467014,0.06090019248607149,62.4866303259959,21.0063940279274,19.166670273387343,1.8397237545400564,23.410514569098755,28.96699636194234,21.731019009596842,0.0
2026-02-25,1392.9257588022874,1403.2178702295591,1386.5306663608878,1401.9188232421875,4379373,0.0,0.0,AXISBANK.NS,0.01109833649089187,0.011037201866995023,0.7968981906973065,1355.2098327636718,1302.3436059570313,1271.1266784667969,1205.2083123779296,1353.2363490890277,1316.039889798946,1355.2098327636718,1399.3141234834843,1311.1055420438593,0.06508850460429569,65.26168283689286,22.734982575246704,19.880332733759214,2.8546498414874897,22.989419644151276,28.805991711199546,21.500000343455685,0.0
2026-02-26,1401.918780685966,1404.616651145543,1384.9318817040264,1394.424560546875,8979547,0.0,0.0,AXISBANK.NS,-0.005345718005255629,-0.005360057481780453,0.7872924796856846,1356.7986083984374,1305.8588940429688,1273.2700256347657,1206.2221264648438,1357.1590358945368,1319.1137984557274,1356.7986083984374,1404.1975068492143,1309.3997099476605,0.06986873093380666,62.82421747398078,23.23236879958563,20.550739946924498,2.681628852661131,22.846663920629435,27.876354409427645,21.53237122221727,-0.0053457180052555965
2026-02-27,1385.9310826257845,1394.4245319425252,1379.935706637497,1382.83349609375,5840317,0.0,0.0,AXISBANK.NS,-0.008312435667784834,-0.008347176616371613,0.7724357259287817,1357.4730834960938,1309.0404418945313,1274.9797058105469,1207.168500366211,1359.6042225801762,1321.6126101278066,1357.4730834960938,1405.9942548250554,1308.9519121671321,0.07148748939315705,59.14482570233629,22.432659203594994,20.9271237982586,1.5055354053363956,22.504069479333744,28.045893801897996,21.335880558025917,-0.013613717736023599
2026-03-02,1368.0449464468218,1383.6329006836204,1352.5568907547233,1371.2425537109375,5132511,0.0,0.0,AXISBANK.NS,-0.00838202315430947,-0.008417349855046542,0.7575791286345215,1360.5107421875,1311.8882470703124,1276.8332763671874,1207.9890301513672,1360.71263506882,1323.5588824251845,1360.5107421875,1403.9922005883448,1317.0292837866552,0.06391931655156652,55.63582399788942,20.62582968100105,20.86686497480709,-0.24103529380603916,23.3891066068066,28.16784286834782,21.357385384735316,-0.021881630393053467
2026-03-04,1343.4638586340375,1356.5537387000065,1325.977345040809,1350.2586669921875,5832353,0.0,0.0,AXISBANK.NS,-0.015302826375947931,-0.015421123023906408,0.7306832003870376,1360.265936279297,1314.3003881835937,1278.5389611816406,1208.7061376953125,1359.7170190615216,1324.6059328003612,1360.265936279297,1403.9291135598141,1316.6027589987798,0.06419800145837368,49.86765901756836,17.3012420298262,20.153740385810913,-2.8524983559847144,25.537461631027004,28.49684052173325,21.35836284511918,-0.036849605978273886
2026-03-05,1353.8558818023537,1354.7552126199696,1334.2710107771431,1348.060302734375,6057499,0.0,0.0,AXISBANK.NS,-0.001628106015204911,-0.0016294328201182165,0.7278654646580733,1360.7855346679687,1316.6166015625,1280.354560546875,1209.4422045898436,1358.6068556017933,1325.5257120134597,1360.7855346679687,1403.5546165742908,1318.0164527616466,0.06285940115722602,49.2910917396996,14.323974874808982,18.987787283610526,-4.663812408801544,25.466088028362638,28.286389310246772,21.22547851228483,-0.03841771692832761
2026-03-06,1345.9619172738485,1346.8612480726197,1312.4877344760207,1314.7860107421875,11629935,0.0,0.0,AXISBANK.NS,-0.02468308867540625,-0.024992823541461325,0.685216408174746,1360.0461059570312,1318.431201171875,1281.7075170898438,1210.0468432617188,1354.4334418056405,1325.1045472577234,1360.0461059570312,1405.5134359683088,1314.5787759457535,0.06686145390531953,41.474672765849135,9.173762501845658,17.024982327257554,-7.851219825411896,25.8372288526614,29.208869050957944,21.601764690213386,-0.06215253769008523
2026-03-09,1281.21185421577,1290.005121495157,1259.8284431987802,1287.3072509765625,7926265,0.0,0.0,AXISBANK.NS,-0.020899796271876547,-0.02112128854520172,0.6499957285698703,1357.3831665039063,1319.6702465820313,1282.6937573242187,1210.5041046142578,1348.04047125049,1323.6223003447367,1357.3831665039063,1412.8035011574282,1301.9628318503844,0.08165761300291238,36.34844171172721,2.8421137097943756,14.188408603764918,-11.346294893970542,27.05771100959883,29.80497493573102,21.871466055431334,-0.08175335858645887
2026-03-10,1294.2017954025807,1318.483117211831,1283.609988769071,1313.686767578125,6289277,0.0,0.0,AXISBANK.NS,0.020492012751074595,0.020284876437597937,0.6838074620789427,1356.0491882324218,1321.3989135742188,1284.0716931152344,1211.1396881103515,1344.7686899483601,1323.2326716087912,1356.0491882324218,1414.4009830247096,1297.697393440134,0.08606147225138347,43.56040469772583,-0.046619645788268826,11.341402953854281,-11.38802259964255,28.79922672770033,29.11502952193823,22.125673927679813,-0.06293663670198116
2026-03-11,1308.9904577529614,1316.4846779309364,1251.7345668027367,1254.832275390625,6859908,0.0,0.0,AXISBANK.NS,-0.04480100861181879,-0.04583559226125261,0.6083711894696993,1351.0080810546874,1321.8745483398438,1284.9330297851564,1211.3731744384766,1336.2033171333378,1320.5503031296475,1351.0080810546874,1424.8640991032091,1277.1520630061657,0.10933467990933816,34.23931000102901,-7.004286242517537,7.672265114579918,-14.676551357097456,31.661312047315487,28.99225563292332,23.354887647672943,-0.1049180205109156
2026-03-12,1242.2419531270289,1250.1358898575004,1230.8508354394771,1233.5487060546875,9663320,0.0,0.0,AXISBANK.NS,-0.016961286184093427,-0.017106776277913485,0.5810911454348529,1345.3724243164063,1321.6447265625,1285.314735107422,1211.47478515625,1326.4266875067997,1317.1384757933745,1345.3724243164063,1436.041103526415,1254.7037451063975,0.1347859931885823,31.605484514586607,-14.073463195613613,3.3231194525412127,-17.396582648154826,31.104590374020127,29.30440424302068,23.51827997126988,-0.1200997621232548
2026-03-13,1223.0566935167647,1233.548601426835,1193.3796313616317,1196.3773193359375,9098187,0.0,0.0,AXISBANK.NS,-0.030133700060889224,-0.03059705209915968,0.5334470190893912,1338.242919921875,1320.203837890625,1285.2857580566406,1211.4883795166015,1314.0410333952889,1312.4027441675926,1338.242919921875,1450.811743321048,1225.674096522702,0.16823376641625662,27.610739894740775,-22.416849627078136,-1.8248743633826572,-20.591975263695478,32.153785058102194,28.410984857103845,24.056659223786333,-0.14661441197493774
2026-03-16,1198.2758601545113,1218.9599821354238,1179.1906028112269,1213.763916015625,8743794,0.0,0.0,AXISBANK.NS,0.014532703352599707,0.014428115695757533,0.5557321497247456,1332.367449951172,1319.0107568359374,1285.1728454589843,1211.5933996582032,1304.4908317400827,1308.5345548282996,1332.367449951172,1457.9790393311537,1206.7558605711902,0.188553974933244,31.94370667690542,-27.311263197201015,-6.922152130146329,-20.389111067054685,32.58916924842246,28.812255477646016,24.163747560019548,-0.13421241237878573
2026-03-17,1218.7600133529452,1231.3504009913356,1209.0675372579854,1227.153564453125,5707317,0.0,0.0,AXISBANK.NS,0.011031509720155208,0.01097110643708363,0.5728942240563921,1325.8624633789063,1318.2353540039062,1285.0809155273437,1211.7304248046876,1297.1253777127536,1305.343143441038,1325.8624633789063,1459.2800101245018,1192.4449166333109,0.2012539768349521,35.16238468780264,-29.766558133796707,-11.491033330876405,-18.2755248029203,33.14588624631004,26.606421574192048,24.232880903058415,-0.12466146819035259
2026-03-18,1227.0537204854681,1259.0290617359037,1223.25659992148,1252.2342529296875,6018952,0.0,0.0,AXISBANK.NS,0.020438100986765795,0.020232045854170853,0.6050411950491572,1320.6664733886719,1317.5838549804687,1285.0249584960939,1212.0402758789062,1292.8500324953188,1303.2604418523576,1320.6664733886719,1457.1753627864068,1184.157583990937,0.20672727315848263,40.80937603972855,-29.350263540306287,-15.062879372762382,-14.287384167543905,34.50911704868876,25.255748773166154,24.455944857974497,-0.10677121087961977
2026-03-19,1220.0590351044686,1240.543236758557,1201.0736774738505,1206.06982421875,8264698,0.0,0.0,AXISBANK.NS,-0.03686564922092861,-0.037562364164157314,0.5458703093673349,1312.1730224609375,1315.8491918945313,1284.6762268066407,1212.1083227539064,1284.585250754693,1299.4490450824123,1312.1730224609375,1455.1852031804362,1169.1608417414388,0.21797762683961303,34.80126660230228,-32.37226335949458,-18.524756170108823,-13.847507189385759,36.757388906854494,27.007108985588328,25.22546867597169,-0.13970067009336656
2026-03-20,1207.6686193933658,1230.850814485364,1198.7754534047704,1202.9722900390625,7518686,0.0,0.0,AXISBANK.NS,-0.0025682876044875735,-0.00257159131289179,0.5419000698136414,1304.5439086914062,1314.018603515625,1284.1746142578124,1212.2252770996095,1276.812587829395,1295.6656429238496,1304.5439086914062,1453.9483913728004,1155.139426010012,0.22905243999224612,34.43493826566724,-34.61810909701626,-21.74342675549031,-12.874682341525947,38.01356799051276,26.995198668713442,25.217663568341543,-0.1419101661985147
2026-03-23,1180.0898858184764,1184.1867018397022,1164.1022159005292,1169.6978759765625,6697446,0.0,0.0,AXISBANK.NS,-0.027660166687147436,-0.028049912875641497,0.4992508568676717,1294.666522216797,1311.6963940429687,1283.4181970214843,1212.2282745361329,1266.6111867005538,1290.7257304945445,1294.666522216797,1452.49972321606,1136.833321217534,0.2438206260698123,30.696859850006703,-38.637535692971824,-25.122248542986615,-13.515287149985209,38.57028686262964,27.6701445725721,25.637509463921194,-0.1656450740340105
2026-03-24,1186.0852033826384,1201.8730754363555,1168.698588811437,1191.78076171875,8274701,0.0,0.0,AXISBANK.NS,0.018879136395584917,0.018703137191717466,0.5275554182856741,1284.9739929199218,1310.1116137695312,1282.857628173828,1212.4015887451171,1259.4844795594297,1286.8455356405918,1284.9739929199218,1443.0950289162124,1126.8529569236312,0.24610776072904467,35.68662911962245,-39.584747574266885,-28.014748349242673,-11.569999225024212,37.70666385940035,28.461608484160273,25.83328141803659,-0.1498931735843704
2026-03-25,1199.0752581820623,1238.0452040729795,1197.0767994184255,1221.158203125,9645791,0.0,0.0,AXISBANK.NS,0.02465003828714507,0.024351128229901667,0.5652097178321518,1276.70537109375,1309.0704174804687,1282.6927551269532,1212.5440789794923,1255.834357994246,1284.269561816451,1276.70537109375,1429.6773637218405,1123.7333784656596,0.23963554331574521,41.70026286418569,-37.53225731125849,-29.918250141645835,-7.6140071696126554,39.54810961021485,29.32041686532074,26.068301995579173,-0.1289380077650618
2026-03-27,1208.5679755024764,1212.5648931560606,1201.0737549020064,1204.271240234375,9479301,0.0,0.0,AXISBANK.NS,-0.01382864468126288,-0.013925151123231387,0.5435649887925913,1266.8229919433593,1307.93529296875,1282.4169677734376,1212.47583984375,1250.923584874258,1281.1323727348008,1266.8229919433593,1411.0210365843636,1122.624947302355,0.22765302738908855,39.418561826098234,-36.84357101315368,-31.303314315947404,-5.540256697206274,38.4418153219748,29.46226360758015,26.146094446807076,-0.1409836145510317
2026-03-30,1184.1867379087505,1187.883959875634,1153.0108294096656,1160.4051513671875,18534887,0.0,0.0,AXISBANK.NS,-0.03642542261380444,-0.03710539154276172,0.48733998174394877,1255.122021484375,1305.187412109375,1281.693526611328,1212.1238751220703,1242.3027816831086,1276.3979718968553,1255.122021484375,1393.5883986770089,1116.655644291741,0.22064209666065152,34.18583369439068,-39.38342136144388,-32.9193357250467,-6.464085636397179,38.177732699210665,30.966193737791137,26.74247678194554,-0.1722736494231931
2026-04-01,1174.0945147139696,1207.0690840633831,1174.0945147139696,1192.1805419921875,6595695,0.0,0.0,AXISBANK.NS,0.027383014102929648,0.02701480601863318,0.5280678334398945,1245.589373779297,1303.0750390625,1281.3587854003906,1211.9377758789062,1237.529235045878,1273.0953275868683,1245.589373779297,1372.8317329207423,1118.3470146378515,0.20430867799614216,40.36171846754882,-38.389729688606394,-34.01341451775864,-4.376315170847754,39.01993300302748,32.31640857610144,27.14505821819429,-0.14960800709198183
2026-04-02,1173.694834782652,1201.3735624884298,1149.4136334255566,1196.9769287109375,9501543,0.0,0.0,AXISBANK.NS,0.004023205001093988,0.0040151335533369905,0.5342155635894008,1236.8760925292968,1301.1505249023437,1281.0530224609374,1211.8680084228515,1233.6671106330266,1270.110292336832,1236.8760925292968,1351.0886903183523,1122.6634947402413,0.18467912587024193,41.257780607644925,-36.7910887857297,-34.56894937135286,-2.2221394143768407,38.10634856978988,31.664268535094823,27.077906049960454,-0.14618670577322393
2026-04-06,1201.1735518383607,1248.8368640111612,1195.4779934543012,1244.34033203125,7847086,0.0,0.0,AXISBANK.NS,0.039569186493276565,0.03880638357416975,0.5949232253459573,1231.58017578125,1299.9074829101562,1281.2778491210938,1212.0704998779297,1234.6836079090479,1269.0997056581816,1231.58017578125,1332.7320991343577,1130.4282524281425,0.1642636433132615,49.35061376784386,-31.341043496832754,-33.92336819644884,2.5823246996160876,40.204736470197886,34.08629115532198,27.875254533976857,-0.11240200830352581
2026-04-07,1236.846148755743,1254.5324596108962,1220.0590467422576,1249.1365966796875,9248545,0.0,0.0,AXISBANK.NS,0.003854463706571387,0.0038470542947749266,0.601070799032821,1226.6339904785157,1299.0401513671875,1281.60859375,1212.2490509033203,1236.0600830300612,1268.3168386394173,1226.6339904785157,1312.291746509711,1140.9762344473204,0.13966310520676145,50.10032305517567,-26.331294099139996,-32.40495337698707,6.073659277847078,39.79790348273952,33.755181992868216,27.868974422351585,-0.10898079405850607
2026-04-08,1299.0981069582683,1334.5707503418926,1299.0981069582683,1331.9727783203125,13519723,0.0,0.0,AXISBANK.NS,0.0663147504130539,0.06420854521374175,0.7072454094643112,1227.4933288574218,1300.0014111328126,1282.7127429199218,1212.8432806396484,1245.1946254386564,1270.8131499994524,1227.4933288574218,1317.1272690314747,1137.859388683369,0.1460438734237133,60.87247942243032,-15.498190547289369,-29.023600811047533,13.525410263758165,43.059673078311526,39.06004105929618,29.994139670260772,-0.049893077803258454
2026-04-09,1321.281007006804,1337.5683720869056,1311.788328262907,1317.48388671875,6542529,0.0,0.0,AXISBANK.NS,-0.01087776855307343,-0.010937364048809465,0.6886743890368614,1229.0021606445312,1300.4750439453126,1283.68099609375,1213.3356134033204,1252.0793169891415,1272.6433749688367,1229.0021606445312,1323.745824902114,1134.2584963869483,0.15417981723953358,58.49391257406576,-7.989907715082836,-24.816862191854593,16.826954476771757,43.309471656214974,39.08206998103959,29.898031366023638,-0.06022812100358752
2026-04-10,1327.775987854385,1357.552948822845,1325.077995466752,1349.759033203125,6755589,0.0,0.0,AXISBANK.NS,0.02449756449375462,0.024202311430697038,0.7300427987912437,1230.8057739257813,1302.3296142578124,1284.9360290527343,1214.006793823242,1261.382147104759,1275.667518429005,1230.8057739257813,1333.386574742348,1128.2249731092145,0.16668885211575635,62.05113411487326,0.5583586988188927,-19.741818013719897,20.30017671253879,43.61637167690579,39.563907864589694,30.164320763317363,-0.037205998788456006
2026-04-13,1316.9843426965365,1365.846684510496,1314.286472120357,1352.556884765625,8974851,0.0,0.0,AXISBANK.NS,0.0020728526304880646,0.0020707072356874866,0.733628922557575,1235.6920043945313,1303.0850317382813,1286.055166015625,1214.6759893798828,1270.065455453413,1278.6827876971079,1235.6920043945313,1351.543046287054,1119.8409625020086,0.18750795745301896,62.35235017130573,7.472545800749685,-14.298945250825982,21.771491051575666,43.64491717221308,39.56988871750487,30.14429791424324,-0.035210268710426616
2026-04-15,1365.946582373461,1383.4330967783883,1347.9604532712501,1354.4554443359375,6789879,0.0,0.0,AXISBANK.NS,0.0014036818648417437,0.0014026976243855635,0.7360623860365341,1241.7373413085938,1303.7984814453125,1287.1133508300782,1215.3876245117187,1278.1025972517489,1281.6542644280423,1241.7373413085938,1369.158063850202,1114.3166187669856,0.20522975077374586,62.569465053367274,12.955938785925582,-8.84796844347567,21.803907229401254,43.887580202680546,39.421849280749846,30.137114804673576,-0.0338560108612298
2026-04-16,1360.950405135781,1363.448478566647,1341.9650470611996,1348.5599365234375,5232398,0.0,0.0,AXISBANK.NS,-0.004352677555510498,-0.004362178034833321,0.7285058662538668,1249.3464721679688,1303.51669921875,1287.9547009277344,1216.0343395996094,1284.8128200395288,1284.2780162749207,1249.3464721679688,1383.3666987154597,1115.326245620478,0.21454453113383026,61.385606147714974,16.63410145552598,-3.751554463675341,20.38565591920132,42.64567715746013,39.41306055584866,30.047348773244277,-0.03806132411814548
2026-04-17,1351.957337543237,1363.248678214176,1343.0641717554277,1358.0526123046875,4062181,0.0,0.0,AXISBANK.NS,0.007039120415902378,0.007014461458409132,0.7406730271860213,1256.5609069824218,1303.2908715820313,1288.841016845703,1216.7679541015625,1291.7880383504964,1287.1711376878527,1256.5609069824218,1397.8532098572873,1115.2686041075563,0.2248873128071015,62.61225125567729,20.08354091476508,1.0154646120127437,19.06807630275234,41.71782143130512,39.410539086566565,30.02537765654978,-0.03129012194589952
2026-04-20,1358.4523557219322,1372.941181877113,1346.9612177367892,1353.656005859375,4878641,0.0,0.0,AXISBANK.NS,-0.00323743454817349,-0.003242686377432643,0.7350377121907357,1262.8860290527343,1304.1542041015625,1289.5354809570313,1217.3787493896484,1297.6802257322945,1289.7783874200693,1262.8860290527343,1409.847691502644,1115.9243666028246,0.2327393906798426,61.635654341199256,22.206494496425876,5.25367058889537,16.952823907530504,40.26893013031185,39.34708819169612,30.013677189281672,-0.03442625677226883
2026-04-21,1359.9512233524406,1379.236399704072,1353.656029295873,1376.6383056640625,5145338,0.0,0.0,AXISBANK.NS,0.016977946912071662,0.01683543237907151,0.7644950903587522,1269.1062316894531,1304.5838745117187,1290.5536950683593,1218.1463879394532,1305.2000428686533,1293.1846587237553,1269.1062316894531,1424.4608482932554,1113.7516150856509,0.24482523641380574,64.73231461847632,25.45005760611889,9.292947992340075,16.157109613778815,40.661497674719236,39.378042258659036,30.13497854841064,-0.018032797020058045
2026-04-22,1368.944287324286,1389.928104867213,1364.947369697062,1378.536865234375,3997911,0.0,0.0,AXISBANK.NS,0.0013791273731822429,0.0013781772504863356,0.7669285538377115,1277.7295837402344,1305.4012451171875,1291.6588427734375,1219.0528094482422,1312.1845021415793,1296.5318040771128,1277.7295837402344,1437.437047333379,1118.0221201470897,0.24998632828965411,64.98376404759996,27.85273365372541,13.004905124617142,14.847828529108266,38.78437798510793,39.37063683612026,30.1064230929915,-0.016678539170861227
2026-04-23,1367.945042422019,1383.1332804429271,1364.347840993514,1368.5445556640625,5671255,0.0,0.0,AXISBANK.NS,-0.00724848919336929,-0.007274887131963708,0.7541209913097633,1286.0081970214844,1306.18064453125,1292.6910461425782,1220.0385583496093,1317.5521262865777,1299.355833551111,1286.0081970214844,1446.5623351685717,1125.454058874397,0.24969380213741368,62.459702488064174,28.620654766283906,16.128055052950497,12.492599713333409,36.79305703890918,38.69928213546071,30.13832905428515,-0.02380613415328931
2026-04-24,1367.9449987412254,1373.9403749227063,1348.9596408332025,1364.847412109375,3648313,0.0,0.0,AXISBANK.NS,-0.0027015149337930033,-0.002705170610656534,0.7493822072560601,1295.765673828125,1306.6662719726562,1293.4474633789061,1220.9958380126952,1322.0564392220822,1301.9241307494744,1295.765673828125,1450.158960117387,1141.372387538863,0.23830433141994364,61.50776130311374,28.601212223142284,18.622686486988854,9.97852573615343,34.86597168366851,38.1342489832065,30.14390301317591,-0.02644333646015127
2026-04-27,1323.9788756219436,1326.2771518946506,1298.8982435808812,1323.179443359375,10768267,0.0,0.0,AXISBANK.NS,-0.030529397191442875,-0.031005126771986403,0.6959746230110968,1302.3356079101563,1306.3225341796874,1293.8161779785157,1221.7657440185546,1322.1633919970625,1302.757672420451,1302.3356079101563,1449.091749845548,1155.5794659747646,0.22537376854939825,51.906045493118654,24.936099193921336,19.88536902837535,5.0507301655459855,35.76527868164236,38.87092849199361,30.5870853971642,-0.0561654345297352
2026-04-28,1310.9889903752908,1320.3817712564608,1284.5094109203021,1288.0067138671875,9939787,0.0,0.0,AXISBANK.NS,-0.02658197999425438,-0.026941669317578097,0.6508922595114528,1305.6780334472655,1304.969580078125,1293.9091076660156,1222.3223150634765,1318.9103750323125,1302.1792034575778,1305.6780334472655,1447.6154508405311,1163.740616054,0.2174156472840718,45.4555344728487,18.97459803838683,19.703214830377647,-0.7286167919908166,36.06503722238766,37.35375153194418,30.875825754976255,-0.08125442606695152
2026-04-29,1294.0020554402972,1308.1910639372534,1278.014385257251,1295.4010009765625,6228275,0.0,0.0,AXISBANK.NS,0.005740876215756696,0.005724460184198708,0.660369827618859,1310.234521484375,1303.95236328125,1294.115948486328,1222.9283477783204,1316.671387027003,1301.9133915955772,1310.234521484375,1444.0856899627051,1176.3833530060447,0.20431635143712928,46.94816229289758,14.677529175528889,18.698077699407897,-4.0205485238790075,32.11807472365889,36.975582273606896,30.888922304083156,-0.0759800214532276
2026-04-30,1287.0074012162179,1287.0074012162179,1256.3311089994636,1267.3226318359375,16481853,0.0,0.0,AXISBANK.NS,-0.02167542646598053,-0.021913789226411934,0.6243806035139736,1315.5803955078125,1302.5194677734376,1294.2188696289063,1223.442451171875,1311.9715055802349,1300.5568912128463,1315.5803955078125,1431.5864438358974,1199.5743471797275,0.17635721651705938,42.22306407102111,8.903744588846621,16.739211077295643,-7.835466488449022,33.06734959173749,36.415999336798656,29.896022354014484,-0.09600854855131503
2026-05-01,1267.3226318359375,1267.3226318359375,1267.3226318359375,1267.3226318359375,0,0.0,0.0,AXISBANK.NS,0.0,0.0,0.6243806035139736,1319.3375,1301.2404541015626,1294.1948889160155,1223.9600524902344,1307.7192318903017,1299.2535869235558,1319.3375,1422.6934375270403,1215.98156247296,0.15667854135433906,42.22306407102113,4.2786570113737525,14.247100264111266,-9.968443252737513,30.20527372715927,36.23055067556469,29.890064856619443,-0.09600854855131503
2026-05-04,1267.3226232305547,1293.4024846611255,1263.525502940515,1274.1173095703125,9759479,0.0,0.0,AXISBANK.NS,0.005361442748427647,0.005347121380247054,0.6330896271213702,1323.1945190429688,1299.577734375,1294.1459265136718,1224.5136248779297,1304.5190488122075,1298.267850556762,1323.1945190429688,1412.0668235955343,1234.3222144904032,0.13432991638575484,43.81020695699366,1.1482788481598618,11.627335980920986,-10.479057132761124,28.656471536478666,36.140671454437836,29.89481897020514,-0.09116185013930492
2026-05-05,1267.0229010000714,1272.7184598875697,1251.0352303249917,1258.729248046875,10163714,0.0,0.0,AXISBANK.NS,-0.012077429140827767,-0.012150953881061497,0.613366102869191,1323.91396484375,1297.62923828125,1293.9181018066406,1224.9427935791016,1300.1581154059854,1296.7173171250017,1323.91396484375,1410.2965864676248,1237.531343219875,0.1304958236226021,41.05931843893643,-2.54492010606441,8.792884763523906,-11.337804869588316,27.771431232063133,35.88795308071686,29.969702238149683,-0.10213827849472842
2026-05-06,1274.0174810881558,1299.9974454083847,1254.2326902384063,1293.20263671875,7277673,0.0,0.0,AXISBANK.NS,0.027387453437954346,0.02701912702197135,0.6575520918898949,1326.1172668457032,1295.9745141601563,1294.121943359375,1225.5498254394531,1299.495688864344,1296.579486520835,1326.1172668457032,1406.5093813514322,1245.725152339974,0.12124435223884748,48.81352946252006,-2.659436200580103,6.502420570703105,-9.161856771283208,29.50581149381534,34.905698120534964,30.30628004960584,-0.07754813240328132
2026-05-07,1297.9989290636138,1307.0918917772797,1280.212597796342,1291.7037353515625,6785048,0.0,0.0,AXISBANK.NS,-0.0011590614839687152,-0.0011597337152189616,0.6556308871025136,1324.1038146972655,1294.6974975585938,1294.289813232422,1226.1833361816407,1298.7535980536027,1296.3882805926282,1324.1038146972655,1405.883572453949,1242.324056940582,0.12352469171819591,48.514668429654776,-2.838420301636006,4.634252396235284,-7.47267269787129,29.984010602543158,34.890096608914014,30.282414440818457,-0.0786173108338277
2026-05-08,1279.0135664260551,1281.0120251235958,1263.625410059744,1267.3226318359375,6358595,0.0,0.0,AXISBANK.NS,-0.01887515135890605,-0.019055560805937958,0.6243806035139738,1321.595751953125,1292.6990380859374,1294.1868933105468,1226.682451171875,1295.7601726995395,1295.2484512296207,1321.595751953125,1407.2168676531348,1235.9746362531152,0.12957232281274259,43.81549189762156,-4.89123467491595,2.729154982005037,-7.620389656920986,30.133893541935645,34.316062083500626,30.460347688176302,-0.09600854855131503
2026-05-11,1257.7299630241207,1282.011285578894,1250.735357413012,1271.319580078125,7341360,0.0,0.0,AXISBANK.NS,0.0031538521776395267,0.0031488892180829395,0.6295036598176817,1317.673779296875,1290.412802734375,1294.1828979492188,1227.2445178222656,1293.4324972117859,1294.3100641256406,1317.673779296875,1405.0315061113981,1230.3160524823518,0.13259386076747798,44.76012087061332,-6.124979584235689,0.9583280687568918,-7.0833076529925805,30.540717422020293,33.98073830497118,30.463012942602425,-0.09315749314359617
2026-05-12,1269.421017563825,1273.0182189048855,1255.9314210526663,1259.12890625,5727828,0.0,0.0,AXISBANK.NS,-0.009588992428934295,-0.009635262845529537,0.6138783615607692,1313.0023803710938,1287.8647680664062,1293.9230981445312,1228.0478979492189,1290.1654885487585,1292.9304108756155,1313.0023803710938,1402.472458658882,1223.5323020833055,0.13628319281873863,42.4176451207679,-7.994263911624557,-0.832190327319398,-7.162073584305159,29.97686475645373,33.47558204855399,30.507193922252142,-0.10185319907607798
2026-05-13,1255.1320159570741,1274.3172934854406,1246.538667573858,1254.7322998046875,6045406,0.0,0.0,AXISBANK.NS,-0.0034917842196210414,-0.0034978947266673887,0.6082430465654836,1308.0162231445313,1284.9210375976563,1293.6323217773438,1228.8277966308594,1286.7908991445613,1291.4324457355792,1308.0162231445313,1398.863766130501,1217.1686801585615,0.13890889329731412,41.57262726005758,-9.718426632006413,-2.6094375882568013,-7.108989043749611,30.61923521803726,33.20439178996124,30.457711921259527,-0.10498933390244729
2026-05-14,1255.631637507536,1268.022106441695,1234.8477392086593,1253.6331787109375,5822618,0.0,0.0,AXISBANK.NS,-0.0008759805529203746,-0.0008763644480910977,0.6068342569323228,1303.2698852539063,1282.1052099609376,1293.9820520019532,1229.6101934814453,1283.6330210080257,1289.9501215385346,1303.2698852539063,1395.1121180300006,1211.427652477812,0.140941233761726,41.35085030701453,-11.046194245117704,-4.296788919628982,-6.749405325488722,31.204494728289546,31.20727430407822,30.296597396153768,-0.10577334584060508
2026-05-15,1258.6293424179842,1262.4264629724478,1241.0429291696062,1243.8408203125,4805485,0.0,0.0,AXISBANK.NS,-0.007811183179202819,-0.007841850272441732,0.5942829802128062,1297.5592956542969,1279.3253564453125,1294.182899169922,1230.3096545410156,1279.8432876084516,1288.1419136473178,1297.5592956542969,1389.2621103747474,1205.8564809338463,0.14134662674388102,39.33739947804269,-12.741742255890813,-5.985779586881348,-6.755962669009465,28.021235105028673,30.452414643438207,30.31767379800934,-0.1127583140399698
2026-05-18,1238.0451728188796,1241.0428608886589,1221.1581722972078,1236.946044921875,6052023,0.0,0.0,AXISBANK.NS,-0.005543133235402897,-0.0055585534088869815,0.5854456572385514,1291.7237976074218,1276.6394262695312,1294.2638366699218,1231.0231042480468,1275.7578359240158,1286.1342325208298,1291.7237976074218,1383.2497434263914,1200.1978517884522,0.14171132557671742,37.93673523093807,-14.474968594570328,-7.683617388419144,-6.791351206151184,26.879279074758625,30.512144471824858,30.315873917901403,-0.11767641291724973
2026-05-19,1237.5456222864914,1248.8369633917555,1230.351219336608,1237.3458251953125,9200314,0.0,0.0,AXISBANK.NS,0.0003231994435639596,0.00032314722587464866,0.5859580723927718,1284.7591735839844,1274.3811694335936,1294.3407788085938,1231.783518676758,1272.099549187949,1284.2209616453192,1284.7591735839844,1370.0661913124156,1199.4521558555532,0.13279845667956186,38.07441952572038,-15.636061247283806,-9.274106160192076,-6.361955087091729,26.04421231584042,28.26925621869417,30.209639874016165,-0.11739124642486115
2026-05-20,1233.0490412431207,1253.1335271630967,1225.6547195178894,1248.8369140625,3562641,0.0,0.0,AXISBANK.NS,0.00928688539064959,0.009244027410942652,0.6006866832454589,1278.2741760253907,1272.3967016601562,1294.5066516113282,1232.6638403320312,1269.8840601283823,1282.833351936189,1278.2741760253907,1352.5739443346117,1203.9744077161697,0.11625012802847262,42.05366101187196,-15.450892433112358,-10.509463414776134,-4.941429018336224,25.216277720705307,28.37788109682696,30.23254828599338,-0.10919456008562484
2026-05-21,1255.9314298819743,1261.726887089914,1243.8407788007414,1252.334228515625,5171528,0.0,0.0,AXISBANK.NS,0.0028004573005038225,0.002796543325534932,0.6051693379533729,1272.4636596679688,1271.147666015625,1294.78943359375,1233.6086120605469,1268.2126475938342,1281.6373078804806,1272.4636596679688,1334.1437535159773,1210.7835658199604,0.0969459416453638,43.24892136070174,-14.85075055756488,-11.377720843333883,-3.4730297142309965,26.49385688421764,20.340767022842847,30.23568709454123,-0.1066998974880881
2026-05-22,1253.1334965544734,1287.8068279947058,1253.1334965544734,1284.409423828125,5016900,0.0,0.0,AXISBANK.NS,0.02561232822847792,0.025289827615608985,0.6462814618993233,1268.4417602539063,1271.0897094726563,1295.3799780273437,1234.6682946777344,1269.7551977113858,1281.7460183098,1268.4417602539063,1312.8216785657764,1224.0618419420362,0.06997549229692111,52.85399535358305,-11.65260956965676,-11.432698588598459,-0.21991098105830176,26.89354386696552,21.65932151099875,30.520675320079327,-0.08382040205601994
2026-05-25,1299.39784951034,1313.4869587156177,1292.9028588434312,1310.189453125,5671455,0.0,0.0,AXISBANK.NS,0.020071504318333933,0.019872727112006616,0.6793248073710287,1267.7922607421874,1271.0197631835938,1296.2093383789063,1235.881358642578,1273.606079179349,1282.8614471260826,1267.7922607421874,1309.0710570717654,1226.5134644126094,0.06511918018084864,58.87817307534452,-6.957623728443423,-10.537683616567453,3.5800598881240298,27.321790698549226,21.244891431228254,30.635855208440756,-0.0654312992995179
2026-05-26,1308.7907369859347,1315.985139985791,1290.50478989495,1298.298828125,6455265,0.0,0.0,AXISBANK.NS,-0.009075500471812714,-0.009116933701597928,0.6640840942894062,1268.306866455078,1271.8890942382814,1296.8818212890626,1237.0649462890624,1275.9577695551254,1283.4668346162364,1268.306866455078,1310.8829668254025,1225.7307660847537,0.0671384843785081,55.36428034358039,-4.148466744832376,-9.259840242220438,5.111373497388062,25.872904621467992,21.35454339564648,30.677108099566475,-0.07391297798366653
2026-05-27,1295.3010549602839,1313.4869803364859,1292.103447855121,1303.094970703125,7243174,0.0,0.0,AXISBANK.NS,0.0036941746185288338,0.0036873679137596265,0.6702315115136277,1268.6915649414063,1273.28001953125,1297.462373046875,1238.2415386962891,1278.5422649025538,1284.2365654431733,1268.6915649414063,1312.4218404860044,1224.9612893968083,0.06893759957585545,56.492187893998306,-1.5176860335507172,-7.711409400486494,6.193723366935777,25.48035022864136,21.389811122721998,30.635260931964748,-0.07049185081238492
2026-05-28,1303.094970703125,1303.094970703125,1303.094970703125,1303.094970703125,0,0.0,0.0,AXISBANK.NS,0.0,0.0,0.6702315115136277,1270.4801818847657,1275.4143725585936,1297.8091052246093,1239.4071392822266,1280.8806178359416,1284.976110747485,1270.4801818847657,1316.822928061004,1224.1374357085274,0.07295311935915208,56.492187893998306,0.5607625127074698,-6.056975017847702,6.617737530555172,23.474755564940033,21.371253926994584,30.25029818888229,-0.07049185081238492
2026-05-29,1295.1011997994176,1311.5884848848368,1276.4156588264402,1285.6085205078125,15215715,0.0,0.0,AXISBANK.NS,-0.013419167895243445,-0.013510018604803078,0.6478183944367002,1271.3944763183595,1276.8512646484376,1297.9310107421875,1240.4843084716797,1281.3308942808817,1285.000911130243,1271.3944763183595,1318.1941972035913,1224.5947554331276,0.0736195126798917,51.03875502143267,0.787855660005107,-4.688008882277141,5.475864542282248,23.753105414405354,21.519989883863115,30.33633021976105,-0.08296507672633047
2026-06-01,1288.0066280954209,1292.2033425617142,1266.0235824646225,1274.916748046875,4311076,0.0,0.0,AXISBANK.NS,-0.008316507156248654,-0.008351282240933487,0.6341143009671693,1271.4344482421875,1277.8065283203125,1298.0209411621095,1241.4820391845703,1280.7200232109763,1284.6054537544246,1271.4344482421875,1318.2453253588797,1224.6235711254953,0.07363474724380828,47.988398717307824,0.10389430376744713,-3.729628245068224,3.833522548835671,24.402602717610534,21.60096248617505,30.362957923587064,-0.0905916042282659
2026-06-02,1262.0267183828762,1274.8169033533427,1243.9406908361375,1250.1358642578125,11884695,0.0,0.0,AXISBANK.NS,-0.019437256453824103,-0.019628644015049143,0.6023516022244089,1271.0047790527344,1277.764560546875,1297.6742077636718,1242.4462957763672,1277.8072461678178,1283.2537051467143,1271.0047790527344,1318.460002898179,1223.5495552072898,0.07467355690167027,41.75892227954717,-2.4099794747914984,-3.465698491012879,1.0557190162213805,24.630990667550172,21.412142790845902,30.485661776110017,-0.10826800843814181
2026-06-03,1244.1404736967706,1263.8253656219047,1229.3519520935338,1254.232666015625,7953326,0.0,0.0,AXISBANK.NS,0.003277085215249498,0.003271727273924577,0.6076026449696899,1269.0562805175782,1278.7278173828124,1297.2885046386718,1243.3550946044923,1275.562048058085,1282.1156251807893,1269.0562805175782,1315.8697238038142,1222.2428372313423,0.07377678043899412,43.074554699815394,-4.025264152813634,-3.57761162337303,-0.4476525294406035,24.723779688645532,21.45382149383109,30.44036638751789,-0.10534572671262941
2026-06-04,1245.0398052641103,1258.929118016639,1243.1412450502407,1252.334228515625,6392593,0.0,0.0,AXISBANK.NS,-0.0015136246658531416,-0.001514771352916299,0.6051693379533729,1267.0878051757813,1279.7150561523438,1296.8668298339844,1244.270888671875,1273.349874768327,1280.9477272723514,1267.0878051757813,1313.1971481102116,1220.978462241351,0.07278002794452529,42.59438630852608,-5.3963709329984795,-3.9413634852981203,-1.4550074477003592,24.32408962889958,21.420811293648566,30.421460910909033,-0.1066998974880881
2026-06-05,1259.0290099995375,1275.0166799677856,1251.1350735574667,1271.319580078125,7825303,0.0,0.0,AXISBANK.NS,0.015159971779261427,0.015046207739264551,0.6295036598176817,1267.2876525878905,1281.747490234375,1296.721942138672,1245.3015942382813,1273.1565133692602,1280.5701528725779,1267.2876525878905,1313.4359117174315,1221.1393934583496,0.07282996726955081,48.74749884903445,-4.894601807838626,-4.132011149806222,-0.762590658032404,24.40972951425863,22.049009637635837,30.501060403357457,-0.09315749314359617
2026-06-08,1261.0274061863013,1278.2141017590434,1261.0274061863013,1267.1226806640625,5034388,0.0,0.0,AXISBANK.NS,-0.003301215115246281,-0.0033066761478726726,0.6241243177055424,1267.0778076171875,1283.2543286132814,1296.6829711914063,1246.3003240966798,1272.5818626354317,1280.0428010212636,1267.0778076171875,1313.1870228771584,1220.9685923572167,0.0727804006711819,47.534544566948156,-4.780494306252876,-4.261707781095553,-0.5187865251573234,24.316940336943958,20.36440891085544,30.125921857017612,-0.09615117533437839
2026-06-09,1274.916768250008,1297.3994289105083,1270.520134658929,1291.404052734375,7533504,0.0,0.0,AXISBANK.NS,0.019162605516292563,0.01898131512763128,0.6552467713151515,1268.6915649414063,1284.6592456054686,1296.8648315429687,1247.348515625,1274.3744521686644,1280.4883403041306,1268.6915649414063,1315.8760419628877,1221.507087919925,0.07438289703401718,54.57662302335657,-2.699639724686449,-3.9492941698137325,1.2496544451272835,24.51679323703242,19.74809716517469,29.29801121158682,-0.07883107686094647
2026-06-10,1282.5109488108894,1325.477813476934,1282.5109488108894,1313.487060546875,12262606,0.0,0.0,AXISBANK.NS,0.017099998846791697,0.01695543951559349,0.6835514891957963,1271.6293029785156,1286.8435620117189,1297.3894274902343,1248.5041247558593,1278.0994624903988,1281.7824077646303,1271.6293029785156,1322.3388990576022,1220.919706899429,0.0797553122758502,59.854228332207214,0.7230320347994166,-3.014828928891103,3.73786096369052,26.308275835380414,20.293807300396356,29.433893071397023,-0.06307908933756826
2026-06-11,1307.7914623726329,1338.4677555724868,1306.2926183014429,1316.284912109375,8196686,0.0,0.0,AXISBANK.NS,0.002130094499244617,0.0021278290644464897,0.6871376129621274,1274.7618896484375,1289.9611572265626,1297.5742846679686,1249.6887115478517,1281.7361719779203,1283.1354471506986,1274.7618896484375,1328.4440945647136,1221.0796847321615,0.08422310919740614,60.48072332383019,3.6195632298690725,-1.6879504971390682,5.307513727008141,26.072742820520634,19.17099709806804,28.897586052288922,-0.06108335925953886
2026-06-12,1330.9735596234657,1357.4531387000588,1317.4839627353902,1355.2548828125,8535670,0.0,0.0,AXISBANK.NS,0.029606030081036794,0.029176234004693033,0.7370870598823327,1280.3325927734375,1293.2226440429688,1298.1488415527344,1251.074642944336,1288.737953962166,1285.9636603139065,1280.3325927734375,1342.8933936763929,1217.771791870482,0.09772585850905682,67.97678033232532,8.956392305117333,0.44091806331221206,8.515474241805121,26.936363656462863,20.839580445679466,29.314203693023238,-0.033285764950190776
2026-06-15,1370.9427053735023,1376.9380816360685,1359.5514660793779,1367.24560546875,7522828,0.0,0.0,AXISBANK.NS,0.008847577535648687,0.008808667062056163,0.7524560723308136,1286.8475708007813,1296.628017578125,1298.8892712402344,1252.5604974365235,1296.2148731532693,1289.1511875748809,1286.8475708007813,1357.055361736059,1216.6397798655037,0.10911593964713112,69.87050037179466,13.992126381607022,3.1511597269711746,10.840966654635848,26.665138565943398,20.90815280950197,28.429424095524585,-0.024732685800772328
2026-06-16,1362.4492051798502,1370.4430399003772,1348.1601768264127,1364.6474609375,7709061,0.0,0.0,AXISBANK.NS,-0.0019002763811108991,-0.0019020841968693022,0.7491259214476289,1293.2126525878907,1299.03416015625,1299.4708215332032,1254.0378576660157,1302.7322624660533,1292.111825745964,1293.2126525878907,1367.4888098833023,1218.936495292479,0.11487075562827992,68.91946793740983,17.57078825805479,6.0350854331878985,11.535702824866892,26.7293764654148,20.498247358681695,27.862472603910714,-0.026585963243214626
2026-06-17,1363.048787960663,1364.647530591123,1348.2602661586025,1349.8590087890625,4761917,0.0,0.0,AXISBANK.NS,-0.010836829710054174,-0.010895975841638593,0.7301709416954594,1298.2637573242187,1301.0486083984374,1300.0443798828126,1255.540698852539,1307.2205240206254,1294.376421159419,1298.2637573242187,1373.5664184182742,1222.961096230163,0.11600518102616962,63.61203109502169,18.994640687783203,8.62699648410696,10.367644203676242,27.89989535345199,19.47867638284064,27.837023346260874,-0.03713468539692433
2026-06-18,1346.561512407277,1364.8474591819588,1343.9635403676145,1359.0518798828125,5186573,0.0,0.0,AXISBANK.NS,0.006810245391477343,0.006787160420609125,0.741953830377609,1303.5996398925781,1301.5901904296875,1300.79580078125,1257.0805114746095,1312.156843626548,1296.9127136583757,1303.5996398925781,1380.3097195421017,1226.8895602430546,0.11768963000917179,65.39598076206738,20.627065890202402,11.02701036532605,9.600055524876353,26.879259121733963,19.520940933291044,27.837756645866556,-0.03057733632553527
2026-06-19,1355.7545097416184,1361.9496832815275,1349.4593156798994,1356.8536376953125,4640277,0.0,0.0,AXISBANK.NS,-0.0016174821727111821,-0.0016187917092925863,0.7391362511112873,1307.2218505859375,1302.3775854492187,1301.4263146972655,1258.642807006836,1316.4136811569065,1299.2633381304124,1307.2218505859375,1386.9006639918846,1227.5430371799905,0.12190557152977899,64.58064551919479,21.49560687554299,13.120729667369437,8.374877208173553,25.901445372057992,18.551803585502537,27.80773596111065,-0.03214536020185086
2026-06-22,1359.9511533650066,1365.0471986847929,1354.1555743103543,1357.552978515625,3153284,0.0,0.0,AXISBANK.NS,0.0005154136016471966,0.0005152808216792571,0.7400326255902279,1309.5900268554688,1302.5334643554688,1302.4315393066406,1260.1271618652345,1320.3317094767845,1301.549206380813,1309.5900268554688,1392.3943476166553,1226.7857060942822,0.12645838630890113,64.73129674624082,21.986911395301377,14.893966012955826,7.092945382345551,24.46684302660807,18.557548901824607,27.80766436139715,-0.03164651475608164
2026-06-23,1357.5529705396623,1370.8427696854017,1355.0548971646165,1362.44921875,5745853,0.0,0.0,AXISBANK.NS,0.00360666604682236,0.0036001776232071595,0.7463083421813073,1312.7975463867188,1302.7313110351563,1302.9081713867188,1261.6624780273437,1324.3429008361384,1303.937442159997,1312.7975463867188,1398.6731947547996,1226.9218980186379,0.1308284717692243,65.82719731786005,22.511856762580237,16.41754416288071,6.094312599699528,23.132161526066234,18.216633372986728,27.749974748371514,-0.028153987119530214
2026-06-24,1354.9550675446912,1385.0318481148515,1354.9550675446912,1383.43310546875,8343829,0.0,0.0,AXISBANK.NS,0.015401591802446823,0.015284191190403626,0.7732042704287914,1316.814453125,1303.3108642578125,1303.5546728515626,1263.3102075195313,1329.9705393725776,1307.0549191524972,1316.814453125,1408.1230791135279,1225.5058271364721,0.13868108110727168,70.11334274678019,24.340521654535678,18.002139661211704,6.338381993323974,24.15279778347781,18.48010373365155,27.838837968281986,-0.013186011534309795
2026-06-25,1385.831270177255,1399.021049380356,1371.6421396044548,1376.138671875,7995552,0.0,0.0,AXISBANK.NS,-0.005272704234787318,-0.005286653996680014,0.7638546887629585,1320.4666381835937,1303.8624389648437,1303.6895690917968,1264.942947998047,1334.3675043728083,1309.7640859259286,1320.4666381835937,1415.2421393739169,1225.6911369932704,0.14354849785632512,66.96885779508101,24.91395931278248,19.38450359152586,5.529455721256621,24.402605166733697,18.61043532017978,27.837979066659962,-0.01838918983024017
2026-06-26,1376.138671875,1376.138671875,1376.138671875,1376.138671875,0,0.0,0.0,AXISBANK.NS,0.0,0.0,0.7638546887629585,1324.993145751953,1304.22416015625,1303.7575158691407,1266.5482098388673,1338.3457108015884,1312.3670108651079,1324.993145751953,1421.3924040751817,1228.5938874287244,0.1455090671710919,66.96885779508101,25.079314067103496,20.523465686641387,4.555848380462109,23.174984054394972,18.34542004196576,27.81832883397047,-0.01838918983024017
2026-06-29,1391.5268564078813,1391.5268564078813,1351.1579637199086,1355.7545166015625,12602010,0.0,0.0,AXISBANK.NS,-0.01481257353640375,-0.014923375237417633,0.7377274614781266,1329.0350341796875,1304.2661303710938,1304.210167236328,1268.053549194336,1340.0036923063478,1314.0684816783023,1329.0350341796875,1423.3500269747838,1234.7200413845912,0.14193003249656205,58.470138575256044,23.29697490332478,21.078167529978067,2.2188073733467135,23.895851514504038,18.92728040230899,27.747578712078568,-0.03292937214000865
2026-06-30,1356.6537167481358,1373.9404342753348,1342.5646065082708,1344.6629638671875,7781221,0.0,0.0,AXISBANK.NS,-0.00818109222470298,-0.008214741007896617,0.7235109528543751,1333.7613891601563,1303.6266235351563,1304.1052490234374,1269.5199188232423,1340.4474324549992,1315.2682652935528,1333.7613891601563,1420.606859189749,1246.9159191305637,0.13022639691838367,54.423006024517065,20.750266509549874,21.01258732589243,-0.2623208163425552,23.067920307434,19.195458356218992,27.78210343013904,-0.04084106613433266
2026-07-01,1344.6628669036613,1376.6382056137847,1344.6628669036613,1367.6451416015625,3187785,0.0,0.0,AXISBANK.NS,0.017091403832733887,0.016946988969546998,0.7529681745597492,1339.4320129394532,1303.4087890625,1304.4050170898438,1271.0117681884765,1343.0376904689576,1317.3222604428865,1339.4320129394532,1418.9109950015431,1259.9530308773633,0.11867564952052947,60.52070776393733,20.351847997402047,20.880439460194353,-0.5285914627923063,23.053648981653964,19.55294109662432,27.822295075375227,-0.024447693455860016
2026-07-02,1372.941166068036,1374.440010135796,1357.053394554533,1361.5499267578125,4013561,0.0,0.0,AXISBANK.NS,-0.004456722477449326,-0.004466683271082671,0.7451556818939353,1344.8927978515626,1303.268896484375,1304.7247705078125,1272.386707763672,1344.8007605917057,1319.0566787297464,1344.8927978515626,1413.429519355223,1276.3560763479022,0.10192146409460488,58.293191639183455,19.321538884994197,20.568659345154323,-1.2471204601601258,21.354962480981044,19.67556437356607,27.71903550316621,-0.028795459348362782
2026-07-03,1371.941884852612,1371.941884852612,1337.3685740578373,1341.065673828125,3500465,0.0,0.0,AXISBANK.NS,-0.015044804841248482,-0.015159125993095499,0.7189001552422452,1348.3801025390626,1302.79326171875,1304.7297668457031,1273.569794921875,1344.4450380427932,1319.9197765767417,1348.3801025390626,1407.6217895842644,1289.1384154938607,0.08787090069580081,51.44082519286757,16.660056709827586,19.786938818088977,-3.126882108261391,22.275684764638623,19.11146314188341,27.79817475820433,-0.043407042123401074
2026-07-06,1354.6551952621983,1369.9434532686023,1334.470810970254,1338.567626953125,5154081,0.0,0.0,AXISBANK.NS,-0.0018627326936713207,-0.0018644697376496038,0.7156983037259188,1351.9523498535157,1303.101025390625,1304.7117797851563,1274.744888305664,1343.885284605682,1320.6510648267958,1351.9523498535157,1397.625767433129,1306.2789322739022,0.06756660851924577,50.65876092103471,14.185717286722138,18.66669451181561,-4.480977225093472,23.217811852094606,18.300357085797827,27.70537197731029,-0.045188919100573564
2026-07-07,1345.762131730582,1355.8543237280394,1335.1702030839804,1339.966552734375,6198988,0.0,0.0,AXISBANK.NS,0.0010450915987221254,0.0010445458706880258,0.7174913656090847,1354.3804748535156,1304.1402221679687,1304.5549011230469,1275.843041381836,1343.51207204651,1321.4085349408185,1354.3804748535156,1390.7077513298675,1318.0531983771637,0.05364412312615617,51.1070514071028,12.19706689177633,17.372768987807756,-5.175702096031426,23.524730152918778,18.06031086817782,27.70580862442489,-0.04419105406155887
2026-07-08,1342.9642575887744,1342.9642575887744,1302.9950832557752,1308.4908447265625,6917968,0.0,0.0,AXISBANK.NS,-0.023489920657782326,-0.023770206811640996,0.677147629700501,1354.1306640625,1304.4020190429687,1304.1771911621095,1276.759833984375,1340.1767170636579,1320.901958853985,1354.1306640625,1391.6898133096531,1316.571514815347,0.055473449119706995,41.88594026173022,7.9891268621584,15.496040562677885,-7.506913700519485,24.887962689965565,19.39246215887876,27.909169511200403,-0.06664293036565136
2026-07-09,1311.8882333774443,1320.5814799012492,1291.2041127197447,1296.5999755859375,5609851,0.0,0.0,AXISBANK.NS,-0.009087468352222072,-0.009129011264203974,0.6619066036935934,1353.146417236328,1304.9875659179688,1303.7535168457032,1277.5821997070314,1336.0265512086369,1319.9489399022968,1353.146417236328,1395.594851283944,1310.697983188712,0.06274034133617692,39.02156514935018,3.6527042082236676,13.127373291787043,-9.474669083563375,26.09417694567102,19.578959721340038,27.934144434267854,-0.07512478319727627
2026-07-10,1304.0,1326.5999755859375,1303.9000244140625,1323.699951171875,3549139,1.0,0.0,AXISBANK.NS,0.02090079908700515,0.020685373920516507,0.6966417797187603,1351.568670654297,1306.1151123046875,1303.677783203125,1278.525576171875,1334.852589300374,1320.0960383834567,1351.568670654297,1395.9871197095622,1307.1502215990317,0.06572873435097037,47.78538922345916,2.3754172274295797,10.976982078915551,-8.601564851485971,27.459060918925406,20.069686567543606,28.13440420413586,-0.05579415211033218
2026-07-13,1315.9000244140625,1329.9000244140625,1313.5,1319.4000244140625,3674483,0.0,0.0,AXISBANK.NS,-0.0032484149855908084,-0.0032537025394346647,0.6911303831363425,1349.1763916015625,1307.0207666015624,1303.2992504882814,1279.404985961914,1333.3809164540587,1320.0687437179904,1349.1763916015625,1395.1657243754428,1303.1870588276822,0.06817393642544822,46.64000085242921,1.0046094272961454,8.98250754859167,-7.9778981212955244,27.502786054159497,19.917309189023666,28.10590700879867,-0.05886132453609942
2026-07-14,1320.0999755859375,1323.699951171875,1298.5999755859375,1317.5999755859375,6005505,0.0,0.0,AXISBANK.NS,-0.0013642934627990932,-0.0013652249584440825,0.6888231850098887,1346.8240173339843,1308.1981811523438,1302.9137097167968,1280.1434967041016,1331.8779697047137,1319.9719292814393,1346.8240173339843,1394.2712328382986,1299.37680182967,0.07045792901471307,46.141396247635875,-0.22442746710089523,7.141120545453157,-7.3655480125540524,27.14729998385787,18.95398762151804,27.991409844468457,-0.06014531387862217
2026-07-15,1328.0,1348.0,1303.300048828125,1312.300048828125,9442403,0.0,0.0,AXISBANK.NS,-0.004022409574996888,-0.004030521223948063,0.6820300464600282,1344.9460693359374,1308.5801293945312,1302.2773217773438,1280.914962158203,1330.0134058117053,1319.6710712244465,1344.9460693359374,1394.799625795421,1295.0925128764538,0.07413465505586941,44.62859721930371,-1.6075767129971155,5.391381093763103,-6.9989578067602185,28.38451722642742,19.02323974161411,27.997931663891666,-0.06392579436718246
2026-07-16,1315.0999755859375,1315.5,1299.4000244140625,1307.5999755859375,5001226,0.0,0.0,AXISBANK.NS,-0.0035815538118623147,-0.003587982931130785,0.6760057653354623,1342.3734741210938,1308.8980541992187,1301.7977758789064,1281.624457397461,1327.878793409251,1319.1976949248972,1342.3734741210938,1394.4239214922245,1290.323026749963,0.07754987471755621,43.273616432555215,-3.0478553071586703,3.7035338135787486,-6.751389120737419,29.534515482565812,19.061853668619168,27.695311698238545,-0.0672783945065527
2026-07-17,1307.0,1333.0,1305.0,1328.5,11192836,0.0,0.0,AXISBANK.NS,0.015983500156228736,0.01585710902070799,0.7027942037475419,1340.955792236328,1310.1216015625,1301.4103198242187,1282.5014038085938,1327.9379559417034,1319.5624912023522,1340.955792236328,1392.8900316232482,1289.021552849408,0.07745854067315489,50.4743528108277,-2.4743068985319496,2.467965671156609,-4.9422725696885585,28.65102314771062,19.114520155749023,27.59134139867757,-0.052370238579430274
2026-07-20,1275.0,1284.0,1249.0999755859375,1256.0,25314148,0.0,0.0,AXISBANK.NS,-0.05457282649604822,-0.056118418171724256,0.6098679111079506,1335.8781433105469,1309.8152099609374,1300.1140063476562,1283.124766845703,1321.0867220424936,1317.0698444885345,1335.8781433105469,1399.5184226247604,1272.2378639963333,0.09527856958045809,34.23831398547975,-7.780224163584535,0.41832770420838017,-8.198551867792915,32.08132290821051,25.085793254631273,28.880205649883315,-0.10408507313192655
2026-07-21,1245.0,1267.699951171875,1244.5,1258.199951171875,15014867,0.0,0.0,AXISBANK.NS,0.0017515534807921451,0.0017500212998644293,0.6126876808512673,1330.6656799316406,1309.796630859375,1298.8306994628906,1283.7621270751954,1315.0975057691014,1314.7612212212146,1330.6656799316406,1401.7806919859509,1259.5506678773304,0.1068863699227045,34.92238418953596,-11.673123646270142,-1.9999625658873244,-9.673161080382817,31.45450951262134,24.418376181870535,27.884116890108253,-0.1025158302232771
2026-07-22,1258.199951171875,1258.199951171875,1230.5,1238.4000244140625,8358923,0.0,0.0,AXISBANK.NS,-0.015736709208557076,-0.015861845778348243,0.5873092837734886,1323.4140258789062,1309.4699853515624,1297.1955114746095,1284.161094970703,1307.7929837352883,1311.766664483679,1323.4140258789062,1401.1439343986483,1245.684117359164,0.11746876940966396,31.72386437787658,-16.169570405165587,-4.833884133742977,-11.33568627142261,32.1911763405222,24.18578029343633,27.863544801610786,-0.11663927762233664
2026-07-23,1230.0999755859375,1239.4000244140625,1219.199951171875,1223.0,8240787,0.0,0.0,AXISBANK.NS,-0.012435419985839302,-0.012513386862487885,0.5675704261823435,1315.7570922851562,1308.8573217773437,1295.4812658691405,1284.375645751953,1299.7174614747846,1308.2856188176524,1315.7570922851562,1401.3875398699035,1230.1266447004089,0.1301614835851315,29.463531179722537,-20.73665091989278,-8.014437490972938,-12.722213428919844,31.1645165153374,24.34556021236787,27.47271891417496,-0.12762423920409727
2026-07-24,1216.800048828125,1233.9000244140625,1210.5999755859375,1227.300048828125,8088828,0.0,0.0,AXISBANK.NS,0.003515984323896104,0.003509817701284892,0.5730819792274038,1308.3151611328126,1308.5265063476563,1293.9259313964844,1284.4528186035157,1292.8205650322457,1305.1097141121809,1308.3151611328126,1397.64104702239,1218.9892752432352,0.1365510215630828,30.943083151147988,-23.735508956026706,-11.158651783983693,-12.576857172043013,30.295045553178593,22.473717791394286,27.373834792096407,-0.1245569797045919
2026-07-27,1237.0,1237.0,1221.5999755859375,1227.5,5967502,0.0,0.0,AXISBANK.NS,0.00016291955016689563,0.00016290628021825215,0.5733382650358352,1301.9024353027344,1308.3375854492188,1292.488505859375,1284.6608911132812,1286.5995588386984,1302.0661959117033,1301.9024353027344,1395.214506781635,1208.5903638238337,0.14334725698120776,31.015543931204277,-25.798600954032963,-14.086641617993546,-11.711959336039417,29.91761010817884,22.208489268410002,27.31319820296093,-0.12441435292152854
2026-07-28,1222.5,1233.9000244140625,1219.699951171875,1223.5,6093182,0.0,0.0,AXISBANK.NS,-0.0032586558044807035,-0.0032639767859493425,0.5682112971660647,1295.844287109375,1308.0606689453125,1291.220919189453,1284.879940185547,1280.5900770445364,1298.9851686210484,1295.844287109375,1393.1158912475119,1198.5726829712382,0.15012853798216677,30.329917162354946,-27.440070742168473,-16.757327442828533,-10.68274329933994,28.076960030263713,22.203521958764654,27.101797567974334,-0.12726758517270076
2026-07-29,1229.5,1237.0999755859375,1214.4000244140625,1235.4000244140625,10110233,0.0,0.0,AXISBANK.NS,0.009726215295514873,0.009679220141143164,0.5834640578711605,1289.23203125,1307.7919311523438,1290.09431640625,1285.2244384765625,1276.286262508301,1296.4916335541077,1289.23203125,1383.8971932419893,1194.566869258011,0.14685511947791854,34.93788148871609,-27.464125514746456,-18.89868705721212,-8.565438457534338,27.600001743861608,22.414857545349808,26.425794209529318,-0.1187792018107158
2026-07-30,1229.0,1232.199951171875,1220.199951171875,1228.9000244140625,6878684,0.0,0.0,AXISBANK.NS,-0.005261453676174921,-0.005275343866720001,0.5751327350827835,1282.5995361328125,1307.3232470703124,1289.2354565429687,1285.4714868164062,1271.773287451707,1293.8409822152823,1282.5995361328125,1374.4774464952377,1190.7216257703874,0.1432682731812734,33.62950293386058,-27.688508877709182,-20.656651421311533,-7.031857456397649,26.542864118303573,22.23504952719302,26.4382094778213,-0.12341570421887063
2026-07-31,1226.199951171875,1239.699951171875,1226.0,1229.5,7487936,0.0,0.0,AXISBANK.NS,0.0004882216405062145,0.00048810249909778385,0.5759017489707208,1277.0212524414062,1306.22505859375,1288.657384033203,1285.675570678711,1267.7472600753538,1291.317806442134,1277.0212524414062,1367.4893811257975,1186.5531237570149,0.1416861755611891,33.87565480389458,-27.50090794579387,-22.025502726208003,-5.475405219585866,26.350001743861608,22.25687776342556,26.009187495875626,-0.12298773679594244
2026-08-03,1236.9000244140625,1272.0,1230.5,1272.0,6713421,0.0,0.0,AXISBANK.NS,0.03456689711264738,0.03398288224382016,0.6303757825870326,1273.69287109375,1305.46126953125,1288.240516357422,1286.1561047363282,1268.1522829253202,1290.5602454051877,1273.69287109375,1359.3998201137424,1187.9859220737576,0.13458024452377415,48.45805224149828,-23.65021310801626,-22.35044480256966,-1.2997683054466016,27.592860630580358,24.79225372638209,26.448648728429653,-0.09267214412723772
2026-08-04,1264.0,1264.0,1244.0,1261.800048828125,5694891,0.0,0.0,AXISBANK.NS,-0.00801882953763755,-0.008051153266160628,0.6173020771041748,1269.7845458984375,1304.7312939453125,1288.3101940917968,1286.6216119384765,1267.5473082493968,1289.4323945590284,1269.7845458984375,1349.6999268046666,1189.8691649922084,0.12587234765829483,45.84496996219817,-21.17744017351947,-22.115843876759623,0.9384037032401515,26.400006975446427,24.79078785940631,26.180211697186806,-0.0999478515382316
2026-08-05,1260.0,1263.0,1246.199951171875,1253.9000244140625,4295407,0.0,0.0,AXISBANK.NS,-0.006260916237401881,-0.0062805979669128004,0.6071762842688495,1267.0550048828125,1303.7473950195313,1288.5137072753905,1286.9142211914063,1266.2475669317457,1288.0389682788336,1267.0550048828125,1345.1114703708267,1188.9985393947982,0.1232092769251696,43.87169950686964,-19.628945489511125,-21.618464199309923,1.9895187097987979,26.45001220703125,24.224929191810922,26.093437070421494,-0.10558300264904434
2026-08-06,1256.0999755859375,1259.9000244140625,1248.300048828125,1256.0,4845792,0.0,0.0,AXISBANK.NS,0.0016747551998164134,0.0016733543611498973,0.6098679111079504,1265.0250061035156,1302.8054956054686,1289.1099340820313,1287.197846069336,1265.2716081763415,1286.7825381502519,1265.0250061035156,1341.9497759278727,1188.1002362791585,0.12161778534528421,44.55486956843328,-18.02452629729828,-20.899676618907595,2.875150321609315,25.278581891741073,24.25588953370118,25.331144561986775,-0.10408507313192655
2026-08-07,1252.0999755859375,1256.0,1238.0,1238.0,3628823,0.0,0.0,AXISBANK.NS,-0.014331210191082855,-0.014434893783602628,0.5867965556939829,1260.740008544922,1301.8533251953124,1289.352294921875,1287.2625701904296,1262.674312159547,1284.8694974384773,1260.740008544922,1333.3284282449438,1188.1515888449,0.11515208402690337,40.05456509911482,-17.997992442461737,-20.319339783618425,2.321347341156688,20.892865862165177,24.460415489843935,25.06148262413731,-0.11692461826220149
2026-08-10,1235.0,1250.0,1235.0,1247.300048828125,3661847,0.0,0.0,AXISBANK.NS,0.007512155757774641,0.0074840800341789025,0.5987168185762564,1257.135009765625,1301.3009912109376,1289.553759765625,1287.3173376464845,1261.2100966041735,1283.3961857282675,1257.135009765625,1324.425172393085,1189.844847138165,0.10705319970367422,43.24429319628279,-17.030214245774005,-19.661514676049542,2.6313004302755374,20.307155064174108,24.411331949358956,25.081998232986546,-0.11029081844873086
2026-08-11,1242.0,1243.0,1225.4000244140625,1229.800048828125,5843702,0.0,0.0,AXISBANK.NS,-0.01403030491054802,-0.014129660055233235,0.5762863341460103,1252.7450134277344,1300.8942749023438,1289.3294177246094,1287.1771881103516,1258.218663482645,1281.2943764380657,1252.7450134277344,1314.6678602894146,1190.8221665660542,0.09885945854575504,39.03517446365806,-17.47391834528321,-19.223995409896276,1.7500770646130661,19.892874581473215,24.584541146638248,24.31471353787531,-0.12277370954760926
2026-08-12,1230.0,1234.9000244140625,1216.9000244140625,1230.0,7218881,0.0,0.0,AXISBANK.NS,0.00016258835903082414,0.00016257514297607633,0.5765426199544419,1248.6300109863282,1300.4096215820311,1289.5687194824218,1287.1224731445313,1255.531171722393,1279.282832264024,1248.6300109863282,1304.534918159778,1192.7251038128784,0.08954599309893081,39.1081021561194,-17.606466268848408,-18.900489581686703,1.294023312838295,19.735726492745535,23.870247589869713,24.30592336081687,-0.1226310827645459
2026-08-13,1224.5,1224.800048828125,1215.5999755859375,1221.800048828125,5284300,0.0,0.0,AXISBANK.NS,-0.006666626969004108,-0.0066889481867075835,0.5660323984064692,1244.3400146484375,1299.7989379882813,1289.7569970703125,1286.9658056640626,1252.3186838277009,1277.028605462616,1244.3400146484375,1294.0121233991795,1194.6679058976956,0.07983687443303147,37.14567567707327,-18.16379802587835,-18.753151270525034,0.5893532446466843,19.100010463169642,23.887181756412797,21.57801362788007,-0.12848017404995368
2026-08-14,1216.0,1218.699951171875,1208.5999755859375,1217.4000244140625,5557745,0.0,0.0,AXISBANK.NS,-0.003601263904255636,-0.0036077640656665432,0.5603927024571931,1238.7850158691406,1298.720546875,1290.2340185546875,1286.826107788086,1248.9930972168781,1274.6902297352217,1238.7850158691406,1270.3926833349362,1207.177348403345,0.05103010943931944,36.09891053340281,-18.744458210133416,-18.75141265844671,0.006954448313294392,18.94287109375,23.63520482534541,21.51669558078486,-0.13161874694099074
2026-08-17,1220.0,1235.0,1213.5999755859375,1227.300048828125,6068014,0.0,0.0,AXISBANK.NS,0.008132104662004869,0.008099217274368154,0.5730819792274036,1237.3500183105468,1297.9240942382812,1290.5892114257813,1286.7234197998048,1246.9270926084255,1272.8317912682767,1237.3500183105468,1268.265272531787,1206.4347640893066,0.04997010346910788,40.183318973917814,-18.196033806247215,-18.64033688800681,0.4443030817595961,19.4571533203125,23.857558900543186,21.143208184790403,-0.1245569797045919
2026-08-18,1223.9000244140625,1250.5,1223.4000244140625,1243.0,5064697,0.0,0.0,AXISBANK.NS,0.012792268025138442,0.012711138122253711,0.5932052655311957,1236.590020751953,1296.9560131835938,1290.8076293945312,1286.750192260742,1246.5530837885753,1271.6619171008933,1236.590020751953,1266.060709665432,1207.1193318384742,0.0476644456431213,46.07033654400919,-16.306576600816243,-18.1735848305687,1.8670082297524573,19.771440778459823,24.26067410419139,21.26260988916525,-0.11335807794823623
2026-08-19,1243.0999755859375,1245.0,1224.0,1235.0,3061937,0.0,0.0,AXISBANK.NS,-0.006436041834271933,-0.006456842448633552,0.5829513297916546,1236.42001953125,1295.3862719726562,1291.1149169921875,1286.7659423828125,1245.4527900944254,1270.2241948616427,1236.42001953125,1265.8859720272212,1206.954067035279,0.04766333775013157,43.70970985926791,-15.278579341851128,-17.594583732825186,2.316004390974058,20.185721261160715,23.46195766036671,21.2795534964536,-0.11906454245058065
2026-08-20,1237.5,1253.9000244140625,1236.199951171875,1251.0,4163816,0.0,0.0,AXISBANK.NS,0.012955465587044523,0.012872261404833558,0.6034592012707367,1237.82001953125,1294.0805737304688,1292.0208654785156,1286.857196044922,1245.981095799718,1269.4703048670685,1237.82001953125,1267.2619520321841,1208.3780870303158,0.04757061937337794,49.30457212186521,-13.02270024332438,-16.680207034925026,3.657506791600646,20.557155064174108,23.73668435502315,21.39763248279581,-0.10765161344589182
2026-08-21,1250.5999755859375,1256.4000244140625,1240.4000244140625,1245.800048828125,3690270,0.0,0.0,AXISBANK.NS,-0.004156635628996819,-0.004165298452674287,0.5967942056250919,1238.74501953125,1291.8914770507813,1292.557060546875,1286.9579229736328,1245.963853230995,1268.542059532208,1238.74501953125,1267.956872509774,1209.5331665527258,0.04716362531100726,47.64706267978937,-11.521677678493688,-15.648501163638759,4.126823485145071,18.664297921316965,22.81303933524959,21.36431389637349,-0.11136078054292044
2026-08-24,1245.800048828125,1248.699951171875,1231.800048828125,1236.0,3778588,0.0,0.0,AXISBANK.NS,-0.00786647009473429,-0.007897573996600758,0.5842330717590971,1239.17001953125,1289.2665649414062,1292.9472912597657,1287.0001568603516,1245.0149148280432,1267.2659003348665,1239.17001953125,1267.9369627365977,1210.4030763259025,0.046429372486318704,44.6037022982396,-10.996131955260353,-14.718027321963078,3.721895366702725,17.871433803013392,22.87560819028859,21.39287169819491,-0.1183512343877876
2026-08-25,1236.0999755859375,1240.5,1229.800048828125,1235.0,3606504,0.0,0.0,AXISBANK.NS,-0.0008090614886731018,-0.0008093889555584729,0.5829513297916544,1239.74501953125,1286.6736157226562,1292.8538879394532,1287.0658685302735,1244.0611134158487,1266.0005709099698,1239.74501953125,1267.6396630552968,1211.850376007203,0.04500061397236968,44.292812158240366,-10.53883964269562,-13.882189786109587,3.343350143413966,17.435712541852677,22.87766795266976,21.17748664927446,-0.11906454245058065
2026-08-26,1240.0999755859375,1257.699951171875,1238.199951171875,1255.0,3298266,0.0,0.0,AXISBANK.NS,0.0161943319838056,0.016064602503806622,0.608586169140507,1240.7250183105468,1284.776435546875,1292.9125219726564,1287.2605578613282,1245.102912138149,1265.569175972324,1240.7250183105468,1269.3446854413482,1212.1053511797454,0.04613377937646788,51.564198348137744,-8.465019857721018,-12.798755800431874,4.333735942710856,18.228567940848215,23.469214477713564,21.371150576066434,-0.10479838119471961
2026-08-27,1260.0,1268.699951171875,1251.4000244140625,1256.0,7005789,0.0,0.0,AXISBANK.NS,0.0007968127490038945,0.0007964954622596354,0.6098679111079495,1242.0800170898438,1282.7153979492186,1292.152794189453,1287.4327685546875,1246.140730029754,1265.193914169488,1242.0800170898438,1270.9077433190478,1213.2522908606397,0.046418468750099556,51.902251825441205,-6.663992734362182,-11.571803187217935,4.9078104528557525,18.178562709263392,23.46783362860784,21.346429498737162,-0.10408507313192655
2026-08-28,1256.0,1265.4000244140625,1248.199951171875,1264.0,1523510,0.0,0.0,AXISBANK.NS,0.006369426751592355,0.0063492276786587445,0.6201218468474905,1243.8050170898437,1280.8583251953125,1291.6179553222655,1287.649475708008,1247.8416128840631,1265.1470940059785,1243.8050170898437,1273.5765890782673,1214.03344510142,0.04787176700425404,54.63034419215764,-4.538812022507045,-10.165204954275756,5.626392931768711,18.335710797991073,23.015972119471595,21.378252338336594,-0.09837860862958213
