Date,Open,High,Low,Close,Volume,Dividends,Stock splits,Ticker,Daily_Return,Log_Return,Cumulative_Return,SMA_20,SMA_50,SMA_100,SMA_200,EMA_20,EMA_50,BB_Middle,BB_Upper,BB_Lower,BB_Bandwidth,RSI_14,MACD,MACD_Signal,MACD_Hist,ATR_14,Volatility_30D_Ann,Volatility_90D_Ann,Drawdown
2021-08-30,727.8632353130765,734.6009882849862,725.9916404384651,733.7821655273438,9049166,0.0,0.0,HDFCBANK.NS,,,,,,,,733.7821655273438,733.7821655273438,,,,,,0.0,0.0,0.0,,,,0.0
2021-08-31,731.5596599538288,740.8474382651433,730.9513687618706,739.93505859375,12062576,0.0,0.0,HDFCBANK.NS,0.008385176630702595,0.008350216333363702,0.008385176630702595,,,,,734.3681553431919,734.0234554515166,,,,,,0.4908290765224592,0.09816581530449185,0.39266326121796735,,,,0.0
2021-09-01,736.9405133137502,747.702184301824,736.7065639444443,738.85888671875,12422558,0.0,0.0,HDFCBANK.NS,-0.0014544139549831359,-0.0014554726415962611,0.006918567157812694,,,,,734.795844045626,734.2130802070944,,,,,,0.7839398093929049,0.23532061412217448,0.5486191952707304,,,,-0.0014544139549831166
2021-09-02,736.5193863022039,744.8947850702093,735.1858863326421,743.4910888671875,9618524,0.0,0.0,HDFCBANK.NS,0.0062694003302972146,0.006249829396133784,0.01323134275533433,,,,,735.6239626000605,734.5769236839609,,,,,,1.3741715827777625,0.4630908078532921,0.9110807749244705,,,,0.0
2021-09-03,742.1341103203025,747.7021162261457,733.8055478012244,737.4317626953125,10735334,0.0,0.0,HDFCBANK.NS,-0.008149830257020652,-0.008183221670282072,0.004973679300785294,,,,,735.7961340377035,734.6888781549943,,,,,,1.337578758097493,0.6379883979021324,0.6995903601953606,,,,-0.008149830257020605
2021-09-06,739.2565458922177,739.724444603404,730.8343690908638,732.5889892578125,7876896,0.0,0.0,HDFCBANK.NS,-0.006567080077754861,-0.006588738220708433,-0.0016260633272189295,,,,,735.4906916777139,734.606529570791,,,,,,0.9073479943667735,0.6918603171950606,0.2154876771717129,,,,-0.014663389746857452
2021-09-07,731.0917446980607,740.2157696718924,727.6760612202143,734.2500610351562,7245496,0.0,0.0,HDFCBANK.NS,0.002267399321721486,0.0022648326509256303,0.0006376490596173845,,,,,735.3725363784228,734.592550412531,,,,,,0.6924396119230778,0.6919761761406641,0.0004634357824137014,,,,-0.012429238185102186
2021-09-08,735.5133974033473,739.5139544547029,732.5422518441904,737.5955810546875,6724080,0.0,0.0,HDFCBANK.NS,0.004556376903550596,0.00454602804194257,0.005196931332615895,,,,,735.5842549190194,734.7103163200666,,,,,,0.783052138781045,0.7101913686687403,0.07286077011230463,,,,-0.007929493575346854
2021-09-09,736.4725873700415,739.0226125546611,730.3899039927794,733.9459228515625,8250948,0.0,0.0,HDFCBANK.NS,-0.004948047814910095,-0.004960329935262005,0.000223168852981237,,,,,735.4282232935474,734.6803401056154,,,,,,0.5539803628360005,0.6789491675021925,-0.12496880466619198,,,,-0.012838305876898127
2021-09-13,730.8577675105819,741.1515388839704,726.9508247989902,727.83984375,8959164,0.0,0.0,HDFCBANK.NS,-0.008319521795064788,-0.008354322165889412,-0.008098209600219897,,,,,734.7055204798762,734.4120853465718,,,,,,-0.11889962200723403,0.5193794096003072,-0.6382790316075412,,,,-0.021051019106408334
2021-09-14,729.9219926150045,732.0275368244709,723.6521384346185,724.5645751953125,9758506,0.0,0.0,HDFCBANK.NS,-0.004499985241001037,-0.004510140652171501,-0.012561753017541366,,,,,733.7397161670606,734.025908477895,,,,,,-0.9060047982895867,0.23430256802232838,-1.140307366311915,,,,-0.0254562750721225
2021-09-15,718.2245606360663,727.4889784667846,718.2245606360663,723.7457885742188,14822998,0.0,0.0,HDFCBANK.NS,-0.0011300395425390963,-0.001130678518647152,-0.013677597282446996,,,,,732.7879135391709,733.622766520888,,,,,,-1.5776741136032797,-0.12809276830279326,-1.4495813453004864,,,,-0.02655754801722435
2021-09-16,719.5112312007644,731.9339646234694,718.8328009274061,729.8985595703125,10260550,0.0,0.0,HDFCBANK.NS,0.008501287459253826,0.00846535501939965,-0.005292587009443128,,,,,732.5127369707081,733.4767191894929,,,,,,-1.5951122257578163,-0.4214966597937979,-1.1736155659640184,,,,-0.018282033907877922
2021-09-17,734.1331308228171,743.4911057217695,729.547700275712,740.2860107421875,20498102,0.0,0.0,HDFCBANK.NS,0.014231362749900445,0.014131047534949391,0.008863455014840538,,,,,733.253048758468,733.743750230775,,,,,55.5913413153418,-0.7619680637262718,-0.48959094058029273,-0.27237712314597906,10.644699960996158,,,-0.004310849414326383
2021-09-20,731.7935977510607,740.0753822447209,728.9862054323227,729.851806640625,8781610,0.0,0.0,HDFCBANK.NS,-0.014094828147706684,-0.01419510359656886,-0.005356302008095226,,,,,732.929120937721,733.5911249919457,,,,,46.589908033744756,-0.9328945538408107,-0.5782516632323964,-0.35464289060841425,10.836875494092137,,,-0.018344916880367525
2021-09-21,730.8577390590561,733.9692767081914,715.393664819418,726.1553344726562,14774996,0.0,0.0,HDFCBANK.NS,-0.005064688659171646,-0.005077557664838988,-0.010393862665231346,,,,,732.2839984172385,733.2995253637382,,,,,43.879239571414175,-1.35105531529166,-0.7328123936442492,-0.6182429216474108,11.456842807342193,,,-0.02331669424706178
2021-09-22,724.7751455141527,725.3132404864232,715.8850694878332,717.6162719726562,10582202,0.0,0.0,HDFCBANK.NS,-0.011759278069892853,-0.011828965232811085,-0.022030916413823487,,,,,730.887072089183,732.68449581899,,,,,38.331145871686076,-2.3444562786472716,-1.0551411706448537,-1.2893151080024179,11.40503170930243,,,-0.03480178482563274
2021-09-23,721.4998486172622,735.5368106526174,721.4998486172622,734.6010131835938,13664304,0.0,0.0,HDFCBANK.NS,0.02366827770536495,0.02339252658161818,0.0011159274437553268,,,,,731.2407807648412,732.7596533626999,,,,,51.47406967233879,-1.7411362954619563,-1.1923401956082742,-0.548796099853682,11.991577419473426,,,-0.011957205428163264
2021-09-24,738.8121413748796,752.3577876180659,736.9405463365646,749.36328125,20806702,0.0,0.0,HDFCBANK.NS,0.020095627151982765,0.01989637501151235,0.021233979857576468,,,,,732.9667331919992,733.4107760249469,,,,,59.54428044965409,-0.07099086407401956,-0.9680703293014233,0.8970794652274038,12.267306420155633,,,0.0
2021-09-27,755.9839427357285,765.248360283423,752.3811454208159,760.3822021484375,16415462,0.0,0.0,HDFCBANK.NS,0.014704377935434776,0.014597316805699475,0.03625059025791044,734.8092102050781,,,,735.5777302354695,734.4684790101819,734.8092102050781,753.897214219311,715.7212061908452,0.051953632995170515,64.31483995817544,2.1173388859094757,-0.35098848625924356,2.4683273721687193,12.766949528790121,,,0.0
2021-09-28,763.6107312729913,763.6107312729913,740.215794653108,755.6798706054688,12773790,0.0,0.0,HDFCBANK.NS,-0.006184168342818208,-0.006203369514982848,0.029842242162410715,735.9040954589843,,,,737.492219794517,735.3002982884284,735.9040954589843,757.135778250803,714.6724126671656,0.05770230909933028,61.00856432053079,3.4325982662477372,0.4057288642421526,3.026869402005585,13.542322969376203,,,-0.006184168342818192
2021-09-29,747.2342683926307,751.7260847567792,741.6896798907969,745.7603759765625,16263036,0.0,0.0,HDFCBANK.NS,-0.013126583113770796,-0.013213498141999317,0.016323932376593797,736.195361328125,,,,738.2796632404261,735.7104974134533,736.195361328125,757.8161435722909,714.5745790839592,0.058736534838147135,54.62872275084874,3.6326554939362268,1.0511141901809675,2.5815413037552593,14.043643548244729,,,-0.01922957445684744
2021-09-30,742.0873538076034,751.6090811295566,740.7304361257566,746.2750244140625,15975348,0.0,0.0,HDFCBANK.NS,0.0006900989300029359,0.0006898609212297786,0.01702529643486317,736.5661682128906,,,,739.0411262093439,736.1247925899478,736.5661682128906,758.6291491325429,714.5031872932383,0.059907668507727135,54.8922804791815,3.7890522799435757,1.5987018081334892,2.1903504718100866,14.204067579810319,,,-0.018552745835601604
2021-10-01,740.6836663870009,743.4910586790553,732.3784641896735,740.5432739257812,11128596,0.0,0.0,HDFCBANK.NS,-0.007680480118950173,-0.007710126904971425,0.009214053865125749,736.4187774658203,,,,739.1841878966237,736.2980663678236,736.4187774658203,758.3258069393225,714.5117479923181,0.0594961186320891,51.31694463630104,3.4111716342466707,1.9611957733561254,1.4499758608905453,14.182342304053805,,,-0.026090731959009485
2021-10-04,743.4910687947713,749.2696065845623,740.9644042742369,741.9703979492188,7051028,0.0,0.0,HDFCBANK.NS,0.0019271311666528845,0.0019252766316254003,0.01115894172215337,736.6457092285157,,,,739.4495412349661,736.5205107435646,736.6457092285157,758.6905181751487,714.6009002818827,0.05985186276241366,52.15259211581731,3.1900821999236086,2.206973058669622,0.9831091412539865,14.20740903754871,,,-0.024213881055075645
2021-10-05,744.8946835659208,747.4681262541196,737.5252795042604,746.5089111328125,10257178,0.0,0.0,HDFCBANK.NS,0.006116838618006826,0.00609820670101697,0.017344037785822275,737.3417053222656,,,,740.1218621776181,736.9122127196135,737.3417053222656,759.7236161137873,714.9597945307439,0.06070973777819708,54.809225541836916,3.3425564047728358,2.434089727890265,0.9084666768825707,14.25586824605877,,,-0.01824515483979823
2021-10-06,746.7663223214056,761.2009857374555,742.5552340376382,755.609619140625,18600830,0.0,0.0,HDFCBANK.NS,0.01219102394103011,0.012117311887576396,0.02974650330673345,738.4096832275391,,,,741.5968866502855,737.6454443439669,738.4096832275391,762.1666059658959,714.6527604891822,0.06434618417926728,59.64749428628565,4.149906846177942,2.7772531515478005,1.372653694630141,14.651910246326915,,,-0.006276558018227817
2021-10-07,761.0839997912436,761.5986769283292,751.9131968657225,753.5508422851562,11265724,0.0,0.0,HDFCBANK.NS,-0.0027246567583539827,-0.0027283753917817836,0.02694079753710743,739.2074462890625,,,,742.7353586155112,738.2691854396999,739.2074462890625,763.9023102882013,714.5125822899238,0.06681443517137403,58.131251808928305,4.57092106853861,3.1359867349459623,1.4349343335926474,14.347772718937572,,,-0.00898411331035819
2021-10-08,754.2527714983781,758.9317589146212,748.7081828334393,749.8779296875,7245562,0.0,0.0,HDFCBANK.NS,-0.004874140391799009,-0.004886057754447704,0.021935343915845618,740.0040466308594,,,,743.4156034795102,738.7244303121627,740.0040466308594,765.0101789637083,714.9979142980105,0.06758377186367698,55.424406091870694,4.555689370933578,3.4199272621434855,1.1357621087900927,14.270899202603077,,,-0.013814463872586691
2021-10-11,748.5912238329689,769.6934460990624,748.1701035333743,764.4530029296875,13080848,0.0,0.0,HDFCBANK.NS,0.01943659449780233,0.019250116354628335,0.041798286798510054,741.8347045898438,,,,745.4191653319081,739.7333939442225,741.8347045898438,768.4032418544045,715.266167325283,0.07162926484883271,62.82248587175559,5.654522922090678,3.8668463941329243,1.7876765279577533,14.481451393811264,,,0.0
2021-10-12,760.3354701381298,768.0792173113862,760.3354701381298,762.48779296875,8176946,0.0,0.0,HDFCBANK.NS,-0.002570740063033372,-0.0025740500892975785,0.03912009420503759,743.7308654785156,,,,747.0447489163693,740.6257233177333,743.7308654785156,770.5218625396482,716.9398684173831,0.07204487081195762,61.344134030685225,6.294224506061028,4.352322016518546,1.941902489542482,14.300985835842214,16.152170773896934,,-0.0025707400630333517
2021-10-13,765.9502127890877,771.0970987638464,762.6749217142412,767.0731811523438,6225644,0.0,0.0,HDFCBANK.NS,0.006013720122312494,0.005995709877103948,0.045369071625057655,745.8972351074219,,,,748.9522186531287,741.6628785269337,745.8972351074219,772.8901990699094,718.9042711449345,0.07237716589363685,63.50227738593181,7.089472103520393,4.899752033918915,2.189720069601478,13.635897772637586,16.076603406719894,,0.0
2021-10-14,766.4181393559124,790.7488739386398,766.4181393559124,789.5323486328125,14757288,0.0,0.0,HDFCBANK.NS,0.029279041468676104,0.028858597416203124,0.07597647602323909,748.8789245605469,,,,752.8169929369082,743.5401126487329,748.8789245605469,781.099224030112,716.6586250909818,0.08604942244428224,71.8052759180452,9.423352132979971,5.804472053731127,3.6188800792488447,14.105466354655814,17.981942349984468,,0.0
2021-10-18,797.7673749395057,807.1253500121098,780.0106400858581,781.5313110351562,28856456,0.0,0.0,HDFCBANK.NS,-0.010133894591540349,-0.010185592062372042,0.06507264383224265,750.9411895751953,,,,755.551689898646,745.0299635658477,750.9411895751953,786.0004867124434,715.8818924379472,0.09337428183179305,66.0413001006327,10.506242579803597,6.744826158945621,3.7614164208579766,14.907582847000722,18.291124670601906,,-0.010133894591540403
2021-10-19,783.9408452246269,791.8951230348935,781.8587188797318,790.1405029296875,8987540,0.0,0.0,HDFCBANK.NS,0.01101579907672301,0.01095556709399886,0.07680527007881288,753.9556243896484,,,,758.845862568269,746.799004325214,753.9556243896484,791.6484849442353,716.2627638350615,0.0999869470702616,68.93125013196253,11.921704903462228,7.780201907848943,4.141502995613285,13.976788231276,18.235059077287165,,0.0
2021-10-20,790.3277778106263,794.8430122320457,778.7940620449946,783.1923217773438,10908568,0.0,0.0,HDFCBANK.NS,-0.00879360205758506,-0.008832493943872552,0.06733627304022938,756.8074737548828,,,,761.1645729691332,748.2261932449054,756.8074737548828,794.2741978215639,719.3407496882018,0.09901256360693901,64.1838231962453,12.340554610375875,8.692272448354329,3.6482821620215464,14.123842479303091,18.34096422439606,,-0.008793602057585004
2021-10-21,782.2332006142838,786.9823275220377,777.1096747206212,784.3387451171875,9738190,0.0,0.0,HDFCBANK.NS,0.0014637826597203585,0.001462712374199197,0.06889862136879632,760.1435974121093,,,,763.3716369832337,749.6423717497008,760.1435974121093,794.6849971123178,725.6021977119009,0.09088124880036828,64.61683268215947,12.619532685804302,9.477724495844324,3.1418081899599777,14.051985893418557,18.342540520184425,,-0.007342691320073087
2021-10-22,786.1166307748242,799.1710165314034,781.7417891509615,786.4207763671875,12175554,0.0,0.0,HDFCBANK.NS,0.0026545051649704554,0.0026509881886480706,0.0717360182800495,762.734585571289,,,,765.5667931150388,751.0846621268572,762.734585571289,796.9815724533694,728.4875986892087,0.08980053489099182,65.4341530022435,12.860380876686236,10.154255772012707,2.7061251046735286,14.304319261708056,18.330184419446347,,-0.004707677367136574
2021-10-25,790.7488240142435,790.7488240142435,755.0949649733542,775.3081665039062,16426766,0.0,0.0,HDFCBANK.NS,-0.01413061581945374,-0.014231403559606209,0.05659172834586301,764.0318298339844,,,,766.4945429615975,752.0346034749767,764.0318298339844,798.1113431414685,729.9523165265002,0.08920966896075325,57.764587297094955,12.016046554218747,10.526613928453916,1.489432625764831,16.227714003287215,18.827914084375244,,-0.018771770806313343
2021-10-26,772.0327977134464,783.192169457088,770.324956161864,773.3195190429688,12090656,0.0,0.0,HDFCBANK.NS,-0.0025649768012955265,-0.002568271990219277,0.05388159507421508,764.6786956787109,,,,767.1445406836328,752.8693060462706,764.6786956787109,798.9570777253236,730.4003136320982,0.08965434041859376,56.488579417503324,11.058957512048778,10.63308264517289,0.4258748668758887,16.43659732795613,18.629404274714155,,-0.021288598450971453
2021-10-27,773.3195706484513,779.0747474620774,766.0905586340668,768.6640014648438,13249642,0.0,0.0,HDFCBANK.NS,-0.0060201733739845276,-0.0060383676763659045,0.04753704515621693,765.3279022216797,,,,767.2892512342244,753.4887058666068,765.3279022216797,799.3797510362705,731.2760534070889,0.08898629911634291,53.50862041353048,9.811693099420722,10.468804736022456,-0.6571116366017336,16.032199979969935,18.68126085352415,,-0.027180610771391993
2021-10-28,772.0329334003637,772.0329334003637,742.6255085423319,745.6434326171875,17797750,0.0,0.0,HDFCBANK.NS,-0.02994880572497982,-0.030406431274283652,0.01616456170111391,765.322055053711,,,,765.2277446992684,753.1810480921198,765.322055053711,799.3880884934421,731.2560216139799,0.08902404736615176,41.77359041620933,6.886278815646392,9.752299551947244,-2.866020736300852,17.440910322500308,20.847538529808165,,-0.05631538966489315
2021-10-29,743.9590128781347,749.5737978809885,729.9220503710001,740.613525390625,12406874,0.0,0.0,HDFCBANK.NS,-0.006745727255864975,-0.006768582515523522,0.009309792720802568,765.0389801025391,,,,762.8835333365405,752.6882040646102,765.0389801025391,799.857211704205,730.2207485008731,0.09102341843287312,39.72366361771125,4.114565295292323,8.62475270061626,-4.510187405323936,18.11435113884363,20.84406599985407,,-0.06268122866177102
2021-11-01,741.6194314974399,753.7847975661676,740.9410012363768,751.1177978515625,8122320,0.0,0.0,HDFCBANK.NS,0.01418320365591108,0.014083563066245593,0.02362503906286717,765.5677062988282,,,,761.7629870998759,752.6266195072359,765.5677062988282,799.1177870508635,732.0176255467928,0.0876475861664404,45.71479343390634,2.73405290106939,7.446612740706885,-4.712559839637495,17.517774682404674,20.841327508767023,,-0.04938704563737258
2021-11-02,751.44534061017,758.9317200932103,748.6613660865314,751.7962646484375,13237722,0.0,0.0,HDFCBANK.NS,0.000903276155638455,0.000902868447228834,0.024549655152967143,766.0589996337891,,,,760.8137754378341,752.5940565715968,766.0589996337891,798.4208676225761,733.6971316450021,0.08448923125831682,46.08752694508343,1.6754202808326681,6.292374248732043,-4.6169539678993745,17.698246599077713,20.372481844146893,,-0.04852837962245577
2021-11-03,751.0242516160887,753.2701884011461,737.197878202498,739.9584350585938,10207338,0.0,0.0,HDFCBANK.NS,-0.015746060663628714,-0.015871346792541655,0.0084170341300287,765.7314758300781,,,,758.8275525445731,752.0985420024595,765.7314758300781,799.0450354136075,732.4179162465488,0.08701107538361633,40.820952277146596,-0.11741413570314307,5.010416571845006,-5.127830707548149,18.23131834218855,20.880731285691525,,-0.06351030947664167
2021-11-04,746.2985675510379,747.6320676747624,744.0058520644047,745.8072509765625,1096808,0.0,0.0,HDFCBANK.NS,0.00790424926706268,0.007873174330779048,0.01638781373294451,765.241357421875,,,,757.5875238238102,751.8518247073263,765.241357421875,799.458116564869,731.0245982788811,0.08942736513424059,44.21297384322271,-1.0541462220320454,3.797504013069596,-4.8516502351016415,17.041525344577217,20.63654728634255,,-0.05610806152671065
2021-11-08,744.9415577689133,750.8370703527786,734.8115388253409,748.7549438476562,18943580,0.0,0.0,HDFCBANK.NS,0.003952352122125413,0.003944562097676952,0.020404936265454365,765.0015625,,,,756.7463257308432,751.730378399104,765.0015625,799.6280507970221,730.3750742029779,0.09052658189053593,45.8961056245174,-1.5408964740595366,2.72982391564377,-4.270720389703307,16.249441173233354,19.547465739811994,,-0.05237746822062866
2021-11-09,746.1113342173927,746.1113342173927,734.1565554425947,735.65380859375,12695476,0.0,0.0,HDFCBANK.NS,-0.01749722704545087,-0.01765211289710648,0.002550679417318902,764.2903564453125,,,,754.7375145749295,751.099924681247,764.2903564453125,800.7600125989253,727.8207002916996,0.09543403458139112,40.10461166897243,-2.949798241924782,1.5938994841300596,-4.543697726054841,16.551910916470806,19.343154998293237,,-0.06895823481255729
2021-11-10,733.6651098597492,734.1330085267516,725.2429338537062,727.6994018554688,13714126,0.0,0.0,HDFCBANK.NS,-0.010812703808992241,-0.010871585925421125,-0.008289604132724504,762.4526763916016,748.9093395996093,,,752.1624562206952,750.1822571194518,762.4526763916016,802.4237193026735,722.4816334805297,0.104848587063107,37.047851629848815,-4.654562292828359,0.3442071287383759,-4.998769421566735,16.149191241684573,19.006106027918992,,-0.07902531365333036
2021-11-11,725.2664546194623,727.5357520533504,718.5052836512886,724.4476318359375,7999404,0.0,0.0,HDFCBANK.NS,-0.004468562171742851,-0.004478576038543764,-0.012721123693021141,760.550668334961,748.7226489257813,,,749.5229491364325,749.1730561279415,760.550668334961,803.9849011950778,717.1164354748441,0.11421785468995883,35.84505287768329,-6.196560655717349,-0.9639464281527691,-5.2326142275645795,16.10072448473912,18.97501235963649,,-0.08314074629787183
2021-11-12,725.2430323240301,729.4775386819591,722.9269564545162,726.646728515625,14914092,0.0,0.0,HDFCBANK.NS,0.0030355495456786397,0.0030309515677330867,-0.009724189748589351,758.529345703125,748.4568823242188,,,747.3442614582605,748.2896707313802,758.529345703125,804.3809342834872,712.6777571227628,0.12089601764282355,37.32695633102906,-7.158636439592897,-2.2028844304407946,-4.955752009152102,15.323678402382045,18.678262547635942,,-0.08035757460684513
2021-11-15,730.904612413564,735.4666251415645,727.3018149519153,728.6353149414062,9533594,0.0,0.0,HDFCBANK.NS,0.0027366619125135383,0.002732924071220821,-0.007014139655790785,755.4844940185546,748.2524108886719,,,745.5624570280838,747.518911680793,755.4844940185546,800.751638561943,710.2173494751663,0.11983606520526831,38.705734613899864,-7.672185940691293,-3.296744732490894,-4.375441208200399,13.4069668013142,18.701835887926848,,-0.07784082420814015
2021-11-16,727.582480851994,728.6118351487053,721.3126268284178,724.3071899414062,8245406,0.0,0.0,HDFCBANK.NS,-0.005940042859915562,-0.0059577550902731235,-0.012912518225525527,752.6232879638671,747.8687329101563,,,743.5381458769716,746.60864808317,752.6232879638671,798.1913998355353,707.055176092199,0.12109142143328382,36.807749007760584,-8.332370752769066,-4.303869936546529,-4.028500816222537,13.010929288297373,18.652365659662582,,-0.08331848923600817
2021-11-17,719.1135702464771,722.4356398093381,715.1832094874179,716.2593994140625,7598878,0.0,0.0,HDFCBANK.NS,-0.011111018417468421,-0.011173206862985329,-0.02388006541517429,748.929232788086,747.4452856445313,,,740.9401700233612,745.4184814686952,748.929232788086,793.6624089650902,704.1960566110818,0.11945902020801943,33.51665822038558,-9.396642761532348,-5.3224245015436935,-4.074218259988655,12.735200118724354,18.875932959190543,,-0.09350375438505965
2021-11-18,714.0368884967193,722.2016985884679,713.6625466615229,720.2833251953125,9152874,0.0,0.0,HDFCBANK.NS,0.0056179727408001146,0.0056022507881247,-0.01839625023092517,745.7837829589844,747.1991723632813,,,738.9728514683089,744.4327890658175,745.7837829589844,789.2004245752654,702.3671413427033,0.11643224915409242,36.57052241406611,-9.80239293101613,-6.21841818743818,-3.583974743577949,11.244609195075295,18.859890947275453,,-0.08841108318755735
2021-11-22,723.3714420794946,726.5063407477103,701.4036193856,709.0303344726562,15261272,0.0,0.0,HDFCBANK.NS,-0.015623006015868635,-0.01574633133551763,-0.033731851518766676,742.0183624267578,746.6947778320313,,,736.1211831830087,743.0444575131445,742.0183624267578,784.4063837902967,699.6303410632189,0.11425059947279369,32.1262596691043,-10.906254654999884,-7.1559854809505214,-3.7502691740493628,11.633964470226854,18.87644740125298,,-0.10265284231891733
2021-11-23,702.7839115916332,714.8557220008774,700.1402722718575,709.1239624023438,11235214,0.0,0.0,HDFCBANK.NS,0.0001320506685473788,0.00013204195062531006,-0.03360425516376364,738.1535217285157,746.1253454589844,,,733.5500192991359,741.7142420186033,738.1535217285157,777.4801244925836,698.8269189644477,0.1065539934618962,32.20008745409443,-11.639346887035003,-8.052657762167419,-3.5866891248675845,11.744262866903805,18.885734665875,,-0.10253434702682644
2021-11-24,713.0776758128465,718.8562137965511,708.422106222235,710.293701171875,30802286,0.0,0.0,HDFCBANK.NS,0.00164955470630046,0.0016481956852503735,-0.03201013251472029,734.902798461914,745.6523010253907,,,731.3351318584444,740.4820639461825,734.902798461914,771.9820051232606,697.8235918005674,0.10090914536983679,33.17801255147607,-11.987752273686283,-8.839676664471192,-3.148075609215091,11.755959550306459,18.892759163334087,,-0.10105392833522148
2021-11-25,708.7730866607686,717.4292139914801,705.123453372011,713.9901123046875,10251652,0.0,0.0,HDFCBANK.NS,0.005204060132750765,0.005190565808421317,-0.026972655036433424,731.936328125,745.3753063964843,,,729.683225234277,739.4431638818102,731.936328125,765.3905168751717,698.4821393748284,0.0914128386983364,36.30453148745954,-11.82923649167958,-9.43758862991287,-2.3916478617667103,11.486920294650815,17.932568879138014,,-0.09637575892217795
2021-11-26,701.8480801025066,704.9829786803473,694.8295993014816,697.122314453125,18624936,0.0,0.0,HDFCBANK.NS,-0.023624693901033167,-0.02390823154618972,-0.049960128218532684,728.359243774414,744.8264611816406,,,726.5821861122624,737.7835227277442,728.359243774414,760.5537217199793,696.1647658288488,0.08840274416984396,29.51744683447518,-12.915816417107521,-10.133234187351801,-2.78258222975572,12.30741175086776,18.97693583407132,,-0.11772360501919485
2021-11-29,699.4149985992442,705.4274854622762,684.0678984147324,702.4329223632812,12990996,0.0,0.0,HDFCBANK.NS,0.00761789975740812,0.007589030083870365,-0.04272281970976055,726.1987182617188,744.4002038574218,,,724.282256231407,736.3972246742359,726.1987182617188,759.2962598989402,693.1011766244974,0.09115285060388444,33.71874665325673,-13.196298446565834,-10.74584703919461,-2.450451407371224,12.68841571658962,19.04807659938621,,-0.11100251188390366
2021-11-30,699.5086305355009,715.4171880192514,695.554908948658,698.8302001953125,25221542,0.0,0.0,HDFCBANK.NS,-0.005128919863049197,-0.00514211791972103,-0.04763261765419491,724.1095520019531,743.7788366699219,,,721.8582508946362,734.9240080280036,724.1095520019531,758.6206678310364,689.5984361728699,0.09532015075252076,32.31162370019031,-13.553060797044168,-11.307289790764521,-2.2457710062796465,13.064407906984757,16.43435672948382,,-0.11556210875890317
2021-12-01,699.5085091034117,705.1467109030004,696.7478955371545,704.0237426757812,8677634,0.0,0.0,HDFCBANK.NS,0.007431765941164681,0.007404286432196341,-0.04055484617860117,721.754849243164,743.0535913085937,,,720.1597263023643,733.7122329161518,721.754849243164,754.9065998222314,688.6030986640966,0.09186429606626274,36.43003926962321,-13.263824938754396,-11.698596820362496,-1.5652281183919001,12.920689380256338,16.65242582844363,,-0.10898917336170216
2021-12-02,703.9536364032033,715.3235983422754,701.8480921268228,713.896484375,11203110,0.0,0.0,HDFCBANK.NS,0.014023307881202207,0.01392589098095192,-0.027100251391436236,719.8598602294921,742.7344848632813,,,719.5632270711867,732.9351447380675,719.8598602294921,749.9750104026789,689.7447100563054,0.08366948023351657,43.471205025164124,-12.098491809515394,-11.778575818193076,-0.3199159913223184,13.226502809632937,16.899981414413336,,-0.09649425421426884
2021-12-03,713.9198695084689,718.6689956881011,705.146768758102,708.1881103515625,8124694,0.0,0.0,HDFCBANK.NS,-0.007996080872194056,-0.00802822097139304,-0.03487963646184755,718.2713439941406,742.3751403808594,,,718.4798826216987,731.9646728013419,718.2713439941406,747.2529720793585,689.2897159089226,0.08069827183709663,40.666490585967004,-11.502975840505428,-11.723455822655547,0.22047998215011866,13.724477431244095,16.87910987099547,,-0.10371875922606352
2021-12-06,707.9308053003743,710.6446408837688,700.6081784752469,703.6261596679688,7029532,0.0,0.0,HDFCBANK.NS,-0.006441721651227805,-0.0064625590742658535,-0.04109667320369215,716.1622894287109,742.0953381347656,,,717.065242340391,730.8533585608175,716.1622894287109,742.7467453861854,689.5778334712364,0.07424142921203271,38.52716505988544,-11.269231750194422,-11.632611008163321,0.3633792579688997,13.811374987142845,16.84090179764511,,-0.10949235350034629
2021-12-07,708.3752975369557,716.820892914321,706.4803418484618,713.8731079101562,12427534,0.0,0.0,HDFCBANK.NS,0.01456305752904763,0.014458034615342676,-0.02713210889076234,714.4181976318359,741.6807800292969,,,716.7612295375116,730.1874663784386,714.4181976318359,736.1297287624506,692.7066665012213,0.06078101370481413,45.466703258508645,-10.140254249859481,-11.334139656502554,1.1938854066430729,14.230806782383118,17.560946148595985,,-0.096523839414315
2021-12-08,718.6924973661944,727.6059916156952,717.7566998435823,727.0211181640625,15295534,0.0,0.0,HDFCBANK.NS,0.018417853408705387,0.018250298948623123,-0.009213970686276052,713.9865631103515,741.2339367675781,,,717.7383617876593,730.0632958602278,713.9865631103515,734.2129738801317,693.7601523405714,0.05665767905117852,52.82547071508163,-8.091325142449364,-10.685576753691917,2.5942516112425533,14.560014157493876,18.311956415779022,,-0.0798837479303878
2021-12-09,722.9970627041388,727.4421004421224,712.1418354958904,714.4111328125,11747744,0.0,0.0,HDFCBANK.NS,-0.0173447304851424,-0.017496912595330302,-0.026398887333166976,713.3221496582031,740.3145153808593,,,717.4214828376441,729.4494855446306,713.3221496582031,732.4976326247793,694.1466666916269,0.053763879267633374,46.36358115823886,-7.399754728592484,-10.028412348672031,2.6286576200795473,15.042950801728662,18.839621800303323,,-0.09584291633753453
2021-12-10,713.4987204148438,714.9491949236455,705.8017527309845,712.399169921875,7779384,0.0,0.0,HDFCBANK.NS,-0.0028162535523548193,-0.0028202266556545397,-0.029140794925291535,712.7197265625,739.4489013671875,,,716.9431673218565,728.7808457162872,712.7197265625,731.1667386693784,694.2727144556216,0.05176512286491564,45.409139266721226,-6.934096831761849,-9.409549245289995,2.4754524135281457,13.90328800391085,18.81148750802325,,-0.09838925193628568
2021-12-13,714.0134087105283,719.4644399316592,705.216890396181,707.0651245117188,10322142,0.0,0.0,HDFCBANK.NS,-0.00748743911470473,-0.007515610697051634,-0.036410044112239026,711.7406463623047,738.6749963378907,,,716.0024013399386,727.9292488063041,711.7406463623047,729.1232110971843,694.3580816274251,0.04884522142643274,42.88836785978133,-6.915751995661935,-8.910789795364384,1.9950377997024482,13.869866561515007,16.998660970647308,,-0.10514000751757616
2021-12-14,703.0178025474343,709.3344350495244,700.4677774580217,702.994384765625,9191100,0.0,0.0,HDFCBANK.NS,-0.005757234524761623,-0.005773871284663691,-0.04195765747398961,710.4585998535156,737.8093835449218,,,714.7635426185755,726.9514110007873,710.4585998535156,726.3093763254592,694.607823381572,0.044621253019420916,41.01701552431732,-7.147298648028027,-8.558091565897113,1.4107929178690863,13.757905848456906,16.975632143334217,,-0.11029192636112391
2021-12-15,703.2517796630859,712.7735072392076,699.8127354772637,701.8480834960938,10115148,0.0,0.0,HDFCBANK.NS,-0.0016305980451229996,-0.001631928917056921,-0.0435198394448576,709.33564453125,737.0354797363282,,,713.5334988926248,725.966966784917,709.33564453125,724.2074530188028,694.4638360436971,0.041931654223806965,40.48136527114928,-7.338701982373891,-8.31421364919247,0.9755116668185781,13.804692358633677,16.296597452814982,,-0.11174268260672958
2021-12-16,707.8372458051468,709.8023976917555,699.0407265336075,701.8948974609375,13210432,0.0,0.0,HDFCBANK.NS,6.670099405359231e-05,6.669876964120158e-05,-0.04345604126735603,708.6174194335938,736.2339697265625,,,712.4250606610356,725.0229640663296,708.6174194335938,723.4687539899553,693.7660848772323,0.04191636883053864,40.515530331015604,-7.401295480949329,-8.131630015543841,0.7303345345945118,13.204775083986679,16.284518450465562,,-0.11168343496068413
2021-12-17,700.4444335425557,704.6555223213686,686.7349772271347,689.23828125,14994768,0.0,0.0,HDFCBANK.NS,-0.018032067559861198,-0.01819662651714305,-0.0607045065552001,707.0651672363281,735.0885571289062,,,710.2167959552227,723.6196431715715,707.0651672363281,723.2153704797475,690.9149639929086,0.04568236137708494,34.71379183073654,-8.375635321663708,-8.180431076767814,-0.19520424489589416,12.959129230178835,16.461835928937486,,-0.12770161927601695
2021-12-20,679.3889963331386,682.1963888799697,661.6556219890123,667.0598754882812,21156668,0.0,0.0,HDFCBANK.NS,-0.03217813978860273,-0.03270723734815457,-0.0909292882460715,704.9666442871094,733.3175622558593,,,706.1066130536092,721.4016130663445,704.9666442871094,729.0166954831573,680.9165930910615,0.06823032377756899,27.328738924540275,-10.81277570980592,-8.706900003375436,-2.105875706430483,13.510584958064142,18.29698358575953,,-0.15577055850832502
2021-12-21,673.5402041456153,678.8040647198691,669.0951663273568,674.6163940429688,9118750,0.0,0.0,HDFCBANK.NS,0.011328096370893492,0.011264413969503947,-0.08063124761536622,703.2412658691406,731.7388732910156,,,703.1075445764053,719.5668985948396,703.2412658691406,730.739550425383,675.7429813128983,0.07820441117674456,32.59069835884769,-11.996194468690874,-9.364758896438524,-2.63143557225235,13.74954023418856,18.68400255436892,,-0.14620704603596169
2021-12-22,679.5293409953787,681.2605434308314,671.7621764690725,676.2072143554688,8577484,0.0,0.0,HDFCBANK.NS,0.002358110959868931,0.002355334979409536,-0.07846327408420695,701.5369415283203,730.265458984375,,,700.5456083648875,717.8665188207466,701.5369415283203,731.324780879186,671.7491021774546,0.08492165583175704,33.679420781643955,-12.659762594242352,-10.02375963599929,-2.6360029582430613,13.465458858924721,18.263888722898642,,-0.1441937075137602
2021-12-23,679.9737894341596,682.1027513772324,672.3002392895576,675.6925048828125,9779166,0.0,0.0,HDFCBANK.NS,-0.0007611712234494306,-0.0007614610613519813,-0.0791647213213259,699.6220611572265,728.4902490234375,,,698.1786461284994,716.2126359212198,699.6220611572265,730.9245450979888,668.3195772164643,0.08948398193443372,33.49094719861378,-13.076440797615874,-10.634295868322608,-2.4421449292932653,13.199764941615845,18.109526302668442,,-0.14484512263644764
2021-12-24,676.3475804899253,679.3889220832733,668.1593531232193,673.2594604492188,5561024,0.0,0.0,HDFCBANK.NS,-0.003600816075376989,-0.003607314618309992,-0.08248047979556627,698.4289184570313,726.7056823730469,,,695.8053903495203,714.5281976674158,698.4289184570313,731.878117398073,664.9797195159896,0.09578411791693173,32.5632916748031,-13.447967825757928,-11.197030259809674,-2.250937565948254,13.284986838153852,18.102680372192584,,-0.1479243780657953
2021-12-27,668.5805208219992,680.3247677693998,665.4222043278841,678.8275146484375,4705098,0.0,0.0,HDFCBANK.NS,0.00827029477685115,0.008236283283713399,-0.07489232289996062,697.248648071289,724.9407690429688,,,694.18844980656,713.128170882358,697.248648071289,731.7522086559886,662.7450874865895,0.09897060590979252,36.872671853742574,-13.141621796863205,-11.585948567220381,-1.5556732296428244,13.40697470923696,18.30115896345855,,-0.14087746150023073
2021-12-28,683.4596341615539,686.3606404814903,680.0440077919508,683.5064697265625,5450678,0.0,0.0,HDFCBANK.NS,0.006892700983913702,0.006869054915157947,-0.0685158323037871,696.4824615478516,722.8202514648438,,,693.1711183703698,711.9665355429149,696.4824615478516,731.5146568593166,661.4502662363866,0.10059749454023578,40.32371456007252,-12.378595052358833,-11.744477864248072,-0.6341171881107606,12.96413486120224,18.437743637750494,,-0.1349557867338109
2021-12-29,681.2839280160719,683.6000037447715,677.2365928197368,680.2545166015625,7668702,0.0,0.0,HDFCBANK.NS,-0.004757750319906884,-0.004769104441659338,-0.07294760140063195,695.2940002441406,720.7947155761718,,,691.9409658209595,710.7229269569796,695.2940002441406,730.8576905841162,659.7303099041651,0.10229828051870997,38.738613056937304,-11.899130529714625,-11.775408397341383,-0.12372213237324203,12.325788145402433,18.419317205119725,,-0.13907145111621175
2021-12-30,682.4302882045415,686.3372311223421,676.1136554374787,683.833984375,7215918,0.0,0.0,HDFCBANK.NS,0.005261953704210454,0.005248157999562316,-0.06806949459782485,693.7908752441406,718.6685852050781,,,691.1688723499158,709.6684586204314,693.7908752441406,728.5767713210778,659.0049791672034,0.10027775607367644,41.46610114176023,-11.102337471303485,-11.640794212133805,0.5384567408303198,12.4026548234169,18.328450906185445,,-0.13454128494935214
2021-12-31,683.8339524038007,694.7360149979426,683.8339524038007,692.2093505859375,6325736,0.0,0.0,HDFCBANK.NS,0.012247660108019254,0.012173264352277025,-0.05665552652336436,692.9919372558594,716.84892578125,,,691.2679655152511,708.9837877171178,692.9919372558594,727.1131854320549,658.8706890796639,0.09847516642490932,47.37049542569013,-9.683426659752286,-11.249320701657501,1.5658940419052154,12.16369147046431,18.64940433785777,,-0.12394144076988879
2022-01-03,694.8295953810808,712.6097466433577,692.7240511526534,711.0422973632812,9069184,0.0,0.0,HDFCBANK.NS,0.027207010077806792,0.02684347838296673,-0.030989943926642227,693.362744140625,715.3829968261718,,,693.1512352150635,709.0645135855949,693.362744140625,728.1257367136831,658.5997515675668,0.10027360964178839,57.70244578615834,-6.959048626757294,-10.39126628667746,3.432217659920166,12.987529932315558,19.873547136059457,,-0.10010650672016619
2022-01-04,711.2060471421149,717.2419519918268,705.4977056629859,715.2066040039062,8857352,0.0,0.0,HDFCBANK.NS,0.0058566229548753235,0.005839539606691615,-0.025314817388737976,693.4294189453125,713.9587133789063,,,695.2517465282866,709.305379876509,693.4294189453125,728.3627453082131,658.4960925824118,0.10075524749449852,59.59146028417361,-4.413063613884901,-9.195625752118948,4.782562138234047,12.900635258522486,19.94172464664835,,-0.09483616983048067
2022-01-05,719.066759647386,735.5367713761124,714.9960066045779,732.1912841796875,14332638,0.0,0.0,HDFCBANK.NS,0.02374793532483732,0.02347033940639275,-0.0021680567100085257,693.6879272460938,713.0963757324218,,,698.769797733182,710.2028663197709,693.6879272460938,729.7269281680594,657.6489263241281,0.103905515741174,66.21822888481177,-1.0131514260864378,-7.559130886912446,6.5459794608260085,13.599141945192953,21.062773014260465,,-0.07334039773323295
2022-01-06,721.967753419475,727.4655635961949,715.9084876032401,720.4470825195312,9628930,0.0,0.0,HDFCBANK.NS,-0.01603979986365711,-0.01616982976379793,-0.018173081377944045,693.9897247314453,712.0389270019531,,,700.8343010461676,710.604600288389,693.9897247314453,730.8511295879043,657.1283198749863,0.10623040527213375,59.01182638030465,0.7252839325020659,-5.9022479230295435,6.627531855531609,13.482159908208198,21.596057483801896,,-0.08820383229532797
2022-01-07,722.4356675971685,733.0803641242641,718.6456991580834,725.5004272460938,11179384,0.0,0.0,HDFCBANK.NS,0.007014178902481127,0.006989693977398608,-0.011286371719457122,694.6447875976562,711.1756555175781,,,703.1834559223512,711.1887503651617,694.6447875976562,733.3054152004103,655.9841599949021,0.11131049507031385,60.979589850361585,2.482156411777055,-4.225367056068223,6.707523467845278,12.54301745857912,20.429660050977184,18.67479826618503,-0.0818083308524508
2022-01-10,728.9863190275839,735.5369021253928,723.137584118826,729.5244140625,8856496,0.0,0.0,HDFCBANK.NS,0.00554649820356512,0.005531173023677594,-0.0058024733563587505,695.7677520751953,710.8532751464844,,,705.6921186023653,711.9077960003515,695.7677520751953,737.155932921642,654.3795712287485,0.11897125362019856,62.52252255673286,4.151338568509118,-2.550025931152755,6.701364499661873,12.589812371077617,20.383743604155725,18.64447669405601,-0.07671558240899538
2022-01-11,730.6472691784858,733.992699333782,724.2136617774655,732.6826171875,8389198,0.0,0.0,HDFCBANK.NS,0.004329126022545093,0.004319782313508714,-0.001498466972215784,697.252163696289,710.6946569824219,,,708.2626422771401,712.7224948704358,697.252163696289,741.7448021872074,652.7595252053707,0.1276228050840401,63.73456070916757,5.663730096507038,-0.9072747256207965,6.5710048221278345,12.609860270688873,20.30700879142011,18.65759805878865,-0.07271856781059169
2022-01-12,733.6651307861456,737.7124657944661,726.1787519005727,728.3544921875,21085530,0.0,0.0,HDFCBANK.NS,-0.005907230359325388,-0.005924747062115968,-0.007396845541950414,698.5774841308594,710.2393908691406,,,710.1761517924125,713.3355143730657,698.5774841308594,745.1758318610662,651.9791364006526,0.13340924604285664,60.831099519707784,6.438844768339891,0.561949173171341,5.87689559516855,12.733517542561628,20.345370924540475,18.652539935167876,-0.07819623283845971
2022-01-13,727.5825458546584,727.5825458546584,711.3932607592723,714.9492797851562,41963896,0.0,0.0,HDFCBANK.NS,-0.018404791274209464,-0.018576266683543372,-0.02566549941787266,699.2302032470703,709.502451171875,,,710.6307354107691,713.3987992911871,699.2302032470703,746.3865795418936,652.073826952247,0.1348808334532448,52.807083312961005,5.903389521659278,1.6302372428689285,4.2731522787903495,13.142922004574034,20.7381058035249,18.854751081543153,-0.09516183876884782
2022-01-14,715.8850170593487,724.634699976791,710.7381313157847,722.9736938476562,11208968,0.0,0.0,HDFCBANK.NS,0.011223752914208518,0.011161233962707654,-0.014729809727550114,700.9169738769531,709.1627563476562,,,711.8062552619012,713.7742853522251,700.9169738769531,748.973298522383,652.8606492315232,0.13712415717261892,56.50557022611586,6.056722407204006,2.515534275735944,3.541188131468062,13.071065234537643,20.83145873210968,18.921523645923397,-0.08500615881984251
2022-01-17,715.8850370439071,728.0504036864833,710.8083473875251,711.9078979492188,22989372,0.0,0.0,HDFCBANK.NS,-0.015305945420428069,-0.015424290545357171,-0.029810301484235024,703.159375,708.4847692871094,,,711.8159355178362,713.7010936893621,703.159375,748.6823689637386,657.6363810362614,0.12948129707788822,50.61471837670743,5.225090979111997,3.0574456164111545,2.167645362700842,13.764560267816591,21.252377935136302,19.087653214046693,-0.09901100461297382
2022-01-18,717.2886776701968,725.6640754798688,712.609690862172,715.5340576171875,12341152,0.0,0.0,HDFCBANK.NS,0.005093579771223933,0.00508065137640384,-0.02486856286162531,705.2052581787109,707.8203515625,,,712.1700423844411,713.7729746277082,705.2052581787109,748.971016003994,661.4395003534278,0.12412204054834809,52.36715496326394,4.80324899638083,3.40660629240509,1.3966427039757403,14.292615025360542,20.880947147354973,19.091711935950944,-0.09442174529197503
2022-01-19,717.7566217187649,720.4470393034343,708.0945019261654,710.4807739257812,14317626,0.0,0.0,HDFCBANK.NS,-0.007062254602155926,-0.007087310358631716,-0.03175518934126276,706.9189361572265,707.3168908691406,,,712.0091596740925,713.6438687178288,706.9189361572265,748.5351224746812,665.3027498397719,0.1177396280927995,49.71937507730385,4.014897188415148,3.5282644716071014,0.48663271680804643,14.44468371767521,20.241164595499676,19.109662649939285,-0.10081716948889906
2022-01-20,715.1597499962256,715.183167778,701.894833184986,706.0591430664062,15197846,0.0,0.0,HDFCBANK.NS,-0.006223434921318383,-0.006242881216244906,-0.037780997908301694,708.4372680664062,706.8840856933593,727.8967126464844,,711.4424914257415,713.3464284962045,708.4372680664062,747.3868999826128,669.4876361501996,0.10995929681258841,47.45823251816644,2.9987661342648835,3.422364804138658,-0.42359866987377437,14.615131717594645,19.695178596861588,19.087929197850386,-0.10641317531695173
2022-01-21,701.8481105455162,715.791515854972,695.1103572609701,711.9547119140625,11537694,0.0,0.0,HDFCBANK.NS,0.008349964596523485,0.008315296493407662,-0.029746503306733896,710.3720306396484,706.6342272949219,727.6784381103515,,711.4912743293911,713.2918513753361,710.3720306396484,745.6338448259264,675.1102164533704,0.09927703418876671,50.67901879497433,2.6387798758773897,3.2656478184864044,-0.6268679426090147,14.635186184493339,19.83744347543294,19.12828906109979,-0.09895175696692839
2022-01-24,706.5036291281489,711.790907358927,686.6647696631117,695.6016235351562,11868508,0.0,0.0,HDFCBANK.NS,-0.02296928176083224,-0.023237186042459945,-0.0520325292517142,711.2107360839843,706.0133251953125,727.2351037597656,,709.9779742537497,712.5981169502311,711.2107360839843,744.0265497111996,678.3949224567691,0.09228154740155699,42.835364446731674,1.022147923827788,2.816947839554681,-1.7947999157268932,15.602735893215481,20.83150202419576,19.506185537573323,-0.11964818794125785
2022-01-25,682.5004800615633,699.5085871279545,675.6457523831212,696.2567138671875,13594248,0.0,0.0,HDFCBANK.NS,0.0009417607864425914,0.0009413176079767255,-0.05113977066094033,711.8482482910156,705.3657531738281,726.80908203125,,708.6711875502676,711.957277613641,711.8482482910156,742.8427696535905,680.8537269284407,0.08708182238836902,43.214516720721704,-0.2038345525600107,2.212791361131743,-2.4166259136917536,15.840026605593964,20.773908338161608,19.44981813086869,-0.1188191071263872
2022-01-27,678.4531469966787,694.8296022690124,671.4346661656787,690.127197265625,28617838,0.0,0.0,HDFCBANK.NS,-0.008803529616996597,-0.008842509626930967,-0.05949308979231693,712.3418823242188,704.6821533203125,726.2754431152343,,706.9050932374446,711.1011960313659,712.3418823242188,741.4764281716976,683.2073364767399,0.08179933419727926,40.50726366959019,-1.6510035201957862,1.440032384866237,-3.0910359050620233,16.449973114526927,20.91920837753206,19.339117938839003,-0.12657660921473154
2022-01-28,691.3202658242168,695.6249106226671,683.1320393254528,684.6527099609375,24925208,0.0,0.0,HDFCBANK.NS,-0.007932577250075235,-0.007964207525101933,-0.06695373351176892,712.3828186035156,704.05001953125,725.7476525878906,,704.785818639682,710.0640004991924,712.3828186035156,741.3505315679822,683.415105639049,0.08132625382867048,38.20516876066869,-3.202721743985876,0.5114815590958145,-3.7142033030816903,16.31127356674362,21.029323174693044,19.24558296971596,-0.13350510773415836
2022-01-31,689.0978994263672,697.8944189691098,686.3139246484154,695.1571655273438,12842546,0.0,0.0,HDFCBANK.NS,0.015342750293072749,0.015226240508802983,-0.052638237633156226,712.5302093505859,703.5474963378906,725.373334350586,,703.8688040575546,709.4794187355905,712.5302093505859,741.0929001598388,683.967518541333,0.08017257495730742,44.699496232773534,-3.5439948742050547,-0.29961372756435933,-3.2443811466406953,16.371444352572585,20.8691158587369,19.414864527496544,-0.12021069297190055
2022-02-01,705.8251708495114,709.8023096975201,689.4252989884608,700.4443359375,14739484,0.0,0.0,HDFCBANK.NS,0.0076057195010648115,0.007576941840930915,-0.04543286980255956,712.0003112792969,703.3757763671875,725.0352770996094,,703.542664236597,709.1251017631163,712.0003112792969,741.0679938929729,682.9326286656208,0.08165075816174379,47.67996452834188,-3.349218121581316,-0.9095346063677507,-2.4396835152135656,17.12844243491136,18.53203713375647,19.364705527942732,-0.11351926228260864
2022-02-02,707.439482390718,718.2245712750496,704.4683367927917,716.446533203125,13969290,0.0,0.0,HDFCBANK.NS,0.022845780092156875,0.022588723007087246,-0.023625039062867503,712.0623077392578,703.5222277832031,724.8237866210937,,704.7716041381711,709.412216721548,712.0623077392578,741.1640531188332,682.9605623596824,0.08173932270610183,55.49766784117251,-1.8819189680333466,-1.10401147870087,-0.7779074893324767,17.57462253802966,19.335515523197518,19.336474665631766,-0.0932669182927841
2022-02-03,715.3001889256323,720.5406318948554,706.0591889378767,709.0303344726562,10564762,0.0,0.0,HDFCBANK.NS,-0.01035136383075519,-0.010405311810370892,-0.03373185151876712,710.9042602539063,703.4969604492187,724.5746307373047,,705.1771975033603,709.3972409470816,710.9042602539063,738.4342466398062,683.3742738680063,0.07745061585667633,51.64612015941452,-1.3024848408404068,-1.1437061511287774,-0.15877868971162945,17.397494790083304,19.667587639496436,19.101162185666954,-0.10265284231891733
2022-02-04,715.1364024737923,717.2185288944974,708.4454280490403,713.07763671875,11579958,0.0,0.0,HDFCBANK.NS,0.005708221565871252,0.0056919914034333115,-0.028216178835192007,710.5357879638672,703.4787109375,724.4270086669922,,705.9296202857784,709.5415701930294,710.5357879638672,737.7231239721568,683.3484519555775,0.07652629598348175,53.54107416079256,-0.5108073843388183,-1.0171263977707856,0.5063190134319673,17.031532803258358,19.687884499522966,18.956603531266822,-0.09753058592136887
2022-02-07,707.5096208566665,710.7381333465257,683.1321097339879,686.9454956054688,12268042,0.0,0.0,HDFCBANK.NS,-0.036646978908957406,-0.03733534963387463,-0.06382912003348473,708.608041381836,703.2751745605469,724.0508178710937,,704.1216084114632,708.6554496209683,708.608041381836,736.7774750340028,680.4386077296691,0.07950639001283262,42.07560657242061,-1.9693413475769148,-1.2075693877320115,-0.7617719598449033,17.938923566530068,22.600220897613486,19.87198042243459,-0.13060336350508764
2022-02-08,690.8056293716563,691.76478740517,675.9030676903482,683.9976806640625,13981130,0.0,0.0,HDFCBANK.NS,-0.004291191892608737,-0.004300425481407068,-0.06784640892369342,706.3317047119141,702.9064697265625,723.6533367919922,,702.2050438640917,707.688478289325,706.3317047119141,734.7412907486324,677.9221186751957,0.08044261880699673,41.0087856973245,-3.3247780793707307,-1.6310111260597555,-1.6937669533109752,18.089319436828053,22.53107007637799,19.773836790530886,-0.13433411130307588
2022-02-09,689.6826995080589,701.7076735253208,686.4074085334615,700.72509765625,11308342,0.0,0.0,HDFCBANK.NS,0.024455370924573394,0.024161125936918406,-0.045050247095249185,704.7338287353516,702.9443676757812,723.3616021728516,,702.064096606202,707.4154045390084,704.7338287353516,730.3617167147228,679.1059407559804,0.07273068762815187,48.92287449519968,-3.014459883201198,-1.9077008774880442,-1.1067590057131538,18.47199482854159,23.527151387333703,20.222165294224407,-0.11316393089824221
2022-02-10,708.398621088093,718.4584429859755,702.6200836537802,713.59228515625,14314530,0.0,0.0,HDFCBANK.NS,0.018362675381597526,0.01819611733568898,-0.027514814776922525,703.995718383789,703.1357385253906,723.0946649169922,,703.1620193252543,707.6576351514492,703.995718383789,727.5234687236696,680.4679680439085,0.06684060634316012,54.031598218092334,-1.710537964456421,-1.8682682948817197,0.15773033042529883,18.789495595449555,23.990637769297514,20.43312706956296,-0.09687924804463456
2022-02-11,701.965063867404,713.5455573389709,701.614139822811,710.66796875,10711104,0.0,0.0,HDFCBANK.NS,-0.004098021331059742,-0.004106441231635642,-0.031500079810106274,703.7816528320312,703.0711682128906,722.902826538086,,703.8768716514205,707.7756874494315,703.7816528320312,726.9651694701932,680.5981361938692,0.06588269684175793,52.74051060817459,-0.9027322090785219,-1.6751610777210801,0.7724288686425582,18.167851791123635,24.0234594458603,20.43915644349717,-0.1005802561506704
2022-02-14,697.1691307967247,701.5907510950923,687.4836496114692,689.5423583984375,14656620,0.0,0.0,HDFCBANK.NS,-0.02972641413502919,-0.030177199969091104,-0.06029010952741376,702.1100860595703,702.6982531738281,722.5366967773438,,702.5116799130411,707.0606549376279,702.1100860595703,724.2652741926462,679.9548979264945,0.06311029729658692,44.47301359633956,-1.9447822896440812,-1.7290853201056804,-0.21569696953840078,18.017450140236487,25.415542445485272,20.988350671466215,-0.12731677993755747
2022-02-15,690.6185668794573,713.4988275713342,689.2382883898335,710.1767578125,13135066,0.0,0.0,HDFCBANK.NS,0.029924774254606934,0.02948576487011541,-0.03216950319020018,702.0235290527344,702.8292651367187,722.4623016357422,,703.2416873320371,707.182855050368,702.0235290527344,724.0305755261417,680.0164825793271,0.0626960367072089,52.332891127645404,-1.0929915756931905,-1.6018665712231825,0.508874995529992,18.04585759999845,25.67923225500549,21.502501711599777,-0.10120193158140542
2022-02-16,717.9203728269758,718.1075437339092,705.1233545574205,709.2174682617188,10032264,0.0,0.0,HDFCBANK.NS,-0.0013507757614260596,-0.0013516888813777128,-0.03347682516645978,701.7076995849609,702.73615234375,722.2084661865234,,703.8108093253402,707.2626438037543,701.7076995849609,723.0702165024633,680.3451826674585,0.06088722392568206,51.96462477926387,-0.48970295684023313,-1.3794338483465929,0.8897308915063598,17.200296276782726,25.623396908902247,21.49988288105198,-0.10241600622664179
2022-02-17,707.9775856519622,712.1418959411561,702.7839209616402,704.8894653320312,7351208,0.0,0.0,HDFCBANK.NS,-0.006102504694780575,-0.006121201078542994,-0.03937503737849568,701.4281341552735,702.2935192871093,721.7637280273437,,703.9135384688345,707.1695779813339,701.4281341552735,722.4508788620523,680.4053894484947,0.05994269030025826,50.246649420960935,-0.3567140680063403,-1.1748898922785425,0.8181758242722021,16.976375111232837,24.645645280821334,21.507806417112647,-0.10789351676260357
2022-02-18,701.0527049227635,709.8023885133234,697.3796541208723,707.6266479492188,7796128,0.0,0.0,HDFCBANK.NS,0.0038831373595549223,0.0038756174426387295,-0.03564479869761905,701.5065093994141,702.1578295898438,721.2361724853515,,704.2671679431569,707.1875022938,701.5065093994141,722.6134676056612,680.399551193167,0.0601760865321622,51.34227421471971,-0.030104626460342843,-0.9459328391149026,0.9158282126545597,16.917876924395614,24.27325048609416,21.25358039218127,-0.10442934474884329
2022-02-21,703.7197039099151,716.2125774026551,699.765982409433,712.1886596679688,7468066,0.0,0.0,HDFCBANK.NS,0.006446919052541578,0.0064262265575172626,-0.029427678776925204,701.5182067871094,702.1536193847656,720.8012603759765,,705.0215957264724,707.3836261123948,701.5182067871094,722.6497903550224,680.3866232191964,0.060245289041588206,53.19236698213753,0.5900501970609184,-0.6387362318797384,1.2287864289406567,16.637132944692958,24.25857393456947,21.28547733255419,-0.0986556732286074
2022-02-22,697.07557613859,712.1886713970088,696.2099177633888,706.8546142578125,9536196,0.0,0.0,HDFCBANK.NS,-0.007489652268042324,-0.007517840548735447,-0.036696927963872694,702.0808563232422,702.1494091796875,720.412202758789,,705.1961689199333,707.3628805494701,702.0808563232422,723.1482817234706,681.0134309230137,0.06001424254909146,50.762034378369215,0.6436943685587266,-0.3822501117920454,1.025944480350772,16.508455680126556,24.2702654939005,21.285370772300503,-0.10540642880989787
2022-02-23,713.592352667638,713.873080486644,699.8127577039627,702.2692260742188,9029562,0.0,0.0,HDFCBANK.NS,-0.00648703154949104,-0.006508163778519989,-0.042945905383892646,702.3814819335937,702.1349060058594,719.9721447753906,,704.9174124584366,707.163129393578,702.3814819335937,723.2698080330916,681.4931558340958,0.05947857862651569,48.70203273238478,0.3126017775247192,-0.2432797339286925,0.5558815114534117,16.478375667676737,24.26872685217924,20.686333677118405,-0.11120968553017992
2022-02-24,678.4063475939694,690.1271759497945,658.4036778434378,664.1354370117188,23630766,0.0,0.0,HDFCBANK.NS,-0.0543008117779461,-0.05583074334947729,-0.09491471963695453,701.0818939208984,701.3806530761718,719.20806640625,,701.0334147968445,705.4757689080149,701.0818939208984,727.6440124705715,674.5197753712254,0.07577465280445546,35.71965283422102,-2.9923753261632555,-0.7930988523756052,-2.1992764737876502,18.98497905234273,28.713267702854584,22.468835148915392,-0.15947172110626712
2022-02-25,673.7508570073841,685.8928651876679,670.4287869369182,681.3074340820312,18318654,0.0,0.0,HDFCBANK.NS,0.02585616745219621,0.02552754925294341,-0.07151268306936964,700.9146301269532,700.9689038085937,718.6014367675781,,699.1547499668623,704.5279910717019,700.9146301269532,727.9502627801998,673.8789974737066,0.077143867430331,43.07803948247437,-4.177797788387693,-1.4700386395780227,-2.70775914880967,18.400114851713234,29.492992520519838,22.840916080373677,-0.13773888117888447
2022-02-28,667.2235404627246,673.0956919438478,661.6321738924195,667.3405151367188,24880832,0.0,0.0,HDFCBANK.NS,-0.020500171063201456,-0.02071321624094783,-0.09054683189646051,699.5237976074219,700.5309484863282,717.8097528076172,,696.124822840182,703.0696586820947,699.5237976074219,730.3963038681205,668.6512913467233,0.08826720796716774,39.152261510299226,-6.173107521797647,-2.4106524160219474,-3.7624551057756994,18.67251059991252,29.741766229643428,23.029370225685874,-0.15541538161586482
2022-03-02,648.7415244963162,654.3095302517596,633.7219881833586,643.009765625,38505560,0.0,0.0,HDFCBANK.NS,-0.03645927223036072,-0.037140521372792334,-0.12370483253311149,696.6520690917969,700.0499462890625,716.683754272461,,691.0662459625456,700.714368758287,696.6520690917969,736.5343491040215,656.7697890795722,0.11449698287473094,33.435869724458755,-9.606950065754063,-3.849911945968371,-5.757038119785692,19.808834463634078,31.132933164423726,23.746274281547038,-0.1862083221391073
2022-03-03,646.1681228737863,651.3150087185448,637.699167588901,641.4891357421875,17527922,0.0,0.0,HDFCBANK.NS,-0.0023648628125180204,-0.0023676635169715176,-0.1257771503874432,692.90419921875,699.3874011230469,715.5631372070312,,686.3446164177496,698.391810600793,692.90419921875,738.6161809825975,647.1922174549026,0.13194315120441688,33.11049521487047,-12.309105439098062,-5.541750644594309,-6.767354794503753,19.514727020771108,31.03518791065744,23.732706510405443,-0.18813282781521717
2022-03-04,636.3422642528815,648.5076310694807,625.5338151583654,639.3836059570312,21219364,0.0,0.0,HDFCBANK.NS,-0.0032822532258791615,-0.0032876516348654366,-0.1286465711557213,689.4218627929688,698.6509289550781,714.4581939697266,,681.8721392310146,696.0777633598611,689.4218627929688,740.282660207728,638.5610653782096,0.14754622723658106,32.63690532160693,-14.453866521427244,-7.324173819960896,-7.1296927014663485,20.300132062033697,31.01626517164004,23.646904866722515,-0.19079758146010609
2022-03-07,616.9244686053191,623.4048545200336,606.8880638056838,619.8722534179688,27054458,0.0,0.0,HDFCBANK.NS,-0.03051587866388572,-0.030991182632508534,-0.15523668666369406,684.7615936279296,697.5345239257813,713.0123864746093,,675.9673882012006,693.0893119895909,684.7615936279296,743.0360598975344,626.4871273583249,0.1702036644925172,28.560205393246008,-17.525979634386317,-9.364534982845981,-8.161444651540336,20.96521942009203,31.997326606922133,24.12259947606993,-0.2154911042787924
2022-03-08,609.2976870802052,624.1768891432812,604.5251430083352,621.2759399414062,39212492,0.0,0.0,HDFCBANK.NS,0.002264477101044049,0.0022619170368495356,-0.1533237394848419,681.4781158447265,696.494853515625,711.6002679443359,,670.758678843125,690.2731013210346,681.4781158447265,746.2702905011846,616.6859411882684,0.1901518864656275,29.244943806413232,-19.62120460552569,-11.415868907381924,-8.205335698143767,20.63601991676669,31.839267405613707,24.12663993362763,-0.21371460184886643
2022-03-09,622.3052828761213,643.2203323186494,617.0882008482499,641.559326171875,23134694,0.0,0.0,HDFCBANK.NS,0.03264795065519799,0.032126329200284236,-0.12568149471061552,679.3561981201171,695.7494897460938,710.3451293945312,,667.9777881125298,688.3627571975381,679.3561981201171,746.5366054688968,612.1757907713375,0.1977766819076007,38.42865373446966,-19.421111255634173,-13.016917377032375,-6.404193878601799,21.57515865204603,33.06739092891194,24.364162706678812,-0.18804399496912558
2022-03-10,667.6914033116668,667.6914033116668,645.8171404491437,651.6424560546875,22273206,0.0,0.0,HDFCBANK.NS,0.015716597782121866,0.015594371054693131,-0.11194018242951631,676.902066040039,695.1122094726562,708.96623046875,,666.422042202259,686.9227453880146,676.902066040039,744.3810299690136,609.4231021110644,0.1993758545419574,42.42905555374883,-18.238667515003385,-14.061267404626577,-4.177400110376809,22.77330880635145,33.47502013183552,24.518018702056008,-0.17528280902127677
2022-03-11,649.4434424176493,659.2458980426811,642.284568944958,653.5609741210938,15150780,0.0,0.0,HDFCBANK.NS,0.0029441268729200054,0.0029398014191082964,-0.10932562165584658,673.9005004882813,694.5783386230469,707.6865270996094,,665.1971785754814,685.6144406324491,673.9005004882813,739.8305219214571,607.9704790551054,0.19566693120247158,43.18543525548137,-16.951359239810017,-14.639285771663266,-2.3120734681467514,23.097494142442308,33.44031666534811,24.388813756837582,-0.17285473697675716
2022-03-14,662.0766532654897,678.4531075865442,662.0766532654897,674.96728515625,25018126,0.0,0.0,HDFCBANK.NS,0.03275334954622,0.032228390616729774,-0.08015305241007831,672.1154663085938,694.4010046386719,706.534794921875,,666.127664916507,685.1969051235786,672.1154663085938,735.7471549816022,608.4837776355854,0.18934749120560385,50.93178948753955,-14.04198054573078,-14.51982472647677,0.4778441807459899,23.700746890458618,34.82099610198434,25.048381757382522,-0.14576295905145678
2022-03-15,675.4118058493968,678.219198184067,660.5560214117672,666.2877807617188,18867928,0.0,0.0,HDFCBANK.NS,-0.0128591482660112,-0.012942542806319086,-0.09198150069117494,670.9527374267578,693.8825732421875,705.3657495117187,,666.1429140446223,684.4553708348783,670.9527374267578,734.0915780008079,607.8138968527078,0.1882065220158443,48.06992607451272,-12.294912340580481,-14.074842249297513,1.7799299087170315,23.821062828935744,34.68333552891394,25.00511994512128,-0.15674771981533273
2022-03-16,677.0494294773479,680.7926191358266,671.996100591785,677.5875244140625,13364108,0.0,0.0,HDFCBANK.NS,0.016959253911914107,0.01681705128043139,-0.07658218440468134,669.323275756836,693.2134777832031,704.2982373046875,,667.2328769369499,684.186043524258,669.323275756836,729.8270057234363,608.8195457902357,0.18079075435763334,51.862239278050986,-9.88460969657956,-13.236795738753923,3.3521860421743632,23.85281394260907,34.99378936026255,25.142371436588146,-0.1424467902838804
2022-03-17,688.7469421183597,697.075562498746,688.0685117950921,692.5135498046875,14823954,0.0,0.0,HDFCBANK.NS,0.02202818802417017,0.021789072638114484,-0.056240963137879185,668.4880798339843,692.7596166992188,703.3591650390625,,669.6405600672106,684.5126123980004,668.4880798339843,727.1048055494236,609.871354118545,0.17537104245747057,56.39234425519279,-6.692870731268727,-11.928010737256884,5.235140005988157,22.111563217887824,34.946413634893254,25.422350906303304,-0.12355644693952306
2022-03-21,695.765382460701,698.8769203085982,689.1212436187219,695.5314331054688,12257876,0.0,0.0,HDFCBANK.NS,0.004357868956690325,0.004348400942711808,-0.052128184928541765,668.0201782226562,692.0264196777343,702.5613977050781,,672.1063574994256,684.9447230139796,668.0201782226562,725.5528252222908,610.4875312230216,0.1722482310420825,57.26797066009678,-3.875205686233471,-10.317449727052201,6.44224404081873,21.254295254596904,34.860499630496975,25.27707013691332,-0.11973702078734946
2022-03-22,693.0984136042903,700.912299571318,681.8220084853747,699.1109008789062,10461814,0.0,0.0,HDFCBANK.NS,0.005146378154982312,0.0051331808105764525,-0.04725007812573456,667.5943908691406,691.5996960449219,701.8193115234375,,674.6782187736619,685.5002594008394,667.5943908691406,724.0080149793074,611.1807667589738,0.16900568633215124,58.33656262661721,-1.3379298805756434,-8.52154575775689,7.183615877181246,21.212511747192018,34.852316656984506,25.233682445321282,-0.11520685462048987
2022-03-23,705.1233492347262,710.6445768066046,689.4955210466934,692.13916015625,31188256,0.0,0.0,HDFCBANK.NS,-0.009972295831593425,-0.010022352236555012,-0.05675118220019226,666.5919158935546,690.932470703125,701.0540631103515,,676.3411655720035,685.7606084500711,666.5919158935546,720.3174531870926,612.8663786000167,0.1611946860217164,55.42916661695145,0.10906107624441574,-6.7954243909566285,6.904485467201044,20.321835233374234,33.26453346503636,25.27607583518754,-0.1240302736159804
2022-03-24,685.93952279829,687.6473645478017,671.22413091639,675.0140991210938,20160044,0.0,0.0,HDFCBANK.NS,-0.024742222404075864,-0.02505345565057626,-0.08008925423257673,664.9998901367187,689.8422644042969,700.3477697753906,,676.2147782909644,685.3391767116799,664.9998901367187,715.4916108099148,614.5081694635226,0.1518548241047542,48.972725256487635,-0.12460114644454734,-5.461259742054213,5.3366585956096655,20.84320581267539,34.03771528198028,25.595137249651323,-0.14570371140541133
2022-03-25,678.9210493269327,679.3889480514861,663.948290141225,669.5162963867188,16366462,0.0,0.0,HDFCBANK.NS,-0.008144722816210037,-0.008178072275931677,-0.08758167227250546,663.3622436523438,688.5789379882813,699.6367974853515,,675.5768276334172,684.7186716008971,663.3622436523438,710.7963478004916,615.9281395041959,0.14301116652942109,47.076874307829776,-0.7448210416473557,-4.517972001972842,3.773150960325486,20.30512309832866,33.28744485595557,25.618650517893947,-0.15266171787893118
2022-03-28,669.5162544931684,672.8383238063171,655.8067998749772,670.4052734375,15754886,0.0,0.0,HDFCBANK.NS,0.0013277900113544128,0.0013269092777306222,-0.08637017233077215,663.6757354736328,687.4199536132812,698.8296722412109,,675.0842986623775,684.1573618689993,663.6757354736328,711.2141155818663,616.1373553653993,0.1432578518915044,47.431249775984696,-1.151344772679522,-3.844646556114178,2.6933017834346558,19.200550368328127,32.775100189936225,25.606307386968886,-0.15153663057169267
2022-03-29,674.2420809430911,683.2491316427125,669.0951948290217,679.29541015625,12377448,0.0,0.0,HDFCBANK.NS,0.013260839481715081,0.013173684205764256,-0.07425467384034357,663.5751342773438,686.7068762207032,698.1046636962891,,675.4853568998892,683.9666970959503,663.5751342773438,710.9646924212511,616.1855761334364,0.14283102453956853,50.96720978782391,-0.7475408376885753,-3.2252254124290576,2.4776845747404823,18.80784970252419,33.05754433795332,25.65124715596375,-0.14028529402358875
2022-03-30,688.746973305781,693.7768849654531,680.3482134276455,691.0630493164062,20109742,0.0,0.0,HDFCBANK.NS,0.017323301444727157,0.017174963740272026,-0.05821770849423258,664.7612609863281,686.0686633300782,697.6157098388671,,676.9689466538432,684.2449854183211,664.7612609863281,713.70952153042,615.8130004422362,0.14726568293545195,55.257309396985136,0.516077800367384,-2.4769647698697694,2.9930425702371535,17.97565994101016,32.34578313494372,25.804086875196436,-0.12539219701549445
2022-03-31,688.2789990989702,694.6891885485168,685.8927271127579,687.974853515625,14295714,0.0,0.0,HDFCBANK.NS,-0.004468761285726486,-0.004478776046294379,-0.06242630873809629,667.0095153808594,685.5900024414062,697.0373858642578,,678.0171282597271,684.3912547554703,667.0095153808594,715.8816974804854,618.1373332812334,0.14654118411405334,53.92390383427278,1.2538593725670353,-1.7307999413824084,2.984659313949444,16.737401676436377,31.118983049482917,25.684115769159206,-0.1293006105056659
2022-04-01,690.8057259998988,706.5271125783324,687.9515550478917,704.655517578125,14568556,0.0,0.0,HDFCBANK.NS,0.024246037449275892,0.023956768703433443,-0.03969386190830437,670.1678344726563,685.372431640625,696.5963916015625,,680.5541177186221,685.1859317289077,670.1678344726563,720.2451651668678,620.0905037784448,0.14944713284730077,59.59538727090676,3.1482556364262564,-0.7549888258206755,3.903244462246932,16.852703707344777,31.957666497311788,26.00798390588352,-0.10818960050092456
2022-04-04,739.2799561112737,805.7683508673401,731.1151465312183,775.214599609375,97450970,0.0,0.0,HDFCBANK.NS,0.10013273191098948,0.09543083789847105,0.05646421516970901,676.9593841552735,686.6671081542969,696.9919995117187,,689.5694017082177,688.7164677242201,676.9593841552735,743.5712397200703,610.3475285904767,0.1967971997254065,74.11153891359058,10.225236396798437,1.4410562187031468,8.78418017809529,22.297039409042252,43.092509798637735,30.932708187083445,-0.018890188852451115
2022-04-05,779.8467649375319,779.8467649375319,749.573740943305,752.4981079101562,30922582,0.0,0.0,HDFCBANK.NS,-0.029303487976962028,-0.029741411529876544,0.025506128742392775,683.5906768798828,687.5958874511718,697.2399865722656,,695.562611822688,691.2177085158255,683.5906768798828,752.6354207404896,614.545933019276,0.2020061015921052,65.90244713573898,13.841210744197383,3.9210871238019944,9.920123620395389,23.197742782037057,44.12940417852617,31.34113051217945,-0.04764012840749279
2022-04-06,742.8827416727144,743.8653746340015,724.0030405883982,725.6406860351562,27027860,0.0,0.0,HDFCBANK.NS,-0.03569101582140666,-0.03634351272127716,-0.011095226723501495,688.8089141845703,687.8696069335938,697.2519171142578,,698.4271903191136,692.5676292028581,688.8089141845703,753.6724404354632,623.9453879336775,0.18833532759279098,57.75688951634745,14.374032083393786,6.011676115720353,8.362355967673434,24.197044849726353,45.46477458934818,31.670411746960536,-0.08163081965217384
2022-04-07,721.1722998718208,721.1956605372436,708.2582498667109,709.6853637695312,40781732,0.0,0.0,HDFCBANK.NS,-0.021987910232547203,-0.022233247298313358,-0.032839176106842616,692.2152160644531,688.1512817382812,697.0823034667969,,699.4993973143916,693.2389129113552,692.2152160644531,753.6983085782618,630.7321235506444,0.1776415516069325,53.52438972194146,13.354888825581497,7.480318657692583,5.874570167888915,24.046644712852203,45.8925489184483,31.87253145051747,-0.10182383874999981
2022-04-08,707.5096552211411,713.8964842819717,700.5847883163185,708.7028198242188,41256322,0.0,0.0,HDFCBANK.NS,-0.0013844782427154811,-0.0013854375182173581,-0.03417818922472948,695.0682342529296,688.4002038574218,696.882978515625,,700.3759137438989,693.8453406334282,695.0682342529296,753.860837844835,636.2756306610243,0.16917073948889813,53.26552643607258,12.325842723959113,8.449423470945888,3.876419253013225,24.300646089693405,45.848564733814186,31.86059210108749,-0.10306734410337609
2022-04-11,704.6555443696186,706.5271394409854,698.6898350796367,700.0467529296875,20799066,0.0,0.0,HDFCBANK.NS,-0.012213958590821195,-0.012289161964341553,-0.04597469682765054,697.3925231933594,688.5985949707032,696.6403741455078,,700.3445650949263,694.0885332724972,697.3925231933594,752.8572492988321,641.9277970878866,0.15906315098274892,50.928657954914335,10.688632120287252,8.89726520081416,1.7913669194730915,23.65226706531045,42.995175745314164,31.90655700922932,-0.11402244242125277
2022-04-12,694.3616640533457,705.0531378211556,692.5602654991568,698.8067016601562,27435402,0.0,0.0,HDFCBANK.NS,-0.0017713835030898073,-0.001772954258061022,-0.047664641511220296,698.5844940185547,688.8816748046875,696.4658471679687,,700.1981019106624,694.273559483778,698.5844940185547,753.0354143820283,644.133573655081,0.15588928992754714,50.58626534238706,9.185188017615474,8.954849764174424,0.2303382534410492,23.033968248316707,42.410470653185456,31.821231301671727,-0.11559184845085559
2022-04-13,697.1691285715119,702.9243059694253,684.3721093462098,685.4482421875,28892520,0.0,0.0,HDFCBANK.NS,-0.019116100977452755,-0.019301176040880146,-0.06586958038849045,699.5425170898437,688.6874963378906,696.1174963378907,,698.7933533655994,693.9274686094142,699.5425170898437,752.2470863932265,646.837947786461,0.15068296212398422,46.92627722845125,6.836969369354392,8.531273685210419,-1.6943043158560265,22.865194489984958,42.350839071789345,31.954068126086305,-0.13249828398115138
2022-04-18,663.8781019646151,669.8672285581865,650.4026528038955,652.9292602539062,45620376,0.0,0.0,HDFCBANK.NS,-0.04744192184345608,-0.04860419939758099,-0.11018652274729457,698.309603881836,687.7371948242187,695.5564855957032,,694.4253444978191,692.3196957327276,698.309603881836,754.2320835550435,642.3871242086285,0.16016528875541675,39.4445870775367,2.3251759223747968,7.290054132643294,-4.964878210268497,24.265546738080918,43.30887893620075,32.904482927656645,-0.17365423259158164
2022-04-19,646.1214503478619,650.1687863035042,620.9016941508291,628.0137329101562,74096022,0.0,0.0,HDFCBANK.NS,-0.03815961216696129,-0.038906759095654185,-0.144141459940193,695.0846130371094,685.9685388183593,694.7453833007812,,688.1004291085178,689.7978932690974,695.0846130371094,759.2467294949035,630.9224965793153,0.18461670782048695,34.85880010362591,-3.2237661495164502,5.187290076211346,-8.411056225727796,25.33669260749071,44.758873072818915,33.39467169342427,-0.2051872665916969
2022-04-20,633.7453710453256,636.29545322895,624.8085173031893,633.6752319335938,49325736,0.0,0.0,HDFCBANK.NS,0.009014928697821167,0.008974536799998364,-0.13642595622613252,691.9918029785156,684.4614367675781,693.9791986083984,,682.9170769966203,687.5970045892738,691.9918029785156,761.7798951656266,622.2037107914045,0.20170207764521095,36.660760910081436,-7.08286025924815,2.733260009119447,-9.816120268367598,25.14619254406713,44.8302698878157,33.2750713522394,-0.19802208647190078
2022-04-21,638.6817987018899,645.6067231021995,633.2074061310639,643.056640625,52446270,0.0,0.0,HDFCBANK.NS,0.01480475836617412,0.01469623770142318,-0.12364095117676055,689.1890899658204,683.0610168457031,693.2698638916015,,679.1208449612279,685.8503236494983,689.1890899658204,762.2012146371064,616.1769652945343,0.21187835307986966,39.64035802005735,-9.277276201640802,0.33115276696739704,-9.6084289686082,24.997466984205168,44.06033163240242,33.27129421784706,-0.18614899724710873
2022-04-22,636.3422741404268,643.524508237747,631.2655843325418,634.2835083007812,20659148,0.0,0.0,HDFCBANK.NS,-0.013642860939422019,-0.013736779961121834,-0.1355969958128601,686.2963073730468,682.0077770996094,692.6414758300781,,674.8506224221378,683.8280955966075,686.2963073730468,763.2921586886107,609.300456057483,0.2243807827271657,37.847313521785324,-11.59067501767936,-2.0532127899619543,-9.537462227717405,25.244785732022763,44.27980576705783,33.33771470676599,-0.19725225330307558
2022-04-25,631.6631889029036,641.325307623133,618.6790011310106,639.0325927734375,20935488,0.0,0.0,HDFCBANK.NS,0.007487321379959555,0.007459430521265261,-0.1291249327187085,684.4972320556641,681.1084753417969,692.0074725341797,,671.439381503214,682.0714092113851,684.4972320556641,764.2356892290355,604.7587748822926,0.23298401641129507,39.44411079804169,-12.892235157581126,-4.221017263485789,-8.671217894095337,25.53555351500002,43.309892369419345,33.350308185029135,-0.19124182293651726
2022-04-26,641.956989934193,646.6125589606428,635.0087059489563,641.9804077148438,17016842,0.0,0.0,HDFCBANK.NS,0.004612933635532723,0.004602326664164596,-0.12510764382849981,683.1204376220703,679.9335815429688,691.438974609375,,668.6337649519406,680.4992130742659,683.1204376220703,764.8734585340497,601.3674167100909,0.23935170552519316,40.4665232464942,-13.5299026204965,-6.082794334887932,-7.447108285608568,19.142054923747974,43.08362883475102,33.352750975314784,-0.18751107513852902
2022-04-27,636.3422646708045,645.2323404272349,634.5174482238076,642.2144165039062,18054334,0.0,0.0,HDFCBANK.NS,0.0003645107954235449,0.00036444437750309726,-0.12478873611984176,681.7108947753907,678.5060241699218,690.8208813476563,,666.1176365283184,678.9978485028793,681.7108947753907,765.3376142235126,598.0841753272688,0.24534364959995286,40.552329949980845,-13.856645343362516,-7.63756453658285,-6.219080806779665,17.745045510119432,43.0740163709093,33.35300143404276,-0.18721491415425492
2022-04-28,641.9569775911713,645.2322682931671,637.3247693178985,641.65283203125,20773722,0.0,0.0,HDFCBANK.NS,-0.0008744501185653508,-0.0008748326731031133,-0.12555406471331154,679.8287658691406,677.1257214355469,690.0984448242187,,663.7876551476452,677.5333380530116,679.8287658691406,765.3571540370269,594.3003777012543,0.2516174438677682,40.40183267279021,-13.999528627262976,-8.909957354718875,-5.0895712725441005,16.274504913941616,41.92328220216829,33.352704861641655,-0.18792565416894091
2022-04-29,645.8640304031856,657.2807713665148,641.7465556586802,647.8526000976562,28401476,0.0,0.0,HDFCBANK.NS,0.009662184528633544,0.009615804141617402,-0.11710500672625801,677.6682434082031,676.2919262695312,689.4950897216797,,662.27003085717,676.3693875449585,677.6682434082031,764.1791596942834,591.1573271221229,0.2553193753066843,42.92031792011977,-13.45736703952582,-9.819439291680265,-3.6379277478455556,16.149183711571578,41.89447372928189,33.26893598021764,-0.18007924198855185
2022-05-02,637.3014921733744,658.0761502267766,637.3014921733744,656.7894287109375,19494316,0.0,0.0,HDFCBANK.NS,0.013794540011005774,0.013700261374816688,-0.10492587641602669,676.1089721679688,675.2241796875,689.0267224121094,,661.748068748005,675.6015460220558,676.1089721679688,762.961212910345,589.2567314255925,0.2569178766076163,46.43419687266927,-12.166326851612098,-10.288816803666633,-1.8775100479454654,16.68225243212508,41.78907902294588,32.91591694457872,-0.16876881228630872
2022-05-04,655.0582480641592,656.7426721358721,631.6633106332964,634.470703125,29055916,0.0,0.0,HDFCBANK.NS,-0.0339815542246803,-0.03457234994641942,-0.13534188628170363,672.5997314453125,673.7292443847656,688.2326983642578,,659.150224402957,673.9885717907988,672.5997314453125,760.2632934181846,584.9361694724404,0.26067082062163993,39.83826301230117,-12.796591687291652,-10.790371780391638,-2.0062199069000144,17.761761955915013,42.29054657099003,33.34625153229375,-0.1970153399648469
2022-05-05,643.360707162427,643.360707162427,630.0255943230603,633.0435180664062,17862912,0.0,0.0,HDFCBANK.NS,-0.002249410495337889,-0.0022519442194296256,-0.1372868573175806,665.491177368164,672.2923254394532,687.2929223632813,,656.6638714185235,672.3828834094501,665.491177368164,740.2223129798524,590.7600417564756,0.22458941050797887,39.45233469676216,-13.258408338868094,-11.28397909208693,-1.9744292467811633,17.821921992869868,42.239699343848855,33.34411864959277,-0.19882158208672526
2022-05-06,622.3053126249852,624.6448062814701,614.3510341929365,616.5033569335938,26731268,0.0,0.0,HDFCBANK.NS,-0.026128000146551478,-0.02647540096381684,-0.15982782643601878,658.691439819336,670.4698596191406,686.3138446044921,,652.8390605151968,670.1915294300047,658.691439819336,724.2777019648436,593.1051776738284,0.1991410793603038,35.19680504342462,-14.78858058259118,-11.984899390187781,-2.803681192403399,17.83194251074517,42.69855481266834,33.618435188438276,-0.21975477190737716
2022-05-09,608.2683736009221,620.6676904474025,606.162829230765,617.55615234375,32762434,0.0,0.0,HDFCBANK.NS,0.0017076880414612639,0.001706231600100374,-0.1583930744624551,653.2872131347656,668.5772094726562,685.3654144287109,,649.4787835464875,668.1273969952497,653.2872131347656,713.2138286981879,593.3605975713433,0.1834617741126983,35.672432559147765,-15.734918967802287,-12.734903305710683,-3.000015662091604,16.364747641676097,42.68701139576312,33.617640246900734,-0.21842235646195612
2022-05-10,615.3101596635764,633.066891078932,615.3101596635764,627.4755249023438,20113812,0.0,0.0,HDFCBANK.NS,0.016062300603674196,0.015934666768132273,-0.14487493103433702,649.1767211914063,666.9896276855469,684.5695184326172,,647.3832351041881,666.5332059327828,649.1767211914063,703.8638993774396,594.489543005373,0.16848163651237602,40.131020251398326,-15.505747880683202,-13.289072220705187,-2.2166756599780157,15.345402306838846,42.55657038468764,33.70194779145299,-0.20586842140633674
2022-05-11,633.0670056593522,634.0028031547836,621.6736825757839,631.0082397460938,17102924,0.0,0.0,HDFCBANK.NS,0.0056300440472156765,0.005614254585085539,-0.14006053923018202,645.2919921875,665.5644079589844,683.8496569824218,,645.8237117367506,665.140070003893,645.2919921875,692.7332141833363,597.8507701916637,0.14703800006881673,41.68132437217795,-14.867682193773021,-13.604794215318755,-1.2628879784542661,15.405558353498773,42.57358387778144,33.69460498007627,-0.20139742563956944
2022-05-12,625.3280964613642,628.0261632360961,612.0272830721492,616.7843627929688,22382290,7.75,0.0,HDFCBANK.NS,-0.02254150747516137,-0.02279945091438092,-0.15944487101331106,641.128872680664,664.6173864746094,682.9990197753906,,643.0580594563904,663.2437677603274,641.128872680664,682.5729381319615,599.6848072293666,0.12928466402710287,37.473710934013376,-15.333009151072474,-13.9504372024695,-1.3825719486029744,15.875675475127982,42.98938418738681,33.88660103871163,-0.21939913153919824
2022-05-13,620.0976884814426,623.8607098634346,609.1872030305314,611.2462158203125,16768238,0.0,0.0,HDFCBANK.NS,-0.008979065142926124,-0.009019619893367274,-0.16699227027270325,636.7508483886719,663.216162109375,682.0925329589844,,640.0283600624782,661.2046480764053,636.7508483886719,670.2849612844107,603.2167354929331,0.10532883617068879,35.95194489808635,-15.964635908586615,-14.353276943692924,-1.6113589648936912,16.048145684249278,42.76673354196138,33.897488569848385,-0.22640819758773248
2022-05-16,614.8674041954738,621.0208116277611,608.382682552167,617.7547607421875,9804356,0.0,0.0,HDFCBANK.NS,0.010647992173072662,0.010591701539992922,-0.15812241048645792,633.3661743164063,662.2244470214844,681.3776977539062,,637.9070648891171,659.5007309260438,633.3661743164063,658.9204273074143,607.8119213253982,0.08069345673089928,39.08281551098698,-15.758366839838914,-14.634294922922123,-1.1240719169167903,15.333275868782973,42.5318947892743,33.88080961164695,-0.21817099813049345
2022-05-17,621.3047211117464,623.3874241380387,614.4886283805336,621.9674072265625,16641444,0.0,0.0,HDFCBANK.NS,0.0068192861505653735,0.00679613998606193,-0.1523814062998169,631.818081665039,661.8035998535156,680.9267730712891,,636.3890022545881,658.0288358790053,631.818081665039,656.1020595356055,607.5341037944726,0.07687015796246457,41.0900746261146,-15.081125920102522,-14.723661122358203,-0.35746479774431883,15.140057493484303,42.63277462985412,33.56985272763304,-0.2128394824459344
2022-05-18,626.7245072423251,631.1028928608465,620.0740713797754,621.9201049804688,15732384,0.0,0.0,HDFCBANK.NS,-7.605261231402594e-05,-7.605550446058363e-05,-0.1524458699081137,631.5134002685547,661.4122192382813,680.3998101806641,,635.0110120380053,656.6128072163176,631.5134002685547,656.1487205210041,606.8780800161054,0.07801994460283193,41.07370876103897,-14.382432775608777,-14.65541545300832,0.2729826773995434,15.162481013315999,41.85699444502286,33.54887915332246,-0.21289934805960484
2022-05-19,608.8084921607397,613.6365837843223,605.0691609395454,609.2108764648438,20537506,0.0,0.0,HDFCBANK.NS,-0.020435468179669347,-0.02064716135796213,-0.1697660353641538,630.2901824951172,660.8087646484375,679.7298468017578,,632.5538562691329,654.7539079711618,630.2901824951172,656.8294248837032,603.7509401065312,0.0842127741337351,36.829296431243996,-14.684962839994114,-14.66132493040548,-0.023637909588634543,15.801298518005622,28.190988627945167,33.42804808318057,-0.2289841183865298
2022-05-20,616.7607290100877,626.7954928932373,611.7196570057959,625.2571411132812,13919350,0.0,0.0,HDFCBANK.NS,0.02633942575278936,0.025998516358735752,-0.14789814949518398,629.4002075195312,660.9164624023438,679.2254931640625,,631.8589310161947,653.5971720159508,629.4002075195312,655.3235034007364,603.4769116383261,0.08237460226894097,44.611658856350466,-13.474593911759825,-14.42397872667635,0.9493848149165238,15.941061167514817,29.108456850788674,33.669053032969146,-0.20867600281855034
2022-05-23,621.9673984270154,629.5171317872963,614.9146363103386,617.2340087890625,19486320,0.0,0.0,HDFCBANK.NS,-0.012831732413217112,-0.01291477020219387,-0.1588320924296689,628.5477325439454,660.8356237792968,678.6652386474609,,630.4660812802773,652.1711656148964,628.5477325439454,654.9124518832263,602.1830132046645,0.08389090589054854,41.836392597316454,-13.012764493431291,-14.141735880027339,1.1289713865960476,15.500192412054503,27.80654553154538,33.69317272253689,-0.21883006060254007
2022-05-24,615.3407344006453,627.1742100621962,613.8733949747416,624.3104858398438,12870796,0.0,0.0,HDFCBANK.NS,0.011464820392292463,0.011399597379010806,-0.14918825344961462,627.8116271972656,660.4906469726562,678.120068359375,,629.879834095474,651.0785899374433,627.8116271972656,653.7626031112004,601.8606512833308,0.08267121789313639,45.08152614487054,-11.938133423813156,-13.701015388784503,1.7628819649713474,14.655527912755465,27.74477970121776,33.74310068001026,-0.20987408755149023
2022-05-25,629.5408840910824,632.3572280918651,626.3221557067814,628.972900390625,12887112,0.0,0.0,HDFCBANK.NS,0.007468102260863363,0.007440354050519275,-0.14283430432163258,627.1612518310546,660.037255859375,677.5747326660156,,629.793459456917,650.2117001512936,627.1612518310546,652.2549160280149,602.0675876340944,0.08002300564231934,47.17282960041311,-10.588208394576213,-13.078453989942846,2.4902455953666323,14.277787156516508,27.93841225307766,33.762556948924434,-0.20397334643836676
2022-05-26,635.2919163568214,648.9477342187919,634.2742260052379,646.912353515625,26992428,0.0,0.0,HDFCBANK.NS,0.0285218220274015,0.028122647219189983,-0.11838637690150033,627.3961486816406,659.9042834472656,677.2413110351563,,631.4238303196512,650.0823140087184,627.3961486816406,653.1620651275745,601.6302322357068,0.0821360363785345,54.37243773596151,-7.978843995378497,-12.058531991029977,4.079687995651479,14.369383581852016,29.334451413116074,34.12410237275005,-0.1812692158964138
2022-05-27,649.326445570491,660.1658621498103,648.8294165218157,658.9115600585938,24031718,0.0,0.0,HDFCBANK.NS,0.018548426966588982,0.018378502895168947,-0.10203383100070795,628.2590850830078,659.5831689453125,676.9920867919922,,634.0417093424076,650.4285589518507,628.2590850830078,657.0176685646709,599.5005016013447,0.09155007596225499,58.45128223085899,-4.886341519697453,-10.624093896763473,5.73775237706602,14.280001254534008,29.960442570990853,34.15342350083546,-0.1660830477421703
2022-05-30,667.5262901343535,672.3780146327596,661.9408671117387,663.4082641601562,12624674,0.0,0.0,HDFCBANK.NS,0.00682444257187198,0.006801261469304539,-0.09590571244888835,629.0368682861329,659.5255786132813,676.7040759277344,,636.8385240869551,650.9375669992353,629.0368682861329,660.7194273711626,597.3543092011031,0.10073355214091577,59.89805968721479,-2.049044477717871,-8.909084012954352,6.860039535236481,13.973552908734737,29.59751017895103,34.11792460937473,-0.1603920293917762
2022-05-31,660.7339547503448,664.9466836174759,653.2078527172565,657.4442138671875,13485388,0.0,0.0,HDFCBANK.NS,-0.008990015070914126,-0.009030669093335653,-0.10403353371950019,629.0696075439453,659.1227124023437,676.1680950927735,,638.8009707326916,651.1927296215079,629.0696075439453,660.8740357327729,597.2651793551177,0.10111576781781127,57.06008702877171,-0.27850471631586515,-7.182968153626655,6.90446343731079,13.93138936025043,26.254756633497422,34.0578309412359,-0.1679401177012037
2022-06-01,653.2078050088518,662.887564224445,652.8054784242131,660.2368774414062,12091896,0.0,0.0,HDFCBANK.NS,0.004247757475561054,0.004238761220717045,-0.10022768546450522,630.3579162597656,658.4771789550781,675.6183978271484,,640.842485657331,651.5474020850332,630.3579162597656,665.0407193439188,595.6751131756124,0.11004161981479957,58.06207925944896,1.3346207347636891,-5.479450375948587,6.814071110712276,13.29575572641381,23.58944236560197,34.05408017523147,-0.16440572911605447
2022-06-02,656.6395776905593,656.9945819675592,652.5451834730333,655.6218872070312,11475020,0.0,0.0,HDFCBANK.NS,-0.006989900734202137,-0.007014444529672288,-0.10651700462649161,631.4868347167969,657.6789880371093,674.8527038574218,,642.2500477096835,651.7071858153078,631.4868347167969,667.9612715465754,595.0123978870184,0.1155192312002393,55.747022108484146,2.2151087391664532,-3.9405385529255788,6.155647292092032,12.797054807518789,23.618736326483805,34.053697631017016,-0.17024645012360126
2022-06-03,661.8699556291225,663.0296130823147,651.4564974904033,653.349853515625,6957244,0.0,0.0,HDFCBANK.NS,-0.003465463456513329,-0.003471482083909422,-0.10961333729597456,633.3291595458984,656.7637670898438,674.1817315673828,,643.3071720721541,651.7716041564967,633.3291595458984,670.335361995402,596.3229570963948,0.11686246209171007,54.59294632017694,2.698461510946231,-2.612738540151217,5.3112000510974475,12.720982415827166,23.29854064946401,34.04408122568215,-0.1731219307286101
2022-06-06,651.4564884687982,656.5211926538722,644.0487215665758,652.47412109375,6173266,0.0,0.0,HDFCBANK.NS,-0.0013403728755164712,-0.0013412719787513783,-0.1108067874273847,635.0750579833984,655.9704663085937,673.4514685058593,,644.1802148361156,651.7991538403106,635.0750579833984,672.2424146658796,597.9077013009173,0.11704870539397788,54.12781615370493,2.9765460077644548,-1.4948816305680825,4.471427638332537,12.976244939383687,22.913106583927917,34.010256054541095,-0.1742302556640209
2022-06-07,644.6877488651877,650.5098419561832,640.9483590300321,644.9717407226562,10253966,0.0,0.0,HDFCBANK.NS,-0.011498356990032654,-0.011564974248448856,-0.12103104841865864,635.9498687744141,655.369619140625,672.6059417724609,,644.2555982538814,651.5314121494222,635.9498687744141,673.1876381149021,598.712099433926,0.1171091344424733,50.18316707548615,2.5620172391128335,-0.6835018566318993,3.245519095744733,13.011740695287033,23.109058146457134,33.85180106560844,-0.18372525097596398
2022-06-08,650.0364861317101,653.6811733997421,642.3210371494931,647.2437744140625,5986588,0.0,0.0,HDFCBANK.NS,0.0035226871937994453,0.0035164970642672677,-0.11793471574917569,636.7616455078125,654.9241687011719,671.7515533447265,,644.5401864596129,651.3632694931335,636.7616455078125,674.2528302647071,599.270460750918,0.11775578828085856,51.33971306068942,2.3892920625423812,-0.06894307279704326,2.4582351353394243,12.619540138810294,23.093987831865824,33.85791912870768,-0.18084977037095515
2022-06-09,644.806015573734,654.1781503456399,642.3919983690421,652.1190795898438,7311816,0.0,0.0,HDFCBANK.NS,0.0075324095317792494,0.00750418259106938,-0.11129063879443324,638.5283813476562,654.5584448242188,670.98919921875,,645.2619858053491,651.3929091047693,638.5283813476562,675.3805162857929,601.6762464095196,0.11542833808062765,53.817348352741746,2.6156509033252178,0.467975722427409,2.1476751808978087,12.205364106539166,23.1869628236599,33.856026181353286,-0.1746795953733382
2022-06-10,643.7883099305161,647.5040092218784,635.9782170663667,639.5282592773438,9155430,0.0,0.0,HDFCBANK.NS,-0.019307547818443127,-0.019496372971635072,-0.12844943728260771,639.9424835205078,653.7631018066406,670.2349890136719,,644.7159166122058,650.9276287193801,639.9424835205078,674.4848108307151,605.4001562103006,0.10795447465897243,47.14154644232749,1.7587936635874257,0.7261393106594123,1.0326543529280134,12.315247467004829,23.894438967335777,33.98089986736477,-0.19061450855120426
2022-06-13,626.511501525943,629.5408827433928,619.2694493477306,627.9315185546875,10892572,0.0,0.0,HDFCBANK.NS,-0.018133273322058274,-0.018299696051858483,-0.1442535018503559,640.4513214111328,652.5004711914063,669.2845672607422,,643.1174025114898,650.0258204776275,640.4513214111328,673.8999739789747,607.0026688432908,0.10445337982641092,41.97671450647825,0.142327407699554,0.6093769300674406,-0.46704952236788666,12.812247098587582,24.272691245507065,33.99976900224965,-0.20529131689055377
2022-06-14,620.6658087125638,627.6475594683392,617.7074397482523,621.0208129882812,11870356,0.0,0.0,HDFCBANK.NS,-0.011005508343191028,-0.011066516983824073,-0.15367142707539827,640.4039916992188,651.1613903808594,668.3756964111328,,641.0129654140414,648.8883692035355,640.4039916992188,673.96525845696,606.8427249414775,0.10481279689931758,39.2191737803081,-1.6770380790792387,0.15209392823810475,-1.8291320073173436,12.96777113818857,24.02863430971223,34.0104913340619,-0.21403748993292115
2022-06-15,616.1216730760376,622.8194309622124,614.5833214454613,618.8670043945312,11810470,0.0,0.0,HDFCBANK.NS,-0.003468174574353,-0.0034742026334018076,-0.1566066423135638,640.2513366699219,649.4456201171874,667.4090258789063,,638.9038262693261,647.711060779653,640.2513366699219,674.1922300554797,606.310443284364,0.10602365490431108,38.373097065818776,-3.255169125155817,-0.5293586824406795,-2.7258104427151375,12.129290830230307,22.015470347425538,33.76983723677022,-0.21676334512673048
2022-06-16,620.0740634178733,625.0678127660508,604.9272160672077,606.4892578125,12169192,0.0,0.0,HDFCBANK.NS,-0.020000656836020925,-0.020203377558581738,-0.17347506343842967,640.1152557373047,646.07111328125,666.3691107177734,,635.8167245115332,646.0945194868235,640.1152557373047,674.5976619200582,605.6328495545512,0.10773811707716788,33.85318485366349,-5.441899226202281,-1.511866791193,-3.9300324350092812,12.621225691991574,22.711594196712486,33.88064655527879,-0.23242859268224367
2022-06-17,603.5072629824699,614.867399697434,601.8978987250547,610.489013671875,14723922,0.0,0.0,HDFCBANK.NS,0.006594932734342862,0.006573281306465114,-0.16802418707854916,639.3768493652344,643.2309313964844,665.4134094238282,696.6550610351562,633.4045615744229,644.6982251411393,639.3768493652344,675.7780302774157,602.9756684530531,0.11386455718038573,36.4577908562398,-6.774064516289059,-2.564306336212212,-4.209758180076847,12.585729006149686,21.55753775703331,33.88632067845477,-0.22736651088217813
2022-06-20,617.5653947653956,627.1741999600592,612.5717027850421,625.8251953125,15936840,0.0,0.0,HDFCBANK.NS,0.025121142718659728,0.024810793624922542,-0.14712400394367642,639.8064086914062,641.2346215820312,664.5521142578125,696.1152761840821,632.6827171685255,643.95810632433,639.8064086914062,675.2987944739359,604.3140229088765,0.11094726561155323,45.34440227788183,-6.517187338998951,-3.3548825367695603,-3.162304802229391,12.939040105290035,22.774796359561766,33.64781058356437,-0.20795707473283329
2022-06-21,632.8068924380476,640.9009774209887,626.7244981154012,632.6412353515625,13220684,0.0,0.0,HDFCBANK.NS,0.010891284163877302,0.010832401282834532,-0.13783508911407705,640.2229461669922,639.6937390136719,663.9225103759766,695.5788070678711,632.678766519291,643.5143074626528,640.2229461669922,675.1404908300008,605.3054015039836,0.10907932891833866,48.77341323744802,-5.697930660353677,-3.823492161486384,-1.8744384988672929,13.295732698736954,22.516443798953972,33.69926518506436,-0.1993307101637599
2022-06-22,630.6057965228979,632.8304664064475,626.3220560463876,629.6591186523438,8159698,0.0,0.0,HDFCBANK.NS,-0.004713756442957129,-0.004724901229189496,-0.14189912451765707,640.2572570800781,638.1128649902344,663.2565344238282,695.032808227539,632.3911810081531,642.9709667249937,640.2572570800781,675.1295753800117,605.3849387801446,0.10893220784086176,47.3730435617332,-5.229018860664837,-4.104597501322075,-1.1244213593427625,13.211212441000303,22.506056086501385,33.43651719373099,-0.2031048701874033
2022-06-23,629.7774779340417,638.0609096242678,624.0974104893153,631.978515625,15372244,0.0,0.0,HDFCBANK.NS,0.0036835756109121487,0.0036768078608591975,-0.13873824506102794,639.5105651855469,636.7515002441406,662.6750476074219,694.4752453613281,632.351879543091,642.5398902112685,639.5105651855469,674.4223926127665,604.5987377583272,0.10918295749215781,48.60894049501001,-4.617024742170656,-4.207082949491792,-0.40994179267886466,13.381954122646098,21.481132452578542,33.28608171408892,-0.20016944672277093
2022-06-24,633.5879763381755,644.5220962821917,633.5879763381755,640.806396484375,8013432,0.0,0.0,HDFCBANK.NS,0.013968640770398055,0.013871978428829866,-0.12670758899700285,638.6053070068359,635.591494140625,662.2365844726562,693.9921185302734,633.157071632737,642.4719100651158,638.6053070068359,672.3172766982376,604.8933373154342,0.10557998601486981,53.12141304857511,-3.380708087990911,-4.041807977191615,0.6610998892007043,13.387033377638618,21.5934007357178,33.377677642757845,-0.1889969010468526
2022-06-27,648.4744761664746,651.3145103686636,639.9543735599078,641.966064453125,9804164,0.0,0.0,HDFCBANK.NS,0.0018097009878681458,0.001808065451958743,-0.12512719085811297,637.5331970214844,634.7218505859375,661.704673461914,693.53900390625,633.9960233299169,642.4520729822927,637.5331970214844,669.2273933618771,605.8390006810916,0.09942759526395197,53.696590503309466,-2.2810482151238602,-3.6896560247780643,1.408607809654204,13.375203002284179,21.42517160467183,33.022631497783664,-0.18752922793751298
2022-06-28,636.1675999329924,639.48097284931,633.5169131560658,637.0669555664062,9770574,0.0,0.0,HDFCBANK.NS,-0.007631414116713753,-0.007660682357887268,-0.1318037075641274,636.5143341064453,634.4046044921874,661.0708996582031,693.0530883789063,634.2884930667254,642.24089190716,636.5143341064453,666.7919514929699,606.2367167199207,0.09513569691727089,50.85767814667229,-1.7843085881414709,-3.308586537450746,1.5242779493092753,13.167275505627767,21.5149659244607,32.63595843598507,-0.19372952885684797
2022-06-29,630.1324782999224,639.362587841217,630.1324782999224,636.1438598632812,9994046,0.0,0.0,HDFCBANK.NS,-0.0014489775290641438,-0.0014500283121674055,-0.13306170448268384,635.309683227539,634.56720703125,660.2678729248047,692.5458297729492,634.4651946663973,642.0017926113215,635.309683227539,663.4553253449534,607.1640411101247,0.08860448017863397,50.31786703726594,-1.4484283827704303,-2.936554906514683,1.4881265237442527,12.984701045963252,21.523991525581383,32.63599250393318,-0.1948977966518823
2022-06-30,632.3809061022116,640.9010081305348,632.3809061022116,638.0609741210938,12475822,0.0,0.0,HDFCBANK.NS,0.0030136489224694696,0.0030091169853840955,-0.1304490568225506,634.4316375732421,634.654921875,659.5581793212891,692.0664050292969,634.8076498525589,641.847250709744,634.4316375732421,660.9583123152064,607.9049628312779,0.08362342976283832,51.4699453998789,-1.0158358778504635,-2.552411100781839,1.5365752229313756,12.440361010595122,20.561032722371408,32.63129010229891,-0.19247150126428453
2022-07-01,636.1439086225995,643.7410224780701,629.5645429261943,640.7826538085938,11472452,0.0,0.0,HDFCBANK.NS,0.004265547961539218,0.0042564762997563226,-0.12673994556942547,633.8032775878906,634.6094421386719,658.8352294921875,691.6311190795899,635.3766978483718,641.8055018116596,633.8032775878906,659.0053912564266,608.6011639193547,0.07952661199370695,53.131581004622575,-0.4482195997469489,-2.131572800574861,1.683353200827912,12.005908840756742,19.20601660097992,32.63293971276365,-0.1890269497226175
2022-07-04,640.7589611464242,643.8356645501927,635.3392528781949,641.6820068359375,8487480,0.0,0.0,HDFCBANK.NS,0.0014035227420690077,0.0014025387246448695,-0.12551430522329177,633.263671875,634.757412109375,658.3825946044922,691.216706237793,635.9772034662352,641.8006588714352,633.263671875,657.213604406735,609.313739343265,0.07563968563307236,53.695768636320544,0.07334518556092462,-1.690589203347704,1.7639343889086285,11.882504045439791,18.76031545563055,32.611716828890266,-0.18788873060334807
2022-07-05,645.6344186304245,652.9001609789714,638.203019182199,640.2383422851562,14325718,0.0,0.0,HDFCBANK.NS,-0.0022498130466518385,-0.0022523476783695554,-0.12748173454851075,633.027001953125,634.7815270996093,657.9450012207031,690.7991690063477,636.3830262108944,641.7393915543262,633.027001953125,656.5800481186374,609.4739557876127,0.07441403318608017,52.601158805794356,0.36597859808398425,-1.2792756430613663,1.6452542411453506,12.34400635115559,18.53837214297201,32.5937517894436,-0.18971582913256965
2022-07-06,638.0609093693026,650.0837303452961,637.6348927549916,649.0660400390625,15049078,0.0,0.0,HDFCBANK.NS,0.013788142900654998,0.013693951289013814,-0.11545132802103397,633.118115234375,634.9232397460937,657.4284106445313,690.3950064086914,637.5909322897676,642.0267111027472,633.118115234375,656.9155565535843,609.3206739151656,0.07517536063677399,58.21096057575873,1.295282903385555,-0.7643639337719821,2.059646837157537,11.794594986259979,18.821113926803953,32.67169874651887,-0.17854351519451073
2022-07-07,653.2078053283803,661.7279071370114,650.5807508251304,660.6865844726562,17743142,0.0,0.0,HDFCBANK.NS,0.01790348549570453,0.01774510567277467,-0.0996148237020138,633.5464904785156,635.2926831054688,656.8993536376953,689.9970092773438,639.7905182119474,642.7584708427436,633.5464904785156,659.0326074674679,608.0603734895633,0.08045539631891169,64.2150116139811,2.9356042608927737,-0.02437029483903086,2.9599745557318045,11.77262113808637,17.69552514918631,31.529624883626806,-0.1638365809334432
2022-07-08,667.4079643038475,667.4079643038475,660.1895448317669,661.3018798828125,12474030,0.0,0.0,HDFCBANK.NS,0.0009312969638204383,0.0009308635758574184,-0.09877629772105856,634.6351715087891,635.6856640625,656.4056927490234,689.6542596435547,641.8392193234583,643.4856633541189,634.6351715087891,662.9053001045055,606.3650429130727,0.08909096080668419,64.50580279281519,4.236385536548823,0.82778087143854,3.4086046651102837,11.096423508364685,16.874431294326424,31.22830467505758,-0.16305786448000884
2022-07-11,659.8345520397675,667.3606535366644,659.4795477972783,665.5856323242188,7462880,0.0,0.0,HDFCBANK.NS,0.006477756334467566,0.0064568658380680585,-0.09293839017484884,636.5178771972656,636.0403247070312,656.1661254882813,689.3514111328125,644.100782466388,644.3523288039266,636.5178771972656,667.7666287814476,605.2691256130837,0.09818656381428711,66.5441483453278,5.54896210925142,1.772017119001116,3.776944990250304,10.58251805342878,16.862855795024974,31.056143261998326,-0.1576363572600613
2022-07-12,665.1595990343833,665.1595990343833,657.6571877869562,658.793212890625,9876974,0.0,0.0,HDFCBANK.NS,-0.010205177371204188,-0.01025760720262671,-0.10219511478972454,638.4064971923829,636.080400390625,655.6522900390624,689.0572958374023,645.5000615544105,644.9186379837971,638.4064971923829,670.2713272699478,606.5416671148179,0.09982614593586309,60.60139272343116,5.9722526075864835,2.6120642167181893,3.360188390868294,10.683949066086111,16.923743522048767,30.485141062835382,-0.16623282764527608
2022-07-13,657.9411875229638,659.9291881427924,641.0193188510601,642.7233276367188,15945610,0.0,0.0,HDFCBANK.NS,-0.02439291258541587,-0.024695347994163983,-0.12409519087341814,639.5993133544922,636.2454528808594,654.9873486328125,688.597907409668,645.2356107051066,644.8325473819509,639.5993133544922,670.1430944210495,609.055532287935,0.09550911149783747,49.36830437521424,4.953902435228542,3.0804318604202603,1.873470574808282,11.037261220141813,18.297193208829178,30.764278019119338,-0.1865708373971142
2022-07-14,644.6876772822643,649.728748870004,638.6526054134325,639.504638671875,10372410,0.0,0.0,HDFCBANK.NS,-0.0050078919286761225,-0.00502047344160865,-0.12848162749733172,641.2500823974609,636.3746752929687,654.333500366211,688.0486141967773,644.6898038447988,644.6236097854774,641.2500823974609,667.5304115846393,614.9697532102825,0.08196592845313432,47.47033254501069,3.842833494616116,3.2329121872594317,0.609921307356684,10.932444277240368,18.248175941789725,30.771170118462383,-0.19064440273506292
2022-07-15,640.4276846012615,646.0604304121975,637.4930058328619,644.71142578125,13595646,0.0,0.0,HDFCBANK.NS,0.008141906711088831,0.008108940207886862,-0.12138580621141504,642.9612030029297,636.9388366699219,653.7043481445312,687.4702603149414,644.6918630768419,644.6270535500174,642.9612030029297,664.9075176904947,621.0148883153646,0.06826637310327748,50.76769873892029,3.3439011482220167,3.255109979451949,0.08879116877006776,10.732964832281791,18.408327306479528,30.35620172481367,-0.18405470496603418
2022-07-18,638.0609408531288,646.6283647787831,635.2445970528642,637.8479614257812,20332220,0.0,0.0,HDFCBANK.NS,-0.01064579295636292,-0.010702864821767352,-0.13073935100701006,643.5623413085938,637.3446728515624,652.9609411621094,686.881100769043,644.040062919598,644.3612068000474,643.5623413085938,664.1488396655054,622.9758429516821,0.06397670290978148,46.61398110423053,2.3673797755599253,3.0775639386735443,-0.710184163113619,10.942580291486056,18.646601532313998,30.413152376472794,-0.19274108964068426
2022-07-19,632.8542367511087,643.0547152126437,632.8542367511087,638.0846557617188,15792538,0.0,0.0,HDFCBANK.NS,0.0003710826878060569,0.0003710138536537106,-0.13041678342897767,643.8345123291016,637.55685546875,652.2732415771484,686.3427221679688,643.4728812855143,644.1150675436425,643.8345123291016,663.9516510640394,623.7173735941637,0.06249164451331801,46.77571033947781,1.594201840579558,2.780891519054747,-1.1866896784751892,11.011892357217514,18.36386187856591,29.92185451634487,-0.19244152983447274
2022-07-20,643.6937013470418,648.9950749004665,641.492663496681,646.1314086914062,20347862,0.0,0.0,HDFCBANK.NS,0.01261079209008975,0.01253193829866501,-0.11945065027976898,644.6581268310547,637.8593188476563,651.7118634033203,685.8420040893554,643.7260743717898,644.1941397455155,644.6581268310547,663.6489205382284,625.667333123881,0.05891741038161329,52.08955314929865,1.6121743264752695,2.547148080538852,-0.9349737540635825,11.182629293676412,18.713524085080763,29.88047981361539,-0.18225757786662436
2022-07-21,644.0014246445072,648.237785747247,642.8417093809554,644.0960693359375,12640278,0.0,0.0,HDFCBANK.NS,-0.003150039338887578,-0.0031550111564986184,-0.12222441537121953,645.2640045166015,638.4055529785156,651.5114697265625,685.3597680664062,643.7613119874229,644.1902938471006,645.2640045166015,663.3007522665602,627.2272567666429,0.055905017554700995,50.71044879331747,1.4455197235186006,2.3268224091348015,-0.881302685616201,10.555457637563254,18.59612514775929,29.88133072263767,-0.18483349866542167
2022-07-22,646.581029089991,661.2545370708034,644.8770203644754,659.12451171875,12729592,0.0,0.0,HDFCBANK.NS,0.023332609991405073,0.023064566081956447,-0.10174361999509862,646.1799102783203,639.3631188964844,651.2896405029297,684.9455386352539,645.224473866597,644.7759494499105,646.1799102783203,665.1022223818112,627.2575981748295,0.05856669884812951,59.28257615340706,2.4973268232666896,2.3609232919611793,0.1364035313055103,11.174175927768115,18.921642734228865,29.629562989342055,-0.16581353661172368
2022-07-25,660.3078547606243,664.8518972587639,654.7698119942409,661.065185546875,10143126,0.0,0.0,HDFCBANK.NS,0.0029443205246069137,0.0029399945023150516,-0.09909886529909107,647.1348663330078,640.2293273925782,651.2268872070313,684.5183200073242,646.7331130742425,645.4147430223405,647.1348663330078,667.0628002039314,627.2069324620843,0.06158819407721068,60.24409685002085,3.4477442372984797,2.5782874810286396,0.8694567562698401,10.844529032607445,18.027299407741715,29.554696727628937,-0.16335742428622035
2022-07-26,660.7812603349215,663.6212944051289,656.189895033676,659.7162475585938,8527964,0.0,0.0,HDFCBANK.NS,-0.002040552153968478,-0.0020426369170429824,-0.10093720105001769,648.2673309326171,640.9843041992187,651.3939520263672,684.0388531494141,647.9696020727521,645.9755863374877,648.2673309326171,668.3598061393387,628.1748557258956,0.06198823925868959,59.197674255940235,4.045475143958697,2.8717250136146513,1.1737501303440458,10.486140588403762,17.658359950461197,29.41816321444216,-0.16506463709619484
2022-07-27,657.4204487632333,665.5145328772356,655.2194111915459,664.7572021484375,9212778,0.0,0.0,HDFCBANK.NS,0.0076410951049012965,0.007612049802480563,-0.09406737669796217,649.697998046875,641.8410461425781,651.6266326904297,683.5948849487305,649.5684211275792,646.7121202908584,649.697998046875,670.2258330330301,629.1701630607199,0.06319192932059496,61.863541129363526,4.869807985187549,3.271341607929231,1.598466377258318,10.31708734467097,17.648773842488545,29.209097073690838,-0.1586848165818017
2022-07-28,669.7983540849104,674.0347148899765,667.8813080826944,670.6503295898438,17420406,0.0,0.0,HDFCBANK.NS,0.008865082502844901,0.00882601836042817,-0.08603620925037092,651.3274658203125,643.0698352050781,651.9392999267578,683.1987469482422,651.5762219335091,647.6508735967009,651.3274658203125,673.1018525626982,629.5530790779267,0.06686156468148353,64.76209484335293,5.930263448881419,3.803125976119669,2.12713747276175,10.464165435346567,16.396909035692918,29.2391239186708,-0.15122648806990327
2022-07-29,680.6614431431668,680.9454349708267,669.916671568808,678.8627319335938,20019736,0.0,0.0,HDFCBANK.NS,0.012245431011377539,0.012171062224098377,-0.07484432870384927,653.2314697265625,644.1419470214844,652.5292047119141,682.7707955932617,654.1749371716124,648.8748680412849,653.2314697265625,677.6255234135601,628.8374160395649,0.07468731932712538,68.369956275898,7.348643689181472,4.51222951873203,2.8364141704494417,10.688998125534608,16.573144691210025,29.300215687935722,-0.14083289058527867
2022-08-01,681.1349013042358,685.6079322693399,676.8985398670344,684.519287109375,13193036,0.0,0.0,HDFCBANK.NS,0.008332399039890914,0.008297876242256814,-0.06713556247659158,655.3733337402343,645.4876525878906,653.1616381835937,682.3809530639649,657.0648752609231,650.2726883968962,655.3733337402343,682.8280528516294,627.9186146288392,0.08378344890754168,70.6025797210036,8.827400202707622,5.375263655527149,3.452136547180473,10.744780115894823,15.347456140482722,29.28674968333483,-0.13367396738768555
2022-08-02,682.5548362631915,683.7855061039321,673.5850853482716,676.9931030273438,15036510,0.0,0.0,HDFCBANK.NS,-0.010994845906845407,-0.01105573595424337,-0.0773922632191375,657.2110717773437,646.5413049316406,653.5159759521484,681.9305526733399,658.962801714868,651.3205477941688,657.2110717773437,685.3130231719518,629.1091203827356,0.08551880088876161,64.11771097514375,9.284993610434071,6.157209646508534,3.1277839639255376,10.175089577992756,15.681479219814069,29.04668986556509,-0.14319908862134667
2022-08-03,674.4843417078575,679.5964256924633,670.7213200112976,678.5787353515625,10975498,0.0,0.0,HDFCBANK.NS,0.002342169096152036,0.0023394304934613564,-0.0752313598901786,658.6867065429688,647.5334216308594,653.7853387451172,681.3757846069336,660.8309858707437,652.3894963258313,658.6867065429688,688.0585655714632,629.3148475144743,0.08918309337878948,64.85022427830339,9.664184259326134,6.858604569072055,2.8055796902540795,10.0178725940352,15.539622956746483,29.01441844343408,-0.14119231600516063
2022-08-04,681.6081431357295,684.7794912450086,668.8043003902649,677.7741088867188,12012206,0.0,0.0,HDFCBANK.NS,-0.0011857525485630127,-0.001186456109337203,-0.07632790666201994,659.5410827636719,648.1506567382812,654.0274700927735,680.8569985961914,662.4446166341698,653.384971328219,659.5410827636719,690.126886936333,628.9552785910107,0.09274874597499702,64.13473164979231,9.786951069560928,7.44427386916983,2.3426772003910976,10.546998756564344,15.572628238785713,29.014975550580342,-0.142210649405183
2022-08-05,678.2947372860145,680.164403086726,672.6856821032446,675.4783935546875,9268982,0.0,0.0,HDFCBANK.NS,-0.003387139316670118,-0.0033928886592660616,-0.07945651272507603,660.2499084472656,648.4819934082032,654.0325811767578,680.2836880493164,663.6859287218382,654.2513800429825,660.2499084472656,691.653672961731,628.8461439328003,0.09512690304893422,62.031840685703266,9.58846969987269,7.873113035310403,1.7153566645622869,10.268066846390232,15.259687635942889,28.937782364881148,-0.14511610144000361
2022-08-08,675.9280724889151,693.2049454902074,675.5020558450844,692.0452880859375,15357736,0.0,0.0,HDFCBANK.NS,0.02452616499554794,0.024230227653807158,-0.056879111270594196,661.5728912353516,649.0547338867187,654.29015625,679.8279528808594,666.3868200898477,655.7334940838828,661.5728912353516,696.0063620080405,627.1394204626627,0.10409577305500371,69.7421145398679,10.64526967540337,8.427544363328996,2.217725312074373,10.805643523103438,16.62026021820518,29.08390456908111,-0.12414907789188379
2022-08-10,691.7139440904666,696.5183465521361,685.8919089915445,694.0570068359375,17353102,0.0,0.0,HDFCBANK.NS,0.002906917776384299,0.0029027008610790937,-0.054137536393867314,663.3360809326172,649.7869897460937,654.4548510742187,679.3765441894532,669.0220759704277,657.2363769369045,663.3360809326172,700.6603159447261,626.0118459205082,0.11253491581411626,70.52485371329884,11.512412238279012,9.044517938319,2.4678942999600118,10.785359124663712,16.336969085400806,29.076714988147977,-0.12160305127694512
2022-08-11,703.6183182790625,705.7483434605329,697.9619411871878,703.2396240234375,18301766,0.0,0.0,HDFCBANK.NS,0.013230350096689714,0.013143593391469612,-0.041623444857040726,666.3618957519532,650.6470446777344,654.5621118164063,678.9606384277344,672.2808900707145,659.0404258422587,666.3618957519532,706.3658797975744,626.357911706332,0.12006684145851078,73.85015848134383,12.793118326847889,9.794238016024778,2.998880310823111,11.235020571685409,16.549129749430776,28.877171604255675,-0.10998155212147513
2022-08-12,702.9083577168467,704.9437383632303,698.624617003692,702.9793701171875,8850370,0.0,0.0,HDFCBANK.NS,-0.0003700785583738986,-0.00037014705434336366,-0.04197811947094743,669.5356323242188,651.5941943359375,654.6365911865234,678.5989944458008,675.2045548370453,660.7635216961775,669.5356323242188,710.6249806869512,628.4462839614864,0.1227398405073536,73.5967334636951,13.629969015377924,10.561384215895409,3.0685847994825153,10.460781544876292,16.585021385790714,23.401042860305076,-0.1103109288655922
2022-08-16,707.5470932825897,714.0318138560021,704.3520553352726,711.026123046875,12563756,0.0,0.0,HDFCBANK.NS,0.011446641639492272,0.011381624518466112,-0.03101198632173885,672.8513671875,652.7477197265625,654.7557434082031,678.2875274658203,678.616132761791,662.7346041020871,672.8513671875,716.1494204885767,629.5533138864234,0.12870020159745313,76.3042807091451,14.77220019861295,11.403547412438916,3.3686527861740334,10.530092864468552,16.751569237447793,22.99433404025825,-0.10012697689774382
2022-08-17,710.0085123405493,716.0435846954439,703.2634314733141,714.694580078125,12384350,0.0,0.0,HDFCBANK.NS,0.005159384321253846,0.005146120301189756,-0.02601260475648437,676.6936981201172,653.99212890625,654.9812976074219,678.0176803588868,682.0521753633467,664.7722502187945,676.6936981201172,720.5481767453309,632.8392194949035,0.12961397083213047,77.44008447915074,15.791406954938225,12.281119320938778,3.5102876339994467,10.91214671094547,16.745563816177746,22.228683917600208,-0.09548418613123068
2022-08-18,710.008526430319,716.5879503313682,709.8428693302802,715.5465698242188,8342138,0.0,0.0,HDFCBANK.NS,0.0011921032701838197,0.0011913932792793956,-0.024851511197496734,680.5667938232422,655.4036254882812,655.3866223144531,677.8671960449219,685.2421176929536,666.7634000072426,680.5667938232422,723.7412081151537,637.3923795313307,0.12687781620777935,77.7073425729659,16.47793670724684,13.12048279820039,3.35745390904645,10.65857237633106,16.66968935382608,21.917798365603645,-0.09440590987158479
2022-08-19,714.7418839044774,715.6885618964038,705.2751039852128,706.7188110351562,8063702,0.0,0.0,HDFCBANK.NS,-0.012337084910114426,-0.012413818507906089,-0.03688200090382299,683.5961639404297,656.5931262207031,655.7586474609375,677.6977224731445,687.2875170588776,668.3302788710823,683.5961639404297,725.065831546174,642.1264963346855,0.12132797049855301,68.63462418467243,16.12382470998807,13.721151180557927,2.4026735294301442,10.73971131702049,17.020894673803397,22.016426140159425,-0.10557830105559685
2022-08-22,702.8137823590608,704.494101169479,694.7196390958088,695.9739990234375,8234066,0.0,0.0,HDFCBANK.NS,-0.015203800781785404,-0.015320563564695772,-0.051525055091433014,686.1900604248046,657.470224609375,656.0143347167968,677.4220034790039,688.1148010555023,669.4143463280375,686.1900604248046,723.5422129646714,648.8379078849379,0.10886824130545672,59.52486603440861,14.805503244420379,13.938021593330417,0.8674816510899621,10.809026212543975,17.188164263421278,22.069259896252692,-0.11917691038125358
2022-08-23,687.903575143371,698.6246570090722,686.5308805205054,693.8203125,14966884,0.0,0.0,HDFCBANK.NS,-0.003094492792057535,-0.003099290635361908,-0.05446010397189971,687.9248504638672,658.5560656738281,656.1595837402343,677.1321237182617,688.6581830978354,670.3714430406634,687.9248504638672,723.1462780399012,652.7034228878332,0.1023990558046688,57.8669499989039,13.43210256446298,13.83683778755693,-0.40473522309395094,11.050767932991205,17.24520093802808,22.073430323851216,-0.12190261108315666
2022-08-24,691.9742490093071,698.4116474192263,690.6961991270781,697.1572875976562,13455520,0.0,0.0,HDFCBANK.NS,0.004809566738731341,0.004798037724222526,-0.04991246673781946,689.7294555664063,659.9405810546875,656.2205261230469,676.918117980957,689.4676216216278,671.4218683174083,689.7294555664063,722.7884836885224,656.6704274442901,0.09586085632653767,59.73812027982436,12.46920144049784,13.563310518145114,-1.094109077647273,10.820856970922973,17.211434431958367,21.848151055427746,-0.11767934308805529
2022-08-25,700.4943803550603,703.7604309305221,689.6549059666497,693.37060546875,11823040,0.0,0.0,HDFCBANK.NS,-0.005431603737450441,-0.005446408530546318,-0.055072965734391355,691.4121734619141,661.3875769042969,656.2744836425782,676.655934753418,689.8393343689728,672.282603107657,691.4121734619141,721.3141409880026,661.5102059358256,0.08649534582640842,56.66287617027653,11.270621057415951,13.104772625999283,-1.8341515685833318,11.19445834825917,16.98091755204606,20.327836620583284,-0.12247175926576795
2022-08-26,696.778693332773,701.3937485514476,691.642918993121,693.4889526367188,7706176,0.0,0.0,HDFCBANK.NS,0.0001706838551207568,0.00017066929028885489,-0.0549116819453751,692.8487609863281,662.8800158691406,656.162817993164,676.3796047973633,690.1869170611392,673.1142246578163,692.8487609863281,719.9922635950693,665.7052583775869,0.07835332654734099,56.73783451707996,10.212563026435646,12.526330706086556,-2.31376767965091,10.749861112800804,15.079135722256728,19.23285130292337,-0.12232197936266218
2022-08-29,680.1881325761254,684.4481835108402,676.2120734809305,681.3241577148438,8653178,0.0,0.0,HDFCBANK.NS,-0.017541440098826633,-0.017697114345882035,-0.07148989206463108,693.3824523925781,664.3767138671875,655.2239135742187,676.1079565429687,689.3428447424444,673.4361828169153,693.3824523925781,719.0688437502174,667.6960610349388,0.07409011078664053,47.62019020628034,8.296806706099915,11.680425906089228,-3.3836191999893135,11.44972955367987,16.034512362803788,19.438606612017413,-0.13771771578772873
2022-08-30,684.6612336275455,705.2514819376713,683.075559394274,703.4291381835938,10135400,0.0,0.0,HDFCBANK.NS,0.03244414603305712,0.03192894853805675,-0.04136517452960631,694.6107727050781,666.2355163574218,654.7332238769532,675.9866052246093,690.6843964987444,674.6123771450204,694.6107727050781,719.7166287089708,669.5049167011855,0.07228755150491235,60.15139964250359,8.464667783616392,11.037274281594662,-2.5726064979782706,11.892641859916134,18.22000883102887,20.012019730436208,-0.10974170343702778
2022-09-01,693.3233295007825,705.01478018178,690.601630135956,696.8260498046875,22403136,0.0,0.0,HDFCBANK.NS,-0.009386998661950252,-0.009431334203801163,-0.05036387835359579,695.2261108398437,667.6555334472656,654.4450775146485,675.8484973144531,691.2693158612152,675.4835015630466,695.2261108398437,719.889915889335,670.5623057903524,0.07095189511710676,55.85290402555813,7.972977329408991,10.424414891157529,-2.4514375617485378,12.163121323147013,18.141732475342646,19.93591510862903,-0.11809855687565456
2022-09-02,696.8260165078848,705.5117755531663,693.5362758079048,703.1450805664062,12038086,0.0,0.0,HDFCBANK.NS,0.009068304440527086,0.009027434264128583,-0.04175228889478477,696.5337097167969,669.0656103515626,654.3796746826172,675.730989074707,692.4003410712334,676.5682693670999,696.5337097167969,719.8643391842274,673.2030802493664,0.06699066862655222,58.88120588676107,8.0009718510712,9.939726283140264,-1.9387544320690644,12.183418688908887,18.20659705416817,19.951953690653745,-0.11010120610286288
2022-09-05,703.4290477623429,709.5351321703702,702.482369800808,707.6654663085938,12131932,0.0,0.0,HDFCBANK.NS,0.006428809455007789,0.0064082328013426535,-0.03559189694939202,697.9880462646485,670.6257373046875,654.369301147461,675.626139831543,693.8541625224105,677.7877672863742,697.9880462646485,720.2058427983923,675.7702497309047,0.06366239838244946,60.94507675812328,8.292326286495836,9.610246283811378,-1.317919997315542,12.23582161819631,18.01921700561514,19.963211389140827,-0.10438021632265697
2022-09-06,709.48787908154,713.1562565405578,703.594773527377,704.9674682617188,12238696,0.0,0.0,HDFCBANK.NS,-0.0038125331464153867,-0.003819819376135648,-0.039268734808943995,699.3477142333984,672.0855163574219,654.4185083007812,675.5294412231445,694.9125725928209,678.8536379128583,699.3477142333984,719.5981459156583,679.0972825511385,0.05791234108617266,59.040310867549984,8.210871070778921,9.330371241204887,-1.1195001704259653,12.129324423508178,18.040191637304407,19.98015984949547,-0.10779479643451219
2022-09-07,696.4236424775478,705.2750580128373,696.4236424775478,701.63037109375,9776206,0.0,0.0,HDFCBANK.NS,-0.004733689593077628,-0.0047449289848812215,-0.04381653840072319,700.6553131103516,673.3019958496094,654.4467449951172,675.456296081543,695.5523629262427,679.7468431356384,700.6553131103516,717.5085475459986,683.8020786747046,0.04810706240371473,56.680649407649916,7.787274520042615,9.021751896972432,-1.2344773769298172,11.848700303019589,17.11180075814608,20.001463553339583,-0.11201821892151981
2022-09-08,705.3223942153467,710.0084616181538,701.5593724810251,708.8724365234375,11164690,0.0,0.0,HDFCBANK.NS,0.010321767312321484,0.010268861614206341,-0.03394703520220532,701.4966705322265,674.6401232910156,654.6809869384765,675.3992416381836,696.8209413640709,680.8890232684934,701.4966705322265,718.2196809450277,684.7736601194254,0.04767808919210803,60.38131151909194,7.944367632574313,8.806275044092809,-0.8619074115184961,11.970415169879638,17.274703893734266,20.00978730380841,-0.10285267759964689
2022-09-09,708.2097390835974,714.2685009714878,707.1921065293857,709.3457641601562,15128888,0.0,0.0,HDFCBANK.NS,0.0006677190596380278,0.0006674962344509582,-0.033301983224990006,702.2611083984375,676.0856994628906,655.2451519775391,675.4008187866211,698.0137816303647,682.0049738916958,702.2611083984375,718.9499195689685,685.5722972279065,0.04752879227098651,60.61810958867116,8.014670507913365,8.64795413685692,-0.6332836289435555,11.732053493516146,17.232165889083674,19.893824962479524,-0.10225363523317695
2022-09-12,710.0085188900646,711.901874940438,705.2751287641307,706.9555053710938,11080492,0.0,0.0,HDFCBANK.NS,-0.0033696666841910305,-0.0033753567970907505,-0.03655943332579026,702.4469024658204,677.5019323730469,656.0345697021485,675.3899765014648,698.865374367577,682.9834261065743,702.4469024658204,719.2638266996223,685.6299782320184,0.04788098338755287,58.70976776018444,7.787739917009958,8.47591129288753,-0.6881713758775714,11.348308796156134,17.240941001302858,19.01254305010468,-0.10527874124938531
2022-09-13,709.4878982980149,717.5346619744523,709.3222411902171,716.2092895507812,13001966,0.0,0.0,HDFCBANK.NS,0.013089627436779105,0.013004698585420141,-0.023948355250545506,703.1083984375,679.0648986816407,656.8599102783203,675.4195544433594,700.5171758135965,684.286401143602,703.1083984375,721.0187641883946,685.1980326866054,0.05094624325551035,63.500479757426234,8.259389731439342,8.432606980597892,-0.17321724915855086,11.240121661498408,17.427235223801503,19.105095828679115,-0.09356717331257373
2022-09-14,707.1921240116534,728.4213656433966,706.3874130797399,723.5696411132812,20219760,0.0,0.0,HDFCBANK.NS,0.010276816665023336,0.010224369207191898,-0.013917651441860857,703.7355743408203,680.7206384277343,657.6650402832031,675.4674520874023,702.7126486992807,685.8269203580993,703.7355743408203,723.586682239875,683.8844664417657,0.05641638314973333,66.80002694951196,9.121942391816333,8.570474062841582,0.5514683289747513,12.262871966606165,17.338243537186447,18.581490307228016,-0.08425192933354818
2022-09-15,724.2087167212493,729.3917559933695,715.6886141715876,719.806640625,13539372,0.0,0.0,HDFCBANK.NS,-0.0052006058221175655,-0.005214176041932521,-0.019045877044859716,703.991177368164,682.2831311035156,658.5202716064454,675.5808737182617,704.3406479303017,687.1594584077817,703.991177368164,724.5552672209711,683.4270875153569,0.05842144195523853,63.63287337910121,9.393595378609916,8.73509832599525,0.658497052614667,12.234130313599703,17.364948496746276,18.618891538961208,-0.08901437408144906
2022-09-16,711.4757677925938,716.9664880842785,701.9616664055304,706.5767211914062,20560046,0.0,0.0,HDFCBANK.NS,-0.018379824090128394,-0.01855083169125693,-0.037075641265261416,703.5426849365234,683.6098986816406,659.195712890625,675.6015927124023,704.553607288502,687.920919693414,703.5426849365234,723.4256241575939,683.6597457154529,0.05652233943094561,53.948349865138425,8.44400120685259,8.676878902166719,-0.23287769531412827,12.812283503681344,17.957172722268492,18.761809357133885,-0.10575812963446751
2022-09-19,704.8017372069685,716.6352116395905,700.5416864112245,711.2391357421875,12076038,0.0,0.0,HDFCBANK.NS,0.006598596317919592,0.006576920880628119,-0.030721692137279266,703.768701171875,684.8533605957032,659.8883001708984,675.6636373901367,705.1903242840912,688.835359538464,703.768701171875,723.9048140752004,683.6325882685496,0.057223667008197164,56.46308771059119,7.975719740645218,8.536647069862418,-0.5609273292172006,12.727758223151179,18.017036283399662,18.76870728632674,-0.09985738852134406
2022-09-20,716.6352922326611,721.3686825380287,714.694613763589,719.806640625,10781668,0.0,0.0,HDFCBANK.NS,0.01204588506490456,0.011973910810628794,-0.019045877044859716,704.9603332519531,686.03576171875,660.6642224121093,675.7425518798829,706.5823544117967,690.0499195810733,704.9603332519531,725.956612790041,683.9640537138652,0.05956726512889873,60.708980090755404,8.201388841924768,8.469595424274889,-0.2682065823501212,11.742202692652151,18.244033709607592,18.40836137233153,-0.08901437408144906
2022-09-21,713.7951670816074,720.1852431794865,712.3751501709676,718.6942138671875,9072304,0.0,0.0,HDFCBANK.NS,-0.0015454522020615924,-0.0015466476451415354,-0.020561894754302146,706.2040283203125,687.1836083984375,661.4346362304688,675.7665405273438,707.7358648361196,691.1732252393522,706.2040283203125,727.3680081447098,685.0400484959152,0.05993729567002121,59.892240392072566,8.195991401085507,8.414874619637013,-0.21888321855150572,11.270555761416079,18.20391797016658,18.32714326352786,-0.0904222588230714
2022-09-22,710.9551991274026,714.8129236481702,701.8434231066286,703.3817749023438,12048144,0.0,0.0,HDFCBANK.NS,-0.021305916576745187,-0.021536163911177703,-0.04142972131675238,706.5152526855469,687.93953125,661.9899279785157,675.7425088500977,707.3211896043315,691.6519918928028,706.5152526855469,727.2987283286101,685.7317770424837,0.05883376350068245,49.933959718429335,6.876855922878235,8.107270880285258,-1.2304149574070227,11.618790833937314,18.15101632427285,18.670392215749175,-0.10980164629665135
2022-09-23,696.9207472592227,698.1751073132368,680.1882231926246,684.519287109375,15806252,0.0,0.0,HDFCBANK.NS,-0.026816856031829372,-0.027182988436318715,-0.06713556247659158,706.0726867675781,688.454052734375,662.2672265625,675.6469744873046,705.149579842907,691.3722779797272,706.0726867675781,728.3574445673163,683.78792896784,0.06312312660544464,40.91024820580129,4.260276611192694,7.337872026466745,-3.0775954152740512,12.771704358234242,19.793468511873662,19.23934552312079,-0.13367396738768555
2022-09-26,674.6737596977232,679.9278112565614,671.1947294615087,675.2891235351562,8923486,0.0,0.0,HDFCBANK.NS,-0.013484154132743842,-0.0135758909345773,-0.07971445033711266,705.1626953125,689.1053686523437,662.6754107666015,675.4540545654297,702.3057268612164,690.7415660407244,705.1626953125,730.839288196246,679.486102428754,0.07282459226623492,37.353032726901226,1.425390579180089,6.155375737009414,-4.729985157829325,13.04049540356892,19.710691136700525,19.393500978776725,-0.14535564114063845
2022-09-27,678.0107465776804,681.6081111638067,665.9879252829694,669.2302856445312,12639700,0.0,0.0,HDFCBANK.NS,-0.008972213055804645,-0.009012705747366586,-0.08797144836086634,704.5580017089844,689.6998815917968,663.0372784423828,675.1651004028321,699.1556848405797,689.8979864173443,704.5580017089844,733.0172592268651,676.0987441911037,0.0807861310178852,35.19000537704133,-1.2952438426367507,4.665251821080181,-5.960495663716932,13.523978999679473,19.833608331587747,19.127977836053045,-0.1530236924152662
2022-09-28,665.5146754065687,667.6920233859096,656.0005724707542,657.728271484375,11816132,0.0,0.0,HDFCBANK.NS,-0.01718693012985617,-0.017336339817368727,-0.10364641935432206,702.2729583740235,689.9602185058594,663.4495275878907,674.8816860961914,695.2102169018935,688.6364289689926,702.2729583740235,737.6193203454619,666.926596402585,0.10066274530426485,31.464952273355905,-4.329574005353152,2.8662866557935147,-7.195860661146666,13.86545214515436,19.93742493828778,18.887960450558474,-0.1675806150353686
2022-09-29,660.9232428535685,663.7158966193714,652.6398106789119,654.3201293945312,14410388,0.0,0.0,HDFCBANK.NS,-0.005181687085081821,-0.005195158582479007,-0.10829104312682059,700.1476623535157,690.2896618652344,663.8171673583985,674.5912908935547,691.3159228535733,687.2906917307785,700.1476623535157,741.4780450293041,658.8172796777272,0.11806190293304175,30.436838555024053,-6.929432914872336,0.9071427416603444,-7.8365756565326805,14.151144395037031,19.81631763760157,18.776600574832457,-0.17189395181181155
2022-09-30,652.6397959370244,677.561046520772,646.1076950288735,672.7803344726562,15781756,0.0,0.0,HDFCBANK.NS,0.028212803257645414,0.027822152669934708,-0.08313343376347737,698.6294250488281,690.9835754394531,664.2702154541016,674.4198669433594,689.5506287220574,686.721658112813,698.6294250488281,741.6907955913026,655.5680545063536,0.12327385305726245,41.572906482748145,-7.41478256236735,-0.7572423191451945,-6.657540243222155,15.92447334615069,21.74985518590311,19.251169017595732,-0.14853075879781197
2022-10-03,667.3842557736752,671.1236451823496,663.1952174570123,668.922607421875,11541112,0.0,0.0,HDFCBANK.NS,-0.005734006856495055,-0.005750509387798064,-0.0883907529407687,696.6922821044922,691.4393994140624,664.6493591308594,674.2495080566406,687.5860552648971,686.0236561249332,696.6922821044922,741.4927338711746,651.8918303378098,0.1286090083597713,40.127229089159805,-8.01828222115239,-2.2094502995466336,-5.808831921605757,15.853470518456788,21.559502548595,19.25045654734679,-0.15341308926495995
2022-10-04,676.638129699665,690.1282917818199,675.0524555373647,687.7615966796875,11538526,0.0,0.0,HDFCBANK.NS,0.028163182181001112,0.02777389196566146,-0.06271693563795433,695.8319885253907,692.3127099609375,665.3591314697265,674.1790756225586,687.6027734948772,686.0918106564922,695.8319885253907,740.6241603232316,651.0398167275497,0.1287442156626478,49.384001669699245,-6.896907799678161,-3.1469417995729394,-3.7499660001052213,15.794308503905947,22.83259308664835,19.23589845840962,-0.12957050786587815
2022-10-06,691.0511547579542,692.3055144913168,678.8626771866964,680.1880493164062,12549198,0.0,0.0,HDFCBANK.NS,-0.011011878825226806,-0.011072958377185645,-0.07303818316764643,694.7598724365234,692.7339807128906,666.0485498046875,674.0705413818359,686.8966092874037,685.8602906039398,694.7598724365234,739.9919792067553,649.5277656662915,0.13020932429964,46.285835050697514,-6.5438984807829,-3.8263331358149317,-2.7175653449679684,15.775715324108692,23.03135970100583,19.097052858421186,-0.13915557195916284
2022-10-07,676.9930584243101,679.2177284598232,672.3069910888432,677.25341796875,13297994,0.0,0.0,HDFCBANK.NS,-0.004314441205789499,-0.004323775264421662,-0.07703750542638144,693.178921508789,693.0577453613281,666.6435363769531,674.0106170654296,685.9782101141986,685.5227661868736,693.178921508789,738.5442338076132,647.8136092099649,0.13089062835344442,45.1050189895175,-6.426851532392675,-4.346436815130481,-2.080414717262194,15.064007038972509,22.99830394956058,19.08231050980127,-0.14286963463127647
2022-10-10,666.4612853356891,674.9813869948101,661.8225402090238,669.774658203125,13109302,0.0,0.0,HDFCBANK.NS,-0.011042778917315199,-0.011104203014163976,-0.08722957620293159,691.2003662109375,693.2589135742187,667.1216088867187,674.024190979004,684.4350146940964,684.9051933247658,691.2003662109375,737.0459974166546,645.3547350052205,0.13265511260370505,42.15360847717415,-6.858503830115183,-4.848850218127422,-2.009653611987761,15.016675076926813,23.15212625374524,19.11367539934588,-0.15233473575936093
2022-10-11,663.195218193418,670.721319359864,662.4141973381068,662.9822387695312,14521620,0.0,0.0,HDFCBANK.NS,-0.010141350304020857,-0.010193124132132062,-0.09648630081780729,689.0017028808594,693.2234143066406,667.5322302246094,673.9660202026367,682.391893177471,684.0454696167175,689.0017028808594,735.872207410621,642.1311983510979,0.13605337790541364,39.6180290894484,-7.660378789356969,-5.411155932373331,-2.2492228569836374,14.886501878777958,23.297290174715325,19.180593280043777,-0.16093120614457568
2022-10-12,664.1892100752841,669.7036205529012,661.3965564168059,667.3132934570312,9225050,0.0,0.0,HDFCBANK.NS,0.0065326858462124715,0.0065114403306862235,-0.09058392966330076,686.5569030761719,693.1566735839843,668.1132543945313,673.9215505981446,680.9558360612386,683.3893058457494,686.5569030761719,732.5445520699654,640.5692540823784,0.13396602317373044,42.01314144763996,-7.855833397288734,-5.900091425356412,-1.955741971932322,14.92199981646198,22.88866467750061,19.172170203296922,-0.15544983331095777
2022-10-13,663.6450131620727,665.6330139849169,655.1012205192,659.645263671875,14714234,0.0,0.0,HDFCBANK.NS,-0.011490899192839188,-0.011557429729819583,-0.10103393805188776,683.3606842041015,692.77232421875,668.4571356201172,673.8413143920899,678.9262577384421,682.4581669369701,683.3606842041015,727.3596808236356,639.3616875845674,0.12877239688080372,39.05910593456825,-8.531136866167571,-6.426300513518644,-2.1048363526489275,14.590662829124296,20.827419786505963,19.263241092558253,-0.16515447413967707
2022-10-14,670.7213685736215,684.9215386916234,669.8930253167381,681.1348266601562,12849920,0.0,0.0,HDFCBANK.NS,0.0325774536281227,0.032058058659977635,-0.07174791285551707,681.4270935058594,692.7046350097656,669.0961437988282,673.8806912231445,679.1365976357482,682.4062712398402,681.4270935058594,721.9433718052313,640.9108152064874,0.11891595941957821,49.72730678812362,-7.24873271461513,-6.5907869537379415,-0.6579457608771886,14.739428779840669,22.98362453725298,20.009134756815477,-0.1379573327343167
2022-10-17,679.2414079903542,689.9388569363749,675.454696308178,684.70849609375,18410500,0.0,0.0,HDFCBANK.NS,0.005246640303384176,0.005232924639334744,-0.06687770804340432,680.3336822509766,692.8589428710937,669.7001239013672,673.9100961303711,679.6672546317484,682.4965545674445,680.3336822509766,719.1362993659922,641.5310651359611,0.1140693695676857,51.25550407052418,-5.876314433486982,-6.44789244968775,0.5715780162007675,14.822257564150002,22.869494823391186,19.919484149164276,-0.13343450493300382
2022-10-18,690.1519908382136,692.4476735610679,681.6081982959277,683.4305419921875,10561108,0.0,0.0,HDFCBANK.NS,-0.001866420686837067,-0.0018681646202072446,-0.06861930679246098,678.9432525634766,692.9559790039062,670.2447003173828,673.9097164916992,680.0256629517902,682.5331815252775,678.9432525634766,714.9771029984878,642.9094021284653,0.10614686956224612,50.66241661935259,-4.83603645570804,-6.125521250891808,1.2894847951837676,14.48077823445735,22.768255725310688,19.918595932216103,-0.13505188069949609
2022-10-19,692.9682038077501,699.3109571200404,687.9508226313887,690.4358520507812,12967040,0.0,0.0,HDFCBANK.NS,0.010250215095997106,0.010198037890055713,-0.059072454350824866,677.4747131347656,693.2092138671875,670.6799353027344,673.9606231689453,681.0171095326466,682.8430901733366,677.4747131347656,708.5492025521097,646.4002237174215,0.0917362340316979,53.817102978902945,-3.4070641726519852,-5.581829835243843,2.1747656625918577,14.670114088319906,22.984405669860628,19.950227425367313,-0.12618597642978782
2022-10-20,683.5015092803935,687.7142378951055,682.7915007873737,685.7735595703125,7898078,0.0,0.0,HDFCBANK.NS,-0.006752680160829527,-0.0067755826659291795,-0.06542623712110807,675.8286804199219,693.4151171875,670.9485552978516,673.9703210449219,681.4701047743291,682.9580105418455,675.8286804199219,700.5475146079399,651.1098462319038,0.0731511843287241,51.458824894733084,-2.620592819153785,-4.9895824320258315,2.3689896128720465,14.424990182816193,23.02342643590069,19.702573598457878,-0.13208656305100505
2022-10-21,687.2882499642978,689.9626269558933,678.7681476920131,680.9454956054688,10492606,0.0,0.0,HDFCBANK.NS,-0.007040318042983329,-0.007065218020053375,-0.07200593364640318,674.7068664550782,693.1931213378906,671.1239276123047,673.9140017700196,681.4201419963424,682.8790883874779,674.7068664550782,695.9532312355165,653.4605016746399,0.06297954218864575,49.06125363156167,-2.3596919574072217,-4.46360433710211,2.103912379694888,12.97792788081488,22.853038004633646,19.486166230629912,-0.13819694968090468
2022-10-24,688.3769222390107,692.4949483754677,688.3769222390107,691.5719604492188,2167794,0.0,0.0,HDFCBANK.NS,0.01560545581449424,0.015484942845077874,-0.05752416324780929,675.0595001220703,693.1434204101563,671.465205078125,673.8166500854492,682.3869818489973,683.2199853310755,675.0595001220703,697.2066104912348,652.9123897529058,0.06561528388285663,54.127271430203834,-1.2806961726922736,-3.8270227042201426,2.546326531527869,13.118237577554526,23.36568667493321,19.531622281645692,-0.12474812025835373
2022-10-25,691.5955514291327,694.7669571686256,683.9748056352751,686.7675170898438,13773394,0.0,0.0,HDFCBANK.NS,-0.006947134404139521,-0.006971378090364101,-0.06407166955838062,675.6334197998046,692.8139782714844,671.7305114746093,673.6744546508789,682.8041756814589,683.3591042235762,675.6334197998046,698.3920439491812,652.874795650428,0.06736974069790733,51.62729024047702,-0.8039947156413518,-3.2224171065043845,2.4184223908630327,12.374413804226354,23.423589250948403,19.564171367903803,-0.13082861270439472
2022-10-27,693.204906271337,694.5539107499477,686.9331650572058,688.4241943359375,15937276,0.0,0.0,HDFCBANK.NS,0.002412282475318328,0.002409377592608505,-0.061813946048702384,676.593115234375,692.5228747558593,672.0585345458984,673.4556192016602,683.339415553314,683.5577352083747,676.593115234375,699.8286125889822,653.3576178797678,0.06868381256453765,52.44296105932107,-0.28919174572058637,-2.6357720343476254,2.346580288627039,11.970382115332322,23.072806495306253,19.232081880078788,-0.12873192579877338
2022-10-28,686.3415684282495,694.3883316443048,685.110898551334,690.4595947265625,10474278,0.0,0.0,HDFCBANK.NS,0.002956607869641248,0.0029522457006275465,-0.059040097778402356,678.2296813964844,692.1115441894531,672.4296319580078,673.3056817626953,684.0175278555281,683.8283963659507,678.2296813964844,700.4595785242947,655.999784268674,0.06555271094016013,53.48083135666494,0.27980766923269584,-2.052656093631561,2.332463762864257,12.070123177147163,22.85243580089181,19.214318135740037,-0.12615592775402293
2022-10-31,696.7550217495098,709.061835992368,694.5066614551414,708.4464721679688,12830528,0.0,0.0,HDFCBANK.NS,0.026050586564054345,0.025717050176471638,-0.03452754039227457,680.9359985351563,691.98658203125,672.98935546875,673.2204119873047,686.3440939805224,684.7938111032847,680.9359985351563,704.0704079425122,657.8015891278003,0.06794885116111704,61.48091983092093,2.1572668623797426,-1.2106715024293002,3.367938364809043,12.29664914186711,24.165216433939104,19.247352848485793,-0.10339177710649328
2022-11-01,711.6651573414332,723.7353013468916,709.4878095867721,716.2802124023438,19073756,0.0,0.0,HDFCBANK.NS,0.011057631793129463,0.010996943154604559,-0.02385170142752524,683.1109924316406,692.0012548828125,673.7024401855468,673.1541909790039,689.1951528778387,686.028571938542,683.1109924316406,710.756458023757,655.4655268395243,0.080939893804689,64.35598404369804,4.228540187816861,-0.12282916438006786,4.351369352196929,12.795342510236082,23.766777582597424,19.249682952678416,-0.09347741351504466
2022-11-02,718.0551695029621,723.3802325595925,715.499127679653,716.7297973632812,12720406,0.0,0.0,HDFCBANK.NS,0.0006276663143180983,0.0006274694142044377,-0.023239006022732323,685.501351928711,692.201474609375,674.397300415039,673.0744268798828,691.8174999716904,687.2325415630417,685.501351928711,716.0917814689407,654.9109223884813,0.0892498007601624,64.51966068251721,5.839008514455372,1.0695383713870203,4.769470143068352,12.764916849082097,23.697906781071882,19.221962212682936,-0.09290841982433962
2022-11-03,708.9197790999174,719.5935963898347,708.5884649206265,713.5822143554688,10332352,0.0,0.0,HDFCBANK.NS,-0.004391589437737764,-0.004401260792097715,-0.027528539287077103,686.7923828125,692.5536389160156,675.0119317626953,673.0005654907227,693.8903299130026,688.2658620647054,686.7923828125,719.8633407056284,653.7214249193717,0.09630554653998546,62.36062111736009,6.783140798070917,2.2122588567237997,4.570881941347118,12.678706744180447,23.471544401714276,19.24361670657889,-0.09689199362689989
2022-11-04,711.5231511022943,717.6292356675809,705.0857523541924,708.6594848632812,10818060,0.0,0.0,HDFCBANK.NS,-0.006898615735026259,-0.006922521191030816,-0.03423724620781521,688.2159545898437,692.8504223632813,675.7032440185546,672.9691165161133,695.2969160987434,689.065611978375,688.2159545898437,722.5181442235581,653.9137649561293,0.09968437786118314,59.03341361775121,7.052848459098755,3.180376777198791,3.8724716818999636,11.769221622297598,23.549665171443163,19.17507740422783,-0.10312218873009353
2022-11-07,714.7418728342593,715.6885508115232,706.2690933816195,714.1738891601562,9835834,0.0,0.0,HDFCBANK.NS,0.007781458393856022,0.007751338994157013,-0.026722203520845533,690.061978149414,693.1907543945313,676.5656677246094,672.9251174926758,697.0947230569732,690.0502502992292,690.061978149414,725.822945148166,654.301011150662,0.10364566700125866,61.510756632405815,7.623679038183468,4.069037229395727,3.554641808787741,11.407457108133794,22.798819656327783,19.206546646398436,-0.09614317135732417
2022-11-09,717.1322211596956,718.504857932011,711.9018024905791,713.9608154296875,9269790,0.0,0.0,HDFCBANK.NS,-0.0002983499308820692,-0.00029839444607698823,-0.027012580884154147,692.2712860107422,693.60255859375,677.4950677490234,672.9353820800782,698.7010175686602,690.9879195200315,692.2712860107422,728.2141657286649,656.3284062928195,0.10384044649618741,61.356362085576535,7.967034105540847,4.848636604624751,3.118397500916096,11.104855692154624,21.27133702239659,19.14956911984036,-0.09641283697967705
2022-11-10,708.6357980412447,722.7886455515248,707.6654877696277,721.7236328125,12774182,0.0,0.0,HDFCBANK.NS,0.010872889961251575,0.010814205092733188,-0.016433395742425416,695.2083557128906,694.1672521972656,678.5236340332032,672.9663299560547,700.893647591883,692.1932416099322,695.2083557128906,730.6708495742217,659.7458618515594,0.10201975729985781,64.82085960450199,8.7645081620077,5.631810916101341,3.1326972459063596,11.050765881729214,20.95028616023904,19.209687228249557,-0.08658823318575752
2022-11-11,731.3087317757319,774.8559183927981,727.9953588809551,762.6201171875,56722338,0.0,0.0,HDFCBANK.NS,0.056665020397945964,0.05511774123684946,0.039300425950568485,699.9736968994141,695.7931713867188,680.0849426269531,673.2270266723633,706.7723589819418,694.9550798678761,699.9736968994141,744.1874999144055,655.7598938844227,0.1263298984257259,76.681608827583,12.55182695226506,7.015814123334086,5.536012828930974,14.299904047221398,25.926679126247475,21.313902986884166,-0.03482973678750457
2022-11-14,763.0224185196467,770.5958420285266,756.3956729493768,764.4661254882812,19195390,0.0,0.0,HDFCBANK.NS,0.002420613171849162,0.0024176882069733923,0.04181617025113282,705.2147399902344,697.0139111328125,681.6247137451172,673.5190615844726,712.267003411117,697.681003225539,705.2147399902344,753.9224762310226,656.5070037494462,0.13813589954589636,77.0576174247221,15.523318667175545,8.717315032102379,6.806003635073166,14.514596176883515,25.112107116608655,21.310761431035054,-0.03249343293529524
2022-11-15,768.3002449618797,768.3002449618797,759.8274649136445,766.3358764648438,11030202,0.0,0.0,HDFCBANK.NS,0.0024458258047317383,0.0024428396408981137,0.04436427112411989,709.4747924804688,698.4041076660156,683.0298205566406,673.7909674072266,717.4164198924243,700.3733511957079,709.4747924804688,763.8847318001381,655.0648531607994,0.15338089498413626,77.45416950411277,17.823660474228063,10.538584120527517,7.285076353700546,14.294833839614673,24.93626043897036,21.310578277577378,-0.030127080407321
2022-11-16,766.170202291269,777.2226566503574,763.022486309608,772.915283203125,13578150,0.0,0.0,HDFCBANK.NS,0.00858553923983374,0.008548893099678313,0.05333070155453634,713.8851318359375,699.79951171875,684.4325610351563,674.1775357055664,722.7020259220149,703.2181328430576,713.8851318359375,773.8577601038513,653.9125035680237,0.16801758600484906,78.84016446619303,19.94765689506687,12.420398675435388,7.527258219631483,14.53826375442888,24.00737687487885,21.325616617171253,-0.021800198398506002
2022-11-17,765.9097816187531,772.2762254819945,763.9217810419066,765.9334716796875,12100930,0.0,0.0,HDFCBANK.NS,-0.009033087681360574,-0.009074133384481571,0.043815872969925174,718.0102783203125,700.9648718261719,685.7953045654297,674.5259194946289,726.8193064703646,705.6775578954744,718.0102783203125,780.4612909353465,655.5592657052786,0.17395576219641207,73.66501647935414,20.827479303882,14.10181480112471,6.72566450275729,14.624485790222773,24.151108946254666,21.315881887086867,-0.030636362976261856
2022-11-18,767.2825092660813,768.2291872540715,759.8274201106582,763.9218139648438,10459232,0.0,0.0,HDFCBANK.NS,-0.0026264131144865255,-0.002629868188370667,0.041074381272047766,721.6845764160156,702.1439587402343,687.1147375488281,674.894892578125,730.352878612696,707.961646368783,721.6845764160156,785.9261000105163,657.4430528215149,0.17803213673633675,72.19456597292175,21.118974543748323,15.505246749649434,5.613727794098889,14.561938222397234,23.173331226504583,21.156488135990582,-0.03318231234524739
2022-11-21,760.9634887596205,763.0225019450933,752.7036881737774,756.0880737304688,8344816,0.0,0.0,HDFCBANK.NS,-0.010254636130518358,-0.010307577149851628,0.030398542307298326,725.2003021240234,703.2331127929688,688.267554321289,675.2520693969726,732.8038495762935,709.8489572457119,725.2003021240234,788.8604464461185,661.5401578019283,0.17556568615772025,66.61783850936104,20.481768179718983,16.500551035663346,3.9812171440556376,14.034501402773012,23.132821951609106,21.250607887238857,-0.04309667593669601
2022-11-22,757.3424030172414,759.4014161193165,753.0823520002695,754.9757080078125,8546314,0.0,0.0,HDFCBANK.NS,-0.0014712118353724657,-0.0014722951301391566,0.02888260777670526,728.9018127441407,704.1551782226562,689.3976507568359,675.551162109375,734.9154551412,711.6186337461863,728.9018127441407,790.2961029979543,667.507522490327,0.16845695587634466,65.8401090188386,19.660386233675467,17.13251807526577,2.527868158409696,13.393803898496174,23.06251087114721,21.240328761019093,-0.04450448343236522
2022-11-23,759.7091462925441,759.7091462925441,754.5024169410065,756.9401245117188,10185738,0.0,0.0,HDFCBANK.NS,0.002601959881715743,0.0025985806445930856,0.031559719045135326,732.1702209472656,705.1070654296875,690.5963824462891,675.8336410522461,737.0130427002971,713.3959471095405,732.1702209472656,792.1403167769903,672.200125117541,0.16381462701975685,66.58208197966272,18.949508974452442,17.495916255103108,1.4535927193493343,13.2027770750389,22.638288914584006,21.148594169679527,-0.042018322431096995
2022-11-24,760.1586834269335,772.489186507646,756.9400131515326,769.246826171875,17197960,0.0,0.0,HDFCBANK.NS,0.016258487642064168,0.01612773376831655,0.04833131998928186,736.2941864013671,706.3528918457031,691.927412109375,676.0976425170899,740.0829268404474,715.5861776610046,736.2941864013671,794.4339204125984,678.1544523901359,0.15792528335824235,70.8533174591341,19.158336223170977,17.828400248716683,1.329935974454294,13.527351495532125,22.479239679599196,20.823670254176722,-0.02644298916501914
2022-11-25,771.400538611901,772.3472166038309,764.0164618309748,765.6968383789062,8410496,0.0,0.0,HDFCBANK.NS,-0.0046148877995833,-0.004625569269477339,0.04349338857074225,740.1578186035156,707.3426428222656,693.2037707519531,676.3809750366211,742.5223469869672,717.5513016107262,740.1578186035156,795.0845888264946,685.2310483805365,0.14841907723574815,68.1475273840433,18.820428788133313,18.02680595660001,0.7936228315333018,13.226442314065528,22.64744219573117,20.81998463950686,-0.030935845536520266
2022-11-28,758.7151143331906,760.8687721706614,754.526075630677,757.4607543945312,16105980,0.0,0.0,HDFCBANK.NS,-0.010756324920724536,-0.010814592389531655,0.03226923463064746,743.5078765869141,708.0204650878907,694.3705517578124,676.602890625,743.9450524543544,719.1163781904834,743.5078765869141,793.6351530664795,693.3806001073488,0.13483993393499877,62.21165874622579,17.68419912616639,17.958284590513287,-0.2740854643468964,13.351535551088782,22.602790069457733,20.90435458940469,-0.04135941445095662
2022-11-29,756.040654176102,763.1880609189634,753.9579511951042,756.3246459960938,12638236,0.0,0.0,HDFCBANK.NS,-0.001499890775655599,-0.001501016737846087,0.030720943527631883,745.9017852783203,708.7508251953125,695.5169781494141,676.9497863769532,745.1240613630914,720.5755259475661,745.9017852783203,793.4874637879033,698.3161067687373,0.127592343787801,61.41695339935151,16.50183163698739,17.666993999808106,-1.1651623628207162,13.539182285547879,21.05759969530707,20.80500423872614,-0.04279727062239073
2022-11-30,755.9695946730914,763.4483728904855,755.9695946730914,761.3419799804688,15184806,0.0,0.0,HDFCBANK.NS,0.006633836423203032,0.0066119293622261014,0.03755857766496362,748.1548736572265,709.8461303710938,696.7280145263671,677.3365078735352,746.668625040937,722.1742104194446,748.1548736572265,794.0731504546499,702.2365968598032,0.12275072558963558,63.626760000221935,15.787663447501131,17.29112788934671,-1.5034644418455798,12.993155173797666,21.070976515094102,20.817690321450748,-0.03644734429185622
2022-12-01,767.7558572644913,774.8559422576894,764.4424842676656,766.572509765625,20446366,0.0,0.0,HDFCBANK.NS,0.006870144984373994,0.006846653072174489,0.04468675552330281,750.6470092773437,710.9527978515625,697.9030792236329,677.665744934082,748.5642331099548,723.9153201977263,750.6470092773437,794.7587759018066,706.5352426528808,0.11752998700928631,65.82427970142379,15.465463812417624,16.925995073960895,-1.4605312615432702,10.163274937863564,21.025184943095958,20.757294153031953,-0.02982759784706259
2022-12-02,762.0758197096427,766.1465237122118,759.7801370262731,760.703125,7811078,0.0,0.0,HDFCBANK.NS,-0.007656659599519888,-0.007686122304584991,0.036687944648134074,753.0030548095704,711.7707275390625,698.9032446289062,677.9012991333008,749.7203180518638,725.3579792095802,753.0030548095704,793.6791442940273,712.3269653251134,0.10803698397941738,61.34544826577389,14.568570569297435,16.454510173028204,-1.885939603730769,9.634146627878001,21.196322508995575,20.80250769522858,-0.03725587768319612
2022-12-05,762.052089952201,764.2531278294877,755.5436787874839,763.4721069335938,11592622,0.0,0.0,HDFCBANK.NS,0.0036400296549246036,0.0036334207797925062,0.04046151950955612,755.743685913086,712.6662854003906,699.9249468994141,678.1653198242187,751.0300122310763,726.8526508850317,755.743685913086,790.8438820279489,720.6434897982231,0.09288915479976526,62.63705967791175,13.920740284412432,15.94775619530505,-2.0270159108926187,9.651051556004322,20.98007281196046,20.487558755112207,-0.03375146052785868
2022-12-06,757.8157149339461,763.827096930786,757.342375948978,762.6201171875,12353092,0.0,0.0,HDFCBANK.NS,-0.0011159408947049032,-0.0011165640203692178,0.03930042595056871,758.1659973144531,713.8510522460938,700.8952917480469,678.5307086181641,752.1338317507357,728.2552966223834,758.1659973144531,787.3802632930416,728.9517313358646,0.0770656190915187,61.95113031217476,13.186575035490478,15.395519963342137,-2.2089449278516593,9.099948030365649,20.786720086503095,20.491929531438444,-0.03482973678750457
2022-12-07,764.0401462647712,766.1464816690436,759.4487233693498,762.2887573242188,11674720,0.0,0.0,HDFCBANK.NS,-0.0004345018651006338,-0.0004345962883884088,0.038848847977093204,760.5823944091796,715.4064416503907,701.9302471923828,678.7912686157226,753.1009675196387,729.5899421401025,760.5823944091796,781.1025662326955,740.0622225856638,0.05395910285158762,61.66827777996539,12.434666717064943,14.803349314086699,-2.368682597021756,8.935966325971037,20.517517170491235,20.4854550903506,-0.035249105067010095
2022-12-08,762.0757892699328,769.6492132626774,759.7090942722001,766.572509765625,14803634,0.0,0.0,HDFCBANK.NS,0.005619592838340015,0.00560386183355029,0.044686755523303034,762.824838256836,717.232109375,703.1687390136718,679.0780438232422,754.3839715430661,731.0402389097308,762.824838256836,772.2886189231386,753.3610575905333,0.02481246071622098,63.95922013868725,12.045582996050939,14.251796050479548,-2.206213054428609,9.045848600761328,20.292609517828826,20.47161101949749,-0.02982759784706259
2022-12-09,769.6491658684815,773.8382042003839,766.8091320460886,772.03955078125,11963384,0.0,0.0,HDFCBANK.NS,0.007131798943972756,0.007106487936643898,0.05213725142312642,763.2958099365235,719.2882946777344,704.4940881347657,679.4137942504883,756.065455280036,732.648055061555,763.2958099365235,773.6155168489717,752.9761030240753,0.02703986260138482,66.69498119900949,12.039590953812876,13.809355031146215,-1.7697640773333383,8.763532075310795,20.311701093951257,20.456401334066303,-0.022908523333916797
2022-12-12,769.175858298182,782.7133418481023,767.4718494913106,778.0509643554688,14434808,0.0,0.0,HDFCBANK.NS,0.007786406238042609,0.007756248622131757,0.060329619480884444,763.9750518798828,721.6947485351562,705.8274835205078,679.7659158325196,758.15931328722,734.4285613083753,763.9750518798828,776.2265842625626,751.723519497203,0.032073121635406626,69.44174603376976,12.377235981298327,13.522931221176638,-1.145695239878311,9.40084837800684,20.340307438548365,20.404528699677275,-0.01530049216486573
2022-12-13,781.0093651173817,784.322738181516,778.6426700715715,780.2047119140625,17031702,0.0,0.0,HDFCBANK.NS,0.002768131725635614,0.002764307504683047,0.06326475154020073,764.6684936523437,724.2124401855468,707.2510510253907,680.10599609375,760.258875061205,736.2237044693827,764.6684936523437,778.8936482400264,750.443339064661,0.03720606957333375,70.3841537139688,12.672530483503238,13.35285107364196,-0.6803205901387219,9.476922983328953,19.243379739200662,20.373743886697902,-0.012574714217009527
2022-12-14,782.4292928873821,788.3460298269417,781.0092760218877,786.8076782226562,14227640,0.0,0.0,HDFCBANK.NS,0.008463120265442603,0.008427508844554319,0.07226328900649137,765.3631134033203,726.4929870605469,708.73828125,680.5057614135742,762.7873325051528,738.2073897146091,765.3631134033203,782.3688114145351,748.3574153921055,0.04443824823382462,73.12101114452238,13.286202628269393,13.339521384567448,-0.05331875629805438,8.947790451669375,19.16692057450856,20.294917370807852,-0.004218015270288997
2022-12-15,784.3464018645261,790.1921268749417,770.146232067255,772.3945922851562,18182648,0.0,0.0,HDFCBANK.NS,-0.01831843579622683,-0.01848829592034887,0.052621102790174845,765.6861694335937,728.5624267578125,710.0009130859376,680.8563882446289,763.7023096270578,739.5480643252188,765.6861694335937,782.9805218172592,748.3918170499282,0.04517347465335236,60.07138053998907,12.465828334957905,13.16478277464554,-0.6989544396876344,9.784586168442981,20.149595288320103,20.570483142521372,-0.022459183624599498
2022-12-16,766.8328578314446,778.6899649239426,761.6024388526127,776.1102905273438,14647958,0.0,0.0,HDFCBANK.NS,0.004810621771955237,0.004799087706930629,0.05768486478487689,766.2955932617188,730.3294006347656,711.3210552978516,681.416262512207,764.8840220937518,740.981877117459,766.2955932617188,784.1771972641311,748.4139892593064,0.04667025142686712,61.95635840939665,11.977433197581036,12.92731285923264,-0.9498796616516039,10.207212120093029,20.049485536581766,20.57260515798929,-0.017756604490369053
2022-12-19,778.169287755073,779.4236476156718,769.7438307486328,778.5242919921875,9604542,0.0,0.0,HDFCBANK.NS,0.003110384560425672,0.003105557321491562,0.06097467145809965,767.4174041748047,732.2961254882813,712.515053100586,681.9023468017579,766.1830954174123,742.4541286811739,767.4174041748047,785.4174000299855,749.4174083196239,0.046910575020216075,63.17274896358347,11.650862386887866,12.672022764763685,-1.0211603778758196,10.239334058891586,19.83402388796089,20.556832093165802,-0.014701449798395787
2022-12-20,766.9038071781762,774.5719334714851,766.9038071781762,773.1519165039062,7174698,0.0,0.0,HDFCBANK.NS,-0.006900716578199129,-0.006924636630026532,0.05365318595371926,768.3262145996093,734.2140954589844,713.6359204101562,682.4314038085937,766.8467926637451,743.6579634977517,768.3262145996093,785.4976069142591,751.1548222849596,0.04469818154935178,58.67632382502743,10.833663138568681,12.304350839524686,-1.4706877009560042,10.53517024436424,19.995962909650835,20.237207119756793,-0.021500715838247593
2022-12-21,776.7493628398976,778.548074299987,760.4428560619455,765.6732177734375,9269198,0.0,0.0,HDFCBANK.NS,-0.009673000313167979,-0.00972008767746211,0.04346119835601847,768.7628692626953,736.1320666503906,714.6954901123047,683.044721069336,766.7350236265729,744.5213068026806,768.7628692626953,785.1409765396696,752.384761985721,0.042608996692783146,53.01897118221534,9.473355416929962,11.738151755005742,-2.2647963380757794,10.863117098708585,20.30133129856401,20.318445237892295,-0.03096573972037892
2022-12-22,767.850425686671,770.359145247349,761.6023746254898,763.0460815429688,9747096,0.0,0.0,HDFCBANK.NS,-0.0034311455193749563,-0.003437045398591125,0.03988093114063762,768.45283203125,738.1333435058593,715.67837890625,683.6525057983398,766.3836958090868,745.2477685572017,768.45283203125,785.0259642272326,751.8796998352673,0.04313376567869481,51.15317505254924,8.090056671711977,11.00853273834699,-2.9184760666350122,11.003431233173396,20.20631156178398,20.22954924270877,-0.03429063728065818
2022-12-23,751.1890303820713,759.3068061921712,750.4553317833038,756.2301025390625,10693152,0.0,0.0,HDFCBANK.NS,-0.008932591581000682,-0.008972726361006204,0.030592099489887614,767.9794952392579,739.9116796875,716.5341766357421,684.23673828125,765.4166869262274,745.6784483211962,767.9794952392579,785.4029823341059,750.5560081444098,0.045374875769098225,46.57381262166574,6.370356404671725,10.080897471611937,-3.7105410669402126,11.280666998720628,12.074622479701121,20.296438966045354,-0.042916924603778474
2022-12-26,757.105686415071,775.8025758263841,752.6089661769071,771.2821655273438,9907322,0.0,0.0,HDFCBANK.NS,0.019904078054739704,0.019708581751231868,0.051105085080732415,768.6705657958985,742.1444177246094,717.4583709716796,684.9937878417969,765.9753039358575,746.6825156626138,768.6705657958985,785.4207877197936,751.9203438720034,0.04358231645451789,55.95186071031345,6.151150605860039,9.294948098461559,-3.1437974926015197,12.474159046411273,13.40130514703699,20.469573370779276,-0.02386706836622183
2022-12-27,772.9625269730042,774.3588538023118,763.7324171897993,772.0631713867188,7926772,0.0,0.0,HDFCBANK.NS,0.001012607180980174,0.001012094840166176,0.05216944163784998,769.4574920654297,743.9629846191406,718.3338098144532,685.7477239990235,766.5551008359395,747.6778354949316,769.4574920654297,785.2149308553895,753.7000532754699,0.040957269121293785,56.37970897962281,5.9716120502071135,8.63028088881067,-2.658668838603557,12.75477892589832,13.388076610378075,20.457389491937843,-0.022878629150058144
2022-12-28,768.2764094267546,772.9624764124482,768.2764094267546,771.4478149414062,8691870,0.0,0.0,HDFCBANK.NS,-0.0007970286216441025,-0.000797346417828953,0.05133083247804526,769.9627838134766,745.6977709960937,719.2783569335937,686.3971664428711,767.0210736078886,748.6099915516561,769.9627838134766,785.2660591459247,754.6595084810284,0.039750688355751414,55.91883996474594,5.713807117232477,8.046986134495032,-2.3331790172625553,12.379489496985189,13.15660702943419,20.45940167326471,-0.02365742284944563
2022-12-29,766.856535519368,777.9326801546684,762.5491619891518,776.891357421875,11012896,0.0,0.0,HDFCBANK.NS,0.007056267935481975,0.007031488973271819,0.05874930452084359,770.478726196289,747.5669873046875,720.2614831542969,687.023410949707,767.9611006377921,749.7190647230373,770.478726196289,785.9950392676357,754.9624131249424,0.04027707071925999,59.10361763431405,5.880951289358222,7.613779165467671,-1.7328278761094484,12.959334049182173,13.025630631425592,20.360783430943584,-0.016768088028252245
2022-12-30,778.6425586893796,778.6425586893796,766.8090851530668,770.6668090820312,7122640,0.0,0.0,HDFCBANK.NS,-0.008012122004420252,-0.00804439153444658,0.05026647592092748,770.9769104003906,749.1716064453125,721.19041015625,687.6089401245117,768.2187871562911,750.5405448939782,770.9769104003906,785.7958180254974,756.1580027752838,0.038441897351792105,54.27485673573491,5.448340145943803,7.180691361562897,-1.7323512156190946,12.71590413343368,13.23010237022718,20.23255808990279,-0.024645862065609314
2023-01-02,770.122592864354,776.1576654267515,766.1229012195713,770.92724609375,4381378,0.0,0.0,HDFCBANK.NS,0.0003379372364940014,0.00033788014856715883,0.050621400071382494,771.3496673583984,750.8746801757812,722.1448986816406,688.0887399291992,768.4767356265253,751.3400233724007,771.3496673583984,785.7426594154277,756.956675301369,0.037318981691715214,54.442567300878984,5.068086047098859,6.75817029867009,-1.690084251571231,12.984689160657458,12.844509958427713,20.22001632008102,-0.02431625358363288
2023-01-03,767.85048648393,777.6959605884185,767.85048648393,775.96826171875,8378030,0.0,0.0,HDFCBANK.NS,0.006538899293730527,0.006517613432093983,0.05749130760228738,772.0170745849609,752.7751354980469,722.9841284179688,688.6371423339843,769.1902143019753,752.305836640885,772.0170745849609,785.9357804098419,758.09836876008,0.036058025872973534,57.67827118995848,5.114542503307348,6.4294447395975425,-1.3149022362901945,13.106414602915265,12.937416575307884,20.230701840413612,-0.017936355823286596
2023-01-04,773.9092723546631,778.9976666530196,760.6557802287117,762.0994873046875,10351600,0.0,0.0,HDFCBANK.NS,-0.017872862974245285,-0.01803451156818808,0.03859091036505613,772.0076110839843,754.1856860351562,723.6645532226562,689.0597021484375,768.5149069689003,752.6899013727989,772.0076110839843,785.9543960809283,758.0608260870404,0.036131211134981245,47.65093302906356,3.9863136481801575,5.940818521314066,-1.9545048731339083,12.98469971838821,14.025015119185039,20.453286115825865,-0.03548864476764495
2023-01-05,764.4424266422033,765.8861335942461,752.3249607233827,757.2003173828125,10941436,0.0,0.0,HDFCBANK.NS,-0.00642851754067153,-0.006449269443345023,0.03191431048019244,771.5390014648438,755.5943420410156,724.20416015625,689.3831359863282,767.4373270083206,752.8667804320152,771.5390014648438,786.8206352761327,756.2573676535548,0.03961337996465582,44.6949560774744,2.6661286123819536,5.285880539527644,-2.61975192714569,12.73281734692632,13.299357109227369,20.491840154584835,-0.041689022932933056
2023-01-06,758.2890762614053,761.649771597572,747.0235849749788,754.6917114257812,9092462,0.0,0.0,HDFCBANK.NS,-0.0033130017241699283,-0.003318501865727544,0.02849557659037605,770.6716094970703,756.9196923828125,724.7212835693359,689.6789373779297,766.2234588576025,752.9383463533393,770.6716094970703,787.7028058407036,753.6404131534371,0.04419832295300872,43.216613791089415,1.401295660556002,4.508963563733316,-3.1076679031773136,13.086129472323048,13.269605789437893,20.2631979734342,-0.044863908852247184
2023-01-09,755.4491100902288,762.809555296411,752.6090758417694,756.1591186523438,10729340,0.0,0.0,HDFCBANK.NS,0.0019443796776172917,0.0019424918181994795,0.030495362488017763,769.577017211914,758.2336828613281,725.1726135253906,689.9641784667969,765.2649502666254,753.0646511493787,769.577017211914,787.4065474134218,751.7474870104063,0.046335921688779126,44.37561684514819,0.511418617676668,3.7094545745219865,-3.1980359568453185,12.984700518082352,12.918211094130402,19.562934223292178,-0.04300676164726068
2023-01-10,757.3424088115413,757.3424088115413,740.7755436187888,742.3375854492188,16371766,0.0,0.0,HDFCBANK.NS,-0.018278604148500244,-0.018447721826754828,0.011659345680234079,767.6836608886719,758.9115051269531,725.4490435791016,690.2151705932617,763.0813917125868,752.6439819062352,767.6836608886719,788.5457669738461,746.8215548034976,0.054350788346919386,36.76400896093987,-1.294179077337617,2.708727844150066,-4.002906921487683,12.874818157704567,13.958091539969125,19.75071304431419,-0.06049926222390172
2023-01-11,742.1718091980973,756.3956682495882,738.4087875277582,753.0349731445312,15195798,0.0,0.0,HDFCBANK.NS,0.014410408289968313,0.014307565186403437,0.02623776990184834,765.9950256347656,759.6466003417969,725.8239276123047,690.6052749633789,762.1245899442006,752.6593148959723,765.9950256347656,785.7788931571912,746.2111581123401,0.051655342033144536,44.673864280642455,-1.8407198019838233,1.7988383149232883,-3.6395581169071116,13.534111736273903,14.479778911903493,19.83424835405944,-0.04696067300382167
2023-01-12,751.5676291901252,759.1883749446505,749.8399304176081,757.058349609375,9250070,0.0,0.0,HDFCBANK.NS,0.005342881284839729,0.005328658731744649,0.03172083647645252,765.2282135009766,760.4531713867187,726.3273229980468,691.0429852294922,761.6420908646934,752.8318260612039,765.2282135009766,785.1560117277209,745.3004152742324,0.05208328149735376,47.34175601614382,-1.9269912522804589,1.053672401482539,-2.980663653762998,13.30251850537229,14.420473178999963,19.826412676149047,-0.041868697019897476
2023-01-13,756.750729788885,762.0284712196939,750.7156575106625,757.6500854492188,9244546,0.0,0.0,HDFCBANK.NS,0.0007816251417729347,0.0007813198319233537,0.03252725542153345,764.3052032470703,761.3345288085937,726.9440838623046,691.4792092895508,761.2618998727434,753.0207774097535,764.3052032470703,783.8164733563792,744.7939331377613,0.05105622734587537,47.74089278416509,-1.9254188315022702,0.4578541548855771,-2.3832729863878472,12.453890223911888,14.256731969187609,19.81087491890796,-0.041119797504368644
2023-01-16,764.4424213611721,767.4244799251755,748.0175825407742,750.38427734375,14748094,0.0,0.0,HDFCBANK.NS,-0.00958992580481366,-0.009636205258640904,0.022625395650593072,762.8982025146485,762.1690246582032,727.5097235107422,691.8346536254883,760.2259358223631,752.9173852503023,762.8982025146485,782.1488624520226,743.6475425772743,0.05046717864564514,43.391753671900126,-2.4818534067533164,-0.13008735744220157,-2.3517660493111148,13.081065993332516,14.469597933551148,19.866407498640086,-0.05031538750200646
2023-01-17,752.5143515673539,762.5491150718101,746.6922588614403,761.5551147460938,10786354,0.0,0.0,HDFCBANK.NS,0.014886822311745318,0.014777101165012565,0.03784903820712171,762.3183624267579,763.1166491699219,728.1537017822266,692.1871139526368,760.3525242912898,753.2561197403334,762.3183624267579,780.9575035112497,743.679221342266,0.048901199297249356,50.81111068448294,-1.9984022594638873,-0.5037503378465387,-1.4946519216173486,13.878979509380818,15.141588730284663,19.942746600431178,-0.03617760142355022
2023-01-18,759.7091126719464,777.0333089188046,757.200392801334,774.9979858398438,19090642,0.0,0.0,HDFCBANK.NS,0.01765186896319637,0.01749788416318661,0.056169013433133186,762.7846008300781,764.337392578125,728.9699755859375,692.6222296142578,761.7473301530569,754.1087419403142,762.7846008300781,782.2263017372138,743.3428999229425,0.05097559884134736,57.9529923395533,-0.5244903928899021,-0.5078983488552113,-0.016592044034690723,14.196793648806095,15.980856421178801,20.139304101547054,-0.019164334740085134
2023-01-19,774.8558577602039,781.0092640832843,772.9625019684869,778.216552734375,11172162,0.0,0.0,HDFCBANK.NS,0.004153000334631063,0.00414440043078823,0.06055528369934793,763.5431243896485,765.4672509765625,729.817251586914,692.9900347900391,763.3158275417538,755.0541462851793,763.5431243896485,784.1751043945203,742.9111443847767,0.05404273667283522,59.47030188903514,0.8930127351052306,-0.22771613206312294,1.1207288671683535,13.926314261554994,15.946445332440543,20.131762442143124,-0.015090923894042653
2023-01-20,778.2166926967351,790.0028461760414,777.885378485851,786.1924438476562,18843404,0.0,0.0,HDFCBANK.NS,0.010248935319169039,0.010196771097315113,0.0714248462043856,765.0412414550781,765.9386975097656,730.8659344482422,693.0449240112305,765.4945529042208,756.2752559935117,765.0412414550781,787.6900366286378,742.3924462815183,0.05920934440209426,63.030573792831575,2.6296687477266687,0.3437608438948354,2.2859079038318333,14.07507879605573,16.08322508375601,20.089612820574313,-0.004996654477770237
2023-01-23,788.701120801895,796.4402020140254,786.4054381729433,791.9434814453125,15444400,0.0,0.0,HDFCBANK.NS,0.007315050713932569,0.007288425494834051,0.07926237329053798,766.0743072509765,766.4882446289063,731.7510778808594,693.2421508789063,768.0134984795628,757.674009932798,766.0743072509765,791.6211044250754,740.5275100768777,0.06669535039171956,65.39130578563457,4.41910117283885,1.1588289096836384,3.260272263155212,14.103813371904348,16.065634982348282,20.05745470830255,0.0
2023-01-24,792.866505329516,805.8123152644733,792.842815267551,802.5462646484375,24983940,0.0,0.0,HDFCBANK.NS,0.013388307943105637,0.013299476538117994,0.09371187029555883,767.5984619140625,767.2124523925781,732.8082800292968,693.6266787719727,771.302333352789,759.4337061961564,767.5984619140625,797.8532075247135,737.3437163034114,0.07882961499221525,69.28540590990362,6.6165240842404955,2.25036794459501,4.3661561396454855,13.784309614393846,16.4774823686513,20.13363765113053,0.0
2023-01-25,800.6056037705797,801.3392445591735,778.7846872191718,780.370361328125,14704142,0.0,0.0,HDFCBANK.NS,-0.027631931387814612,-0.028020874787909288,0.06349049893751357,768.0445892333985,767.3615539550781,733.580532836914,693.9801037597656,772.1659550647257,760.2547514954493,768.0445892333985,798.7973693594888,737.2918091073082,0.08008071551362748,55.27638831545231,6.49373180882651,3.0990407174413104,3.3946910913851998,14.512909939994008,18.278142282064675,20.44664275988977,-0.02763193138781457
2023-01-27,772.4892355564111,774.8559305182873,752.5853078147762,764.8211669921875,35179948,0.0,0.0,HDFCBANK.NS,-0.019925403509013395,-0.020126591346059826,0.042300021618181693,767.4410797119141,767.3393078613282,734.15208984375,694.2606954956054,771.4664514387697,760.4338266129685,767.4410797119141,797.9355131116483,736.9466463121798,0.07947042243602963,47.95474224189446,5.083132821987988,3.495859138350646,1.587273683637342,15.452829003619408,18.421858121452274,20.72760052630742,-0.04700675751419242
2023-01-30,754.9755870722463,769.3177796442409,748.8221810334129,764.0400390625,18512822,0.0,0.0,HDFCBANK.NS,-0.0010213210138514395,-0.0010218429175425053,0.04123549870336518,767.1097412109375,767.3416723632813,734.7428155517578,694.5806619262695,770.7591740696012,760.5752467090285,767.1097412109375,797.6006053068445,736.6188771150305,0.07949544232817327,47.61355043191336,3.8577230365184505,3.568231917984207,0.2894911185342437,16.18819465763272,18.359721049000214,20.643642721867668,-0.047980069538801594
2023-01-31,766.6672147917049,768.087231902103,754.9757636950177,758.9991455078125,18596244,0.0,0.0,HDFCBANK.NS,-0.00659768244720893,-0.006619543361345439,0.03436575753015925,766.5133361816406,767.3998937988281,735.3165032958984,694.8816241455078,769.6391713494309,760.5134388187848,766.5133361816406,797.156048746042,735.8706236172393,0.07995350144081494,45.370147556753146,2.451558926314874,3.3448973196503404,-0.8933383933354664,15.94138058722792,18.411310843242177,20.67680366882697,-0.054261194723398534
2023-02-01,768.7025579600521,788.1094575144623,760.1824557166525,770.3829345703125,17302790,0.0,0.0,HDFCBANK.NS,0.014998421447343757,0.014887057268249427,0.04987961109229766,766.2340698242188,767.7080383300781,735.9316082763672,695.3062976074219,769.7100059418957,760.9004778678644,766.2340698242188,796.6146508415173,735.8534888069202,0.07929843428723597,50.98652395171609,2.2300339341175004,3.1219246425437728,-0.8918907084262724,16.73591139328648,18.86715777349097,20.474716711435587,-0.04007660554275264
2023-02-02,761.1764609144216,768.9392323415261,752.0173625008308,758.9281005859375,17497106,0.0,0.0,HDFCBANK.NS,-0.014869013149628074,-0.014980665077332221,0.03426893734943981,766.0755004882812,767.7477978515625,736.427431640625,695.836291809082,768.6831578127569,760.8231297391615,766.0755004882812,796.5797991265835,735.571201849979,0.07963783887843788,45.8756512569835,1.1172850447920837,2.7209967229934353,-1.6037116782013516,17.379991932032144,19.155322426452667,20.107892096180255,-0.05434971911757302
2023-02-03,762.5491167048964,785.9793968271139,760.6557607354243,785.1747436523438,14411100,0.0,0.0,HDFCBANK.NS,0.03458383349640415,0.03399925261597972,0.07003792206923576,767.4742218017578,768.0663562011719,737.2096240234375,696.622096862793,770.2537850355748,761.7780949906588,767.4742218017578,798.8188827464322,736.1295608570834,0.08168264172075569,56.60847944715297,2.3264899482555847,2.6420953680458656,-0.3156054197902809,18.504169255756786,21.613222092186664,20.711857786131972,-0.02164550725770744
2023-02-06,785.7427543408033,790.1921525781385,779.2106529093284,781.8377075195312,11167672,0.0,0.0,HDFCBANK.NS,-0.004250055366388672,-0.004259112523085138,0.06549020165630592,768.8315216064453,768.3891735839844,737.865908203125,697.3629092407226,771.3570157483325,762.5647464623794,768.8315216064453,800.1965668554933,737.4664763573974,0.08159146540587163,55.112104876973184,2.981157688827466,2.7099078322021857,0.2712498566252801,17.90235513321456,21.467539001645182,20.657578176087306,-0.025803568019817296
2023-02-07,785.4587118076032,788.0620761871278,772.7732040823922,782.997314453125,10264588,0.0,0.0,HDFCBANK.NS,0.001483181128821176,0.0014820823020626208,0.06707051661634633,770.1734313964844,768.8999047851562,738.4601849365234,698.0626126098633,772.4656156249794,763.366023638487,770.1734313964844,801.5521176061335,738.7947451868353,0.08148472780410781,55.551795926663495,3.5526049596039684,2.8784472576825424,0.674157701921426,17.86178483995497,20.723797275682738,20.406081899822315,-0.024358658256139403
2023-02-08,783.0209836671545,789.6240391235308,781.0092930638084,782.9026489257812,8444826,0.0,0.0,HDFCBANK.NS,-0.00012090147130305873,-0.00012090878047507271,0.06694150622090334,772.2016845703125,769.43146484375,739.0911450195313,698.8057083129883,773.4596187964843,764.1321658066163,772.2016845703125,801.1549198034933,743.2484493371318,0.07498879065329059,55.50399807357025,3.9522828651865893,3.093214379183352,0.8590684860032374,17.060486978687248,20.724368346621652,20.373056987758694,-0.024476614729820354
2023-02-09,785.7427448206556,786.5237657315753,774.1696293119086,781.2697143554688,11777336,0.0,0.0,HDFCBANK.NS,-0.002085744086513186,-0.002087922280006887,0.06471613928364772,773.6134216308594,769.83001953125,739.8380749511718,699.5168939208984,774.2034374211495,764.8042265340223,773.6134216308594,801.3599548480317,745.8668884136871,0.0717322953334488,54.630806558309224,4.0901179780235,3.2925950989513817,0.797522879072118,17.3681565718922,20.734994506261142,19.897748933582875,-0.02651130686190301
2023-02-10,780.4414377960402,785.032803404326,777.317353885381,784.3701171875,8172116,0.0,0.0,HDFCBANK.NS,0.003968415484515431,0.003960562093941254,0.06894137529739441,774.9790100097656,770.1859716796876,740.569384765625,700.2288424682617,775.1716926369924,765.5715163635705,774.9790100097656,801.973054026197,747.9849659933342,0.06966393584283337,56.044743631930444,4.398823001997471,3.5138406795606,0.8849823224368709,17.053726702517533,20.669415808379856,19.860767555587852,-0.02264809925805302
2023-02-13,783.3759959273335,786.5710339771882,778.4296267994425,784.961669921875,5736944,0.0,0.0,HDFCBANK.NS,0.0007541755115507698,0.0007538912641056549,0.06974754470592703,776.3445892333984,770.671142578125,741.2209350585938,700.9425787353516,776.1040714260289,766.3319145423275,776.3445892333984,802.3942915203737,750.2948869464232,0.06710860782245692,56.32442765165266,4.637746267374723,3.738621797123425,0.8991244702512984,16.903273060472998,20.51492269446712,19.355586845742724,-0.02191100438834587
2023-02-14,788.1093910341734,794.0261282040997,784.7723281580804,792.2274169921875,10908592,0.0,0.0,HDFCBANK.NS,0.0092561807139393,0.009213604798486912,0.07964932129801805,778.4367462158203,771.2462487792968,741.9562670898438,701.6954516601562,777.6396281466155,767.347424442322,778.4367462158203,802.3403782072617,754.533114224379,0.061414449170450865,59.71499049642206,5.35168880548872,4.061235198796484,1.2904536066922363,16.573627790962885,20.663784642077186,19.280337041172675,-0.01285763589064895
2023-02-15,794.262851292887,794.262851292887,784.204397425203,790.6181640625,11438712,0.0,0.0,HDFCBANK.NS,-0.0020313017388331467,-0.0020333676303169656,0.07745622775433536,779.8898986816406,771.8062097167968,742.8286309814453,702.4092794799805,778.8756791862236,768.2600024666426,779.8898986816406,802.9925830743709,756.7872142889103,0.05924601519210368,58.629372200755576,5.7216841351985295,4.393324986076894,1.3283591491216358,15.594833250849913,20.613053088133327,19.263721470725812,-0.014862819891340109
2023-02-16,791.9907552742181,796.1088390532639,786.2160428519792,787.75439453125,8062500,0.0,0.0,HDFCBANK.NS,-0.003622190409255044,-0.003628766425459942,0.07355347613977159,780.527719116211,772.3155224609375,743.8609820556641,703.064104309082,779.7212711238451,769.0244884299607,780.527719116211,803.7657089277908,757.2897293046311,0.05954430378947243,56.65543292730041,5.717913286920407,4.658242646245597,1.0596706406748098,14.316814871416764,19.898379503018198,19.163476695128434,-0.018431174336930232
2023-02-17,786.2161415593935,789.6005272348177,777.6723488173061,783.8021240234375,8956270,0.0,0.0,HDFCBANK.NS,-0.005017135461572786,-0.005029763541257097,0.06816731292473599,780.806997680664,772.6601147460938,744.9461120605469,703.8107614135743,780.1099237809492,769.6040035512735,780.806997680664,804.0622862333005,757.5517091280276,0.05956731592241041,53.95553214287318,5.334516675402142,4.793497452076906,0.541019223325236,13.70485628617988,19.855642464262115,19.091541666368915,-0.023355838100138734
2023-02-20,785.7427119293137,790.2157422072587,773.8145926677021,776.4415893554688,8086706,0.0,0.0,HDFCBANK.NS,-0.009390807248882416,-0.009435178888101118,0.05813635957950303,780.3194549560546,772.7481555175781,746.0182250976562,704.5277517700196,779.76055859757,769.872144171046,780.3194549560546,803.5081087976351,757.1308011144741,0.059433745229090625,49.24850524070633,4.3861773432875,4.712033430319025,-0.325856087031525,13.939833524213546,20.0535559346363,19.168684895652397,-0.03252731517528667
2023-02-21,776.2759576421577,786.8550727038969,773.4359236507838,779.3526611328125,12389296,0.0,0.0,HDFCBANK.NS,0.0037492476153424548,0.003742236704797486,0.062103574802363726,779.6899139404297,772.774189453125,747.2344689941406,705.3419982910157,779.7217112199742,770.2439291499388,779.6899139404297,802.2242394711616,757.1555884096979,0.05780330135822054,51.06671226430571,3.8254137651135807,4.534709497277936,-0.7092957321643549,12.819036170389495,20.067567783094223,19.03968400849599,-0.028900020518798582
2023-02-22,775.8026738859212,777.199000918852,761.6261929817764,764.0638427734375,10359102,0.0,0.0,HDFCBANK.NS,-0.019617330025090585,-0.019812303968590954,0.041267938454637276,777.7657928466797,772.4513720703125,748.3319061279296,706.0745367431641,778.2304856536373,770.0015728214486,777.7657928466797,798.5895984122437,756.9419872811156,0.0535477537250575,42.462588499454384,2.1228537847123334,4.0523383547648155,-1.929484570052482,12.773385890500524,20.183233321229043,18.659816699833577,-0.04795040930364004
2023-02-23,763.4957924668398,766.2648140080034,753.6029959990215,758.8807373046875,27882010,0.0,0.0,HDFCBANK.NS,-0.006783602597835392,-0.006806715816502204,0.03420439056229374,776.6913116455078,771.8928332519531,749.19291015625,706.7315628051758,776.3876524775469,769.5654616247128,776.6913116455078,799.1061470543224,754.2764762366932,0.0577187746862425,40.00193448416996,0.3512801013101807,3.3121267040738887,-2.960846602763708,11.745566016772354,19.895892479781768,18.697140947796214,-0.05440873538035601
2023-02-24,765.8151364213195,765.8151364213195,750.336917326773,752.1119384765625,17061740,0.0,0.0,HDFCBANK.NS,-0.008919450047138788,-0.008959466469072728,0.02497985616214171,776.0558502197266,771.4871801757813,750.0248034667969,707.3370812988281,774.0756797155484,768.88100973655,776.0558502197266,800.5149978884614,751.5967025509918,0.0630345036682852,36.98750345880442,-1.5806693303944712,2.333567497180217,-3.914236827574688,12.06676026146781,20.01291605548479,18.7671316908555,-0.0628428894301417
2023-02-27,750.6683772868718,756.8691070076666,746.5976731955545,753.9817504882812,14312972,0.0,0.0,HDFCBANK.NS,0.002486082079093288,0.0024829968893399813,0.027528040213977922,775.5529357910157,771.044609375,750.6870050048828,708.0230682373046,772.1619721700944,768.2967250601473,775.5529357910157,801.4251511254147,749.6807204566167,0.06671940531824812,38.36913936461953,-2.927132806374857,1.2814274364692022,-4.208560242844059,11.7083718119947,20.02584306478933,18.7051994840541,-0.060513039932259066
2023-02-28,753.5556504719998,759.8510819707354,751.9936087375356,757.1530151367188,18993992,0.0,0.0,HDFCBANK.NS,0.004206023085285171,0.004197202494610601,0.03184984687189574,775.4606292724609,770.6171838378906,751.4566546630859,708.7526022338867,770.7325476907254,767.8597168278561,775.4606292724609,801.5933812472972,749.3278772976246,0.0673993004631431,40.74231998555124,-3.6957183178075184,0.285998285613858,-3.9817166034213765,11.654280895814518,19.85529108034672,18.665661645423633,-0.056561536089889675
2023-03-01,763.0224281514963,763.4957671267764,755.330669803195,756.4193725585938,14137256,0.0,0.0,HDFCBANK.NS,-0.0009689488960068493,-0.0009694186304453431,0.030850037101924466,774.762451171875,770.2825329589843,752.2483142089844,709.4459252929687,769.3693881543319,767.4110758761204,774.762451171875,802.1808885644857,747.3440137792643,0.07077895257091685,40.35517951827406,-4.314294199745518,-0.6340602114580174,-3.680233988287501,11.355063817522714,19.374238715606083,18.617645490834015,-0.0574756797479458
2023-03-02,754.5024054273814,760.1587836607059,748.8223371305629,749.9819946289062,17391814,0.0,0.0,HDFCBANK.NS,-0.008510329273975437,-0.008546748902044425,0.022077163854097304,774.3151458740234,769.9687084960938,753.0503875732422,710.0859982299804,767.522969723339,766.7275824938768,774.3151458740234,803.0800865059778,745.5502052420691,0.07429776050547314,37.03020660692447,-5.263290703350208,-1.5599063098364556,-3.703384393513752,11.613706461179707,18.758929138634308,18.527732521492034,-0.06549687206202062
2023-03-03,755.4490119813835,766.8091474999005,751.6623001418777,764.8684692382812,14986234,0.0,0.0,HDFCBANK.NS,0.019849109333272663,0.019654684326955024,0.04236448522647862,773.2998321533203,770.00515625,754.0692498779297,710.8007400512695,767.2701601533334,766.6546760916966,773.2998321533203,801.8837628319146,744.7159014747259,0.07392716121248838,47.75115202049857,-4.759300921627641,-2.199785232194693,-2.5595156894329483,12.234116867840319,19.665179585453792,18.74489667118979,-0.04694781730329446
2023-03-06,766.8092503084201,776.0156715902972,765.8862622860476,770.2646484375,27004710,0.0,0.0,HDFCBANK.NS,0.007055042031727021,0.007030271658470113,0.04971841048213088,772.7211791992188,770.2858471679688,755.0987634277344,711.6060089111328,767.5553495137302,766.7962436346694,772.7211791992188,801.0447436178134,744.3976147806242,0.07330862717635542,51.00735091945135,-3.8797356474442495,-2.5357753152446043,-1.3439603321996452,12.369359889697225,19.534796541892064,18.76902090191181,-0.04022399409594006
2023-03-08,766.8091679963849,776.039278351897,766.8091679963849,771.8029174804688,20099774,0.0,0.0,HDFCBANK.NS,0.001997065613863036,0.0019950741293061,0.05181476702394372,772.1614593505859,770.2962622070313,756.2203399658204,712.3387377929688,767.9598797962767,766.9925837854851,772.1614593505859,800.0693678851567,744.2535508160151,0.07228516315238595,51.92709124160541,-3.0236931226769457,-2.633358876731073,-0.39033424594587274,12.310192495970657,19.407736501561658,18.767334639199824,-0.038307258437538357
2023-03-09,771.5189581163709,779.0923828837921,770.1226310371359,771.8739624023438,20700166,0.0,0.0,HDFCBANK.NS,9.205060030992307e-05,9.20463639133876e-05,0.05191158720466316,771.6100250244141,770.2924780273438,757.1277313232422,713.1119375610351,768.3326495682832,767.1840103979109,771.6100250244141,799.0563242049468,744.1637258438814,0.07114033848812243,51.97193632189793,-2.3128790924371287,-2.5692629198722843,0.25638382743515553,12.244260756354338,18.940856729647397,18.294989843559666,-0.03821873404336387
2023-03-10,762.2887875145955,763.8508293638935,750.2423327911828,751.9700317382812,27387000,0.0,0.0,HDFCBANK.NS,-0.025786503540182193,-0.026124803815474447,0.024786465337251373,770.1450408935547,769.9029223632813,757.8003466796876,713.7502352905274,766.7743050130449,766.5873837838078,770.1450408935547,798.5320951227118,741.7579866643975,0.07371872237525873,40.5570568731218,-3.3173938614058898,-2.7188891081790056,-0.5985047532268841,12.937364413043579,18.72362838251215,18.755522070785503,-0.06301971006283559
2023-03-13,751.6150309707979,759.1411328403547,740.751865944351,742.4559326171875,26443550,0.0,0.0,HDFCBANK.NS,-0.012652231763944921,-0.012732952838839942,0.011820629469250665,768.0493316650391,769.2142138671875,758.3906005859375,714.3176504516601,764.4582695467727,765.641052365509,768.0493316650391,798.1514805838034,737.9471827462747,0.07838597776917915,36.43738063935701,-4.82556127283442,-3.1402235411100885,-1.6853377317243319,13.079372795646934,18.201864334495486,18.88632866733063,-0.0748746018493689
2023-03-14,743.2605460585534,749.5796099935142,738.0775072511518,740.4678344726562,33185612,0.0,0.0,HDFCBANK.NS,-0.002677732182061132,-0.0026813237197640077,0.009111244807247454,765.8246398925781,768.610234375,758.8909204101562,714.7854278564453,762.1734662063807,764.653867350103,765.8246398925781,797.2131685972741,734.4361111878821,0.08197314912484105,35.62308334292619,-6.110776489638852,-3.7343341308158413,-2.3764423588230104,12.942440916307598,18.208951458946398,18.876034069169034,-0.07735183990043895
2023-03-15,746.9289573593102,749.248330063132,727.3327108002192,729.8414306640625,37264754,0.0,0.0,HDFCBANK.NS,-0.014350932361783975,-0.014454902906562957,-0.005370442412496956,762.7053405761719,767.7885180664063,759.3315991210937,715.1400772094727,759.0942247261598,763.2886737545721,762.7053405761719,795.4177167339609,729.9929644183829,0.0857798534177747,31.56289771129265,-7.895763342354826,-4.566619973123639,-3.329143369231187,13.241665995727365,18.552196945863084,18.99930926987203,-0.0905927012397522
2023-03-16,728.4686231949322,737.9827242614297,725.1789406988648,734.57470703125,21753342,0.0,0.0,HDFCBANK.NS,0.006485348965296289,0.006464409573776646,0.0010800773596562063,759.9031677246094,766.9606469726563,759.8678912353515,715.4959094238282,756.7590325647399,762.1626358438535,759.9031677246094,792.1461147488255,727.6602207003932,0.08486067276377267,35.110609327590225,-8.826693806304093,-5.41863473975973,-3.4080590665443626,13.251806392411854,18.062335043061175,18.986279956677038,-0.08469487755570458
2023-03-17,737.2254484326775,747.4968810064513,728.9420164278159,744.3965454101562,22950876,0.0,0.0,HDFCBANK.NS,0.013370782147673843,0.013282182133945424,0.014465300986408636,757.7352752685547,766.6065881347656,760.396137084961,715.930671081543,755.5816528357319,761.4659264150812,757.7352752685547,787.8540073407643,727.6165431963451,0.07949671357595164,41.84723853462999,-8.671957703031921,-6.069299332414168,-2.6026583706177533,13.47156678413249,18.10347669002418,19.109761396908095,-0.07245653216485189
2023-03-20,742.1718613024195,742.2428737084866,731.4981015299404,739.2371826171875,26503114,0.0,0.0,HDFCBANK.NS,-0.006930933283853413,-0.0069550637644177505,0.007434109666487609,755.5070281982422,766.2473254394531,760.9208337402343,716.3256726074219,754.025036624442,760.5942109720265,755.5070281982422,784.059114417088,726.9549419793964,0.07558390631239467,39.52589898065374,-8.863473084772977,-6.62813408288593,-2.2353390018870467,13.659210360425618,14.791544113255368,19.069228746399677,-0.07888527405829134
2023-03-21,744.0651312534271,749.0588802339063,736.6100428719521,747.6151733398438,33050494,0.0,0.0,HDFCBANK.NS,0.011333291830633918,0.011269551220623432,0.018851654431472742,754.065707397461,766.1057946777344,761.5127435302734,716.785639038086,753.4145734544802,760.0852291040978,754.065707397461,781.0346179178715,727.0967968770505,0.07152933824159563,44.87351998551623,-8.244182763990466,-6.951343819106837,-1.2928389448836288,13.987164941050926,15.264371689642035,16.630553978434897,-0.06844601205969951
2023-03-22,749.7689910429613,750.7393591246861,740.9175746776272,745.8876342773438,14177324,0.0,0.0,HDFCBANK.NS,-0.0023107330135937465,-0.0023134068769742095,0.016497360277623274,752.3924560546875,765.9003649902344,762.0670239257812,717.2483279418946,752.6977221042766,759.5284606795193,752.3924560546875,776.785015702198,727.999896407177,0.06483998995794711,44.00933114833923,-7.8028423778904425,-7.121643530863559,-0.6811988470268835,14.105499735585031,15.240693743265874,16.62855830981512,-0.0705985846135781
2023-03-23,742.0771890697815,752.7746385074203,737.722493547406,739.8998413085938,28364178,0.0,0.0,HDFCBANK.NS,-0.008027741302550573,-0.00806013711102523,0.00833718243458903,751.1842559814453,765.8516101074218,762.3815576171875,717.6854565429687,751.4788763142117,758.7587109002674,751.1842559814453,775.5364299735081,726.8320819893825,0.06483675289558875,41.057860858472154,-7.845800290813145,-7.266474882853476,-0.5793254079596686,14.370906766290123,15.347168905734748,16.67332753329945,-0.07805957874252467
2023-03-24,738.4088098056723,744.9882331927605,736.0184248411618,738.7164916992188,31477748,0.0,0.0,HDFCBANK.NS,-0.0015993375634222318,-0.0016006178690191,0.006724510902126113,750.1760437011719,765.5652404785156,762.6059204101563,718.1541802978516,750.2634111127838,757.9727415198341,750.1760437011719,774.8540299602264,725.4980574421174,0.0657925202124551,40.48007627602676,-7.88444420520932,-7.390068747324645,-0.49437545788467485,13.80966787204758,15.347128641686837,16.6059946408564,-0.07953407268947908
2023-03-27,739.4501509534972,747.6152485739262,737.8881669466679,741.9351806640625,31872006,0.0,0.0,HDFCBANK.NS,0.0043571370085973005,0.004347672170246972,0.011110947526039805,749.6672058105469,765.2627770996094,762.8579742431641,718.6276373291016,749.4702463081437,757.3438175647059,749.6672058105469,774.5955244888196,724.7388871322742,0.06650502645722643,42.836425370773895,-7.5681080474386135,-7.425676607347439,-0.14243144009117437,13.708230677422039,15.360276248916142,16.56109858056008,-0.07552347653244168
2023-03-28,741.1067998011212,749.2482647269658,740.3494690077168,747.97021484375,39276302,0.0,0.0,HDFCBANK.NS,0.00813417982725384,0.008101275698163598,0.019335505798521613,749.3666290283203,765.0691796875,763.2018542480469,719.1068930053711,749.3273861686777,756.9762253011389,749.3666290283203,774.2207619987081,724.5124960579325,0.06633370637978733,47.06781027916682,-6.75259285482332,-7.291059856842616,0.5384670020192965,13.684565346260383,15.614027850064566,16.616088010224953,-0.06800361824448217
2023-03-29,749.7689766744074,758.2890786820711,748.7749763296413,751.5676879882812,39763612,0.0,0.0,HDFCBANK.NS,0.004809647594433697,0.0047981181929021436,0.02423815036190624,749.0873626708984,765.0928479003907,763.6309362792969,719.6670901489258,749.5407482467351,756.764125798674,749.0873626708984,773.697436368128,724.4772889736688,0.0657068185197558,49.46898459415323,-5.749725910563143,-6.982793067586722,1.2330671570235792,13.780930488522163,15.39803654519407,16.548542769967863,-0.06352104408895089
2023-03-31,755.2596794028502,763.4720993070749,753.7450177500838,761.86279296875,34711228,0.0,0.0,HDFCBANK.NS,0.013698174023454301,0.013605202105841775,0.03826834278702451,749.3595336914062,765.0990014648437,764.1078253173828,720.3367465209961,750.7142763154984,756.9640735308338,749.3595336914062,774.4271744557714,724.2918929270411,0.06690417519846553,55.666952426646915,-4.077218067922104,-6.4016780676537985,2.324459999731695,13.0861291819245,16.031270790485618,16.704628408329906,-0.05069299238157847
2023-04-03,760.916103659407,764.7737701383646,758.6440534334533,762.3361206054688,40025398,0.0,0.0,HDFCBANK.NS,0.0006212767457436374,0.0006210838332434681,0.03891339476423994,749.9772399902344,764.8457641601562,764.5915783691406,721.043323059082,751.8211186288289,757.1747420435647,749.9772399902344,775.7095033471085,724.2449766333602,0.06862145138486918,55.93456414666099,-2.6826263219787734,-5.657867718518793,2.97524139654002,12.210447025417904,16.022380037907855,16.699702671016276,-0.05010321001317371
2023-04-05,766.1464855665928,783.8493755314626,764.9158157360166,782.7843627929688,43365392,0.0,0.0,HDFCBANK.NS,0.026823131732574224,0.026469697743736587,0.066780305610737,750.8730346679688,764.9371203613281,765.2021856689453,721.8629098510742,754.7699990254137,758.1790408964825,750.8730346679688,779.8329677114846,721.913101624453,0.07713669743466463,65.59641003874017,0.07177258591957525,-4.511939657631119,4.5837122435506945,12.925529324248723,17.885369563508565,17.07782658445801,-0.024624003283007772
2023-04-06,780.3230137466818,790.0974176490104,779.6366375439686,788.7484130859375,44637344,0.0,0.0,HDFCBANK.NS,0.0076190207373190155,0.007590142588211165,0.07490812688134874,751.7972229003906,764.9882397460938,765.4634686279297,722.7742056274415,758.0060384597492,759.377839805873,751.7972229003906,784.3229901979205,719.2714556028607,0.0865280325778469,67.81312976166083,2.7047242028183973,-3.068606885541216,5.773331088359614,12.107326527257928,17.786967015184562,17.10180639370595,-0.01719259333733772
2023-04-10,787.2811447033577,790.9495222000966,782.9027586588628,785.0090942382812,31813286,0.0,0.0,HDFCBANK.NS,-0.004740825826864525,-0.004752099185757533,0.06981217467192313,752.4575317382812,764.8495520019532,765.6688983154297,723.6468060302734,760.5777580577047,760.3829870385165,752.4575317382812,787.156922704565,717.7581407719974,0.0922295000121093,64.98589412740134,4.4384617244751325,-1.5671931635379464,6.005654888013079,11.767539382877137,17.825884822231075,17.020252623058937,-0.02185191207367785
2023-04-11,785.269306931565,790.1920434979919,781.5299177233834,787.3046875,42361542,0.0,0.0,HDFCBANK.NS,0.0029242887484586255,0.002920021333527876,0.07294061437728039,753.2290679931641,764.5447204589843,765.8785864257812,724.4542034912109,763.123179909352,761.4387399977903,753.2290679931641,790.3480739204571,716.1100620658711,0.0985596746184783,65.92511922341608,5.929346576001649,-0.06788521563002736,5.997231791631676,11.060915182589506,16.805029361841537,17.021973377812554,-0.018991524625828527
2023-04-12,789.5293687807915,799.0907924607276,789.4347241030233,797.52880859375,26955504,0.0,0.0,HDFCBANK.NS,0.012986231704291695,0.012902633569334314,0.08687406980052881,755.5070068359375,764.8878894042969,766.1247216796875,725.2786413574219,766.3999064507232,762.8540368054751,755.5070068359375,797.56398470983,713.450028962045,0.1113344482403335,69.8094277600678,7.845447255462545,1.514781278588487,6.330665976874059,10.98146240262606,16.97978841168078,17.119664837080844,-0.006251921260745561
2023-04-13,799.138228506588,803.2799446098875,794.3338262706332,801.1025390625,35330086,0.0,0.0,HDFCBANK.NS,0.004481004861819793,0.004470995051068169,0.09174435779149093,758.4393371582031,765.6135168457031,766.4764123535156,726.1358584594726,769.7049190804162,764.3539780704565,758.4393371582031,804.6389051462417,712.2397691701645,0.12182798471699463,71.05160716757061,9.542342842228663,3.1202935913165226,6.42204925091214,10.73126818671893,16.692413786948677,17.099440026078064,-0.0017989312884908097
2023-04-17,814.1430655398879,814.1430655398879,782.571377912893,788.8904418945312,32405148,0.0,0.0,HDFCBANK.NS,-0.015244112423186351,-0.01536149839620071,0.07510168406393802,760.8604675292969,766.1105249023437,766.7260986328125,726.9204180908204,771.5321117293795,765.3161923380673,760.8604675292969,808.1567516077607,713.5641834508331,0.12432314753333583,61.708130423125716,9.788890404304539,4.454012953914126,5.334877450390413,12.284832699571496,17.436608217560707,17.24899051247434,-0.017015620600873776
2023-04-18,790.4761429987975,793.9078508052294,784.0387440490672,785.5534057617188,29637226,0.0,0.0,HDFCBANK.NS,-0.004230037474910464,-0.004239009393403204,0.07055396365100819,763.6460662841797,766.6416101074219,767.020751953125,727.644153137207,772.8674730657928,766.1098085507595,763.6460662841797,809.7987354965718,717.4933970717876,0.12087450260031077,59.409109177767455,9.604297829475286,5.484069929026358,4.120227900448928,11.91461568501063,17.49702206065395,17.258211877279138,-0.021173681362983632
2023-04-19,788.1094206815565,790.6181404482337,784.3937211551915,788.4407348632812,24741168,0.0,0.0,HDFCBANK.NS,0.003675535081873571,0.0036687968089295347,0.07448882230144638,766.3393676757812,767.0027661132813,767.3554022216797,728.3765264892578,774.3506408560297,766.9855311512506,766.3393676757812,811.6276405198624,721.0510948317,0.11819377877306587,60.7709563670843,9.580551577189794,6.303366258659046,3.2771853185307487,11.71851646654231,17.49676845850741,17.265111960907404,-0.017575970889772072
2023-04-20,791.2807247846998,794.002423833816,788.7720629382435,791.3754272460938,32922716,0.0,0.0,HDFCBANK.NS,0.0037221470848045612,0.0037152370368459657,0.07848822773903086,768.6883117675782,767.6517126464844,767.6997552490234,729.1480688476563,775.9720490836548,767.9419976647739,768.6883117675782,814.0577831508758,723.3188403842805,0.11804386950797201,62.16057399940356,9.686873403490381,6.980067687625313,2.706805715865068,11.42098841963348,17.24960607026676,17.273237371095306,-0.01391924415377752
2023-04-21,790.0028164885751,793.7658385477291,787.2811171507625,792.6535034179688,20128618,0.0,0.0,HDFCBANK.NS,0.0016150061372546265,0.0016137034172548663,0.08022999284578636,771.3591278076171,767.8012878417969,767.9338220214844,729.9306170654297,777.5607590202562,768.911076321762,771.3591278076171,815.7061888763511,727.0120667388832,0.1149842128523939,62.77895339832922,9.761737054291416,7.5364015609585335,2.2253354933328824,11.248554539470458,16.384053207048233,17.252449414324992,-0.01232671768125712
2023-04-24,798.5229093249309,800.6292448057368,792.4168245439707,799.0672607421875,35675852,0.0,0.0,HDFCBANK.NS,0.008091501894033515,0.008058941217838693,0.08897067587888974,773.9317321777344,768.14587890625,768.2675262451172,730.7356484985352,779.6089972794878,770.0936717892298,773.9317321777344,818.4484187306988,729.41504562477,0.11504034452160466,65.79948630324634,10.22078480594746,8.07327820995632,2.147506595991141,11.098094284002238,16.41872716760157,17.26374854777242,-0.00433495744668877
2023-04-25,798.8541908386393,798.8541908386393,786.6420795569525,787.7070922851562,50353068,0.0,0.0,HDFCBANK.NS,-0.014216786264625192,-0.014318812918960285,0.0734890125314751,776.022705078125,768.2400744628907,768.5699896240235,731.4702706909179,780.3802444228847,770.784394161619,776.022705078125,818.8911423165304,733.1542678397196,0.11048243036674975,56.97945348428622,9.557737158325722,8.3701699996302,1.187567158695522,11.135292131605192,17.018400451650166,17.39080807528072,-0.018490114547828194
2023-04-26,785.7427019581631,792.8427866144116,783.376007072747,791.328125,27392750,0.0,0.0,HDFCBANK.NS,0.004596927906715953,0.004586394302768736,0.07842376413073393,778.5941192626954,768.408583984375,768.9200244140625,732.2185012817383,781.4228997159433,771.5900306650849,778.5941192626954,818.3995407458638,738.788697779527,0.10224947889630327,58.871879549936,9.218192612132839,8.539774522130728,0.6784180900021113,11.373653762801853,17.053641757540806,17.401154904224256,-0.013978184364675482
2023-04-27,790.7127411596693,797.6944908945422,788.5117034159383,795.6828002929688,47790392,0.0,0.0,HDFCBANK.NS,0.005502995730081839,0.005487909569822985,0.08435832549996425,781.4424346923828,768.696845703125,769.2634326171875,732.9957235717774,782.7809854851838,772.5348451602961,781.4424346923828,817.1776593193773,745.7072100653883,0.0914596470335318,61.0886818013425,9.194498559573162,8.670719329619214,0.5237792299539485,10.49290608798829,15.100452227171255,17.368453915799588,-0.008552110523466645
2023-04-28,797.4341901096315,800.4162489215953,790.4761299225689,798.806884765625,27916272,0.0,0.0,HDFCBANK.NS,0.003926293834057848,0.003918606058828182,0.08861583490728409,784.286019897461,768.9855810546875,769.5857763671875,733.7444277954102,784.3072616071306,773.5651212232501,784.286019897461,815.5565249008406,753.0155148940813,0.0797426046366809,62.6442780928388,9.320368948582313,8.800649253411834,0.5197196951704797,10.455716008987192,14.46026551070368,17.094182840100615,-0.00465939478822516
2023-05-02,799.3275537958391,804.2029686544997,796.1562055779098,798.6412353515625,32221184,0.0,0.0,HDFCBANK.NS,-0.00020737103951118385,-0.0002073925438581684,0.08839008750997102,786.8195709228515,769.2591723632812,769.9651574707032,734.4342010498046,785.6724019637431,774.5484982478898,786.8195709228515,813.5880448903641,760.051096955339,0.0680422169370194,62.50159783199502,9.299556121201704,8.900430626969808,0.399125494231896,10.45571597579835,14.401280692534025,17.078395329790304,-0.00486579960419557
2023-05-03,797.552545393005,802.7829645894082,795.0438832970477,801.4339599609375,29407270,0.0,0.0,HDFCBANK.NS,0.0034968449984249528,0.0034907452517299042,0.09219601894381557,789.3128845214844,769.4433032226563,770.3447760009766,735.1348614501953,787.1735027253807,775.6028300797741,789.3128845214844,811.0779993209491,767.5477697220198,0.055149523658566894,63.990685381689936,9.400053377748804,9.000355177125607,0.39969820062319705,10.389784227066343,13.479166520737639,17.080270144307676,-0.0013859695527799322
2023-05-04,798.5702121515963,820.9828021558743,798.5702121515963,817.8351440429688,56854638,0.0,0.0,HDFCBANK.NS,0.020464797976405436,0.020258207794216825,0.11454758982213509,792.1115020751953,769.9876428222656,770.8969262695313,735.896109008789,790.0936590413414,777.2589992548013,792.1115020751953,813.4041378831056,770.818866267285,0.05376171347626508,71.21910744073125,10.680023994091584,9.336288940518802,1.3437350535727823,11.148818873034234,14.3591669707498,17.361508306843334,0.0
2023-05-05,775.8026458391606,786.1924141095578,767.8032049269116,769.4835815429688,62770416,0.0,0.0,HDFCBANK.NS,-0.05912140466472737,-0.06094116436701504,0.048653970746163955,792.4688751220704,769.6222265625,770.9688745117187,736.4495608520508,788.1307945176869,776.9540809131609,792.4688751220704,811.8075886774006,773.1301615667401,0.04880624126051989,43.49771332272743,7.704035599555709,9.009838272326183,-1.305802672770474,14.083520357091581,22.90913961764588,19.972148315793255,-0.05912140466472743
2023-05-08,773.9092936156137,781.1750359781396,771.5425985281042,778.38232421875,37244524,0.0,0.0,HDFCBANK.NS,0.011564564714866998,0.011498206250824178,0.06078119745436017,792.2487731933594,769.5138305664062,771.08697265625,737.1278558349609,787.2023687749311,777.0100904545566,792.2487731933594,812.1437870595768,772.353759327142,0.05022415821743838,47.54451798535243,5.994496693647761,8.4067699565905,-2.4122732629427386,12.663503700532724,22.96521051406532,20.053814825856737,-0.04824055326013957
2023-05-09,780.9619868467801,783.8493430397727,776.2522293745058,778.4059448242188,43688938,0.0,0.0,HDFCBANK.NS,3.0345762916050845e-05,3.034530249270194e-05,0.06081338766908395,791.7316497802734,769.5531176757812,771.1506365966796,737.8223623657227,786.3646141129585,777.0648298416021,791.7316497802734,812.5270340524942,770.9362655080527,0.052531395651524176,47.55525528946265,4.588685272148609,7.6431530197021225,-3.054467747553513,12.501218479754495,22.791540551982994,19.992957136633684,-0.048211671393615735
2023-05-10,778.4059313050248,783.2103333766557,773.009855524588,782.0032958984375,46340550,0.0,0.0,HDFCBANK.NS,0.0046214331970846345,0.004610787162046047,0.06571586587476963,791.5813598632812,769.6061303710937,771.1901599121094,738.5088217163086,785.9492504734803,777.2584951771643,791.5813598632812,812.623294977621,770.5394247489415,0.053164301690919014,49.25875465023825,3.7219415344770823,6.858910722657114,-3.136969188180032,12.785222662542035,22.780747240791456,19.732678386614833,-0.0438130452151964
2023-05-11,788.1804838313546,798.9962689250709,780.6543818274131,782.5240478515625,35734618,0.0,0.0,HDFCBANK.NS,0.0006659204070575964,0.0006656987804483249,0.06642554781798071,791.3423278808593,769.9753344726563,771.2133532714844,739.2322021484375,785.6230406999643,777.4649874389054,791.3423278808593,812.6951369259118,769.9895188358068,0.053966048049605295,49.51440140045028,3.041994983736231,6.095527574872937,-3.0535325911367064,13.698093957336539,22.597455575667784,19.73237460366893,-0.04317630080904303
2023-05-12,779.5893400518114,791.8015094745331,778.287657790037,789.434814453125,22478760,0.0,0.0,HDFCBANK.NS,0.008831379202385081,0.008792610659019534,0.07584355622187244,790.9376281738281,770.586416015625,771.239624633789,739.9889529418946,785.9860667716939,777.9343924198552,790.9376281738281,812.1027289611463,769.7725273865099,0.053519013468067506,52.90541936067154,3.02589294229756,5.481600648357862,-2.455707706060302,14.200174692160074,22.656470159911443,19.783938085704953,-0.03472622789165882
2023-05-15,791.4227853213184,795.5645014526352,788.1567347587811,793.2214965820312,18512260,0.0,0.0,HDFCBANK.NS,0.004796700195606851,0.004785232685408337,0.08100405521844434,790.5435760498046,771.4086071777343,771.4478936767578,740.7244033813477,786.6751553250594,778.5338867007249,790.5435760498046,811.1991586205735,769.8879934790358,0.05225665781507161,54.70085520280537,3.28086578117086,5.0414536749204615,-1.7605878937496016,14.14269943730922,22.660268089749568,19.76580269306125,-0.03009609900017247
2023-05-16,800.4030139627808,800.4030139627808,787.0932626645074,788.6732177734375,32722086,9.5,0.0,HDFCBANK.NS,-0.005733932865148228,-0.005750434969740336,0.07480565053886878,790.53271484375,772.1024365234375,771.5735229492187,741.4472891235351,786.8654469868097,778.9315075271059,790.53271484375,811.1921855257424,769.8732441617576,0.052267212460842344,52.130101671727054,3.0804163820963595,4.649246216355642,-1.5688298342592821,14.205883016811965,22.70808222848962,19.74231021060213,-0.03565746285415083
2023-05-17,789.9658807338478,789.9658807338478,778.1642575542323,784.4360961914062,30466868,0.0,0.0,HDFCBANK.NS,-0.005372467945587656,-0.00538695154992577,0.06903129163361221,790.4768493652343,772.6480981445312,771.6326409912109,742.0738470458984,786.6340802443904,779.1473737492353,790.4768493652343,811.1989607853392,769.7547379451295,0.05242939483109478,49.78287604472699,2.5502606710685995,4.229449107298233,-1.6791884362296337,14.372657562379889,22.785128140183748,19.765387452214327,-0.040838362223533556
2023-05-18,789.0083841897797,791.8570257917997,785.1782464024507,787.5720825195312,49646942,0.0,0.0,HDFCBANK.NS,0.003997758827456899,0.003989789023477168,0.07330502091656821,790.4334167480469,773.27115234375,771.7768426513671,742.7063815307617,786.7234137944038,779.4777544853254,790.4334167480469,811.1771270867572,769.6897064093365,0.05248692653722272,51.522650890631446,2.3559978618679907,3.854758858212185,-1.4987609963441941,14.246810571079143,22.506704725045896,19.747133881053596,-0.0370038653191547
2023-05-19,789.0083216684993,789.9658560394562,781.1326248446826,788.481689453125,30460332,0.0,0.0,HDFCBANK.NS,0.001154950707094482,0.0011542842646160238,0.07454463530940392,790.2887298583985,774.0411462402344,772.0049273681641,743.3502087402344,786.8908686190439,779.8308499742587,790.2887298583985,811.0451385486883,769.5323211681086,0.052528671879222964,52.041653684465956,2.249509913614361,3.53370906929262,-1.2841991556782593,14.167747156489659,22.506030831236966,19.508136821910284,-0.03589165225247588
2023-05-22,787.5720151966582,791.354287626984,781.6831554747228,785.680908203125,28334032,0.0,0.0,HDFCBANK.NS,-0.0035521195830717778,-0.0035584433394384315,0.07072772426743668,789.9401000976562,774.4573950195313,772.2312756347657,743.9548272705078,786.7756342937183,780.0602640224496,789.9401000976562,810.7633886562787,769.1168115390337,0.05272118368480906,50.25746205538298,1.917019599015589,3.2103711752372144,-1.2933515762216254,14.283773519037611,21.18694860669886,19.485329062084233,-0.03931628039471287
2023-05-23,789.487061418846,789.774310031499,782.0422085660649,783.8375854492188,22470074,0.0,0.0,HDFCBANK.NS,-0.0023461468067513813,-0.0023489033214736045,0.06821563983624657,789.1786163330078,774.7288537597656,772.5073504638672,744.5207635498047,786.4958201180517,780.2083942744798,789.1786163330078,809.7083527555794,768.6488799104361,0.05202811124803406,49.06520231242445,1.4876294223199693,2.8658228246537654,-1.378193402333796,14.283274959971445,21.080786247854693,19.480663317366798,-0.04157018543576281
2023-05-24,779.2175554402136,782.6646557954235,772.538718142512,773.592041015625,33588112,0.0,0.0,HDFCBANK.NS,-0.013071004279186282,-0.013157181629014827,0.05425298863685324,788.4728637695313,774.7646362304688,772.53044921875,744.9944100952148,785.2668887749635,779.9489294407992,788.4728637695313,810.1537895702644,766.7919379687982,0.054994729170718556,42.964271259417835,0.31695118750189977,2.356048497223392,-2.0390973097214924,13.489437624430634,21.375623187630353,19.610656881086573,-0.05409782564323163
2023-05-25,773.5441253964981,775.6268094273125,764.7587591498904,770.6236572265625,29776930,0.0,0.0,HDFCBANK.NS,-0.0038371436515367563,-0.0038445243738822973,0.05020766847439173,787.4376403808594,774.7396301269531,772.5160540771484,745.4249319458008,783.8722952941633,779.5832324912213,787.4376403808594,810.479044715896,764.3962360458229,0.05852248648894181,41.35966234333769,-0.8406529874803255,1.7167082002826486,-2.5573611877629743,10.692016993099562,21.374123601297462,19.370069254194142,-0.05772738816653956
2023-05-26,775.1240726305493,775.1240726305493,767.1047222806039,773.592041015625,26635066,0.0,0.0,HDFCBANK.NS,0.003851924037403087,0.003844524373882305,0.05425298863685324,786.3331024169922,775.1720703125,772.5374963378906,745.9079266357422,782.8932234581121,779.3482838059039,786.3331024169922,809.823852523787,762.8423523101975,0.059747580343724606,43.627006930186454,-1.5012335859886434,1.0731198430283901,-2.574353429017034,10.42972384415489,21.02989066060382,19.23532568536016,-0.05409782564323163
2023-05-29,779.6723115571738,785.6569009919081,777.9247997535801,783.023681640625,21816292,0.0,0.0,HDFCBANK.NS,0.012192008351866512,0.012118284441505865,0.06710644987929393,785.5439422607421,775.9834252929687,772.5988195800782,746.4301513671875,782.9056480469229,779.4924170543244,785.5439422607421,808.3198501807314,762.7680343407529,0.05798761009967614,50.21390584747592,-1.2492928245807207,0.608637309506568,-1.8579301340872887,10.748848580656036,21.319001329030836,19.319394930777936,-0.04256537843342517
2023-05-30,782.1140640569184,786.4469304713781,779.696324831423,783.6221923828125,37125928,0.0,0.0,HDFCBANK.NS,0.0007643584175303086,0.0007640664444070206,0.06792210167666002,784.7929901123047,776.8465124511719,772.7283734130859,746.959391784668,782.9738903646266,779.6543690279906,784.7929901123047,806.7254215958445,762.8605586287648,0.05589354583914238,50.608302523075366,-0.9899219372110792,0.2889254601630386,-1.278847397374118,10.502429136933708,20.86820931343238,19.319386722154462,-0.04183355522119592
2023-05-31,780.3427069263231,782.7604463317739,768.2538345692759,771.22216796875,43334270,0.0,0.0,HDFCBANK.NS,-0.01582398320848588,-0.015950519073633283,0.0510233202717576,783.2824005126953,777.6741271972656,772.731322631836,747.4381106567383,781.8546787078765,779.3236944766479,783.2824005126953,804.5402539646899,762.0245470607007,0.05427889976355996,43.00682753531846,-1.7646057030750626,-0.12178077248458166,-1.642824930590481,10.290034188067905,21.3311896655227,19.43889791370723,-0.0569955649543103
2023-06-01,775.5549142196161,775.5549142196161,766.0274362920823,767.9425048828125,50366938,0.0,0.0,HDFCBANK.NS,-0.004252552924633224,-0.004261620744541969,0.04655378797727816,780.7877685546875,778.3414831542968,772.6510650634766,747.8175967407227,780.529709772156,778.8773733161054,780.7877685546875,795.7506287086218,765.8249084007533,0.03832759875742395,41.24237047407262,-2.61306775209664,-0.6200381684069933,-1.9930295836896468,10.005293205427742,21.319314431339915,19.297761491571833,-0.061005741222505974
2023-06-02,771.9881679023533,773.1133176055869,766.5063067001975,769.1395263671875,17859710,0.0,0.0,HDFCBANK.NS,0.0015587384169568619,0.0015575248451609265,0.04818509157201012,780.7705657958984,778.8363427734375,772.7214654541016,748.1930093383789,779.4449304002542,778.4954969651675,780.7705657958984,795.7888361237985,765.7522954679982,0.03847038038015917,42.17486805984997,-3.1525497774813402,-1.1265404902218628,-2.0260092872594777,9.94809636339455,21.288740634316593,19.07145079375803,-0.059542094798047465
2023-06-05,772.9696926063541,773.9272270660708,767.2005241092544,768.1341552734375,18697242,0.0,0.0,HDFCBANK.NS,-0.0013071374689305193,-0.0013079925183044636,0.04681496956444198,780.2581573486328,779.4142822265625,772.8308038330078,748.517481994629,778.3677137215097,778.0891698400017,780.2581573486328,796.2849706183987,764.231344078867,0.04108079644877021,41.57803002679578,-3.619494929891175,-1.6251313781557255,-1.9943635517354497,9.477878624719049,21.276057959933603,19.059567249534997,-0.06077140256388881
2023-06-06,769.6900635841799,770.7433279959911,762.3170373717256,765.740234375,32182852,0.0,0.0,HDFCBANK.NS,-0.0031165401017552163,-0.0031214066266351268,0.04355252873267679,779.6248718261719,779.7767834472656,772.9412890625,748.831286315918,777.1650966408897,777.604897860982,779.6248718261719,796.911297393178,762.3384462591658,0.04434549535731156,40.12205472201115,-4.135055392424988,-2.127116181009578,-2.00793921141541,9.236783442194044,21.109141911938327,18.985693796148574,-0.06369854615251372
2023-06-07,767.6792286969496,772.0360568877586,764.1124365028589,769.7139892578125,24949026,0.0,0.0,HDFCBANK.NS,0.005189429397105982,0.005176010711897937,0.04896797090270644,779.0104064941406,780.253310546875,773.0768377685547,749.1247256469727,776.455467366311,777.2954504647793,779.0104064941406,796.8070043743875,761.2138086138938,0.04569026994219161,43.64952714247109,-4.1748666998562385,-2.53666628477891,-1.6382004150773284,9.272689926801629,20.827196443786413,18.965123306848398,-0.05883967586336444
2023-06-08,767.5835520644657,778.4755064131117,767.5835520644657,770.1928100585938,37395522,0.0,0.0,HDFCBANK.NS,0.0006220762613953212,0.0006218828521638632,0.04962050897636905,778.3938446044922,780.859169921875,773.3553900146485,749.402216796875,775.8590238131951,777.0169155468897,778.3938446044922,796.5291031768771,760.2585860321072,0.04659661352178242,44.07703445612084,-4.120284535532392,-2.8533899349296066,-1.266894600602785,9.419741580649656,20.771395193533113,18.825067261282662,-0.05825420236755183
2023-06-09,773.6399676877086,774.8847507794242,769.3789277124094,771.1024780273438,18212578,0.0,0.0,HDFCBANK.NS,0.0011810912240024507,0.0011803942844748714,0.05086020654805412,777.4772277832031,781.5068896484376,773.5360650634766,749.6799963378907,775.4060194526379,776.784976820633,777.4772277832031,795.1089778529945,759.8454777134118,0.04535631254452096,44.931789215341446,-3.957999816283973,-3.0743119112004798,-0.8836879050834932,9.122219503132044,20.694753993505095,18.253049465984855,-0.05714191467072694
2023-06-12,772.0360982895694,773.5920917430839,765.7642009992537,766.4105834960938,13408292,0.0,0.0,HDFCBANK.NS,-0.006084657571394314,-0.006103244535504378,0.04446608203580449,776.1366821289063,781.9963977050782,773.6295874023438,749.9784552001953,774.5493112663004,776.3781378667295,776.1366821289063,792.7772841089691,759.4960801488435,0.042880596583628576,41.41565167307087,-4.160030442541938,-3.2914556174687717,-0.8685748250731664,9.129061594446048,20.692706464915428,17.971438810566234,-0.06287888325837605
2023-06-13,761.287754551761,770.3364668139276,761.287754551761,767.7032470703125,27926108,0.0,0.0,HDFCBANK.NS,0.001686646299066119,0.0016852255085534047,0.046227726887570375,775.08818359375,782.3910583496094,773.7301190185547,750.3371014404297,773.8973051523968,776.0379460707917,775.08818359375,791.0307903943041,759.145576793196,0.04113753025271271,42.74502609018925,-4.167790329643481,-3.466722559903714,-0.7010677697397667,8.96833623412175,20.70863007707403,17.97242238880863,-0.06129829139504714
2023-06-14,771.030546307908,771.7726587801916,766.1231829378727,766.8652954101562,20113968,0.0,0.0,HDFCBANK.NS,-0.0010915046449966326,-0.0010921007700132861,0.04508576446394841,774.2096435546875,782.6970104980469,773.8949291992187,750.7023263549804,773.2275899388501,775.6782342801786,774.2096435546875,789.9180901476437,758.5011969617314,0.040579310071191595,42.07845928649816,-4.193218973856347,-3.612021842694241,-0.5811971311621056,8.59558091732866,20.66023308530858,17.93775655595105,-0.06232288867025573
2023-06-15,767.9425712071014,768.8761438484094,755.9733914813049,757.4336547851562,35377476,0.0,0.0,HDFCBANK.NS,-0.012298953520846867,-0.012375211557476552,0.0322323032215075,772.7027221679688,782.608427734375,773.8537145996094,751.003708190918,771.7234056384982,774.9627605744915,772.7027221679688,788.7916227618508,756.6138215740867,0.041643183419210646,35.38915114131636,-4.917737317910678,-3.8731649377375286,-1.0445723801731495,8.944395347125733,19.8142242756916,17.88065756561116,-0.07385533588006218
2023-06-16,759.8754201529412,770.4322024997265,758.3672916910389,767.3441772460938,15779272,0.0,0.0,HDFCBANK.NS,0.013084343953198907,0.012999483353505394,0.045738385716460384,771.6458465576172,782.7085888671875,773.7771765136719,751.3735760498047,771.3063362677931,774.6639926008289,771.6458465576172,786.0603780047935,757.231315110441,0.037360484765079256,45.240098918176685,-4.638754316306972,-4.0262828134514175,-0.6124715028555547,9.011087328431959,10.941888186314163,17.83976869875724,-0.06173734054429706
2023-06-19,771.2938865843043,772.8498798378108,765.2374703858508,768.0143432617188,24829146,0.0,0.0,HDFCBANK.NS,0.000873357791063345,0.0008729766360547264,0.04665168948303977,770.7625183105469,782.4131884765625,773.6751544189453,751.7462030029296,770.9928131243576,774.4032220385109,770.7625183105469,783.6388400307575,757.8861965903362,0.0334119042229364,45.84142539918135,-4.3138540566380925,-4.0837970620887525,-0.23005699454934003,9.07264474357517,10.378290944001076,16.864470183776962,-0.06091790154059757
2023-06-20,768.0144276761805,771.2939713592292,761.5510703742875,769.6182861328125,20005626,0.0,0.0,HDFCBANK.NS,0.002088428276328713,0.0020862505414976007,0.04883754646682337,770.0515533447266,782.0305859375,773.5094128417969,752.1876736450196,770.8619057918295,774.2155774931894,770.0515533447266,781.3633157640154,758.7397909254378,0.029379234078954996,47.332106687162316,-3.8821919824897577,-4.043476046168953,0.16128406367919546,8.670826398675533,10.403269475110267,16.85460109852172,-0.058956695932380905
2023-06-21,773.6878294269613,783.8616328770374,771.2939933210611,783.0716552734375,24308946,0.0,0.0,HDFCBANK.NS,0.017480573659736764,0.017329545926051196,0.0671718284549343,770.5255340576172,781.9918371582031,773.4206945800781,752.5858862304688,772.0247390757921,774.5628746610423,770.5255340576172,783.1770220071946,757.8740461080397,0.03283859493391283,57.81927930686259,-2.426550460386352,-3.720090929012433,1.2935404686260812,9.007674171296328,11.543193137018433,17.108308987113677,-0.042506719138624825
2023-06-22,785.1781832214814,793.580570693625,784.7233777731387,786.9017333984375,56596140,0.0,0.0,HDFCBANK.NS,0.004891095341284624,0.004879172794868943,0.07239146761344051,771.3394378662109,781.9837780761719,773.2642492675782,753.0362646484375,773.4415956779488,775.0467514742736,771.3394378662109,785.9588711359384,756.7200045964835,0.03790661426613891,60.246183096677804,-0.9529042839760677,-3.1666536000051604,2.2137493160290926,9.286381636639046,11.62676655549037,17.127360223355357,-0.03782352821329236
2023-06-23,784.0051796001923,794.7056138469821,782.3294945543738,786.8538208007812,21339218,0.0,0.0,HDFCBANK.NS,-6.088765041767363e-05,-6.088950414590681e-05,0.0723261722166495,772.0025268554688,781.7702783203125,773.3290838623047,753.4548083496094,774.7189504515519,775.5097738008033,772.0025268554688,788.1729046142714,755.8321490966662,0.04189203324156983,60.19952163140944,0.20869902917013405,-2.4915830741701015,2.7002821033402356,9.689911374909896,11.33592073259568,17.123344473953203,-0.03788211287794665
2023-06-26,787.571994837304,790.3249060654587,779.7680665871447,783.0476684570312,16130314,0.0,0.0,HDFCBANK.NS,-0.004837178448058421,-0.004848915460372765,0.06713913916711411,772.0037261962891,781.4091809082031,773.5113488769531,753.8317193603516,775.5121616901689,775.8053775128122,772.0037261962891,788.1775489487176,755.8299034438606,0.04190089297137957,56.45858818313915,0.8127840701203013,-1.830709645312021,2.6434937154323226,9.842093435913357,11.319303969822046,17.130956512035684,-0.042536048786024995
2023-06-27,786.5905941784453,800.929707728713,784.4840651290187,794.0833129882812,33831864,0.0,0.0,HDFCBANK.NS,0.014093196335026814,0.013994810546181019,0.08217854057218776,772.5267822265625,781.5130383300781,773.811781616211,754.2772985839844,777.2808427661796,776.522159296164,772.5267822265625,790.8203659201894,754.2331985329357,0.04736038701700774,63.53426697086008,2.1571438902224145,-1.033138938205134,3.1902828284275486,10.553409070683504,11.949393457078074,17.291369924424597,-0.02904232133785582
2023-06-28,799.5412267594668,804.2810337444777,794.9929383437692,802.4856567382812,59562950,0.0,0.0,HDFCBANK.NS,0.010581186649522234,0.010525597681732108,0.09362927369808971,774.089956665039,781.8516833496094,774.2466467285157,754.781575012207,779.6813012397131,777.5403356664431,774.089956665039,796.7386423610059,751.4412709690722,0.05851693463003364,67.82186355897522,3.8561068530917737,-0.05528977994575235,3.9113966330375263,10.503820956937107,12.188682495521055,17.312454144288584,-0.018768436911144826
2023-06-30,815.8192458258862,818.1173515857972,805.8848271927366,814.574462890625,40699016,0.0,0.0,HDFCBANK.NS,0.015064202145965933,0.014951863839121378,0.11010392614982356,776.4215545654297,782.3743579101563,774.6885620117188,755.310085144043,783.0044594921809,778.9926543811168,776.4215545654297,805.1820947234761,747.6610144073833,0.07408485761100218,72.7806400074913,6.1076081626142695,1.177289808566252,4.930318354048017,11.227097512687196,12.846252889215478,17.485469967602217,-0.003986966292772122
2023-07-03,819.8888869527296,841.4334124492976,818.691968869587,823.3839111328125,44104116,0.0,0.0,HDFCBANK.NS,0.010814785686904527,0.010756724132580015,0.12210946220132524,779.1337738037109,783.0145275878906,775.3331201171875,755.8802758789062,786.8501215531934,780.7334879792227,779.1337738037109,814.4797734109598,743.7877741964621,0.09073152979799748,75.71734178572717,8.504750550789367,2.6427819570108753,5.861968593778492,12.586458856604517,13.147730510621233,17.558342274966932,0.0
2023-07-04,825.1313123295552,836.406303333363,820.5112555769142,827.4054565429688,38795188,0.0,0.0,HDFCBANK.NS,0.00488416807248937,0.00487227921933203,0.12759003341044717,782.0973388671875,783.7095666503906,775.7554272460937,756.4825256347656,790.7125344093625,782.5637612562324,782.0973388671875,823.0539858004563,741.1406919339188,0.10473542076640116,76.94044153236901,10.606740368536862,4.235573639316073,6.371166729220789,13.07548282048182,13.094513720920636,17.54757121308295,0.0
2023-07-05,821.6841820227852,823.4795589682101,798.8470106542848,801.1211547851562,37165754,0.0,0.0,HDFCBANK.NS,-0.03176713611200066,-0.03228265876815863,0.09176972734056221,783.8663848876953,783.75064453125,775.94826171875,756.9070849609375,791.7038315880095,783.2915021789353,783.8663848876953,824.9045779748722,742.8281918005184,0.1047071130446713,56.8022886199612,10.035970537162711,5.395653018885401,4.64031751827731,14.711837823793612,16.28395523897084,18.29416462609982,-0.03176713611200062
2023-07-06,800.9774632331506,808.0871439109142,794.9450086715105,801.9349975585938,52156544,0.0,0.0,HDFCBANK.NS,0.0010158797687169763,0.0010153641120652901,0.09287883411866504,785.4774353027344,784.0352026367187,776.1376385498047,757.298911743164,792.6782283471127,784.0226196448042,785.4774353027344,826.7057034010269,744.249167204442,0.1049763271236493,57.17603806349101,9.539338092375374,6.224390033583396,3.3149480587919777,14.72893660038641,15.745791515237695,18.285771549290704,-0.030783527934169806
2023-07-07,797.1473245803539,801.9349961994551,792.9820736490386,794.9450073242188,19926336,0.0,0.0,HDFCBANK.NS,-0.0087164050149392,-0.008754615071383634,0.08335285956823224,786.7150451660157,784.1075402832031,776.258062133789,757.6746035766602,792.8941120592181,784.4509485734087,786.7150451660157,827.4950441773514,745.93504615468,0.10367158798324529,52.93941618406264,8.483922134402519,6.676296453747222,1.8076256806552973,14.43996347145676,15.9449634506996,18.037452837665764,-0.03923161125184611
2023-07-10,795.2323081500037,802.772891445225,789.8222154878739,793.0538940429688,38398442,0.0,0.0,HDFCBANK.NS,-0.002378923402029387,-0.0023817575359896797,0.08077564609794985,787.8126159667969,784.0549621582031,776.3759039306641,758.1069894409179,792.9093293910038,784.7883189839797,787.8126159667969,828.000660892862,747.6245710407318,0.10202437511551321,51.82066303450327,7.409488376980448,6.822934838393868,0.5865535385865801,14.821268221841835,15.953280821466997,18.00208068853638,-0.041517205655769156
2023-07-11,796.1898182223189,802.4137915457645,787.8113925946035,789.1998291015625,50670426,0.0,0.0,HDFCBANK.NS,-0.004859776832767726,-0.0048716239466711055,0.07552331765162346,788.9520782470703,783.8628210449219,776.4242010498047,758.4967929077148,792.5560436491522,784.9613193807477,788.9520782470703,827.856914685131,750.0472418090096,0.09862407999355603,49.52369813791582,6.175810157156093,6.693509902146313,-0.5176997449902201,15.168375219428933,15.665293109522807,17.95434412732542,-0.04617521813432972
2023-07-12,792.5272531476065,797.7697889233564,779.0260418202364,781.8028564453125,70958358,0.0,0.0,HDFCBANK.NS,-0.009372749946830128,-0.009416950572022671,0.06544270653328965,789.6570587158203,783.5260534667968,776.3926129150391,758.8067739868164,791.5319305821199,784.837458089162,789.6570587158203,827.4353412923683,751.8787761392723,0.09568275787462709,45.367327591674396,4.548801651585222,6.264568252034095,-1.7157666004488723,15.489832387921435,15.913251159753505,18.02855892725357,-0.055115179307846415
2023-07-13,793.1735905563402,793.5326659534852,784.2446291019418,785.704833984375,41913546,0.0,0.0,HDFCBANK.NS,0.004990999338124524,0.004978585588471759,0.07076033037640683,790.5990356445312,783.2114709472656,776.327387084961,759.1418270874024,790.9769690013823,784.8714728301509,790.5990356445312,826.8949037829329,754.3031675061295,0.0918186501677471,47.853557637195884,3.533510556016722,5.71835671283062,-2.184846156813898,15.577039108491809,15.247492719449394,18.03364593071918,-0.050399259793167867
2023-07-14,791.6894113288874,791.6894113288874,782.7843533101579,787.3326416015625,24727214,0.0,0.0,HDFCBANK.NS,0.0020717800715730483,0.002069636894857274,0.07297871029031167,792.0939849853515,782.6014208984375,776.2945318603515,759.5615814208984,790.6298902013993,784.9679892525592,792.0939849853515,824.9369352999217,759.2510346707813,0.08292690245634823,48.89834244166494,2.827640241987865,5.140213418662069,-2.3125731766742037,15.329106160357608,15.180269367883593,18.033925159545937,-0.048431895903656264
2023-07-17,789.9658626293475,805.2864126924621,781.8268204083179,803.80224609375,49252928,0.0,0.0,HDFCBANK.NS,0.02091822899490814,0.020702446841929907,0.09542352465882553,793.9168884277344,783.2877941894532,776.4550103759766,760.1579962158203,791.8844002863851,785.7065875600568,793.9168884277344,824.9744002280685,762.8593766274004,0.07823869791166695,58.05517593499531,3.5561987276156515,4.823410480452785,-1.2672117528371336,16.25073136077406,16.254845986371656,18.287683044050617,-0.028526776397918268
2023-07-18,812.9467471445371,815.8193504913376,799.5412648594681,803.1320190429688,81076818,0.0,0.0,HDFCBANK.NS,-0.0008338208235152411,-0.0008341686454589987,0.09451013771339656,795.6727722167968,783.7827880859375,776.6483093261719,760.7972106933594,792.9556020727265,786.3899378142887,795.6727722167968,824.4514820554658,766.8940623781278,0.07233805364104544,57.60282284418465,4.033014770964087,4.6653313385550454,-0.6323165675909586,16.13616324364461,16.24826667173989,18.004137795266477,-0.029336811001245112
2023-07-19,804.8555610048314,808.5181419226229,801.9350926545632,806.7706298828125,32935134,0.0,0.0,HDFCBANK.NS,0.004530526430984061,0.004520294488530761,0.09946884482128704,797.5303894042969,784.3500817871094,776.9515997314453,761.4849124145508,794.2713190070205,787.1891806405054,797.5303894042969,823.9254787891592,771.1353000194346,0.06619205922567474,59.450070239894806,4.650887865985737,4.6624426440411835,-0.011554778055446135,15.877972423063422,16.20905830358361,17.983481459336165,-0.024939195767902992
2023-07-20,804.8795083270657,810.0741208768967,804.3289143458549,808.5181274414062,56210948,0.0,0.0,HDFCBANK.NS,0.00216604012821775,0.002163697645297361,0.10185033845889513,798.8027130126953,784.8803784179687,777.2432543945313,762.2388616943359,795.6281579055334,788.0256099268152,798.8027130126953,824.7119789003682,772.8934471250225,0.06487025010207016,60.343716785034886,5.22137641671975,4.774229398576897,0.44714701814285274,15.171794686172413,16.177646481442697,17.98388096908371,-0.022827174938483918
2023-07-21,804.3288890002611,809.0208308967337,801.0972104283851,802.2941284179688,42154248,0.0,0.0,HDFCBANK.NS,-0.007698032749288708,-0.007727815547821262,0.09336825846862373,799.5723327636719,785.2757800292969,777.6255572509766,762.9787316894531,796.263012240051,788.5851596715663,799.5723327636719,824.9010689052352,774.2435966221085,0.06335570930528864,55.64040690548026,5.11233616922334,4.841850752706185,0.27048541651715485,13.8192711797207,16.403567847018845,18.037039274938223,-0.0303494833475224
2023-07-24,803.6107312414538,806.555161158962,799.5890751426567,803.5628662109375,32179444,0.0,0.0,HDFCBANK.NS,0.0015813873591103977,0.0015801382827962253,0.09509729721141857,800.4077850341797,785.5583410644531,778.072378540039,763.6326443481445,796.9582364277545,789.172520712326,800.4077850341797,825.0634872879664,775.752082780393,0.06160785218433077,56.38664611881781,5.06985538707147,4.887451679579242,0.18240370749222823,13.181488198281881,16.403484476330192,17.480741058853035,-0.02881609027773321
2023-07-25,806.555183500857,813.4254812031791,803.5628884699448,812.2764282226562,55992596,0.0,0.0,HDFCBANK.NS,0.010843659380137982,0.01078528849596778,0.10697215929048887,801.8692230224609,785.9394396972656,778.6740234375,764.3494134521484,798.4171118367927,790.0785563009664,801.8692230224609,825.6414641471155,778.0969818978064,0.05929206519499671,61.212664704963345,5.673895557122933,5.044740455087981,0.629155102034952,11.84607170567885,16.463470429528407,17.410834932362867,-0.018284902765234326
2023-07-26,813.7126998116902,813.7126998116902,808.1590121278992,809.45166015625,24794358,0.0,0.0,HDFCBANK.NS,-0.0034775945334116765,-0.0034836554209002487,0.10312255896070144,802.6376403808594,786.3550085449219,779.2287225341797,764.9578637695313,799.4680212005505,790.8382858639187,802.6376403808594,826.3436513064282,778.9316294552905,0.059070269653240144,58.935884723558516,5.857149000645109,5.207222164199406,0.6499268364457027,11.304039737420803,16.539640242421648,17.41620978571301,-0.021698909820745634
2023-07-27,813.85633843129,815.3405049960073,798.3203084228094,801.04931640625,59741302,0.0,0.0,HDFCBANK.NS,-0.010380290959410843,-0.010434541933439068,0.09167182583479949,802.5658233642578,786.6872729492187,779.667685546875,765.5621701049805,799.6186207439505,791.2387184342062,802.5658233642578,826.2824733090068,778.8491734195087,0.05910206802809462,52.66144587358577,5.263703063226217,5.218518344004769,0.04518471922144762,11.880273499109576,16.89693584988264,17.329244809291726,-0.031853959782715095
2023-07-28,795.471629607848,799.0145182505155,785.7047679378544,786.8538208007812,41015684,0.0,0.0,HDFCBANK.NS,-0.01772112567195494,-0.017880024866645607,0.07232617221664861,801.1797912597656,786.6729077148437,779.9720300292969,766.1101721191407,798.4029255112678,791.066761664268,801.1797912597656,825.1798590370612,777.17972348247,0.05991181514840306,44.11614370524418,3.6063631145191266,4.89608729810764,-1.2897241835885138,12.051264392755611,17.349019115285408,17.58749230640603,-0.04901059743021114
2023-07-31,789.989808735889,793.2214872008873,784.5557544882844,790.5403442382812,34565006,0.0,0.0,HDFCBANK.NS,0.0046851439747070955,0.004674202848201306,0.0773501747213301,799.5376129150391,786.7140808105469,780.3776135253906,766.7140005493164,797.6541082471738,791.046117843641,799.5376129150391,821.5531832544902,777.5220425755879,0.055070755856461796,46.542178498258906,2.5608608863067275,4.429042015747458,-1.868181129440731,11.627216804287173,17.022186257827872,17.471742161627592,-0.04455507516075104
2023-08-01,792.0962813602819,798.3202542585794,789.965790937782,795.8306884765625,35394188,0.0,0.0,HDFCBANK.NS,0.006692061040070918,0.0066697685992393235,0.08455986785209624,797.9588745117187,786.9170764160157,780.6872357177734,767.3782427978516,797.4804492214014,791.23374806454,797.9588745117187,815.6672230270274,780.25052599641,0.044384113219229845,49.903207026112824,2.134573371686429,3.9701482869352525,-1.8355749152488237,10.885125105549848,17.10032737633046,17.451324103494404,-0.03816117940330082
2023-08-02,786.1357533490648,790.6840418124119,781.8986752587043,785.4176025390625,28116322,0.0,0.0,HDFCBANK.NS,-0.013084549374985155,-0.013170906211845213,0.07036889071105801,797.173696899414,786.9486767578124,780.8387652587891,767.9687643432617,796.3316066802262,791.0056639262859,797.173696899414,815.6668537698854,778.6805400289427,0.04639680647367066,44.03459794432158,0.9455882826341622,3.3652362860750347,-2.4196480034408725,11.042425370527383,17.593470462445985,17.515407852940065,-0.050746406942175804
2023-08-03,785.1781976196645,790.6121935791729,777.0391553272656,779.7442016601562,57673946,0.0,0.0,HDFCBANK.NS,-0.007223419567584877,-0.00724963478132071,0.06263716712136169,796.0641571044922,787.0717199707032,780.9181781005859,768.5692590332031,794.751853821172,790.5640379550651,796.0641571044922,815.9638042403125,776.164509968672,0.04999508383394835,41.1922885626928,-0.44930766388790744,2.6023274960824465,-3.051635159970354,11.375852530040081,16.997313646618128,17.55783639528535,-0.057603263920869924
2023-08-04,782.856158727379,793.0778262359121,780.0314207032054,791.0191040039062,37388304,0.0,0.0,HDFCBANK.NS,0.014459745028875481,0.014356199879792945,0.07800262961614313,795.8678619384766,787.47962890625,781.1096295166016,769.1186804199219,794.3963538385751,790.5818836824707,795.8678619384766,815.8910601704815,775.8446637064717,0.050317896197579544,48.33015579972781,-0.6376321340104596,1.9543355700638654,-2.591967704074325,10.65256912229805,17.460721276100436,17.64957835743073,-0.04397644740112115
2023-08-07,796.2377106290166,796.2377106290166,788.7929158097952,790.5643310546875,28300918,0.0,0.0,HDFCBANK.NS,-0.000574920310921434,-0.0005750856409741628,0.07738286400915007,795.7433837890625,787.8190747070313,781.4955725097657,769.6479595947266,794.0313992877287,790.5811953441263,795.7433837890625,815.8709210853089,775.6158464928161,0.05058801042216853,48.07668077045399,-0.8141915167051366,1.400630152710065,-2.2148216694152016,10.021619778537481,17.46210785706691,17.646459931042333,-0.044526084759229555
2023-08-08,790.7797145936216,792.6469182530226,786.1596581385537,789.91796875,43773828,0.0,0.0,HDFCBANK.NS,-0.0008175960883856082,-0.000817930502356941,0.07650199999384255,795.7792907714844,787.9569604492187,781.9701928710938,770.1803967285156,793.6396439984212,790.5551864580821,795.7792907714844,815.8601846227226,775.6983969202462,0.050468500711473366,47.693816234037634,-0.9948046469202154,0.921543192784009,-1.9163478397042244,10.01477769613813,17.39978953600896,17.63829922697305,-0.04530727649488489
2023-08-09,791.4021792268796,792.1203300247262,780.917165889668,790.2052612304688,33361236,0.0,0.0,HDFCBANK.NS,0.0003636991331179562,0.0003636330106202184,0.07689352283804007,796.1994110107422,788.0886218261719,782.4675671386718,770.6792437744141,793.3125599252829,790.5414639001365,796.1994110107422,815.3805419987399,777.0182800227445,0.04818172614231911,47.89244597383642,-1.1020559368585054,0.5168233668555061,-1.6188793037140115,10.404631810710725,16.90541357146503,17.594164940107724,-0.04496005557895197
2023-08-10,788.5535116922156,792.0006120305654,780.8692750321005,783.1912841796875,50781118,0.0,0.0,HDFCBANK.NS,-0.008876145724288742,-0.008915773373885818,0.06733485899978686,796.0737335205079,788.3280041503906,783.0010656738282,771.1663323974609,792.3486289018929,790.2532215581582,796.0737335205079,815.5746609125354,776.5728061284804,0.0489927668026121,43.5448170115438,-1.733045220070494,0.06684964947030608,-1.7998948695408001,10.633754420004745,16.77641319657885,17.65197926953277,-0.053437129298149755
2023-08-11,784.4121451817492,784.4121451817492,773.7834789124577,775.0283203125,28225822,0.0,0.0,HDFCBANK.NS,-0.010422694981517044,-0.010477391656646486,0.05621035332129165,795.4585174560547,788.4697204589844,783.4056018066407,771.6367465209961,790.6990757029031,789.656166607348,795.4585174560547,816.8091847277644,774.1078501843449,0.053681409660408325,39.09653841795104,-2.8588368448121173,-0.5182876493861787,-2.3405491954259388,10.895367295218048,16.307519606164632,17.603481288321486,-0.06330286538030427
2023-08-14,771.2939587813216,773.2090275802822,766.1472113841155,771.24609375,31304410,0.0,0.0,HDFCBANK.NS,-0.004880114007930647,-0.0048920606474521094,0.05105592638072709,793.8307098388672,788.5118518066406,783.6740972900391,772.0351171875,788.8464107550076,788.9342029658835,793.8307098388672,817.3563765294373,770.305043148297,0.05927124360141066,37.2003275860216,-4.010004061833911,-1.2166309318757251,-2.7933731299581854,10.825259719228256,15.898003502445501,17.624271155435714,-0.06787405418815036
2023-08-16,757.936278873205,770.6475703412267,757.0745330516527,768.9957885742188,34137542,0.0,0.0,HDFCBANK.NS,-0.0029177524450589853,-0.0029220173827662144,0.04798920538163598,792.1238983154296,788.5290844726562,783.9716833496094,772.4462585449219,786.9558753092182,788.1523043622889,792.1238983154296,817.6743255140428,766.5734711168164,0.06451118885050687,36.07912804500866,-5.045729171108974,-1.9824505797223748,-3.0632785913865987,11.440822077410855,15.759116607993498,17.04486292776367,-0.0705937669456458
2023-08-17,764.8784583736676,770.7673182443161,763.1549081618289,764.73486328125,52884040,0.0,0.0,HDFCBANK.NS,-0.0055408954850960646,-0.005556303187822696,0.042182406725107535,790.0221099853516,788.5089770507813,784.1428802490234,772.8278118896484,784.8395884494117,787.2339733395031,790.0221099853516,817.3532095971694,762.6910103735337,0.06919072078204151,33.99013850523167,-6.1395963978021655,-2.813879743338333,-3.3257166544638324,10.768837328074378,13.123437506927033,17.017476051739663,-0.07574350974619679
2023-08-18,760.0669062962402,764.2561193764838,759.0854101401351,761.5989379882812,25633366,0.0,0.0,HDFCBANK.NS,-0.004100669975360405,-0.004109100778337518,0.037908760621001125,787.6761505126954,788.3466760253906,784.2999932861328,773.1835086059571,782.6261931673993,786.2286778355336,787.6761505126954,816.3444947130453,759.0078063123455,0.07279221081326327,32.49874156360829,-7.1768072523680075,-3.6864652451442685,-3.490342007223739,10.0763305189829,13.121467763595602,17.013067466335997,-0.07953358058531251
2023-08-21,766.2668661889733,766.2668661889733,759.8035093045302,761.0004272460938,21837270,0.0,0.0,HDFCBANK.NS,-0.0007858607888404645,-0.0007861697393021565,0.037093108823635035,785.6114654541016,788.1628283691406,784.5109991455079,773.4462783813476,780.5665964129892,785.2393346751635,785.6114654541016,815.7569085140573,755.4660223941459,0.07674389793313657,32.208273304591515,-7.955394308713835,-4.540251057858182,-3.415143250855653,9.919017959828627,12.952446992820873,17.004615052247694,-0.08025693905177486
2023-08-22,764.2799958764373,765.069973432526,756.4521639695814,757.7448120117188,32273570,0.0,0.0,HDFCBANK.NS,-0.004278072807601951,-0.004287249944066574,0.03265634899582537,783.3205627441406,787.8956750488281,784.7012823486328,773.6536013793946,778.3930931366776,784.1611181001265,783.3205627441406,814.662092725604,751.9790327626772,0.08002223220508158,30.605831991528746,-8.734445846670269,-5.3790900156206,-3.3553558310496694,9.937828398553425,12.976319687863459,16.866936777670475,-0.08419166683079808
2023-08-23,756.4521477981758,761.5031649471699,753.2204693186583,759.6119995117188,36498588,0.0,0.0,HDFCBANK.NS,0.0024641376231173684,0.002461106614198831,0.03520095635713694,780.6873413085938,787.7597033691407,784.8780505371094,773.8680123901368,776.6044175533482,783.1984075672477,780.6873413085938,810.6025244096759,750.7721582075117,0.07663806371174935,32.674698827044494,-9.096326586132705,-6.122537329723021,-2.9737892564096837,9.534305713600101,12.984403483040083,16.853403593851624,-0.08193498906147152
2023-08-24,762.8198062571005,764.2081843881693,754.6089370548672,756.1170654296875,43145792,0.0,0.0,HDFCBANK.NS,-0.0046009463835192665,-0.0046115633151366875,0.0304380522607699,778.0206115722656,787.5279797363281,784.9595190429687,774.0806866455079,774.6532411606186,782.1363941500886,778.0206115722656,806.6192674962482,749.421955648283,0.07351644801848868,30.82239715911109,-9.554987700960396,-6.8090274039704966,-2.7459602969898995,9.250463505128307,12.797007563675807,16.68361689290598,-0.08615895695338469
2023-08-25,753.8429059393314,755.2552457791736,746.1108040957927,747.594970703125,30069756,0.0,0.0,HDFCBANK.NS,-0.01127086679589695,-0.011334864341323999,0.018824122232315332,775.3478942871094,787.1425732421875,784.9197918701171,774.275364074707,772.0762630218096,780.7818285247174,775.3478942871094,804.8614053602892,745.8343832139296,0.07612972522564426,26.828566517539457,-10.485274048873634,-7.544276732951124,-2.9409973159225107,9.012794702138235,12.992873544005205,16.770565974068273,-0.09645873762218661
2023-08-28,747.5949720764402,757.7209098998453,747.5949720764402,755.3749389648438,28867238,0.0,0.0,HDFCBANK.NS,0.01040666211866248,0.010352885578193275,0.02942668063072995,773.7739501953125,787.1013989257813,784.8549133300781,774.4813693237305,770.48566073067,779.7854799145264,773.7739501953125,804.0514785817231,743.4964218089019,0.07825936341942784,35.096677769004685,-10.474016322812417,-8.130224650923383,-2.3437916718890346,9.204305014816725,13.41652844161532,16.855559833457157,-0.087055888994351
2023-08-29,761.0962378308944,762.5086362173317,757.1464082058284,761.383544921875,35538932,0.0,0.0,HDFCBANK.NS,0.007954468234365075,0.007922998226547923,0.03761522246141502,772.3161102294922,786.9821862792969,784.8453875732422,774.7184829711914,769.6187925584038,779.0638354050108,772.3161102294922,801.9963913707663,742.6358290882181,0.07686044806822606,40.67241150522374,-9.866515163966483,-8.477482753532003,-1.3890324104344796,9.250479096103804,11.998294215623208,16.89982403069619,-0.07979390406360598
2023-08-30,767.918583020737,767.918583020737,753.4358760513546,755.8297119140625,28084204,0.0,0.0,HDFCBANK.NS,-0.0072943958992209845,-0.0073211300908422395,0.030046446237723234,770.3160614013672,786.7384936523438,784.5758410644531,774.8890133666993,768.3055467827522,778.1526933073266,770.3160614013672,798.6866455147864,741.9454772879479,0.07365959386023227,37.468332333713384,-9.721154608069696,-8.726217124439543,-0.994937483630153,9.484732155698387,12.0997973506397,16.93587762383406,-0.0865062516362426
2023-08-31,755.9734194012763,757.9603149977916,748.3610091258726,752.3587036132812,100075772,0.0,0.0,HDFCBANK.NS,-0.004592315234593358,-0.0046028923087958334,0.02531614825032702,768.6631164550781,786.3933020019531,784.2119439697266,774.8377062988282,766.7867998142311,777.1411642997169,768.6631164550781,797.1808609515377,740.1453719586185,0.0742008921358886,35.581740202775066,-9.773375295015512,-8.935648758554738,-0.8377265364607744,9.375301360945107,11.960463589903817,16.88721757136261,-0.09070130289355927
2023-09-01,752.1432576208482,755.9733951516992,746.5656081528945,753.9146728515625,43226776,0.0,0.0,HDFCBANK.NS,0.002068121536719758,0.002065985917347811,0.02743662665847002,767.3716400146484,785.8101623535156,783.9009997558594,774.7849490356446,765.5608829606437,776.2303214978285,767.3716400146484,796.1150098845327,738.6282701447641,0.07491381847089272,37.11044014107194,-9.578788540195319,-9.064276714882855,-0.5145118253124643,9.288095698767474,11.95732153003618,16.734919700055364,-0.08882076267476215
2023-09-04,761.2398731833899,761.9340622690505,754.0104999128797,758.630615234375,25073638,0.0,0.0,HDFCBANK.NS,0.006255273378584336,0.006235790361584134,0.0338635236373892,765.7522155761719,785.2447399902344,783.6142590332031,774.7464227294922,764.9008574629038,775.5401369384774,765.7522155761719,792.4635909584556,739.0408401938882,0.06976506195854841,41.63153576889928,-8.940974014682524,-9.03961617484279,0.09864216016026539,9.22654430513201,12.093108805643414,16.75132070426671,-0.0831210874484028
2023-09-05,760.473793886353,760.473793886353,751.9517147780502,754.0104370117188,38712082,0.0,0.0,HDFCBANK.NS,-0.006090155247990947,-0.006108775883665274,0.027567134273202454,763.9245208740234,784.5878723144531,783.1790753173829,774.6518984985352,763.863674562791,774.6958349805653,763.9245208740234,788.395910876982,739.4531308710648,0.0640675599075164,38.69651038283748,-8.707931563570241,-8.97327925258828,0.2653476890180393,8.82300990584311,12.109139284334772,16.747720559123533,-0.08870502236945117
2023-09-06,754.9201238552107,766.0274992165465,754.010454511239,763.873046875,56320910,0.0,0.0,HDFCBANK.NS,0.01308020337539162,0.0129953962443782,0.04100792137136433,762.6222747802734,784.2043798828125,782.8067803955078,774.6415963745117,763.8645671639538,774.2714119176021,762.6222747802734,783.8228647945707,741.4216847659761,0.05559918904914127,47.246380224530085,-7.639351858493114,-8.706493773769248,1.0671419152761334,9.137627914581717,12.332038696759858,16.886340145679625,-0.07678509872707057
2023-09-07,763.8731027987624,772.730296406896,759.8754081832036,771.22216796875,34208342,0.0,0.0,HDFCBANK.NS,0.009620867137301481,0.00957488130882906,0.05102332027175671,761.6731201171875,783.7471569824219,782.63009765625,774.6780981445313,764.5652910501249,774.1518337235295,761.6731201171875,779.0244613993959,744.3217788349791,0.04556112280695638,52.5562244669455,-6.128832721868662,-8.19096156338913,2.062128841520469,9.652301849051534,12.77362165002221,16.97004959149003,-0.06790297082274686
2023-09-08,770.0012791246807,781.7789400663747,769.6661070326583,777.2306518554688,34502210,0.0,0.0,HDFCBANK.NS,0.007790859931508409,0.007760667895498808,0.05921169574474283,761.3750885009765,783.2420568847656,782.5468701171875,774.7838110351563,765.771515888729,774.2725716894879,761.3750885009765,777.317794555815,745.432382446138,0.04187871732506266,56.41852139240462,-4.396224054383424,-7.4320140615879895,3.0357900072045654,10.055835859713918,12.771459706901245,17.01263096500271,-0.06064113342585181
2023-09-11,779.8638828046087,783.5025017381441,777.51791189902,781.2523193359375,31573022,0.0,0.0,HDFCBANK.NS,0.005174355219866644,0.005161014244736156,0.06469243331156349,761.6862884521485,782.5756140136718,782.4749859619141,774.9151940917968,767.2458781217965,774.5462872834663,761.6862884521485,778.9402037743502,744.4323731299468,0.04530451862869693,58.83414622181837,-2.667850922676621,-6.479181433805716,3.8113305111290954,9.888267318266116,11.85354944162158,16.67365195377647,-0.05578055697126579
2023-09-12,785.178197372979,786.5666339228394,778.0206512071577,783.6940307617188,39033340,0.0,0.0,HDFCBANK.NS,0.003125381346524181,0.0031205074947001517,0.06802000318242096,762.3086853027344,781.78181640625,782.3981719970703,775.0489636230469,768.8123688494082,774.9050223218292,762.3086853027344,781.7712910604504,742.8460795450184,0.05106226947942185,60.273861892469945,-1.0885291710186493,-5.401050981248303,4.312521810229653,9.907073538778263,11.806088061988106,13.405063441509613,-0.05282951113699838
2023-09-13,781.0129551372609,790.7318942113928,779.7202486339522,787.04541015625,46420094,0.0,0.0,HDFCBANK.NS,0.004276387547923255,0.00426726978750234,0.07258727062496328,763.2111663818359,780.9746154785156,782.3420910644531,775.1379565429687,770.5488489738693,775.3811159623948,763.2111663818359,785.4546308177628,740.9677019459091,0.05828914831363567,62.22658129037748,0.42858257096690977,-4.235124270805261,4.6637068417721705,10.007959127645295,11.702730147148143,13.285652142038115,-0.0487790430526642
2023-09-14,787.2129133414476,789.9658245482066,782.8321820803015,786.5665893554688,23538848,0.0,0.0,HDFCBANK.NS,-0.0006083776038872113,-0.0006085627406341755,0.07193473255130045,764.3027526855469,780.6835241699218,782.217084350586,775.2423052978515,772.0743480578312,775.8197619778095,764.3027526855469,788.8812565152228,739.724248855871,0.06431614630017728,61.75949051133792,1.5741222186599089,-3.073274972912227,4.647397191572136,9.802772065788881,11.063601660786542,13.286255386486456,-0.04935774457921908
2023-09-15,789.9659158090586,799.5412602431078,789.9659158090586,795.5914306640625,173411202,0.0,0.0,HDFCBANK.NS,0.01147371555151988,0.011408391674111151,0.08423380676238867,766.0023773193359,780.5566528320312,782.295927734375,775.4329586791993,774.3140702108057,776.5951215341331,766.0023773193359,794.224745520579,737.7800091180928,0.0736874167414693,66.81554040179074,3.1736164376957277,-1.8238966907906362,4.997513128486364,10.006252900854504,11.316436122084287,13.400527897970576,-0.03845034574926578
2023-09-18,791.7611944741388,792.3596534268783,778.5232707508934,779.9356689453125,37056288,0.0,0.0,HDFCBANK.NS,-0.01967814271916235,-0.01987433544069285,0.06289809917197764,766.9491394042968,780.2564660644531,782.1820031738281,775.5510137939453,774.8494605664729,776.726123393395,766.9491394042968,795.7298886714534,738.1683901371402,0.07505256291052391,53.58078144159721,3.141722182308399,-0.830772916170829,3.972495098479228,10.71585737661744,12.012163402102665,13.807854318896466,-0.05737185707717297
2023-09-20,765.548760092835,765.548760092835,747.0683576854377,748.6482543945312,115474648,0.0,0.0,HDFCBANK.NS,-0.040115378481266895,-0.040942187661147655,0.020259539636674706,766.4943115234375,779.3683532714844,781.7116577148438,775.4875451660156,772.3541075977165,775.6250304914788,766.4943115234375,796.1613768747899,736.8272461720852,0.07740974696182122,37.566190127907404,0.5850685743807844,-0.5476046180605064,1.132673192441291,12.029043397366902,16.629235706079587,15.272909741208363,-0.09518574179761587
2023-09-21,743.5254363384076,751.161749541656,735.8891231351594,743.6929931640625,72841442,0.0,0.0,HDFCBANK.NS,-0.006618944479442224,-0.00664094683443895,0.013506498389198374,765.6983612060546,778.4582165527344,781.1605187988281,775.3731475830078,769.6244776516542,774.3727937335409,765.6983612060546,796.9545296189441,734.4421927931652,0.08164094373574923,35.74400862230493,-1.8199665564761744,-0.8020770057436402,-1.0178895507325343,12.434280578408163,16.68555795077822,15.27935350115947,-0.10117465713686516
2023-09-22,746.3980579436757,748.9834124885792,729.5215142987016,732.3462524414062,61704250,0.0,0.0,HDFCBANK.NS,-0.015257291418574792,-0.015374881493212655,-0.0019568656113448935,764.5098205566406,777.4690844726563,780.4975689697266,775.2313632202148,766.0741704887735,772.7246940750259,764.5098205566406,798.9460702946843,730.073570818597,0.09008713508211207,31.925282663515787,-4.588666086373905,-1.5593948218696934,-3.029271264504212,13.152431377770515,17.10594088879952,15.450859643239978,-0.11488829732732841
2023-09-25,730.1199506265053,737.636571986799,730.1199506265053,732.9925537109375,40208754,0.0,0.0,HDFCBANK.NS,0.0008825077855956209,0.0008821186045531714,-0.001076084774886632,763.7796997070312,776.4148388671875,779.8131549072266,775.0789654541015,762.9235403194558,771.166570923493,763.7796997070312,800.2831302332158,727.2762691808466,0.09558628107080226,32.368496024191515,-6.654025832326965,-2.578321023961148,-4.075704808365817,13.116519373685207,17.022213174824213,15.433611274460727,-0.11410717935859806
2023-09-26,730.1199748754191,737.3014828250133,730.1199748754191,736.1763916015625,27575308,0.0,0.0,HDFCBANK.NS,0.0043436155995120185,0.004334209329584489,0.0032628567260108987,762.8197723388672,775.3917138671875,778.9965673828125,774.9467468261719,760.3761928225136,769.7944070285155,762.8197723388672,801.2145375934775,724.4250070842569,0.10066536460346029,34.62652338508464,-7.9423744530399745,-3.6511317097769136,-4.29124274326306,13.020764290920315,16.93634077401696,15.436704260560788,-0.11025920148336434
2023-09-27,729.1624342668326,733.7107225961398,725.3322967263633,731.0056762695312,39338538,0.0,0.0,HDFCBANK.NS,-0.007023745111932045,-0.007048527722300873,-0.0037838058599013458,761.30087890625,773.9357824707031,778.6117883300781,774.7903314208984,757.5790007698487,768.2732803320847,761.30087890625,802.2531841800082,720.3485736324917,0.10758507288890526,32.716114873330994,-9.273731724210279,-4.775651712663587,-4.498080011546692,12.93698091023256,16.983119631885792,15.469470416595016,-0.11650851406783208
2023-09-28,734.4288841265327,736.1524343562999,726.9361657647512,729.49755859375,55354188,0.0,0.0,HDFCBANK.NS,-0.0020630724558494684,-0.002065203521361349,-0.0058390720501029225,759.9842712402344,772.4630932617188,778.1229406738281,774.604956665039,754.9045777054583,766.7526637933265,759.9842712402344,803.3020252498673,716.6665172306016,0.11399644873950267,32.15881785966896,-10.331440036452136,-5.886809377421297,-4.444630659030839,12.677079507936583,16.97972541489463,15.46395709665736,-0.11833122101743622
2023-09-29,729.4975901133708,735.1231049512756,728.8273627596361,730.742431640625,32053782,0.0,0.0,HDFCBANK.NS,0.001706480072770633,0.0017050256899996505,-0.004142556237429207,758.9034576416016,770.942529296875,777.6463055419922,774.398471069336,752.6034209373789,765.3404978265539,758.9034576416016,804.061903491326,713.7450117918771,0.11900972487346577,33.17078375534186,-10.943085564680587,-6.898064614873155,-4.045020949807432,12.2615730192168,16.96718777000462,15.46718060821056,-0.11682667081531853
2023-10-03,731.0774976675469,731.0774976675469,721.0233866976592,722.0048828125,38971694,0.0,0.0,HDFCBANK.NS,-0.011957084260876827,-0.01202914519470947,-0.016050107604319686,757.3079681396484,769.2122644042969,777.0463214111328,774.1182406616211,749.6892744492952,763.6410619436499,757.3079681396484,805.3700113002012,709.2459249790957,0.12692866094785385,29.80970017209664,-11.994599938445845,-7.917371679587693,-4.077228258858152,12.531734525446252,17.224337388891108,15.443123236276104,-0.1273868487293389
2023-10-04,715.7569705893197,734.9076587656226,713.0040591639762,732.2984008789062,54649430,0.0,0.0,HDFCBANK.NS,0.014256853812828485,0.014156180599781857,-0.0020220778292862063,755.991357421875,767.8123498535156,776.5440649414063,773.8787091064453,748.0330007759248,762.4119379803267,755.991357421875,805.3266650502424,706.6560497935077,0.1305181789289587,37.805052131867164,-11.860610044349755,-8.706019352540107,-3.1545906918096485,13.485850017300875,17.836163921672455,15.63529532051245,-0.11494613059652141
2023-10-05,734.9316709791724,742.8313303944558,733.7586561818523,735.2667846679688,48512674,0.0,0.0,HDFCBANK.NS,0.004053516688688363,0.0040453233237469285,0.0020232423331754124,755.0541748046875,766.4464282226562,776.0023846435547,773.6210046386718,746.8171706704052,761.3474221641559,755.0541748046875,805.2524918119826,704.8558577973923,0.13296613324541942,39.93005077509123,-11.38367441145067,-9.24155036432222,-2.1421240471284495,13.451656012880083,17.875405681973014,15.636927093475684,-0.11135854996650613
2023-10-06,739.2165913446855,739.6953585670591,732.4420234594476,734.452880859375,17759356,0.0,0.0,HDFCBANK.NS,-0.0011069503281877502,-0.0011075634502077977,0.0009140523762229957,753.5831665039062,764.8899572753907,775.4146984863281,773.431296081543,745.6396192598309,760.2927342698508,753.5831665039062,804.4136399445347,702.7526930632778,0.13490342061764982,39.53122653050653,-10.94520520902222,-9.58228133326222,-1.36292387576,13.460205487144833,17.84622842993758,15.488544912921975,-0.11234223191126193
2023-10-09,731.55630088108,732.513835306317,723.8960254791839,725.9307861328125,16454972,0.0,0.0,HDFCBANK.NS,-0.011603323982596225,-0.011671167866655643,-0.01069987765223157,751.3185974121094,763.2195397949218,774.7872741699218,773.1803985595703,743.7625875334481,758.9452068919278,751.3185974121094,802.8707277933745,699.7664670308443,0.1372310776249506,35.5296545481273,-11.156768744178407,-9.897178815445457,-1.2595899287329502,13.287504379469981,18.0808056418011,15.594152483854504,-0.12264201258006385
2023-10-10,727.989492834349,732.035052316478,725.4280415474352,730.0481567382812,33266292,0.0,0.0,HDFCBANK.NS,0.005671850104887799,0.005655825726443974,-0.005088715649527842,748.95947265625,761.7995166015625,774.2433947753906,772.9380178833007,742.4564512672418,757.8119892388436,748.95947265625,799.8326749624837,698.0862703500163,0.13585034748491112,38.75530361045955,-10.86692977049779,-10.091129006455924,-0.7758007640418665,12.540279440603813,17.93460747068044,15.421691935437801,-0.11766576958709185
2023-10-11,732.5616968533279,738.330865115236,731.7956810054357,737.1099853515625,31333360,0.0,0.0,HDFCBANK.NS,0.009673099710068689,0.009626614809385599,0.004535160406666794,746.7523559570312,760.8046398925782,773.738773803711,772.757808227539,741.9472640371771,757.0001459491464,746.7523559570312,795.5128835791904,697.991828334872,0.13059356889384874,43.93638171145918,-9.952671542531903,-10.063437513671122,0.11076597113921949,10.784236377538093,17.896247949601317,15.503175298899832,-0.10913086259870107
2023-10-12,735.4342849776942,743.046695154072,733.2798325755078,742.017333984375,22025336,0.0,0.0,HDFCBANK.NS,0.0066575527809082935,0.0066354891487860924,0.011222906257352339,744.6685211181641,759.8341796875,773.2741302490234,772.6395288085937,741.9539373654817,756.4125846956259,744.6685211181641,790.2395963152823,699.097445921046,0.12239291417526409,47.27439200910112,-8.731482196151546,-9.797046450167208,1.065564254015662,10.390967532685774,17.845287081899976,15.544908718857647,-0.10319985429556976
2023-10-13,737.3015454264508,741.5147204919085,732.4899113143808,735.2667846679688,39745300,0.0,0.0,HDFCBANK.NS,-0.009097562829372352,-0.009139198367752179,0.0020232423331756344,742.07958984375,758.6229016113281,772.7699890136719,772.5006323242187,741.3170656800042,755.5833376357178,742.07958984375,783.1776096969627,700.9815699905373,0.11076445280449275,43.44262176118515,-8.213711204186211,-9.480379400971009,1.2666681967847975,9.681362138408385,17.909875769949245,15.612985279659952,-0.11135854996650613
2023-10-16,733.2319960651158,734.6443359841811,727.965556654919,732.3223266601562,17856084,0.0,0.0,HDFCBANK.NS,-0.0040046117534632275,-0.004012651682820046,-0.0019894717203151613,739.3673767089844,757.56099609375,772.2548364257813,772.3810934448243,740.4604238685902,754.6711411268724,739.3673767089844,774.8844991262723,703.8502542916964,0.09607435636497534,41.849267650034534,-7.9493321631933895,-9.174169953415484,1.2248377902220948,9.665976899319528,17.900031128389962,15.618006159524727,-0.1149172139619249
2023-10-17,744.8420626176685,744.8420626176685,734.9076433348039,737.8759765625,32902558,0.0,0.0,HDFCBANK.NS,0.00758361407287933,0.007555003030697969,0.005579054966828423,736.4816040039062,756.7236315917969,771.89767578125,772.2140625,740.2142860299149,754.0125072223873,736.4816040039062,760.1747732481281,712.7884347596844,0.0643415099994709,45.88110510464483,-7.20858070395866,-8.78105210352412,1.57247139956546,10.0472788998851,18.048581521859262,15.647583695807885,-0.10820508769006325
2023-10-18,737.8760401745988,737.8760401745988,726.8165287202147,727.6065063476562,31216200,0.0,0.0,HDFCBANK.NS,-0.013917610196073293,-0.014015368231542895,-0.008416202341535617,733.8651458740235,755.4553796386718,771.4675042724609,771.9917791748047,739.013545107795,752.9769777763195,733.8651458740235,746.1776069349105,721.5526848131365,0.03355510513099254,40.31480503634738,-7.365287803418028,-8.497899243502902,1.1326114400848741,10.062665798398305,18.322497895067364,15.808459380309825,-0.12061674165443427
2023-10-19,720.7361578942352,730.7184423716426,719.682834983418,725.308349609375,30252364,0.0,0.0,HDFCBANK.NS,-0.0031585159261662277,-0.003163514565891367,-0.011548135558568262,732.6981506347656,754.1502600097656,770.9846673583984,771.7610818481445,737.7082883936598,751.8919335344785,732.6981506347656,743.4344659838082,721.961835285723,0.029306243887039354,39.16956177212485,-7.587457859855363,-8.315810966773395,0.728353106918032,10.19261856958944,18.27589644231684,15.811429439756427,-0.12339428768112269
2023-10-20,720.5446319365362,731.0775102771368,720.5446319365362,729.0667114257812,21094010,0.0,0.0,HDFCBANK.NS,0.005181743486657009,0.005168364451791664,-0.006426231548124939,731.9668365478516,752.9332348632812,770.44509765625,771.521958618164,736.8852810633857,750.9968267851178,731.9668365478516,741.4717339244348,722.4619391712683,0.02597084157913723,42.067944582062786,-7.375243624019163,-8.127697498222549,0.7524538742033862,10.495271151658082,17.877582561182177,15.81378218419746,-0.11885194174094811
2023-10-23,729.4018275247573,731.9153553189844,718.1986633818357,721.04736328125,22376136,0.0,0.0,HDFCBANK.NS,-0.010999470993331206,-0.011060412469104094,-0.01735501739394607,731.4018920898437,751.5500769042969,769.8193493652344,771.2738613891602,735.3769079412775,749.8223380202603,731.4018920898437,742.0822951706378,720.7214890090496,0.029205292456318026,37.91659510818203,-7.764650628850632,-8.055088124348165,0.2904374954975335,10.756884077891016,17.76238567981122,15.906197495211336,-0.12854410424859866
2023-10-25,728.2049558099759,729.0667602000749,714.0573608059868,716.4751586914062,28311996,0.0,0.0,HDFCBANK.NS,-0.006341059995056519,-0.006361249911555626,-0.023586028182492336,730.5760223388672,750.2157543945312,769.271879272461,771.0016009521485,733.5767413460517,748.5146054975602,730.5760223388672,743.1288433343983,718.0232013433362,0.03436417460114406,35.75043476634164,-8.345989809274784,-8.113268461333488,-0.23272134794129506,10.264441205922562,17.54402299158276,15.934586422861575,-0.13407005836660407
2023-10-26,713.9615222749121,714.3205976423598,699.1197404204128,700.6278686523438,55561798,0.0,0.0,HDFCBANK.NS,-0.022118408219492958,-0.022366688076174163,-0.04518275100236846,728.7985961914062,748.7277453613282,768.5987329101563,770.6248989868164,730.4387534704605,746.6366942487282,728.7985961914062,746.8675643275712,710.7296280552412,0.049585628267098204,29.466831655036884,-9.970515269312614,-8.484717822929314,-1.4857974463833,10.751761831311414,18.255196704321648,16.21906298597305,-0.1532230503051332
2023-10-27,703.548416210113,707.6179375015631,702.3036331507926,703.380859375,31940532,0.0,0.0,HDFCBANK.NS,0.00392931946591224,0.003921619853081466,-0.04143096899949328,727.4173553466796,747.3704406738282,767.9411462402344,770.331305847168,727.8618111756547,744.9403869987781,727.4173553466796,748.7115342504197,706.1231764429396,0.058547349048584364,31.712286942545745,-10.910055725719417,-8.969785403487334,-1.9402703222320827,10.732957098569118,18.282245303562554,16.068583923140995,-0.14989579315341137
2023-10-30,700.5560392009198,713.3390988556793,699.9097152306466,711.01708984375,23310982,0.0,0.0,HDFCBANK.NS,0.010856466119273156,0.010797957772656063,-0.0310242967914518,726.4933319091797,746.2108666992187,767.3699755859375,770.1003897094727,726.2575520011876,743.6100616201495,726.4933319091797,748.9780160010714,704.008647817288,0.06189921670114537,37.64235511620957,-10.912673815417293,-9.358363085873327,-1.5543107295439658,10.938137687486371,18.622772854417896,16.1864542174679,-0.1406666656339297
2023-10-31,720.0658162779376,720.0658162779376,705.7028013255851,706.8997192382812,32634824,0.0,0.0,HDFCBANK.NS,-0.005790818060890213,-0.005807649859172824,-0.03663545879415564,725.3011962890625,745.0541638183594,766.7815704345703,769.8614297485351,724.4139488809108,742.1704403502723,725.3011962890625,749.3136750673416,701.2887175107835,0.06621381269226276,35.835369798345496,-11.11881528652384,-9.71045352600343,-1.4083617605204104,11.49213798629421,18.617933806582812,16.200269126863205,-0.1456429086269017
2023-11-01,700.0773018118728,707.354539496317,700.0773018118728,705.9421997070312,33877466,0.0,0.0,HDFCBANK.NS,-0.0013545337552004488,-0.0013554519653054872,-0.037940368583782136,724.4980621337891,743.9410290527344,766.1438525390626,769.6103451538086,722.6547346738746,740.7497250309295,724.4980621337891,750.0028624159946,698.9932618515835,0.0704068143594171,35.40966163509303,-11.229995315820702,-10.014361883966885,-1.2156334318538171,11.420318651114892,18.08586752801747,15.899222940925814,-0.14680016414616148
2023-11-02,710.9692996573848,713.6025192857455,702.4233167339939,707.0194702148438,45225154,0.0,0.0,HDFCBANK.NS,0.0015260038403421827,0.001524840679656571,-0.0364722618916028,723.2341156005859,742.8614099121094,765.512119140625,769.4337545776367,721.1656618682526,739.4269699401027,723.2341156005859,749.602179026559,696.8660521746128,0.07291708965934665,36.32614179158376,-11.10318891289944,-10.232127289753397,-0.8710616231460442,11.521200077771132,17.51491104344027,15.873260315687038,-0.14549817792006925
2023-11-03,712.4056102569502,714.0334304636632,709.3654501545199,710.370849609375,18095340,0.0,0.0,HDFCBANK.NS,0.004740151489057043,0.004728952347461483,-0.031904994449060475,721.9893188476562,741.9139306640625,764.9048028564453,769.2204339599609,720.1375845102643,738.2875142408585,721.9893188476562,748.3161842933328,695.6624534019797,0.07292868400794615,39.21569356409086,-10.609960595230405,-10.307693950848797,-0.3022666443816071,11.341667047687224,13.713434451090068,15.902794714568763,-0.14144770983573507
2023-11-06,717.193263319672,717.193263319672,710.0117553425058,715.517578125,25593730,0.0,0.0,HDFCBANK.NS,0.007245129101870029,0.0072190092393246115,-0.024891021150968307,721.0425537109375,741.0320422363282,764.3958728027344,769.0127301025391,719.697583902144,737.3945755696484,721.0425537109375,746.8387550853312,695.2463523365437,0.07155250752297566,43.45918860796845,-9.692051683044042,-10.184565497287846,0.4925138142438037,11.333115616552691,13.870117745780655,15.950532022806795,-0.13522738765278883
2023-11-07,715.2781260341811,715.2781260341811,707.234814492639,712.0464477539062,41952848,0.0,0.0,HDFCBANK.NS,-0.0048512160668222615,-0.0048630214111448815,-0.02962148549606336,720.3483367919922,740.1506298828125,763.8393048095703,768.7847119140625,718.9689042689785,736.4005313415801,720.3483367919922,746.3372226309858,694.3594509529986,0.07215644018762596,41.361905218185846,-9.13934083634092,-9.97552056509846,0.8361797287575392,11.030474736184747,13.271893054104812,15.758444348868489,-0.13942258644395547
2023-11-08,710.4664864917698,715.0147744015756,709.0541467812902,714.1051635742188,31399546,0.0,0.0,HDFCBANK.NS,0.002891266190297781,0.0028870945192128517,-0.026815862905286703,719.5511871337891,739.4808337402344,763.3117034912109,768.6033163452148,718.5056908694776,735.5262031938404,719.5511871337891,745.2639205849039,693.8384536826743,0.07146880975497276,43.11530558379427,-8.437925197715572,-9.668001491621883,1.2300762939063112,10.666268748034838,13.30809207799006,15.648341128982318,-0.13693442806400696
2023-11-09,711.4481354625899,714.6079876326531,710.2512173342882,711.2805786132812,22116740,0.0,0.0,HDFCBANK.NS,-0.003955418760452578,-0.003963262118580188,-0.03066521369852604,718.259716796875,738.5989465332032,762.8501727294922,768.3519436645507,717.817584940316,734.5753943867596,718.259716796875,742.82829236162,693.6911412321299,0.06841139768859708,41.29099203851385,-8.017547355816419,-9.337910664460791,1.3203633086443727,10.189208955902009,13.244640751689788,15.40879511556294,-0.1403482138187433
2023-11-10,708.6233409063911,716.2357512885518,708.5994376116778,714.081298828125,14015186,0.0,0.0,HDFCBANK.NS,0.003937574424292656,0.003929842468241447,-0.02684838583540816,716.8629150390625,737.6529016113282,762.3175439453125,768.0473602294921,717.4617481677263,733.7717043648524,716.8629150390625,738.7775076268146,694.9483224513104,0.061140260231087304,43.828927070947465,-7.373404159346023,-8.945009363437837,1.5716052040918136,9.982311479921545,13.200451722928525,15.296253969460134,-0.13696327093167848
2023-11-13,714.3685319579603,716.2117740009877,711.4001986764561,712.7886352539062,20605914,0.0,0.0,HDFCBANK.NS,-0.0018102470633807322,-0.0018118875406743866,-0.028610030687173826,715.7390075683594,736.792080078125,761.7652868652344,767.7202206420899,717.0166897949816,732.9488389095212,715.7390075683594,735.9162144991614,695.5618006375574,0.05638146507999246,42.90698376979211,-6.887824627754412,-8.533572416301151,1.645747788546739,9.346231721877464,13.198464543261917,15.257677249532614,-0.13852558063606416
2023-11-15,720.1137927400063,723.3933366396359,718.4142041069291,720.2574462890625,41245460,0.0,0.0,HDFCBANK.NS,0.010478297023486904,0.010423780167744614,-0.01843151806307819,715.1357635498047,736.1500549316406,761.2716784667969,767.3905456542968,717.3253332706084,732.4511372381307,715.1357635498047,733.8971473345554,696.374379765054,0.05246943235399832,49.51480191799304,-5.833088506150261,-7.993475634270974,2.1603871281207123,9.031610435566149,13.579035868071207,14.512768397883802,-0.129498795791833
2023-11-16,722.794761480394,727.2473194666765,719.9461202422743,722.1484375,29713838,0.0,0.0,HDFCBANK.NS,0.002625437919011153,0.002621997477339569,-0.015854470950494748,714.3493865966797,735.5147302246094,760.6624462890625,767.0415704345703,717.7846765305504,732.0471097974197,714.3493865966797,730.188331012828,698.5104421805313,0.044345091388987234,51.05923318946068,-4.7894060520989115,-7.352661717836562,2.5632556657376506,8.313451932238195,13.15599333056577,14.522034530643054,-0.12721334892175992
2023-11-17,713.3630955591337,721.7415211781168,712.8843283809061,720.5924682617188,23701874,0.0,0.0,HDFCBANK.NS,-0.00215463907069835,-0.002156963645140349,-0.01797494935863786,713.9986846923828,734.7539672851562,759.9993536376953,766.6318014526368,718.0520852668521,731.5979081685687,713.9986846923828,728.8835605849813,699.1138087997842,0.041694407039451306,49.71164004484894,-4.041248899960351,-6.69037915426132,2.649130254300969,8.475883380086373,12.45612008425446,14.466275305729686,-0.12909388914055706
2023-11-20,724.3747271219125,724.3747271219125,718.8928664109501,720.6403198242188,19331452,0.0,0.0,HDFCBANK.NS,6.640585991046777e-05,6.64036551389585e-05,-0.017909737140696436,713.765283203125,734.0865649414062,759.3372186279297,766.3331512451172,718.2985837961252,731.1681988217314,713.765283203125,728.0372361229481,699.4933302833019,0.03999060547124298,49.75555903274571,-3.4052145518467114,-6.033346233778399,2.628131681931688,7.908203171938502,12.382652084974776,14.46569775749712,-0.12903605587136405
2023-11-21,727.2473578304415,728.6836593929769,723.9438525479579,726.74462890625,24959972,0.0,0.0,HDFCBANK.NS,0.008470673807871698,0.00843499896887206,-0.009590770874128296,713.6491790771485,733.3439965820312,758.7741882324219,766.1427685546874,719.1029690447085,730.9947254917125,713.6491790771485,727.4262091333771,699.8721490209198,0.03861009151315601,55.13810271483517,-2.3811377477568385,-5.302904536574087,2.9217667888172487,7.456797787396048,12.659314467760883,14.537363295958198,-0.12165840440223304
2023-11-22,727.7260937743376,727.7260937743376,719.8503972552013,724.1593017578125,29123650,0.0,0.0,HDFCBANK.NS,-0.0035574079884544973,-0.0035637506109176187,-0.013114060577659736,713.8047760009765,732.4027392578125,758.0749481201171,765.943364868164,719.5845245411946,730.7266696590106,713.8047760009765,727.9976317853364,699.6119202166167,0.03976677170436982,52.56949927582772,-1.7578998219462392,-4.593903593648518,2.836003771702279,7.499544847016913,12.244159642793996,14.473527967144973,-0.12478302381100442
2023-11-23,722.220328180805,729.5693930831869,722.220328180805,728.3485717773438,13046220,0.0,0.0,HDFCBANK.NS,0.005785011680941254,0.005768342756585375,-0.007404913890344811,714.3984466552735,731.42509765625,757.3335772705078,765.7901119995117,720.4191957065422,730.6334109185531,714.3984466552735,729.9863545376177,698.8105387729292,0.04363925469134178,56.135382514158074,-0.9153881711411032,-3.8582005091470353,2.942812338005932,7.225963586347648,12.248799997437377,14.483144335500327,-0.11971988338039294
2023-11-24,728.3006518298484,734.0219550188177,727.654327789123,733.5192260742188,16469192,0.0,0.0,HDFCBANK.NS,0.0070991479865984974,0.007074067664850464,-0.0003583344832819302,716.0430145263672,730.4704357910156,756.5230249023438,765.6057934570313,721.666817646321,730.7465801403439,716.0430145263672,732.4333323364946,699.6526967162398,0.04578026034083693,60.12058189129572,0.16760492563514617,-3.0530394221905994,3.2206443478257456,7.17979694212445,12.0930011695731,14.535710056732897,-0.11347064456285019
2023-11-28,735.0033214761758,735.9848175325754,730.5029569217514,731.867431640625,28489338,0.0,0.0,HDFCBANK.NS,-0.0022518761265932774,-0.002254415412459077,-0.00260940368500695,717.4673431396484,729.4339038085938,755.6078601074219,765.4704901123047,722.6383046933976,730.7905351011392,717.4673431396484,734.1725879766961,700.7620983026006,0.046567261901971295,58.29841710476841,0.8824266856644272,-2.2659462006195943,3.1483728862840215,7.058393558814292,11.932790369545994,14.067511446894438,-0.11546699885388328
2023-11-29,734.3809775281464,748.3130905581396,733.950075384279,746.4698486328125,34042488,0.0,0.0,HDFCBANK.NS,0.019952270535462002,0.01975583260864109,0.017290803322195458,719.2399810791015,728.622392578125,754.7985040283203,765.276965637207,724.9079755447705,731.4054101415969,719.2399810791015,740.0764590928063,698.4035030653968,0.057940266286206896,67.6367613793536,2.5972812527488713,-1.293300709945901,3.8905819626947724,7.641457507753834,13.020247099113785,14.497952021060817,-0.09781855711747184
2023-11-30,751.257597217354,752.8374939821603,738.3308822383686,746.3023681640625,69491440,0.0,0.0,HDFCBANK.NS,-0.00022436334040387695,-0.00022438851362350439,0.01706256055939992,721.2101135253906,727.8171081542969,754.2503161621094,765.0992889404297,726.9455367466078,731.9896045738506,721.2101135253906,744.4467301438226,697.9734969069586,0.06443785571682481,67.45019873905072,3.89786936617395,-0.255066694721931,4.152936060895881,8.25188494514714,12.951587744464577,14.470526004461329,-0.09802097355964731
2023-12-01,745.8714174875178,749.6297282428743,743.09454440636,744.6744995117188,22153536,0.0,0.0,HDFCBANK.NS,-0.0021812454599982045,-0.002183627840878693,0.0148440974666455,723.146728515625,726.79876953125,753.6777111816406,764.9076748657227,728.6340093909041,732.4870514341591,723.146728515625,747.4568967859923,698.8365602452577,0.06723440018948247,65.55740409178867,4.742570025608643,0.7444606493441839,3.998109376264459,8.407485912157808,12.806564717972996,14.463374940605783,-0.0999884112160839
2023-12-04,760.2823241901957,771.7727371502491,753.4120264631497,770.5279541015625,50662456,0.0,0.0,HDFCBANK.NS,0.03471779227943994,0.034128725073309565,0.05007724403850822,726.322152709961,726.610615234375,753.4335406494141,764.8458013916015,732.6239088871573,733.9788515387631,726.322152709961,757.4091309883346,695.2351744315873,0.08560107429571259,76.7273315701375,7.412709996428475,2.0781105187610422,5.3345994776674335,9.797623337990403,15.563179900959934,15.59386550398592,-0.06874199582759519
2023-12-05,783.5025725396295,784.6994906156142,773.9272279317513,777.3743286132812,52230820,0.0,0.0,HDFCBANK.NS,0.008885303220051988,0.008846061193625816,0.05940749875626694,729.6723266601563,727.18513671875,753.2767449951172,764.8263244628906,736.8858536229786,735.6806349534502,729.6723266601563,767.2791802396381,692.0654730806745,0.1030787442676229,78.69753508205497,9.966374208160119,3.6557632566408578,6.31061095151926,10.466191994384692,15.610463883084268,15.667874112636387,-0.06046748608442285
2023-12-06,784.4360428215049,784.4360428215049,773.9989536278642,779.3372192382812,38613060,0.0,0.0,HDFCBANK.NS,0.0025250263003944173,0.002521843777662214,0.06208253055346158,732.8633087158203,727.8980212402344,753.1781188964844,764.8011599731445,740.9288408244361,737.3926578665809,732.8633087158203,775.8575693874312,689.8690480442093,0.11733227782121833,79.24017133300238,12.010115230649035,5.326633651442494,6.683481579206541,10.454219694949765,15.587705805462186,15.561523849849198,-0.058095141776710324
2023-12-07,777.996699171334,782.3056039667443,773.7835244385168,780.60595703125,20450386,0.0,0.0,HDFCBANK.NS,0.0016279702311776667,0.001626646524083298,0.06381156929625642,736.2912841796875,728.8632153320312,753.1661499023437,764.7793814086914,744.7076137965136,739.0872970495091,736.2912841796875,783.0637549246915,689.5188134346836,0.1270488236109268,79.60185596685727,13.575679271859713,6.976442775525937,6.599236496333775,10.541425430937295,15.074711132272297,15.556497575882563,-0.05656174870692113
2023-12-08,780.605970823838,792.3597291563016,780.605970823838,791.4979248046875,33728038,0.0,0.0,HDFCBANK.NS,0.013953221436922014,0.013856771399640333,0.07865516768980663,740.160922241211,730.0333227539063,753.2240808105469,764.7757339477539,749.1638338925301,741.1426157850063,740.160922241211,791.7615573660188,688.5602871164032,0.13943085503233763,82.43165895682219,15.516427112035672,8.684439642827884,6.831987469207787,10.719258502791417,15.165169816296888,15.64512390779876,-0.043397745874566275
2023-12-11,789.9898356540881,796.5249611291558,788.5295723280279,790.4446411132812,23187620,0.0,0.0,HDFCBANK.NS,-0.00133074725580129,-0.0013316334862504451,0.07721975028544747,744.1191253662109,731.1186877441406,753.2552008056641,764.7748663330078,753.0953393421254,743.076028542978,744.1191253662109,798.4640317484726,689.7742189839493,0.1460650708460594,81.25769772347614,16.776108035798984,10.302773321422105,6.473334714376879,10.89879622351752,13.19857078666781,15.359773694223497,-0.044670741699137026
2023-12-12,791.9766596766761,792.9581557902037,781.2762247045517,782.5928344726562,36581476,0.0,0.0,HDFCBANK.NS,-0.00993340486130223,-0.009983070299013144,0.06651929038127125,747.5447021484375,732.1504309082031,753.0431066894531,764.7490585327148,755.9046245926522,744.6257072068869,747.5447021484375,802.5504736724405,692.5389306244346,0.14716383211844541,72.92053149418973,16.945501870426142,11.631319031222912,5.31418283920323,11.158695617581364,13.808107574451665,15.43075101386641,-0.05416041399768711
2023-12-13,781.563465201162,783.2631120796166,773.2568662574292,780.8214111328125,29346914,0.0,0.0,HDFCBANK.NS,-0.002263531253819173,-0.0022660969130521014,0.06410519063469211,750.9463409423828,733.1769079589844,752.8200006103516,764.7341549682617,758.2776518821912,746.045146576531,750.9463409423828,805.3129290267269,696.5797528580387,0.14479486780937778,71.14696380366998,16.74379658132409,12.653814541243149,4.089982040080942,11.310877710656436,13.732305255210383,15.392423711918093,-0.05630135146170268
2023-12-14,788.0507632436652,794.2507747290626,787.5719960728002,790.0376586914062,35172366,0.0,0.0,HDFCBANK.NS,0.011803272076290616,0.011734156786550433,0.07666511371754647,754.4353515625,734.3628125,752.6526708984375,764.8021353149414,761.3024144354498,747.7703431300555,754.4353515625,809.4617700804739,699.4089330445262,0.14587444346028974,74.60733493417155,17.130152110703875,13.549082055135294,3.5810700555685813,11.745184760218454,13.682197370415917,15.364289049562284,-0.04516261955497742
2023-12-15,789.9658581899005,798.5836675519721,788.3380380661904,793.101806640625,138837130,0.0,0.0,HDFCBANK.NS,0.0038784834058342987,0.0038709814802092278,0.08084094149474064,757.9830200195313,735.7847509765625,752.4985076904297,764.8708810424805,764.3309279787998,749.5480475814504,757.9830200195313,813.3924774867531,702.5735625523095,0.146202371303236,75.65282525100255,17.48207035775431,14.335679715659099,3.146390642095211,12.022184921367527,13.5963823033907,15.326479315691754,-0.04145929861965117
2023-12-18,795.0886602023099,797.0037289891579,790.4206800343679,792.69482421875,18014754,0.0,0.0,HDFCBANK.NS,-0.0005131528114894479,-0.0005132845194528861,0.08028630492683964,761.5881378173829,736.9926794433594,752.4025146484375,765.014035949707,767.0322514302236,751.2400780378151,761.5881378173829,816.1300702964926,707.0462053382731,0.14323209559282304,75.209892997827,17.526098074835204,14.973763387494321,2.552334687340883,12.100841231650813,13.64039673874846,15.136610592668962,-0.04195117647549157
2023-12-19,789.9658725265142,794.1072204559873,787.1172310907685,791.3543090820312,24008446,0.0,0.0,HDFCBANK.NS,-0.0016910860217107526,-0.0016925175217646228,0.07845944785713233,765.1238372802734,738.1144299316406,752.2804290771485,765.1764038085937,769.3486378732529,752.8131851375883,765.1238372802734,817.6188177574226,712.6288568031242,0.13721956608684163,73.67971882332675,17.253929431159236,15.429796596227304,1.8241328349319321,11.425436263629681,13.731190294306156,15.139106263877517,-0.043571319449070244
2023-12-20,793.795966876438,799.038444004139,787.308648353673,793.3171997070312,34232520,0.0,0.0,HDFCBANK.NS,0.002480419456206695,0.002477348293333742,0.08113447965432719,768.4524658203125,739.2917163085938,752.0908367919922,765.3824301147461,771.6313580478984,754.4015778658018,768.4524658203125,819.1112642414853,717.7936673991396,0.13184627722443512,74.49790259127181,17.000649780915523,15.743967233164948,1.2566825477505752,11.22709225696357,13.691893290155196,15.14377427445944,-0.041198975141357716
2023-12-21,793.31719852569,808.9968233004131,790.0855201370065,807.5365600585938,36589240,0.0,0.0,HDFCBANK.NS,0.01792392797838449,0.017765188399380422,0.10051265620259953,772.6213287353515,740.9238317871094,752.0716857910156,765.6502041625977,775.050901096536,756.485302657676,772.6213287353515,821.6284914829109,723.6141659877921,0.1268594612260464,79.47533208395924,17.74277965813235,16.14372971815843,1.59904993997392,12.11110078031302,14.073209259815187,15.434940059636542,-0.024013494626190166
2023-12-22,806.052401579033,807.1535894553359,798.1527432166448,799.9481201171875,48578850,0.0,0.0,HDFCBANK.NS,-0.009397023387839765,-0.009441453974690523,0.09017111303365,776.2013061523437,742.3218310546876,752.060673828125,765.8641796875,777.4220648127886,758.1897268717745,776.2013061523437,821.9429979608079,730.4596143438795,0.11786038350078885,71.45953812148251,17.516677889592984,16.41831935244534,1.098358537147643,10.845785009128633,14.615820962121745,15.443940036130824,-0.033184862643403826
2023-12-26,801.0971963079616,807.1775162105685,798.8470139045111,805.5018310546875,18045856,0.0,0.0,HDFCBANK.NS,0.006942588897748125,0.006918600093053364,0.09773972289964306,779.8004364013672,743.68966796875,752.247153930664,766.1095919799805,780.096328264398,760.0451035063985,779.8004364013672,822.6370225445135,736.9638502582209,0.10986550954197745,73.56123828816315,17.58294344042872,16.651244170042016,0.9316992703867051,10.428568279986182,14.451648085370234,15.376338959043231,-0.026472662604617177
2023-12-27,805.0470435987298,817.0162235511344,803.6586070355986,815.4841918945312,27009078,0.0,0.0,HDFCBANK.NS,0.012392722716437987,0.012316561512501194,0.11134370690035778,783.9812744140625,745.1590051269532,752.4965924072266,766.4371029663085,783.4666009910774,762.2191854039723,783.9812744140625,823.2972457631499,744.665303064975,0.10029824086926496,76.85971313323795,18.23079915619428,16.96715516727247,1.2636439889218103,10.637177374407267,14.645042472489198,15.47731970067969,-0.01440800825540411
2023-12-28,818.3567550440999,824.1498261689791,814.8617312916912,816.417724609375,44076470,0.0,0.0,HDFCBANK.NS,0.0011447588121542562,0.001144104075414717,0.11261592740216408,787.4786682128906,746.7820239257812,752.7024627685547,766.6948492431641,786.604803240439,764.3446183139882,787.4786682128906,825.1550536252831,749.8022828004981,0.09568865020279355,77.14685662084145,18.605089871938958,17.294742108205767,1.3103477637331906,10.691892756483005,14.559604038051113,15.465601596933473,-0.013279743137665827
2023-12-29,812.4679265922668,821.0378710363707,811.9891593992248,818.3328247070312,25011426,0.0,0.0,HDFCBANK.NS,0.002345735571300356,0.0023429886285107272,0.11522583016026666,791.080191040039,748.5022338867187,753.0316149902344,766.9351901245117,789.6265195705905,766.4618028784214,791.080191040039,825.8417685526782,756.3186135273999,0.08788382747123999,77.75664226904274,18.83908528526206,17.603610743617025,1.2354745416450328,10.498674150204026,14.463550346968058,15.431581179611717,-0.010965158332221297
2024-01-01,816.7767791077962,818.2849073581062,810.074038833758,812.9945068359375,14239686,0.0,0.0,HDFCBANK.NS,-0.006523406748354388,-0.006544777155427968,0.10795075845386015,794.49619140625,750.0046044921875,753.3641180419922,767.1411480712891,791.8520421672902,768.286614798324,794.49619140625,822.9034269507597,766.0889558617403,0.07151006097141688,71.99026980827541,18.38187587538232,17.759263769970087,0.6226121054122338,10.51748822678584,14.795074060066193,15.458666865342044,-0.01741703489271449
2024-01-02,813.3297325444754,815.2448013204753,808.4941371304667,813.4733276367188,29242092,0.0,0.0,HDFCBANK.NS,0.0005889594539141285,0.000588786085362976,0.10860329652752299,796.6434600830078,751.7219409179687,753.5886602783203,767.349144897461,793.9112122119976,770.0586427527709,796.6434600830078,823.8910671945486,769.395852971467,0.06840602723005262,72.18948729167431,17.852379838924662,17.777886983761004,0.07449285516365833,10.165254877097027,14.717075054976606,15.456453313267138,-0.016838333366159614
2024-01-03,814.8617397029581,816.1543877106121,799.038461039413,800.9296264648438,28389762,0.0,0.0,HDFCBANK.NS,-0.01541992926592517,-0.015540052839858692,0.09150871211109712,797.8212249755859,753.2343664550781,753.6923132324218,767.5939428710938,794.5796326170306,771.269269565009,797.8212249755859,823.5562375174196,772.0862124337522,0.06451323112548489,60.124951012294424,16.233449462303497,17.468999479469502,-1.2355500171660054,10.673089223455008,15.734305852879732,15.670815462746033,-0.031998616722622567
2024-01-04,803.3713517790169,811.4864323425077,799.8763278844378,809.5234985351562,26734056,0.0,0.0,HDFCBANK.NS,0.010729871622110254,0.010672715041277281,0.10322046046646416,799.3305389404297,754.8435021972656,753.8883685302734,767.9292807006836,796.0028579425664,772.7694354069756,799.3305389404297,824.0206426493055,774.640435231554,0.06177695585509414,64.50206300975249,15.465611190362438,17.06832182164809,-1.6027106312856532,10.543142142156414,15.808844927505811,15.758487466257803,-0.021612086150031157
2024-01-05,807.7520737623003,816.2501913581319,798.6315354441177,805.3821411132812,31889470,0.0,0.0,HDFCBANK.NS,-0.005115796427613062,-0.005128926915235432,0.09757660917594024,800.5693481445312,756.5301977539062,754.0401373291015,768.2538522338867,796.896123006444,774.0483650425169,800.5693481445312,823.7434024057677,777.3952938832947,0.0578939333986411,61.025604636186905,14.357417522676656,16.526140961853805,-2.1687234391771497,11.069786887030164,15.876886206681098,15.763677863538827,-0.026617319544524648
2024-01-08,803.6106815691105,805.453923454508,794.753489070434,796.4052124023438,17998470,0.0,0.0,HDFCBANK.NS,-0.011146173043430907,-0.011208757113315558,0.08534283036164303,800.8147125244141,758.128798828125,754.1722766113281,768.5866711425781,796.8493696155773,774.925104154667,800.8147125244141,823.6862990722796,777.9431259765486,0.0571207950857127,54.205702381427386,12.6094490537007,15.742802580223184,-3.133353526522484,11.363885846264736,16.423128629112558,15.760998975242945,-0.03746681133835996
2024-01-09,798.1767467752176,803.2756291285802,788.4098842358525,790.2052612304688,25326888,0.0,0.0,HDFCBANK.NS,-0.007784920383899774,-0.007815381068917455,0.07689352283804118,800.8027435302735,759.9203466796876,754.3240460205078,768.8648239135742,796.2165973884241,775.5243260007769,800.8027435302735,823.6974186125236,777.9080684480233,0.05717931230185565,50.045837742934744,10.601677663399641,14.714577596858476,-4.112899933458834,11.92643981251538,16.667659487196325,15.73941236139203,-0.04496005557895197
2024-01-10,786.6144417967229,794.729521759928,785.8484260314029,792.814453125,16115824,0.0,0.0,HDFCBANK.NS,0.0033019166317220794,0.003296477275246222,0.08044933547169397,801.3138244628906,761.7090185546875,754.5397296142578,769.1069134521484,795.8925836490504,776.2023702017269,801.3138244628906,822.9168316616808,779.7108172641003,0.05391896792313656,51.724873997000145,9.115961224825469,13.594854322451875,-4.478893097626406,11.722961246662456,16.606605994968582,15.696632410723662,-0.04180659330250908
2024-01-11,794.7535608406137,796.1419974247106,786.6145183500772,789.4871215820312,18314010,0.0,0.0,HDFCBANK.NS,-0.004196860349673925,-0.004205691886550588,0.0759148404958212,801.7471099853516,763.2784191894531,754.744642944336,769.3581631469726,795.2825396426675,776.7233408440918,801.7471099853516,821.9198080028992,781.5744119678039,0.050321847790424125,49.44261681949187,7.582624618813156,12.392408381724131,-4.809783762910975,11.052688097464365,15.888776691108381,15.661610455453879,-0.04582799721839679
2024-01-12,790.9233945544381,792.8384633063858,782.1140666068262,785.752685546875,19773552,0.0,0.0,HDFCBANK.NS,-0.0047302051332679396,-0.004741427958398496,0.0708255425943487,801.532861328125,764.855478515625,754.9548211669921,769.5488507080078,794.3749344906873,777.0774327932206,801.532861328125,822.3111222551989,780.7546004010511,0.05184631081162343,46.93930239197525,5.996977114217771,11.11332212822286,-5.1163450140050895,11.148443801579415,15.994867348321614,15.66290495833083,-0.05034142652397488
2024-01-15,788.8646717373587,804.7597774337735,786.9017379565865,800.8817749023438,28320356,0.0,0.0,HDFCBANK.NS,0.01925426362996019,0.019071245813661944,0.09144349989315548,801.9218597412109,766.7542700195313,755.3476495361328,769.8238214111328,794.9946335775118,778.0109364053432,801.9218597412109,822.3234150950352,781.5203043873867,0.050881654131259335,56.53951713084973,5.893197996646563,10.0692973019076,-4.176099305261037,11.911057343068064,16.72492335603868,15.971625622213404,-0.03205644999181556
2024-01-16,800.9775061380469,806.0763883828079,793.8438633427261,803.9219360351562,25322500,0.0,0.0,HDFCBANK.NS,0.0037960173749529424,0.003788830682462219,0.09558663838252945,802.4832153320312,768.6923193359376,755.7768646240235,770.1439318847656,795.8448528591922,779.0270540378848,802.4832153320312,822.4285150433282,782.5379156207343,0.049708951739369275,58.17705408761309,5.987250596077047,9.25288796074149,-3.2656373646644425,11.830693666249918,13.667608504649301,15.952791473804789,-0.028382119458010797
2024-01-17,751.6644868680132,764.4954709128732,731.7477834906084,736.1045532226562,170145236,0.0,0.0,HDFCBANK.NS,-0.08435816933540463,-0.08813000533243474,0.003164955220249288,799.7207275390625,769.2069934082032,755.5604620361328,770.1308721923829,790.1553005128554,777.3438187117974,799.7207275390625,835.3186831595671,764.122771918558,0.08902596717743756,30.53656070701433,0.5827740824275907,7.51886518507871,-6.936091102651119,16.322554928197057,28.225062159745836,21.35621322247265,-0.11034602515407882
2024-01-18,715.2781469954391,725.332257495375,708.5993683977847,711.5198364257812,161070930,0.0,0.0,HDFCBANK.NS,-0.03339840337794875,-0.03396886778061683,-0.030339152608818476,795.630859375,769.1270385742188,755.0795404052734,769.9787954711915,782.6662086950389,774.7624860731302,795.630859375,848.7902427685177,742.4714759814823,0.13362825930426214,25.758761348351825,-5.61931767795943,4.891228612471082,-10.510546290430511,17.640874441606034,29.647007005937237,21.94735986237764,-0.14005904747277834
2024-01-19,720.9993837290294,723.058105901483,703.0217118745396,704.0989379882812,109600538,0.0,0.0,HDFCBANK.NS,-0.010429643781651676,-0.01048441366947631,-0.04045236983612299,790.4589782714844,768.9680883789063,754.5593591308593,769.7594390869141,775.1836114848714,771.991366540391,790.4589782714844,857.1467820079989,723.7711745349699,0.16873185217616818,24.51205691421805,-11.006449072958162,1.711693075385233,-12.718142148343395,18.482132166868187,29.694512025827883,21.93704879255717,-0.14902792528089154
2024-01-23,701.3939438294391,706.0379622645205,682.243255943311,683.3683471679688,115469402,0.0,0.0,HDFCBANK.NS,-0.02944272417104188,-0.02988486128919182,-0.06870406604001489,784.6299896240234,768.3533520507813,753.9170928955078,769.4184423828125,766.4393005975473,768.5159540159824,784.6299896240234,866.4813534082265,702.7786258398204,0.20863684760105672,21.396591094675145,-16.75542878891713,-1.9817312974752395,-14.77369749144189,19.699563747668247,30.168840290611172,22.39858752847472,-0.1740828613541055
2024-01-24,660.8183625809348,698.2579305485548,660.8183625809348,697.037109375,86004404,0.0,0.0,HDFCBANK.NS,0.02000204174465736,0.019804629004624687,-0.05007624589231763,779.206753540039,768.0684826660156,753.3337145996094,769.0943139648438,759.829568100162,765.7128620692773,779.206753540039,869.203205448459,689.210301631619,0.23099505105558762,27.903292240649677,-19.9782845294759,-5.581041943875372,-14.397242585600528,21.151252411698312,30.998212569672944,22.65640559056583,-0.15756283226928233
2024-01-25,695.409322831776,697.731331945695,679.5621410018516,686.9830322265625,98941852,0.0,0.0,HDFCBANK.NS,-0.014424019916891573,-0.014529057357091655,-0.06377796504109523,772.7816955566407,767.5265173339844,752.5897094726563,768.7175485229492,752.8918027788668,762.62541776172,772.7816955566407,869.9364839144466,675.6269071988347,0.25144174329290914,26.186214685084707,-23.07767584198882,-9.080368723498061,-13.99730711849076,21.619758589253568,31.100160881745374,22.75245291864076,-0.1697141627553599
2024-01-29,693.2788688648152,700.3406850803747,692.2016426624417,696.438720703125,65645498,0.0,0.0,HDFCBANK.NS,0.0137640786351243,0.013670214030583447,-0.05089173133198477,766.7827453613281,767.1995190429687,751.9957995605469,768.2858203125,747.5153187716534,760.0298610143242,766.7827453613281,867.3494553373065,666.2160353853498,0.2623082237683601,30.51683099424382,-24.488680486516728,-12.162031076101796,-12.326649410414932,21.315401227810565,31.528238393403775,22.874045297822505,-0.15828604320189468
2024-01-30,696.3908845219285,700.53217422801,689.8557002681358,691.4835205078125,41728768,0.0,0.0,HDFCBANK.NS,-0.007115055564845263,-0.007140488281285243,-0.05764468940061174,760.4402801513672,766.6240405273437,751.3870477294922,767.7994958496093,742.17895703224,757.3417692297551,760.4402801513672,863.2921667828011,657.5883935199333,0.27050615101809444,29.538788680300925,-25.710381799245738,-14.871701220730586,-10.838680578515152,21.313689768939152,31.199763890909654,22.89475750619125,-0.164274884774219
2024-01-31,689.1854007024332,706.1576749666016,687.8927526091608,700.2210083007812,65761040,0.0,0.0,HDFCBANK.NS,0.012635858315975579,0.012556692049900281,-0.04573722121257073,754.8016052246094,766.1854919433594,750.8501110839844,767.3755554199219,738.1829619149582,755.1017393894032,754.8016052246094,857.88710487726,651.7161055719588,0.27314594706505696,33.58101395774051,-25.67755181520124,-17.03287133962472,-8.644680475576521,21.556488159275798,31.499531069783366,22.91397051450682,-0.1537147806271236
2024-02-01,701.4178599181299,705.5112841214318,697.1089554241759,702.0402221679688,32690740,0.0,0.0,HDFCBANK.NS,0.0025980566787080495,0.002594687563628131,-0.04325799242689954,749.2299499511719,765.8144470214844,750.2842071533203,766.9492330932617,734.7407962247688,753.0208955767979,749.2299499511719,851.0005607591106,647.4593391432331,0.2716672253013143,34.42453063889067,-25.214086170887185,-18.669114305877216,-6.54497186500997,21.52229051418514,31.541873298360183,22.710705307415243,-0.15151608366084005
2024-02-02,706.1816860179249,708.9824627111053,690.4063286804585,692.3692626953125,44867754,0.0,0.0,HDFCBANK.NS,-0.013775506256310188,-0.013871269013318402,-0.0564375979378976,743.8019317626953,765.2490258789062,749.6677954101563,766.4234353637695,730.7054120791063,750.6424001696809,743.8019317626953,845.5425569762888,642.0613065491018,0.27356913411742284,32.091292173166806,-25.335104599275837,-20.002312364556943,-5.3327922347188945,22.16862301104325,31.664465593540125,21.83927618174685,-0.16320437915874872
2024-02-05,692.2973590957444,695.1220972150085,686.5761145330804,691.7467651367188,38605046,0.0,0.0,HDFCBANK.NS,-0.0008990831802244692,-0.0008994875979285579,-0.057285939023083876,737.9130950927735,764.5490686035156,748.9465325927735,765.8766564941407,726.9950647512599,748.3327674232903,737.9130950927735,837.2422485769896,638.5839416085573,0.26921639999281505,31.941221650521612,-25.190858391442248,-21.040021569934005,-4.150836821508243,22.01302200978385,31.617203382393306,21.816878197394445,-0.16395672802673256
2024-02-06,692.0819428119112,694.0687799185687,685.8818725644124,691.3876953125,41075740,0.0,0.0,HDFCBANK.NS,-0.0005190769835371478,-0.0005192117506329164,-0.05777528019419387,732.2133728027344,763.8936364746094,748.148187866211,765.3891427612305,723.6038867094732,746.0996273405143,732.2133728027344,828.2699761228138,636.156769482655,0.2623732559059884,31.848703723936765,-24.819413418103522,-21.79589993956791,-3.0235134785356124,21.24015168601655,30.932193041096482,21.677535780362117,-0.16439069884645496
2024-02-07,695.6487669186412,696.0318040698868,683.0332624281431,684.6131591796875,54837086,0.0,0.0,HDFCBANK.NS,-0.00979846210562152,-0.009846782941115911,-0.06700763340619087,726.6237701416015,763.0189282226562,747.2220129394532,764.8844415283203,719.8904840875889,743.6883932949917,726.6237701416015,819.9234597154051,633.324080567798,0.25680329603206264,30.078528367139015,-24.78597179524934,-22.393914310704197,-2.392057484545141,21.29486715756383,30.93740099869329,21.731236018325482,-0.1725783849189128
2024-02-08,684.5652392978377,688.9220089386799,670.5134342809237,671.7343139648438,69106124,0.0,0.0,HDFCBANK.NS,-0.018811857531741527,-0.018991051395387003,-0.08455895288475601,720.7002227783203,761.7832299804687,746.1268328857421,764.3009094238281,715.304182171137,740.8666646938094,720.7002227783203,812.0254720421112,629.3749735145293,0.25343477461885466,27.005549384359455,-25.50468214439377,-23.01606787744211,-2.4886142669516573,17.454468737078717,30.974949122457485,21.924734149589227,-0.18814372246050168
2024-02-09,666.515758652701,677.0725401801844,664.0500959229506,671.9976196289062,56642124,0.0,0.0,HDFCBANK.NS,0.0003919788800252899,0.0003919020763737144,-0.08420011932837856,714.6593811035157,760.5858337402344,745.009868774414,763.7040203857422,711.1797476433055,738.1659178285191,714.6593811035157,801.7867246263925,627.5320375806389,0.24382900673140884,27.169376202678322,-25.756118209474835,-23.56407794384866,-2.1920402656261757,16.419987267961737,30.55337251265992,21.90138829495053,-0.18782549194609025
2024-02-12,670.1065656569043,676.809306881893,662.3026364247897,665.4864501953125,34447812,0.0,0.0,HDFCBANK.NS,-0.009689274550093496,-0.009736521007716648,-0.09307355580514876,708.4593475341796,758.9661657714844,743.7942791748047,763.0681851196289,706.8280050292109,735.3157426272169,708.4593475341796,790.6760759039598,626.2426191643995,0.23210005953323565,25.63706513635647,-26.179004788392263,-24.08706331275738,-2.091941475634883,16.025007012973155,30.486965118803568,21.95058551463164,-0.19569487373721167
2024-02-13,666.4199643535106,672.3566891768745,662.7813454112104,667.6168823242188,57580994,0.0,0.0,HDFCBANK.NS,0.0032013155613928035,0.0031962022606840832,-0.0901701980663091,702.5525573730469,757.3924560546875,742.6047821044922,762.4109332275391,703.0936123906401,732.6608853604328,702.5525573730469,778.0914605273297,627.013654218764,0.21504128726464114,27.08607433217429,-26.04204094348995,-24.478058838903895,-1.5639821045860565,15.00933825900563,30.509794320428828,21.95707999859279,-0.1931200392203987
2024-02-14,658.7837177497752,666.2046099191948,652.8230890297091,662.6378173828125,91320810,0.0,0.0,HDFCBANK.NS,-0.00745796739601956,-0.007485917086826506,-0.09695567906505753,695.6403594970703,755.7517224121094,741.2752459716797,761.7855868530273,699.2406795327519,729.9148826946437,695.6403594970703,757.3238979226993,633.9568210714414,0.17734318483253197,25.819787600127626,-26.035148058126197,-24.789476682748358,-1.2456713753778388,13.39178292521204,30.510853609175427,21.905812761954902,-0.19913772366039448
2024-02-15,663.0925826953933,677.6949825309235,662.7813723217212,677.0007934570312,41584944,0.0,0.0,HDFCBANK.NS,0.021675454822285056,0.021443882466709436,-0.07738178268411111,689.294302368164,753.8811791992188,740.2458972167968,761.2139501953125,697.1225951445881,727.8398203716001,689.294302368164,724.508428176976,654.080176559352,0.10217442879718898,35.227007232935065,-24.587286332241092,-24.749038612646906,0.16175228040581402,13.169495368374012,31.537876443084773,22.085172881237934,-0.18177866957072297
2024-02-16,681.7166435513678,683.5359238875297,674.31965507416,679.8015747070312,32175742,0.0,0.0,HDFCBANK.NS,0.004137042787938361,0.004128508755432188,-0.07356487164214387,686.4791534423828,751.9297241210937,739.5574304199218,760.6345440673828,695.4729741505352,725.9559676004407,686.4791534423828,714.1257032116089,658.8326036731567,0.08054592664785568,36.907250266048905,-22.9493005916504,-24.389091008447608,1.4397904167972086,12.873682222628124,31.534536249905038,22.085694255202743,-0.17839365291673315
2024-02-19,684.1584015447481,684.1584015447481,677.5513901049375,678.4610595703125,34451756,0.0,0.0,HDFCBANK.NS,-0.0019719211996478414,-0.001973867995963605,-0.07539172871185118,684.8262145996093,749.9122009277344,738.9051110839844,760.0328149414063,693.8527918095616,724.0934221874944,684.8262145996093,710.0126166572077,659.639812542011,0.07355560146693225,36.42028421470188,-21.511383619567937,-23.813549530671672,2.302165911103735,12.583006328337872,31.18807628928575,22.086538757831427,-0.18001379589031183
2024-02-20,677.4556044062488,697.6835190961174,675.9235727064516,696.2711791992188,56133508,0.0,0.0,HDFCBANK.NS,0.02625076174627594,0.02591212404612649,-0.05112005727362989,684.4348266601562,748.2255053710937,738.5443603515625,759.5209646606445,694.0831144181004,723.0023538350131,684.4348266601562,708.5820557193225,660.2875976009899,0.07056107643440003,46.517047368169436,-18.718916236632595,-22.794622871863858,4.075706635231263,12.832650902068224,32.53304751713529,22.466455647775383,-0.15848853341099514
2024-02-21,700.9151754054046,700.9151754054046,687.0309267122648,689.017822265625,45893136,0.0,0.0,HDFCBANK.NS,-0.010417430952600726,-0.010472072198642806,-0.06100494855928962,684.7173004150391,746.1759033203125,738.1046130371094,758.958883972168,693.6007056416742,721.6696271068018,684.7173004150391,708.94404435917,660.4905564709081,0.07076422321868009,43.48810528446852,-16.896380051124993,-21.614974307716086,4.718594256591093,13.224216616059932,32.52104988707061,22.505381588649705,-0.16725492101000788
2024-02-22,678.7722288264276,684.0626300055545,676.1150473676641,679.634033203125,50560882,0.0,0.0,HDFCBANK.NS,-0.013619080318770682,-0.013712670707947435,-0.07379319758378888,683.8471466064453,743.9596911621094,737.539189453125,758.2678784179687,692.2705463618123,720.0211724439126,683.8471466064453,707.4529460270801,660.2413471858106,0.06903823328876127,39.87101009663,-16.02448011531567,-20.496875469236006,4.472395353920337,12.818976678010936,32.61441366695418,22.54352560274922,-0.1785961431258336
2024-02-23,681.0702888003248,686.5042847124961,678.8918747107963,680.1366577148438,29833452,0.0,0.0,HDFCBANK.NS,0.0007395517104253901,0.0007392783768137848,-0.0731082197588544,683.5048278808594,741.9105676269531,737.0304992675781,757.8211437988281,691.1149379192439,718.4570738270864,683.5048278808594,707.1177177455025,659.8919380162162,0.0690935569185449,40.15811777494103,-15.118657069341452,-19.421231789257096,4.302574719915643,12.752292915137486,32.567512342592934,22.509820960043612,-0.17798867249853223
2024-02-26,676.761348833584,686.9590543726445,676.761348833584,680.9505615234375,23506870,0.0,0.0,HDFCBANK.NS,0.0011966768727453836,0.001195961425692247,-0.07199902980190198,682.730419921875,739.9131506347657,736.545029296875,757.3339849853515,690.1469020720242,716.9862302073356,682.730419921875,705.5602030372748,659.9006368064751,0.06687788459173186,40.65229071378654,-14.171747460905863,-18.37133492358685,4.199587462680988,12.895921356916363,32.61492445466971,22.469095668060604,-0.17700499055377641
2024-02-27,676.7613520010825,683.0570934898373,676.5219684176848,679.9212036132812,32087150,0.0,0.0,HDFCBANK.NS,-0.0015116485224028198,-0.0015127922157506751,-0.07340184109729031,682.1523040771484,737.7108215332031,736.0368170166016,756.8415612792969,689.1730260283344,715.5326997526668,682.1523040771484,704.631701915166,659.6729062391308,0.06590726939910843,40.20014404800024,-13.350479339313097,-17.3671638067321,4.0166844674190045,12.434248744802703,32.62806416618096,22.4627458694895,-0.17824906974375068
2024-02-28,679.9212837827165,681.8602559709077,672.1891814386264,674.7745361328125,25321986,0.0,0.0,HDFCBANK.NS,-0.007569505779666863,-0.007598299885336208,-0.080415731216533,680.87998046875,735.3442761230468,735.5645135498047,756.3054174804688,687.80174127638,713.9343403950254,680.87998046875,701.8855588969424,659.8744020405576,0.061701266099000764,37.92867724492387,-12.965453808423945,-16.48682180707047,3.521367998646525,11.810141592983062,31.84064869153383,22.44718182763675,-0.18446931815977194
2024-02-29,671.2794957514693,675.2532869853846,668.9814482015562,671.9019165039062,53295700,0.0,0.0,HDFCBANK.NS,-0.004257154760713755,-0.004266242244429061,-0.08433054376426197,679.3730651855469,732.92841796875,734.9605487060547,755.7523068237305,686.28747225043,712.286010046354,679.3730651855469,698.1980037098691,660.5481266612247,0.055418560107857145,36.68279249182233,-12.745196011789062,-15.73849664801419,2.9933006362251273,11.327955487739823,31.721797457576407,22.346432427504556,-0.18794115848447623
2024-03-01,670.2740637422462,685.9536891619308,670.2740637422462,684.9961547851562,34738898,0.0,0.0,HDFCBANK.NS,0.019488318100628454,0.019300852507311176,-0.06648568612611039,679.0044097900391,730.8012548828125,734.4578424072265,755.2301135253906,686.1644896346897,711.2158196439541,679.0044097900391,697.0295199103309,660.9792996697472,0.053092763052497875,45.47490791813788,-11.38283034228266,-14.867363386867885,3.484533044585225,11.411737985067061,22.21836980443435,22.598204667187854,-0.1721154974645939
2024-03-04,685.0918449690896,687.9884096675396,681.9080901062357,685.9296875,35616474,0.0,0.0,HDFCBANK.NS,0.0013628291317000496,0.0013619013229464782,-0.06521346562430408,678.7135559082031,728.6535046386718,733.9726104736328,754.6936544799805,686.1421275266241,710.224206618701,678.7135559082031,696.0474093534947,661.3797024629116,0.051078553815229716,46.05007819315391,-10.1112611214877,-13.916142933791848,3.8048818123041475,11.16209339904133,20.18139113423703,22.579889007375524,-0.17098723234685562
2024-03-05,680.806915575396,690.8610261429652,680.6393587545882,689.8316650390625,37991672,0.0,0.0,HDFCBANK.NS,0.005688596965796933,0.00567247799872457,-0.059895841781186676,678.6357543945312,726.2994067382813,733.6116192626953,754.1994467163086,686.4935120516183,709.424499105774,678.6357543945312,695.7425658233718,661.5289429656906,0.05041529662433734,48.49566840598567,-8.68852051949807,-12.870618450933094,4.182097931435024,10.835512977174712,20.077229679459847,22.534370075472054,-0.16627131283217708
2024-03-06,686.3367475409569,695.576919496979,686.3367475409569,690.6695556640625,42409530,0.0,0.0,HDFCBANK.NS,0.0012146305649112232,0.001213893497988917,-0.05875396253641396,678.93857421875,724.1138354492188,733.2178332519532,753.7306140136719,686.8912304908987,708.6890111276676,678.93857421875,696.6930591679513,661.1840892695486,0.0523007106191641,49.029980393913974,-7.407982955039074,-11.778091351754291,4.370108396715217,10.420013463454072,18.121687693938416,22.513327125409184,-0.16525864048589978
2024-03-07,692.0579662212759,694.7151474764962,690.0950324505662,692.34521484375,49348046,0.0,0.0,HDFCBANK.NS,0.0024261373126204244,0.0024231989930421443,-0.05647037040456748,679.9691192626954,721.850703125,732.770185546875,753.2544796752929,687.4106575721227,708.0480779400631,679.9691192626954,698.344729129519,661.5935093958717,0.054048365863287165,50.14389663749064,-6.186620507524481,-10.65979718290833,4.473176675383849,10.091716764351231,17.161594412817816,22.212605801489154,-0.1632334433271952
2024-03-11,684.6370656855901,692.2733788101641,681.2856954339823,683.5838012695312,50531094,0.0,0.0,HDFCBANK.NS,-0.012654689288487453,-0.012735441858089296,-0.06841044470157931,680.5484283447265,719.2126953125,732.1858502197266,752.729990234375,687.046195067114,707.0886945412186,680.5484283447265,698.5934513923131,662.5034052971399,0.05303082718588259,44.64941547547918,-5.858125991802353,-9.699462944687134,3.841336952884781,10.409753047919594,17.04112265850563,22.302005586305274,-0.17382246410888708
2024-03-12,686.5522029862251,700.9152197851,684.2780586597365,698.7847290039062,65418454,0.0,0.0,HDFCBANK.NS,0.022237109343644867,0.021993470101076915,-0.04769458589701081,682.2133422851563,716.8600354003906,731.8210296630859,752.2955093383789,688.1641506801418,706.763048833873,682.2133422851563,700.5492103677194,663.8774742025931,0.05375405887297638,54.05574914132135,-4.321389603331454,-8.623848276415998,4.302458673084544,10.093429628341239,17.800577776635325,22.542022727914482,-0.15545066390601325
2024-03-13,701.6332902428926,704.5537583020961,694.2602641088363,699.1915893554688,63067454,0.0,0.0,HDFCBANK.NS,0.0005822399011816692,0.0005820704652954376,-0.04714011568680876,683.7920776367188,714.4772106933593,731.489722290039,751.8722793579102,689.2143829349349,706.4661288543277,683.7920776367188,702.2729377278017,665.3112175456358,0.054054033954167434,54.27970742394623,-3.0356911557912554,-7.50621685229105,4.470525696499795,9.83694716406409,17.66602750813252,22.52160997354731,-0.15495893358402285
2024-03-14,700.0054686474973,701.8726723020275,691.4834480743144,696.8216552734375,52432158,0.0,0.0,HDFCBANK.NS,-0.003389534596970667,-0.003395292083176671,-0.05036986723075376,685.50126953125,712.1537536621094,731.0791790771484,751.4884274291992,689.9388850624114,706.0879142040968,685.50126953125,701.9564132092936,669.0461258532065,0.048009083015398885,52.669180120525176,-2.1828373569313726,-6.441540953219115,4.258703596287742,9.657407830474963,17.310801408205396,22.52759763958826,-0.15782322951450076
2024-03-15,694.2123954494871,698.6649535010525,690.5019498876019,695.4811401367188,143613804,0.0,0.0,HDFCBANK.NS,-0.00192375642544107,-0.0019256092214334098,-0.05219672430046107,686.4252868652344,709.7939099121094,730.757925415039,751.11271484375,690.4667188790121,705.6719622798859,686.4252868652344,702.9459558468623,669.9046178836065,0.04813537408295205,51.734144819720434,-1.596707099706009,-5.472574182516494,3.875867082810485,9.696735945600023,17.299049483112896,22.528191822364906,-0.15944337248807944
2024-03-18,692.7761555716247,697.0850604784281,687.413986176019,692.3213500976562,21437856,0.0,0.0,HDFCBANK.NS,-0.004543315205414955,-0.004553667429454477,-0.05650289333468894,687.0512756347656,707.6217443847656,730.4280554199219,750.7063613891602,690.643350423645,705.1484088609749,687.0512756347656,703.4636083032316,670.6389429662996,0.047776150777982765,49.503263500356276,-1.3713551679622924,-4.652330379605654,3.2809752116433613,9.659119428696354,16.873779322273645,22.525496406377414,-0.16326228619486668
2024-03-19,687.2702704859524,695.3614473234808,687.2702704859524,693.9011840820312,36183594,0.0,0.0,HDFCBANK.NS,0.002281937403999068,0.0022793377389386635,-0.05434989199642448,687.8232818603516,705.3092980957031,730.0764001464844,750.2607489013672,690.9536202958723,704.707341222585,687.8232818603516,703.9849109708612,671.661652749842,0.04699355063061348,50.64912456559742,-1.0531427649314082,-3.9324928566708044,2.879350091739396,9.770265983366057,16.883383541160324,22.49443561601005,-0.16135290310839806
2024-03-20,693.7575794231888,695.0023623556473,682.0756489825828,685.1397705078125,43606094,0.0,0.0,HDFCBANK.NS,-0.012626313047453985,-0.012706702335079706,-0.06628996629343631,687.2667114257813,702.9044506835937,729.71732421875,749.7683367919922,690.399920316057,703.9399855082803,687.2667114257813,702.9633792881375,671.5700435634251,0.045678533825077625,44.60418856261199,-1.4907456087629498,-3.4441434070892334,1.9533977983262836,10.002811614850568,17.2854407340138,22.57704385454769,-0.17194192389008994
2024-03-21,690.6694840822236,694.8108316494399,688.6108203877344,692.1776123046875,28922860,0.0,0.0,HDFCBANK.NS,0.010272125630159668,0.010219725880058879,-0.05669877952506186,687.4247009277344,700.8198986816407,729.4743487548828,749.3731140136719,690.5692243149741,703.4787159708845,687.4247009277344,703.2585880325275,671.5908138229413,0.04606726259159448,49.78830392958216,-1.2551850084955731,-3.0063517273705016,1.7511667188749285,10.24561321183621,17.30035706406707,22.640513818676258,-0.16343600730322064
2024-03-22,689.9034770136652,694.5714568199686,688.3474837448974,690.7891845703125,45980326,0.0,0.0,HDFCBANK.NS,-0.0020058836195988583,-0.0020078980984707755,-0.05859093199156018,687.9824584960937,698.8315771484375,729.3759619140625,748.9873474121093,690.5901729107206,702.9810872885091,687.9824584960937,703.4423235837429,672.5225934084445,0.044942614151657054,48.817696796536474,-1.1670826479684138,-2.6384979114900844,1.4714152635216706,9.570209472935248,16.335410606447432,22.633813352957077,-0.1651140573129173
2024-03-26,683.2965603924812,688.4433080631126,680.8788209713061,682.434814453125,56844290,0.0,0.0,HDFCBANK.NS,-0.012093950374142182,-0.012167677227553709,-0.06997628654182164,688.0973663330078,696.623984375,729.1665014648438,748.553823852539,689.8134721052353,702.1753510988863,688.0973663330078,703.3443917465673,672.8503409194483,0.04431647659055466,43.34243860095829,-1.7512019743056726,-2.4610387240532026,0.70983674974753,9.843784047056854,16.76976433716206,22.709237841862056,-0.17521112647184378
2024-03-27,681.5490768981103,693.2309499256703,680.4478889511747,689.7598876953125,62168668,0.0,0.0,HDFCBANK.NS,0.010733733225579245,0.010676535642805535,-0.059993660108099034,688.5378326416015,694.6294396972656,728.9539294433594,748.1619525146484,689.8083688280998,701.6884701810991,688.5378326416015,703.4201635338277,673.6555017493754,0.043228796405070505,48.768077824046664,-1.6045522764832185,-2.2897414345392058,0.6851891580559872,10.02674073177961,16.72890805193445,22.784065722813722,-0.16635806273596657
2024-03-28,689.75981165874,699.2394246339555,689.75981165874,693.2069702148438,55592142,0.0,0.0,HDFCBANK.NS,0.004997510845475395,0.004985064737300623,-0.05529596822967364,689.2021209716797,692.778525390625,728.817001953125,747.7992861938477,690.132045150647,701.3558623392852,689.2021209716797,703.6445795092056,674.7596624341538,0.04191066190325717,51.13932532087646,-1.1963893518279747,-2.07107101799696,0.8746816661689851,10.043843661721999,16.755210205183882,22.729312161387828,-0.1621919281132464
2024-04-01,698.04251018733,705.6070545940972,696.8934573296461,704.027099609375,25199570,0.0,0.0,HDFCBANK.NS,0.015608800631617736,0.015488236261430073,-0.04055027134188516,690.6647491455078,690.8414318847656,728.7978509521485,747.4708517456055,691.4553836705257,701.4606167420338,690.6647491455078,704.8782790579511,676.4512192330645,0.041158984673905226,57.749771250176,0.00017470724435497686,-1.656821872948697,1.656996580193052,10.599555758387964,17.037889954129867,22.88030483607571,-0.149114748951606
2024-04-02,701.4657698820595,715.685132245699,700.5561005197442,708.6472778320312,41225446,0.0,0.0,HDFCBANK.NS,0.006562500541839489,0.006541061081687761,-0.03425388197769852,692.5020172119141,688.9359387207031,728.8141290283203,747.1631240844727,693.0927069240025,701.7424465887004,692.5020172119141,705.9844223150557,679.0196121087725,0.03893824066368251,60.224340675614584,1.3062129056781941,-1.0642149172233188,2.370427822901513,10.890235209544187,16.06236196064655,22.90545738228441,-0.14353081403055765
2024-04-03,704.7931146774648,716.0681045148733,704.4580010474605,709.6765747070312,45584386,0.0,0.0,HDFCBANK.NS,0.0014524812374203666,0.0014514274068704856,-0.032851153861159554,693.7360382080078,688.4073791503906,728.8071862792968,746.8559945678711,694.6721229033386,702.0535888678506,693.7360382080078,708.7560509838972,678.7160254321184,0.04330180918577527,60.77552183185011,2.3966857417083247,-0.3720347854369902,2.768720527145315,10.481569848961621,16.04396060082195,22.906883387987804,-0.1422868086075084
2024-04-04,720.0658521240722,732.5137990357915,720.0658521240722,731.36474609375,88935066,0.0,0.0,HDFCBANK.NS,0.030560641508664776,0.030102966301757454,-0.0032944646887916873,696.0077911376953,688.80427734375,728.9656579589844,746.6807653808594,698.1666584452826,703.2030460139644,696.0077911376953,718.1240725482459,673.8915097271448,0.06355182137946824,70.15889257560897,4.953842681222795,0.693140707894967,4.260701973327828,11.37755057292594,18.07687895521758,23.43216068890771,-0.11607454324810967
2024-04-05,736.8227010597361,744.2435924609226,732.5856231419043,741.8737182617188,59055902,0.0,0.0,HDFCBANK.NS,0.014368989241138053,0.014266733690493711,0.011027186424677815,698.6098937988281,689.5597729492188,729.2639306640625,746.5516177368164,702.3292355706575,704.7195429648567,698.6098937988281,728.5343144315669,668.6854731660893,0.08566847076848258,73.47059428045995,7.739181736336036,2.1023489135831808,5.636832822752855,11.555380725744483,17.02141246436263,23.54293432393138,-0.10337342787007373
2024-04-08,744.4590593119542,745.5602472863112,738.0436253706997,740.4613647460938,20482940,0.0,0.0,HDFCBANK.NS,-0.0019037653994998793,-0.001905579864090366,0.009102427849208894,701.0994842529296,690.7016333007813,729.5274926757812,746.4195980834961,705.960866920699,706.1211830347091,701.0994842529296,736.0972960691786,666.1016724366807,0.09983693499230441,72.30915260792752,9.720565254208509,3.6259921817082468,6.094573072500262,11.509210604470256,16.64900473804987,23.528098524575658,-0.10508039451436689
2024-04-09,744.4111567395224,744.4111567395224,737.4451291623751,741.3949584960938,21884494,0.0,0.0,HDFCBANK.NS,0.0012608270930112297,0.001260032918006811,0.010374731529864567,703.5519714355469,691.5887902832031,729.8286364746094,746.3394046020508,709.3355423088318,707.5044683469204,703.5519714355469,742.6060947318982,664.4978481391955,0.11101986742120624,72.61730058044654,11.23663030092689,5.148119805551976,6.088510495374915,11.31599298123727,15.944205817691623,23.5005516620641,-0.10395205562970361
2024-04-10,742.041335404094,742.041335404094,733.9261958559255,735.5540161132812,27807400,0.0,0.0,HDFCBANK.NS,-0.007878314137259257,-0.007909512019926577,0.002414681998523349,706.1504821777344,692.5602099609375,730.043363647461,746.1804537963867,711.8325398140174,708.6044506122678,706.1504821777344,746.5046366703158,665.796327685153,0.11429335675911777,67.55237182892448,11.830433662536848,6.4845825769489505,5.345851085587897,11.317704603425852,16.240985973950245,23.536202617214297,-0.11101140281749819
2024-04-12,728.2048847735614,732.4419626511461,724.5901691674342,727.223388671875,41084208,0.0,0.0,HDFCBANK.NS,-0.011325650134338061,-0.011390273709138077,-0.008938315979315714,707.5724151611328,693.1759033203125,730.1877111816407,745.9764990234376,713.2983349433372,709.3346050459779,707.5724151611328,748.8278446040312,666.3169857182344,0.11661118652711595,61.01573222475931,11.496292982859359,7.4869246581310325,4.009368324728326,11.177499858624612,16.737269934207895,23.373068297839716,-0.12107977664260315
2024-04-15,716.9778144689066,722.9384424882777,714.3445949763995,715.61328125,23415248,0.0,0.0,HDFCBANK.NS,-0.01596498077857267,-0.016093793923482317,-0.024760596715085792,708.3934997558594,693.6584985351562,730.14126953125,745.7064739990234,713.5188060201623,709.5808276422141,708.3934997558594,749.6002528201981,667.1867466915206,0.11633859734325687,53.27813433865329,10.177327550793052,8.025005236663437,2.1523223141296146,11.406623612470899,17.524996750461444,23.521831678297676,-0.13511172111440284
2024-04-16,711.9268363888184,724.3269187314523,709.6526921569106,722.5794067382812,20744886,0.0,0.0,HDFCBANK.NS,0.009734483233895697,0.009687408404858214,-0.015267145094774337,709.6813873291015,694.1056665039063,730.1455792236328,745.4040127563477,714.3817203742688,710.0905758420598,709.6813873291015,750.9753085082544,668.3874661499486,0.11637312719884992,56.81664454631409,9.583671452931185,8.336738479916988,1.2469329730141965,12.01021314814737,17.44145676406374,23.58008357809506,-0.12669248066439803
2024-04-18,722.8427124294902,727.1755203466597,713.8658277959437,715.61328125,34234884,0.0,0.0,HDFCBANK.NS,-0.009640636618370113,-0.009687408404858235,-0.024760596715085792,710.6879943847656,694.3771276855468,730.0957873535157,745.0475704956054,714.4990118862432,710.3071525247242,710.6879943847656,751.5031562735505,669.8728324959807,0.11486098600587208,52.53205384872891,8.45363832929695,8.360118449792981,0.0935198795039689,12.253022358983774,17.68653006006198,22.876702139946328,-0.13511172111440284
2024-04-19,711.7113984519393,734.8836839791993,708.6951417404246,733.13623046875,34576434,0.0,0.0,HDFCBANK.NS,0.024486618230647794,0.0241916268551896,-0.0008802817633632998,712.7287384033203,695.1924670410157,730.220746459961,744.7789825439453,716.2739850845772,711.2024104833134,712.7287384033203,753.7581624996529,671.6993143069877,0.11513335126137371,60.58409296340215,8.86978908658591,8.462052577151567,0.4077365094343435,13.210556735003715,18.164859022467166,23.208653587799187,-0.1139335320171691
2024-04-22,745.6320106114753,745.6320106114753,722.12455398941,723.99169921875,42298438,0.0,0.0,HDFCBANK.NS,-0.012473167836969723,-0.012551610765343507,-0.01334246969815478,714.2332641601563,695.8373657226563,730.1932171630859,744.4837026977539,717.0090054783079,711.7039512180364,714.2332641601563,754.5564854378938,673.9100428824188,0.1129133108219267,55.31110589630742,8.36527463333266,8.442696988387786,-0.07742235505512518,14.212545566921554,18.664586702084094,23.2880739631093,-0.12498558778702987
2024-04-23,730.7424105369589,730.838140600938,719.7068030516607,721.7894287109375,26827060,0.0,0.0,HDFCBANK.NS,-0.0030418449689256777,-0.003046480782671206,-0.01634372894275604,716.0657470703125,696.445400390625,730.1695184326172,744.1222332763672,717.4642838814154,712.0994601393267,716.0657470703125,754.0874159752734,678.0440781653515,0.10619602755898198,54.090121948409056,7.698989313113998,8.293955453333028,-0.5949661402190305,14.121920793351828,18.68080956668975,23.28791187731709,-0.12764724597455734
2024-04-24,725.3323355684494,728.5640142912791,722.4836939974829,723.7523803710938,22441580,0.0,0.0,HDFCBANK.NS,0.00271956277284624,0.002715871453011321,-0.01366861396671204,717.6444854736328,697.2281848144531,730.1235565185547,743.7285668945312,718.0631502137658,712.5564374033175,717.6444854736328,754.0787601264357,681.21021082083,0.10153850657336792,55.04274486592435,7.245821866309939,8.08432873592841,-0.8385068696184721,13.52517464009374,18.683363486627822,23.162459493378336,-0.1252748278999198
2024-04-25,721.1430939897369,727.5824894434112,721.1430939897369,723.2975463867188,35445204,0.0,0.0,HDFCBANK.NS,-0.0006284386714442425,-0.0006286362217959821,-0.014288462752554576,719.2699035644531,698.2594494628906,730.0213397216797,743.2721823120118,718.5616641349994,712.9776573634509,719.2699035644531,753.4930966440937,685.0467104848125,0.09516092056693129,54.759214173336225,6.77191962443294,7.821846913629317,-1.0499272891963773,13.155838353398126,18.69298717043409,23.16237600317659,-0.12582453902495322
2024-04-26,727.630384206722,731.5562517090086,720.807951885483,722.8427124023438,24854694,0.0,0.0,HDFCBANK.NS,-0.0006288338549566008,-0.0006290316538912951,-0.014908311538397112,721.2902984619141,699.2763513183594,729.9310925292968,742.7694763183594,718.9693830176036,713.364522266937,721.2902984619141,750.8043602273956,691.7762366964325,0.08183684663003947,54.45712207541082,6.2871727680898175,7.514912084521418,-1.2277393164316006,12.292343745881364,18.219198113956413,23.111655253555497,-0.1263742501499866
2024-04-29,725.3322898363435,734.6442882658492,721.2867304749565,732.2744140625,36093350,0.0,0.0,HDFCBANK.NS,0.013048069100413784,0.012963676362259122,-0.002054767117106837,723.4160247802735,700.6121105957031,729.7891381835938,742.293821105957,720.2365288314033,714.1060866510768,723.4160247802735,749.2647303115973,697.5673192489496,0.07146290556440188,59.45249714894111,6.588123109735648,7.329554289564265,-0.7414311798286173,12.32653741900423,17.50988092434758,23.22546966747506,-0.11497512099804288
2024-04-30,732.1307565147657,737.0620819015442,725.2844208297038,727.7739868164062,52307382,0.0,0.0,HDFCBANK.NS,-0.006145820691899284,-0.006164783984475137,-0.008187959578740744,725.1443756103515,701.8152526855469,729.6038543701172,741.9270852661133,720.9543819728322,714.6420827359916,725.1443756103515,746.7650281023255,703.5237231183776,0.05963130438342272,56.2803536657753,6.389823647123194,7.141608161076051,-0.751784513952857,12.630897358734867,17.6525314727976,23.14802300280886,-0.1204143252122588
2024-05-02,728.6837005042626,735.8652087221101,727.8937229116466,733.591064453125,33475006,0.0,0.0,HDFCBANK.NS,0.007992972738920079,0.007961198135709342,-0.0002604329775208747,726.6225738525391,703.2343176269532,729.4930200195313,741.585365600586,722.1578755423839,715.3851800582321,726.6225738525391,746.1005275070248,707.1446201980533,0.05361229985249156,59.302958415992904,6.625682698465653,7.038423068553972,-0.41274037008831943,12.711268382203189,17.692616291800412,23.1818050747197,-0.11338382089213571
2024-05-03,734.0698523195007,737.5887797565925,721.59794265299,727.53466796875,31865242,0.0,0.0,HDFCBANK.NS,-0.008255820957810966,-0.008290088985120007,-0.008514103847297894,727.566943359375,704.2449951171875,729.0630871582031,741.2483139038086,722.6699510115617,715.8616305645269,727.566943359375,745.1108113631325,710.0230753556176,0.04822612726947877,55.036662893883744,6.251834854485082,6.881105425740195,-0.6292705712551125,13.273818207591335,17.901599466808147,23.215663158414976,-0.12070356532514874
2024-05-06,728.6836626849343,734.6682525558684,726.361653503664,728.994873046875,28793396,0.0,0.0,HDFCBANK.NS,0.002007059103041664,0.002005047650872701,-0.0065241330538872155,728.5328582763672,705.2288610839844,728.5792926025391,740.9280187988281,723.2723245387344,716.3766596814817,728.5328582763672,743.924609701426,713.1411068513083,0.042254103573239256,55.86114247217844,6.004171736749754,6.705718687942107,-0.7015469511923529,13.08401478661686,17.807826537508163,23.220092468127383,-0.1189387654116626
2024-05-07,728.6596397036968,729.6650974721125,720.1376195097258,721.0951538085938,28480602,0.0,0.0,HDFCBANK.NS,-0.010836453767176568,-0.010895595780171024,-0.017289888354854455,728.0193786621094,706.08154296875,727.9968719482422,740.5874954223633,723.0649749453878,716.5616986668587,728.0193786621094,743.6959128489348,712.342844475284,0.04306625522972853,50.46936799886902,5.111533038755169,6.38688155810472,-1.2753485193495502,12.844635091396233,18.177892098354796,23.273625437278486,-0.12848634474633067
2024-05-08,716.2117457291306,716.6905129132654,708.7429893452799,709.8441772460938,41687862,0.0,0.0,HDFCBANK.NS,-0.015602624013039024,-0.01572562606513092,-0.03262274474066529,726.4179016113281,706.3530029296875,727.2892541503907,740.2277020263672,721.8058513549789,716.2982664542797,726.4179016113281,742.6687693479248,710.1670338747315,0.0447424759234299,43.96125305795033,3.4564073468649212,5.80078671585676,-2.344379368991839,12.678773512022815,18.395836889811555,23.17968549991207,-0.14208424463148295
2024-05-09,706.1576388307392,711.8071150125822,691.9622384959757,693.0155029296875,46281278,0.0,0.0,HDFCBANK.NS,-0.023707561259000087,-0.02399310759152375,-0.05555690028028937,724.0456085205078,706.4329565429688,726.3044299316406,739.7642553710938,719.0639134097131,715.3852169042957,724.0456085205078,744.8725987323934,703.2186183086222,0.05752949805038606,36.40029800468938,0.7778088411192812,4.796191140909265,-4.018382299789984,13.14557236672928,19.54716495935227,23.44300021441361,-0.16242333495694336
2024-05-10,698.3538309269745,704.6385064038308,692.4331341667237,697.8200073242188,27276608,9.75,0.0,HDFCBANK.NS,0.006932751683361271,0.006908830655801013,-0.049009310790868565,721.8668609619141,706.7966760253906,725.37818359375,739.3166921997071,717.0406842587136,714.6963851560574,721.8668609619141,744.1200458133757,699.6136761104525,0.061654540622098644,39.59452845211635,-0.9464068323783295,3.647671546251746,-4.594078378630075,12.146774509467305,19.634434500250247,23.442900162871332,-0.15661662392242198
2024-05-13,694.956710818051,708.4482125597933,694.1317160729689,706.2400512695312,27047202,0.0,0.0,HDFCBANK.NS,0.012066211712099095,0.011993995318030914,-0.037534455798636124,720.4011627197266,707.3187438964844,724.6146557617187,738.828881225586,716.0120525454581,714.3647642193309,720.4011627197266,742.7199707403394,698.0823546991138,0.06196216545890266,44.824594182395074,-1.6148183777161194,2.5951735614581732,-4.209991939174293,11.4902773569501,19.545715954226907,23.437491050166784,-0.14644018155220512
2024-05-14,704.7841569928967,711.2144479759614,703.8378359787137,709.0062866210938,25665142,0.0,0.0,HDFCBANK.NS,0.003916848593604971,0.003909197713869993,-0.03376462398543778,719.4903076171875,707.8798583984375,723.8965045166016,738.3582525634765,715.3448367431378,714.1546278429296,719.4903076171875,742.121543383359,696.8590718510159,0.06290907751383575,46.46454864518316,-1.8994318011157247,1.6962524889433936,-3.5956842900591184,11.222082674662277,19.35622191050544,23.4508903809297,-0.14309691697776022
2024-05-15,708.39964782104,708.39964782104,696.8009063196256,698.1112060546875,38931996,0.0,0.0,HDFCBANK.NS,-0.015366691060426096,-0.015485982309908436,-0.048612464500308206,718.6152038574219,708.2436584472656,722.9772399902344,737.814955444336,713.7035385823331,713.5254740473122,718.6152038574219,743.1510614917836,694.0793462230602,0.06828649742631886,41.262570379970796,-2.9698968156166075,0.7630226280313935,-3.732919443648001,11.609996583314171,19.882477186961694,23.556642238344676,-0.15626468192328963
2024-05-16,701.7752582341244,709.782790041372,696.655267230535,708.6665649414062,34945236,0.0,0.0,HDFCBANK.NS,0.01511988175404233,0.015006715621806421,-0.03422759746128312,717.9195617675781,708.9214990234375,722.1328875732422,737.315697631836,713.2238268070067,713.3349285921786,717.9195617675781,742.769094751699,693.0700287834572,0.06922651034313433,47.40599197746496,-2.9327123224460365,0.023875637935907523,-2.956587960381944,12.087719965968656,19.850266495269004,23.70784439649242,-0.14350750368226048
2024-05-17,701.848002597153,712.4276743183018,701.848002597153,710.5349731445312,20920190,0.0,0.0,HDFCBANK.NS,0.0026365124242591076,0.0026330429222961955,-0.03168132652298328,717.6656463623046,709.69416015625,721.3112890625,736.8569018554688,712.9677455058186,713.2251264177611,717.6656463623046,742.7173629077884,692.6139298168209,0.0698144509841472,48.434106223090836,-2.7211111412518676,-0.5251217179016475,-2.19598942335022,12.075675101513168,19.775008394460382,23.71521300699882,-0.1412493505744341
2024-05-21,703.7407019802051,713.2526672307866,703.7407019802051,707.962890625,43769978,0.0,0.0,HDFCBANK.NS,-0.0036199238837579806,-0.0036264916629177176,-0.035186566416191556,716.4069793701171,710.1534948730468,720.4773748779297,736.378901977539,712.4910926600263,713.0187642298097,716.4069793701171,740.7041094941993,692.109849246035,0.0678305232186454,47.070003258558685,-2.729497298384217,-0.9659968339981615,-1.7635004643860557,11.800989920062364,19.800905730446345,23.59946237504707,-0.14435796256048242
2024-05-22,707.5018325662894,711.2629460513618,702.7943980944078,708.156982421875,39996278,0.0,0.0,HDFCBANK.NS,0.0002741553257172846,0.00027411775201317227,-0.034922057675050966,715.6152435302735,710.5980407714844,719.6257727050781,735.8583047485351,712.0783202563928,712.8281061196947,715.6152435302735,739.9036968836813,691.3267901768656,0.06788131911105752,47.190871396173115,-2.6894791607927573,-1.3106932993570808,-1.3787858614356765,11.56462469757048,17.556723154238394,23.513769439341303,-0.14412338373901085
2024-05-23,707.8900706969359,725.8463536828482,707.1135946322969,724.3661499023438,40861920,0.0,0.0,HDFCBANK.NS,0.022889229200330652,0.022631200755166003,-0.012832167456991672,715.7440795898438,711.28873046875,718.7940686035156,735.4328771972656,713.2485897464833,713.2805784248966,715.7440795898438,740.1972073200905,691.290951859597,0.06832924903621848,56.18864154778005,-1.3344375826333135,-1.3154421560123273,-0.01899542662098619,12.324734493631013,18.36073855621278,23.852130679125867,-0.12453302770220971
2024-05-24,721.8911533778286,737.6150464828621,721.1631959122375,736.3046875,31060206,0.0,0.0,HDFCBANK.NS,0.016481357665961927,0.01634701418957186,0.003437698667482003,716.371694946289,712.2014331054687,718.1576342773437,735.1091540527344,715.4444085801515,714.1834846631359,716.371694946289,742.2906622361863,690.4527276563917,0.0723617850139671,61.404625622892006,0.694773918958731,-0.9133989410181156,1.6081728599768466,12.357664026989735,19.020071811534276,23.969175293798887,-0.11010414340703313
2024-05-27,739.2893258205864,749.7961904344879,737.2025499615863,741.400390625,29385440,0.0,0.0,HDFCBANK.NS,0.006920644688955591,0.006896806946004029,0.010382134447462832,717.2768371582031,713.1825366210937,717.5166198730469,734.8818869018555,717.916406870137,715.2508143086993,717.2768371582031,745.3860177197843,689.1676565966219,0.07837749417072394,63.407174618323815,2.6831891746907104,-0.1940813178763504,2.8772704925670607,12.728014304295698,19.126174461794996,23.973390543846794,-0.1039454903733794
2024-05-28,742.5651435020584,745.4527436990592,739.9930626339711,742.75927734375,27908904,0.0,0.0,HDFCBANK.NS,0.0018328648540426595,0.0018311872068769535,0.012234028350844195,718.2726654052734,714.3660461425782,716.7893707275391,734.6429815673828,720.2823945342907,716.3295775649758,718.2726654052734,748.5403864916764,688.0049443188705,0.08427919519762012,63.944434026155676,4.318887940367517,0.7085125337724232,3.610375406595094,12.43745738306008,18.982021549472456,23.967892041228318,-0.10230314355537842
2024-05-29,736.692907911739,739.5319299971256,728.5640500675219,731.9854736328125,35147706,0.0,0.0,HDFCBANK.NS,-0.01450510823569473,-0.014611335797717083,-0.002448535790238071,718.2582183837891,715.0300610351562,715.9450482177734,734.3237554931641,721.3969734960547,716.9435342735185,718.2582183837891,748.4980629029412,688.0183738646369,0.08420326769722807,56.82132005954173,4.691751487072224,1.5051603244323835,3.186591162639841,12.569104726839669,19.17399830100905,24.073414372193973,-0.11532433362095057
2024-05-30,727.569210732381,739.4106642295702,726.8170235494816,735.1642456054688,33755350,0.0,0.0,HDFCBANK.NS,0.004342670841376295,0.00433326865692485,0.0018835018661578218,718.6277313232422,715.7495141601562,715.1133624267578,734.072488708496,722.7081422683798,717.6580719728107,718.6277313232422,749.5305060066547,687.7249566398297,0.0860049601105981,58.297384896725234,5.183991044422328,2.2409264684303727,2.943064575991955,12.05115930994553,18.57206468306869,24.07853393018623,-0.11148247840049111
2024-05-31,737.1782587165238,745.4284433104547,734.751733835956,743.2688598632812,74079588,0.0,0.0,HDFCBANK.NS,0.011024222554699481,0.010963898756959441,0.012928488564611929,719.11162109375,716.6784582519531,714.4161059570313,733.8901119995118,724.6663058488466,718.6624165959664,719.11162109375,751.2781710160928,686.9450711714073,0.08946191099906918,61.87582826337975,6.157093931352279,3.024159961014754,3.1329339703375245,11.94196911261636,18.628660246521253,23.925054816448068,-0.10168726349862804
2024-06-03,776.0026570209221,776.0026570209221,752.2227131847588,762.9964599609375,72637256,0.0,0.0,HDFCBANK.NS,0.026541674437006613,0.02619555522752645,0.03981330673606309,720.8847106933594,718.0287646484375,713.9113372802734,733.7499987792969,728.3167967166648,720.4010065318477,720.8847106933594,758.4607875318897,683.308633854829,0.10424989261428219,68.87658111881325,8.423041854186181,4.10393633964904,4.319105514537141,13.257490589103245,19.749316980896747,24.345522393144897,-0.07784453930379219
2024-06-04,755.6198511271432,756.5904610836327,705.6334383679294,719.7800903320312,89531240,0.0,0.0,HDFCBANK.NS,-0.056640327834704185,-0.058307656379466166,-0.019082059844355292,720.4239715576172,718.577939453125,713.0998419189453,733.3960775756836,727.5037770609854,720.3766568769529,720.4239715576172,757.8068193186737,683.0411237965607,0.1037801329132112,48.05741118571,6.654908411887504,4.614130754096733,2.0407776577907715,16.827948417371836,25.07708967007638,21.966550197865374,-0.13007572691218808
2024-06-05,725.0699500696824,756.8816568854197,719.3918460943981,753.0963134765625,81631650,0.0,0.0,HDFCBANK.NS,0.04628666948701321,0.04524739070152229,0.026321364645510936,722.0240295410156,719.7618420410156,712.5355700683593,733.2119692993164,729.9411614815165,721.6597806651729,722.0240295410156,762.1654766520548,681.8825824299763,0.11119144368798041,58.47742454371705,7.851483676181488,5.2616013385136835,2.589882337667804,18.633979166625654,28.222651075414877,22.589938469169528,-0.08980982960504229
2024-06-06,759.4537360573207,759.7206182378197,750.5726316827747,756.9301147460938,46422870,0.0,0.0,HDFCBANK.NS,0.0050907184126729454,0.005077804514498119,0.031546077713831444,724.3783264160156,721.1976489257812,712.0510498046875,733.0455935668946,732.5115379829049,723.0429310212875,724.3783264160156,766.9609436842343,681.795709147797,0.1175701031225033,59.48464118404355,9.00532612211589,6.010346295234125,2.994979826881764,18.349726576926223,28.208134989262,22.52199862205425,-0.08517630774557876
2024-06-07,757.5852892641512,768.8928586568827,753.2175448676818,763.5545043945312,36712216,0.0,0.0,HDFCBANK.NS,0.00875165291931812,0.008713579182407028,0.040573810956266776,727.9052764892579,722.6251867675782,711.7225427246094,732.9474096679687,735.4680109744884,724.6316201731794,727.9052764892579,771.2288699916002,684.5816829869156,0.1190363496505899,61.23443039834376,10.335150276815966,6.875307091550495,3.4598431852654716,18.713701010358516,28.280429562232655,21.96473972434178,-0.07717008830859891
2024-06-10,763.8700759254958,767.0973660487972,755.9110620154896,757.7067260742188,22454058,0.0,0.0,HDFCBANK.NS,-0.007658625922126627,-0.007688103800781738,0.03260444539379104,730.8996124267578,723.9635375976562,711.3975573730469,732.8608016967773,737.5859838411293,725.9286831496908,730.8996124267578,773.7435577799798,688.0556670735358,0.11723619666720053,58.8194333919934,10.792766369313085,7.658798947103014,3.1339674222100715,18.833296637696094,28.409032760426424,21.78582994569112,-0.0842376973919925
2024-06-11,755.1345051292465,762.4140794074847,753.2903226155619,759.4052124023438,29545326,0.0,0.0,HDFCBANK.NS,0.002241614426369276,0.0022391057570311313,0.0349191464153189,733.5578704833985,725.5029455566406,711.0634649658203,732.801597290039,739.664005608864,727.2414882184222,733.5578704833985,776.556685422709,690.5590555440879,0.11723359988210696,59.321249224885655,11.163794794233468,8.359798116529104,2.8039966777043634,18.880097268765294,28.40071044947817,21.62921179988433,-0.08218491140334125
2024-06-12,764.3553074238586,770.8098870497467,760.1816966411113,763.9428100585938,39280436,0.0,0.0,HDFCBANK.NS,0.0059751995142296455,0.005957418803319592,0.041102994796246684,736.3046966552735,726.9866040039062,710.808021850586,732.7763323974609,741.9762726993146,728.6807557415663,736.3046966552735,779.7166259201041,692.8927673904428,0.11791838205577937,60.69910296022703,11.689237449649795,9.025685983153243,2.6635514664965516,18.356662668540416,28.23080939251724,21.540251670345693,-0.07670078313180578
2024-06-13,767.6311179466796,769.5480488358222,763.8700045190919,767.1458129882812,24120192,0.0,0.0,HDFCBANK.NS,0.004192726062101304,0.00418396107709856,0.04546805445586055,739.7564270019532,728.465380859375,710.621953125,732.7883871459961,744.3733717744543,730.1891893590846,739.7564270019532,781.3205106788739,698.1923433250324,0.11237234895104467,61.68563939059987,12.223208567804136,9.665190500083423,2.558018067720713,17.58710507897653,28.144276057863188,21.500921256556033,-0.07282964244212486
2024-06-14,768.7230745298527,776.0026490992642,765.6656295141681,774.9835205078125,25540554,0.0,0.0,HDFCBANK.NS,0.010216711590982808,0.01016487376885695,0.05614930004582197,743.0722747802735,729.8845092773438,710.3629705810547,732.8553100585938,747.2886240347742,731.9458297962896,743.0722747802735,784.7740825428853,701.3704670176617,0.11224159258247933,64.06286559199393,13.127496413297195,10.357651682726177,2.769844730571018,17.36178483973426,28.193372089435602,21.468419344371995,-0.06335701030324771
2024-06-18,774.983540294414,781.5836762242601,771.3679826211641,780.2733764648438,32415714,0.0,0.0,HDFCBANK.NS,0.006825765731850675,0.006802575659796252,0.06335832774579275,746.559194946289,731.31703125,710.1264849853516,732.9516748046875,750.4300290281142,733.8410277048603,746.559194946289,788.467660074367,704.6507298182111,0.11227097706858481,65.61359210888689,14.108365754192619,11.107794497019466,3.000571257173153,17.701500021020543,28.055847404395927,21.487759330851453,-0.05696370468119742
2024-06-19,782.9910236928816,810.4107535609992,778.4291452824868,804.5628051757812,90131196,0.0,0.0,HDFCBANK.NS,0.031129382910621395,0.030654689800098417,0.09646001630138956,751.3891906738281,733.214755859375,710.8110675048828,733.1857647705078,755.5855315183682,736.6144307429356,751.3891906738281,796.6967578411258,706.0816235065305,0.12059680317377702,71.66060025738531,16.653692277371306,12.216974053089833,4.4367182242814724,18.971955806897988,29.256441032411377,21.9074545586214,-0.027607566745604654
2024-06-20,810.3622826499824,816.0160382972864,801.7238302737451,810.1438598632812,41408742,0.0,0.0,HDFCBANK.NS,0.00693675453500564,0.006912805939832093,0.10406589029192048,756.4885345458985,734.7903381347656,711.7973077392578,733.4384240722657,760.7815627893124,739.4979377672629,756.4885345458985,804.2019453609998,708.7751237307971,0.12614443877524878,72.8423606263384,18.90332064208542,13.554243370888951,5.349077271196467,19.09328204571604,28.953739171974625,21.919715734254783,-0.020862319124422008
2024-06-21,811.8424431419929,811.8424431419929,797.4289085916951,808.3967895507812,51630776,0.0,0.0,HDFCBANK.NS,-0.0021564939254058446,-0.00215882250674765,0.10168497890625816,760.6900665283204,736.1207995605469,712.8402862548828,733.6998226928711,765.3163462904047,742.1998535234794,760.6900665283204,811.2100310814346,710.1701019752061,0.13282667087708955,71.83255249729297,20.311060097863333,14.905606716283827,5.405453381579505,19.360198122558838,28.417934014966995,21.926440870466497,-0.022973823585366145
2024-06-24,799.2972656586157,812.9343231272944,798.6906344612428,811.6240234375,28544994,0.0,0.0,HDFCBANK.NS,0.003992140899659047,0.003984193449715935,0.1060830605690899,764.4560333251953,737.544052734375,714.1228430175781,734.0199679565429,769.7266012567947,744.922369990696,764.4560333251953,818.4331016050055,710.4789650453852,0.1412169331570927,72.58850128082312,21.439967957622798,16.21247896455162,5.2274889930711765,18.03947608744532,27.13379511886101,21.840561880103117,-0.01907339742646378
2024-06-25,810.9931467609703,833.2443684249017,810.9931467609703,830.5266723632812,74521548,0.0,0.0,HDFCBANK.NS,0.023289908110065705,0.02302283695900594,0.13184363341184424,768.9123474121094,739.3266870117187,715.4577386474609,734.3957266235352,775.5170842193172,748.2794014562876,768.9123474121094,829.2200330585691,708.6046617656497,0.15686491665645466,76.55706824523124,23.5880134263557,17.68758585691244,5.900427569443263,15.531490378225564,27.622657992716597,21.841584621499834,0.0
2024-06-26,828.876653523733,830.3083388227997,820.699276097629,825.7464599609375,47596666,0.0,0.0,HDFCBANK.NS,-0.005755639838443183,-0.005772267365485255,0.12532914910449078,773.0617065429688,741.1305358886718,716.8453729248047,734.7175411987305,780.3008342899477,751.317325319215,773.0617065429688,837.097256134259,709.0261569516784,0.16566736923925243,73.653040116968,24.620818278009438,19.07423234113184,5.546585936877598,13.555603626413472,27.76331922898383,21.88220635179865,-0.005755639838443183
2024-06-27,823.1257354693937,831.3274011881083,818.5153383232833,823.1500244140625,55074650,0.0,0.0,HDFCBANK.NS,-0.003144349594908169,-0.0031493034492545363,0.12179072085036569,777.6199340820312,743.0490686035156,718.1124859619141,735.0541427612304,784.3817095398634,754.1342939111698,777.6199340820312,842.3194892184459,712.9203789456166,0.1664040549906724,72.05425465590804,24.942293679092813,20.247844608724037,4.694449070368776,13.817323362826325,27.8707341839184,21.807221331014468,-0.008881891689556871
2024-06-28,823.8537284054296,828.2214732583296,814.8270675577021,817.1565551757812,26476046,0.0,0.0,HDFCBANK.NS,-0.007281138383671393,-0.007307775248309864,0.11362280737433572,781.7195495605469,745.0799340820313,719.3692163085938,735.3781320190429,787.5031234099508,756.605755137233,781.7195495605469,845.4759544773458,717.9631446437479,0.1631183586303819,68.36516027136503,24.431807701627463,21.08463722730472,3.3471704743227413,13.654401356499656,27.449147690965088,21.86757206840564,-0.01609835979072779
2024-07-01,815.3123309202279,828.5611799942127,815.3123309202279,827.5419921875,21187024,0.0,0.0,HDFCBANK.NS,0.01270923783935718,0.012629153304580289,0.12777610449658883,785.9332061767578,747.1791857910156,720.6424261474609,735.7462686157227,791.3163490078126,759.3875683548906,785.9332061767578,850.1275143620817,721.738897991434,0.1633581777199688,71.12401088430303,24.58189705125335,21.78408919209445,2.797807859158901,13.801726002262317,27.3838437321474,21.87204910755571,-0.0035937198347745767
2024-07-02,832.2980286836319,841.9556094944659,826.353042764463,839.8687744140625,45921690,0.0,0.0,HDFCBANK.NS,0.014895657674093732,0.014785806888345571,0.14457507128219294,789.776821899414,749.6642956542969,722.0207116699219,736.1524594116211,795.9403895226936,762.5436940827012,789.776821899414,857.3074033129782,722.2462404858499,0.17101180875668914,74.02008638524416,25.402685898221648,22.507808533319892,2.894877364901756,14.264498140696608,27.509380566265317,21.733312447076347,0.0
2024-07-03,869.1812101031826,870.6371250279785,856.3934358619908,858.3346557617188,123217802,0.0,0.0,HDFCBANK.NS,0.02198662685196151,0.021748406423846456,0.16974041627853165,796.7045501708984,752.1682641601562,723.6803656005859,736.6740805053711,801.8827005930771,766.3002023838392,796.7045501708984,862.4033333807492,731.0057669610476,0.16492634112798277,77.63821842517201,27.229326545109757,23.452112135677865,3.777214409431892,15.647617852590397,27.75262884102097,21.975482725618114,0.0
2024-07-04,854.0154497500956,854.0154497500956,837.0782938778042,838.1945190429688,45848658,0.0,0.0,HDFCBANK.NS,-0.02346420080274736,-0.023743868613118297,0.14229339226388293,800.9594604492188,754.4523205566406,725.1448431396484,737.045687866211,805.3409690168762,769.1195873508639,800.9594604492188,865.783468391933,736.1354525065046,0.1618658899574207,66.72371492418031,26.743528948496646,24.110395498241623,2.6331334502550234,16.760354821674987,29.044753119335876,22.39483340127063,-0.02346420080274736
2024-07-05,817.7388187080663,817.7388187080663,796.9677437114144,799.8310546875,82242548,0.0,0.0,HDFCBANK.NS,-0.04576916632582051,-0.04684967278336652,0.0900115760004716,803.1045074462891,756.0131530761719,726.2292767333985,737.1887322998047,804.8162152712214,770.3239586189673,803.1045074462891,864.5449150509387,741.6640998416394,0.15300725381312522,51.78875712966263,22.997815396315218,23.887879477856345,-0.8900640815411265,18.966765946422008,32.1812986614655,23.44552799117166,-0.06815943021932445
2024-07-08,798.472252380916,803.1553977227993,789.6639557513818,793.6434326171875,39087800,0.0,0.0,HDFCBANK.NS,-0.00773616132313093,-0.0077662406519251725,0.08157907060445169,804.6089538574219,757.4109741210938,727.3195794677735,737.2707962036133,803.752140732742,771.2384477953681,804.6089538574219,863.3876279831883,745.8302797316554,0.146104946617788,49.85061790114913,19.30745668861175,22.971794920007426,-3.664338231395675,19.200747972730685,32.098366504310945,23.41071882940579,-0.07536829919458606
2024-07-09,788.6205918556537,799.1516862165171,786.3639118522315,794.2015991210938,48550878,0.0,0.0,HDFCBANK.NS,0.0007032963179265384,0.0007030491209661517,0.0823397411823541,806.4336975097656,758.8290551757813,728.5442523193359,737.335542602539,802.8425653411564,772.1389635336318,806.4336975097656,861.2113913959381,751.656003623593,0.1358516987951367,50.03227973454566,16.240648115211343,21.625565559048212,-5.384917443836869,17.829759836000203,32.077939847146794,23.267936808904665,-0.07471800912397146
2024-07-10,791.0228924563764,795.9002315965357,786.5581099756618,789.1544799804688,45507182,0.0,0.0,HDFCBANK.NS,-0.006354959680527461,-0.00637523839606407,0.07546151576650773,807.9211608886719,760.1552905273437,729.7158209228515,737.3628448486328,801.538938163948,772.8062386884097,807.9211608886719,858.7986645542996,757.0436572230442,0.12594670403152972,48.327543104796646,13.250180063691573,19.950488459976885,-6.700308396285312,17.47618223580968,32.18024296916553,23.307679789298444,-0.08059813886910681
2024-07-11,788.1109895551602,789.0330808548738,776.973264088155,787.1161499023438,44177074,0.0,0.0,HDFCBANK.NS,-0.0025829291093619755,-0.0025862706259277843,0.0726836749114359,809.0798278808594,761.2521252441406,730.9321179199219,737.3631985473633,800.1653392818905,773.3674116771915,809.0798278808594,856.6909162794124,761.4687394823064,0.11769194276726896,47.62182913718473,10.593619731468834,18.079114714275274,-7.48549498280644,17.316730903096527,31.825285077831612,23.318845620394516,-0.08297288869942342
2024-07-12,787.1647047300575,795.1237185250396,781.899157363576,787.50439453125,56049960,0.0,0.0,HDFCBANK.NS,0.0004932494765281792,0.0004931278689920572,0.07321277557256622,810.0977569580078,762.4467333984375,732.1309930419922,737.3678875732422,798.9595350199247,773.9218031616643,810.0977569580078,854.7099782831838,765.4855356328319,0.11014034032805858,47.77825228641498,8.42251511415327,16.147794794250874,-7.725279680097604,17.24393608134024,31.826730289541715,23.313395225628668,-0.08252056555681221
2024-07-15,787.8926346206944,790.9500796896383,783.8645795922547,787.2131958007812,33375694,0.0,0.0,HDFCBANK.NS,-0.0003697741022030687,-0.0003698424855045009,0.07281592928200609,810.7092407226562,763.5191760253906,733.3767468261718,737.3259963989258,797.840836046673,774.4430342455513,810.7092407226562,853.5968641978951,767.8216172474173,0.10580272512253447,47.66327731704567,6.602294616513518,14.238694758703405,-7.636400142189887,16.160670255158248,31.732460417630055,23.263059821206898,-0.0828598256909732
2024-07-16,786.5579978211608,789.5911537590798,784.6410669649267,786.0726928710938,28950324,0.0,0.0,HDFCBANK.NS,-0.0014487853300366726,-0.0014498358342622721,0.07126164930183276,810.9992065429688,764.6899365234375,734.4674658203126,737.3566815185546,796.7200605061415,774.8990992896902,810.9992065429688,853.0914366756172,768.9069764103203,0.10380338178646112,47.18435761755142,5.009975820649629,12.39295097109265,-7.382975150443022,15.812291007194021,30.885569977397264,23.24702588284662,-0.08418856492109944
2024-07-18,780.3704345530638,788.1110255525017,776.0754971813087,783.6705322265625,33717064,0.0,0.0,HDFCBANK.NS,-0.0030559014023976427,-0.00306058020348947,0.06798797932539657,809.9545928955079,765.7834497070312,735.5061553955078,737.5317929077148,795.4772482890387,775.2430770519205,809.9545928955079,853.72299065654,766.1861951344757,0.10807617647938615,46.132928144089796,3.5137135124101633,10.617103479356153,-7.10338996694599,15.756824257648882,25.625438470576196,23.068139874250107,-0.08698719436988883
2024-07-19,784.2528302190582,787.649965003423,778.1865181041212,780.0307006835938,26002152,0.0,0.0,HDFCBANK.NS,-0.004644594116136158,-0.004655413758284599,0.06302760864051771,808.4489349365234,766.9621606445312,736.5218518066406,737.7134814453125,794.0061485170916,775.4308269982607,808.4489349365234,854.2160995337568,762.68177033929,0.1132221532355087,44.51430546208765,2.011028976744683,8.89588857883386,-6.884859602089177,15.47604148612561,22.160629728909033,23.09178838736801,-0.09122776827487537
2024-07-22,784.7381297391379,801.2384985771903,782.6270649860646,797.1376953125,53744822,0.0,0.0,HDFCBANK.NS,0.02193118118801518,0.02169415212483127,0.0863410597334755,807.8859802246094,768.7080310058594,737.5305169677735,738.0374386596679,794.3043910690352,776.282076736074,807.8859802246094,853.9319789651623,761.8399814840565,0.11399133013238123,52.88188136186958,2.175454863908044,7.551801835848697,-5.376346971940653,16.044537830383586,22.937029104656105,23.333208725595945,-0.07129731980227484
2024-07-23,799.5642547535156,799.6855810002239,778.9145038672318,785.4176025390625,52002152,0.0,0.0,HDFCBANK.NS,-0.014702720549230719,-0.014811876795478839,0.07036889071105912,806.5756591796875,770.5560729980468,738.4945147705079,738.2995639038086,793.4580302566568,776.6403326499167,806.5756591796875,853.6537079341701,759.4976104252048,0.1167356049458832,47.58707964387937,1.3445508805975805,6.310351644798474,-4.9658007642008934,16.413717144882817,23.325849031914967,23.494335318554533,-0.08495177578254356
2024-07-24,780.4432298173384,786.6793870769927,770.6886113878456,778.4534912109375,61728206,0.0,0.0,HDFCBANK.NS,-0.00886676247847229,-0.00890630613993786,0.060878183992778334,803.9720001220703,772.1687426757812,739.482709350586,738.5109494018554,792.0290265380169,776.7114369072116,803.9720001220703,851.2322030149029,756.7117972292377,0.11756678811117022,44.721710693845246,0.12269356971376055,5.072820029781531,-4.950126460067771,15.358176078827894,23.36761885135651,23.558156509660748,-0.09306529104302759
2024-07-25,773.0908208499962,788.6205799631161,773.0908208499962,784.5440063476562,25535732,0.0,0.0,HDFCBANK.NS,0.007823865144781506,0.007793417421353553,0.06917835183937848,801.9118774414062,773.7348217773438,740.5267828369141,738.7786410522461,791.3161674722683,777.0185964931114,801.9118774414062,848.7659396135034,755.057815269309,0.11685588776061175,47.6883381968481,-0.35014720220590334,3.9882265833840447,-4.338373785589948,14.94913302377113,23.449130650835446,23.46093440876703,-0.08596955618502655
2024-07-26,778.9144923179402,787.0433507268658,774.7651110455088,785.2962646484375,43810540,0.0,0.0,HDFCBANK.NS,0.0009588478080193585,0.0009583884071001434,0.07020353115842148,800.019189453125,775.2606213378906,741.5702398681641,739.0576345825195,790.7428433938082,777.3432109305753,800.019189453125,846.3158626764757,753.7225162297743,0.11573890685046705,48.05911742340938,-0.6566070057592697,3.059259865555382,-3.7158668713146517,12.881380477328467,23.40524928173183,23.200736318864013,-0.08509314009751151
2024-07-29,783.7674811785615,791.9448576014164,775.662912345258,778.938720703125,51001148,0.0,0.0,HDFCBANK.NS,-0.008095726710426465,-0.008128675053590044,0.061539455845629476,798.1082977294922,776.8771716308594,742.5604150390625,739.298616027832,789.6186412327909,777.4057799412635,798.1082977294922,844.5812235999834,751.6353718590009,0.11645769378090752,45.146723097099034,-1.3963826422915417,2.168131363985997,-3.564514006277539,13.080702140524247,23.531365906019694,23.254816476300505,-0.0924999760007765
2024-07-30,777.4585786816452,793.3523167913979,776.0026637402938,784.0344848632812,54595834,0.0,0.0,HDFCBANK.NS,0.006541932022016361,0.0065206264539644015,0.06848397480445989,795.9329223632812,778.3845300292969,743.6530145263672,739.608764038086,789.0868168166471,777.6657291538917,795.9329223632812,840.6444319248372,751.2214128017253,0.11234994383395712,47.87342826341905,-1.5535660411317167,1.4237918829624545,-2.9773579240941714,13.406550618154142,23.424936614556735,23.25740010059776,-0.08656317253379535
2024-07-31,783.2821860675673,790.0279366929944,780.9526986206498,784.1314697265625,37820484,0.0,0.0,HDFCBANK.NS,0.00012369974172532494,0.0001236920915431507,0.06861614599618093,793.1460571289062,779.8564599609375,744.7753100585937,739.8679293823242,788.6148789985439,777.9192876077219,793.1460571289062,833.0126728863345,753.279441371478,0.10052780417705312,47.92648393642147,-1.6512742871277624,0.8087786489444112,-2.4600529360721737,13.387487507544904,23.347900357007305,23.251593691010303,-0.08645018063415548
2024-08-01,787.6014491725216,800.7774909815698,785.1991540216145,795.3178100585938,26215174,0.0,0.0,HDFCBANK.NS,0.014265898977287694,0.014165098581546496,0.08386091598046086,789.99521484375,781.6035583496093,745.8785266113281,740.1681845092774,789.2532533852152,778.6015826057953,789.99521484375,815.5666029407028,764.4238267467972,0.06473808351360821,53.77108794040797,-0.8166507577930133,0.48369276759692637,-1.3003435253899398,13.706402176308732,21.87623017519158,23.32743052539256,-0.07341757120036294
2024-08-02,791.5323792943032,810.7019249608421,791.5323792943032,805.1937255859375,44119238,0.0,0.0,HDFCBANK.NS,0.012417571192849586,0.012341105516932217,0.09731983606779537,788.3451751708984,783.5442932128906,747.0711669921875,740.5218887329102,790.7713935948077,779.6444117422716,788.3451751708984,802.5569172306812,774.1334331111157,0.03605461797036282,58.22858808051843,0.634385448371745,0.5138313037518901,0.12055414461985492,14.131043926671257,22.090244096852206,23.396762993614924,-0.061911667924700035
2024-08-05,795.9486333620303,798.8119444034794,776.9732217436031,784.1314697265625,41333634,0.0,0.0,HDFCBANK.NS,-0.026157997994890048,-0.02650620409847862,0.06861614599618093,787.5601959228516,784.739599609375,748.0141650390625,740.812892150879,790.1390198930701,779.820374800479,787.5601959228516,800.8019218055938,774.3184700401093,0.03362720958040742,47.67140913311661,0.08382775845529977,0.4278305946925721,-0.34400283623727235,15.640687051310604,23.34322193336811,23.739442919486482,-0.08645018063415548
2024-08-06,791.0470575275043,792.4786834136157,773.2363898060842,777.0702514648438,45116050,0.0,0.0,HDFCBANK.NS,-0.009005145864354969,-0.009045937263365224,0.05899310172848038,786.7315368652344,785.5549108886719,748.8781719970704,741.0480026245117,788.8943752808581,779.7125268265326,786.7315368652344,800.4365520445294,773.0265216859393,0.03484038591843739,44.742592368589065,-0.9117642275530216,0.1599116302434534,-1.071675857796475,16.661558966551922,23.409893477989815,23.759463792288763,-0.09467683001190005
2024-08-07,784.7381567736204,791.0471215466921,777.5556193354371,787.8926391601562,42346264,0.0,0.0,HDFCBANK.NS,0.013927167685175768,0.013831075848869749,0.07374187623369743,786.4160888671875,786.484755859375,749.8336462402344,741.3019158935547,788.7989718407912,780.0333155454982,786.4160888671875,799.6804973167173,773.1516804176576,0.03373381759937505,49.830105417723516,-0.8180715887307315,-0.03568501355138359,-0.782386575179348,16.800226231598735,22.700312560867363,23.844274995919896,-0.08206824241420099
2024-08-08,788.1352699911228,802.3547292854007,785.8300713873926,797.21044921875,33976950,0.0,0.0,HDFCBANK.NS,0.011826243317269558,0.011756859796963346,0.08644020892197868,786.8188873291016,787.573779296875,750.9699127197266,741.5778814697265,789.6000649244063,780.7069286307238,786.8188873291016,800.8976957579908,772.7400789002123,0.03578665600334156,53.77610484593099,0.007958165319678301,-0.026956377777171216,0.03491454309684952,17.304598445792042,22.994375840095103,23.791915928278346,-0.07121255810034235
2024-08-09,801.7237923493824,806.8437833638833,798.7149252998082,800.8502197265625,26644618,0.0,0.0,HDFCBANK.NS,0.004565633216899512,0.0045552423288821925,0.09140049642800818,787.5055908203125,788.95107421875,751.9905676269532,741.9057986450196,790.6715082388974,781.4968616148744,787.5055908203125,802.9217116533285,772.0894699872964,0.03915177495300756,55.25653616280514,0.945393846007164,0.16751366697969586,0.7778801790274682,16.477851035187523,23.04243944188195,23.748981434315,-0.06697205530416615
2024-08-12,801.7238266679481,813.3468572381819,799.4671466635041,805.65478515625,39316196,0.0,0.0,HDFCBANK.NS,0.005999330850315454,0.005981406518594093,0.09794816909627824,788.4131103515625,790.3608850097656,753.055199584961,742.2724609375,792.098486992931,782.4442311655166,788.4131103515625,805.835365519665,770.9908551834601,0.04419575204763817,57.20494506888096,2.052348458076267,0.5444806251990101,1.507867832877257,15.985610566736502,23.039932681222595,23.753425504497162,-0.061374511971345996
2024-08-13,790.0765423217451,792.2118961762867,777.0461148817201,778.0409545898438,54055042,0.0,0.0,HDFCBANK.NS,-0.03427501589412241,-0.03487618084565813,0.060315978149580785,787.9544982910156,791.0563269042968,753.867392578125,742.4732858276367,790.7596743831132,782.2715536527452,787.9544982910156,805.982117170486,769.9268794115452,0.04575802008509449,45.05992591068551,0.693419308866396,0.5742683619324873,0.11915094693390871,16.886888751406705,24.687550175006233,24.38942072672217,-0.09354591549215652
2024-08-14,779.6424562895212,783.1366284755188,778.0409261468292,780.2733764648438,32334428,0.0,0.0,HDFCBANK.NS,0.002869285815650713,0.0028651772722852803,0.0633583277457932,787.6645324707031,791.401865234375,754.7153149414063,742.7366201782227,789.760979343278,782.1931937630235,787.6645324707031,806.0034659702706,769.3255989711356,0.046565340303042234,46.05701486323273,-0.20108604944732633,0.4191974796565246,-0.6202835291038509,16.141598981090258,24.216631135836323,24.3743762979952,-0.09094503964493948
2024-08-16,790.3191371152319,793.061122021343,781.8263002104013,792.0662231445312,27849246,0.0,0.0,HDFCBANK.NS,0.01511373710213837,0.015000662474181525,0.07942964595671254,788.0843170166015,792.847587890625,755.712763671875,743.0704095458984,789.9805263719688,782.5803713858277,788.0843170166015,806.4226676889853,769.7459663442178,0.0465390575003599,51.105190834652184,0.041122149107422956,0.34358241354670427,-0.3024602644392813,16.177992257886128,23.693037717746137,24.48552130869019,-0.07720582196273827
2024-08-19,794.759726022084,794.759726022084,787.9896858897818,791.7993774414062,19502164,0.0,0.0,HDFCBANK.NS,-0.00033689822306226525,-0.00033695498601786706,0.07906598802706899,788.6727508544922,793.6216491699219,756.6917456054688,743.3840728759766,790.1537502833438,782.9419010350662,788.6727508544922,806.6751927991427,770.6703089098417,0.04565250143394877,50.988911778597824,0.209130942037973,0.31669211924495805,-0.10756117720698505,15.49857046332497,22.853671402167194,23.982133116373504,-0.07751670968157119
2024-08-20,789.8095595425733,798.8119905444514,789.8095595425733,794.783935546875,31134494,0.0,0.0,HDFCBANK.NS,0.0037693362618103077,0.003762250115014318,0.08313335058462568,788.555062866211,794.3787255859374,757.7881872558594,743.7527557373047,790.594720308442,783.4062945453331,788.555062866211,806.3541278048411,770.7559979275808,0.045143492894294014,52.29626627006991,0.5764629113853061,0.3686462776730277,0.20781663371227843,14.902340316951681,18.703898172698942,23.88014897336609,-0.07403955996445982
2024-08-21,790.1250159925943,793.2552686183906,785.1264103072706,789.0088500976562,47630904,0.0,0.0,HDFCBANK.NS,-0.0072662332376471905,-0.007292760892579147,0.07526305103180353,788.7346252441406,794.8878125,758.7564996337891,744.1154241943359,790.4436850502719,783.6260026062087,788.7346252441406,806.4727750193158,770.9964754689654,0.04497875256759428,49.5424223951745,0.3969986588120946,0.3743167539008411,0.022681904911253492,14.943932257470237,18.687810384526674,23.914671930048325,-0.08076780449059248
2024-08-22,792.0177904024437,795.0752357163401,790.0765703279278,791.6781005859375,21300638,0.0,0.0,HDFCBANK.NS,0.0033830425196763603,0.0033773329049538226,0.07890071165328116,789.3958557128906,795.5672399902344,759.7653887939454,744.5706753540039,790.5612484346211,783.9417711544334,789.3958557128906,806.4947452631332,772.296966162648,0.04332145760963198,50.8311880279348,0.46480022456432835,0.3924134480335386,0.07238677653078973,14.188243997732846,18.714286273975294,23.91841899959202,-0.07765800288772878
2024-08-23,792.9883534236101,792.9883534236101,787.6499985352013,788.6448974609375,20333422,0.0,0.0,HDFCBANK.NS,-0.0038313591379565137,-0.00383871759565452,0.07476705555274066,789.6009002685547,796.1520336914062,760.8274896240234,744.9969955444336,790.3787388180798,784.1262074801787,789.6009002685547,806.552532662741,772.6492678743684,0.042937216480935576,49.290524380885756,0.27065931910442487,0.3680626222477159,-0.09740330314329104,13.200301799294973,18.654467191648084,23.886204886579314,-0.08119182632668596
2024-08-26,792.1147410094821,799.7582942162704,792.1147410094821,795.8758544921875,22364266,0.0,0.0,HDFCBANK.NS,0.0091688376537149,0.009127059041786421,0.08462142020066499,790.1298797607421,796.7906945800781,761.8886492919922,745.4212893676757,790.9022736441854,784.5869779512378,790.1298797607421,807.175938237425,773.0838212840592,0.043147484770085114,52.95154293570797,0.6922986655349632,0.4329098309051653,0.2593888346297979,11.978365578794865,18.82076754429594,23.83563012830115,-0.07276742334736903
2024-08-27,797.550212512406,799.4914324239653,792.1147612152419,794.8082275390625,35773244,0.0,0.0,HDFCBANK.NS,-0.0013414491055344646,-0.0013423496538357367,0.08316645576669335,790.9233551025391,797.3439428710938,762.9046618652344,745.8608319091796,791.2742692532213,784.9878112684075,790.9233551025391,807.2377101316542,774.6090000734239,0.04125394685557138,52.35058676886576,0.9295866168704379,0.5322451880982199,0.397341428772218,11.130821121737142,18.82780487224861,23.66391182527098,-0.07401125865794209
2024-08-28,794.8081968881353,795.7788068064845,791.1441207498361,794.4927368164062,26921188,0.0,0.0,HDFCBANK.NS,-0.00039693942730445464,-0.00039701822861251635,0.08273650429406598,791.4462677001953,797.7341271972656,763.8093182373046,746.3035845947265,791.5807899735247,785.3605534467605,791.4462677001953,807.4992494270061,775.3932859733845,0.0405661947802419,52.16219073900788,1.079735049677879,0.6417431604141517,0.43799188926372734,10.463522262794283,18.827900051375458,23.622081680257374,-0.0743788200986208
2024-08-29,796.8707505966252,798.035494358065,791.6052035874162,795.1964721679688,49052604,0.0,0.0,HDFCBANK.NS,0.0008857668786028672,0.0008853748186200027,0.08369555642782389,791.9995178222656,798.0325891113281,764.674810180664,746.7444696044922,791.9251406587099,785.746275749553,791.9995178222656,807.750892741233,776.2481429032982,0.03977622350649505,52.57219715893856,1.241206470381826,0.7616358224076866,0.4795706479741394,9.742496039411476,18.820402028935764,23.55130710382251,-0.07355893551533088
2024-08-30,803.6650654368904,806.5768953841255,786.7521983416328,794.395751953125,445342100,0.0,0.0,HDFCBANK.NS,-0.001006946387300589,-0.001007453698399349,0.08260433310234516,791.9534149169922,797.829248046875,765.522001953125,747.164594116211,792.1604369724637,786.0854708947911,791.9534149169922,807.6692531990809,776.2375766349035,0.0396887947853245,52.02581765844121,1.2896954982918487,0.867247757584519,0.4224477407073297,10.47045053208,18.796558943533373,23.2241613149233,-0.07449181199826067
2024-09-02,799.200245545704,799.200245545704,787.747000900005,789.56689453125,34049680,0.0,0.0,HDFCBANK.NS,-0.006078654637820757,-0.006097204870766882,0.07602355525200766,791.1720733642578,797.4177087402344,766.1040234375,747.5348406982422,791.9134329304434,786.2219973119072,791.1720733642578,805.6188594342125,776.7252872943031,0.03651995957977482,48.7362512193176,0.9277800933618892,0.879354224739993,0.04842586862189613,10.297131537152941,18.835363272981073,23.143643308821876,-0.08011765663759857
2024-09-03,792.9883149182248,795.8758557711201,788.4264363868309,794.6140747070312,37282860,0.0,0.0,HDFCBANK.NS,0.006392340168691613,0.00637199581493481,0.0829018638467034,791.6962036132812,797.1420544433594,766.6314270019532,747.9476788330078,792.170636909166,786.5510983862258,791.6962036132812,805.8245905299531,777.5678166966094,0.035691435306094046,52.14237187450008,1.0362792050219696,0.9107392207963885,0.1255399842255811,8.785756473564318,17.807475579885686,23.15002695945347,-0.07423745578365287
2024-09-04,795.4148650304477,798.2296576209254,792.0177301584446,796.7737426757812,24682744,0.0,0.0,HDFCBANK.NS,0.0027178828534422106,0.0027141960884591197,0.08584506425441285,792.6813781738281,796.845048828125,767.19455078125,748.3610217285157,792.6090279345578,786.951986397581,792.6813781738281,805.1680473054047,780.1947090422515,0.03150488828271272,53.56413125693529,1.2817573873907122,0.9849428541152533,0.2968145332754589,8.865486840263689,17.269011844729324,23.150023786538807,-0.07172134163836832
2024-09-05,798.8120464324933,800.704747819695,796.8708263925602,798.5451049804688,22876318,0.0,0.0,HDFCBANK.NS,0.0022231685230222897,0.002220700940439277,0.0882590808221424,793.2140014648437,796.2054174804688,767.7660522460938,748.7973443603515,793.1743686055969,787.4066184988708,793.2140014648437,805.7492807141522,780.6787222155352,0.03160629849235977,54.75149627463208,1.6007819319295322,1.1081106696781091,0.4926712622514231,8.23286252507901,17.04190333242915,23.14865317232348,-0.06965762174450534
2024-09-06,795.0751309568867,799.6612390821284,793.0368146024134,794.419921875,26029602,0.0,0.0,HDFCBANK.NS,-0.0051658736366176905,-0.00517926289320958,0.08263727192671344,793.0744750976562,795.57888671875,768.3547113037109,749.1990374755859,793.2929927264925,787.681650003817,793.0744750976562,805.4839461841357,780.6650040111767,0.03129459206199119,51.451958529380086,1.5034129720072542,1.187171130143938,0.31624184186331616,8.222461407037063,16.999496815165582,23.171274939498304,-0.07446365290936365
2024-09-09,794.9295949741877,800.0252975060735,791.0956736019307,799.0546875,23792914,0.0,0.0,HDFCBANK.NS,0.005834150802840998,0.005817198049700444,0.08895354103591036,792.9846984863282,795.0969799804687,769.0730242919922,749.6303677368164,793.8417255620647,788.1276514742556,792.9846984863282,805.1814681977046,780.7879287749518,0.030761677330364535,54.751336673169405,1.779718731646426,1.3056806504444356,0.4740380812019904,8.217260900055967,17.07018062923144,23.09776810106599,-0.06906393428692618
2024-09-10,802.6944096330184,802.6944096330184,794.9295302169795,800.9230346679688,26606646,0.0,0.0,HDFCBANK.NS,0.0023381968683697796,0.0023354675397160092,0.09149972879536072,792.7481109619141,794.7723095703125,769.9261218261719,750.033695678711,794.5161359531032,788.6294312073423,792.7481109619141,804.0616545092587,781.4345674145695,0.028542593519691437,56.04807620914892,2.1249578475362796,1.4695360898628045,0.6554217576734751,8.08207191265843,16.873145810069865,23.066269859796254,-0.06688722249342333
2024-09-11,800.9473289635273,801.9664575454252,795.5118777911906,797.7928466796875,22226684,0.0,0.0,HDFCBANK.NS,-0.003908225700586687,-0.003915882771535491,0.0872339015030994,793.7357055664063,794.1773266601563,770.678256225586,750.4119177246093,794.8282036413493,788.9887808337088,793.7357055664063,802.8850434077575,784.5863677250551,0.023053864849943432,53.29251091396377,2.12152668459521,1.5999342088092856,0.5215924757859245,8.109800065197769,16.845802000938654,23.052553394401173,-0.07053403783202036
2024-09-12,802.6944342572692,810.4593139115112,799.32158835399,808.8092651367188,32424046,0.0,0.0,HDFCBANK.NS,0.013808620248827896,0.013714149928650412,0.10224710157060724,795.1625,793.5561364746094,771.6102160644531,750.8530017089844,796.1597333075749,789.7660547279445,795.1625,804.37219014975,785.95280985025,0.023164296982692296,60.628898229073194,2.973464121204074,1.8746401912882433,1.0988239299158309,8.633236661155982,17.27125430259361,23.09631193206284,-0.05769939532623122
2024-09-13,812.400503038587,812.400503038587,804.1746076631325,808.4937744140625,23860532,0.0,0.0,HDFCBANK.NS,-0.00039006813627795456,-0.000390144232642579,0.10181715009797987,795.9838775634765,792.5593188476563,772.3637915039062,751.2922689819336,797.3344038891452,790.5004751077923,795.9838775634765,806.817840634934,785.1499144920191,0.02722156409655039,60.33661257046026,3.5818834897175975,2.2160888509741143,1.3657946387434832,8.426986562593234,16.816117407189278,23.09766659956406,-0.05806695676690994
2024-09-16,809.0034181076534,814.2447356947455,807.5717920840796,810.9203491210938,15172820,0.0,0.0,HDFCBANK.NS,0.003001352371315269,0.002996857305225748,0.10512409161418224,796.9399261474609,792.0138354492187,773.2330780029297,751.7131475830079,798.628303435045,791.301254480863,796.9399261474609,809.4622233440722,784.4176289508497,0.03142595015196716,61.85962870454979,4.211319057179708,2.615134892215233,1.5961841649644746,8.376720305589126,16.45888421783412,23.00842700998097,-0.055239883793982134
2024-09-17,814.3417351276187,814.3417351276187,807.6202731787942,809.876953125,20127122,0.0,0.0,HDFCBANK.NS,-0.0012866812347533951,-0.0012875097197936837,0.10370214918342846,797.6945770263671,792.2147534179687,774.1139532470703,752.1417358398437,799.6996034055169,792.0297132512213,797.6945770263671,811.4301709433506,783.9589831093837,0.03443822814538065,60.77892192211621,4.5732404729426435,3.0067560083607154,1.566484464581928,8.525775726458855,14.440934164646299,22.832742528760942,-0.05645548890684782
2024-09-18,811.3570886275262,824.4846115422112,810.9931099061356,822.494873046875,40917342,0.0,0.0,HDFCBANK.NS,0.015580045676305998,0.015459922837628119,0.12089787908074334,799.3688781738281,792.7917822265625,775.1013781738282,752.6124673461914,801.8705814665987,793.2244254000706,799.3688781738281,816.4119394875166,782.3258168601395,0.042641293097684066,68.04858043526995,5.8112381517333915,3.5676524370352514,2.24358571469814,9.109873415499026,14.69898190610377,22.545879066535687,-0.04175502232638873
2024-09-19,824.6301946967953,834.2392569551141,824.6059649927001,829.1435546875,30651776,0.0,0.0,HDFCBANK.NS,0.008083553902282103,0.008051056989999842,0.12995871750524612,801.2421508789063,793.4906213378906,776.1598382568359,753.0905889892579,804.4680074876369,794.63301870546,801.2421508789063,822.4524438072827,780.0318579505298,0.05294352750940593,71.08935813792513,7.245333579078078,4.303188665443817,2.9421449136342614,8.532708191623774,14.37886803216186,22.553821140163578,-0.034008997397773084
2024-09-20,833.0259912779876,846.8328941482245,828.6825354394553,845.0130004882812,60623386,0.0,0.0,HDFCBANK.NS,0.019139563602785792,0.018958706199615753,0.15158563424745997,804.0605560302735,794.6077917480469,777.3815411376953,753.6563168334961,808.3294353924601,796.6087042655706,804.0605560302735,832.1027866980426,776.0183253625044,0.06975153912838698,76.77165256542821,9.552283409919482,5.35300761433895,4.199275795580532,9.011073481843075,14.968666981980256,22.67378504922658,-0.015520351163749013
2024-09-23,848.7983557064159,857.2183847223622,844.551937403139,854.0396728515625,26965350,0.0,0.0,HDFCBANK.NS,0.010682288151857122,0.010625635607197651,0.16388720382403044,806.9687469482421,795.9462622070313,778.5991937255859,754.1941659545898,812.6827913409461,798.8608991120801,806.9687469482421,842.5008321362201,771.4366617602642,0.08806310113582855,79.26775771860116,11.970941233319877,6.676594338135136,5.294346895184741,9.38371833433836,15.163957915115994,22.717380710433808,-0.005003855875241015
2024-09-24,856.5633141386422,864.6436541344489,851.3462854547951,858.0435180664062,33039036,0.0,0.0,HDFCBANK.NS,0.0046881255544901634,0.004677170519592464,0.16934365316682198,810.1305114746094,797.3570446777344,779.901889038086,754.7528717041016,817.0028605528946,801.1817861298969,810.1305114746094,851.8257264812694,768.4352964679495,0.10293456280461731,80.28000284663126,14.048875143626105,8.15105049923333,5.8978246443927755,9.889821278422144,15.140079914888199,22.526036155026492,-0.00033918902535064644
2024-09-25,854.2095613390953,867.7252930088929,854.2095613390953,863.4060668945312,31965312,0.0,0.0,HDFCBANK.NS,0.006249739920195951,0.006230291286201133,0.17665174687644636,813.5761779785156,798.8809020996093,781.2000390625,755.3465295410156,821.4222135378124,803.6219540030198,813.5761779785156,860.8472317442026,766.3051242128286,0.11620559953744208,81.57738901795155,15.94456657367516,9.709753714121696,6.234812859553465,10.574444601699563,10.519390984359907,22.432865407758857,0.0
2024-09-26,860.4700264333525,867.7253122548344,858.0435015109396,865.5171508789062,31899644,0.0,0.0,HDFCBANK.NS,0.0024450650340783753,0.0024420807261293954,0.17952873692002114,817.0922119140625,800.4697912597657,782.5798638916016,755.8214755249023,825.6217313798213,806.0492166256037,817.0922119140625,868.854676829342,765.3297469987831,0.12669920031185797,82.0772911636699,17.41649599969014,11.251102171235384,6.165393828454757,10.792829334855266,10.522309951301787,22.43280608032778,0.0
2024-09-27,862.3868654114664,862.9692076341789,849.2836322285123,850.5697021484375,35613502,0.0,0.0,HDFCBANK.NS,-0.017269962490390922,-0.017420827774180657,0.1591583198770743,819.9009094238281,801.8077746582031,783.7956121826172,756.1874523925782,827.99772859588,807.795118018656,819.9009094238281,872.5662142930697,767.2356045545865,0.12846748738515554,68.00617863650622,17.178849400551144,12.436651617098537,4.742197783452607,11.314536102444638,11.547841484329973,22.649931997188986,-0.017269962490390943
2024-09-30,848.7013681367213,849.987378933711,836.8599148404105,840.572509765625,26383534,0.0,0.0,HDFCBANK.NS,-0.011753525146217636,-0.01182314387086693,0.14553412341595173,822.4511901855469,803.0186108398437,784.9903857421875,756.4936288452149,829.1953268025223,809.0805059303018,822.4511901855469,873.8563856275075,771.0459947435863,0.12500485391811142,60.53165330843296,15.999391853302882,13.149199664339406,2.850192188963476,11.73917238044379,12.236785034118961,22.767139350655956,-0.02882050469820353
2024-10-01,836.6658121791694,845.4013020975134,834.773110848595,837.7334594726562,24572284,0.0,0.0,HDFCBANK.NS,-0.0033775197975013382,-0.0033832364932909397,0.14166505923540096,824.6071594238281,803.8305261230469,786.2692785644531,756.7792663574219,830.0084822949161,810.2041511672569,824.6071594238281,874.6966073130959,774.5177115345602,0.12148681300382227,58.563135768832765,14.666509229058988,13.452661577283322,1.2138476517756658,12.037287487206916,12.323171527786469,22.50782639322667,-0.032100682670512665
2024-10-03,832.613483062025,837.7091852435565,812.0850591484665,816.282958984375,48473398,0.0,0.0,HDFCBANK.NS,-0.025605400197079464,-0.025938924116040256,0.11243226850265597,825.5826202392578,804.4478332519532,787.501953125,756.9031915283203,828.7012895986741,810.4425357875361,825.5826202392578,874.1257936458841,777.0394468326316,0.11759737236851762,46.30925669935278,11.743937228332015,13.110916707493061,-1.3669794791610457,12.964568422375919,14.45544735519769,22.82564665986684,-0.05688413204121424
2024-10-04,812.6431358067093,820.4808225688465,802.2090794198211,804.4657592773438,48683232,0.0,0.0,HDFCBANK.NS,-0.01447684234610791,-0.014582654285036767,0.09632776193081982,825.8786529541015,804.9680786132812,788.5684106445312,756.9732971191406,826.3931438537854,810.2081523949796,825.8786529541015,873.795753250744,777.961552657459,0.11603908183180879,41.19528199145466,8.377656200098045,12.164264606014058,-3.786608405916013,13.682128977630985,15.12931172310736,22.955567054007094,-0.07053747177576629
2024-10-07,801.8208473760044,805.1209448670484,782.7969162571121,785.1264038085938,94458296,0.0,0.0,HDFCBANK.NS,-0.024039998279258845,-0.024333675252326173,0.0699720444204992,825.4139770507812,804.9797265625,789.3572741699219,756.9859649658204,822.4629781351957,809.2245544111997,825.4139770507812,874.7741057599682,776.0538483415943,0.1196009035019047,34.48380571349314,4.102044061380866,10.551820497087421,-6.449776435706555,14.800063620436008,16.693952438157098,23.334485536658615,-0.09288174935491243
2024-10-08,791.0471237749532,804.0533210403008,787.164683903665,801.2628173828125,29734406,0.0,0.0,HDFCBANK.NS,0.020552631392782184,0.02034427606111851,0.09196278545005532,825.5243835449219,805.2990576171875,790.2798394775391,757.0881719970703,820.4439152063974,808.9123294296944,825.5243835449219,874.6455624485646,776.4032046412791,0.1190060036572373,42.85014404175548,1.9926938211681318,8.839995161903563,-6.847301340735431,15.67188185492762,17.547139297592786,23.423852536737098,-0.07423808231973848
2024-10-09,800.5105298956967,804.0289908485573,790.4161630516477,792.5758056640625,41125642,0.0,0.0,HDFCBANK.NS,-0.010841650866970975,-0.010900849828874213,0.08012410617048071,825.1070220947265,805.5717993164062,791.2244854736329,757.1008627319336,817.7898095356989,808.2716814388854,825.1070220947265,875.2397451750938,774.9742990143592,0.12151811034911258,39.8964273157022,-0.3756207642111349,6.996871976680624,-7.372492740891759,15.600822524906082,17.83724730776913,23.50225846640037,-0.08427486981716542
2024-10-10,795.4147877416559,808.2510795642027,792.2603056670246,806.7709350585938,21754766,0.0,0.0,HDFCBANK.NS,0.017910122026293607,0.017751625454904604,0.09946926071553541,825.5559265136719,806.0265283203125,792.2055291748047,757.1692083740235,816.7403929188317,808.2128286396584,825.5559265136719,874.8119595228309,776.299893504513,0.11932815555493013,46.39843739399424,-1.0944823165632442,5.378601118031851,-6.473083434595095,15.904136095544581,18.57849386957909,23.61385420156294,-0.06787412099304735
2024-10-11,807.7658537028776,807.7658537028776,797.4774117796152,801.238525390625,23672594,0.0,0.0,HDFCBANK.NS,-0.006857472707004431,-0.006881093219583502,0.09192968026798831,825.1773895263672,806.3686694335937,793.1125646972656,757.2119268798829,815.2640245828121,807.9393265514609,825.1773895263672,875.0873384705176,775.2674405822168,0.12096780541405182,44.38320262914482,-2.086552026915797,3.885570489042321,-5.972122515958118,15.342570610865526,18.702468443215974,23.2503806673591,-0.07426614876783004
2024-10-14,803.689357680797,821.1603374358971,802.6944587482099,819.2433471679688,18527508,0.0,0.0,HDFCBANK.NS,0.02247123822280761,0.022222479661745696,0.11646669223584438,825.7148681640625,806.8471801757812,794.2253692626953,757.3513720703126,815.6430076861603,808.3826214775985,825.7148681640625,875.0970649281271,776.3326713999979,0.11961077284187346,51.73089135241623,-1.4037541707153878,2.827705557090779,-4.2314597278061665,15.860810948440449,19.765436150432993,21.42797495292496,-0.05346376286587489
2024-10-15,822.1066552857113,824.0478752509669,813.1285129464045,817.3021240234375,19651130,0.0,0.0,HDFCBANK.NS,-0.0023695317773917424,-0.0023723435604314667,0.11382118893019211,826.0339569091797,807.0893481445313,795.3168206787109,757.4712966918945,815.801018765901,808.7324058911609,826.0339569091797,875.0950714600623,776.972842358297,0.11878716157010666,50.949345080643404,-1.007656794387458,2.060633086795132,-3.06828988118259,15.690953350219631,19.677377293223017,20.053020468841463,-0.05570661055821697
2024-10-16,815.3608435545054,828.8765747113987,815.3608435545054,824.92138671875,20470682,0.0,0.0,HDFCBANK.NS,0.00932245551718891,0.009279269620341132,0.12420473741809634,826.7861785888672,807.905146484375,796.322373046875,757.5582208251953,816.6696252376009,809.3672678843996,826.7861785888672,875.2620843927747,778.3102727849597,0.117263464386027,53.89368098579178,-0.0780363922892775,1.6328991909782502,-1.7109355832675277,15.69095331358361,19.76237131475022,20.089998111098446,-0.04690347743997041
2024-10-17,822.5676501021808,823.8780090897097,808.1298269832027,811.988037109375,14695732,0.0,0.0,HDFCBANK.NS,-0.015678281370324676,-0.015802485539425426,0.10657913922700346,826.2608367919922,808.6035021972656,797.0792065429688,757.6184204101562,816.2237597015794,809.4700431481241,826.2608367919922,875.1584502620965,777.363223321888,0.11835878282686665,48.56467967970811,-0.3805322125637076,1.2302129102698587,-1.6107451228335663,16.198792527273067,20.359777344435543,20.239678583144833,-0.061846392893744585
2024-10-18,807.1106759435778,820.6506963237373,802.7429312558701,816.2101440429688,24809724,0.0,0.0,HDFCBANK.NS,0.005199715686236228,0.005186243844279787,0.11233303613530388,825.6141662597656,809.1698522949218,797.8273040771485,757.6719619750977,816.2224629721878,809.7343608302749,825.6141662597656,874.6930106062076,776.5353219133236,0.11889050927694514,50.29263156554809,-0.27638756180749624,0.9288928158543878,-1.2052803776618841,16.318381557092582,20.397239189968126,20.202493493682827,-0.05696826086677513
2024-10-21,832.2980010606213,848.3858722296796,830.3810701774502,838.9466552734375,46548354,0.0,0.0,HDFCBANK.NS,0.02785619781426263,0.027475271853412864,0.14331840522522832,825.3108489990234,810.0045764160157,798.7891778564453,757.7892742919922,818.3866717627831,810.8799410045166,825.3108489990234,873.9579823877698,776.663715610277,0.11788802594258388,58.39785826975671,1.622095753458325,1.0675334033751753,0.5545623500831496,17.637377334141433,21.756674695721696,20.698967842333,-0.030698982196351882
2024-10-22,839.6018162444277,844.4305765922039,830.211118473748,832.07958984375,38875280,0.0,0.0,HDFCBANK.NS,-0.008185342162725817,-0.008219026011030783,0.13395995287751772,824.2128448486328,810.6291638183594,799.7901190185547,757.8675836181641,819.6907591990657,811.7112997825257,824.2128448486328,871.0888072856053,777.3368824116603,0.11374722616845721,55.45662240413083,2.543225943353036,1.3626719113707475,1.1805540319822887,17.893896396251257,21.915799236082414,20.74189228349853,-0.03863304268575317
2024-10-23,827.4692671141377,847.5851345291038,827.4692671141377,842.3923950195312,38036090,0.0,0.0,HDFCBANK.NS,0.012394012906527196,0.01231783590853166,0.1480142671689666,823.430288696289,811.363916015625,800.8624005126953,757.9878814697265,821.8528197533958,812.9144799878984,823.430288696289,868.4125636142612,778.4480137783169,0.10925581809527843,58.811661019255915,4.058600425887107,1.9018576142740193,2.156742811613088,17.498715474163856,22.14409301956594,20.822492139087412,-0.026717848208891663
2024-10-24,843.5085952441257,858.3346864549975,843.5085952441257,849.1138916015625,30832258,0.0,0.0,HDFCBANK.NS,0.00797905657953546,0.007947392230486,0.1571743379608217,822.7156799316406,812.7853747558594,801.9208508300782,758.1684783935547,824.4491123103642,814.3340647570617,822.7156799316406,865.4204074443537,780.0109524189274,0.10381406008029766,60.87984331240585,5.735795540673962,2.668645199554008,3.067150341119954,17.33232606605249,22.146852189602686,20.79818233716005,-0.01895197485189836
2024-10-25,851.7102756678665,853.0933830706845,838.9467304613248,846.0807495117188,26130478,0.0,0.0,HDFCBANK.NS,-0.003572126330571246,-0.0035785216082006624,0.15304076503913056,821.7438598632813,814.1015222167969,802.7516937255859,758.3315155029297,826.5092682343027,815.5790327866562,821.7438598632813,861.1008419844769,782.3868777420856,0.0957889289924082,59.42963934528177,6.7425120531756875,3.483418570278344,3.2590934828973435,16.748227780297018,21.925228602833137,20.789916595573672,-0.022456402334084805
2024-10-28,845.4012471416386,849.7689918168825,839.043763962605,841.6158447265625,22012142,0.0,0.0,HDFCBANK.NS,-0.005277161533025043,-0.005291134931548436,0.14695598266785637,821.2961669921875,815.0925146484375,803.9700512695313,758.5349465942382,827.9479898049941,816.60008423528,821.2961669921875,859.4580802699425,783.1342537144326,0.09293094211681117,57.267095845956504,7.0982375766540144,4.206382371553478,2.891855205100536,16.162392824766332,22.009268595383897,20.178837524997203,-0.027615057804542292
2024-10-29,837.7092042477628,856.0779859182065,837.1996103215174,850.1815185546875,35794926,0.0,0.0,HDFCBANK.NS,0.01017765276378313,0.010126209211190737,0.15862930239479356,821.7766174316406,816.2601574707031,804.9409033203125,758.7382366943359,830.0654687335364,817.9170032281979,821.7766174316406,861.182053098669,782.3711817646122,0.09590303455015588,60.25507429733887,7.979349929467276,4.960975883136238,3.0183740463310373,16.538503381893438,22.151545650537223,20.21499682971074,-0.017718461510145563
2024-10-30,845.4012662208864,851.5889046504595,836.7628139716957,841.8099975585938,32715724,0.0,0.0,HDFCBANK.NS,-0.009846745445990623,-0.009895545254376937,0.14722057458784632,821.9804443359375,817.2006787109375,805.7897021484375,758.9203759765625,831.1839952883038,818.8539833980175,821.9804443359375,861.7736712490832,782.1872174227917,0.0968228068863462,56.12463624619286,7.910933716974569,5.550967449903904,2.3599662670706643,16.45531172343528,22.38853785690299,20.2857028928552,-0.027390737775951187
2024-10-31,838.6069864702176,843.8968224808245,834.4333755848933,842.3438110351562,22895912,0.0,0.0,HDFCBANK.NS,0.0006341258456310506,0.0006339248727938939,0.14794805680483214,823.2834869384766,818.2673779296875,806.5775952148438,759.1500689697266,832.2468348832422,819.7751531092779,823.2834869384766,863.9874923725218,782.5794815044313,0.09888211309912266,56.33020329596782,7.809761591733718,6.002726278269867,1.8070353134638513,16.39638350719734,21.98048180627286,20.277262076444558,-0.026773981105074788
2024-11-01,841.0335262277963,846.4203996311912,837.6849100339031,843.120361328125,1759692,0.0,0.0,HDFCBANK.NS,0.0009218923232954257,0.0009214676415547327,0.14900634130594237,825.2162170410156,819.2962231445313,807.4317315673828,759.4146444702149,833.2824088303738,820.6906514708013,825.2162170410156,865.8287950136408,784.6036390683904,0.09842893809879322,56.6484050656599,7.703442581462696,6.342869538908433,1.3605730425542628,15.597360475198489,21.874499143480715,19.907318642771667,-0.025876771509424155
2024-11-04,846.8571409139798,846.8571409139798,830.3082539054162,831.8612060546875,28089248,0.0,0.0,HDFCBANK.NS,-0.013354149407211025,-0.013444117926866709,0.1336623389543099,827.5529571533203,820.1605493164062,808.1562915039062,759.6098782348632,833.1470561850704,821.1287124348753,827.5529571533203,863.5714253473177,791.534488959323,0.08704812878174331,50.86167788699679,6.634189459506615,6.4011335230280695,0.2330559364785456,15.99946938262715,21.511978657605628,20.0125020250668,-0.03888535864372204
2024-11-05,826.4743572133567,855.447039991069,823.999313734677,853.0933227539062,44232406,0.0,0.0,HDFCBANK.NS,0.025523628875443682,0.025203339586590403,0.16259751576384707,830.144482421875,821.3048986816407,809.0477966308594,759.9279092407227,835.0467006201976,822.3822265650333,830.144482421875,865.6532256119449,794.635739231805,0.08554834475674943,59.30411743589717,7.414582340424431,6.6038232865073425,0.8107590539170886,17.28032617544849,22.581854051118903,20.448619183602272,-0.014354225230989335
2024-11-06,859.7177486791857,859.7177486791857,847.0270119492034,851.83154296875,27787910,0.0,0.0,HDFCBANK.NS,-0.001479064190870738,-0.0014801590860577785,0.16087795940988547,833.1072692871094,822.4453649902343,809.894653930664,760.258303527832,836.6452570343455,823.5371017181203,833.1072692871094,865.1352094105371,801.0793291636817,0.07688791420781632,58.65911978238054,7.840849801696095,6.8512285895450935,0.9896212121510013,16.987410246479563,22.542742198525577,20.40928005308909,-0.01581205860133324
2024-11-07,846.5174388742477,854.5977188117542,843.4599940256105,847.609375,18895456,0.0,0.0,HDFCBANK.NS,-0.004956576219325215,-0.004968900785200324,0.1551239793227357,835.1491912841797,823.5076977539062,810.6209124755859,760.4919415283204,837.6894587453602,824.4811124350568,835.1491912841797,865.2571275216615,805.0412550466979,0.07210193472422784,56.44679345071221,7.7486545011772705,7.03071377187153,0.7179407293057407,16.503835940642173,22.500444047740693,20.325031063904035,-0.020690261147016498
2024-11-08,850.2543248355499,855.0103373353861,847.2696873607207,851.4432983398438,19902986,0.0,0.0,HDFCBANK.NS,0.004523219602005746,0.00451302058757836,0.16034885874875515,837.6594299316406,824.6326342773438,811.3326116943359,760.7295483398437,838.9993482305491,825.5384530587739,837.6594299316406,863.9987376327866,811.3201222304946,0.06288786769414274,57.99595725024581,7.893957999377449,7.203362617372714,0.6905953820047346,14.758473211210353,22.53226765304727,20.188465436895726,-0.01626062813980166
2024-11-11,851.4918803256005,865.2017460745226,849.8660612419557,857.1942138671875,24565362,0.0,0.0,HDFCBANK.NS,0.006754314161092179,0.00673160597599576,0.16818621947720902,839.5569732666015,825.888603515625,811.85892578125,761.3349966430665,840.7321925768956,826.7798554434177,839.5569732666015,865.7778895187017,813.3360570145013,0.062463697133211114,60.27831199795673,8.376602628360729,7.438010619570318,0.9385920087904109,14.83820369078971,22.044364042741403,19.882298779568536,-0.009616143369622498
2024-11-12,859.9603824917264,861.4162973605047,829.2163253609564,833.8509521484375,31395406,0.0,0.0,HDFCBANK.NS,-0.027232173690765027,-0.02760984160125995,0.1363739694452475,840.3844146728516,826.7742846679688,812.0959967041016,761.9466522216796,840.0768363456139,827.0571533534185,840.3844146728516,864.6174296025657,816.1513997431374,0.0576712621191284,48.70893605133646,6.797142612212497,7.309837018098754,-0.5126944058862577,15.701354018259865,23.20868991161147,20.018080858332116,-0.03658644857391063
2024-11-13,833.1473377113161,839.2864576545572,811.9152444974701,815.967529296875,35728500,0.0,0.0,HDFCBANK.NS,-0.02144678590998239,-0.021680110293077856,0.11200240020887842,839.9367218017578,827.2013537597657,812.1717041015625,762.5059951782226,837.7807118647816,826.6222661355148,839.9367218017578,865.6577178927685,814.2157257107472,0.061245080548059015,42.050214467808196,4.055615789610329,6.65899277240107,-2.603376982790741,16.517705569804214,24.003324537700983,18.820675196498073,-0.05724857275412176
2024-11-14,811.9637453515568,827.3721783747438,811.4784403744485,821.5,27146470,0.0,0.0,HDFCBANK.NS,0.006780258410395756,0.00675737583329886,0.11954206383527488,840.412319946289,827.69587890625,812.2704638671875,763.1966534423829,836.2301678776596,826.42139295373,840.412319946289,864.2393972123348,816.5852426802433,0.05670330312998876,44.57453621938705,2.302814764862319,5.78775717089332,-3.484942406031001,16.64249738344248,22.90106488064925,18.80209793297546,-0.05085647446062528
2024-11-18,825.0184258091194,834.190701332557,822.5919010273279,827.4934692382812,27081968,0.0,0.0,HDFCBANK.NS,0.007295762919392823,0.00726927758357515,0.12770997731130485,840.9764862060547,828.2748461914063,812.2401318359375,763.8489352416992,835.398101340576,826.4634351609673,840.9764862060547,862.8445179863663,819.108454425743,0.05200628588075308,47.25504740616838,1.3814062116051673,4.90648697903569,-3.5250807674305227,16.782888346176726,22.54585069463662,18.836912083689185,-0.04393174832181328
2024-11-19,831.812657575625,851.1035287183504,826.3286881202827,845.5225219726562,50981272,0.0,0.0,HDFCBANK.NS,0.02178754685637707,0.021553590383233845,0.15228001128237878,841.3052795410156,829.2968981933594,812.4378924560547,764.6416326904297,836.3623318769646,827.2108503300531,841.3052795410156,863.2424409592279,819.3681181228033,0.05215030013880435,54.39933282782639,2.081977435452359,4.341585070319024,-2.259607634866665,17.20406441770377,22.022489553073587,19.132143272962885,-0.023101366490480363
2024-11-21,848.9925368361551,853.6514527573436,841.6158656563873,845.0130004882812,35716512,0.0,0.0,HDFCBANK.NS,-0.0006026113688684109,-0.0006027930120765296,0.1515856342474602,841.9519500732422,830.216064453125,812.6565222167969,765.3845040893555,837.1862050780423,827.9089738656699,841.9519500732422,863.5031409371946,820.4007592092897,0.05119339853557604,54.17599665200866,2.5664861968588184,3.986565295626983,-1.4200790987681646,17.004742733574655,21.364791432170087,19.124983134489337,-0.023690056713265198
2024-11-22,846.1535367827626,851.370565411524,839.3592669406547,847.1483764648438,24773612,0.0,0.0,HDFCBANK.NS,0.002527033282716973,0.002523845703061571,0.1544957294731022,842.1897491455078,831.1405712890624,812.9564404296875,766.1628283691406,838.1349833053567,828.663460242108,842.1897491455078,863.8659964847214,820.5135018062941,0.05147592300002831,55.009642291736185,3.0871827551011393,3.8066887875218143,-0.719506032420675,17.186732131784513,21.022694140504402,19.126904003081325,-0.021222888992332007
2024-11-25,866.2936036686173,875.2717450257129,856.5146973151911,866.5604858398438,427737274,0.0,0.0,HDFCBANK.NS,0.02291465098004064,0.022656053361965297,0.18095059617192577,843.0620788574219,832.5159240722656,813.3466253662109,766.994525756836,840.8421740229269,830.1496181086859,843.0620788574219,867.1784783644762,818.9456793503675,0.057211444119841325,61.81118856859085,5.008498666771402,4.0470507633717325,0.9614479033996695,18.571580629183156,21.392255958263767,19.477334771004713,0.0
2024-11-26,878.4019369086114,878.4019369086114,858.8927021168951,866.5362548828125,30935566,0.0,0.0,HDFCBANK.NS,-2.7962222403643544e-05,-2.7962613353872328e-05,0.1809175741687079,844.0848541259766,833.6704638671876,813.6133001708985,767.8170059204101,843.289229342916,831.5765450410046,844.0848541259766,870.3771648977828,817.7925433541703,0.06229779066236437,61.79862972713638,6.45479329425109,4.5285992695476045,1.9261940247034852,18.783034042265495,21.224312381046254,19.473433832754953,-2.7962222403628413e-05
2024-11-27,868.6474059809165,881.9690041453489,866.3422072982357,879.5182495117188,32714976,0.0,0.0,HDFCBANK.NS,0.014981478911879842,0.014870364949806954,0.1986094659027846,845.9799743652344,835.0909533691406,813.8251361083984,768.7527508544922,846.7396122161354,833.4566118829933,845.9799743652344,876.6263668339599,815.3335818965089,0.07245181540312569,65.80706111475476,8.549971923850308,5.332873800408145,3.2170981234421623,17.652967655888435,20.723161665572825,19.596431311104737,0.0
2024-11-28,882.7697308653094,891.0684339141281,867.725276958314,870.224609375,35722392,0.0,0.0,HDFCBANK.NS,-0.010566739396116298,-0.010622963810080975,0.18594407203887164,846.98212890625,836.2770385742188,814.1454370117187,769.6451400756836,848.9762786122177,834.8984941375819,846.98212890625,879.4629559394018,814.5013018730981,0.07669778599719916,60.88197996168365,9.352685062358091,6.1368360527981345,3.215849009559957,18.413854814876427,21.022888681984536,19.672705126488736,-0.01056673939611633
2024-11-29,874.1799313606635,875.7814023363161,865.2503073983569,871.632080078125,27669536,0.0,0.0,HDFCBANK.NS,0.0016173648595572132,0.0016160583335758463,0.18786217630638746,848.4732330322265,837.5121411132812,814.863447265625,770.5463619995118,851.1339739899231,836.339026919564,848.4732330322265,882.6482343987427,814.2982316657103,0.08055646315295882,61.35370288202673,9.987284927109272,6.906925827660363,3.080359099448909,18.370524111434673,20.913680704985993,19.360470832468483,-0.008966464809538525
2024-12-02,875.2475527258944,877.5042327860683,861.4163604593637,875.8298950195312,15110876,0.0,0.0,HDFCBANK.NS,0.00481603997529545,0.0048044799555938865,0.19358296803262043,850.1475372314453,838.5788415527344,815.6853118896485,771.502445678711,853.4859664689334,837.8876884136804,850.1475372314453,886.2830196113813,814.0120548515093,0.0850099089803007,62.794765232069274,10.705531768868582,7.666647015902006,3.0388847529665757,18.966754279437477,20.247899048327266,19.18501219433246,-0.004193607687202807
2024-12-03,884.5653546960274,891.6993733770357,881.3623537076274,886.3125,43410242,0.0,0.0,HDFCBANK.NS,0.011968768182130773,0.011897708908940595,0.20786868588314245,852.3071441650391,839.7222204589843,816.6064208984375,772.5753366088867,856.6123029957016,839.7867006327517,852.3071441650391,891.6909972581076,812.9232910719705,0.09241704322835598,66.18560394719091,11.982479614627891,8.529813535647182,3.452666078980709,19.004882388361587,20.417622099997523,19.189670475972548,0.0
2024-12-04,891.9905313310416,905.0937654692016,888.6662041479593,902.7157592773438,44669084,0.0,0.0,HDFCBANK.NS,0.01850730896534092,0.018338132864513076,0.2302230848423421,855.8498718261719,840.8762756347656,817.7420336914063,773.7289273071289,861.003108355858,842.2545068541083,855.8498718261719,899.9541529356586,811.7455907166852,0.10306546173893574,70.68755475422087,14.154906961895449,9.654832220896836,4.500074740998613,18.046403350479675,19.584674181428554,19.37152394972019,0.0
2024-12-05,902.6672600453907,912.349070670313,890.6316728815866,905.457763671875,39682714,0.0,0.0,HDFCBANK.NS,0.0030375058442828617,0.0030329019439658627,0.23395989465232248,858.4680938720703,841.9046374511719,818.9254498291016,774.9287838745117,865.2368850526216,844.7330659450012,858.4680938720703,907.7916951296547,809.1444926144859,0.11491073834815033,71.37365517968081,15.914377092088785,10.906741195135226,5.007635896953559,17.64255939559677,19.319989674117412,19.372595442714612,0.0
2024-12-06,901.2113107944992,904.7054828102569,894.9023463139778,900.6531982421875,17783156,0.0,0.0,HDFCBANK.NS,-0.005306228100804722,-0.005320356128989224,0.2274122219840522,860.9091766357421,842.7568310546875,820.0569378662109,776.0939654541015,868.6098672611516,846.9260123095967,860.9091766357421,913.569448920954,808.2489043505303,0.12233641762537006,68.35458013199134,16.728248731415192,12.07104270239122,4.657206029023973,17.26125077828262,19.244510375450393,19.33842579669488,-0.0053062281008047175
2024-12-09,899.5855395249345,912.3733132102273,897.3288596413352,907.520263671875,26947912,0.0,0.0,HDFCBANK.NS,0.007624538993577179,0.007595619103674054,0.2367706743317628,863.9047210693359,843.6391149902344,821.2600085449219,777.3183776855469,872.3156193002682,849.3022574610585,863.9047210693359,920.0783022329554,807.7311399057164,0.13004577887730065,70.28901778296019,17.72306222976374,13.201446607865723,4.521615621898018,17.429375938020844,19.235695924447835,19.34696636090433,0.0
2024-12-10,911.2571214453396,911.2571214453396,901.9635786325839,906.5982055664062,13325480,0.0,0.0,HDFCBANK.NS,-0.001016019302685356,-0.0010165358001743199,0.23551409145364643,866.662466430664,844.4607360839843,822.465263671875,778.4663647460937,875.5806275160908,851.5491573867585,866.662466430664,925.6072785697672,807.7176542915608,0.13602714879730857,69.6731589651865,18.22694780290817,14.206546846874213,4.020400956033958,16.3235689533557,19.18218720127095,19.3505353865603,-0.0010160193026853793
2024-12-11,903.492253077643,908.4423993938311,901.0900171351183,904.1716918945312,14045426,0.0,0.0,HDFCBANK.NS,-0.0026765039429555992,-0.002680092183691009,0.23220723311629365,869.0113403320313,845.5327758789062,823.6702752685546,779.5882153320313,878.3035860283231,853.6127861909849,869.0113403320313,930.0734858754645,807.9491947885981,0.14053244810384777,67.98499018410138,18.2204474000323,15.00932695750583,3.211120442526468,15.989054321766885,19.106683958004727,19.24609675926213,-0.0036898038659712693
2024-12-12,898.299517608064,906.8651623497835,897.183292457994,902.3032836914062,17293790,0.0,0.0,HDFCBANK.NS,-0.002066430767380112,-0.0020685687813179147,0.22966096217799392,872.4339569091796,846.7673913574218,824.8930010986328,780.7074264526367,880.5892715200453,855.5222174655113,872.4339569091796,932.868516903284,811.9993969150753,0.138542429522595,66.64593723961644,17.858667257358434,15.579195017476351,2.2794722398820824,15.822666566118333,19.006355540359213,19.16587557497576,-0.0057486099091171505
2024-12-13,903.8805576801874,909.9468701478396,887.7441665162323,908.36962890625,19009002,0.0,0.0,HDFCBANK.NS,0.006723177588388918,0.006700677820271815,0.2379281912002258,877.0540618896484,848.1801147460938,826.0053204345703,781.7679187011719,883.235019842541,857.5946649729913,877.0540618896484,933.2952789760506,820.8128448032463,0.12825028588369602,68.7949992444641,17.85562867545218,16.034481749071517,1.8211469263806634,15.399761928313913,18.70914429598708,18.611949181608143,0.0
2024-12-16,905.1422772502634,907.4959944793276,900.3620351992098,905.1907958984375,13107082,0.0,0.0,HDFCBANK.NS,-0.003499492834915796,-0.003505630383020564,0.23359607036498042,881.2386016845703,849.958271484375,827.2030523681641,782.848783569336,885.3260461335788,859.4611799112441,881.2386016845703,932.2903162581711,830.1868871109696,0.11586354586830537,66.3813639254904,17.396182951962714,16.30682198964976,1.0893609623129556,14.57821613655133,18.785223198705573,18.54493516715232,-0.0034994928349157493
2024-12-17,900.8958970749953,903.8077269850552,886.4095551207139,889.6853637695312,21079532,0.0,0.0,HDFCBANK.NS,-0.01712946287032946,-0.017277869309359768,0.21246523228067926,884.3481964111328,851.6626635742188,828.31537109375,783.899040222168,885.7412192417647,860.6464420233339,884.3481964111328,928.7607014189448,839.9356914033208,0.10044121803616969,56.051334014309134,15.601070685931973,16.165671728906204,-0.5646010429742319,14.803533560166361,19.624222547277316,18.69574349025704,-0.020569011272664528
2024-12-18,888.0353013877913,891.0199388482123,877.0189020931173,878.74169921875,23422312,0.0,0.0,HDFCBANK.NS,-0.012300600860076782,-0.01237687941093236,0.19755118140167438,886.0091552734375,853.5349694824218,829.257348022461,784.8920654296875,885.0745982871919,861.3560599525659,886.0091552734375,926.6307971159142,845.3875134309608,0.09169576093136463,50.12271458675333,13.143854836005858,15.561308350326136,-2.417453514320279,14.136239260114994,19.555466947180943,18.75130464959581,-0.03261660093498987
2024-12-19,873.3547574630064,874.0827148724125,863.3574875554302,870.3944091796875,25380770,0.0,0.0,HDFCBANK.NS,-0.009499139561128911,-0.009544544152468977,0.186175475597945,887.2782257080078,854.9176013183594,830.1083294677734,785.8392846679687,883.6764850388581,861.7105050202962,887.2782257080078,923.8956914182495,850.660759997766,0.08253885793494517,46.11601478716437,10.4030175164404,14.52965018354899,-4.12663266710859,14.482890454783606,18.4844612450057,18.826341304051265,-0.0418059108518277
2024-12-20,864.9105130352275,872.3599918831414,857.5581899695972,859.7177734375,25692348,0.0,0.0,HDFCBANK.NS,-0.012266434193034192,-0.012342287837690173,0.17162533218513176,887.9066955566407,856.2604406738282,830.9161199951172,786.7382675170899,881.394702981586,861.6323586837159,887.9066955566407,921.9662672648807,853.8471238484007,0.07671880813307216,41.54185139604572,7.285387505820722,13.080797648003337,-5.7954101421826145,14.391028282415009,18.857391811234113,18.936656859905195,-0.053559535590518084
2024-12-23,864.8135067920166,876.4608267488114,864.4738169898098,874.0343017578125,11044592,0.0,0.0,HDFCBANK.NS,0.01665259084160753,0.016515456781537985,0.19113592946167324,888.280386352539,857.6057080078125,831.8161181640625,787.7345663452148,880.6937123888456,862.118709392504,888.280386352539,921.5076683033192,855.0531044017589,0.07481259850218726,48.86600734254557,5.901834770849405,11.64500507257255,-5.743170301723145,14.45342649340122,19.35977003774655,18.168223807609337,-0.037798849780765996
2024-12-24,874.5438211790217,877.7710517489787,868.4775092184595,872.6268310546875,14485834,0.0,0.0,HDFCBANK.NS,-0.001610315179043198,-0.0016116131301251585,0.18921782519415742,888.5849151611328,859.0334741210937,832.7010717773437,788.7381909179687,879.9254379760687,862.5307925949426,888.5849151611328,921.076598459475,856.0932318627906,0.07313129616306906,48.22629787177321,4.638320466325126,10.243668151323066,-5.605347684997939,13.77573199778105,19.34702350654034,18.173137032625643,-0.03934829689825683
2024-12-26,872.8452779528201,879.3726061062491,864.2068257857081,869.0598754882812,10481678,0.0,0.0,HDFCBANK.NS,-0.004087607026814766,-0.004095984128410219,0.18435677005548046,888.0619964599609,860.0298046875,833.4384924316406,789.6585095214843,878.8906225010413,862.786835061348,888.0619964599609,921.4911797891747,854.6328131307472,0.0752856973104826,46.5626676643352,3.3109857897756,8.857131679013573,-5.546145889237973,13.30775932148209,19.31667803254537,18.043697278087702,-0.043275063550177094
2024-12-27,871.0253675774094,876.4364704987394,868.2590937552997,872.6996459960938,7259330,0.0,0.0,HDFCBANK.NS,0.0041881700104582364,0.004179424037683392,0.18931705756150996,888.1857482910157,861.1377551269532,834.1135516357422,790.5923593139648,878.3010056910463,863.1755727450636,888.1857482910157,921.3542084498648,855.0172881321665,0.0746881161348728,48.51439731442656,2.523671245640571,7.590439592338973,-5.066768346698402,13.137899277592267,17.44886586491176,18.04941527684084,-0.03926813686308048
2024-12-30,869.7635560951499,880.8285332674382,859.4751142791366,862.82373046875,22222218,0.0,0.0,HDFCBANK.NS,-0.0113165114397078,-0.011381030369917696,0.17585813747417545,887.7453308105469,861.8958020019531,834.900474243164,791.4573196411133,876.826979479399,863.1617750087377,887.7453308105469,922.0536103844981,853.4370512365956,0.07729306679118535,43.836031582588895,1.0902472587878265,6.290401125628744,-5.2001538668409175,13.588539664692941,16.50901568115293,18.16348191284592,-0.05014026998276123
2024-12-31,859.1354326463724,864.7164399349241,856.8544636879918,860.3729248046875,14117236,0.0,0.0,HDFCBANK.NS,-0.002840447680699576,-0.0028444894075698216,0.17251817395475522,886.9724822998047,862.8634997558594,835.7335009765625,792.3058364868164,875.2599266532361,863.052408334069,886.9724822998047,923.061118297536,850.8838463020734,0.08137487175286019,42.73469434514381,-0.24073605748981208,4.984173689005033,-5.224909746494845,13.486284909991266,16.49811216427004,18.121653975980205,-0.0528382968498786
2025-01-01,860.6640693133434,870.637110073425,854.6705648241472,865.1774291992188,7313806,0.0,0.0,HDFCBANK.NS,0.005584211515746951,0.005568677609534686,0.1790657634441759,885.9157287597657,863.8428454589844,836.5063488769531,793.1699975585938,874.2996888004725,863.1357424856435,885.9157287597657,923.3002316874795,848.5312258320519,0.08439742452716152,45.61912237624892,-0.8975205153232082,3.8078348481393847,-4.705355363462592,14.101582266460193,16.45411335096905,18.133496501081673,-0.04754914555987316
2025-01-02,862.4354078694503,875.2231813509705,860.4456694386978,870.5157470703125,18558576,0.0,0.0,HDFCBANK.NS,0.006170200112634472,0.006151242369997689,0.18634083515058264,884.3057281494141,864.4742272949219,837.2394018554687,794.1046572875977,873.9393133976001,863.4251544301404,884.3057281494141,921.4163207706177,847.1951355282105,0.08393158935850148,48.71039963013676,-0.9760183599165657,2.8510642065281946,-3.8270825664447603,14.465556696494705,15.370833175086204,18.13447179057077,-0.041672333190527974
2025-01-03,869.181218624921,871.2437647886038,847.4881097293069,848.8954467773438,24426194,0.0,0.0,HDFCBANK.NS,-0.02483619666356529,-0.025149818673300017,0.15687664085876452,881.4776123046875,864.8105444335938,837.7198541259766,794.8552108764649,871.55418324329,862.8553619731681,881.4776123046875,920.378826026227,842.5763985831479,0.08826364544830465,39.03287542177391,-2.751093123525152,1.7306327405175255,-4.481725864042677,14.576481798472539,17.10008147458896,18.59621156268888,-0.0654735475915437
2025-01-06,844.4791507386858,852.7778537230372,827.8332261221516,830.1141357421875,18816348,0.0,0.0,HDFCBANK.NS,-0.022124410145508033,-0.022372825776775702,0.13128142756864758,877.9506591796875,864.5649792480468,837.9644476318359,795.5098236083984,867.6075120527088,861.5713923170513,877.9506591796875,921.983928179659,833.917390179716,0.10030921109191702,32.91518209507069,-5.6086939682051025,0.2627673987729999,-5.871461366978102,15.78626993374721,18.262737533281424,18.9846115920778,-0.08614939411645499
2025-01-07,832.2980215119891,835.209851324859,825.0184469798143,831.5215454101562,13527906,0.0,0.0,HDFCBANK.NS,0.00169544115365583,0.0016940055157670562,0.13319944865731403,874.1507232666015,864.2131323242188,838.499253540039,796.183323059082,864.1707533248466,860.3929669481535,874.1507232666015,920.495932605447,827.805513927756,0.10603482467110191,33.75310105760036,-7.671366292168159,-1.3240593394152318,-6.347306952752927,15.17271018855586,16.869662649048802,18.98487325832135,-0.08460001419094672
2025-01-08,829.0221775951162,830.6722262669281,816.9380725391129,822.252197265625,19738190,0.0,0.0,HDFCBANK.NS,-0.011147453960389075,-0.01121005246936604,0.1205671599754683,869.9334228515625,863.7365612792969,838.9190417480469,796.8171783447266,860.178509890635,858.897250490015,869.9334228515625,919.1104991838405,820.7563465192844,0.11305940211166979,31.006219473522563,-9.939432309171139,-3.047133933366413,-6.892298375804725,15.214312768266455,17.10188433985275,19.085842443508366,-0.0948043933880939
2025-01-09,817.3263871062876,819.6801043914131,804.6841687860751,809.3916625976562,40420222,0.0,0.0,HDFCBANK.NS,-0.015640620615835488,-0.015764225656164723,0.10304079415172773,865.1944213867188,863.0920776367187,839.0922961425781,797.4025299072266,855.3416672913038,856.9558548863931,865.1944213867188,918.5674106991981,811.8214320742394,0.12337802462233648,27.644720553210078,-12.62904882239684,-4.963516911172499,-7.665531911224341,15.370299683711462,16.80815628376406,19.273485788170394,-0.10896221445423178
2025-01-10,810.9445873725031,812.8372885629307,802.6944030605147,804.0289916992188,17453280,0.0,0.0,HDFCBANK.NS,-0.006625557373826418,-0.006647603813005651,0.09573253408440441,860.2807067871094,862.1690270996094,839.2145922851563,797.9531689453125,850.4547458063433,854.880291624151,860.2807067871094,917.2432267781065,803.3181867961122,0.13242775187586184,26.36133156853579,-15.020168853746554,-6.97484729968731,-8.045321554059244,15.03751994005944,16.686474796187834,19.278811779068143,-0.11486583642461248
2025-01-13,795.9002084068898,799.1760171914914,788.2809435229427,791.4596557617188,21669066,0.0,0.0,HDFCBANK.NS,-0.015632938696571452,-0.01575642170828724,0.07860301455122398,854.4352081298828,861.1620202636718,839.1813494873047,798.484768371582,844.8361658020933,852.39320786484,854.4352081298828,914.5278677925254,794.3425484672401,0.14066054181959212,23.596267004749308,-17.725065547354006,-9.12489094922065,-8.600174598133357,14.966448144699768,17.05434044032775,19.43258366451617,-0.1287030845420275
2025-01-14,795.8516298211142,803.7620652641559,794.4442335639691,799.1031494140625,26661432,0.0,0.0,HDFCBANK.NS,0.009657464656221082,0.009611129426136497,0.08901958504234586,849.130825805664,860.29720703125,839.2822924804688,799.0193960571289,840.4806404318047,850.303401651084,849.130825805664,909.0880638753491,789.1735877359789,0.14122026017085662,28.507205180032017,-19.03255416925424,-11.106423593227369,-7.926130576026871,15.181367214122483,17.306832274913383,19.49435939368351,-0.12028856537591764
2025-01-15,803.9076378434971,806.9165047926833,794.1045016943054,797.3803100585938,14022892,0.0,0.0,HDFCBANK.NS,-0.0021559661687380327,-0.002158293609656037,0.0866716956599014,844.5155731201172,859.3824060058594,839.3393145751953,799.5523516845703,836.3758470629275,848.2279862945157,844.5155731201172,905.529926166773,783.5012200734615,0.1444955072201553,28.06926133146024,-19.97747911597412,-12.88063469777672,-7.096844418197399,15.01324026968226,16.719909495576506,19.49467170008831,-0.12218519346721918
2025-01-16,802.1363163454865,805.873200199019,797.2832665938832,801.7481079101562,21212454,0.0,0.0,HDFCBANK.NS,0.005477684608542033,0.005462736656141009,0.09262414048175582,840.6658935546875,858.7801440429688,839.4703466796875,800.1489181518555,833.077967143616,846.4052459657174,840.6658935546875,902.3002931887951,779.0314939205799,0.14663233064800935,30.96484758858908,-20.141713030618916,-14.332850364345159,-5.8088626662737575,15.042708616946268,15.622473671532319,19.495265324219613,-0.1173768008123242
2025-01-17,797.5987456720695,800.9958805790999,790.31917087129,794.3229370117188,23112076,0.0,0.0,HDFCBANK.NS,-0.00926122659371409,-0.009304378385043211,0.08250510073499218,836.8623199462891,857.604736328125,839.4548175048828,800.6717333984375,829.3870118929591,844.3628024773253,836.8623199462891,900.1392182379417,773.5854216546364,0.15122415428075153,28.83946192543334,-20.63317245956796,-15.59291478338972,-5.040257676178239,14.333817049129461,15.554461854834315,19.534827242950147,-0.12555097425687012
2025-01-20,789.1058522041777,806.0672365854673,789.1058522041777,801.3598022460938,17557618,0.0,0.0,HDFCBANK.NS,0.008858947547011553,0.008819937295087222,0.09209495664177592,833.9444213867188,856.5953015136719,839.5203332519532,801.2124975585938,826.7177538313529,842.6764103113946,833.9444213867188,898.1588847376732,769.7299580357643,0.15400178166352116,33.498113483140585,-20.22173777740329,-16.518679382192435,-3.7030583952108564,14.983774773012126,16.010645247247883,19.587244956534803,-0.11780427620527635
2025-01-21,804.756952160241,806.115829748555,792.5272908307279,797.0648803710938,31158144,0.0,0.0,HDFCBANK.NS,-0.005359542446429111,-0.005373956318286544,0.08624182736612318,830.0959503173829,855.5844116210938,839.5460546875,801.6776864624023,823.8936706446615,840.8877228627554,830.0959503173829,893.4135285490187,766.778372085747,0.15255484190093127,32.11612366017077,-20.011556363714135,-17.217254778496777,-2.794301585217358,14.813917177908504,15.640947392883476,19.597118000476303,-0.12253244163301244
2025-01-22,797.0648841596673,811.3813805875693,788.8389294808721,808.5423583984375,30619306,0.0,0.0,HDFCBANK.NS,0.014399678507978075,0.014296987772519152,0.10188336046211388,826.8917266845704,854.7263928222657,839.6795135498047,802.1771618652343,822.4316409069258,839.619277197488,826.8917266845704,887.5783941943513,766.2050591747894,0.14678262111317683,39.320588712076514,-18.703250098799572,-17.514453842557337,-1.1887962562422345,15.368555691795962,16.53232727782705,19.60910050911511,-0.10989719089134733
2025-01-23,818.7094808723397,818.7094808723397,801.359828269384,807.9842529296875,34909158,0.0,0.0,HDFCBANK.NS,-0.0006902612620759419,-0.0006904996020651222,0.10112277306306083,823.8379455566406,853.7421936035156,839.8153985595703,802.6687002563476,821.055699194808,838.3786880105155,823.8379455566406,881.6697677392536,766.0061233740277,0.14039611186769968,39.10326723770141,-17.509602605575424,-17.513483595160956,0.0038809895855322907,14.910984087771583,16.55360239939584,19.609365051096116,-0.11051159437974006
2025-01-24,805.6062761215885,810.6049411699597,798.0840488445496,800.6561889648438,24236200,0.0,0.0,HDFCBANK.NS,-0.00906956285134608,-0.009110941718676506,0.09113607086571696,820.2357727050781,853.0782983398437,839.9262915039062,803.0151574707031,819.1128886967161,836.89937432245,820.2357727050781,874.0911022157945,766.3804431943618,0.13131670503251866,36.26878769240995,-16.959443972973418,-17.40267567072345,0.4432316977500328,14.023574425237623,16.618245530303508,19.66220161803381,-0.11857886538005667
2025-01-27,796.4339224655055,797.6471848113616,789.1058297447998,790.9500122070312,22804166,0.0,0.0,HDFCBANK.NS,-0.012122777406319063,-0.012196857586132757,0.07790847115860622,816.6420867919921,852.5779479980469,839.8896508789062,803.2605389404297,816.4307099834128,835.0974385532178,816.6420867919921,868.0691194273937,765.2150541565906,0.12594754413753506,32.870144855129055,-17.109419897079533,-17.34402451599467,0.23460461891513518,14.120642630594707,16.466067819179802,19.76459539771068,-0.1292641375962794
2025-01-28,799.2972941154203,817.3991933860295,799.2972941154203,810.6534423828125,30179312,0.0,0.0,HDFCBANK.NS,0.02491109409152381,0.02460587135677538,0.10476035050568888,814.1561126708984,852.3610168457031,840.0284478759766,803.6114993286133,815.8804940214509,834.1388504681039,814.1561126708984,861.3118229997644,767.0004023420324,0.1158394799104763,44.28396482934986,-15.46015965382901,-16.967251543561538,1.5070918897325285,14.96819322402006,18.550611496216106,20.035171871344897,-0.1075731545990762
2025-01-29,812.8857890816031,815.8704263644069,809.9011517987993,814.0020141601562,12619890,0.0,0.0,HDFCBANK.NS,0.004130706911576132,0.004122198962962336,0.10932379172115803,811.5973419189453,852.0911877441406,840.1830169677735,803.9745346069336,815.7015911775181,833.3491706128904,811.5973419189453,852.193667082662,771.0010167552285,0.10004055722442505,45.96543596596798,-13.724697502048798,-16.31874073525899,2.5940432332101935,14.139710801595609,18.224107758835594,20.000442399833318,-0.10388680086070241
2025-01-30,815.7976693049923,823.9993352943973,811.696865930955,820.8933715820312,25744846,0.0,0.0,HDFCBANK.NS,0.008466020110509342,0.00843038434970588,0.11871534925093585,809.1162231445312,851.5986047363281,840.4477514648438,804.4012313842774,816.1960464541385,832.8607079057979,809.1162231445312,839.2744423236079,778.9580039654545,0.07454607463405064,49.35303854028941,-11.65886020985431,-15.386764630178057,3.727904420323746,14.293966791668911,18.28657908915737,19.787941660256262,-0.09630028849549625
2025-01-31,818.830797136207,827.2993450265934,817.2292670650723,824.4118041992188,15821686,0.0,0.0,HDFCBANK.NS,0.004286101872654546,0.004276942700127697,0.12351027720432772,807.892041015625,851.1865808105468,840.701322631836,804.887173461914,816.9784995727175,832.5293783486771,807.892041015625,832.7783386765736,783.0057433546763,0.06160797828794893,51.04069930764917,-9.626789527591882,-14.234769609660823,4.607980082068941,13.888397490614986,18.24505885020928,19.71674933146319,-0.09242693946969938
2025-02-01,823.8051750140157,831.3274019434516,813.3954072501344,820.6264038085938,5587528,0.0,0.0,HDFCBANK.NS,-0.004591637785077429,-0.004602211734096874,0.11835152496359358,807.4176544189453,850.6561413574219,840.8983563232422,805.412239074707,817.3259190237534,832.0625950333797,807.4176544189453,830.8389616428963,783.9963471949943,0.05801534582695252,49.143364755163965,-8.226973616494888,-13.033210411027637,4.806236794532749,14.290510718534986,17.994288339938073,19.711208004592976,-0.09659418622714867
2025-02-03,810.4593568422229,818.6125046075882,807.2805853688532,814.341796875,20276540,0.0,0.0,HDFCBANK.NS,-0.007658304563960439,-0.007687779962511411,0.10978684837585284,806.5586669921875,849.611767578125,841.0638458251954,805.8710510253907,817.0417169143483,831.3676617722668,806.5586669921875,827.3728208416227,785.7445131427522,0.05161225017159685,46.080713967666924,-7.537833229380794,-11.934134974698269,4.396301745317475,14.328640385775177,17.227757044814222,19.71536204166771,-0.10351274309387365
2025-02-04,819.5345205841194,837.5393832746403,815.3366797744094,835.161376953125,28616502,0.0,0.0,HDFCBANK.NS,0.02556614453294581,0.025244796238619405,0.13815981934219224,807.2041259765625,848.9842700195312,841.3273669433594,806.4687915039062,818.7673988228032,831.5164349166142,807.2041259765625,830.6958200557755,783.7124318973496,0.058205089204152655,55.888351530589254,-5.251185988465181,-10.597545177451652,5.346359188986471,15.372044156811212,19.028492458001438,20.18950936698395,-0.08059302031186756
2025-02-05,841.0335494558958,846.4689416589049,834.1907609306318,843.363037109375,23675506,0.0,0.0,HDFCBANK.NS,0.009820449535359987,0.00977254231245471,0.14933706041121675,808.9026947021484,848.2611657714843,841.6760595703125,807.0199255371094,821.1098405643816,831.9810075516245,808.9026947021484,837.432687616015,780.3727017882819,0.07053998732040755,59.048480342102295,-2.7455471862409695,-9.027145579209517,6.281598392968547,15.432704420340274,19.282559603665064,20.05385435325419,-0.07156403046538243
2025-02-06,842.2467875560731,848.7984047453597,836.6657803207547,846.299072265625,26760716,0.0,0.0,HDFCBANK.NS,0.003481341992783049,0.00347529614944997,0.15333829578348812,811.0161987304688,847.7826550292968,842.0298468017578,807.6314624023438,823.5088150121189,832.5425002855069,811.0161987304688,843.9490185236393,778.0833789372982,0.08121371643309278,60.14909144563612,-0.5169379448402651,-7.325104052335666,6.808166107495401,15.0877929948628,19.26734298360944,19.963196897599886,-0.06833182733703122
2025-02-07,849.2837426225924,857.5339275509261,837.1511177279839,840.9122314453125,23509600,0.0,0.0,HDFCBANK.NS,-0.006365173963728266,-0.0063855180586056375,0.1459970968917963,813.4888275146484,847.1682580566406,842.3401995849609,808.2270764160156,825.1662832438517,832.8707250368718,813.4888275146484,847.6424956689624,779.3351593603344,0.08396837669832412,57.11604163138547,0.8052949617003833,-5.699024249528457,6.50431921122884,15.573098059513882,19.088512442780928,19.98440847176554,-0.0742620573324998
2025-02-10,833.4142336911924,836.3988118099606,829.1435263354559,832.6619873046875,17195950,0.0,0.0,HDFCBANK.NS,-0.009811064498901345,-0.009859510121385959,0.1347536454586371,815.1667694091797,846.3048999023438,842.441870727539,808.7716244506836,825.8801598210741,832.8625392434528,815.1667694091797,849.6405566189256,780.6929821994337,0.08458094344236346,52.73043973694151,1.1739161398040778,-4.32443617166195,5.498352311466028,14.803544774025267,19.25980784473202,19.579372178882636,-0.08334453199709085
2025-02-11,826.4744131617251,830.3568531530897,819.5345279806279,825.6979370117188,22724704,0.0,0.0,HDFCBANK.NS,-0.008363598193681487,-0.008398769323142171,0.12526302191920569,816.582650756836,845.0926086425782,842.4074145507813,809.2836264038086,825.8628052678023,832.5815744500516,816.582650756836,850.2983427985589,782.866958715113,0.08257753703308324,49.290031476952294,0.8938071689100298,-3.280787503547554,4.174594672457584,14.501959539818406,19.268468582757407,19.475217152200717,-0.09101107001350828
2025-02-12,821.6213102303759,830.8421046157138,815.8946879155817,828.3185424804688,22809570,0.0,0.0,HDFCBANK.NS,0.003173806486951092,0.0031687805944750733,0.12883438899769906,817.9111724853516,843.6046643066406,842.2404699707031,809.8110055541993,826.0966850023419,832.4143967257542,817.9111724853516,851.2575857548459,784.5647592158573,0.08154042735023652,50.5963000882167,0.8732138853017659,-2.44998722577769,3.323201111079456,14.675282709441401,19.184417116943393,19.03712241088259,-0.08812611505095033
2025-02-13,824.5331418355402,831.9340426083429,821.8882534526111,823.9022216796875,12602434,0.0,0.0,HDFCBANK.NS,-0.005331669610529555,-0.005345933684424658,0.12281581699055932,819.39013671875,841.9735534667968,841.9390954589844,810.2691445922851,825.8876884954225,832.0805859396339,819.39013671875,850.9050844965586,787.8751889409414,0.07692293662213295,48.33655973733567,0.4948292956853493,-1.861023921485082,2.3558532171704316,14.56781341913339,17.921489753809233,18.762255461918173,-0.09298792533196872
2025-02-14,825.9405276867242,825.9405276867242,815.3123371576534,822.5191040039062,19959892,0.0,0.0,HDFCBANK.NS,-0.0016787400730168267,-0.0016801507361120396,0.1209309010839601,820.4481018066406,840.4108715820313,841.5838513183594,810.7428701782227,825.5668709248018,831.7056258637231,820.4481018066406,850.8141956280563,790.0820079852249,0.07402319233733136,47.619251940374745,0.08240087902117921,-1.4723389613838298,1.554739840405009,13.437742658424286,16.763010261232182,18.6695215709913,-0.09451056284842403
2025-02-17,817.8359099627821,834.7245465784594,815.918979031997,833.4384765625,12938946,0.0,0.0,HDFCBANK.NS,0.01327552455066372,0.013188176981921183,0.13581184678089775,822.2667816162109,838.9292358398437,841.284175415039,811.2421072387696,826.3165476522017,831.7735807930869,822.2667816162109,851.0519979349776,793.4815652974441,0.07001429940338294,53.48767121256132,0.6293952195964039,-1.051992125187783,1.681387344784187,14.354620728485347,17.209982468160007,18.56281130870729,-0.08248971559515164
2025-02-18,831.3516624481879,840.329803960056,828.003046468469,836.2047119140625,16350910,0.0,0.0,HDFCBANK.NS,0.003319063649391163,0.003313567715182815,0.13958167859409598,823.6498992919921,837.5213659667969,840.9910510253907,811.7854574584961,827.2582775819028,831.9473506409684,823.6498992919921,852.3165571339684,794.9832414500158,0.06960884197671391,54.86716016187786,1.2714477911733866,-0.5873041419155491,1.8587519330889357,14.356355594781396,16.893820805100532,18.52778036939135,-0.07944444056224101
2025-02-19,833.2686021535318,843.4114874933574,831.0604409265417,838.2186889648438,11884112,0.0,0.0,HDFCBANK.NS,0.0024084736932075135,0.002405577969027095,0.1423263310882512,825.16162109375,836.2023059082031,840.8675408935546,812.331576538086,828.30212628504,832.1932854771987,825.16162109375,853.5371967351256,796.7860454523744,0.06877580080315371,55.892834210355986,1.9206501371586455,-0.08571328610071022,2.006363423259356,14.519281923731016,16.179415117069393,18.15583524894896,-0.07722730671419917
2025-02-20,830.3568580312333,832.152462841255,817.884543182236,818.758056640625,26390510,0.0,0.0,HDFCBANK.NS,-0.023216652862096954,-0.02349040471558763,0.11580533720414254,826.0667144775391,834.5314013671875,840.6493963623047,812.8198910522461,827.3931672712862,831.6664137581174,826.0667144775391,852.2188149058758,799.9146140492024,0.06331716305716793,45.2029978392474,0.8549815887803334,0.10242568887549851,0.7525558999048348,14.690864144394627,17.53594847442921,18.5735627474766,-0.09865100000483783
2025-02-21,815.7491363030065,822.5676355898997,813.9777613134116,821.378662109375,15680940,0.0,0.0,HDFCBANK.NS,0.0032007080083003014,0.003195596646170775,0.11937670428263614,827.5881469726562,832.79158203125,840.4858483886719,813.3775634765625,826.8203572558662,831.2629725169903,827.5881469726562,848.0624112536237,807.1138826916887,0.04947935601993103,46.6818321612918,0.2193638564892808,0.125813322398255,0.09355053409102582,14.35115384701945,16.851171785267955,18.515535182925397,-0.09576604504227988
2025-02-24,815.8461269965818,817.3505604700815,806.1400281464854,813.9049072265625,20693646,0.0,0.0,HDFCBANK.NS,-0.009099037055113168,-0.009140686129596497,0.10919145417173803,827.7507202148438,830.9658642578125,840.4620678710937,813.9820104980469,825.5903143959325,830.5822640742284,827.7507202148438,847.7038064765575,807.7976339531301,0.04821037487357264,43.10869651505527,-0.8773240880257163,-0.07481415968653926,-0.802509928339177,13.782657244394402,16.918749163165327,18.389901223505987,-0.10399370330493173
2025-02-25,810.9930781817751,819.1947435645432,810.9930781817751,816.4527587890625,24138708,0.0,0.0,HDFCBANK.NS,0.0031304044733948544,0.003125514958759508,0.11266367206172867,827.873257446289,829.5012121582031,840.581937866211,814.575174255371,824.7200710048021,830.0281658277513,827.873257446289,847.498233749237,808.248281143341,0.04741058157497304,44.663701103578056,-1.5233071211868037,-0.36451275198659217,-1.1587943692002116,13.491477576858326,16.911482670511333,18.376884445070736,-0.10118884118556759
2025-02-27,816.5498559350805,830.235431637752,816.5498559350805,825.3580932617188,35786800,0.0,0.0,HDFCBANK.NS,0.010907348131034889,0.010848292051481152,0.1247998820856615,828.0964935302734,828.4335400390624,840.9842547607421,815.170764465332,824.7808350292703,829.8450257271226,828.0964935302734,847.4873438302797,808.7056432302671,0.04683234490546089,49.82580779321063,-1.3016625069421934,-0.5519427029777124,-0.749719803964481,13.609338178578648,17.112809035925995,17.8629108487407,-0.09138519497231959
2025-02-28,817.7388430279666,843.0960267361039,817.7388430279666,840.7423095703125,54516728,0.0,0.0,HDFCBANK.NS,0.01863944442320431,0.018467858872547507,0.14576552697502398,828.9130187988281,827.840498046875,841.3790496826172,815.8294445800781,826.3009754617505,830.2723701915614,828.9130187988281,849.0129248761962,808.8131127214601,0.048497021090330196,57.24582953150629,0.1140553722191271,-0.4187430879383445,0.5327984601574716,13.964650598949722,17.560349759108675,18.08253140427307,-0.07444911981190545
2025-03-03,844.3336059197142,845.9108470636534,822.1551333662954,825.7706909179688,21205364,0.0,0.0,HDFCBANK.NS,-0.017807618912381695,-0.017968082393824178,0.12536217110770864,829.1702331542969,827.1615563964843,841.7109985351562,816.4677420043945,826.2504721718665,830.0958337494598,829.1702331542969,848.9528018637578,809.3876644448359,0.04771654340316801,49.563930570680874,0.02761911300228803,-0.32947064775021806,0.3570897607525061,14.820865498056962,18.332964871152907,18.21062721181798,-0.09093097717031448
2025-03-04,824.0478005927906,831.9582949310542,821.7426020928991,829.8714599609375,19920958,0.0,0.0,HDFCBANK.NS,0.004965990060037173,0.00495370020214702,0.13095070846337142,829.9467163085938,826.2782995605469,841.9420037841796,817.0737664794922,826.5953281517781,830.0870347773609,829.9467163085938,848.4568176322304,811.4366149849571,0.0446055173420413,51.48431485740242,0.28671052458764734,-0.206234413282645,0.49294493787029237,14.61288217763521,18.262652462996908,18.179466979087955,-0.08641654943905445
2025-03-05,825.9647760106438,830.2597724194886,819.316121569752,820.1654052734375,21583872,0.0,0.0,HDFCBANK.NS,-0.011695853099896736,-0.011764787615578014,0.11772327511395964,829.1969177246094,825.2290710449219,842.1312725830078,817.6219186401368,825.9829545443171,829.6979512674031,829.1969177246094,848.0297037716889,810.3641316775299,0.04542415835012588,46.92965089836279,-0.2878371539376303,-0.2225549614136421,-0.06528219252398823,14.326898902606965,18.215702889813667,18.272845257869925,-0.09710168727131209
2025-03-06,818.7094845214233,824.9699304836942,811.5512362127743,820.7477416992188,32966088,0.0,0.0,HDFCBANK.NS,0.0007100231514729494,0.0007097712042869719,0.11851688451623077,828.0661529541015,824.2628283691406,842.1463165283203,818.1858428955078,825.4843628447838,829.3469626568861,828.0661529541015,846.0124925701068,810.1198133380963,0.04334518335759103,47.231280433610806,-0.688246963216443,-0.31569336177420226,-0.3725536014422407,14.567820696548974,18.21200975647357,18.253939745664333,-0.09646060856584895
2025-03-07,816.2829914666041,825.576593853863,814.1476376668198,819.8014526367188,13372914,0.0,0.0,HDFCBANK.NS,-0.0011529596908068651,-0.0011536248601559627,0.11722727963489676,826.7412719726562,823.2048645019531,842.1713098144531,818.7440652465821,824.9431333011586,828.9726289306051,826.7412719726562,842.8370215526734,810.6455223926391,0.03893781555531071,46.76613586438789,-1.0696025285976702,-0.4664751951388959,-0.6031273334587743,14.625018243546995,17.99047354401126,18.169578337730517,-0.09750235306322873
2025-03-10,819.6801059027778,824.969941998729,816.7925649870414,818.9521484375,15604050,0.0,0.0,HDFCBANK.NS,-0.0010359876729750805,-0.00103652467912423,0.11606984594528358,825.6432678222657,822.3274328613281,842.1116174316406,819.2169952392578,824.3725633141436,828.5796689112676,825.6432678222657,840.6263430098317,810.6601926346997,0.036294307169937125,46.3251756124572,-1.4239469386933479,-0.6579695438497863,-0.7659773948435615,13.865861776777374,17.578005270819926,18.098717514245347,-0.0984373295003443
2025-03-11,816.4770728267864,822.1065984888339,810.4835684463997,817.9815063476562,19898430,0.0,0.0,HDFCBANK.NS,-0.0011852244257440914,-0.0011859273596916643,0.11474705270303276,824.9092437744141,821.4796044921875,842.1715521240235,819.6253793334961,823.7638912220971,828.1640546930868,824.9092437744141,839.8829323789848,809.9355551698434,0.036303844859485034,45.793735223396766,-1.762770025693726,-0.8789296402185743,-0.8838403854751516,13.815595530409325,16.08545171041768,18.098785488057217,-0.09950588359875959
2025-03-12,820.9177210630354,833.9966675086949,820.9177210630354,830.4296875,18784106,0.0,0.0,HDFCBANK.NS,0.015218169427724249,0.015103534645319758,0.13171146222012386,825.1458312988282,820.7846496582031,842.3137475585937,820.070525817871,824.3987289628496,828.252903038456,825.1458312988282,840.3201704645119,809.9714921331445,0.036779775380549155,53.20759420653202,-1.0151238620376262,-0.9061684845823847,-0.10895537745524142,14.077318001425251,16.623896528160696,18.282424811406788,-0.08580201156669665
2025-03-13,832.8076643515269,835.112863088808,825.0427843943695,828.2214965820312,15736264,0.0,0.0,HDFCBANK.NS,-0.0026590943835551606,-0.002662636054844197,0.12870213462712932,825.1409790039063,819.9387646484375,842.2064959716797,820.4978369140625,824.7628020694383,828.2516714127139,825.1409790039063,840.3111079149506,809.970850092862,0.03676978673234099,51.85277226179578,-0.5939448171644699,-0.8437237510988018,0.24977893393433193,13.344170352270307,16.485514835003112,18.15004623544568,-0.0882329503031971
2025-03-17,827.4449541690359,836.6657483797172,827.4449541690359,830.0656127929688,18950652,0.0,0.0,HDFCBANK.NS,0.00222659785884316,0.002224122663326415,0.13121530038336182,825.4491485595703,819.56216796875,842.1863562011719,820.9882376098633,825.2678316621555,828.3228063688023,825.4491485595703,840.7630499280821,810.1352471910585,0.037104408903285986,52.930683115452915,-0.11008364760607492,-0.6969957304002565,0.5869120827941816,13.389236061855538,16.453542433946815,17.63431530995997,-0.08620281174257838
2025-03-18,830.0656127929688,830.0656127929688,830.0656127929688,830.0656127929688,0,0.0,0.0,HDFCBANK.NS,0.0,0.0,0.13121530038336182,825.8264739990234,819.5611975097656,842.0630883789063,821.4627444458008,825.7247631984234,828.3911517187696,825.8264739990234,841.2081313802325,810.4448166178142,0.03725154827435901,52.930683115452915,0.2702643758099157,-0.5035437091582221,0.7738080849681378,12.300762207363423,16.389104382239008,17.633116438481782,-0.08620281174257838
2025-03-19,842.004146653194,849.7690263917825,840.6452690024086,846.42041015625,15221406,0.0,0.0,HDFCBANK.NS,0.01970301758225035,0.019511425668012967,0.15350365533612575,826.4755706787109,819.8591748046875,842.0361535644531,821.9785021972656,827.6957771944069,829.098181461416,826.4755706787109,844.1365247355905,808.8146166218314,0.04273799416085861,61.74066845231549,1.8698341054624734,-0.028868146234083014,1.8987022516965564,13.122315651366689,17.11765194956864,17.92618648574697,-0.06819824967573149
2025-03-20,851.2249302948321,860.9310298420936,848.9440205977578,858.3831787109375,17833978,0.0,0.0,HDFCBANK.NS,0.01413336494624362,0.014034420136143871,0.16980654346381718,827.5844940185547,820.5817944335937,842.1591778564454,822.4554357910156,830.6183868626479,830.2466127261031,827.5844940185547,849.9706467315909,805.1983413055184,0.054099981028727116,66.65672392387697,4.056044529291057,0.7881143888709451,3.267930140420112,13.174311854020557,15.995849184344625,18.065709603957238,-0.05502875548085002
2025-03-21,851.9771292137973,860.9795004972574,851.9771292137973,859.1596069335938,33508264,0.0,0.0,HDFCBANK.NS,0.000904524042307342,0.0009041152069514844,0.17086466160722869,828.6315399169922,821.5771533203125,842.3346154785156,823.1523333740234,833.336598297976,831.3804556362007,828.6315399169922,854.7583148879,802.5047649460844,0.0630600543482211,66.95352050445129,5.7846020183794735,1.7874119147726508,3.9971901036068225,12.006110966543613,15.774057820098053,18.031684088741603,-0.054174006270893346
2025-03-24,863.3575457763671,875.6843039218336,860.7611760226637,873.5489501953125,17393736,0.0,0.0,HDFCBANK.NS,0.01674816081388575,0.016609456916308055,0.19047449125112248,831.3710845947265,822.9675524902344,842.5682897949218,823.7545965576172,837.1663460977225,833.0341220894992,831.3710845947265,863.855496184493,798.8866730049601,0.07814659949498191,71.93871905053578,8.220831399444933,3.0740958117071076,5.146735587737825,11.489609773035179,16.434589503931768,17.64242588453323,-0.038333160425964914
2025-03-25,875.9269178059026,894.7567143577081,874.2768691244298,883.9586791992188,39101416,0.0,0.0,HDFCBANK.NS,0.011916594944769487,0.011846151406402768,0.2046608935554426,834.5000854492188,824.8175329589844,842.9897766113281,824.3897393798828,841.6227587740555,835.0311635447823,834.5000854492188,874.1887936532457,794.8113772451918,0.09511972232492268,74.88985741887474,10.866279166694426,4.632532482704571,6.233746683989855,12.274757724766646,16.565748965814763,17.34388051158369,-0.026873366226944414
2025-03-26,885.681575218163,886.8948376499686,874.5195608455505,876.7277221679688,24478442,0.0,0.0,HDFCBANK.NS,-0.008180198013102324,-0.008213839420731318,0.19480652890751826,837.641226196289,826.3700244140625,843.3336157226563,824.95560546875,844.9660886210949,836.666322706476,837.641226196289,880.2998368227761,794.982615569802,0.10185413347000342,69.42779692754605,12.238262706443265,6.1536785274523105,6.084584178990955,12.377016721529612,16.47360614089691,17.382073369160416,-0.034833734783031714
2025-03-27,873.5489107497378,893.4464137168152,872.626819495681,885.8513793945312,41658100,0.0,0.0,HDFCBANK.NS,0.010406488805899228,0.010352714050446465,0.20724026967580955,841.1111572265625,828.1394458007812,843.7609259033203,825.5963287353516,848.8599258376126,838.5951484589488,841.1111572265625,887.6283986956632,794.5939157574617,0.11060902252797214,72.18443211758404,13.901524315984375,7.703247685158724,6.198276630825651,12.9056524322592,16.36793262538792,17.4228240820872,-0.024789742848219762
2025-03-28,887.6228257936006,891.0199607200933,876.3880034384333,887.2345581054688,28773648,0.0,0.0,HDFCBANK.NS,0.0015614117030362529,0.0015601939672095788,0.20912526876125792,844.20498046875,829.8491748046876,844.3146594238282,826.2354754638671,852.5146527202656,840.5025762882241,844.20498046875,894.3963606686826,794.0136002688174,0.11890804096432489,72.58797317443185,15.156566621585739,9.193911472444128,5.962655149141611,13.134438224731834,16.367964069266762,17.058429397146416,-0.0232670381397819
2025-04-01,874.5195883202217,878.3535095734435,856.7331486628899,857.9464111328125,28511006,0.0,0.0,HDFCBANK.NS,-0.03301060210638762,-0.03356774750454939,0.1692113156174011,845.065185546875,831.1216442871093,844.3631903076172,826.7054934692383,853.0319630452701,841.1866482429137,845.065185546875,895.5952544307493,794.5351166630007,0.11958857079451041,54.54359757557025,13.630761072638961,10.081281392483096,3.5494796801558657,14.72901196979549,19.214309062680325,17.960808094133156,-0.05550958130794301
2025-04-02,859.3294691298255,873.16066049231,859.3294691298255,872.0444946289062,11573564,0.0,0.0,HDFCBANK.NS,0.016432359076459013,0.0162988089075583,0.1884242157918854,847.3788757324219,832.5353381347657,844.5653198242187,827.2299868774414,854.8426803389498,842.3967598658938,847.3788757324219,898.4240769435634,796.3336745212804,0.12047787046147729,59.73259756707147,13.404626507509875,10.745950415488453,2.6586760920214214,14.985527635300002,19.671897003488915,18.160720114786884,-0.039989375603719964
2025-04-03,864.3766781830471,875.490173946712,862.3869396359797,871.0496215820312,11250038,0.0,0.0,HDFCBANK.NS,-0.0011408512444062158,-0.0011415025105661403,0.1870684005464167,849.4377838134766,834.0150329589844,844.7997222900391,827.7103173828125,856.3861985525766,843.5204015018207,849.4377838134766,900.8303334355348,798.0452341914183,0.12100368173248875,59.21886047270181,12.995333183427192,11.195826969076203,1.7995062143509895,14.777532860278118,19.397288524891174,17.757415403717992,-0.041084604919205674
2025-04-04,879.8578671839032,893.9074216754443,878.9357759381479,881.9447021484375,33540454,0.0,0.0,HDFCBANK.NS,0.012507990700481919,0.012430412017273778,0.20191624106128714,852.5267486572266,835.4830798339843,845.104736328125,828.2186740112305,858.8203417521825,845.027236821296,852.5267486572266,903.9377156671243,801.1157816473288,0.12060845502120053,62.97445304211388,13.395690046683399,11.635799584597642,1.7598904620857567,15.690941531633444,19.651480638729,17.877958896396592,-0.02909050007498625
2025-04-07,855.4956717234414,863.7700863708694,843.5571214137302,853.0205688476562,37995450,0.0,0.0,HDFCBANK.NS,-0.03279585809668273,-0.03334569732583792,0.16249836657534278,854.1403900146485,836.3838061523437,845.0629998779297,828.4609628295898,858.2679824279419,845.3407008223298,854.1403900146485,903.329450777076,804.951329252221,0.11517792938367878,49.849577647772676,11.249364248355278,11.558512517349168,-0.3091482689938907,17.774283426206726,22.06527409231804,18.539210387818887,-0.06093231025924817
2025-04-08,856.5633039940931,864.8134887917699,849.4293443655757,858.5773315429688,35563872,0.0,0.0,HDFCBANK.NS,0.006514218880816713,0.006493093052882698,0.17007113538380647,856.0791839599609,837.5422290039063,845.310263671875,828.7031301879883,858.2974442484207,845.859784380002,856.0791839599609,902.551072371206,809.6072955487158,0.10856913538366943,51.92266384775766,9.882846595748902,11.223379333029115,-1.3405327372802134,18.8731508852206,20.92039918709398,18.4909130252295,-0.05481501778437394
2025-04-09,856.5632934570312,861.4163432783175,850.982286162552,856.5632934570312,22454608,0.0,0.0,HDFCBANK.NS,-0.002345785303134007,-0.002348540967786781,0.16732639971080188,857.9597412109375,838.8544946289062,845.7162213134766,828.9439627075195,858.1322870301931,846.2795298340031,857.9597412109375,901.024834275774,814.8946481461011,0.10038954276351875,51.09818643142483,8.538924067953872,10.686488280014068,-2.147564212060196,18.211053993574296,20.94685078024197,18.492489470687666,-0.05703221882439832
2025-04-11,861.2949488328275,882.9638264173292,861.2949488328275,876.82470703125,32775766,0.0,0.0,HDFCBANK.NS,0.02365430987877737,0.023378881612649925,0.19493870009923864,860.9019012451172,840.177919921875,846.2694683837891,829.2699661254883,859.9125175064842,847.4773799201697,860.9019012451172,900.3557042171151,821.4480982731193,0.09165690751742123,58.27603253572228,9.00497873650852,10.350186371312958,-1.3452076348044386,19.060333513178175,21.64816162798096,18.899244617697214,-0.03472696672276749
2025-04-15,905.0937456982635,910.8203678930464,900.240696123474,905.0452270507812,49298344,0.0,0.0,HDFCBANK.NS,0.032184905139226894,0.031677822656586245,0.23339768880912382,864.6326782226563,841.9987841796875,847.0449859619141,829.6425588989258,864.2108707964172,849.7349425527427,864.6326782226563,906.0180701739287,823.2472862713839,0.09572941896284654,65.80466354856931,11.518710017002377,10.583891100450844,0.9348189165515333,20.845568483059342,23.28848957305036,19.550756866728946,-0.0036597457132858976
2025-04-16,914.2175636339349,914.2175636339349,902.9099336731801,911.4027709960938,19136820,0.0,0.0,HDFCBANK.NS,0.0070245593869706635,0.007000002105333073,0.24206176412191582,868.7917419433594,843.8089721679687,847.7037884521484,830.0708404541016,868.7053374821007,852.1532887662075,868.7917419433594,911.4686847554217,826.1147991312971,0.09824435650504745,67.23882778691788,13.864044753573808,11.239921831075437,2.624122922498371,20.47292083823898,23.20886561696924,19.341390729454652,0.0
2025-04-17,913.3439239431574,931.6398970227459,910.7717839889756,925.3309326171875,35703084,0.0,0.0,HDFCBANK.NS,0.015282114630693178,0.015166519323029096,0.261043094379628,873.5550079345703,845.8273547363282,848.5069677734375,830.5817449951172,874.09825130449,855.0230002897754,873.5550079345703,919.1954097548239,827.9146061143167,0.10449348101882117,70.18869276844875,16.654641331731796,12.322865731206708,4.331775600525088,20.448660043337174,23.03725111190192,19.5004850354743,0.0
2025-04-21,933.7267676045618,946.6843866809207,926.9324979858176,935.231201171875,34247298,0.0,0.0,HDFCBANK.NS,0.010699165245330988,0.010642334180785426,0.27453520282787913,878.8132873535156,848.1194506835938,849.3877960205078,831.1721182250976,879.9204370061457,858.1684199322107,878.8132873535156,927.4885920085816,830.1379826984497,0.11077507669836942,72.11096152915525,19.440974702665585,13.746487525498484,5.694487177167101,21.089958419002535,22.23486720511304,19.553668610590925,0.0
2025-04-22,939.0651467003056,956.3419923313835,939.0651467003056,952.0227661132812,45961750,0.0,0.0,HDFCBANK.NS,0.01795445331631984,0.017795175787839474,0.2974187856270585,884.0934051513672,850.8730700683594,850.2424188232421,831.7945220947265,886.7873254925395,861.8489825275468,884.0934051513672,940.301367695509,827.8854426072253,0.12715390074540464,75.04955957455446,22.74194791222544,15.545579602843876,7.196368309381565,21.11075820031499,22.586931045045887,19.73588264389062,0.0
2025-04-23,960.3700581866361,960.3700581866361,932.0282348743439,933.6782836914062,30570642,0.0,0.0,HDFCBANK.NS,-0.01926895351123592,-0.019457019606858573,0.27241888336220654,887.8581604003906,852.843408203125,850.9138391113281,832.2635696411132,891.2531310352887,864.665817867306,887.8581604003906,946.8336562894973,828.8826645112839,0.1328489133050508,66.77203923160478,23.605635471107348,17.157590776496573,6.4480446946107755,22.090034345360152,23.163506406209855,20.012822577237813,-0.019268953511235875
2025-04-24,926.9324466168475,933.6781972127433,924.5544405338061,930.2325439453125,25931754,0.0,0.0,HDFCBANK.NS,-0.003690500042981215,-0.003697326739389408,0.26772302141846827,891.4118072509766,854.5807983398438,851.420982055664,832.6230590820312,894.9654560743386,867.2370620272279,891.4118072509766,951.6576747029451,831.1659397990081,0.13516955230324043,65.31481789341373,23.73842984124269,18.473758589445797,5.264671251796894,20.563065325004533,23.25988708944203,20.01796307956783,-0.022888341480455657
2025-04-25,934.1150265036636,938.094503546439,918.099962552793,927.5148315429688,18500878,0.0,0.0,HDFCBANK.NS,-0.0029215408770987272,-0.0029258169080773493,0.2640193167905551,894.1101013183594,856.2051135253906,851.9938842773438,833.0696606445313,898.0653965951605,869.6008961258844,894.1101013183594,955.804018910387,832.4161837263318,0.13800071714000386,64.12611983957424,23.35515002687407,19.450036876931453,3.9051131499426184,20.90451472744371,23.301440246612,20.021450698802383,-0.02574301313231022
2025-04-28,927.5148236825167,936.4929655182809,926.156005327847,931.882568359375,13920492,0.0,0.0,HDFCBANK.NS,0.004709074904107213,0.004698021896923962,0.2699716784335602,896.5062957763672,858.0245202636719,852.5963891601563,833.7299182128907,901.2860796203238,872.0433146448449,896.5062957763672,960.2294394032001,832.7831521495343,0.14215883129219783,65.2216062636457,23.13712746790111,20.187454995125385,2.949672472775724,20.70692371885097,23.248093095264572,20.006227987296914,-0.021155164005300445
2025-04-29,931.2032084346736,936.0562581779409,922.1764885191324,926.3501586914062,18918308,0.0,0.0,HDFCBANK.NS,-0.005936809911262553,-0.005954502828301809,0.2624320979860131,898.987417602539,859.8982836914063,853.101591796875,834.3934518432617,903.6731347699506,874.1729948035337,898.987417602539,963.3292355167339,834.6455996883442,0.14314286641693955,62.61341986743406,22.261309279034208,20.60222585190715,1.659083427127058,20.065635830664935,23.388001848431276,20.023699791409964,-0.026966379729221952
2025-04-30,928.3883766867898,939.9871769317172,927.0780770079656,934.2120361328125,31936870,0.0,0.0,HDFCBANK.NS,0.00848693916403298,0.00845112757371435,0.273146282400343,901.4054504394531,862.0685656738282,853.5805871582031,835.0935040283204,906.5816015664136,876.5274670125251,901.4054504394531,967.2851827659224,835.5257181129839,0.14617114261812278,64.76948907765322,21.948595117509626,20.871499705027645,1.077095412481981,18.29773850963662,23.194536533316004,19.84910058747569,-0.018708302589425106
2025-05-02,936.5415627453439,942.4137410838799,931.7855503024763,932.7076416015625,17840404,0.0,0.0,HDFCBANK.NS,-0.0016103352055679698,-0.0016116331889511632,0.2710960901199557,903.6791046142578,864.15634765625,853.8805059814454,835.8112698364258,909.0697958554755,878.730611114056,903.6791046142578,970.6296500545266,836.728559173989,0.14817327323031806,64.00880065446403,21.33345602416398,20.963890968854912,0.36956505530906725,17.95802753500872,23.170207138969847,19.73232621987891,-0.0202885111566969
2025-05-05,941.0063068714467,947.3152712805899,937.754787372496,939.9386596679688,15068024,0.0,0.0,HDFCBANK.NS,0.007752716654052305,0.0077228187734021524,0.2809505379467294,907.7787170410156,866.4770764160156,854.2253149414063,836.5753823852539,912.0096876471415,881.1309267436213,907.7787170410156,972.956083840256,842.6013502417752,0.14359747717305327,66.07144380311803,21.18522648311739,21.00815807170741,0.1770684114099801,18.256139860955994,23.18731811287718,19.689998948067057,-0.012693085580975079
2025-05-06,936.6386282625547,941.5401968005327,933.872413523286,937.463623046875,17490156,0.0,0.0,HDFCBANK.NS,-0.002633189512566747,-0.0026366624540196427,0.2775775524240913,911.049673461914,868.775966796875,854.5934191894531,837.325178527832,914.4338719709257,883.340052088847,911.049673461914,975.2347665069889,846.8645804168392,0.1409036080352825,64.70456636037554,20.630226326106367,20.932571722587205,-0.30234539648083825,16.918086312166622,23.241810337316917,19.572816388372217,-0.015292851793707901
2025-05-07,938.5798853771296,945.7138452974749,932.9503591331654,944.2094116210938,21420778,0.0,0.0,HDFCBANK.NS,0.007195787024027789,0.0071700208798675365,0.2867707283980139,914.7076629638672,870.9913854980468,854.9603106689453,838.1101596069336,917.2696376518941,885.727085795994,914.7076629638672,977.6205444901033,851.7947814376311,0.13755844424082692,66.72510979228241,20.498420433216438,20.84574146471305,-0.3473210314966124,15.40150240520327,22.79372840768201,19.422588109496548,-0.008207108874177688
2025-05-08,948.6741890736062,948.6741890736062,931.348765916796,935.91064453125,34803430,0.0,0.0,HDFCBANK.NS,-0.008789117104431088,-0.008827969212175215,0.2754611497795696,917.4059600830078,872.9855041503906,855.2534350585937,838.8593493652344,919.0449716404041,887.6950684914941,917.4059600830078,979.0179622002948,855.7939579657208,0.1343178588281949,62.02123642207883,19.49954356485989,20.57650188474242,-1.0769583198825288,15.831344776350088,22.854554974122134,19.4862433457989,-0.016924092737624793
2025-05-09,926.9810441332826,931.3002703673066,915.6734734771652,917.080810546875,17188796,0.0,0.0,HDFCBANK.NS,-0.02011926469092129,-0.020324413387608146,0.24979980930416756,920.6089721679688,874.5627465820312,855.3825262451172,839.526400756836,918.8579086791157,888.8474505328816,920.6089721679688,974.275830926211,866.9421134097265,0.11658991033263691,52.907415870086325,16.992635688449468,19.85972864548383,-2.8670929570343624,15.786277492086835,23.8131861301971,19.783712777510324,-0.036702857127104145
2025-05-12,930.6208021509265,951.149226156264,928.0487213449755,949.8388671875,18618972,0.0,0.0,HDFCBANK.NS,0.03571992376668609,0.03509676343325393,0.29444256321613116,925.1720489501953,877.1843627929687,855.8578820800781,840.3754415893554,921.8084761561046,891.239270793847,925.1720489501953,971.6719745697288,878.6721233306617,0.10052168279899422,63.07351508291752,17.448064113437567,19.37739573907458,-1.9293316256370119,16.69448903106225,25.396553754245616,20.6278468171613,-0.0022939566190178563
2025-05-13,946.3447318748346,952.0227765695508,931.7855821536832,933.04736328125,24242102,0.0,0.0,HDFCBANK.NS,-0.017678265742030685,-0.01783639265993271,0.27155906359580095,928.9962524414062,879.4177368164062,856.1046594238281,841.0549899291992,922.8788463584995,892.8788038325688,928.9962524414062,962.5035909655147,895.4889139172977,0.0721366494989642,56.35752726160219,16.26654972894471,18.755226537048607,-2.4886768081038966,16.63208926365933,25.9283057840694,20.7626458125613,-0.019931669186336837
2025-05-14,932.8047011833116,936.7356597192896,923.5353878045329,927.2236938476562,15445308,0.0,0.0,HDFCBANK.NS,-0.006241558213201159,-0.006261118169879108,0.26362255367884413,931.5162017822265,881.6841125488281,856.3249884033203,841.7640203857422,923.2926413574668,894.2256622645331,931.5162017822265,954.3993933197632,908.6330102446898,0.049131065017989785,54.201921423173275,14.69092181215865,17.942365592070615,-3.251443779911966,15.550549878121078,25.86862304008716,20.788031188781186,-0.026048822726025184
2025-05-15,928.6310129632633,943.8210814498384,920.6234813646776,938.4827270507812,32241458,0.0,0.0,HDFCBANK.NS,0.012142736728829595,0.012069605117924247,0.27896638967277765,933.1880767822265,884.1247119140625,856.8129620361328,842.5641665649414,924.7393161854014,895.9612334326213,933.1880767822265,952.5418949109261,913.834258653527,0.04147892286715549,57.58005335841561,14.18719407803519,17.19133128926353,-3.0041372112283398,16.5558182300897,25.92250931088229,20.858576693349214,-0.01422238999365365
2025-05-16,938.4827675522878,943.3358172154161,935.8621088859327,938.9194946289062,15868010,0.0,0.0,HDFCBANK.NS,0.0004653975673025723,0.00046528930344393526,0.27956161751919306,934.5639129638672,886.3959399414063,857.4147399902344,843.3360440063476,926.0898093704972,897.6458711265932,934.5639129638672,951.1047708943817,918.0230550333528,0.03539802404322873,57.710369201802024,13.665700029577692,16.486205037326364,-2.8205050077486717,15.661473039792375,25.926267548493225,20.840292394948566,-0.013763611492055265
2025-05-19,940.0357230243618,943.9181627683963,937.1238932163359,940.8607177734375,10202964,0.0,0.0,HDFCBANK.NS,0.002067507550579162,0.002065373198196787,0.28220712082484534,935.3404022216797,888.3983081054688,858.1194030761719,844.1138662719727,927.4965625517295,899.3405709950969,935.3404022216797,951.510179250352,919.1706251930074,0.034575170687088604,58.32318697743511,13.256243005653914,15.840212630991875,-2.5839696253379607,15.408423708479981,23.706207781260918,20.379763022460732,-0.01172456031215915
2025-05-20,935.7164876572758,938.8709699179398,928.3883945615378,929.3104858398438,23879090,0.0,0.0,HDFCBANK.NS,-0.012276239952846102,-0.012352215422238475,0.2664664385403517,935.0443664550781,890.4691040039063,858.8153302001953,844.8657250976562,927.6693171505975,900.5158617733223,935.0443664550781,951.437807034813,918.6509258753433,0.03506451922037736,53.367809257975566,11.862989023482214,15.044767909489945,-3.1817788860077307,15.307891819415065,23.7725033046239,20.12532090038383,-0.023856866749271587
2025-05-21,935.1826696209016,944.8402502940019,932.3193584728106,935.0856323242188,15132040,0.0,0.0,HDFCBANK.NS,0.0062144423982861685,0.0061952123792337185,0.2743368212720234,934.197509765625,892.5733874511719,859.4258435058593,845.620980834961,928.3756328814186,901.871539049828,934.197509765625,948.5166582963603,919.8783612348897,0.030655505674228943,55.40790422003053,11.09691295616426,14.25519691882481,-3.1582839626605494,15.443087977547009,23.777443280026304,20.14181547787063,-0.0177906814752024
2025-05-22,929.4560306672615,933.8237752836327,924.6029810935157,931.7369995117188,21306670,0.0,0.0,HDFCBANK.NS,-0.0035810974917631633,-0.0035875249709270084,0.2697732968777047,934.1004455566406,894.8048193359375,860.0169451904297,846.3590084838867,928.6957630366852,903.0427335777454,934.1004455566406,948.4606731999403,919.7402179133409,0.03074664552748884,53.93450488879007,10.103122958765084,13.424782126812865,-3.3216591680477805,15.432692295354107,23.64442272246197,20.048092697268697,-0.021308068802157926
2025-05-23,931.8340640363383,940.0357299039,929.1163680438908,938.3856811523438,9566072,0.0,0.0,HDFCBANK.NS,0.007135792229040261,0.007110452936214967,0.27883413530220746,934.5081024169922,897.157578125,860.7102032470704,847.0743478393555,929.6186123810337,904.4287315218473,934.5081024169922,948.868908392505,920.1472964414794,0.030734470762469157,56.412839897012574,9.739756419784044,12.687776985407101,-2.9480205656230574,15.169244593995668,21.258951284419453,19.859095503926177,-0.014324326524891972
2025-05-26,939.0650610496285,946.2961165204464,935.1341028748952,941.588623046875,10802860,0.0,0.0,HDFCBANK.NS,0.0034132467692793433,0.0034074348637490185,0.28319911178297197,935.2117919921875,899.5933215332032,861.3990930175781,847.7563223266602,930.7586133968281,905.8859821698877,935.2117919921875,949.5088649997577,920.9147189846173,0.030575048625327172,57.59638644109478,9.599578497128618,12.070137287751406,-2.4705587906227873,15.418832477445985,21.23682089290866,19.810605314572804,-0.0109599722168458
2025-05-27,937.415037254252,945.3740503477449,929.989907003196,934.8429565429688,26162148,0.0,0.0,HDFCBANK.NS,-0.007164133400505701,-0.0071899190324741374,0.27400610216674837,935.3598114013672,901.9111376953125,862.1192852783203,848.5098797607421,931.1475984583653,907.0215497923615,935.3598114013672,949.5728078516474,921.146814951087,0.030390436443888152,54.25499768409965,8.842239736934289,11.424557777587982,-2.5823180406536927,15.606022276034512,21.390865806205454,19.649218046183492,-0.01804558691432414
2025-05-28,931.8826007257043,938.8224856498367,930.6693382733266,933.484130859375,18157594,0.0,0.0,HDFCBANK.NS,-0.001453533638011928,-0.0014545910428035095,0.2721542914422166,935.7165100097657,904.2211901855469,862.8503973388672,849.2919491577148,931.3701253536996,908.0592980694994,935.7165100097657,949.3225743005328,922.1104457189986,0.029081595002796536,53.58068152468649,8.039720542798364,10.747590330630059,-2.7078697878316955,14.950859720298793,20.50425488275112,19.613380106377505,-0.019472890684738453
2025-05-29,935.6680064952172,941.8799339693113,925.6222170514742,935.4253540039062,28917794,0.0,0.0,HDFCBANK.NS,0.002079545950871342,0.0020773866881962284,0.27479979474786886,935.7771759033203,906.321103515625,863.5528765869141,850.0296127319336,931.7563376061003,909.1324767335939,935.7771759033203,949.365804308694,922.1885474979466,0.02904244462311529,54.451631164242634,7.474200849032854,10.092912434310618,-2.6187115852777634,14.666612996281101,18.42586660573637,19.60196896473616,-0.017433839504842338
2025-05-30,937.560664423884,945.7623300992254,934.406182182701,943.86962890625,28748078,0.0,0.0,HDFCBANK.NS,0.009027203363902503,0.008986701725483787,0.28630767174331906,936.3352752685547,908.6340661621093,864.2864154052735,850.762908630371,932.9099843965907,910.4947179952667,936.3352752685547,950.3046226214088,922.3659279157006,0.02983834470798404,58.131663041377905,7.619571156964412,9.598244178841378,-1.9786730218769666,13.04430816107649,18.49022738604224,19.62954271477521,-0.008564014955563685
2025-06-02,936.6871658817765,939.5504772215758,925.9619372617597,937.6577758789062,14668822,0.0,0.0,HDFCBANK.NS,-0.0065812616881655295,-0.006603013680430991,0.2778421443440813,936.2212310791016,910.7859094238281,865.174038696289,851.4469464111328,933.3621550139542,911.5599359514879,936.2212310791016,950.1036862551692,922.3387759030339,0.02965635624406112,54.63470178558318,7.151100117897954,9.108815366652694,-1.9577152487547398,12.877915105978113,18.128915098894726,19.591519166063094,-0.015088914620205321
2025-06-03,940.5210428582492,947.3153125176999,931.7855532960983,934.0179443359375,24377584,0.0,0.0,HDFCBANK.NS,-0.0038818336887964655,-0.00388938756010845,0.2728817736592024,936.0489471435546,912.8649560546875,866.2130767822266,852.0887622070312,933.4246111398573,912.4406421626428,936.0489471435546,949.9519908673382,922.1459034197711,0.029705804950072388,52.636630629190314,6.412213452889432,8.569494983900041,-2.157281531010609,13.04430705646703,17.907566418308875,19.579747221656902,-0.018912175651901748
2025-06-04,932.2708984103567,943.0932235303936,932.2223797589662,942.0740356445312,12961542,0.0,0.0,HDFCBANK.NS,0.008625199716394638,0.008588215195084696,0.28386063317237165,935.9421783447266,914.7780285644532,867.3186016845704,852.9089276123046,934.2483658545882,913.6027360246777,935.9421783447266,949.6121992291536,922.2721574602996,0.029211250867234785,56.4342814780937,6.402891145059584,8.13617421613195,-1.733283071072366,12.163824462628927,17.289021689254387,19.575226248076955,-0.010450097227576383
2025-06-05,945.3740366284826,950.6638723983343,941.5886343458625,946.1505126953125,22255418,0.0,0.0,HDFCBANK.NS,0.004327130242998578,0.00431779513472659,0.2894160653459672,936.4541717529297,916.5333752441406,868.5575848388672,853.738313293457,935.381903648943,914.8791194235262,936.4541717529297,950.8661283240643,922.0422151817951,0.030779843810524486,58.25813355944769,6.647808974656186,7.838501167836798,-1.1906921931806114,12.278219442842385,16.366502066450124,19.465863811984274,-0.0061681859163334445
2025-06-06,943.4328899516395,968.8143643397722,942.8019697752012,960.27294921875,30127008,0.0,0.0,HDFCBANK.NS,0.01492620501066666,0.014815905427667472,0.3086621538813683,938.6137786865235,918.5556420898438,870.0663977050781,854.5793469238281,937.752479417496,916.6592696115741,938.6137786865235,953.7296492684322,923.4979081046147,0.03220892538582081,63.89706208081164,7.890513789176794,7.8489036921047965,0.04161009707199703,13.650942658021709,16.835623585071193,19.583832599067964,0.0
2025-06-09,968.1834546397668,968.1834546397668,958.9141411829606,960.3700561523438,13202588,0.0,0.0,HDFCBANK.NS,0.00010112430395214922,0.00010111919123440142,0.3087944914307881,939.1403381347657,920.2920642089844,871.6298083496093,855.4222003173828,939.9065343446243,918.3734181033691,939.1403381347657,956.4736831312696,921.8069931382618,0.03691321582657137,63.933141400087905,8.781968954353488,8.035516744554535,0.746452209798953,13.422156246943596,16.795408077210165,19.49704747982991,0.0
2025-06-10,962.2627345803987,962.2627345803987,951.7315810074685,953.7698974609375,15533126,0.0,0.0,HDFCBANK.NS,-0.006872516119306504,-0.006896240618696145,0.2997997801915704,940.17646484375,921.6882885742187,873.2529107666015,856.2171301269532,941.226854641416,919.7615153330777,940.17646484375,958.429317679277,921.9236120082229,0.03882856786584321,59.57530534282924,8.853814684401527,8.199176332523933,0.654638351877594,13.065112612570172,16.920981118180833,19.4082129060271,-0.006872516119306478
2025-06-11,954.8861016587219,954.8861016587219,944.8888305540286,946.5388793945312,11096394,0.0,0.0,HDFCBANK.NS,-0.007581512150526271,-0.007610397904851057,0.2899453323647967,941.1422241210937,923.08451171875,874.7272680664063,857.0047802734375,941.7327617607604,920.8116080413699,941.1422241210937,958.5330489665263,923.7513992756611,0.03695684754060074,55.14077659824964,8.232372550971945,8.205815576213537,0.026556974758408458,13.030442603569481,16.984718781288517,19.08847754356536,-0.014401924205369494
2025-06-12,946.3447246989118,951.6830795561876,939.2107650861756,943.1417236328125,16349130,0.0,0.0,HDFCBANK.NS,-0.003589029289416845,-0.003595485306889769,0.28531568078519287,941.3751739501953,924.2303186035156,876.1848822021484,857.7620983886719,941.8669486057177,921.6872988488775,941.3751739501953,958.740799451496,924.0095484488946,0.03689416500847601,53.13953445684143,7.380673296769146,8.040787120324659,-0.6601138235555126,13.141367789998258,16.868396551789573,19.105430278750788,-0.017939264566989285
2025-06-13,931.7855934494534,938.0945584051007,928.3884584733355,930.620849609375,12117762,0.0,0.0,HDFCBANK.NS,-0.013275707891714617,-0.013364617873794704,0.2682522052584484,940.9602416992187,925.0980444335937,877.4736096191406,858.4719781494141,940.795891558447,922.0376341728187,940.9602416992187,958.9579916383217,922.9624917601158,0.03825400721841764,46.4483780219059,5.630461157882792,7.558721927836286,-1.9282607699534946,13.397885755278676,17.32025490726013,19.233665162791365,-0.030976816022520413
2025-06-16,933.7267280054107,940.957783641244,931.8340268436207,939.2592163085938,16513746,0.0,0.0,HDFCBANK.NS,0.009282369616847364,0.00923955317871997,0.2800245909950392,940.8801666259766,926.7243005371093,878.9229724121094,859.1888949584961,940.6495415346515,922.712990335006,940.8801666259766,958.8940244824944,922.8663087694588,0.03829150298941047,51.02976811152537,4.884148009030696,7.023807144075169,-2.1396591350444734,13.037370804372967,17.385437268825296,19.27252737970443,-0.021981984661547153
2025-06-17,940.0357266330969,942.268117646221,931.3487558242051,936.4444580078125,16978736,0.0,0.0,HDFCBANK.NS,-0.0029967853941785805,-0.0030012847468393056,0.27618863199655586,941.236865234375,928.0122998046875,880.2738189697266,859.8970761108399,940.2490573892383,923.2514792633514,941.236865234375,958.5552091758848,923.9185212928653,0.03679911950154511,49.542475229066774,4.019230799935599,6.422891875247255,-2.403661075311656,13.23495755048052,17.390602176524727,19.260043743341328,-0.02491289476515699
2025-06-18,930.329645039179,939.6960548333931,930.329645039179,938.5313110351562,18433816,0.0,0.0,HDFCBANK.NS,0.002228485640016764,0.002226006248734884,0.27903260003691277,941.4091491699219,929.36193359375,881.6884832763672,860.6172689819336,940.0854624983733,923.8506883524418,941.4091491699219,958.5373508900399,924.2809474498039,0.03638843267079064,50.689951653922236,3.462258518068893,5.830765203811583,-2.36850668574269,12.742721327364588,17.271714901591157,19.197288307092283,-0.022739927153375566
2025-06-19,938.5312545811619,944.7917002839463,934.5031997999406,939.210693359375,16876220,0.0,0.0,HDFCBANK.NS,0.0007238781660565685,0.0007236162926256073,0.2799584638097541,941.7828338623046,930.5072534179687,882.9951666259766,861.3373400878907,940.0021511518021,924.4530414899687,941.7828338623046,958.3391020105752,925.2265657140341,0.03515941797404045,51.07999367414048,3.0406240265945144,5.27273696836817,-2.2321129417736554,12.666460796470387,17.076922572654755,18.766230011270775,-0.022032509924083093
2025-06-20,937.415115265286,956.0023202459611,937.415115265286,953.4786987304688,32900408,0.0,0.0,HDFCBANK.NS,0.015191485224747447,0.015077250094399511,0.29940293390101047,942.537484741211,932.516416015625,884.4501110839843,862.1327548217773,941.2856318735799,925.5913025582236,942.537484741211,959.8025100554835,925.2724594269384,0.03663520145092779,58.50367483396074,3.813821089639532,4.980953792622443,-1.1671327029829106,12.714997463340726,16.48721539017321,18.85598085299659,-0.007175731248311455
2025-06-23,945.5681762695312,950.1785732937573,942.3651754483343,945.5681762695312,11739518,0.0,0.0,HDFCBANK.NS,-0.008296485775162177,-0.008331093159311189,0.28862245594369673,942.7364624023437,934.2562329101562,885.8992309570312,862.9127612304687,941.6934932446228,926.3747093704317,942.7364624023437,960.0471109728137,925.4258138318737,0.03672425807390084,53.643247491307456,3.745101086997238,4.733783251497401,-0.9886821645001636,12.399552039093075,13.101597775066368,18.92265156515488,-0.015412683671245654
2025-06-24,953.6242600004867,960.4185295373859,949.0623814631601,951.634521484375,22625322,0.0,0.0,HDFCBANK.NS,0.006415555606764212,0.006395063528572414,0.2968896849659286,943.576040649414,936.1576574707032,887.5060760498047,863.6978634643555,942.6402578388848,927.3652902376451,943.576040649414,960.9035260817387,926.2485552170893,0.03672726878567008,56.61964573350361,4.132506388823458,4.613527878962612,-0.4810214901391543,12.683802717409305,12.11944912212787,18.89683175118546,-0.009096008993623839
2025-06-25,954.1096083800328,961.8744882040819,953.0904797513926,961.0009155273438,18405932,0.0,0.0,HDFCBANK.NS,0.009842427771912687,0.009794306574996258,0.3096542280183443,944.9518798828125,937.841181640625,889.00955078125,864.5189993286133,944.3888919044524,928.6843343666529,944.9518798828125,963.2480932877962,926.6556664778287,0.03872411663386021,60.804185643653874,5.136111704065684,4.718044643983227,0.418067060082457,12.76699762221181,12.216681111965357,18.851459552026466,0.0
2025-06-26,961.5833031108746,983.7617170900772,960.9038642878594,981.1896362304688,50084830,0.0,0.0,HDFCBANK.NS,0.02100801401635133,0.020790388335221698,0.33716746239712747,947.2400939941406,939.3640698242187,890.6814270019531,865.4322219848633,947.8937246974064,930.7433658122928,947.2400939941406,971.1159619341357,923.3642260541454,0.05041143864449394,67.97495059473982,7.474377215640743,5.26931115831473,2.205066057326013,12.541673210615158,13.140585363560572,19.048739657405502,0.0
2025-06-27,987.666092322087,991.0024945345428,978.0494846238399,988.5983276367188,28213384,11.0,0.0,HDFCBANK.NS,0.007550723257445657,0.007522359236359009,0.3472640438545491,949.476528930664,940.9079809570312,892.3584765625,866.4031140136718,951.7703535487694,933.0121878446233,949.476528930664,979.5881867975462,919.3648710637818,0.06342791411767716,70.13426736124183,9.812180253235056,6.177884977298795,3.6342952759362603,12.804794385893501,13.251279362389145,19.070508206304694,0.0
2025-06-30,986.9301202198938,988.0586250503452,979.0798184930638,982.023681640625,13649020,0.0,0.0,HDFCBANK.NS,-0.006650472504652782,-0.006672685436021602,0.33830410137438705,951.69482421875,942.0418359375,893.9345953369141,867.317958984375,954.6516228908508,934.9342072091724,951.69482421875,984.5520889244339,918.8375595130661,0.06905000189037808,65.88854108526382,11.007499416867176,7.143807865212471,3.8636915516547052,12.732462640945268,13.47238559253123,19.08621032369578,-0.006650472504652812
2025-07-01,983.740927917604,989.138010315157,983.250284063281,987.2244873046875,14389386,0.0,0.0,HDFCBANK.NS,0.005296008397041696,0.005282033862359038,0.3453917711330612,954.3551513671875,943.0817016601562,895.600576171875,868.2494662475586,957.7538004540734,936.9848064286044,954.3551513671875,989.7073263902374,919.0029763441377,0.07408599402938237,67.56142728957829,12.233440530613962,8.161734398292769,4.071706132321193,12.526538181648025,12.864060108552774,19.083579906088925,-0.0013896850658401039
2025-07-02,991.0515399227539,991.0515399227539,970.4444979040134,974.418701171875,18878250,0.0,0.0,HDFCBANK.NS,-0.012971503743565704,-0.013056368378365562,0.32794001673724615,955.9723846435547,943.5296203613282,897.2013452148437,869.1325955200195,959.3409338557688,938.4528023008895,955.9723846435547,991.9134143641951,920.0313549229144,0.07519261078664188,59.78660771083413,12.032979084571707,8.935983335548556,3.096995749023151,13.107590149414348,13.509799517105304,19.15369497935448,-0.0143431625043719
2025-07-03,978.7854199779471,985.2128423794024,973.584607191008,974.9583740234375,16860506,0.0,0.0,HDFCBANK.NS,0.0005538408190579602,0.0005536875058363345,0.3286754841237758,957.4127777099609,944.3552221679688,898.5993151855469,869.9633410644532,960.8283091098324,939.8843933488326,957.4127777099609,993.9996682669987,920.8258871529231,0.07642866568910876,59.99554160988338,11.781845255067083,9.505155719452262,2.276689535614821,12.884373722908451,13.429991967939387,19.153115054616386,-0.013797265514183166
2025-07-04,974.9583893832662,983.0049605598704,971.4748300017685,976.037841796875,7863944,0.0,0.0,HDFCBANK.NS,0.001107193704058096,0.0011065812171616783,0.330146585254534,958.2010223388672,945.271328125,899.9260632324218,870.8010614013672,962.2768360324078,941.3021756409128,958.2010223388672,995.7149173148755,920.687127362859,0.07830067825317241,60.438310220915966,11.536933327779707,9.91151124111775,1.6254220866619562,12.9696020462108,13.325245299862628,19.153142296971488,-0.012705348055635559
2025-07-07,975.8906089947405,980.5026731224453,973.3392849545877,975.1055908203125,11349426,0.0,0.0,HDFCBANK.NS,-0.0009551381479699916,-0.0009555945830730432,0.32887611150856544,958.9377990722656,946.2231433105469,901.2141284179687,871.6219876098633,963.4986222026845,942.6277997655951,958.9377990722656,997.2023667998493,920.673231344682,0.07980615169117977,59.822508498755354,11.139208140717301,10.15705062103766,0.9821575196796406,12.70131821377093,13.326507257077669,18.687591710473615,-0.013648350840994382
2025-07-08,970.0028875050783,983.740915249207,970.0028875050783,981.974609375,15224316,0.0,0.0,HDFCBANK.NS,0.007044384340888499,0.00701968857533224,0.33823722557945723,960.3480346679687,947.2249841308594,902.6247521972656,872.4824758911133,965.2582400286193,944.1708119071404,960.3480346679687,999.8689913051265,920.8270780308109,0.08230548761589716,62.82784336614189,11.248613441361954,10.375363185102518,0.8732502562594355,13.01357663876483,13.187062456162993,18.705573122458922,-0.006700110729049073
2025-07-09,984.7222177139129,988.058619887602,980.3554754225707,986.7828979492188,13861428,0.0,0.0,HDFCBANK.NS,0.0048965508153810955,0.00488460170086,0.3447899721575416,962.3602355957031,948.4336389160156,904.1659613037109,873.303916015625,967.3082074496289,945.841874104869,962.3602355957031,1003.0029244314904,921.7175467599158,0.08446460552399991,64.81203979003442,11.589707697743506,10.618232087630718,0.9714756101127886,12.828908351695231,13.184614657838296,18.615663118594338,-0.0018363673463213848
2025-07-10,989.1379844829171,989.6286283244265,981.2876830187669,984.3296508789062,17030310,0.0,0.0,HDFCBANK.NS,-0.002486106189528603,-0.0024892016830694993,0.3414466814841448,964.4196319580078,949.4359912109375,905.7522784423828,874.079846496582,968.9292973000363,947.3511986842431,964.4196319580078,1005.1360206882143,923.7032432278013,0.0844370798374195,62.96530858355458,11.529169725507586,10.800419615206092,0.728750110301494,12.097032660622697,13.245050169388978,18.63152009633317,-0.004317908131624025
2025-07-11,980.3063919997392,983.6427940678678,971.9163943170895,973.2901611328125,12516922,0.0,0.0,HDFCBANK.NS,-0.01121523641621136,-0.011278601394408049,0.3264020398115579,966.5530975341796,950.2476416015625,907.2019946289063,874.7212322998047,969.3446176650626,948.3684128979124,966.5530975341796,1004.1659748661051,928.9402202022542,0.07782888995520576,55.32575869616008,10.469710084033181,10.73427770897151,-0.2645676249383282,12.189870752028574,13.57174217671419,18.70463351513121,-0.015484718187315767
2025-07-14,972.94677734375,975.7434233970494,966.8627814826074,972.94677734375,13088850,0.0,0.0,HDFCBANK.NS,-0.0003528072128694548,-0.00035286946397637144,0.32593407560474774,968.2374755859375,950.9078039550782,908.6924401855468,875.3157678222656,969.6876804916043,949.332270327161,968.2374755859375,1003.6571881211371,932.817763050738,0.07316327539122568,55.10181039379448,9.492943736923962,10.486010914562,-0.9930671776380375,11.763462798213384,13.385838200887868,18.492209308662762,-0.015832062279919457
2025-07-15,968.0403470063502,983.0540373178538,968.0403470063502,979.079833984375,14498168,0.0,0.0,HDFCBANK.NS,0.006303589038414659,0.0062838045198200625,0.3342922191093902,970.3692443847656,951.7401281738281,910.2580474853515,875.9209494018555,970.5821713004397,950.4988414509735,970.3692443847656,1002.7323591136824,938.0061296558488,0.06670268027597204,58.34497967294985,9.108735946424645,10.21055592093453,-1.1018199745098851,12.104443054770295,13.370926727661136,18.210329447508915,-0.009628272055747924
2025-07-16,990.1192987637652,992.4253009235872,977.6569328760377,979.4723510742188,17994612,0.0,0.0,HDFCBANK.NS,0.00040090406953474655,0.00040082372897011747,0.3348271422899798,972.4162963867187,952.4453869628907,911.7183862304687,876.5012808227539,971.4288550884186,951.6350575146303,972.4162963867187,1001.29140783147,943.5411849419675,0.05938837420155281,58.55133591177938,8.735227092700029,9.91549015528763,-1.180263062587601,11.52662271515113,13.207220689002696,18.205006422359908,-0.009231227999662904
2025-07-17,983.2502884954769,983.6428275379242,972.7995503940688,974.8602905273438,22529158,0.0,0.0,HDFCBANK.NS,-0.0047087194874023686,-0.004719840431010208,0.3285418157127653,974.1987762451172,953.2243798828125,913.1049420166015,877.0479965209961,971.7556584635544,952.5458509661092,974.1987762451172,998.4788683091726,949.9186841810617,0.04984627912927364,55.097488335178,7.975131541538758,9.527418432537857,-1.552286890999099,11.375927517519163,13.288542196269265,18.09437469869601,-0.013896480223890619
2025-07-18,974.8602851924708,979.8157761377424,958.2274465683581,960.3862915039062,16129446,0.0,0.0,HDFCBANK.NS,-0.01484725469288306,-0.014958578454587717,0.3088166170047326,974.544155883789,954.0904895019531,914.3266180419922,877.5970794677735,970.6728616102545,952.8533192224934,974.544155883789,997.7562716682226,951.3320400993555,0.04763686826151672,45.93895917048197,6.134109389425589,8.848756623915405,-2.7146472344898154,12.238057547928406,13.384567488024596,18.311396820992332,-0.028537410335555013
2025-07-21,970.5916382285527,982.2689857931025,969.7575676423911,981.5330200195312,22309078,0.0,0.0,HDFCBANK.NS,0.022018982052014247,0.021780065045441714,0.33763542660393786,976.342398071289,954.7243725585937,915.9543676757812,878.301882019043,971.707162411138,953.9780133713969,976.342398071289,995.2820492888643,957.4027468537138,0.03879714996499078,57.146688888846334,6.308727249963113,8.340750749124947,-2.0320234991618342,13.292940806118711,14.823600960247196,18.61315450961367,-0.007146793009530354
2025-07-22,987.7151032772119,990.1192700741381,982.7596124670459,984.771240234375,14836814,0.0,0.0,HDFCBANK.NS,0.0032991454681567944,0.00329371522790395,0.3420484804596642,977.999234008789,955.7588500976562,917.5882934570312,879.0370709228515,972.9513602990653,955.1855908954353,977.999234008789,993.2827886549568,962.7156793626212,0.03125473745724922,58.563349319453586,6.631961348719642,7.998992869043887,-1.367031520324245,12.434312808680586,14.660214798396536,18.606802633155237,-0.0038712258511427442
2025-07-23,986.6848008986999,995.9089294093236,982.7596500249109,993.2103881835938,13634916,0.0,0.0,HDFCBANK.NS,0.00856965313813407,0.008533142103661719,0.3535493704317634,979.6097076416015,957.078583984375,919.3813482666015,879.9217080688477,974.8807915261632,956.6767594165395,979.6097076416015,994.1199749767263,965.0994403064767,0.02962458869473252,62.08146291341517,7.482837913794583,7.895761877994026,-0.4129239641994431,12.542958822681888,14.575435778862294,18.629342542297305,0.0
2025-07-24,999.7849522880986,999.7849522880986,985.4091233743482,988.2548217773438,19107176,0.0,0.0,HDFCBANK.NS,-0.004989442785946707,-0.005001931614452556,0.34679591329004,979.9629669189453,958.0740258789062,921.0993688964844,880.8406533813477,976.1545086929423,957.9151148032378,979.9629669189453,994.9706723635583,964.9552614743324,0.030629127734893822,58.918070198019265,7.668888752442513,7.850387252883724,-0.18149850044121152,12.746222990942499,14.624713427927627,18.536986962132183,-0.004989442785946747
2025-07-25,991.1076548914018,991.1076548914018,983.237817433207,985.9922485351562,9306598,2.5,0.0,HDFCBANK.NS,-0.0022894633978292056,-0.0022920882262185117,0.34371247334221655,979.8326629638672,959.0154809570313,922.7057104492187,881.8449826049805,977.0914362969627,959.0161788711562,979.8326629638672,994.5674517845323,965.097874143202,0.03007613315541921,57.4779897033203,7.5467701622350205,7.789663834753984,-0.24289367251896365,12.796683654538006,13.986384248921931,18.53445802437954,-0.007267483037142012
2025-07-28,985.205265864704,994.2555908496133,983.9756037755068,987.9105224609375,12059580,0.0,0.0,HDFCBANK.NS,0.001945526375720652,0.0019436362903582508,0.3463267014004887,980.1270050048828,959.9564770507812,924.177392578125,882.7782211303711,978.1218254554365,960.1492903844809,980.1270050048828,995.2754634223409,964.9785465874247,0.030911215261092834,58.406227455221405,7.518114825955422,7.735354032994272,-0.21723920703885025,12.549680749536426,13.813445930200762,18.534423254443883,-0.005336095741355231
2025-07-29,983.6804999207345,996.7640925817828,981.9097985152405,994.3539428710938,19895696,0.0,0.0,HDFCBANK.NS,0.006522271262082935,0.006501093286664544,0.355107809354408,980.4834777832032,961.2573461914062,925.8632250976563,883.7871118164062,979.6677413997847,961.4906493055246,980.4834777832032,996.6373436280958,964.3296119383106,0.0329508170426599,61.45031280928892,7.923992588643955,7.773081744124209,0.15091084451974623,13.06047714964436,13.806429656070282,18.546588958146206,0.0
2025-07-30,997.5018784172968,999.764444634085,992.091365270063,996.4197998046875,15154036,0.0,0.0,HDFCBANK.NS,0.002077587109102108,0.002075431909564431,0.3579231638705662,981.5835327148437,962.4840295410156,927.5287084960937,884.7353561401367,981.263175533585,962.8604199133349,981.5835327148437,998.9494551245509,964.2176103051365,0.03538348358733542,62.40043570230313,8.316483781023862,7.88176215150414,0.43472162951972226,13.012772439527387,13.806318518208837,18.30520529841001,0.0
2025-07-31,990.9108782036614,999.1742313953042,987.664582321978,992.6815795898438,22183032,0.0,0.0,HDFCBANK.NS,-0.0037516518796359977,-0.003758706976588531,0.35282870888043005,982.469692993164,963.7029211425781,929.2538702392578,885.6925714111328,982.3506425865621,964.029877155551,982.469692993164,1000.2167509043594,964.7226350819686,0.03612744095368012,59.54072333581642,8.231010780353813,7.951611877274075,0.2793989030797377,12.948229047492353,13.903799104230607,18.21062276495607,-0.0037516518796359673
2025-08-01,990.6157884442932,997.6494796779898,988.3040477115343,989.7304077148438,11317258,0.0,0.0,HDFCBANK.NS,-0.002972929019413595,-0.0029773569510193857,0.3488068451535036,983.1543212890625,964.7298156738282,930.943696899414,886.5450067138672,983.0534773606842,965.0377410990528,983.1543212890625,1000.9130893637989,965.3955532143261,0.036126104905793405,57.30785463013527,7.834822943300537,7.928254090479369,-0.09343114717883161,12.981428336921892,13.379923810930633,18.22685774011742,-0.006713427504305882
2025-08-04,988.6974801605747,992.8291567300697,977.8764539291843,979.7947387695312,13933946,0.0,0.0,HDFCBANK.NS,-0.010038762947834123,-0.010089491112820342,0.3352664929725915,983.3887786865234,965.4939379882812,932.5436297607422,887.3574697875977,982.743121304384,965.616446890052,983.3887786865234,1000.8209394300928,965.956617942954,0.035453243155474885,50.448480892706904,6.6425446600196665,7.671112204387429,-1.0285675443677622,12.977072086163446,13.497285399500639,18.14907804045522,-0.016684795944856775
2025-08-05,977.0894619202779,980.975205994727,966.7603007320947,972.7118530273438,23978058,0.0,0.0,HDFCBANK.NS,-0.007228948535774382,-0.007255203993663643,0.32561392021334856,982.9256408691406,966.2513159179688,934.0812268066406,888.0964221191406,981.7877624208563,965.8946981111222,982.9256408691406,1000.9964840197897,964.8547977184915,0.03676950198322264,46.20289786723556,5.067708456818764,7.150431454873696,-2.0827229980549324,12.937539030097932,13.619716648070831,18.115908778671425,-0.023793130949415944
2025-08-06,969.5147509914575,977.8272785976125,968.9737116887809,976.499267578125,14080204,0.0,0.0,HDFCBANK.NS,0.0038936654662875547,0.0038861047704312522,0.33077541735611327,982.4114593505859,967.1116186523437,935.6664044189453,888.9189782714843,981.2840962453581,966.3105635804164,982.4114593505859,1000.6049816602095,964.2179370409623,0.03703849774238239,48.68953539037029,4.078240701019013,6.53599330410276,-2.4577526030837475,12.795416870453371,13.382282997855418,18.05280091162797,-0.019992107975440883
2025-08-07,973.9415460716062,984.5166400056098,972.3184281442016,981.4671020507812,13081186,0.0,0.0,HDFCBANK.NS,0.00508739190862606,0.00507449485349862,0.3375455934465692,982.2683319091797,968.0324536132813,937.1767785644531,889.7452630615235,981.3015253696841,966.9049376380779,982.2683319091797,1000.4433456966319,964.0933181217274,0.037006209397235694,51.83438354148847,3.652835486162644,5.959361740514737,-2.306526254352093,12.12469417702651,11.992511912719182,17.99837196931281,-0.015006423755165435
2025-08-08,977.3846207407715,980.1882863803764,968.9737439061473,970.8920288085938,13895264,0.0,0.0,HDFCBANK.NS,-0.010774760784228898,-0.01083322888502743,0.32313385963918284,982.1484252929688,968.5729016113281,938.6034838867188,890.4049899291992,980.3101447448184,967.0612941545687,982.1484252929688,1000.6023395497924,963.6945110361452,0.0375786668930797,45.44858710363925,2.4343174610588676,5.254352884623563,-2.820035423564695,11.454027309557773,12.1696084330898,18.109448195876674,-0.025619493913205615
2025-08-11,971.8757166821836,982.5491593344192,970.4984711596596,981.5654296875,9105854,0.0,0.0,HDFCBANK.NS,0.01099339634295271,0.010933408209833581,0.33767959457297714,982.5793579101562,969.4510546875,940.1184820556641,891.1524191284179,980.4296956917404,967.6300837833111,982.5793579101562,1000.5240303030829,964.6346855172295,0.03652564497404696,51.890725633589135,2.3033359734852183,4.664149502395894,-2.3608135289106755,11.701487175282969,12.474611609619805,17.241059774347708,-0.014907742820946722
2025-08-12,979.7455870293594,981.7622208654035,967.7440729221851,968.924560546875,12937802,0.0,0.0,HDFCBANK.NS,-0.01287827459922819,-0.012961918479483438,0.32045258942828214,982.0715942382812,970.1491870117187,941.5070715332031,891.7850799560547,979.3339685350867,967.6808475779607,982.0715942382812,1000.9819303928296,963.161258083733,0.03851111520889803,45.098053520611785,1.1660778854104592,3.964535178998807,-2.798457293588348,11.763549215197665,12.910411550371299,17.222518757759676,-0.027594031414472052
2025-08-13,980.7784409396806,980.7784409396806,968.5309950398891,974.0399169921875,13577396,0.0,0.0,HDFCBANK.NS,0.005279416637375078,0.005265529373683404,0.3274238087977748,981.7999725341797,970.7885046386718,942.7832666015624,892.4097100830078,978.8297731500487,967.9302228491068,981.7999725341797,1001.0210140272786,962.5789310410808,0.03915469959422878,48.06102797130622,0.669837699389177,3.305595683076881,-2.635757983687704,11.611521857057742,12.465595219864301,17.231007071662834,-0.022460295165638796
2025-08-14,972.908633518138,981.7622004561191,969.5639286580633,979.35205078125,17511716,0.0,0.0,HDFCBANK.NS,0.005453712621415141,0.005438894980426911,0.3346631967777822,982.024560546875,971.4525354003906,943.9929553222656,893.0760665893555,978.8795138768297,968.3781376699752,982.024560546875,1001.0076799756331,963.041441118117,0.03866119075104731,51.017404495060084,0.6971720131793973,2.7839109490973843,-2.086738935917987,11.920695738476386,12.56443883242955,17.14129061529596,-0.017129074539449157
2025-08-18,988.6483131467888,996.8132573563983,981.5654475516468,985.5003662109375,19284796,0.0,0.0,HDFCBANK.NS,0.0062779420585099555,0.006258317870449775,0.34304213499477876,983.2802642822265,971.9570837402343,945.2563629150391,893.7954891967773,979.5100712419828,969.0495976127581,983.2802642822265,999.3330398142664,967.2274887501867,0.032651475098522446,54.262382464958606,1.2011067148056327,2.4673501022390343,-1.2662433874334016,12.433639988550794,12.68637452088356,16.164801574292305,-0.01095866781841385
2025-08-19,982.8935135816985,986.7300232295675,977.1878335213248,979.35205078125,12352438,0.0,0.0,HDFCBANK.NS,-0.006238775388107243,-0.006258317870449658,0.3346631967777822,983.1712158203125,972.3367236328126,946.3143939208984,894.4413418579102,979.495021674294,969.4536153840716,983.1712158203125,999.3034018782956,967.0390297623293,0.032816636204149305,50.64891003145653,1.0917756152522315,2.1922352048416736,-1.100459589589442,12.054203962957956,12.825359700705832,16.19711020033011,-0.017129074539449157
2025-08-20,977.3354453835109,979.7947696044055,973.4005266300795,977.9256591796875,9950228,0.0,0.0,HDFCBANK.NS,-0.001456464608844854,-0.0014575262844104028,0.33271930706694763,982.8289367675782,972.8198388671875,947.2540637207031,895.1219201660156,979.3455585795696,969.7858523956643,982.8289367675782,999.1080028576938,966.5498706774625,0.033126957258006226,49.820019652858065,0.8798892343919533,1.9297660107517296,-1.0498767763597763,11.962858506551097,12.665438400311677,16.19179133735168,-0.01856059125744502
2025-08-21,982.5000176251586,982.5000176251586,975.4663263982883,979.4012451171875,12439850,0.0,0.0,HDFCBANK.NS,0.0015088937729046403,0.0015077565365312104,0.33473023893041076,982.1384796142578,973.4770861816406,948.2807989501953,895.8072073364258,979.3508620593427,970.1629266200378,982.1384796142578,997.7200333546049,966.5569258739107,0.03172985085864238,50.71852590339539,0.821564717514093,1.7081257521042024,-0.8865610345901094,11.643147231804246,12.586957032875562,15.752884989801757,-0.01707970344511006
2025-08-22,978.7618310909676,981.7621945267439,962.6286407512459,966.317626953125,19833502,0.0,0.0,HDFCBANK.NS,-0.013358792659587615,-0.01344882403625706,0.3168998544120576,981.0416198730469,973.9406042480468,949.0854614257812,896.4231936645508,978.1096015730363,970.0121305546687,981.0416198730469,997.8504871582647,964.232752587829,0.034267388752361023,43.31298525489292,-0.27720112181702916,1.3110603773199563,-1.5882614991369854,12.34229878959299,13.139397215915318,15.050610029365451,-0.030210331887687254
2025-08-25,964.1534314319724,972.6135426708398,962.5794879672083,966.0717163085938,17518044,0.0,0.0,HDFCBANK.NS,-0.0002544822092365173,-0.00025451459532849896,0.3165647268277636,980.0455932617188,974.6496215820313,949.8738330078126,897.0942462158204,976.9631363097561,969.8576045058031,980.0455932617188,997.9447464353174,962.1464400881201,0.036527184646640606,43.18535290337687,-1.154515365052589,0.8179452288454473,-1.9724605938980364,11.990966782646288,12.746792589218137,15.01423511837313,-0.030457126104923255
2025-08-26,963.5632270654481,969.6623631247153,952.2503356808104,957.5625,16917731,0.0,2.0,HDFCBANK.NS,-0.008808058620231485,-0.008847078865943889,0.3049683475365357,978.5281921386719,975.0156872558593,950.8699938964844,897.6165921020507,975.1154566612079,969.3754435447912,978.5281921386719,998.6299634589922,958.4264208183516,0.04108572748708614,38.9124045756862,-2.5075108410359235,0.15285401486917316,-2.6603648559050965,12.219332652737185,12.987901261861747,14.892015013137042,-0.038996916573018806
2025-08-28,951.2665723546679,956.3819785474136,939.4618165446824,942.2162475585938,25438255,0.0,0.0,HDFCBANK.NS,-0.016026371585568855,-0.016156182680858815,0.28405443989150947,975.9213073730468,975.131123046875,951.5717114257812,898.068515625,971.982198651435,968.3103770355286,975.9213073730468,1000.4229580922408,951.4196566538528,0.050212349159886156,32.63994290702651,-4.7631768834595505,-0.8303521647965716,-3.932824718662979,12.879840977486188,13.57098018325045,15.040616205023591,-0.05439830908289701
2025-08-29,938.4781016808785,947.6267755693488,934.6415319653455,936.1171264648438,14823813,0.0,0.0,HDFCBANK.NS,-0.006473164848890711,-0.006494206634254011,0.2757425438271417,972.9061737060547,975.0828393554688,952.2223864746094,898.5110543823242,968.5664774908073,967.047896620992,972.9061737060547,1001.3164599197775,944.4958874923319,0.05840293130323254,30.533380005498415,-6.962694959692044,-2.056820723775666,-4.905874235916378,12.936057530528688,13.644656046173283,14.773857195140497,-0.06051934470959322
2025-09-01,934.1496321868741,941.8719458039564,930.9525108908947,935.1333618164062,20178344,0.0,0.0,HDFCBANK.NS,-0.0010508991029281045,-0.0010514516845626573,0.27440186713226655,970.0287628173828,975.0012927246094,952.754273071289,898.9295046997071,965.3823712361025,965.7963462364984,970.0287628173828,1001.4982618175559,938.5592638172097,0.06488364099384444,30.194873595850936,-8.685094108642033,-3.38247540074894,-5.302618707893093,12.82363444255924,13.610404803034564,14.416302410621018,-0.06150664408745618
2025-09-02,935.5269334024698,939.2650942089082,928.6408255856272,929.1326904296875,14196320,0.0,0.0,HDFCBANK.NS,-0.006416915096540965,-0.006437591998297459,0.26622413855200544,966.998876953125,974.5143725585938,953.5153942871094,899.2891970825195,961.9300206831106,964.358555812702,966.998876953125,1001.9568795843855,932.0408743218644,0.07230205425141388,28.14517817211545,-10.414262736433443,-4.788832867885841,-5.625429868547602,12.721747331739339,13.0934443824165,14.443567657895937,-0.06752887627101473
2025-09-03,929.6245191670979,940.740652202688,924.7058709175366,938.9207763671875,16083481,0.0,0.0,HDFCBANK.NS,0.010534648106045319,0.010479545354908625,0.27956336427503126,964.9551788330078,974.3814245605469,954.3188287353515,899.8145462036133,959.738664081594,963.3609958344466,964.9551788330078,1001.5062415020158,928.4041161639999,0.0757570164309846,35.80060900148388,-10.869527452806551,-6.0049717848699835,-4.864555667936568,12.865792570448841,11.680542712099738,14.540951345898081,-0.05770562111348111
2025-09-04,944.5772033181551,949.9877162864987,940.6914592688354,945.610107421875,17597657,0.0,0.0,HDFCBANK.NS,0.007124489331857609,0.0070992300597215565,0.28867959981324454,963.6000915527344,974.2609362792969,955.209296875,900.4627590942383,958.3930872568588,962.6648825633654,963.6000915527344,1000.9413243804977,926.2588587249711,0.07750358920699571,40.46859407327721,-10.568725223917909,-6.917722472679569,-3.65100275123834,12.781470714700244,11.86688792935282,14.567858960816462,-0.05099225486363471
2025-09-05,951.7584261964354,951.7584261964354,938.5272505370174,947.7251586914062,11602111,0.0,0.0,HDFCBANK.NS,0.0022367054380347806,0.002234207736148733,0.2915619964820313,962.1613861083985,973.9954211425782,955.9183013916015,901.0938848876954,957.377094060149,962.079011038975,962.1613861083985,999.6270861055627,924.6956861112342,0.07787820325797888,41.90688295324731,-10.04389061027996,-7.542956100199648,-2.5009345100803113,12.855249561940402,11.54565094851604,14.534468144385496,-0.04886960407935099
2025-09-08,953.2340258485783,957.3165278914954,944.823149393627,950.2828369140625,11711307,0.0,0.0,HDFCBANK.NS,0.0026987552237063284,0.0026951201225243774,0.2950476061667777,960.6021728515625,973.37728515625,956.3706774902344,901.7078317260742,956.7014505224265,961.616415975253,960.6021728515625,997.272080364045,923.93226533908,0.07634775050243184,43.67895105462813,-9.314203797100731,-7.897205639579865,-1.416998157520866,12.500404699277558,11.560816985357638,14.47424022699055,-0.04630273595493436
2025-09-09,958.1526998830964,958.5462157684692,947.0365666053971,949.4467163085938,13985539,0.0,0.0,HDFCBANK.NS,-0.0008798649970191974,-0.0008802523054284277,0.293908139108638,959.5299072265625,972.5942529296875,956.7511169433594,902.227452697754,956.0105234544424,961.1391728510703,959.5299072265625,996.1870902213291,922.8727242317959,0.07640654599442546,43.214867035597436,-8.703066156475188,-8.05837774295893,-0.644688413516258,12.640937517479667,11.557334024248036,14.472125725013433,-0.04714186079532055
2025-09-10,958.0543466125587,958.0543466125587,946.0528326679372,950.1845092773438,18091100,0.0,0.0,HDFCBANK.NS,0.0007770767501502629,0.0007767749823335012,0.29491360504036956,957.9608612060547,971.9574694824219,956.999652709961,902.7533102416992,955.4556649613854,960.7095782011203,957.9608612060547,993.3097751734243,922.611947238685,0.07380033026164769,43.78247231299411,-8.066219094016674,-8.05994601317048,-0.006273080846193935,13.041456872500776,11.534352939341723,14.416540148325963,-0.04640141688915307
2025-09-11,944.6755555766032,953.4799478098324,944.2820997482355,952.0535278320312,15113633,0.0,0.0,HDFCBANK.NS,0.0019670059198386713,0.0019650738968132954,0.2974607077671636,957.1173095703125,971.2540502929687,957.1678759765625,903.2778359985351,955.131651901447,960.3701252454697,957.1173095703125,992.1685636534617,922.0660554871633,0.07324338141765516,45.274795727861736,-7.326246620844472,-7.913206134705279,0.5869595138608066,13.196039503552672,11.340822702736611,14.411843469998011,-0.04452568283102431
2025-09-12,954.1194397337725,954.9555859441327,946.5938836721522,951.5617065429688,14363519,0.0,0.0,HDFCBANK.NS,-0.0005165899549602893,-0.0005167234335221745,0.2967904525985754,955.9933990478515,970.7969104003906,957.1632653808593,903.7028421020508,954.7916571054013,960.0246970610579,955.9933990478515,990.1910630080806,921.7957350876225,0.07154372403468309,44.93675323504639,-6.702239724799028,-7.671012852724029,0.9687731279250009,12.426621539015716,11.296069771589996,14.363726787535628,-0.045019271265496305
2025-09-15,953.824233432933,956.5294899386951,949.2991011128589,951.3157348632812,14486377,0.0,0.0,HDFCBANK.NS,-0.00025849262112609406,-0.0002585260361021563,0.2964552418354318,954.5915832519531,970.3240576171875,957.3396398925781,904.1267395019531,954.460616891866,959.6831691317333,954.5915832519531,987.0098471994592,922.1733193044471,0.06792069931534189,44.75676837128021,-6.156588305196465,-7.368127943218517,1.2115396380220522,12.226359690601758,11.281185512599238,14.284511236003885,-0.045266126737191784
2025-09-16,945.560981879392,953.5783427584718,945.560981879392,951.1190185546875,18661794,0.0,0.0,HDFCBANK.NS,-0.00020678340679602947,-0.00020680478943245964,0.2961871564037666,952.8725158691407,969.8256811523438,957.5485046386718,904.484743347168,954.1423694311824,959.3473200894962,952.8725158691407,981.8537628574818,923.8912688807995,0.060829222179646036,44.602904245439035,-5.674615550293765,-7.029425464633567,1.3548099143398016,11.555312078828536,11.276014311567652,13.864085051322764,-0.04546354986008869
2025-09-17,949.4467082101403,958.5462075924,948.6596764461077,950.7747192382812,17361476,0.0,0.0,HDFCBANK.NS,-0.00036199393523794754,-0.0003620594708586641,0.29571794451421507,951.4436492919922,969.3390637207032,957.781103515625,904.8874938964843,953.8216408413822,959.0111396639584,951.4436492919922,977.6090623943596,925.2782361896247,0.055001498242882134,44.315748691045314,-5.259799057587088,-6.675500183224272,1.4157011256371836,10.968586913898159,10.969031370052257,12.513363804073327,-0.04580908626600288
2025-09-18,957.4640913046234,963.7108108355188,953.4799980850369,961.0055541992188,17791598,0.0,0.0,HDFCBANK.NS,0.010760524816156192,0.010703042362250259,0.3096605496108993,950.5976440429688,968.9196826171875,958.0723333740234,905.3343612670899,954.505823065938,959.0893519986745,950.5976440429688,974.1183210987386,927.076966987199,0.04948608320915778,53.82816447595075,-4.058724668325226,-6.152145080244463,2.0934204119192366,10.96507605627204,11.312041963275032,12.275681942343056,-0.03554149125941741
2025-09-19,959.0380500102757,960.8087513537787,946.4462625851606,951.168212890625,31243267,0.0,0.0,HDFCBANK.NS,-0.010236508275741407,-0.010289261642218276,0.29625419855639534,949.1859924316407,968.2073889160156,958.3205139160157,905.7110528564453,954.1879554301938,958.7787190924765,949.1859924316407,968.4275515765337,929.9444332867477,0.040543285084938235,45.737531412813986,-3.856203873226491,-5.692956838840869,1.8367529656143784,11.225065820628929,11.58626890807962,12.354439581668242,-0.045414178765749595
2025-09-22,948.315388056543,955.3982535857159,946.298754270858,948.5121459960938,10854415,0.0,0.0,HDFCBANK.NS,-0.002792426048868313,-0.002796332143836392,0.2926345045663916,948.2957183837891,967.4910388183594,958.4635150146485,906.0220510864258,953.6474021507557,958.3761083828144,948.2957183837891,965.7659216006705,930.8255151669077,0.03684547526304643,43.82233042990144,-3.8654683715221836,-5.327459145377132,1.4619907738549482,11.11615372717014,11.459774567620903,12.201345948716323,-0.048079789078844415
2025-09-23,951.2665762064279,952.447063800625,939.9536851760515,941.6260375976562,21022298,0.0,0.0,HDFCBANK.NS,-0.007259905344918827,-0.007286386703675075,0.2832501004176635,947.0734344482422,966.8577563476563,958.5526989746094,906.2166024780273,952.5025102885559,957.7192428618279,947.0734344482422,962.622047392101,931.5248215043835,0.03283507356093725,39.235238332834705,-4.377995148449372,-5.137566345991581,0.7595711975422086,10.86319639427171,11.245530787045977,12.263960612838694,-0.0549906397060472
2025-09-24,936.7074240016012,940.8882751893465,927.6570988338277,935.5761108398438,15117220,0.0,0.0,HDFCBANK.NS,-0.006424978193304343,-0.006445707202353135,0.2750052465059245,945.9741149902344,966.1103430175781,958.5090734863281,906.3671942138672,950.8904722458215,956.8508847433187,945.9741149902344,961.5091678494755,930.4390621309933,0.0328445622624705,35.699611465196426,-5.212271023890821,-5.152507281571429,-0.059763742319391966,11.070482026022953,10.75430699324216,12.30688430363163,-0.061062304238404315
2025-09-25,937.0024763946197,942.4129893816753,931.9854792780051,934.3955688476562,31413279,0.0,0.0,HDFCBANK.NS,-0.0012618342628776258,-0.001262631046073865,0.27339640120053454,945.5830810546875,965.2166577148438,958.478392944336,906.5359060668945,949.3195290650438,955.9702841199594,945.5830810546875,961.8908956633779,929.275266445997,0.034492610824848974,35.03613978976928,-5.900681159024998,-5.302142057062143,-0.5985391019628548,10.870220200612396,10.206496965453283,12.133410696884614,-0.062247087993623655
2025-09-26,929.7228805294212,935.9695999150294,925.9847198182591,929.6737060546875,14874656,0.0,0.0,HDFCBANK.NS,-0.005053387398649578,-0.005066198940096365,0.26696143587322196,945.2609100341797,964.2206848144531,958.3330358886719,906.6466732788086,947.4484983021528,954.9390457644586,945.2609100341797,962.579387635278,927.9424324330814,0.03664274575888692,32.43928991543193,-6.749462414662958,-5.591606128582306,-1.1578562860806514,10.691041743391102,10.075989136491263,12.118844057520093,-0.06698591674220362
2025-09-29,930.6574059019287,941.232499440892,923.8204729543667,934.8382568359375,32398179,0.0,0.0,HDFCBANK.NS,0.005555229482790303,0.005539856104304532,0.27399969739534313,945.2461547851562,963.420244140625,958.3223120117187,906.7878735351562,946.247522924418,954.1507795319676,945.2461547851562,962.6014271703714,927.8908823999411,0.03672117003038174,37.86401406586532,-6.925558066420194,-5.858396516149884,-1.0671615502703107,11.112640123637757,10.082147237461333,12.139575369083015,-0.061802809399031274
2025-09-30,942.4621986714628,944.3804835370663,930.9033750448373,935.5269165039062,28296687,0.0,0.0,HDFCBANK.NS,0.000736661837417385,0.0007363906352673745,0.2749382043532955,945.5658660888672,962.923056640625,958.5067730712891,906.9446496582032,945.2265127891312,953.4204319622397,945.5658660888672,961.8753827218811,929.2563494558533,0.03449683880928311,38.57229334296651,-6.929665192529683,-6.072650251425844,-0.8570149411038388,11.218039734181152,9.834113816443967,12.081136142384254,-0.06111167533274341
2025-10-01,937.1992488555558,953.8242439027433,930.6082481971154,949.5450439453125,25350832,0.0,0.0,HDFCBANK.NS,0.014984205365028425,0.014873051155952902,0.29404214023504593,946.0970794677735,962.2832971191406,958.5038348388672,907.1808584594727,945.6378014706723,953.2684559615759,946.0970794677735,962.1858756134909,930.0082833220561,0.034010877942395025,50.853113919544725,-5.735657302360551,-6.005251661612785,0.26959435925223474,12.219335994469086,10.856218668810653,12.326504280530413,-0.04704317986110184
2025-10-03,936.5106471136629,951.0206597658967,936.5106471136629,949.4467163085938,26658296,0.0,0.0,HDFCBANK.NS,-0.00010355236683690094,-0.00010355772875340233,0.293908139108638,946.2889099121094,961.576806640625,958.6678283691406,907.3862438964844,946.0005552647601,953.1185838183217,946.2889099121094,962.4446090111046,930.1332108131141,0.034145383993765197,50.776431546965995,-4.742661219232673,-5.752733573136764,1.010072353904091,12.658501021630027,10.85843372426302,12.26477887004599,-0.04714186079532055
2025-10-06,956.0868643620497,961.4973774003239,946.3479168763192,957.6116333007812,18542683,0.0,0.0,HDFCBANK.NS,0.00859965793966011,0.008562891516726328,0.3050353065103144,946.7832336425781,960.8648315429688,958.9717077636719,907.6483480834961,947.1063722205716,953.2947818372418,946.7832336425781,963.710542931742,929.8559243534143,0.03575751806258566,56.62534125724714,-3.259293004080746,-5.254045459325561,1.9947524552448153,13.224149000070636,11.18811838909351,12.341488044953385,-0.03894760673313919
2025-10-07,958.1527020714059,973.7447933808842,955.201513050652,966.514404296875,25535736,0.0,0.0,HDFCBANK.NS,0.009296849251305472,0.009253899541075247,0.31716802302257197,947.5948120117188,960.4300231933594,959.2520245361328,908.0324932861328,948.9547562278386,953.8131984042861,947.5948120117188,966.6511508231617,928.5384732002758,0.040220437195064136,61.93627862772631,-1.3497744312211353,-4.473191253704676,3.1234168224835406,13.976000389438664,10.887964052049167,12.429507923668021,-0.03001284751033087
2025-10-08,960.1201629857547,969.8591107869768,958.6937429483099,962.7762451171875,15939710,0.0,0.0,HDFCBANK.NS,-0.0038676704279507756,-0.0038751692066682623,0.31207365121128516,948.2612884521484,959.965703125,959.4905920410156,908.452666015625,950.2710885030148,954.1646904322431,948.2612884521484,968.486841736918,928.0357351673788,0.04265818615834012,58.68694798960396,-0.13653155877091194,-3.605859314717923,3.469327755947011,14.067345867465415,10.946356949174389,12.363007925315717,-0.03376443813550736
2025-10-09,958.6445364195181,963.0713198098597,954.3653364923583,961.2022094726562,15370950,0.0,0.0,HDFCBANK.NS,-0.0016348924815232646,-0.0016362303766449605,0.30992855186371515,948.8121734619141,959.4315368652344,959.6940069580078,908.9067050170898,951.3121476429807,954.4406715710828,948.8121734619141,969.8424571379215,927.7818897859066,0.04432970879636722,57.32324123335314,0.6900066694684028,-2.7466861178806576,3.4366927873490605,13.765195276055683,10.643199667291881,12.313222072334874,-0.035344129390979986
2025-10-10,963.0713193511867,970.1541847807785,962.1859386567031,964.9404296875,13757080,0.0,0.0,HDFCBANK.NS,0.003889109053228923,0.00388156601941051,0.3150230068538513,949.4565185546875,958.8432666015625,960.0503063964844,909.4328182983398,952.6100792662681,954.8524267913346,949.4565185546875,971.661812415421,927.251224693954,0.04677474624016601,59.71729081562016,1.6279216327264976,-1.8717645677592267,3.4996862004857245,13.364672682774549,9.519000432696615,12.307058648419863,-0.031592477511344016
2025-10-13,958.4477997344204,965.0388004923793,956.1852335153851,961.1038818359375,18634254,0.0,0.0,HDFCBANK.NS,-0.0039759426940012554,-0.003983867767554601,0.3097945507373072,949.933627319336,958.1369482421875,960.3104888916016,909.8681661987305,953.4190128443319,955.0975818911229,949.933627319336,972.7315183012971,927.1357363373749,0.0479989134531338,56.2308916886139,2.0381540786561345,-1.0897808384761545,3.127934917132289,13.347106087212856,9.379415035101013,12.248851668665974,-0.0354428103251987
2025-10-14,954.2177737318785,964.4977607253469,951.2665847409552,961.25146484375,22934382,0.0,0.0,HDFCBANK.NS,0.00015355572961639474,0.00015354394114212212,0.3099956771951933,950.4304138183594,957.5083459472656,960.6056335449218,910.3112893676757,954.1649606538002,955.3389106343633,950.4304138183594,973.7814218943081,927.0794057424107,0.04913775429836235,56.33649463295277,2.3481074420031973,-0.40220318238028413,2.7503106243834816,13.399805898628447,9.364181822742271,12.229426020124427,-0.03529469704218141
2025-10-15,959.1364356766506,968.8753835018975,957.5132576917447,962.3335571289062,23310447,0.0,0.0,HDFCBANK.NS,0.0011257119752032807,0.0011250788365876566,0.31147035501647635,950.9911407470703,956.9604089355469,960.8451123046875,910.7776577758789,954.9429222228579,955.6132104968945,950.9911407470703,974.9426393121695,927.0396421819711,0.050371654453654775,57.15278293817777,2.650510089116551,0.20833947191908292,2.442170617197468,13.2136049733659,9.101038470134991,11.97442996265865,-0.034208716730099745
2025-10-16,966.6619807603523,980.384961573746,965.5306676270898,978.1715698242188,22936566,0.0,0.0,HDFCBANK.NS,0.016457924155284243,0.01632396036707134,0.3330544346512412,952.3609832763672,956.9279455566407,961.210941772461,911.3050173950195,957.1551743753685,956.4978520391425,952.3609832763672,979.2179234247606,925.5040431279738,0.05640075689786996,66.90508796546803,4.12066120896975,0.9908038193292164,3.1298573896405335,13.758168854878006,9.767236829454186,12.28510539209618,-0.01831379704020902
2025-10-17,977.7781081157631,992.5832274986775,969.9574453059425,986.2381591796875,25210511,0.0,0.0,HDFCBANK.NS,0.008246599680788558,0.00821278226953513,0.3440476009265099,953.6226135253906,957.1984716796875,961.7248937988281,911.9220895385743,959.9249824519703,957.6641385936737,953.6226135253906,984.2897657971366,922.9554612536447,0.06431716663759557,70.57815237723005,5.869018516880942,1.9664467588395618,3.9025717580413803,14.661090433161194,9.829756249927069,12.297970668900891,-0.01021822391224637
2025-10-20,980.7784494751901,1003.4042311581684,980.7784494751901,986.6316528320312,22195202,0.0,0.0,HDFCBANK.NS,0.00039898441231578374,0.00039890483920006654,0.34458385496868993,955.395785522461,957.4011193847656,962.2563690185547,912.553383178711,962.4684748691191,958.8001195441975,955.395785522461,989.3863179505086,921.4052530944134,0.07115487202920777,70.74869971900839,7.2033205336151696,3.0138215137946833,4.189499019820486,15.033501518622122,9.83094565928056,12.223564698431021,-0.009823316411993084
2025-10-21,989.6320299074079,993.5669485153896,987.664570603417,991.3043823242188,3471600,0.0,0.0,HDFCBANK.NS,0.0047360425532414485,0.004724862788373615,0.3509518613222231,957.5353973388671,957.5978649902344,962.8151593017578,913.1840179443359,965.2147517696047,960.074796515963,957.5353973388671,994.9193974533812,920.1513972243531,0.0780837976714171,72.76744270775386,8.539378078483196,4.118932826732386,4.42044525175081,14.566229175131364,9.872689221991633,12.224277034206125,-0.005133797503292734
2025-10-23,999.4693402098319,1003.8961237048558,989.6320435542233,992.386474609375,43526526,0.0,0.0,HDFCBANK.NS,0.0010915842847574186,0.0010909889398387712,0.3524265391435062,960.0734191894531,958.02775390625,963.3003277587891,913.7933715820312,967.8025348972019,961.3419211470772,960.0734191894531,999.7327188035363,920.41411957537,0.0826172224361043,73.22822039463783,9.575152712412432,5.2101768038683955,4.364975908544037,13.926806635488829,9.849143083446153,11.997385977914295,-0.004047817191211063
2025-10-24,994.5506701933195,995.4852253636408,975.1711841959709,978.5650634765625,17707768,0.0,0.0,HDFCBANK.NS,-0.01392744811264468,-0.014025345050669522,0.33359068869342146,962.222866821289,957.9677465820313,963.7094006347656,914.4417196655273,968.8275376190458,962.0173384933315,962.222866821289,1000.9404828515128,923.5052507910652,0.08047536047054824,59.40268758772572,9.174975794355873,6.003136601965892,3.1718391923899816,14.341380100877123,10.816683218631885,12.157149246962454,-0.017918889539955733
2025-10-27,980.286584655995,992.6323796093756,979.9914777728962,986.6316528320312,15700796,0.0,0.0,HDFCBANK.NS,0.008243283616533814,0.008209493322457129,0.34458385496868993,964.8346710205078,958.3218884277344,964.2355377197266,915.2243072509766,970.5231676393302,962.9826057223001,964.8346710205078,1002.6861964880836,926.983145552932,0.07846220001099291,63.709168819366155,9.400377350794884,6.6825847517316905,2.717792599063193,14.264084072934866,11.01635408658159,12.21138144409013,-0.009823316411993084
2025-10-28,981.4178939740924,991.5994716753507,978.8109864255694,987.2218627929688,33904289,0.0,0.0,HDFCBANK.NS,0.0005982069997889639,0.0005980281453061134,0.34538819444253543,967.7120788574218,958.58552734375,964.687015991211,916.0028088378906,972.1135195587243,963.9331648231107,967.7120788574218,1002.9699522953625,932.4542054194811,0.0728685199001953,64.00999006883977,9.516929480492536,7.24945369748386,2.267475783008676,13.853027281474096,11.005877056876608,12.208308005998367,-0.009230985788842893
2025-10-29,988.5499498614066,996.0262711888014,983.729650556841,991.451904296875,17769445,0.0,0.0,HDFCBANK.NS,0.004284793179051949,0.004275639590931182,0.3511529046012598,970.5427612304687,958.8275244140625,965.1400299072266,916.8488073730468,973.9552704861673,965.0123310769839,970.5427612304687,1003.7167671312268,937.3687553297107,0.06836176050336938,66.17412067937511,9.837229423097256,7.76700884260654,2.070220580490716,13.933831052423638,11.030498586535954,12.223933643746312,-0.004985745474734925
2025-10-30,983.7296659041476,993.0750977302371,980.8768258561881,981.9097900390625,19962917,0.0,0.0,HDFCBANK.NS,-0.00962438441689173,-0.009670998131246323,0.33814888964137735,972.8619049072265,958.755712890625,965.3563983154297,917.7113980102539,974.7128437769193,965.6749765264772,972.8619049072265,1001.9641785922972,943.7596312221558,0.05982816993506586,57.73960792469782,9.214877193197253,8.056582512724683,1.1582946804725704,14.183280235034179,11.47844157093517,12.09155469593086,-0.014562145160573053
2025-10-31,977.8272677237645,988.1072545286754,965.1863657946757,971.2362670898438,23221330,0.0,0.0,HDFCBANK.NS,-0.010870166544315829,-0.010929678467287767,0.3236029883498843,973.9464660644531,958.5933972167969,965.4650604248047,918.547434387207,974.381741235293,965.8930663524915,973.9464660644531,1000.92956923707,946.9633628918363,0.055409828184193495,50.0543030903001,7.770817322617859,7.9994294747033186,-0.22861215208545982,15.181059765454004,11.986564402909924,12.151218178078665,-0.0252740187617509
2025-11-03,968.9737116887809,978.3683179002891,967.3013592642496,976.499267578125,16607180,0.0,0.0,HDFCBANK.NS,0.005418867341157929,0.005404238104990927,0.3307754173561126,975.2990936279297,958.5648693847656,965.6923541259765,919.472632446289,974.5834104108008,966.3089958123202,975.2990936279297,999.6997163588675,950.8984708969919,0.05003720989870312,53.35143173334177,6.970715556156392,7.793686690993933,-0.822971134837541,15.339159169671518,11.694859646495278,12.138214286734305,-0.019992107975440883
2025-11-04,970.9411924643373,980.7784892471573,967.6948965344255,969.2196655273438,20024544,0.0,0.0,HDFCBANK.NS,-0.007454795197989084,-0.007482721057986358,0.32085475916520423,975.8794952392578,958.3612377929687,965.9191619873047,920.3232150268555,974.0725775647572,966.4231397227132,975.8794952392578,999.0288056687764,952.7301848097393,0.04744296922407003,48.574940310932234,5.683707848397489,7.371690922474645,-1.687983074077156,15.32861750741009,11.49784726319269,12.098834129890987,-0.027297866102896955
2025-11-06,965.0388182096445,974.9252895070431,958.1527104344483,968.6294555664062,22279516,0.0,0.0,HDFCBANK.NS,-0.0006089537613914731,-0.0006091392490393192,0.3200504196913587,975.9852478027344,958.4074743652344,966.1740393066407,921.1794607543945,973.5541849934857,966.5096619126621,975.9852478027344,998.9731837613409,952.9973118441279,0.04710713816701625,48.198169674043996,4.563514600723693,6.810055658124455,-2.246541057400762,15.715078454727372,11.458351838982212,11.571514793870316,-0.02789019672604715
2025-11-07,964.0550607577244,968.8753600783504,958.8904800750938,966.317626953125,15004568,0.0,0.0,HDFCBANK.NS,-0.0023867007140820906,-0.002389553424178803,0.3168998544120569,976.1623168945313,958.412392578125,966.5310070800781,922.0023083496094,972.8649889896418,966.5021311299352,976.1623168945313,998.7733191999081,953.5513145891545,0.04632631666690285,46.67114173802311,3.4494450774042207,6.137933541980408,-2.6884884645761877,15.13889813747143,11.248379290995986,11.504351022922226,-0.030210331887687254
2025-11-10,966.3176552483678,974.8269410200376,964.2518469316628,968.4818725585938,15988262,0.0,0.0,HDFCBANK.NS,0.0022396834592501857,0.002237179106858712,0.31984929323347266,976.5263000488281,958.6307800292968,966.8232336425781,922.8731030273437,972.447549329542,966.5797680487061,976.5263000488281,998.3437604941568,954.7088396034995,0.044683815365213805,48.32180824105977,2.709935042448933,5.452333842074114,-2.742398799625181,14.2781347014457,11.037255841463518,11.459902521924217,-0.028038310009064434
2025-11-11,967.4981021987119,977.3353986115102,962.0875891716729,975.564697265625,10200530,0.0,0.0,HDFCBANK.NS,0.007313327082023147,0.007286714378353791,0.3295017828138662,977.0575134277344,959.2977490234375,967.2144360351563,923.7441275024414,972.7444205615499,966.9321182140754,977.0575134277344,998.1939426493968,955.921084206072,0.04326547604656584,53.404836509070705,2.664676045338865,4.894802282727064,-2.230126237388199,13.751136684078485,11.151876468413699,11.491866971526111,-0.020930036258964745
2025-11-12,982.549186657653,982.7459446009269,971.629811290036,973.4005126953125,13137263,0.0,0.0,HDFCBANK.NS,-0.0022183916416598226,-0.0022208559175582927,0.32655242717130006,977.6723449707031,960.0434167480469,967.5631280517578,924.6258056640625,972.8069055266701,967.1857807427515,977.6723449707031,997.5315916729944,957.8130982684117,0.04062556705106849,51.7305312534517,2.4262085343549415,4.40108353305264,-1.9748749986976986,14.049767943187955,11.037630428247018,11.290100327876218,-0.023101996883128084
2025-11-13,967.990016129637,973.9907432290495,966.6127705451346,970.596923828125,14124839,0.0,0.0,HDFCBANK.NS,-0.0028802007299384424,-0.0028843564895936614,0.32273168990225964,978.1396179199219,960.7526879882812,967.8769903564453,925.436078491211,972.5964310791895,967.3195510598249,978.1396179199219,996.7740533782278,959.505182461616,0.0381017906174443,49.562756200835906,1.9880777994852679,3.918482386339166,-1.9304045868538982,13.557903124136699,11.042840690238746,11.300064516286119,-0.025915659224780712
2025-11-14,960.169315545859,975.5155341538173,960.169315545859,973.4988403320312,21386965,0.0,0.0,HDFCBANK.NS,0.0029898266032626353,0.0029853659605243695,0.326686428297708,978.6978820800781,961.6400109863281,968.077191772461,926.2636514282226,972.6823748175555,967.5618761293233,978.6978820800781,995.9567315841937,961.4390325759625,0.03526900347926458,51.81360826147123,1.8536487363007836,3.5055156563314895,-1.651866920030706,13.203058655585867,11.052593215541167,11.309791330717514,-0.02300331594890937
2025-11-17,975.121999344663,981.7129998984626,969.5639028977658,980.3357543945312,18396408,0.0,0.0,HDFCBANK.NS,0.007023032569990706,0.0069984859376059005,0.33600379029380734,978.8060913085938,962.468310546875,968.4248675537109,927.1620492553711,973.4112681106009,968.0628125318806,978.8060913085938,996.0781795062561,961.5340031109314,0.035292155108211085,56.71473140145857,2.2725974725660762,3.258932019578407,-0.9863345470123308,13.066043003291847,10.422102093600106,11.369425071124157,-0.01614183641604568
2025-11-18,981.4178963551165,982.7459073482096,973.8923406153428,976.302490234375,20002640,0.0,0.0,HDFCBANK.NS,-0.00411416613346649,-0.00412265259943847,0.3305072487455978,978.3093078613281,963.082158203125,968.671547241211,928.0888116455078,973.6866225985793,968.3859371476647,978.3093078613281,995.2497012295993,961.3689144930569,0.03463197831635564,53.27238495248332,2.253193244926024,3.0577842646479305,-0.8045910197219066,12.7849773949408,10.526152513823222,11.329273187251623,-0.020189592352797263
2025-11-19,973.8923481205824,980.3357652840727,967.9899702531849,978.41748046875,19813847,0.0,0.0,HDFCBANK.NS,0.002166326784506456,0.002163983681978141,0.3333895622355354,977.8985992431641,963.6960046386719,968.845712890625,928.9276318359375,974.1371804909766,968.7793310033935,977.8985992431641,994.3815540728745,961.4156444134537,0.03371096930186259,54.82095938391883,2.381030256270037,2.9224334629723523,-0.5414032067023151,12.788489852007046,10.282277482791855,11.30477903061935,-0.01806700282297302
2025-11-20,979.106143718625,995.1409255797437,976.3025381325072,992.4356689453125,19850865,0.0,0.0,HDFCBANK.NS,0.014327410084544301,0.014225742681081564,0.35249358129613495,977.9551635742188,964.5390612792969,968.9581732177735,929.8198001098633,975.8798936771038,969.7070305305276,977.9551635742188,994.6383693411897,961.2719578072479,0.03411854937397604,63.46369623477498,3.5723132603675367,3.0524094224513894,0.5199038379161474,13.262783821520445,10.739397438447936,11.550435448835472,-0.003998446096871967
2025-11-21,986.7792242744008,991.8946306513916,980.3358068377918,981.8114013671875,17499897,0.0,0.0,HDFCBANK.NS,-0.010705245599864077,-0.01076295900186453,0.33801480533612005,977.4264099121094,965.1863549804688,968.8903039550781,930.624390258789,976.4447991713976,970.1817117398084,977.4264099121094,992.8029515646826,962.0498682595362,0.03146332347200622,54.892881574858734,3.6174246019570546,3.165412458352523,0.4520121436045317,12.489853348200516,11.177341533393703,11.536574621069061,-0.014660887349251243
2025-11-24,983.7296398293618,994.9933562138265,977.4337461176169,982.8934936523438,32204053,0.0,0.0,HDFCBANK.NS,0.0011021386425635882,0.001101531733660776,0.3394894831574031,977.6428314208985,965.8405346679688,968.8990020751953,931.4167987060547,977.0589605505353,970.6802129912804,977.6428314208985,993.2075443112922,962.0781185305048,0.031841307254863366,55.55130569662022,3.6978647857566784,3.2719029238333546,0.42596186192332386,12.953614166784096,11.156282228303473,11.53744456429709,-0.013574907037169574
2025-11-25,987.6645910314578,989.7303993265384,972.3184321597589,973.6956176757812,24989383,0.0,0.0,HDFCBANK.NS,-0.009357957943524453,-0.00940201872670022,0.3269545969082228,976.9960296630859,966.2733764648438,968.7637133789062,932.1821447753906,976.7386421815111,970.7984641553785,976.9960296630859,992.0548679538635,961.9371913723082,0.030826815736335493,49.003501361629475,2.9850131164065488,3.2145249623479937,-0.22951184594144491,13.262783770644651,11.489899309782741,11.597987202546644,-0.022805831571552988
2025-11-26,965.3338969506472,990.566586579224,965.3338969506472,987.5662231445312,19494356,0.0,0.0,HDFCBANK.NS,0.014245319807291823,0.01414480865679182,0.34585748951093653,977.0132476806641,966.993466796875,968.8951885986328,933.0482669067383,977.7698403684655,971.4560233314237,977.0132476806641,992.1220203049197,961.9044750564085,0.030928490806286173,57.19698097012025,3.498980898708737,3.2714161496201424,0.2275647490885948,13.867077381786228,12.094731906282917,11.841523279787673,-0.008885388128469222
2025-11-27,985.7954498771661,1000.2562876177888,984.7133712881919,993.0750732421875,25536848,0.0,0.0,HDFCBANK.NS,0.005578208294847675,0.005562707707909477,0.3533649629226092,977.0944061279297,967.8286535644531,969.0763555908203,933.8378353881836,979.2274815945343,972.3038292102772,977.0944061279297,992.5433509062095,961.6454613496498,0.03162221517468626,59.94923818473243,4.3012402128757685,3.477380962271268,0.8238592506045004,14.264079976524824,12.166297731506585,11.847884029650837,-0.00335674437938268
2025-11-28,990.615779865885,995.583602701878,987.8613487922537,991.2059936523438,15988807,0.0,0.0,HDFCBANK.NS,-0.0018821130851079948,-0.0018838864854499055,0.3508177770169658,977.5592163085937,968.6303930664062,969.228037109375,934.5770501708985,980.3682922667066,973.0450905609465,977.5592163085937,994.1363725010474,960.98206011614,0.033915400552513734,58.57309286611875,4.731673608969231,3.7282394916108608,1.0034341173583705,14.060305678042653,12.197251977303308,11.576132096631508,-0.005232539691970925
2025-12-01,1000.9449320171519,1000.9449320171519,983.0410401436599,985.7954711914062,16746566,0.0,0.0,HDFCBANK.NS,-0.005458524762346428,-0.005473476944698148,0.34344430473170084,978.2871765136719,969.3308081054688,969.3349359130859,935.2745321655274,980.8851664500113,973.5451054876312,978.2871765136719,994.9735573249867,961.600795702357,0.034113461183821726,54.661461159473454,4.583376915475242,3.899266976383737,0.6841099390915049,14.250025851875137,11.414786393500917,11.021437783789963,-0.010662502506838754
2025-12-02,971.9249162739843,978.2208101938114,968.9737272569581,973.6956176757812,27316662,0.0,0.0,HDFCBANK.NS,-0.012274202782653676,-0.012350152934553141,0.3269545969082228,978.1469940185547,969.584609375,969.2521459960938,935.9384490966797,980.2004475191322,973.5510079263821,978.1469940185547,994.9433624751572,961.3506255619521,0.03434323994105922,47.08798144957646,3.449727351913225,3.809359051489635,-0.35963169957640995,14.657569467843505,11.716303891697162,11.198966506968654,-0.022805831571552988
2025-12-03,969.957416921422,985.9921979107919,969.957416921422,984.2214965820312,15448777,0.0,0.0,HDFCBANK.NS,0.01081023547315052,0.010752222591783489,0.3412992885629802,978.897085571289,970.2456750488282,969.2265319824219,936.6962466430664,980.5834045727416,973.9694584618978,978.897085571289,995.3512330821678,962.4429380604103,0.033617727038743946,53.166946472154905,3.361898491479451,3.7198669394875985,-0.35796844800814753,15.275912918233148,12.15824599020758,11.254224859375721,-0.012242132507851902
2025-12-04,983.7296507402166,988.3531921071142,976.8435431850351,980.9752197265625,14528169,0.0,0.0,HDFCBANK.NS,-0.0032983193993855187,-0.003303770845189241,0.33687525509913097,979.5143737792969,970.8949365234375,969.1929876708984,937.4726330566406,980.620720301677,974.244194197767,979.5143737792969,995.2576004263454,963.7711471322483,0.03214496299080512,51.21276275941637,2.99581221644155,3.5750559948783893,-0.5792437784368394,15.00187222638464,12.106113168424057,11.236864513647529,-0.015500073444096913
2025-12-05,975.8598190407668,991.5994935414243,974.0891176678615,986.9759521484375,12843366,0.0,0.0,HDFCBANK.NS,0.006117109077992566,0.0060984755166644256,0.34505306685824144,980.5472900390625,971.8019348144531,969.3298455810547,938.2659201049805,981.2259804775589,974.7434788232835,980.5472900390625,995.3261250829436,965.7684549951815,0.030144053619876467,54.539091520133475,3.1535430805763554,3.4907534120179826,-0.33721033144162726,15.384820717303642,12.243904822383753,11.277557010624278,-0.009477780006078892
2025-12-08,983.7296369469886,990.1238795871441,981.2703128546212,986.7791748046875,12901022,0.0,0.0,HDFCBANK.NS,-0.00019937400026992513,-0.000199393877908017,0.3447848982477266,981.4621551513671,972.82599609375,969.4681695556641,939.0803048706055,981.7548561277616,975.2154669009856,981.4621551513671,995.3336621862362,967.5906481164981,0.028267023770732595,54.40808951664986,3.225486242085708,3.437699978031528,-0.21221373594582005,15.384820717279078,11.527413057862216,11.272984276290225,-0.009675264383435274
2025-12-09,978.7126738119038,986.4841021884776,977.82729309106,980.8768310546875,15294322,0.0,0.0,HDFCBANK.NS,-0.005981423099213901,-0.005999383465204779,0.33674117079387367,981.7277618408203,973.7556213378906,969.4861395263672,939.8720935058594,981.6712346922308,975.4374811815229,981.7277618408203,995.3245146788051,968.1310090028355,0.027699640096740828,50.490542948898906,2.7742520524751626,3.3050103929202552,-0.5307583404450926,15.142398337474763,11.412765153286758,11.262688356438606,-0.015598815632775105
2025-12-10,981.2703481612342,982.2540778335763,969.2688341502419,973.6956176757812,15322830,0.0,0.0,HDFCBANK.NS,-0.007321218272822949,-0.007348149920145884,0.3269545969082228,981.7425170898438,974.6360595703125,969.4283721923828,940.5733792114257,980.9116521192356,975.3691728087487,981.7425170898438,995.3018092927737,968.1832248869139,0.027622909198479834,46.13777647765047,1.8162452577112163,3.0072573658784476,-1.1910121081672314,14.72431664005318,11.595780536966078,11.320263302083022,-0.022805831571552988
2025-12-11,973.892376646044,986.3857555063869,972.4167821359742,984.0247802734375,11844809,0.0,0.0,HDFCBANK.NS,0.010608204874447358,0.010552332657722024,0.34103120313131496,982.4139099121094,975.6197900390625,969.5200170898438,941.3124795532226,981.2081405148739,975.7086083955992,982.4139099121094,994.9399042196018,969.887915604617,0.025500441679644013,52.483120911332996,1.8689509646725355,2.7795960856372655,-0.9106451209647299,14.857824587402604,11.958540724732536,11.448113074812511,-0.012439555630748807
2025-12-12,986.6808557305643,988.3532081724247,981.9589653386773,985.2052612304688,11988618,0.0,0.0,HDFCBANK.NS,0.001199645558421114,0.0011989265586606578,0.34263996525785556,982.9992309570313,976.6133569335938,969.7682067871094,942.0474124145508,981.5888186782639,976.0810261538294,982.9992309570313,994.8468484893382,971.1516134247244,0.024105039270015043,53.16223947202805,1.9831154443093055,2.6202999573716736,-0.6371845130623681,14.060298354369593,11.62596973317512,11.439459359022296,-0.011254833129988946
2025-12-15,975.8597989154725,985.5003373398883,975.8597989154725,979.89306640625,9790060,0.0,0.0,HDFCBANK.NS,-0.005391967575958834,-0.0054065566994817155,0.33540049409899875,982.9770965576172,977.2203173828125,969.7518072509765,942.8530874633789,981.4273184618817,976.2305179284342,982.9770965576172,994.8472985054932,971.1068946097412,0.024151533111901435,49.71861039895747,1.62619611395246,2.4214791886878313,-0.7952830747353712,13.505196301343615,11.27846983214139,11.350366708668286,-0.016586115010638062
2025-12-16,973.9906989646398,982.4508099496376,973.9906989646398,978.1223754882812,20049088,0.0,0.0,HDFCBANK.NS,-0.001807024642456856,-0.0018086592810043257,0.33298739249861287,983.0680908203125,977.7938305664062,969.6853186035156,943.6368060302734,981.1125619882055,976.3047084209772,983.0680908203125,994.7492533059007,971.3869283347243,0.02376470682888493,48.588807238746554,1.1867746153568532,2.1745382740216357,-0.9877636586647824,12.307154969659393,11.188692927411273,11.288324667016774,-0.018363168134548115
2025-12-17,979.7947462128429,979.7947462128429,964.8420432983647,967.989990234375,19080922,0.0,0.0,HDFCBANK.NS,-0.010359015914392256,-0.010413043961905259,0.31917895488603554,982.5467163085938,978.0013977050781,969.4331146240235,944.4072314453125,979.8627932497454,975.9786410411106,982.5467163085938,995.9113964597514,969.1820361574362,0.02720416226389396,42.62044226381253,0.020692570671485555,1.7437691333516057,-1.72307656268012,12.264996868579487,11.388506165647303,11.403571328449226,-0.028531959697995914
2025-12-18,957.464054962666,971.334679033018,957.464054962666,963.7599487304688,14912404,0.0,0.0,HDFCBANK.NS,-0.0043699227745961355,-0.00437949879495336,0.31341424472731116,981.1129302978516,977.94630859375,969.1881658935547,945.1437673950195,978.3291890098143,975.4994766367718,981.1129302978516,996.0686974595022,966.1571631362009,0.030487351047570676,40.38990450677538,-1.2305794939455836,1.148899407892168,-2.379478901837752,12.704166165774325,11.457436451225623,11.392223696057615,-0.03277720001210388
2025-12-19,970.9411706561548,971.9249003123414,962.7762265182249,969.465576171875,25952384,0.0,0.0,HDFCBANK.NS,0.005920174882679152,0.005902719506065423,0.3211898867494989,980.495639038086,978.0800952148437,969.0228991699219,945.8643048095703,977.4850354062011,975.2628530891287,980.495639038086,996.3237162922812,964.6675617838907,0.0322858697662814,44.601377843657694,-1.7417473897702394,0.5707700483596865,-2.312517438129926,12.078793445818926,11.568482810360088,11.294574816190048,-0.027051071885660957
2025-12-22,971.9249286743926,976.745228147207,967.8916609831689,971.6298217773438,13540411,0.0,0.0,HDFCBANK.NS,0.002232410988758149,0.0022299228616735464,0.3241393255709146,979.9324554443359,978.2886474609375,968.8600921630859,946.5187423706054,976.9273960129765,975.1203812729804,979.9324554443359,996.1968345670626,963.6680763216092,0.033194898347053685,46.15535480196586,-1.9497397112505723,0.06666809643763472,-2.016407807688207,11.509637962218205,11.568367977303364,11.147499198936373,-0.024879050007038137
2025-12-23,974.3842218605324,982.647574967353,971.6297908389565,980.3849487304688,17927849,0.0,0.0,HDFCBANK.NS,0.009010763931792232,0.008970409235077708,0.33607083244643676,980.2669219970703,978.5975378417969,968.7204022216797,947.2918136596679,977.2566867479758,975.3268348987642,980.2669219970703,996.2642038813339,964.2696401128068,0.03263862428750065,52.01885333972588,-1.3920627165913402,-0.22507806616816026,-1.16698465042318,11.151281043577244,11.669924760788266,11.0376125769221,-0.016092465321706585
2025-12-24,976.8435431850351,983.1394369666097,976.8435431850351,980.9752197265625,13699996,0.0,0.0,HDFCBANK.NS,0.0006020808426916435,0.0006018996647399437,0.33687525509913185,979.9373718261719,978.9949645996094,968.5659564208985,948.047332458496,977.6108327459365,975.5483401861288,979.9373718261719,995.5688966777508,964.305846974593,0.03190310993538007,52.39524355820334,-0.8921851887046159,-0.3584994906754514,-0.5336856980291645,10.778869962112635,11.647945542980533,11.003818376689944,-0.015500073444096913
2025-12-26,979.7947606844748,980.9752483081762,971.6298163538564,975.9581909179688,9360853,0.0,0.0,HDFCBANK.NS,-0.005114327770677218,-0.005127450707404863,0.33003803685604716,979.0815277099609,979.2890991210937,968.3987225341797,948.8262963867187,977.45343828613,975.5644127638482,979.0815277099609,993.5126490714306,964.6504063484913,0.029478896196159603,48.885106262995926,-0.8905947206617384,-0.4649185366727088,-0.42567618398902957,10.195659682166706,11.718474619382494,11.000396421771194,-0.020535128758711454
2025-12-29,976.9418827381613,981.1719682293385,971.1379138798658,975.564697265625,13545749,0.0,0.0,HDFCBANK.NS,-0.00040318699715369277,-0.00040326829888496466,0.3295017828138669,978.299462890625,979.5537219238281,968.2570654296875,949.6003811645508,977.273558188939,975.5644239207805,978.299462890625,991.6162897385467,964.9826360427033,0.027224438636762313,48.610042071455034,-0.9105892069043193,-0.554052670719031,-0.35653653618528836,10.279980226234557,11.689758273961363,10.94886826099763,-0.020930036258964745
2025-12-30,974.0891482066822,978.8110386964976,966.219310709625,974.7777709960938,33155849,0.0,0.0,HDFCBANK.NS,-0.0008066366810288716,-0.0008069621874518475,0.3284293579083559,977.7485778808593,979.4858459472656,968.2068957519531,950.3752627563476,977.0358641705727,975.5335747864791,977.7485778808593,990.6652957680183,964.8318599937004,0.026421348349397175,48.02802831872372,-0.9786520628472317,-0.6389725491446712,-0.33967951370256055,10.539969245752063,11.505441776191205,10.900100279492953,-0.02171979000501184
2025-12-31,974.8761180311038,981.3687099365719,971.531413084593,975.0728759765625,10963454,0.0,0.0,HDFCBANK.NS,0.00030274077769254504,0.000302694960950137,0.3288315276452787,977.8174407958984,979.2625402832032,968.2305059814453,951.155866394043,976.8489129140003,975.5155081664824,977.8174407958984,990.6576380142027,964.9772435775941,0.02626297442159135,48.278125435960824,-0.997283794128748,-0.7106347981414866,-0.28664899598726146,10.315115900655242,11.444728557373278,10.897550401959803,-0.021423624693436744
2026-01-01,977.3354223369146,981.3195154723957,973.4005036762727,975.023681640625,7132074,0.0,0.0,HDFCBANK.NS,-5.045195815567283e-05,-5.0453230898522124e-05,0.3287644854926499,977.3575500488281,979.030380859375,968.2157501220703,951.9410772705078,976.675081364155,975.4962208517429,977.3575500488281,989.8870842241859,964.8280158734703,0.025639611981780438,48.23645403380283,-1.0044405813997628,-0.7693959547931419,-0.23504462660662084,9.882975788205979,11.426000005392426,10.894523241079474,-0.02147299578777584
2026-01-02,975.0236621058955,986.8775923251652,972.7118614138294,985.3035888671875,11751459,0.0,0.0,HDFCBANK.NS,0.010543238508079034,0.010488046167361882,0.34277396638426394,977.5739685058594,978.9103649902344,968.2541149902344,952.7154467773438,977.4968439834913,975.8808235190153,977.5739685058594,990.509550494917,964.6383865168018,0.026464661306046352,56.6557858283927,-0.17855155527490751,-0.651227074889495,0.47267551961458754,10.438082079462292,11.057758354257489,10.800058344729283,-0.011156152195770232
2026-01-05,989.3861276768052,990.0255759869466,960.4152765333309,961.5957641601562,27647379,0.0,0.0,HDFCBANK.NS,-0.02406144154441614,-0.02435564695269591,0.31046488908474523,976.3049591064453,978.29455078125,968.16115234375,953.3823181152344,975.982455428888,975.3206251127856,976.3049591064453,990.293767469305,962.3161507435856,0.028656636909153516,40.354208332854306,-1.420675211660864,-0.8051167022437689,-0.6155585094170952,11.864493581547995,12.712363459817475,11.540202216797235,-0.03494916063626722
2026-01-06,947.0365425575541,950.9714611429873,940.445541918535,946.544677734375,31988783,0.0,0.0,HDFCBANK.NS,-0.015652197094406572,-0.015775986144139123,0.28995323435549114,974.2932342529297,977.6541430664063,967.8109448242187,953.9647134399414,973.17885755322,974.1921565881421,974.2932342529297,992.7866841450694,955.7997843607899,0.03796280060657554,33.72070646964701,-3.578315452633319,-1.359756452321679,-2.2185590003116404,12.770930099878244,13.418135854530986,11.742733995574989,-0.05005432658011085
2026-01-07,940.4455758755977,940.8882662408619,930.6082790568153,933.608642578125,52884712,0.0,0.0,HDFCBANK.NS,-0.013666586966833316,-0.013760834445883531,0.2723239762950238,971.9298248291016,976.5936828613281,967.4577856445312,954.4824285888672,969.4102656508301,972.6006462348082,971.9298248291016,997.578112729863,946.2815369283401,0.05277806534082095,29.26763491487435,-6.259930235630122,-2.3397912089833675,-3.920139026646755,12.841194082955496,13.700331217375867,11.65845768471845,-0.06303684173967075
2026-01-08,929.3294156929511,937.4943598087852,926.083119844739,931.296875,21928849,0.0,0.0,HDFCBANK.NS,-0.002476163429401379,-0.002479234192253767,0.2691734941945716,969.8098876953125,975.4751831054688,967.0303552246094,954.9068109130859,965.7804189221796,970.9808905001099,969.8098876953125,1001.2080123847168,938.4117630059081,0.06475109212181747,28.542233125205925,-8.473986750071958,-3.566630317201086,-4.9073564328708725,12.665523789647937,12.877246741413693,11.615456008560122,-0.06535691564685138
2026-01-09,929.6245460388378,935.1334082207486,918.1148967937476,923.72216796875,38183839,0.0,0.0,HDFCBANK.NS,-0.008133504186030871,-0.008166761586769525,0.2588506662667407,966.7947570800782,974.1205883789063,966.4740563964843,955.233505859375,961.7748712123291,969.1276072635861,966.7947570800782,1003.5670152092194,930.0224989509369,0.07607045416795839,26.246755935453592,-10.7163268963576,-4.996569633032388,-5.719757263325212,13.227655049139694,12.796259583760373,11.693267846077308,-0.07295883908588255
2026-01-12,922.246544668881,926.6733280832916,914.4750564356341,921.7055053710938,21071666,0.0,0.0,HDFCBANK.NS,-0.0021831917297068237,-0.0021855783670618194,0.25610235390321123,963.6197692871094,972.9165026855469,965.8361077880859,955.5462353515625,957.9587411322115,967.2679169932923,963.6197692871094,1004.441404687177,922.7981338870418,0.08472560796519914,25.655177754806786,-12.511896085467242,-6.499634923519359,-6.012261161947883,13.466562512255368,12.795541789813058,11.649986702190775,-0.07498274768148808
2026-01-13,932.2806373194226,932.2806373194226,917.4262830054705,922.0989990234375,32042827,0.0,0.0,HDFCBANK.NS,0.0004269190647672172,0.00042682796075172477,0.2566386079453915,960.7300659179688,971.9337573242187,965.2635772705078,955.7889855957031,954.5435275980425,965.4965868768275,960.7300659179688,1004.7577475390973,916.7023842968403,0.09165463470545283,26.005626398264184,-13.744705545289776,-7.9486490478734435,-5.796056497416332,13.740603239795055,12.78653929932007,11.511607549412535,-0.0745878401812348
2026-01-14,914.8685971701506,924.7550683892156,905.2280583696796,910.3926391601562,36688248,0.0,0.0,HDFCBANK.NS,-0.012695339519595006,-0.012776613946010032,0.24068515416409353,957.3435791015625,970.6116247558593,964.5882470703125,955.9211553955079,950.3386810801486,963.3356477506835,957.3435791015625,1005.9224846355467,908.7646735675783,0.10148687805390413,22.593493982524762,-15.487787754525925,-9.45647678920394,-6.031310965321985,14.68568297107801,12.815941934624075,11.632868179631203,-0.08633626174569574
2026-01-15,910.3926391601562,910.3926391601562,910.3926391601562,910.3926391601562,0,0.0,0.0,HDFCBANK.NS,0.0,0.0,0.24068515416409353,954.4637115478515,969.4350842285156,963.8981610107422,956.0894799804687,946.5342961353874,961.2594513353687,954.4637115478515,1007.0489701335906,901.8784529621124,0.11018807304986317,22.593493982524762,-16.676951448320324,-10.900571721027218,-5.776379727293106,14.018152117198026,12.231492785417071,11.624558400330129,-0.08633626174569574
2026-01-16,906.9987674975428,920.7218085803552,904.2443363942556,915.95068359375,37780235,0.0,0.0,HDFCBANK.NS,0.006105106955523132,0.006086546294957257,0.24825966972839497,952.0732482910156,968.3815087890625,963.3944915771484,956.2399765014649,943.621571131422,959.4826369141288,952.0732482910156,1007.1660728353676,896.9804237466636,0.11573232341785537,27.809164363102425,-16.975204912307504,-12.115498359283276,-4.859706553024228,14.478396248385659,12.483661312582843,11.664340177044558,-0.0807582469022701
2026-01-19,920.6726328615482,920.9185652819042,904.5394420693568,912.8027954101562,38191942,0.0,0.0,HDFCBANK.NS,-0.003436744182823248,-0.003442663353787753,0.24396972056980304,949.2401092529296,967.3112121582031,962.861802368164,956.3678176879882,940.6864496341586,957.6520548943652,949.2401092529296,1006.3575941166085,892.1226243892507,0.12034359759330326,26.711394751992856,-17.266543237344194,-13.14570733489546,-4.120835902448734,14.748924478791,12.231537475759078,11.675271626723184,-0.08391744564983693
2026-01-20,914.1799618930222,919.2953681382725,904.637772173591,916.049072265625,36022727,0.0,0.0,HDFCBANK.NS,0.003556383560383569,0.0035500745820425173,0.2483937540336525,946.4610717773437,966.2625561523438,962.4466680908204,956.6583309936524,938.3400327419174,956.0205653795126,946.4610717773437,1004.394460641356,888.5276829133314,0.12242107064207113,29.78945116254735,-17.039067780029768,-13.924379423922323,-3.114688356107445,15.09323155826976,12.342772245065628,11.692525800081773,-0.08065950471359191
2026-01-21,909.9499161549952,916.9836070913005,900.6044845836736,905.3755493164062,32766854,0.0,0.0,HDFCBANK.NS,-0.011651693421642073,-0.01172010633821507,0.23384785274215947,942.7106018066406,964.8587731933594,962.0782611083985,956.8249862670898,935.200558129964,954.0344863182144,942.7106018066406,1001.1070482889419,884.3141553243394,0.12389050546453693,25.932907558443404,-17.518117981444448,-14.643127135426749,-2.874990846017699,15.697525180520042,12.590792007575265,11.836324368001096,-0.09137137831476976
2026-01-22,912.9011151422527,913.1962220288154,898.3419283315923,903.75244140625,44444755,0.0,0.0,HDFCBANK.NS,-0.0017927454649970809,-0.0017943543563241806,0.23163587759965965,938.849462890625,963.4658117675781,961.7546142578125,956.9885003662109,932.2054993943722,952.062641419706,938.849462890625,996.803306541387,880.895619239863,0.12345715887684022,25.394513897811805,-17.823284234856374,-15.279158555312675,-2.544125679543699,15.746708236654854,12.513735962154705,11.83820684675389,-0.09300031815566252
2026-01-23,905.0312717738813,911.0319985807623,894.4561781091321,901.1947021484375,30985247,0.0,0.0,HDFCBANK.NS,-0.0028301326122368575,-0.0028341450097377667,0.22815018473606385,935.1112884521484,962.0777673339844,961.4152276611328,957.084750366211,929.2520901328546,950.0678202718132,935.1112884521484,992.6300219114214,877.5925549928754,0.1230200815017032,24.530254062782504,-18.063296434194285,-15.835986131088998,-2.2273103031052877,14.815674023655893,11.885381045286698,11.844263626731317,-0.09556724753453863
2026-01-27,891.2590997657288,916.0490999795524,890.2753700750383,911.3272094726562,44753093,0.0,0.0,HDFCBANK.NS,0.011243416433832643,0.01118067904436115,0.2419587887063399,931.8994140625,960.8343347167969,961.2371728515625,957.3762835693359,927.5449586414072,948.5485806326305,931.8994140625,987.0314158600602,876.7674122649398,0.11832178659114946,34.09874504093115,-17.237199465542062,-16.116228797979613,-1.1209706675624496,15.145924571005382,12.525616389280497,12.008141197429143,-0.08539833346217188
2026-01-28,917.3279002643548,926.1322926560076,913.2946327089841,917.524658203125,35347138,0.0,0.0,HDFCBANK.NS,0.006800464932957384,0.006777446071683697,0.2504046858971156,929.0367584228516,959.5781127929688,961.0232116699219,957.6710202026367,926.5906443139518,947.3319562236304,929.0367584228516,980.6262062870823,877.4473105586209,0.11106007893984692,39.17812895793809,-15.89915379974525,-16.07281379833274,0.17365999858748893,15.06511632141907,12.78229686055499,12.069222010108097,-0.07917861690125695
2026-01-29,914.9669494914904,924.0172745375145,909.310503842987,920.2791137695312,37175628,0.0,0.0,HDFCBANK.NS,0.0030020507261359075,0.0029975535700671337,0.25415846419237687,926.2970703125,958.4576452636719,960.7699017333985,957.9895993041993,925.9895461668641,946.2710604411167,926.2970703125,973.199527376544,879.3946132484559,0.10126871511797138,41.34209967424228,-14.449911836347951,-15.748233405935782,1.2983215695878307,15.300511373596303,12.869472483436228,11.93577291019434,-0.07641426439948394
2026-01-30,914.8685955943554,923.6238136980638,912.6552038308206,914.1307983398438,29691233,0.0,0.0,HDFCBANK.NS,-0.006680924664804744,-0.0067033419432125435,0.24577952597538033,923.2524261474609,957.1719116210937,960.4339581298829,958.1761297607422,924.8601416119097,945.0106580057727,923.2524261474609,964.3878395855129,882.117012709409,0.08910978682114365,38.084864812428684,-13.640258402591712,-15.32663840526697,1.6863800026752571,14.868375547899316,12.704922864802304,11.867887561774996,-0.08258467112051925
2026-02-02,900.1126164754811,914.6718030723491,894.5053455447564,912.9994506835938,28032106,0.0,0.0,HDFCBANK.NS,-0.0012376212007129128,-0.001238387686308956,0.24423772282261913,919.6372192382812,955.5831872558593,960.0611242675782,958.2159008789063,923.7305519996892,943.7553165421579,919.6372192382812,948.7683670646426,890.5060714119198,0.06335356424675846,37.499393774644346,-12.940719959519583,-14.849454716117492,1.9087347565979087,15.437531682180397,12.68389606795881,11.86191331597816,-0.0837200837813995
2026-02-03,967.7440559401642,977.8272849855383,929.6245315003357,933.2643432617188,50336968,0.0,0.0,HDFCBANK.NS,0.02219595265139751,0.021953207895365222,0.27185476440547274,918.2206481933594,954.61224609375,959.8993005371094,958.3252087402344,924.6385321198825,943.343905825278,918.2206481933594,940.7735496132798,895.6677467734389,0.04912305438631615,51.79437587143974,-10.628603310316066,-14.005284434957208,3.3766811246411415,19.007065967037004,14.313910153881704,12.391534494975955,-0.06338237814558495
2026-02-04,937.0024986247718,941.62604002273,932.5265406922532,937.5927124023438,24366770,0.0,0.0,HDFCBANK.NS,0.0046378811875502635,0.004627159354871773,0.27775347569060505,917.7730499267578,953.70623046875,959.7733825683594,958.3865176391602,925.872263575355,943.1183688283002,917.7730499267578,938.2156669689256,897.3304328845901,0.044548305365469484,54.203695874083415,-8.350709214277003,-12.874369390821167,4.523660176544164,18.262243774961348,14.381268004043116,12.36911638319115,-0.059038456897258264
2026-02-05,940.4455315704454,940.4947060438036,931.2968579683982,934.248046875,28103169,0.0,0.0,HDFCBANK.NS,-0.0035672904482948464,-0.00357366840139119,0.2731953579214985,917.8050201416015,952.9172790527343,959.595327758789,958.3816018676757,926.6699572229402,942.7705130654257,917.8050201416015,938.3536371918136,897.2564030913894,0.04477773949643859,52.039277941689704,-6.737680500595388,-11.647031612776011,4.909351112180623,18.919232923204593,14.067800841038258,12.382069602484616,-0.06239514002218147
2026-02-06,929.6245335781572,932.674071523322,922.3449100391202,925.7879638671875,18120272,0.0,0.0,HDFCBANK.NS,-0.009055499806620904,-0.009096750061614358,0.26166593760404977,917.529574584961,951.6817138671875,959.3375903320313,958.2504278564453,926.5859578557256,942.1045307439261,917.529574584961,937.4549444785074,897.6042046914146,0.04343264881147736,46.934137664443256,-6.072007298184985,-10.532026749857806,4.460019451672821,18.592494683903176,14.216054104001733,12.446518576797077,-0.0708856206503974
2026-02-09,929.6245151050697,934.5431633331389,920.1315000080592,922.0006103515625,23947829,0.0,0.0,HDFCBANK.NS,-0.004090951344630334,-0.004099342178229018,0.2565045236401342,917.4434967041016,950.260224609375,959.044439086914,958.1920394897461,926.1492580934244,941.3161417089316,917.4434967041016,937.2708594854615,897.6161339227416,0.04322307118114498,44.814596702418186,-5.783396866794419,-9.582300773245128,3.7989039064507093,18.45196183479834,14.198964491017033,12.428909979799576,-0.07468658236991299
2026-02-10,914.868578036692,925.5912552799808,914.8194035624206,917.2295532226562,31525385,0.0,0.0,HDFCBANK.NS,-0.005174678926825216,-0.005188113945804462,0.2500025161601931,917.2196990966797,948.7806958007812,958.7055444335938,958.1270245361328,925.2997623914465,940.3715696114306,917.2196990966797,936.9452894335537,897.4941087598057,0.04301170233543976,42.2275048544135,-5.871967076223996,-8.840234033840902,2.9682669576169065,18.17440867428968,14.223884396891846,12.45665900498339,-0.07947478221283205
2026-02-11,916.098249190927,920.7709650928405,910.2450456843219,912.0157470703125,24869804,0.0,0.0,HDFCBANK.NS,-0.005684298040796065,-0.005700515147348439,0.24289712930659357,916.7155364990234,947.3051013183593,958.317954711914,958.0495291137695,924.034618075148,939.2595765706025,916.7155364990234,936.4314653655183,896.9996076325285,0.04301427887170078,39.54113136420367,-6.290358847032735,-8.33025899647927,2.0399001494465345,17.756322738639085,14.258107205297858,12.221712421623891,-0.08470732190480297
2026-02-12,911.9174149760892,913.4913584500406,903.5557126812706,905.6215209960938,33872203,0.0,0.0,HDFCBANK.NS,-0.007011091743491349,-0.007035784932371132,0.23418306350530305,916.4769805908203,945.9436193847656,957.7641143798828,957.9182238769531,922.2809897819047,937.9404371363081,916.4769805908203,936.625741886798,896.3282192948426,0.04397003246712972,36.476345840892805,-7.056554378834335,-8.075518072950283,1.0189636941159481,17.404990743749572,14.305072279358724,12.271226320091252,-0.09112452284307428
2026-02-13,898.1451529282086,913.097855324917,886.3403973585059,889.1932373046875,50188359,0.0,0.0,HDFCBANK.NS,-0.01814034153399624,-0.01830689482658746,0.21179456121784312,915.4170104980469,944.0430541992188,957.1443646240234,957.7324392700195,919.129775260265,936.0287822409505,915.4170104980469,938.87260109402,891.9614199020739,0.05124569529948248,30.035111070262886,-8.88695180643981,-8.237804819648188,-0.6491469867916226,18.132250564805343,14.989054855395665,12.523236270050733,-0.10761183441057467
2026-02-16,889.1932346170704,914.3766890728148,887.4224732532938,910.7368774414062,18806989,0.0,0.0,HDFCBANK.NS,0.024228299578640033,0.02393945057518973,0.24115428287479568,915.1563201904297,942.6382873535156,956.7666119384766,957.6150634765625,918.3304516584689,935.0369428370468,915.1563201904297,938.7026557784081,891.6099846024513,0.05145860891411166,44.00051270816808,-8.501167081475728,-8.290477272013696,-0.21068980946203197,18.216570987305836,16.51273907643152,13.09981350653561,-0.08599078659424103
2026-02-17,907.9824677389611,912.9994649414832,903.6540332583628,910.6385498046875,22599629,0.0,0.0,HDFCBANK.NS,-0.00010796492286002657,-0.00010797075149183962,0.24102028174838774,915.0481079101562,941.1115393066407,956.4567370605469,957.5047180175782,917.5978895771564,934.0801431102876,915.0481079101562,938.6597869588497,891.4364288614627,0.05160751406310069,43.95738599720315,-8.109878494971781,-8.254357516605314,0.14447902163353277,17.82659588014648,15.211479271506917,13.08857712708352,-0.08608946752845974
2026-02-18,908.1792516728873,910.4418179261975,904.5886143276533,909.6548461914062,12738702,0.0,0.0,HDFCBANK.NS,-0.001080234977414718,-0.0010808188517367832,0.23967968823236196,914.7283966064454,939.569052734375,956.1975244140625,957.3532989501953,916.841409254704,933.122288329155,914.7283966064454,938.45588511368,891.0009080992107,0.05187876225393534,43.49804868480099,-7.789365178457274,-8.161359048975706,0.37199387051843225,17.208250507468392,14.631020438106507,13.087646193016736,-0.08707670565186322
2026-02-19,913.8848827326366,914.0816406792112,897.6041683586819,900.702880859375,21209234,0.0,0.0,HDFCBANK.NS,-0.009841057154273192,-0.009889800410988185,0.22747992956747565,914.4947631835937,937.9655737304688,955.8605975341796,957.1694952392578,915.304406550387,931.8509390166147,914.4947631835937,938.697276209287,890.2922501579004,0.05293089474113129,39.45726456452399,-8.16359995492894,-8.161807230166353,-0.0017927247625877385,17.60174068270311,14.3896861962811,13.156411044771362,-0.09606083596901063
2026-02-20,896.1777087970013,902.9162328649714,893.6200357305538,897.0138549804688,22654907,0.0,0.0,HDFCBANK.NS,-0.004095718973815776,-0.004104129403130474,0.22245251672996802,914.1578338623046,936.4319384765626,955.5339990234374,956.9335174560547,913.5624492580138,930.4847788583345,914.1578338623046,939.1642836479595,889.1513840766498,0.05470926104741211,37.89499586593375,-8.658052628203563,-8.261056309773796,-0.39699631842976757,16.825293511762034,14.410240374740937,13.157262697717037,-0.0997631167543075
2026-02-23,901.5882362795462,910.5893867142319,900.3585742006053,908.5726928710938,23270122,0.0,0.0,HDFCBANK.NS,0.012885907866915458,0.012803590954059018,0.2382049272322293,914.5267333984375,934.9228967285156,955.271343383789,956.7968276977539,913.0872343640215,929.6254813686388,914.5267333984375,938.938599798536,890.114866998339,0.053386884185183885,45.2144982333067,-8.024704519087209,-8.21378595163648,0.1890814325492709,13.164414756891931,14.814692734379925,13.352588646053364,-0.08816274721840436
2026-02-24,912.8519465614362,912.8519465614362,894.3578410316289,895.6858520507812,31313985,0.0,0.0,HDFCBANK.NS,-0.014183610096832222,-0.014285158856812093,0.22064271132439095,913.7446655273437,933.1325085449218,954.8729327392579,956.6898529052735,911.4299598579985,928.2945155130366,913.7446655273437,939.5505014805257,887.9388295741618,0.05648369161923102,39.60954731241229,-8.46505208286328,-8.26403917788184,-0.2010129049814413,13.835458056844109,15.331773691649675,13.54126106582039,-0.10109589128362517
2026-02-25,895.7350222932594,901.0963609031212,888.4062243801156,892.8330078125,27884303,0.0,0.0,HDFCBANK.NS,-0.0031850946754928833,-0.003190177886079909,0.2167548487238724,912.5100830078125,931.3913073730469,954.3058123779297,956.4048236083985,909.658821567951,926.9038681522313,912.5100830078125,939.8702375076268,885.1499285079981,0.0599667992919704,38.47254513613874,-8.941163223543754,-8.399463987014222,-0.5416992365295314,14.08490723167269,15.340158811464754,13.229342501015601,-0.10395898597407638
2026-02-26,897.1614323550999,897.1614323550999,880.4380284625158,883.9794311523438,41165937,0.0,0.0,HDFCBANK.NS,-0.009916273908654127,-0.009965767620055025,0.2046891743642434,910.6950988769531,929.5084484863281,953.6511395263672,956.1594839477539,907.2131653378931,925.2205568973337,910.6950988769531,940.5843775959397,880.8058201579665,0.06564058323328041,35.104700390011246,-9.918559398122966,-8.703283069235972,-1.2152763288869934,14.429212021437284,15.176787123977045,13.219795233937223,-0.1128443741025456
2026-02-27,883.9794733683615,884.3238147843207,870.6007736322075,873.3060302734375,34620755,0.0,0.0,HDFCBANK.NS,-0.012074263837782429,-0.012147749887076642,0.1901434394304493,908.6538604736328,927.6147692871094,952.8080834960938,955.8898956298829,903.9839143793735,923.1846931081614,908.6538604736328,942.8246636525123,874.4830572947533,0.07521192538832794,31.522198730503064,-11.422733002186192,-9.247173055826018,-2.175559946360174,14.380024723368251,15.511767407823218,13.341779527855746,-0.1235561251948045
2026-03-02,861.9439110956672,873.3059762779105,857.3695443137591,865.0918579101562,38378924,0.0,0.0,HDFCBANK.NS,-0.009405834929033241,-0.009450349143180468,0.17894914669729456,906.2584808349609,925.6414074707031,951.7938580322266,955.5229412841796,900.2799090013527,920.9065427082396,906.2584808349609,945.488745850839,867.0282158190828,0.0865763263914158,29.06397287216069,-13.126304612671902,-10.022999367195194,-3.103305245476708,14.748927169233834,15.516321847518455,13.36985645923788,-0.13179981160578444
2026-03-04,834.202743374385,864.993469417403,834.202743374385,854.5167846679688,39862322,0.0,0.0,HDFCBANK.NS,-0.0122242200588204,-0.012299550369187607,0.1645374128899082,902.3211029052734,923.342431640625,950.7112634277344,955.100927734375,895.9215162076971,918.3030227850918,902.3211029052734,945.7240925194425,858.9181132911043,0.09620298023490996,26.22816123446117,-15.15501978422219,-11.049403450600593,-4.105616333621597,16.203441106894736,15.800510119890607,13.48261488233769,-0.1424128817638246
2026-03-05,859.6321193633155,867.0593261570968,849.4505416361635,863.4686889648438,31324582,0.0,0.0,HDFCBANK.NS,0.010475984155599027,0.010421491280846561,0.17673708837594515,898.6149017333985,921.179208984375,949.7339282226562,954.713967590332,892.8307707559968,916.1526567529252,898.6149017333985,941.995342997643,855.234460469154,0.09654957018977775,32.25406729872931,-15.857650190851587,-12.011052798650793,-3.8465973922007937,16.751522446334977,16.141243303836088,13.470495157253978,-0.13342881270113668
2026-03-06,853.9264946975441,857.5171318697022,841.1871839599715,843.10546875,34439647,0.0,0.0,HDFCBANK.NS,-0.023583044150976562,-0.023865574935064714,0.1489860456666836,894.0577728271485,918.4336193847656,948.5155786132813,954.2829425048828,888.0950277078067,913.2880611449674,894.0577728271485,940.703301501959,847.412244152338,0.10434567002825818,26.87614590859171,-17.85184656428555,-13.179211551777746,-4.672635012507806,16.431811520510774,17.10788991577374,13.875124541775097,-0.15386519927116993
2026-03-09,811.5769775858611,828.7430723323081,808.1339237415574,827.0215454101562,35592613,0.0,0.0,HDFCBANK.NS,-0.01907700037065352,-0.019261314210614097,0.12706683844762456,889.1194519042969,915.3545458984376,947.1747552490234,953.7426220703124,882.278505584221,909.9050605279159,889.1194519042969,942.1028373488685,836.1360664597252,0.11918170349572946,23.537835575646213,-20.493859299194014,-14.642141101261,-5.851718197933014,17.004477891148035,17.782053461294247,14.170016773702812,-0.17000691317829666
2026-03-10,836.2193641547399,842.8595391904452,826.923107096334,835.629150390625,52866024,0.0,0.0,HDFCBANK.NS,0.010407957360046627,0.010354167478444453,0.13879730204411,884.80087890625,912.5479650878906,945.9185321044922,953.262082824707,877.8357098514975,906.9922797382183,884.80087890625,940.5095689643465,829.0921888481535,0.12592367703558577,28.645870367207877,-21.64361749135901,-16.042436379280602,-5.601181112078407,17.47526363479023,18.19521452074289,14.282604156789025,-0.16136838052152291
2026-03-11,831.2515482012323,835.0388833093358,814.1346283989498,820.38134765625,42261076,0.0,0.0,HDFCBANK.NS,-0.018247092896708117,-0.01841562438422919,0.11801756188319046,879.9584686279297,909.4442980957032,944.4990100097656,952.6720611572266,872.3638658329025,903.5957725977489,879.9584686279297,940.4315240378894,819.4854132179701,0.13744524898828905,25.40781548140643,-23.51412321626617,-17.536773746677717,-5.977349469588454,18.578448385836023,18.273778476581832,14.486784495156884,-0.17667096958826345
2026-03-12,806.7566625998296,822.7915039414563,806.7566625998296,819.2008666992188,46107561,0.0,0.0,HDFCBANK.NS,-0.0014389417316761355,-0.001439978002537935,0.11640879975664986,875.317724609375,906.3327600097656,942.9093029785156,952.0601223754883,867.300723058266,900.2861684448654,875.317724609375,939.5603429205473,811.0751062982026,0.14678697004528654,25.17059506124812,-24.805821359517722,-18.990583269245718,-5.815238090272004,18.546831887342982,18.027141622350914,14.408170776190868,-0.1778556920890233
2026-03-13,806.6583423777922,810.3965031755142,798.7885048911796,803.7071533203125,41700464,0.0,0.0,HDFCBANK.NS,-0.01891320432964705,-0.019094346602420296,0.09529393201143632,870.2220062255859,902.9054455566406,941.0839929199219,951.404443359375,861.2441926070325,896.4987560870399,870.2220062255859,940.2509002073466,800.1931122438252,0.16094489332784637,22.236152558881827,-26.771113891043342,-20.546689393605245,-6.224424497438097,19.340843649744517,18.43260240572066,14.63414981677975,-0.19340507537299984
2026-03-16,803.7071599773169,830.7597265616207,802.3791489072894,826.9231567382812,52182605,0.0,0.0,HDFCBANK.NS,0.028886147550208685,0.028476806950271483,0.12693275414236682,867.1085021972656,899.9434350585938,939.4869079589844,950.8716384887696,857.9755225242943,893.7703012106181,867.1085021972656,939.0956692920022,795.121335102529,0.16603958307944178,34.54915591973173,-26.153800201306126,-21.668111555145423,-4.485688646160703,20.398346929785102,20.788629900644466,15.4969938433651,-0.17010565536697486
2026-03-17,833.907625869114,835.0881134427475,821.5125964091002,831.5958251953125,38826979,0.0,0.0,HDFCBANK.NS,0.0056506682863521895,0.0056347631486199715,0.13330067731705064,863.1514495849609,896.8692797851562,937.8898223876953,950.3524908447266,855.4631703977246,891.3320864649198,863.1514495849609,933.727683647914,792.5752155220079,0.16353151951928957,36.720900470892076,-24.999352388543116,-22.33435972182496,-2.664992666718156,20.04701918005939,20.94198128590678,15.544973712492494,-0.16541619771273397
2026-03-18,831.5958180920426,833.0222380629118,818.0695356894909,829.333251953125,23507063,0.0,0.0,HDFCBANK.NS,-0.0027207607032612158,-0.00272446869990493,0.1302172373692272,859.0861846923829,894.2240295410156,936.2592901611329,949.779808959961,852.9746067363342,888.90075962132,859.0861846923829,927.4780757164343,790.6942936683314,0.15922009279788588,36.096333601130894,-23.990467752409813,-22.66558132794193,-1.3248864244678842,20.208631026517633,19.53214726162582,15.545524898657959,-0.1676869005255755
2026-03-19,757.4718247668609,802.3791069663046,757.4718247668609,785.2130126953125,171637393,0.0,0.0,HDFCBANK.NS,-0.053199650627666184,-0.05466703233906636,0.07009007520781818,852.8640930175782,890.9973962402344,934.3257696533203,949.017585144043,846.5211215895703,884.834573467359,852.8640930175782,924.4530639686066,781.2751220665498,0.1678789657980193,26.596596591183427,-26.446198673414074,-23.42170479703636,-3.024493876377715,24.147061261780493,24.023591147494386,17.762633511600587,-0.21196566663044486
2026-03-20,772.2277890336613,780.8354236248008,765.5384393026802,767.7518310546875,103129469,0.0,0.0,HDFCBANK.NS,-0.022237509259669497,-0.022488490444394726,0.04629393725170394,846.2165405273438,887.6802600097657,932.1369714355469,948.1862545776368,839.0192843957719,880.2430933727444,846.2165405273438,923.5611651501965,768.8719159044911,0.1828010229501145,23.914189926577208,-29.461737974040943,-24.629711432437276,-4.832026541603668,24.572170707531857,24.479066783691703,17.998117619388747,-0.22948958741568784
2026-03-23,750.7333447737776,756.1930326018271,728.9928823726722,732.04248046875,72341738,0.0,0.0,HDFCBANK.NS,-0.04651157983808685,-0.0476279985755421,-0.002370846744884969,837.9679718017578,883.6951721191406,929.5851776123047,947.1360968017578,828.8310173551031,874.4313046314113,837.9679718017578,926.8321237889774,749.1038198145383,0.21209438779897086,19.56776008584052,-34.337202852053565,-26.571209716360535,-7.76599313569303,26.20234661627021,27.098453100809028,19.440235873932682,-0.26532724398668034
2026-03-24,742.7158864237038,760.1770877270425,735.5346719806084,752.454833984375,61269986,0.0,0.0,HDFCBANK.NS,0.027884110635976178,0.027502427833767513,0.025447154938155858,830.1620788574219,880.2698254394531,927.1952069091797,946.1676184082031,821.5570951293195,869.6479136256452,830.1620788574219,920.3301196115874,739.9940381032563,0.2172299676185321,27.66138378693377,-36.1373684691697,-28.48444146692237,-7.652927002247331,26.005596096450297,28.982860712557784,20.119196530384755,-0.24484154757676746
2026-03-25,755.7011518436857,781.8683373030494,755.7011518436857,769.5717163085938,59230640,0.0,0.0,HDFCBANK.NS,0.022748052841367272,0.02249317397942538,0.048774081004718806,823.8563720703125,877.2271496582031,925.071826171875,945.2141122436524,816.6061066702027,865.7233568681138,823.8563720703125,912.3542428653552,735.3585012752699,0.21483810478433676,33.68733478729173,-35.77048347131256,-29.94164986780041,-5.828833603512148,26.848790296288946,30.205245793353175,20.545775353457362,-0.22766316319743868
2026-03-27,760.6197661066401,762.2921184952538,742.2731843894259,743.8963623046875,65485199,0.0,0.0,HDFCBANK.NS,-0.03336317260600907,-0.03393242036522728,0.013783650315449814,816.4095397949219,873.6630969238281,922.7984271240234,944.1317437744141,809.6813691115823,860.9458276695482,816.4095397949219,905.5317126602387,727.2873669296051,0.21832712265391663,29.69185296601853,-37.123573510666915,-31.378034596373713,-5.745538914293203,27.207149361595782,31.254471836451874,21.11780735594913,-0.2534307703936616
2026-03-30,733.0753333889118,738.7809532430898,714.8271607333363,719.6473999023438,103500135,0.0,0.0,HDFCBANK.NS,-0.03259723212950971,-0.03314035745356986,-0.01926289066298459,808.1929382324219,869.8481921386718,920.2299084472656,942.9611312866211,801.106705377369,855.404712855148,808.1929382324219,901.2973942634017,715.088482201442,0.2304015579116694,26.495622825948658,-39.695016285725046,-33.041430934243984,-6.653585351481063,26.785553401803536,32.15199830177366,21.691415353101934,-0.2777668608718886
2026-04-01,730.9111370884557,743.6012737142313,727.0745673991486,730.17333984375,78862761,0.0,0.0,HDFCBANK.NS,0.014626523965534544,0.01452058809687678,-0.004918115829377623,801.0363037109375,866.2438061523437,917.8394451904297,941.8793035888672,794.3511467551195,850.4936786194069,801.0363037109375,895.0666273249298,707.0059800969453,0.2347716905672831,30.017256022409697,-40.417638449937954,-34.51667243738278,-5.900966012555173,27.358227810216135,32.603096704835735,21.87955142686711,-0.2672031005537281
2026-04-02,718.1226435138951,742.7158847301245,714.8271732077576,738.6826171875,49310300,0.0,0.0,HDFCBANK.NS,0.011653777095683715,0.01158639483534907,0.006678346640699662,794.7158416748047,862.6984448242188,915.5399768066407,940.8570080566407,789.0493820343938,846.1089311122732,794.7158416748047,887.603988045998,701.8276953036113,0.2337644262267088,32.81940510237432,-39.8443927967578,-35.58221650925778,-4.262176287500019,27.814955633836966,31.771689647848067,21.823576674834257,-0.25866324883117303
2026-04-06,746.6508105088765,760.1770933079504,732.8785952952741,758.45556640625,42976659,0.0,0.0,HDFCBANK.NS,0.026767855041769595,0.02641586356626505,0.03362496669726611,789.9127807617188,859.6115002441406,913.4613562011718,939.996181640625,786.1356853079039,842.6715442610566,789.9127807617188,879.6624368458512,700.1631246775863,0.22723940736238288,38.93778295370129,-37.363872272722006,-35.93854766195063,-1.4253246107713764,28.619502538911938,33.18406813193869,22.352197212885088,-0.23881925413874944
2026-04-07,753.5368922732654,761.4067292682865,748.6182441513773,759.4392700195312,51309793,0.0,0.0,HDFCBANK.NS,0.0012969825219191211,0.0012961421666269769,0.03496556021329167,784.7113098144531,856.4793041992187,911.3709301757813,939.0970819091797,783.5931695661542,839.4075335064871,784.7113098144531,868.3626046663027,701.0600149626035,0.21320272514392363,39.23428558784079,-34.916173314395564,-35.73407279243962,0.8178994780440547,28.074939918116943,33.22097682382383,22.35317543837101,-0.23783201601534595
2026-04-08,786.9837533249241,804.4941298279846,783.0488345582994,802.82177734375,70269512,0.0,0.0,HDFCBANK.NS,0.05712439300525385,0.055552384926165856,0.09408733962181848,782.6971252441406,854.4282287597656,909.6435009765624,938.4289685058594,785.4244655449728,837.9727979706936,782.6971252441406,862.2687193770266,703.1255311112545,0.20332665488726792,50.62174391383294,-29.139842511331494,-34.415226736217996,5.275384224886501,29.2659600719828,37.8564171275358,24.466139005714293,-0.1942936325621846
2026-04-09,801.7397031581198,805.674621946626,780.1959987742106,784.72119140625,48879392,0.0,0.0,HDFCBANK.NS,-0.022546206951919445,-0.022804258778951383,0.06941982003922997,780.5821075439453,852.0476037597656,907.7567077636719,937.6599179077149,785.3574870555707,835.8844996740488,780.5821075439453,857.393921245202,703.7702938426886,0.19680649340769663,46.69025457223431,-25.72607061777603,-32.6773955125296,6.951324894753569,30.116181939037663,38.255019111126735,24.547836838330085,-0.21245925506491686
2026-04-10,790.9186649096054,799.0344347920734,787.9674758614352,797.1161499023438,38156026,0.0,0.0,HDFCBANK.NS,0.015795366089045526,0.015671917540624757,0.08631169759963075,778.6564575195313,849.9660327148438,906.0219000244141,936.9494451904297,786.4773597076443,834.3641722320211,778.6564575195313,851.4854497360903,705.8274653029722,0.1870632202770431,49.578115028720745,-21.76951679700835,-30.495819769425353,8.726302972417002,30.07050629706641,38.37682042819968,24.701302817692646,-0.20001976068862753
2026-04-13,778.6220116333144,785.5081191272287,774.5395096022282,781.7699584960938,47549328,0.0,0.0,HDFCBANK.NS,-0.019252139613693764,-0.019439875504534927,0.06539787313345391,776.7258880615234,847.3748876953125,904.1046112060546,936.0909014892578,786.0290357827348,832.3016540462986,776.7258880615234,846.8963278902478,706.555448232799,0.18068263439460974,46.23837705501025,-19.645764635970863,-28.32580874273446,8.680044106763596,26.550164376627226,38.5207338286997,24.863072112816095,-0.21542109194404627
2026-04-15,791.8531825431569,801.5428954413671,790.9186273804953,796.72265625,39769515,0.0,0.0,HDFCBANK.NS,0.01912672339401622,0.018946107052142572,0.0857754435574507,775.6019775390625,844.95884765625,902.2684802246093,935.3466738891601,787.0474758272362,830.9063992307575,775.6019775390625,843.5941812760468,707.6097738020783,0.17532756673137775,49.78762832359142,-16.565165091986387,-25.973680012584847,9.40851492059846,26.557190344673018,39.1120307029001,25.119608887076073,-0.20041466818888082
2026-04-16,804.6908427624061,806.7074765090769,779.3106301457999,782.5077514648438,62861293,0.0,0.0,HDFCBANK.NS,-0.01784172280484997,-0.01800280520904854,0.0664033390651857,774.5420074462891,842.2034204101562,900.330532836914,934.5010400390624,786.615121126056,829.008413043859,774.5420074462891,841.3398674477378,707.7441474448403,0.17248350472735555,46.63559376928461,-15.096765658997015,-23.79829714186728,8.701531482870266,25.745611607620276,39.2921261838304,25.19973320937693,-0.21468064803787879
2026-04-17,777.2447773125524,790.8694690755784,775.3757269911107,786.8853759765625,37282544,0.0,0.0,HDFCBANK.NS,0.005594352903883548,0.005578762629647865,0.07236917568179613,772.5401184082032,839.6585119628907,898.4152117919922,933.6304623413085,786.6408596832471,827.3565292372984,772.5401184082032,834.9862294577866,710.0940073586197,0.16166438366528302,47.733022072806094,-13.425055137526215,-21.723648740999067,8.298593603472852,24.842692666632793,39.30092498177045,25.137931606268392,-0.21028729444075353
2026-04-20,784.130869340026,796.7718311959621,777.146412936798,782.5077514648438,52148044,0.0,0.0,HDFCBANK.NS,-0.005563230230687499,-0.005578762629647836,0.0664033390651857,770.0857147216797,837.0486779785156,896.3159326171875,932.6370529174804,786.2472303291134,825.5977536383787,770.0857147216797,826.3070816755693,713.86434776779,0.14601327067652167,46.69879749075493,-12.311530557394008,-19.841225104278056,7.529694546884048,24.143543733810628,39.263711824332624,25.14318428425003,-0.21468064803787879
2026-04-21,782.2618278432276,801.6413139109341,782.2618278432276,798.5425415039062,49135752,0.0,0.0,HDFCBANK.NS,0.020491541469136454,0.020284414619140687,0.08825558731046557,768.5461791992187,834.3542419433594,894.4832440185547,931.6867739868164,787.4182123457604,824.5367649272229,768.5461791992187,819.3629126953962,717.7294457030413,0.13224119739720933,50.89566458245096,-10.019680121896158,-17.876916107801677,7.857235985905518,23.577897601563386,39.74092833792266,25.3945930028601,-0.19858824397063168
2026-04-22,796.8210214869076,799.8213849297669,785.0162656130275,786.8853759765625,23876412,0.0,0.0,HDFCBANK.NS,-0.014598051977781523,-0.01470565198949276,0.07236917568179613,768.6297973632812,831.3400952148437,892.5231628417969,930.7110824584961,787.3674660248844,823.0602398703343,768.6297973632812,819.5673646703218,717.6922300562406,0.13254122460976026,47.940349604995795,-9.039802755845358,-16.109493437410414,7.069690681565056,22.559034583376825,39.72398696512636,25.476246562656097,-0.21028729444075353
2026-04-23,779.1138736217773,783.6882404572269,769.7684420568696,771.5883178710938,37677616,0.0,0.0,HDFCBANK.NS,-0.01944000812886426,-0.019631450239249663,0.05152231018939846,768.8216217041015,828.0869006347656,890.50208984375,929.6329016113282,785.8646900102377,821.0417331252661,768.8216217041015,819.7741609460443,717.8690824621588,0.1325471027440823,44.30477425940307,-9.389353013012851,-14.765465352530903,5.376112339518052,22.07068173393435,39.553303364430924,25.629130072535794,-0.22563931585629263
2026-04-24,764.6530532653331,774.7854567622786,764.3579463755373,772.0802001953125,27720358,0.0,0.0,HDFCBANK.NS,0.0006374932238164543,0.000637290111328554,0.05219264853683603,770.8235076904297,825.0127453613281,888.3472296142578,928.6212091064453,784.5518814564354,819.121673010366,770.8235076904297,818.7478518304365,722.8991635504228,0.12434582926408033,44.4506519577824,-9.516977524667709,-13.715767786958265,4.198790262290556,20.82345308138967,39.25337773662925,25.62163685898663,-0.22514566616736115
2026-04-27,774.6870798664892,780.0975928052393,772.227755803421,776.9496459960938,18115375,0.0,0.0,HDFCBANK.NS,0.006306917078756191,0.006287111707506324,0.05882874032203467,772.0482482910156,822.1117260742187,886.1859753417968,927.6311654663086,783.827859031641,817.467868029414,772.0482482910156,819.2424712246774,724.8540253573539,0.12225718544956114,45.959661539963214,-9.120066835734633,-12.79662759671354,3.676560760978907,19.446231266907564,39.15867881624383,25.56964389491171,-0.2202587241357639
2026-04-28,772.2277766082829,781.5732082997206,765.6367759332712,769.817626953125,35366803,0.0,0.0,HDFCBANK.NS,-0.009179512571661053,-0.009221903917875435,0.049109208589012576,772.0605438232421,819.1634875488281,883.9720916748047,926.6000643920898,782.4935512146394,815.5992311244615,772.0605438232421,819.252178138243,724.8689095082412,0.12224853268969821,44.07129421579119,-9.27410052919231,-12.092122183209295,2.8180216540169845,19.671084641874717,38.92183151587913,25.586176628981335,-0.22741636898020268
2026-04-29,772.7196209849993,777.1464043006358,764.7022005187322,766.3253784179688,25799963,0.0,0.0,HDFCBANK.NS,-0.004536462160496746,-0.004546783130585717,0.04434996436201977,773.1819946289063,816.2496801757812,881.7773907470703,925.5561633300781,780.9537252340042,813.6669231751873,773.1819946289063,818.5877840179467,727.7762052398659,0.11745175056962667,43.13667721430802,-9.567678371267789,-11.587233420820994,2.0195550495532046,17.341752068549738,38.92950011208748,25.58394196156002,-0.23092116538814317
2026-04-30,757.4718126650201,766.1286213727735,749.847908057028,759.1441650390625,47998755,0.0,0.0,HDFCBANK.NS,-0.009370971627915337,-0.00941515542928,0.034563390476368916,775.1568328857422,813.3201330566407,879.6318762207031,924.4420111083984,778.8766242630574,811.5287757973001,775.1568328857422,813.6716700184139,736.6419957530705,0.09937301846205555,41.20172330462309,-10.261516455869014,-11.3220900278306,1.0605735719615854,16.698812582015837,38.665107668294766,25.60860697789231,-0.23812818132692104
2026-05-01,759.1441650390625,759.1441650390625,759.1441650390625,759.1441650390625,0,0.0,0.0,HDFCBANK.NS,0.0,0.0,0.034563390476368916,776.6053741455078,810.7191516113281,877.3811029052735,923.3038174438476,776.9973424322008,809.4744773361928,776.6053741455078,809.8098148016876,743.4009334893279,0.08551174576332127,41.201723304623094,-10.688181434335888,-11.195308309131658,0.5071268747957696,15.676438054457021,37.57622285821523,25.579339453966917,-0.23812818132692104
2026-05-04,760.0295232783589,773.8017387354295,760.0295232783589,766.7189331054688,29028060,0.0,0.0,HDFCBANK.NS,0.009978036340457797,0.009928584419149563,0.044886301583049404,778.0071899414063,807.8387927246093,875.2385400390625,922.2157638549804,776.0184463058454,807.7977893271448,778.0071899414063,806.5040785887692,749.5103012940434,0.07325610615374661,44.260367182964075,-10.296405472745278,-11.015527741854381,0.7191222691091035,15.110790439903553,37.67932929165831,25.663257806589947,-0.2305261966334304
2026-05-05,761.8002432312857,764.2595672860843,751.2743242683289,759.734375,38887657,0.0,0.0,HDFCBANK.NS,-0.009109672141757286,-0.009151418931474852,0.03536772995021442,778.0711303710938,804.8207092285156,872.9661242675782,921.1479849243165,774.4675823719554,805.9129495496097,778.0711303710938,806.3884792014575,749.7537815407301,0.07278858635163087,42.086364824911854,-10.429293266547802,-10.898280846793066,0.46898758024526366,14.801624146465445,37.7290665679293,25.648371562353983,-0.23753585070377087
2026-05-06,762.5380651832903,785.9508189360297,760.9148872376333,783.58984375,35530831,0.0,0.0,HDFCBANK.NS,0.031399749089936924,0.030916859363349022,0.06787801688646877,779.2786590576172,802.2994091796875,870.9342309570312,920.2012002563476,775.3363691698644,805.0375336358995,779.2786590576172,806.2797920916618,752.2775260235727,0.0692977607437551,50.94837252487648,-8.51155493386841,-10.420935664208136,1.9093807303397252,14.717309687376355,35.7961407619749,26.260258104869223,-0.2135946677257971
2026-05-07,781.0813276889071,788.5084744009563,775.7199891869062,783.0979614257812,46137553,0.0,0.0,HDFCBANK.NS,-0.0006277293256695682,-0.0006279264302125718,0.0672076785390312,778.2924682617188,799.9473107910156,868.9564422607422,919.2212908935547,776.0755684323326,804.1771582551106,778.2924682617188,803.0178987483403,753.5670377750973,0.06353763268927579,50.77584182872539,-6.9512940901527145,-9.727007349397052,2.7757132592443376,14.524077053775093,35.16266224055118,26.19265432382365,-0.21408831741472859
2026-05-08,771.2440360478325,775.9167518274592,764.5546865191014,768.145263671875,38016841,0.0,0.0,HDFCBANK.NS,-0.019094287675940236,-0.0192789378748839,0.04683010811503463,777.463671875,797.3699389648438,866.9009387207032,918.164655456543,775.3203013122891,802.7641427812583,777.463671875,802.3921888206182,752.5351549293819,0.06412779875746058,45.70854360427087,-6.842458274560045,-9.150097534429651,2.3076392598696067,14.446781100026215,32.76675037091342,26.336575860198057,-0.22909474116989403
2026-05-11,759.3901026416063,762.2428825536997,749.5036318326614,751.2251586914062,41123422,0.0,0.0,HDFCBANK.NS,-0.022027220345781418,-0.022273441999053685,0.0237713506589865,775.1691223144531,794.22298828125,864.5729425048828,917.0464797973633,773.025525824586,800.7430061502838,775.1691223144531,800.9158137688066,749.4224308600997,0.06642857852098279,40.752432327336216,-8.028963280448579,-8.925870683633438,0.8969074031848585,14.394077226562436,32.50762774678101,26.53401869504283,-0.24607564117186642
2026-05-12,744.2898305325124,747.3394284783378,735.6330216051203,738.2399291992188,43937132,0.0,0.0,HDFCBANK.NS,-0.017285402840883424,-0.017436539588413902,0.0060750504458906285,772.9926208496094,791.0740698242188,862.1032891845703,915.9357479858398,769.7126118602654,798.2919050933793,772.9926208496094,803.3386555938996,742.6465861053191,0.07851571651728423,37.40080392532407,-9.902921825402473,-9.121280911987245,-0.7816409134152273,14.450292781530047,32.157748626082686,26.641621564947936,-0.2591075274257654
2026-05-13,739.7647228184694,747.5853858194506,735.1903557682459,737.4037475585938,28960919,0.0,0.0,HDFCBANK.NS,-0.001132669214373161,-0.0011333111689416557,0.004935500208901544,770.0266754150391,787.9654846191406,859.6783959960937,914.7151016235351,766.6355771648681,795.9041342096623,770.0266754150391,802.1504667064462,737.902884123632,0.08343552844865429,37.188699854303955,-11.324973103175125,-9.562019350224823,-1.7629537529503025,14.11301393378089,30.67819948778742,26.640933668937606,-0.2599467135206111
2026-05-14,738.7810009702333,765.6368096362314,734.846082190099,757.0291748046875,50992358,0.0,0.0,HDFCBANK.NS,0.026614222277917543,0.026266224815799998,0.03168107698643152,768.7527465820312,785.4264794921875,857.4674639892578,913.5763912963868,765.7206817019937,794.3796259977025,768.7527465820312,800.8132328779116,736.6922602861509,0.08340909723815662,45.06338405334791,-10.744495171790959,-9.79851451453805,-0.9459806572529086,15.567529438023112,30.0229852045997,27.092067165380907,-0.2402507708567453
2026-05-15,760.4230253238243,769.1782432932904,752.9467039429112,755.0125122070312,24347873,0.0,0.0,HDFCBANK.NS,-0.0026639166161285255,-0.0026674711560660653,0.028932764622902063,767.1591033935547,783.0606091308593,855.3376892089843,912.385401916504,764.7008560358067,792.8358176137547,767.1591033935547,798.5869255695098,735.7312812175995,0.08193299678497747,44.446740651313426,-10.328133749900871,-9.904438361610614,-0.4236953882902572,16.15425420519828,29.801513476852847,27.088456947787954,-0.24227467945235082
2026-05-18,746.6507839481793,761.5050772404568,739.1252283144738,756.143798828125,29812079,0.0,0.0,HDFCBANK.NS,0.0014983680439768499,0.0014972466106527192,0.030474484596813678,765.8409057617188,780.8816479492187,853.2615277099609,911.2248468017578,763.8858982065037,791.396914916279,765.8409057617188,796.765656772273,734.9161547511645,0.08076024870934766,44.90221977874407,-9.79398004218001,-9.882346697724493,0.08836665554448331,16.61449824516497,29.639351897983744,27.00546856130122,-0.24113932804593005
2026-05-19,754.2255287138954,758.2587962302428,747.8804605130283,750.044677734375,40307830,0.0,0.0,HDFCBANK.NS,-0.008066086243387116,-0.008098793113384338,0.022162588532445904,763.4160125732421,778.7922058105469,851.0673187255859,910.0451089477539,762.5676867329677,789.7752585562043,763.4160125732421,790.9655383852822,735.866486761202,0.0721743462497703,42.861848861918766,-9.750410813784129,-9.85595952093642,0.10554870715229114,16.46693624054431,28.706980059232734,26.780494831792357,-0.24726036367262627
2026-05-20,747.2410491475586,749.8479568451309,742.8635000569833,747.1427001953125,24013451,0.0,0.0,HDFCBANK.NS,-0.003869072903534665,-0.0038765771286175276,0.018207766958148186,761.4288787841797,776.4656860351563,848.8224475097657,908.8412698364258,761.0986403960482,788.1033935224439,761.4288787841797,787.5467227852453,735.3110347831141,0.06860218919663133,41.88657268998514,-9.836656369424531,-9.852098890634043,0.015442521209511284,15.802915334576523,28.722367219604372,26.69052114495747,-0.2501727682029571
2026-05-21,754.5206547496631,755.7503168336749,742.8634822100684,746.7984008789062,34664725,0.0,0.0,HDFCBANK.NS,-0.0004608213615903134,-0.0004609275723846843,0.017738555068596673,760.1893829345703,774.5395446777344,846.48658203125,907.6034921264649,759.736712822987,786.4835898893639,760.1893829345703,786.6281229095465,733.7506429595941,0.0695582984148354,41.765150639599696,-9.819594498150423,-9.84559801213732,0.02600351398689682,16.72340352197699,22.977055098214905,26.625272017581686,-0.2505183046088713
2026-05-22,746.7984174780529,762.390509033052,746.7984174780529,754.3239135742188,25604071,0.0,0.0,HDFCBANK.NS,0.010077033756975995,0.010026598991190589,0.027994340843798815,759.3015686035156,773.0855920410156,844.2200689697265,906.3930126953124,759.221208132628,785.2224261122993,759.3015686035156,785.2469810340955,733.3561561729358,0.06834020500786755,45.484984084918736,-9.093996925324973,-9.695277794774851,0.6012808694498784,16.790155983246905,22.418663254561487,26.70617066572783,-0.2429657522641792
2026-05-25,763.3742255318324,775.0313981291084,762.5872538025895,774.0476684570312,26043952,0.0,0.0,HDFCBANK.NS,0.026147593265809732,0.025811589488299386,0.05487391874773673,759.1564697265625,771.8539624023438,842.2009637451172,905.2998431396485,760.6332519730474,784.7842003218967,759.1564697265625,784.7159062411064,733.5970332120186,0.06733641227809085,53.81230034513962,-6.8484685579544475,-9.125915947410771,2.2774473894563236,17.16607567737189,23.285439617141115,27.103583768672213,-0.2231711286660947
2026-05-26,771.2932224692265,777.9825721015808,764.1120080103449,766.22705078125,31528062,0.0,0.0,HDFCBANK.NS,-0.01010353495589067,-0.01015492208597672,0.04421596323561161,758.9769409179687,770.7708764648437,840.1075872802735,904.1823263549804,761.1659947166858,784.0564689673616,758.9769409179687,784.2701312107972,733.6837506251402,0.06665074768210182,50.517230741499574,-5.634973172379432,-8.427727392404504,2.7927542200250723,16.284227117029477,22.804014644748573,27.13898481349815,-0.2310198463223619
2026-05-27,756.9799611769273,761.3083956280444,744.584991677417,746.3065185546875,63680153,0.0,0.0,HDFCBANK.NS,-0.025998210590779114,-0.026342138165498092,0.01706821672115888,757.9759979248047,769.3129895019531,837.8228747558594,903.0148852539063,759.7508065107811,782.5760787551,757.9759979248047,783.62666053576,732.3253353138493,0.06768199172845057,43.252223671174846,-6.209114991812726,-7.984004912286149,1.7748899204734236,16.916625252013976,23.164621733640963,27.433288743283946,-0.25101195429780276
2026-05-28,746.3065185546875,746.3065185546875,746.3065185546875,746.3065185546875,0,0.0,0.0,HDFCBANK.NS,0.0,0.0,0.01706821672115888,757.334115600586,768.1649768066407,835.5352111816406,901.882858581543,758.4703981340102,781.1537430609661,757.334115600586,783.4990387443269,731.169192456845,0.06909743692977949,43.252223671174846,-6.588182058413622,-7.704840341511645,1.1166582830980225,15.592105615822561,22.681434181813593,27.377957359691752,-0.25101195429780276
2026-05-29,733.9115075895189,748.1264133157719,725.7465633447872,732.4359130859375,101299431,0.0,0.0,HDFCBANK.NS,-0.01858566838678044,-0.01876055219960015,-0.001834675881554726,755.9987030029297,766.2752319335938,833.1093334960938,900.6625418090821,755.9909233675271,779.2432399246904,755.9987030029297,784.4049398576877,727.5924661481716,0.07514890367384126,38.75181082640905,-7.91657997353218,-7.747188267915752,-0.16939170561642758,15.859121196663352,23.104845968286188,27.514683134527917,-0.2649323977408865
2026-06-01,736.8135126590627,740.1089829912345,727.1729740345589,730.6160278320312,47996441,0.0,0.0,HDFCBANK.NS,-0.0024847023765377507,-0.0024877943723425385,-0.004314819634569367,754.1935577392578,764.2556359863281,830.5624578857422,899.4082864379883,753.5742666498609,777.3362904308607,754.1935577392578,784.2707523351346,724.116363143381,0.0797598820282556,38.190335521491356,-9.012306166902135,-8.000211847713029,-1.0120943191891065,15.669397758834041,23.084112898050087,27.478212777811223,-0.2667588219591357
2026-06-02,725.0087855549667,741.3386744827858,721.2214502442791,736.0757446289062,47314447,0.0,0.0,HDFCBANK.NS,0.007472758041013217,0.007444975307888749,0.0031256948033240306,753.0106262207031,762.3904858398438,828.3072576904297,898.2342050170898,751.9077407431033,775.7182298111762,753.0106262207031,784.0168962879159,722.0043561534903,0.08235280881182415,40.95433203847449,-9.332543797091944,-8.266678237588811,-1.0658655595031323,16.22098305792704,22.26681386650808,27.526711135196823,-0.26127948804992873
2026-06-03,732.3375535846441,744.5849997963322,730.5176176978582,741.3878784179688,36109480,0.0,0.0,HDFCBANK.NS,0.007216830370820881,0.007190913666789286,0.01036508278333148,750.9005279541016,761.5139831542969,826.2556896972657,897.0333172607421,750.9058490930905,774.3719415212465,750.9005279541016,778.7253413763611,723.075714531842,0.07411051766888718,43.59714114516263,-9.053328489456817,-8.424008287962412,-0.629320201494405,15.026458390237151,22.144100229216672,27.55533323765407,-0.2559482674237391
2026-06-04,736.9610714527732,744.9784318589446,732.8785694984622,741.9288940429688,42673538,0.0,0.0,HDFCBANK.NS,0.0007297335723297493,0.000729467446246012,0.011102380104548226,748.842074584961,760.9975244140625,824.3388922119141,895.8983389282226,750.0509009930789,773.0996651495494,748.842074584961,772.40215249045,725.281996679472,0.0629240228483342,43.87267665280512,-8.688240281315757,-8.476854686633082,-0.2113855946826746,14.731338605244527,21.517743156232637,27.512921041361754,-0.25540530789492805
2026-06-05,741.6829610502508,746.355676758121,732.5342875674706,734.8952026367188,22116568,0.0,0.0,HDFCBANK.NS,-0.009480276968216628,-0.009525500844115454,0.0015168494979340696,747.1795715332031,761.0545788574219,822.3748754882813,894.7026153564453,748.607501149616,771.6014509333601,747.1795715332031,769.672802501459,724.6863405649472,0.06020836710538035,41.064035419053866,-8.864283418099149,-8.554340432926296,-0.309942985172853,14.120020052720772,21.641416975360716,27.54085559163466,-0.2624642718051481
2026-06-08,725.9925096938186,729.4355636015806,722.5494557860566,726.6319580078125,21550700,0.0,0.0,HDFCBANK.NS,-0.011244112901075853,-0.01130780583564831,-0.009744319030150494,745.9499114990234,760.5381213378906,820.4039733886718,893.4390148925781,746.514592278968,769.837941406868,745.9499114990234,770.1370642752594,721.7627587227875,0.06484926776820893,37.98728430636735,-9.560367687479243,-8.755545883836886,-0.8048218036423567,14.26054941939561,21.685177114756033,27.58272454782922,-0.2707572068015482
2026-06-09,727.4189306755471,731.8457142768752,720.3852393810432,726.3367919921875,38539563,0.0,0.0,HDFCBANK.NS,-0.0004062111669768109,-0.0004062936930823397,-0.010146571945922722,745.3547546386719,759.6734228515625,818.4502862548828,892.1431970214844,744.5928970135603,768.1320139788413,745.3547546386719,770.8889777136675,719.8205315636764,0.06851562404636131,37.87811024405897,-10.02032880362492,-9.008502467794493,-1.0118263358304276,14.566213506427061,21.586531046789386,27.490207556778095,-0.27105343336758275
2026-06-10,724.5169081730804,743.6504624272108,724.418559222074,734.698486328125,44458159,0.0,0.0,HDFCBANK.NS,0.011512144817837466,0.011446384293906518,0.001248764066268615,745.2194915771485,759.4894653320313,816.5762811279296,890.9199291992187,743.650572186376,766.8208952474406,745.2194915771485,770.958895005437,719.48008814886,0.06907871766428113,42.8858055612466,-9.599475670631477,-9.12669710836189,-0.47277856226958725,15.019432690822075,21.911461593205132,27.54595843070581,-0.262661694928045
2026-06-11,730.9111639255492,743.699649970007,728.0583237911012,732.485107421875,32632007,0.0,0.0,HDFCBANK.NS,-0.003012635723958046,-0.003017182845804936,-0.0017676337289262989,743.9922882080078,759.7462194824219,814.7972058105469,889.6927264404297,742.5871945897569,765.4743937640851,743.9922882080078,769.7013101006164,718.2832663153993,0.06911099026182584,41.92245119759922,-9.336917537068075,-9.168741194103127,-0.16817634296494788,15.022948264019224,21.78538141817044,27.531454973363843,-0.26488302664654745
2026-06-12,742.4207572291352,761.8494172504803,740.8467538097462,759.8819580078125,36088159,0.0,0.0,HDFCBANK.NS,0.03740260424183384,0.03672009328658465,0.035568856408100036,744.2357604980468,760.3403918457032,813.2920989990234,888.5951300048828,744.2343149152861,765.2550825579567,744.2357604980468,770.4710572361291,718.0004637599645,0.07050265018312339,55.305525518075626,-6.839302228565316,-8.702853400995565,1.863551172430249,15.641292926427484,24.479923238056177,28.31374295502413,-0.2373877374207536
2026-06-15,777.1464134002696,780.5894671305239,762.980682607529,764.7022094726562,39990334,0.0,0.0,HDFCBANK.NS,0.006343421388081083,0.0063233865721772555,0.042137906040669915,744.6636810302734,760.8607836914063,811.7796142578125,887.5870529174805,746.1836382064641,765.2334012604939,744.6636810302734,771.9739571493039,717.3534049112429,0.07334928992708653,57.17532660634691,-4.420018867402632,-7.8462864942769786,3.4262676268743464,16.129646142961445,24.37552173360026,28.34711831521936,-0.2325501664834954
2026-06-16,767.8010209255166,774.8838866823837,766.7681167622869,772.1294555664062,27820970,0.0,0.0,HDFCBANK.NS,0.009712599233722363,0.00966573514551492,0.052259773868313486,745.767919921875,761.1342614746094,810.372880859375,886.6173416137696,748.6546684312206,765.5038347626866,745.767919921875,775.6583158017338,715.8775240420161,0.08016004733212467,59.95523284323499,-1.881711487304642,-6.653371492882512,4.7716600055778695,15.311047436239619,24.372995395979867,28.123872084203207,-0.22509623381856259
2026-06-17,774.8346784396643,781.376444549763,770.3586605239058,774.2935791015625,32405604,0.0,0.0,HDFCBANK.NS,0.002802798830629616,0.0027988783138918135,0.055209046332030276,747.1254638671875,761.43134765625,808.9553259277344,885.7009970092773,751.0964694474435,765.8485306191131,747.1254638671875,779.6306362082365,714.6202915261384,0.08701395926943623,60.75463150538057,0.301071516856382,-5.2624828909347325,5.5635544077911145,16.09803200951514,22.581543145460568,28.113377723087098,-0.2229243344488587
2026-06-18,773.7033792240301,789.8857441736253,773.4082723338255,786.0,41492071,0.0,0.0,HDFCBANK.NS,0.015118840210480489,0.015005689591172117,0.07116258329217784,749.0855438232422,761.094912109375,807.7615704345703,884.9199157714844,754.4206152143537,766.6387843203245,749.0855438232422,785.9439325935696,712.2271550529149,0.09840902437445681,64.84305220640543,2.941643668517713,-3.621657579044244,6.563301247561958,15.676433571573366,23.018655951147164,28.256814084007175,-0.2111758516299383
2026-06-19,788.7000122070312,789.0499877929688,776.2000122070312,779.7999877929688,33798761,13.0,0.0,HDFCBANK.NS,-0.00788805624304234,-0.007919331534763678,0.06271319258972663,750.3593475341797,760.9964880371094,806.5220458984375,884.138330078125,756.837698317079,767.1549099467027,750.3593475341797,789.6599540404907,711.0587410278688,0.10475142779378983,61.206278847868575,4.482357130728246,-2.0008546370897458,6.483211767817992,15.670288330806361,22.422815577116904,28.248955381649427,-0.2173981408781513
2026-06-22,789.9000244140625,789.9000244140625,783.0999755859375,786.4000244140625,25194765,0.0,0.0,HDFCBANK.NS,0.008463755737895706,0.008428138983862457,0.07170773747124537,750.9769653320312,760.7821655273438,805.3740991210938,883.3946633911132,759.6531579453632,767.9096203179716,750.9769653320312,792.1868740735748,709.7670565904876,0.10975012721814537,63.54991311671143,6.164886472539138,-0.36770641516396907,6.532592887703107,14.954774929562584,21.47052809290903,28.29755120182331,-0.21077438990252087
2026-06-23,783.0499877929688,790.9000244140625,772.5499877929688,774.6500244140625,28289062,0.0,0.0,HDFCBANK.NS,-0.014941505131252697,-0.015054253919755725,0.055694810812615625,751.3981140136718,760.6397668457031,804.0073272705079,882.6222500610352,761.0814309423822,768.1739498903675,751.3981140136718,793.4282286400658,709.3679993872779,0.11187175970374921,56.95326618990125,6.475530413017395,1.000940950472304,5.474589462545092,15.260678824035422,21.301318584711478,28.37947366763679,-0.22256660840550843
2026-06-24,773.0,794.9000244140625,772.6500244140625,793.2000122070312,34701292,0.0,0.0,HDFCBANK.NS,0.02394628181545566,0.023664066076691862,0.08097477626344873,753.742788696289,760.5693139648438,802.7640808105468,881.8936462402344,764.1403434437774,769.1553640988641,753.742788696289,799.6317723635477,707.8538050290304,0.12176297897756488,63.41060978027472,8.124888305275363,2.425730421432916,5.699157883842447,15.98568865542953,22.232062910899973,28.69357957496917,-0.20394996931764126
2026-06-25,798.5,804.4500122070312,794.75,796.2999877929688,46707966,0.0,0.0,HDFCBANK.NS,0.003908189029538711,0.0039005718984687016,0.08519943002524966,756.2424621582031,760.8451586914063,801.5242895507813,881.1470956420899,767.203166715129,770.2198591456918,756.2424621582031,805.7312043922825,706.7537199241237,0.13088062284375276,64.372441469846,9.571820452158818,3.8549484275780963,5.716872024580722,15.802017998954502,21.036301084054024,28.6911669256961,-0.20083885532076448
2026-06-26,796.2999877929688,796.2999877929688,796.2999877929688,796.2999877929688,0,0.0,0.0,HDFCBANK.NS,0.0,0.0,0.08519943002524966,759.4356658935546,761.0334509277344,800.3459814453125,880.3899697875977,769.9742925320661,771.2426092887223,759.4356658935546,810.6674749206952,708.2038568664141,0.13492073477181518,64.372441469846,10.596376174621241,5.203233976986725,5.393142197634516,14.920178938192919,21.00163209024387,28.549315702895793,-0.20083885532076448
2026-06-29,800.0,805.9000244140625,793.2999877929688,798.9000244140625,46695977,0.0,0.0,HDFCBANK.NS,0.0032651471316733627,0.003259828113883163,0.0887427658314901,762.8498657226562,761.3612963867188,799.2049871826172,879.6330557250976,772.7291241398752,772.3272138034415,762.8498657226562,815.0862627187739,710.6134687265385,0.13695066183601828,65.26073219733584,11.485744677097841,6.459736117008949,5.026008560088893,15.001576204283042,21.005227758813913,28.23723407100453,-0.19822947660147028
2026-06-30,806.0999755859375,806.0999755859375,792.75,797.9500122070312,45778356,0.0,0.0,HDFCBANK.NS,-0.0011891503041673301,-0.0011898579044079326,0.08744808704034157,765.9435791015625,761.3494458007813,797.8518438720703,878.8755722045898,775.1311134796044,773.3320294271118,765.9435791015625,818.8283416794378,713.0588165236871,0.13809049131244935,64.62669401725272,11.975867234578686,7.562962340522898,4.412904894055789,14.581438517197382,20.81484984293005,28.236523184967155,-0.199182902263242
2026-07-01,793.5,802.25,793.5,796.1500244140625,26094378,0.0,0.0,HDFCBANK.NS,-0.0022557651048719096,-0.002258313175596629,0.08499505959223619,768.6816864013672,761.5347387695313,796.4374169921875,878.1053997802734,777.1329145209814,774.2268527599334,768.6816864013672,821.8829790390303,715.4803937637041,0.1384221676640388,63.37044628217335,12.079800500008446,8.466329972420008,3.6134705275884382,14.089200932989822,20.779542368405362,28.236937174403703,-0.20098935752770142
2026-07-02,795.0,805.4500122070312,794.0,795.9000244140625,34143823,0.0,0.0,HDFCBANK.NS,-0.0003140111691687375,-0.0003140604809991661,0.08465435902503127,771.3802429199219,762.0209729003906,795.0539367675781,877.3246322631836,778.9202583203225,775.0767810600953,771.3802429199219,824.3425436859276,718.4179421539162,0.137318271376841,63.186731385032296,12.003625132467391,9.173789004429485,2.829836128037906,12.809608245734532,20.777950884775397,28.20054319937887,-0.20124025579372243
2026-07-03,803.0,807.0,798.5499877929688,801.0499877929688,25871958,0.0,0.0,HDFCBANK.NS,0.0064706159328209445,0.006449771367345385,0.09167274080214227,774.6879821777344,762.6003686523437,793.806557006836,876.5720736694336,781.0278516034316,776.0953381868746,774.6879821777344,826.3021132557301,723.0738510997387,0.13325140512158873,65.41127525149801,12.217973417384087,9.782625887020405,2.435347530363682,12.123355850250684,20.685337455307437,28.22542341518735,-0.19607178826636526
2026-07-06,805.0,831.5,805.0,829.8499755859375,63203327,0.0,0.0,HDFCBANK.NS,0.03595279724342504,0.03532158029294231,0.13092142950837582,779.8488830566406,763.6583752441406,792.8850506591797,875.9647448730469,785.6775776970036,778.2033631829164,779.8488830566406,831.8708502851863,727.8269158280949,0.13341550743688715,74.64026481437415,14.544108867200862,10.734922483056497,3.8091863841443647,13.57109406434381,21.83941952485787,28.80698044912248,-0.16716832027163658
2026-07-07,843.0,843.0,826.0999755859375,829.2999877929688,57611729,0.0,0.0,HDFCBANK.NS,-0.0006627556897623732,-0.0006629754094001864,0.13017190489629504,784.9970428466797,764.8480224609375,792.0057550048828,875.3556497192383,789.8320929442384,780.2071523833107,784.9970428466797,835.0636321645394,734.9304535288201,0.12755866986785155,74.2329205720267,16.156961160727064,11.819330218590611,4.337630942136453,13.991254092072754,21.53855299674049,28.718407209341727,-0.16772028420599092
2026-07-08,825.9000244140625,834.3499755859375,806.9500122070312,810.2999877929688,38754632,0.0,0.0,HDFCBANK.NS,-0.022910889038555315,-0.02317742233562709,0.10427866178872325,788.7771179199219,765.7275146484375,790.9885974121094,874.6532760620117,791.781416263165,781.3872635758463,788.7771179199219,834.0393151641969,743.514920675647,0.11476549259855695,61.704640084876104,15.720797445846074,12.599623664041705,3.1211737818043694,14.771432059151786,21.19661392383618,28.955571451828842,-0.18678855242358783
2026-07-09,813.0,822.8499755859375,812.2999877929688,817.5499877929688,39891798,0.0,0.0,HDFCBANK.NS,0.008947303602641066,0.008907513647510199,0.11415897823766508,793.0303619384765,766.8956311035156,790.1078820800781,873.9359982299804,794.2355659326702,782.8054096235766,793.0303619384765,831.4968935929592,754.5638302839939,0.09701149792160642,64.18828298842388,15.778266929106394,13.235352317054645,2.5429146120517494,14.750004359654017,21.251310275803142,28.961536816697503,-0.17951250270897848
2026-07-10,824.0,827.7000122070312,820.2999877929688,824.9500122070312,23595785,0.0,0.0,HDFCBANK.NS,0.009051464160667821,0.00901074518539137,0.12424374829846951,796.2837646484375,768.211748046875,789.4654498291015,873.3049072265625,797.1607512921331,784.4581391366532,796.2837646484375,833.943757603403,758.6237716934719,0.09458937787483988,66.57137771350713,16.23379890567014,13.835041634777745,2.3987572708923963,14.753574916294642,20.28488223173368,28.942412320128337,-0.1720858895329727
2026-07-13,817.0,821.9500122070312,811.0,817.9500122070312,21741736,0.0,0.0,HDFCBANK.NS,-0.008485362623697035,-0.008521568270638118,0.11470413241673261,798.9461547851563,769.2363696289062,788.5375811767578,872.6520965576171,799.1406809030758,785.7715459237269,798.9461547851563,834.6851849332373,763.2071246370753,0.08946542876269699,62.345008622408834,15.847292062172528,14.237491720256703,1.6098003419158253,14.439287458147321,20.52600608498262,28.934772927740397,-0.17911104098156105
2026-07-14,811.4000244140625,818.4000244140625,807.0,809.4000244140625,25605395,0.0,0.0,HDFCBANK.NS,-0.010452946592541479,-0.010507962359187736,0.10305218965409524,800.809683227539,770.2296826171874,787.5251959228516,871.9909664916992,800.1177612374555,786.6981529233478,800.809683227539,834.4885539385849,767.1308125164932,0.08411204663587088,57.53992136366277,14.681827080937069,14.326358792392776,0.3554682885442926,13.664289202008929,20.905149325322707,28.915890569148782,-0.18769174942858777
2026-07-15,811.0,819.7000122070312,809.7000122070312,815.4500122070312,21488739,0.0,0.0,HDFCBANK.NS,0.007474657289945563,0.007446860467687855,0.11129712674468362,802.8675048828125,770.8668859863282,786.5831475830078,871.3903359985352,801.5779756155104,787.8256768168256,802.8675048828125,834.7036245024617,771.0313852631632,0.07930603599231754,59.89534004281012,14.084019331762192,14.27789090026666,-0.19387156850446807,13.596431187220983,20.909530110459176,28.888161900958142,-0.18162002364177118
2026-07-16,814.5,818.0,806.5,808.2999877929688,18698186,0.0,0.0,HDFCBANK.NS,-0.008768194625089043,-0.008806861434919797,0.10155305725108388,803.9825042724609,771.3709265136719,785.6591186523438,870.7598580932618,802.2181672514588,788.6285909727528,803.9825042724609,834.8794215463595,773.0855869985623,0.07685967570117157,55.945409257302465,12.884777474372186,13.999268215087767,-1.1144907407155813,14.417859758649554,21.188818224293705,28.658019810792872,-0.1887957385517559
2026-07-17,810.0,823.7000122070312,808.5,819.5999755859375,17415322,0.0,0.0,HDFCBANK.NS,0.013979943045431487,0.013883124939272731,0.11695270625297494,805.9725036621094,772.4000207519531,784.8849798583984,870.209489440918,803.8735775690282,789.8431550752307,805.9725036621094,835.4034289168876,776.5415784073311,0.0730320826605188,60.391147093113794,12.699788977287767,13.739372367527768,-1.0395833902400007,14.61785888671875,21.0840222836274,28.578708837581452,-0.17745514917849806
2026-07-20,790.0,790.0,774.5499877929688,777.5999755859375,56061789,0.0,0.0,HDFCBANK.NS,-0.051244511043297525,-0.052604164827423104,0.05971501096255327,805.5325012207031,772.9275170898437,783.5752526855468,869.4232980346679,801.3713297611148,789.363030389376,805.5325012207031,836.4224530155665,774.6425494258398,0.07669448904433465,43.01570902059225,9.059700679261141,12.803438029874444,-3.743737350613303,16.882145472935267,26.134599584928146,29.783275458525317,-0.21960605787002807
2026-07-21,769.1500244140625,772.5,760.0999755859375,761.4500122070312,42246009,0.0,0.0,HDFCBANK.NS,-0.020768986478860052,-0.02098769542054655,0.037705804228427064,804.8725006103516,773.39171875,782.2328942871094,868.5529135131836,797.5692995178688,788.2684022253625,804.8725006103516,838.9412384850694,770.8037627356338,0.08465623523945173,38.43628531993034,4.816219028880141,11.205994229675584,-6.389775200795443,17.507145472935267,26.976972358444396,29.82848042975874,-0.23581404910230977
2026-07-22,760.25,761.3499755859375,750.3499755859375,753.1500244140625,23385446,0.0,0.0,HDFCBANK.NS,-0.010900239884311769,-0.010960082764236904,0.026394562032994617,802.8700012207031,773.7066442871094,780.836064453125,867.5709384155274,793.3388923651253,786.8912109386449,802.8700012207031,843.8372339780542,761.902768463352,0.10205197029422826,36.297575078267606,0.7745609429159686,9.11970757232366,-8.345146629407692,17.482147216796875,27.051644580077493,29.877513485245082,-0.24414385928331547
2026-07-23,749.4000244140625,751.0,743.25,747.25,32532090,0.0,0.0,HDFCBANK.NS,-0.007833797016275179,-0.007864642400712779,0.018353995375419485,800.4175018310547,773.5110607910157,779.4687701416016,866.5599548339844,788.9494740446371,785.3366536469333,800.4175018310547,848.325564339532,752.5094393225774,0.11970768354985156,34.81460282939106,-2.871464416074218,6.7214731746440854,-9.592937590718304,17.396436418805802,27.14920626740367,29.744109613045715,-0.2500650828631951
2026-07-24,738.5,748.25,737.25,742.7999877929688,23837859,0.0,0.0,HDFCBANK.NS,-0.005955185288767151,-0.005972988119302858,0.012289508643402502,797.7425018310547,773.2668103027344,778.1637097167969,865.4858966064453,784.5542848778116,783.6685491036407,797.7425018310547,852.1519208208366,743.3330828412728,0.13640847482714336,33.696374065094886,-6.050300478338954,4.167118444047478,-10.217418922386432,16.007149832589285,24.88445506640737,29.333521358295116,-0.2545310842492611
2026-07-27,746.0999755859375,747.9500122070312,738.0999755859375,739.5499877929688,29678752,0.0,0.0,HDFCBANK.NS,-0.0043753366362545565,-0.004384936433391154,0.00786040126973897,794.775,772.9349340820313,776.908291015625,864.3510745239258,780.2681613459218,781.9384094443986,794.775,855.0737922450803,734.4762077549196,0.15173801955290575,32.86609486000275,-8.731151518821662,1.5874644514736502,-10.318615970295312,15.503579275948661,24.816972005257362,29.31691468968368,-0.25779276170753423
2026-07-28,732.0,740.25,732.0,735.4000244140625,33886037,0.0,0.0,HDFCBANK.NS,-0.0056114710937809065,-0.005627274545837754,0.0022048217614474286,791.6475006103516,772.642041015625,775.7171234130859,863.2141934204102,775.9950054476495,780.1133747373266,791.6475006103516,857.4868867096727,725.8081145110305,0.16633510760422962,31.788977235257576,-11.063084295650242,-0.9426452979511284,-10.120438997699114,14.135724748883929,24.639210745758675,29.32533530998482,-0.2619576361708073
2026-07-29,743.0,751.25,740.7999877929688,748.2000122070312,20460659,0.0,0.0,HDFCBANK.NS,0.017405476431915146,0.017255736163728306,0.019648674166568014,789.25,772.6631872558594,774.5644366455078,862.149182434082,773.3478632342574,778.8618703243739,789.25,857.8339768974992,720.6660231025008,0.17379531681342833,38.48540476380106,-11.742940472978148,-3.1027043329565327,-8.640236140021615,14.371438162667411,25.217800645787143,28.13377610997478,-0.24911165720142342
2026-07-30,752.7999877929688,757.9000244140625,745.5,753.9500122070312,35844392,0.0,0.0,HDFCBANK.NS,0.007685110807521545,0.007655730773330956,0.027484787212280537,787.1524993896485,772.8062194824219,773.6728820800781,861.0942303466796,771.5004488507121,777.8849347119291,787.1524993896485,857.4252688419863,716.8797299373107,0.17854931415914127,41.274469121390915,-11.6830791820189,-4.8187793027690065,-6.864299879249894,14.532152448381696,24.89438097007494,27.920315457113038,-0.24334099708294013
2026-07-31,753.9500122070312,757.5499877929688,747.2000122070312,748.1500244140625,25522483,0.0,0.0,HDFCBANK.NS,-0.007692801510793101,-0.007722543740569815,0.01958055068889708,784.5075012207031,772.6827416992187,772.8841668701172,860.0294610595703,769.2765989043646,776.7188597982872,784.5075012207031,856.5380176555818,712.4769847858245,0.18363244793146866,39.337039416274564,-11.965715895583685,-6.248166621331943,-5.717549274251742,14.275006975446429,24.889932201304823,26.825338341762407,-0.2491618246037357
2026-08-03,753.0499877929688,756.8499755859375,750.0499877929688,753.0,14827841,0.0,0.0,HDFCBANK.NS,0.006482624377023738,0.006461702537888708,0.02619010842113223,780.6650024414063,772.2617883300782,772.057875366211,858.9882037353516,767.7264466277584,775.7887084336485,780.6650024414063,850.6820896478278,710.6479152349848,0.17937806097994433,41.79731977083885,-11.663900842141516,-7.331313465493858,-4.332587376647657,14.082144601004464,24.82922307560652,26.440368322257573,-0.24429442274471186
2026-08-04,753.2000122070312,753.2000122070312,738.0,742.0,31559802,0.0,0.0,HDFCBANK.NS,-0.014608233731739695,-0.014715984632513116,0.011199283464117027,776.3000030517578,771.7772473144531,771.2740618896485,857.8865359497071,765.2763088536861,774.4636610440937,776.3000030517578,844.4096987822167,708.190307321299,0.17547261487236604,38.03005798107227,-12.172006987254804,-8.299452169846047,-3.8725548174087567,14.432146344866071,24.81352575378954,26.27452739516417,-0.2553339464496364
2026-08-05,733.7999877929688,741.9500122070312,732.5999755859375,735.0,60050538,0.0,0.0,HDFCBANK.NS,-0.009433962264150941,-0.00947874395454377,0.00165966758238012,772.5350036621094,771.5511169433594,770.4320532226562,856.670678100586,762.3928508676208,772.9160664933449,772.5350036621094,841.0548547710296,704.0151525531892,0.17738963486213588,35.81765346890455,-12.98978807545177,-9.237519350967192,-3.752268724484578,14.282148088727679,23.72252456349532,25.720415164170834,-0.26235909789822476
2026-08-06,739.0,740.5,733.5499877929688,734.2999877929688,44772122,0.0,0.0,HDFCBANK.NS,-0.0009523975605867374,-0.0009528513793102206,0.000705689358436512,768.3725036621094,771.310986328125,769.7379815673828,855.4109872436524,759.7173400986064,771.4017104658792,768.3725036621094,835.4783070006981,701.2667003235206,0.1746699758743539,35.59464851353884,-13.538309410919737,-10.097677362957702,-3.440632047962035,13.678575788225446,23.6514329314992,25.12312908979481,-0.2630616252939755
2026-08-07,733.0,736.0,728.2000122070312,731.0,19382042,0.0,0.0,HDFCBANK.NS,-0.0044940594414106805,-0.004504188083747939,-0.003791541492898176,763.6750030517578,771.2822680664062,768.77875,854.1328289794922,756.9823553273105,769.8173296632957,763.6750030517578,827.160610729148,700.1893953743677,0.16626341682965212,34.50401601845563,-14.077026755116663,-10.893547241389495,-3.1834795137271676,11.017861502511161,23.644531812986045,25.01893284548507,-0.2663734701545609
2026-08-10,731.5,737.5499877929688,728.5,731.0,23660590,0.0,0.0,HDFCBANK.NS,0.0,0.0,-0.003791541492898176,759.3275024414063,771.2899475097656,767.7727917480469,852.8313070678711,754.507845296138,768.2950814412056,759.3275024414063,818.9550663426452,699.6999385401674,0.15705361312351535,34.50401601845563,-14.338676791110174,-11.582573151333632,-2.7561036397765424,10.414289202008929,23.591350942581407,24.942891519517072,-0.2663734701545609
2026-08-11,730.5,730.8499755859375,726.5499877929688,729.0,29154365,0.0,0.0,HDFCBANK.NS,-0.002735978112175075,-0.0027397277411203274,-0.006517146030537324,755.3075012207031,771.1484326171875,766.7694592285156,851.5143746948243,752.0785266965058,766.7540978552761,755.3075012207031,811.4607914952525,699.1542109461537,0.14868987845029016,33.77657733380556,-14.539813693485598,-12.174021259764025,-2.365792433721573,9.939287458147321,23.586154817047834,24.531753781106776,-0.268380656282729
2026-08-12,729.0,730.6500244140625,722.0,729.0,26993177,0.0,0.0,HDFCBANK.NS,0.0,0.0,-0.006517146030537324,750.9850006103516,770.9006750488281,766.2073291015626,850.2665493774414,749.8805717730291,765.2735449982065,750.9850006103516,800.5705350105567,701.3994662101464,0.13205465983982434,33.77657733380556,-14.53170370311318,-12.645557748433855,-1.8861459546793249,9.850001743861608,23.600567464789023,24.530289441764612,-0.268380656282729
2026-08-13,726.9000244140625,729.0,724.5,725.0,22129893,0.0,0.0,HDFCBANK.NS,-0.005486968449931462,-0.005502077153983422,-0.01196835510581562,746.8200012207031,770.5620971679688,765.7798107910156,848.9583911132812,747.5109935089312,763.6941902923944,746.8200012207031,789.6715513517061,703.9684510897002,0.11475737141737116,32.20184458936481,-14.678834580136368,-13.052213114774357,-1.6266214653620104,9.385716029575892,23.600362451121374,22.53361208008767,-0.2723950285390652
2026-08-14,725.0,729.5999755859375,723.5,727.0,20364131,0.0,0.0,HDFCBANK.NS,0.0027586206896552667,0.0027548226788446837,-0.009242750568176361,742.1900024414062,770.4041931152344,765.7293859863281,847.6572817993164,745.5575655556997,762.2552024377907,742.1900024414062,768.9024395678016,715.4775653150109,0.07198274576193638,33.8621798210108,-14.4672837335861,-13.335227238536707,-1.1320564950493939,9.117854527064733,23.495244044788326,22.245542086210442,-0.27038784241089714
2026-08-17,727.0499877929688,732.0999755859375,724.5,729.0,14823722,0.0,0.0,HDFCBANK.NS,0.0027510316368637433,0.002747254475138702,-0.006517146030537324,739.7600036621094,770.4515539550781,765.4948376464844,846.3450222778321,743.980654550395,760.951076851995,739.7600036621094,761.2389774531904,718.2810298710284,0.058070113779472896,35.56162503461637,-13.977125278498647,-13.463606846529094,-0.5135184319695529,9.071424211774554,20.473354057239312,22.077262913580515,-0.268380656282729
2026-08-18,726.2999877929688,729.0,723.0,723.0,17916507,0.0,0.0,HDFCBANK.NS,-0.008230452674897082,-0.008264509849893424,-0.014693959643454657,737.8375030517578,770.3848181152343,765.0291204833984,845.0504733276367,741.9824969741669,759.4627993283874,737.8375030517578,757.9838940146924,717.6911120888233,0.05460928965959957,32.83572549751031,-13.912446998546898,-13.553374876932656,-0.3590721216142416,8.367854527064733,20.47632648652475,21.89406641657833,-0.2744022146672333
2026-08-19,724.0,725.4000244140625,715.0999755859375,720.0,21342651,0.0,0.0,HDFCBANK.NS,-0.004149377593360981,-0.004158010148663677,-0.01878236644991338,736.1800018310547,770.0908483886719,764.7901568603515,843.7942919921875,739.88892583377,757.9152385704115,736.1800018310547,756.4760894792839,715.8839141828255,0.05513892688676145,31.534165254277283,-13.942542967262284,-13.631208494998583,-0.3113344722637006,8.217856270926339,19.716792881899092,21.639980999709053,-0.2774129938594855
2026-08-20,725.5,728.2999877929688,724.2999877929688,725.0499877929688,17603805,0.0,0.0,HDFCBANK.NS,0.007013871934678839,0.006989389147679717,-0.011900231628144464,735.0700012207031,769.9421459960937,764.8441827392578,842.5370455932617,738.475693639408,756.6264052065902,735.0700012207031,755.2448339094751,714.8951685319312,0.054892275988051166,36.12411908977389,-13.404385022318024,-13.585843800462472,0.18145877814444766,8.071428571428571,19.61540723211011,21.492494469543054,-0.27234486113675294
2026-08-21,728.2999877929688,732.7999877929688,726.5999755859375,726.9500122070312,26029811,0.0,0.0,HDFCBANK.NS,0.002620542646785129,0.002617115011773272,-0.009310874045847517,734.2775024414062,769.2835070800782,764.8119494628907,841.3256973266601,737.3780096934672,755.4626250889604,734.2775024414062,754.4190219809343,714.1359829018782,0.05486078348460724,37.81333518904567,-12.678425881170824,-13.404360216604143,0.725934335433319,8.003574916294642,19.332393882420863,21.47336618876166,-0.2704380098132094
2026-08-24,732.5,734.4000244140625,724.0999755859375,729.0,11408345,0.0,0.0,HDFCBANK.NS,0.00281998453613741,0.0028160158391041723,-0.006517146030537324,733.7500030517579,768.569462890625,764.7151232910156,840.1275500488281,736.5801040083751,754.4248750854719,733.7500030517579,753.8626943191388,713.637311784377,0.05482164547524284,39.667202097146856,-11.8016391987112,-13.083816013025555,1.2821768143143544,7.653577532087054,19.38884437423023,21.466413925060348,-0.268380656282729
2026-08-25,726.5999755859375,728.7000122070312,722.0,727.5,17511874,0.0,0.0,HDFCBANK.NS,-0.002057613168724326,-0.002059732963010616,-0.00856134943376674,733.3550018310547,767.6768737792969,764.4055676269531,838.9334619140625,735.7153321980536,753.3689976311396,733.3550018310547,753.6408076591099,713.0691960029994,0.05532329029571012,38.75675777262821,-11.09986457058801,-12.687025724538046,1.587161153950035,7.482147216796875,19.2893150721324,21.16573679558294,-0.2698860458788551
2026-08-26,728.0,731.0,724.1500244140625,727.2000122070312,21156463,0.0,0.0,HDFCBANK.NS,-0.0004123543545961894,-0.0004124393960320077,-0.008970173478642707,732.3050018310547,766.7350024414062,764.0831750488281,837.7270526123046,734.9043493417657,752.3427629086254,732.3050018310547,751.5001255273608,713.1098781347487,0.0524238497574387,38.56611308777247,-10.447477611006548,-12.239116101831746,1.791638490825198,7.475001743861607,19.03395571427983,21.039404610614632,-0.27018711154718844
2026-08-27,728.1500244140625,728.1500244140625,710.0,711.0,46515020,0.0,0.0,HDFCBANK.NS,-0.022277244135165297,-0.02252912984637462,-0.031047586869289545,730.1575012207031,765.2350024414062,763.1649572753906,836.4042291259766,732.6277446425499,750.7214780886794,730.1575012207031,748.7575132556121,711.5574891857941,0.050947944803177006,29.987547834485085,-11.109597318892497,-12.013212345243897,0.9036150263513996,8.214290073939733,19.733892365094256,21.11583733504803,-0.2864453314362419
2026-08-28,710.8499755859375,716.2999877929688,707.0,715.7999877929688,8735291,0.0,0.0,HDFCBANK.NS,0.006751037683500272,0.006728351474994401,-0.02450615261472555,728.5399993896484,763.9550024414062,762.4757452392578,835.1162265014649,731.025101133066,749.3520078810045,728.5399993896484,746.1521553834572,710.9278433958397,0.04834918057639596,34.62749853949376,-11.118841969006212,-11.83433826999636,0.7154963009901483,8.232147216796875,19.261059913283802,21.15253936766052,-0.28162809697953034
