Date,Open,High,Low,Close,Volume,Dividends,Stock splits,Ticker
2021-08-30,727.8632353130765,734.6009882849862,725.9916404384651,733.7821655273438,9049166,0.0,0.0,HDFCBANK.NS
2021-08-31,731.5596599538288,740.8474382651433,730.9513687618706,739.93505859375,12062576,0.0,0.0,HDFCBANK.NS
2021-09-01,736.9405133137502,747.702184301824,736.7065639444443,738.85888671875,12422558,0.0,0.0,HDFCBANK.NS
2021-09-02,736.5193863022039,744.8947850702093,735.1858863326421,743.4910888671875,9618524,0.0,0.0,HDFCBANK.NS
2021-09-03,742.1341103203025,747.7021162261457,733.8055478012244,737.4317626953125,10735334,0.0,0.0,HDFCBANK.NS
2021-09-06,739.2565458922177,739.724444603404,730.8343690908638,732.5889892578125,7876896,0.0,0.0,HDFCBANK.NS
2021-09-07,731.0917446980607,740.2157696718924,727.6760612202143,734.2500610351562,7245496,0.0,0.0,HDFCBANK.NS
2021-09-08,735.5133974033473,739.5139544547029,732.5422518441904,737.5955810546875,6724080,0.0,0.0,HDFCBANK.NS
2021-09-09,736.4725873700415,739.0226125546611,730.3899039927794,733.9459228515625,8250948,0.0,0.0,HDFCBANK.NS
2021-09-13,730.8577675105819,741.1515388839704,726.9508247989902,727.83984375,8959164,0.0,0.0,HDFCBANK.NS
2021-09-14,729.9219926150045,732.0275368244709,723.6521384346185,724.5645751953125,9758506,0.0,0.0,HDFCBANK.NS
2021-09-15,718.2245606360663,727.4889784667846,718.2245606360663,723.7457885742188,14822998,0.0,0.0,HDFCBANK.NS
2021-09-16,719.5112312007644,731.9339646234694,718.8328009274061,729.8985595703125,10260550,0.0,0.0,HDFCBANK.NS
2021-09-17,734.1331308228171,743.4911057217695,729.547700275712,740.2860107421875,20498102,0.0,0.0,HDFCBANK.NS
2021-09-20,731.7935977510607,740.0753822447209,728.9862054323227,729.851806640625,8781610,0.0,0.0,HDFCBANK.NS
2021-09-21,730.8577390590561,733.9692767081914,715.393664819418,726.1553344726562,14774996,0.0,0.0,HDFCBANK.NS
2021-09-22,724.7751455141527,725.3132404864232,715.8850694878332,717.6162719726562,10582202,0.0,0.0,HDFCBANK.NS
2021-09-23,721.4998486172622,735.5368106526174,721.4998486172622,734.6010131835938,13664304,0.0,0.0,HDFCBANK.NS
2021-09-24,738.8121413748796,752.3577876180659,736.9405463365646,749.36328125,20806702,0.0,0.0,HDFCBANK.NS
2021-09-27,755.9839427357285,765.248360283423,752.3811454208159,760.3822021484375,16415462,0.0,0.0,HDFCBANK.NS
2021-09-28,763.6107312729913,763.6107312729913,740.215794653108,755.6798706054688,12773790,0.0,0.0,HDFCBANK.NS
2021-09-29,747.2342683926307,751.7260847567792,741.6896798907969,745.7603759765625,16263036,0.0,0.0,HDFCBANK.NS
2021-09-30,742.0873538076034,751.6090811295566,740.7304361257566,746.2750244140625,15975348,0.0,0.0,HDFCBANK.NS
2021-10-01,740.6836663870009,743.4910586790553,732.3784641896735,740.5432739257812,11128596,0.0,0.0,HDFCBANK.NS
2021-10-04,743.4910687947713,749.2696065845623,740.9644042742369,741.9703979492188,7051028,0.0,0.0,HDFCBANK.NS
2021-10-05,744.8946835659208,747.4681262541196,737.5252795042604,746.5089111328125,10257178,0.0,0.0,HDFCBANK.NS
2021-10-06,746.7663223214056,761.2009857374555,742.5552340376382,755.609619140625,18600830,0.0,0.0,HDFCBANK.NS
2021-10-07,761.0839997912436,761.5986769283292,751.9131968657225,753.5508422851562,11265724,0.0,0.0,HDFCBANK.NS
2021-10-08,754.2527714983781,758.9317589146212,748.7081828334393,749.8779296875,7245562,0.0,0.0,HDFCBANK.NS
2021-10-11,748.5912238329689,769.6934460990624,748.1701035333743,764.4530029296875,13080848,0.0,0.0,HDFCBANK.NS
2021-10-12,760.3354701381298,768.0792173113862,760.3354701381298,762.48779296875,8176946,0.0,0.0,HDFCBANK.NS
2021-10-13,765.9502127890877,771.0970987638464,762.6749217142412,767.0731811523438,6225644,0.0,0.0,HDFCBANK.NS
2021-10-14,766.4181393559124,790.7488739386398,766.4181393559124,789.5323486328125,14757288,0.0,0.0,HDFCBANK.NS
2021-10-18,797.7673749395057,807.1253500121098,780.0106400858581,781.5313110351562,28856456,0.0,0.0,HDFCBANK.NS
2021-10-19,783.9408452246269,791.8951230348935,781.8587188797318,790.1405029296875,8987540,0.0,0.0,HDFCBANK.NS
2021-10-20,790.3277778106263,794.8430122320457,778.7940620449946,783.1923217773438,10908568,0.0,0.0,HDFCBANK.NS
2021-10-21,782.2332006142838,786.9823275220377,777.1096747206212,784.3387451171875,9738190,0.0,0.0,HDFCBANK.NS
2021-10-22,786.1166307748242,799.1710165314034,781.7417891509615,786.4207763671875,12175554,0.0,0.0,HDFCBANK.NS
2021-10-25,790.7488240142435,790.7488240142435,755.0949649733542,775.3081665039062,16426766,0.0,0.0,HDFCBANK.NS
2021-10-26,772.0327977134464,783.192169457088,770.324956161864,773.3195190429688,12090656,0.0,0.0,HDFCBANK.NS
2021-10-27,773.3195706484513,779.0747474620774,766.0905586340668,768.6640014648438,13249642,0.0,0.0,HDFCBANK.NS
2021-10-28,772.0329334003637,772.0329334003637,742.6255085423319,745.6434326171875,17797750,0.0,0.0,HDFCBANK.NS
2021-10-29,743.9590128781347,749.5737978809885,729.9220503710001,740.613525390625,12406874,0.0,0.0,HDFCBANK.NS
2021-11-01,741.6194314974399,753.7847975661676,740.9410012363768,751.1177978515625,8122320,0.0,0.0,HDFCBANK.NS
2021-11-02,751.44534061017,758.9317200932103,748.6613660865314,751.7962646484375,13237722,0.0,0.0,HDFCBANK.NS
2021-11-03,751.0242516160887,753.2701884011461,737.197878202498,739.9584350585938,10207338,0.0,0.0,HDFCBANK.NS
2021-11-04,746.2985675510379,747.6320676747624,744.0058520644047,745.8072509765625,1096808,0.0,0.0,HDFCBANK.NS
2021-11-08,744.9415577689133,750.8370703527786,734.8115388253409,748.7549438476562,18943580,0.0,0.0,HDFCBANK.NS
2021-11-09,746.1113342173927,746.1113342173927,734.1565554425947,735.65380859375,12695476,0.0,0.0,HDFCBANK.NS
2021-11-10,733.6651098597492,734.1330085267516,725.2429338537062,727.6994018554688,13714126,0.0,0.0,HDFCBANK.NS
2021-11-11,725.2664546194623,727.5357520533504,718.5052836512886,724.4476318359375,7999404,0.0,0.0,HDFCBANK.NS
2021-11-12,725.2430323240301,729.4775386819591,722.9269564545162,726.646728515625,14914092,0.0,0.0,HDFCBANK.NS
2021-11-15,730.904612413564,735.4666251415645,727.3018149519153,728.6353149414062,9533594,0.0,0.0,HDFCBANK.NS
2021-11-16,727.582480851994,728.6118351487053,721.3126268284178,724.3071899414062,8245406,0.0,0.0,HDFCBANK.NS
2021-11-17,719.1135702464771,722.4356398093381,715.1832094874179,716.2593994140625,7598878,0.0,0.0,HDFCBANK.NS
2021-11-18,714.0368884967193,722.2016985884679,713.6625466615229,720.2833251953125,9152874,0.0,0.0,HDFCBANK.NS
2021-11-22,723.3714420794946,726.5063407477103,701.4036193856,709.0303344726562,15261272,0.0,0.0,HDFCBANK.NS
2021-11-23,702.7839115916332,714.8557220008774,700.1402722718575,709.1239624023438,11235214,0.0,0.0,HDFCBANK.NS
2021-11-24,713.0776758128465,718.8562137965511,708.422106222235,710.293701171875,30802286,0.0,0.0,HDFCBANK.NS
2021-11-25,708.7730866607686,717.4292139914801,705.123453372011,713.9901123046875,10251652,0.0,0.0,HDFCBANK.NS
2021-11-26,701.8480801025066,704.9829786803473,694.8295993014816,697.122314453125,18624936,0.0,0.0,HDFCBANK.NS
2021-11-29,699.4149985992442,705.4274854622762,684.0678984147324,702.4329223632812,12990996,0.0,0.0,HDFCBANK.NS
2021-11-30,699.5086305355009,715.4171880192514,695.554908948658,698.8302001953125,25221542,0.0,0.0,HDFCBANK.NS
2021-12-01,699.5085091034117,705.1467109030004,696.7478955371545,704.0237426757812,8677634,0.0,0.0,HDFCBANK.NS
2021-12-02,703.9536364032033,715.3235983422754,701.8480921268228,713.896484375,11203110,0.0,0.0,HDFCBANK.NS
2021-12-03,713.9198695084689,718.6689956881011,705.146768758102,708.1881103515625,8124694,0.0,0.0,HDFCBANK.NS
2021-12-06,707.9308053003743,710.6446408837688,700.6081784752469,703.6261596679688,7029532,0.0,0.0,HDFCBANK.NS
2021-12-07,708.3752975369557,716.820892914321,706.4803418484618,713.8731079101562,12427534,0.0,0.0,HDFCBANK.NS
2021-12-08,718.6924973661944,727.6059916156952,717.7566998435823,727.0211181640625,15295534,0.0,0.0,HDFCBANK.NS
2021-12-09,722.9970627041388,727.4421004421224,712.1418354958904,714.4111328125,11747744,0.0,0.0,HDFCBANK.NS
2021-12-10,713.4987204148438,714.9491949236455,705.8017527309845,712.399169921875,7779384,0.0,0.0,HDFCBANK.NS
2021-12-13,714.0134087105283,719.4644399316592,705.216890396181,707.0651245117188,10322142,0.0,0.0,HDFCBANK.NS
2021-12-14,703.0178025474343,709.3344350495244,700.4677774580217,702.994384765625,9191100,0.0,0.0,HDFCBANK.NS
2021-12-15,703.2517796630859,712.7735072392076,699.8127354772637,701.8480834960938,10115148,0.0,0.0,HDFCBANK.NS
2021-12-16,707.8372458051468,709.8023976917555,699.0407265336075,701.8948974609375,13210432,0.0,0.0,HDFCBANK.NS
2021-12-17,700.4444335425557,704.6555223213686,686.7349772271347,689.23828125,14994768,0.0,0.0,HDFCBANK.NS
2021-12-20,679.3889963331386,682.1963888799697,661.6556219890123,667.0598754882812,21156668,0.0,0.0,HDFCBANK.NS
2021-12-21,673.5402041456153,678.8040647198691,669.0951663273568,674.6163940429688,9118750,0.0,0.0,HDFCBANK.NS
2021-12-22,679.5293409953787,681.2605434308314,671.7621764690725,676.2072143554688,8577484,0.0,0.0,HDFCBANK.NS
2021-12-23,679.9737894341596,682.1027513772324,672.3002392895576,675.6925048828125,9779166,0.0,0.0,HDFCBANK.NS
2021-12-24,676.3475804899253,679.3889220832733,668.1593531232193,673.2594604492188,5561024,0.0,0.0,HDFCBANK.NS
2021-12-27,668.5805208219992,680.3247677693998,665.4222043278841,678.8275146484375,4705098,0.0,0.0,HDFCBANK.NS
2021-12-28,683.4596341615539,686.3606404814903,680.0440077919508,683.5064697265625,5450678,0.0,0.0,HDFCBANK.NS
2021-12-29,681.2839280160719,683.6000037447715,677.2365928197368,680.2545166015625,7668702,0.0,0.0,HDFCBANK.NS
2021-12-30,682.4302882045415,686.3372311223421,676.1136554374787,683.833984375,7215918,0.0,0.0,HDFCBANK.NS
2021-12-31,683.8339524038007,694.7360149979426,683.8339524038007,692.2093505859375,6325736,0.0,0.0,HDFCBANK.NS
2022-01-03,694.8295953810808,712.6097466433577,692.7240511526534,711.0422973632812,9069184,0.0,0.0,HDFCBANK.NS
2022-01-04,711.2060471421149,717.2419519918268,705.4977056629859,715.2066040039062,8857352,0.0,0.0,HDFCBANK.NS
2022-01-05,719.066759647386,735.5367713761124,714.9960066045779,732.1912841796875,14332638,0.0,0.0,HDFCBANK.NS
2022-01-06,721.967753419475,727.4655635961949,715.9084876032401,720.4470825195312,9628930,0.0,0.0,HDFCBANK.NS
2022-01-07,722.4356675971685,733.0803641242641,718.6456991580834,725.5004272460938,11179384,0.0,0.0,HDFCBANK.NS
2022-01-10,728.9863190275839,735.5369021253928,723.137584118826,729.5244140625,8856496,0.0,0.0,HDFCBANK.NS
2022-01-11,730.6472691784858,733.992699333782,724.2136617774655,732.6826171875,8389198,0.0,0.0,HDFCBANK.NS
2022-01-12,733.6651307861456,737.7124657944661,726.1787519005727,728.3544921875,21085530,0.0,0.0,HDFCBANK.NS
2022-01-13,727.5825458546584,727.5825458546584,711.3932607592723,714.9492797851562,41963896,0.0,0.0,HDFCBANK.NS
2022-01-14,715.8850170593487,724.634699976791,710.7381313157847,722.9736938476562,11208968,0.0,0.0,HDFCBANK.NS
2022-01-17,715.8850370439071,728.0504036864833,710.8083473875251,711.9078979492188,22989372,0.0,0.0,HDFCBANK.NS
2022-01-18,717.2886776701968,725.6640754798688,712.609690862172,715.5340576171875,12341152,0.0,0.0,HDFCBANK.NS
2022-01-19,717.7566217187649,720.4470393034343,708.0945019261654,710.4807739257812,14317626,0.0,0.0,HDFCBANK.NS
2022-01-20,715.1597499962256,715.183167778,701.894833184986,706.0591430664062,15197846,0.0,0.0,HDFCBANK.NS
2022-01-21,701.8481105455162,715.791515854972,695.1103572609701,711.9547119140625,11537694,0.0,0.0,HDFCBANK.NS
2022-01-24,706.5036291281489,711.790907358927,686.6647696631117,695.6016235351562,11868508,0.0,0.0,HDFCBANK.NS
2022-01-25,682.5004800615633,699.5085871279545,675.6457523831212,696.2567138671875,13594248,0.0,0.0,HDFCBANK.NS
2022-01-27,678.4531469966787,694.8296022690124,671.4346661656787,690.127197265625,28617838,0.0,0.0,HDFCBANK.NS
2022-01-28,691.3202658242168,695.6249106226671,683.1320393254528,684.6527099609375,24925208,0.0,0.0,HDFCBANK.NS
2022-01-31,689.0978994263672,697.8944189691098,686.3139246484154,695.1571655273438,12842546,0.0,0.0,HDFCBANK.NS
2022-02-01,705.8251708495114,709.8023096975201,689.4252989884608,700.4443359375,14739484,0.0,0.0,HDFCBANK.NS
2022-02-02,707.439482390718,718.2245712750496,704.4683367927917,716.446533203125,13969290,0.0,0.0,HDFCBANK.NS
2022-02-03,715.3001889256323,720.5406318948554,706.0591889378767,709.0303344726562,10564762,0.0,0.0,HDFCBANK.NS
2022-02-04,715.1364024737923,717.2185288944974,708.4454280490403,713.07763671875,11579958,0.0,0.0,HDFCBANK.NS
2022-02-07,707.5096208566665,710.7381333465257,683.1321097339879,686.9454956054688,12268042,0.0,0.0,HDFCBANK.NS
2022-02-08,690.8056293716563,691.76478740517,675.9030676903482,683.9976806640625,13981130,0.0,0.0,HDFCBANK.NS
2022-02-09,689.6826995080589,701.7076735253208,686.4074085334615,700.72509765625,11308342,0.0,0.0,HDFCBANK.NS
2022-02-10,708.398621088093,718.4584429859755,702.6200836537802,713.59228515625,14314530,0.0,0.0,HDFCBANK.NS
2022-02-11,701.965063867404,713.5455573389709,701.614139822811,710.66796875,10711104,0.0,0.0,HDFCBANK.NS
2022-02-14,697.1691307967247,701.5907510950923,687.4836496114692,689.5423583984375,14656620,0.0,0.0,HDFCBANK.NS
2022-02-15,690.6185668794573,713.4988275713342,689.2382883898335,710.1767578125,13135066,0.0,0.0,HDFCBANK.NS
2022-02-16,717.9203728269758,718.1075437339092,705.1233545574205,709.2174682617188,10032264,0.0,0.0,HDFCBANK.NS
2022-02-17,707.9775856519622,712.1418959411561,702.7839209616402,704.8894653320312,7351208,0.0,0.0,HDFCBANK.NS
2022-02-18,701.0527049227635,709.8023885133234,697.3796541208723,707.6266479492188,7796128,0.0,0.0,HDFCBANK.NS
2022-02-21,703.7197039099151,716.2125774026551,699.765982409433,712.1886596679688,7468066,0.0,0.0,HDFCBANK.NS
2022-02-22,697.07557613859,712.1886713970088,696.2099177633888,706.8546142578125,9536196,0.0,0.0,HDFCBANK.NS
2022-02-23,713.592352667638,713.873080486644,699.8127577039627,702.2692260742188,9029562,0.0,0.0,HDFCBANK.NS
2022-02-24,678.4063475939694,690.1271759497945,658.4036778434378,664.1354370117188,23630766,0.0,0.0,HDFCBANK.NS
2022-02-25,673.7508570073841,685.8928651876679,670.4287869369182,681.3074340820312,18318654,0.0,0.0,HDFCBANK.NS
2022-02-28,667.2235404627246,673.0956919438478,661.6321738924195,667.3405151367188,24880832,0.0,0.0,HDFCBANK.NS
2022-03-02,648.7415244963162,654.3095302517596,633.7219881833586,643.009765625,38505560,0.0,0.0,HDFCBANK.NS
2022-03-03,646.1681228737863,651.3150087185448,637.699167588901,641.4891357421875,17527922,0.0,0.0,HDFCBANK.NS
2022-03-04,636.3422642528815,648.5076310694807,625.5338151583654,639.3836059570312,21219364,0.0,0.0,HDFCBANK.NS
2022-03-07,616.9244686053191,623.4048545200336,606.8880638056838,619.8722534179688,27054458,0.0,0.0,HDFCBANK.NS
2022-03-08,609.2976870802052,624.1768891432812,604.5251430083352,621.2759399414062,39212492,0.0,0.0,HDFCBANK.NS
2022-03-09,622.3052828761213,643.2203323186494,617.0882008482499,641.559326171875,23134694,0.0,0.0,HDFCBANK.NS
2022-03-10,667.6914033116668,667.6914033116668,645.8171404491437,651.6424560546875,22273206,0.0,0.0,HDFCBANK.NS
2022-03-11,649.4434424176493,659.2458980426811,642.284568944958,653.5609741210938,15150780,0.0,0.0,HDFCBANK.NS
2022-03-14,662.0766532654897,678.4531075865442,662.0766532654897,674.96728515625,25018126,0.0,0.0,HDFCBANK.NS
2022-03-15,675.4118058493968,678.219198184067,660.5560214117672,666.2877807617188,18867928,0.0,0.0,HDFCBANK.NS
2022-03-16,677.0494294773479,680.7926191358266,671.996100591785,677.5875244140625,13364108,0.0,0.0,HDFCBANK.NS
2022-03-17,688.7469421183597,697.075562498746,688.0685117950921,692.5135498046875,14823954,0.0,0.0,HDFCBANK.NS
2022-03-21,695.765382460701,698.8769203085982,689.1212436187219,695.5314331054688,12257876,0.0,0.0,HDFCBANK.NS
2022-03-22,693.0984136042903,700.912299571318,681.8220084853747,699.1109008789062,10461814,0.0,0.0,HDFCBANK.NS
2022-03-23,705.1233492347262,710.6445768066046,689.4955210466934,692.13916015625,31188256,0.0,0.0,HDFCBANK.NS
2022-03-24,685.93952279829,687.6473645478017,671.22413091639,675.0140991210938,20160044,0.0,0.0,HDFCBANK.NS
2022-03-25,678.9210493269327,679.3889480514861,663.948290141225,669.5162963867188,16366462,0.0,0.0,HDFCBANK.NS
2022-03-28,669.5162544931684,672.8383238063171,655.8067998749772,670.4052734375,15754886,0.0,0.0,HDFCBANK.NS
2022-03-29,674.2420809430911,683.2491316427125,669.0951948290217,679.29541015625,12377448,0.0,0.0,HDFCBANK.NS
2022-03-30,688.746973305781,693.7768849654531,680.3482134276455,691.0630493164062,20109742,0.0,0.0,HDFCBANK.NS
2022-03-31,688.2789990989702,694.6891885485168,685.8927271127579,687.974853515625,14295714,0.0,0.0,HDFCBANK.NS
2022-04-01,690.8057259998988,706.5271125783324,687.9515550478917,704.655517578125,14568556,0.0,0.0,HDFCBANK.NS
2022-04-04,739.2799561112737,805.7683508673401,731.1151465312183,775.214599609375,97450970,0.0,0.0,HDFCBANK.NS
2022-04-05,779.8467649375319,779.8467649375319,749.573740943305,752.4981079101562,30922582,0.0,0.0,HDFCBANK.NS
2022-04-06,742.8827416727144,743.8653746340015,724.0030405883982,725.6406860351562,27027860,0.0,0.0,HDFCBANK.NS
2022-04-07,721.1722998718208,721.1956605372436,708.2582498667109,709.6853637695312,40781732,0.0,0.0,HDFCBANK.NS
2022-04-08,707.5096552211411,713.8964842819717,700.5847883163185,708.7028198242188,41256322,0.0,0.0,HDFCBANK.NS
2022-04-11,704.6555443696186,706.5271394409854,698.6898350796367,700.0467529296875,20799066,0.0,0.0,HDFCBANK.NS
2022-04-12,694.3616640533457,705.0531378211556,692.5602654991568,698.8067016601562,27435402,0.0,0.0,HDFCBANK.NS
2022-04-13,697.1691285715119,702.9243059694253,684.3721093462098,685.4482421875,28892520,0.0,0.0,HDFCBANK.NS
2022-04-18,663.8781019646151,669.8672285581865,650.4026528038955,652.9292602539062,45620376,0.0,0.0,HDFCBANK.NS
2022-04-19,646.1214503478619,650.1687863035042,620.9016941508291,628.0137329101562,74096022,0.0,0.0,HDFCBANK.NS
2022-04-20,633.7453710453256,636.29545322895,624.8085173031893,633.6752319335938,49325736,0.0,0.0,HDFCBANK.NS
2022-04-21,638.6817987018899,645.6067231021995,633.2074061310639,643.056640625,52446270,0.0,0.0,HDFCBANK.NS
2022-04-22,636.3422741404268,643.524508237747,631.2655843325418,634.2835083007812,20659148,0.0,0.0,HDFCBANK.NS
2022-04-25,631.6631889029036,641.325307623133,618.6790011310106,639.0325927734375,20935488,0.0,0.0,HDFCBANK.NS
2022-04-26,641.956989934193,646.6125589606428,635.0087059489563,641.9804077148438,17016842,0.0,0.0,HDFCBANK.NS
2022-04-27,636.3422646708045,645.2323404272349,634.5174482238076,642.2144165039062,18054334,0.0,0.0,HDFCBANK.NS
2022-04-28,641.9569775911713,645.2322682931671,637.3247693178985,641.65283203125,20773722,0.0,0.0,HDFCBANK.NS
2022-04-29,645.8640304031856,657.2807713665148,641.7465556586802,647.8526000976562,28401476,0.0,0.0,HDFCBANK.NS
2022-05-02,637.3014921733744,658.0761502267766,637.3014921733744,656.7894287109375,19494316,0.0,0.0,HDFCBANK.NS
2022-05-04,655.0582480641592,656.7426721358721,631.6633106332964,634.470703125,29055916,0.0,0.0,HDFCBANK.NS
2022-05-05,643.360707162427,643.360707162427,630.0255943230603,633.0435180664062,17862912,0.0,0.0,HDFCBANK.NS
2022-05-06,622.3053126249852,624.6448062814701,614.3510341929365,616.5033569335938,26731268,0.0,0.0,HDFCBANK.NS
2022-05-09,608.2683736009221,620.6676904474025,606.162829230765,617.55615234375,32762434,0.0,0.0,HDFCBANK.NS
2022-05-10,615.3101596635764,633.066891078932,615.3101596635764,627.4755249023438,20113812,0.0,0.0,HDFCBANK.NS
2022-05-11,633.0670056593522,634.0028031547836,621.6736825757839,631.0082397460938,17102924,0.0,0.0,HDFCBANK.NS
2022-05-12,625.3280964613642,628.0261632360961,612.0272830721492,616.7843627929688,22382290,7.75,0.0,HDFCBANK.NS
2022-05-13,620.0976884814426,623.8607098634346,609.1872030305314,611.2462158203125,16768238,0.0,0.0,HDFCBANK.NS
2022-05-16,614.8674041954738,621.0208116277611,608.382682552167,617.7547607421875,9804356,0.0,0.0,HDFCBANK.NS
2022-05-17,621.3047211117464,623.3874241380387,614.4886283805336,621.9674072265625,16641444,0.0,0.0,HDFCBANK.NS
2022-05-18,626.7245072423251,631.1028928608465,620.0740713797754,621.9201049804688,15732384,0.0,0.0,HDFCBANK.NS
2022-05-19,608.8084921607397,613.6365837843223,605.0691609395454,609.2108764648438,20537506,0.0,0.0,HDFCBANK.NS
2022-05-20,616.7607290100877,626.7954928932373,611.7196570057959,625.2571411132812,13919350,0.0,0.0,HDFCBANK.NS
2022-05-23,621.9673984270154,629.5171317872963,614.9146363103386,617.2340087890625,19486320,0.0,0.0,HDFCBANK.NS
2022-05-24,615.3407344006453,627.1742100621962,613.8733949747416,624.3104858398438,12870796,0.0,0.0,HDFCBANK.NS
2022-05-25,629.5408840910824,632.3572280918651,626.3221557067814,628.972900390625,12887112,0.0,0.0,HDFCBANK.NS
2022-05-26,635.2919163568214,648.9477342187919,634.2742260052379,646.912353515625,26992428,0.0,0.0,HDFCBANK.NS
2022-05-27,649.326445570491,660.1658621498103,648.8294165218157,658.9115600585938,24031718,0.0,0.0,HDFCBANK.NS
2022-05-30,667.5262901343535,672.3780146327596,661.9408671117387,663.4082641601562,12624674,0.0,0.0,HDFCBANK.NS
2022-05-31,660.7339547503448,664.9466836174759,653.2078527172565,657.4442138671875,13485388,0.0,0.0,HDFCBANK.NS
2022-06-01,653.2078050088518,662.887564224445,652.8054784242131,660.2368774414062,12091896,0.0,0.0,HDFCBANK.NS
2022-06-02,656.6395776905593,656.9945819675592,652.5451834730333,655.6218872070312,11475020,0.0,0.0,HDFCBANK.NS
2022-06-03,661.8699556291225,663.0296130823147,651.4564974904033,653.349853515625,6957244,0.0,0.0,HDFCBANK.NS
2022-06-06,651.4564884687982,656.5211926538722,644.0487215665758,652.47412109375,6173266,0.0,0.0,HDFCBANK.NS
2022-06-07,644.6877488651877,650.5098419561832,640.9483590300321,644.9717407226562,10253966,0.0,0.0,HDFCBANK.NS
2022-06-08,650.0364861317101,653.6811733997421,642.3210371494931,647.2437744140625,5986588,0.0,0.0,HDFCBANK.NS
2022-06-09,644.806015573734,654.1781503456399,642.3919983690421,652.1190795898438,7311816,0.0,0.0,HDFCBANK.NS
2022-06-10,643.7883099305161,647.5040092218784,635.9782170663667,639.5282592773438,9155430,0.0,0.0,HDFCBANK.NS
2022-06-13,626.511501525943,629.5408827433928,619.2694493477306,627.9315185546875,10892572,0.0,0.0,HDFCBANK.NS
2022-06-14,620.6658087125638,627.6475594683392,617.7074397482523,621.0208129882812,11870356,0.0,0.0,HDFCBANK.NS
2022-06-15,616.1216730760376,622.8194309622124,614.5833214454613,618.8670043945312,11810470,0.0,0.0,HDFCBANK.NS
2022-06-16,620.0740634178733,625.0678127660508,604.9272160672077,606.4892578125,12169192,0.0,0.0,HDFCBANK.NS
2022-06-17,603.5072629824699,614.867399697434,601.8978987250547,610.489013671875,14723922,0.0,0.0,HDFCBANK.NS
2022-06-20,617.5653947653956,627.1741999600592,612.5717027850421,625.8251953125,15936840,0.0,0.0,HDFCBANK.NS
2022-06-21,632.8068924380476,640.9009774209887,626.7244981154012,632.6412353515625,13220684,0.0,0.0,HDFCBANK.NS
2022-06-22,630.6057965228979,632.8304664064475,626.3220560463876,629.6591186523438,8159698,0.0,0.0,HDFCBANK.NS
2022-06-23,629.7774779340417,638.0609096242678,624.0974104893153,631.978515625,15372244,0.0,0.0,HDFCBANK.NS
2022-06-24,633.5879763381755,644.5220962821917,633.5879763381755,640.806396484375,8013432,0.0,0.0,HDFCBANK.NS
2022-06-27,648.4744761664746,651.3145103686636,639.9543735599078,641.966064453125,9804164,0.0,0.0,HDFCBANK.NS
2022-06-28,636.1675999329924,639.48097284931,633.5169131560658,637.0669555664062,9770574,0.0,0.0,HDFCBANK.NS
2022-06-29,630.1324782999224,639.362587841217,630.1324782999224,636.1438598632812,9994046,0.0,0.0,HDFCBANK.NS
2022-06-30,632.3809061022116,640.9010081305348,632.3809061022116,638.0609741210938,12475822,0.0,0.0,HDFCBANK.NS
2022-07-01,636.1439086225995,643.7410224780701,629.5645429261943,640.7826538085938,11472452,0.0,0.0,HDFCBANK.NS
2022-07-04,640.7589611464242,643.8356645501927,635.3392528781949,641.6820068359375,8487480,0.0,0.0,HDFCBANK.NS
2022-07-05,645.6344186304245,652.9001609789714,638.203019182199,640.2383422851562,14325718,0.0,0.0,HDFCBANK.NS
2022-07-06,638.0609093693026,650.0837303452961,637.6348927549916,649.0660400390625,15049078,0.0,0.0,HDFCBANK.NS
2022-07-07,653.2078053283803,661.7279071370114,650.5807508251304,660.6865844726562,17743142,0.0,0.0,HDFCBANK.NS
2022-07-08,667.4079643038475,667.4079643038475,660.1895448317669,661.3018798828125,12474030,0.0,0.0,HDFCBANK.NS
2022-07-11,659.8345520397675,667.3606535366644,659.4795477972783,665.5856323242188,7462880,0.0,0.0,HDFCBANK.NS
2022-07-12,665.1595990343833,665.1595990343833,657.6571877869562,658.793212890625,9876974,0.0,0.0,HDFCBANK.NS
2022-07-13,657.9411875229638,659.9291881427924,641.0193188510601,642.7233276367188,15945610,0.0,0.0,HDFCBANK.NS
2022-07-14,644.6876772822643,649.728748870004,638.6526054134325,639.504638671875,10372410,0.0,0.0,HDFCBANK.NS
2022-07-15,640.4276846012615,646.0604304121975,637.4930058328619,644.71142578125,13595646,0.0,0.0,HDFCBANK.NS
2022-07-18,638.0609408531288,646.6283647787831,635.2445970528642,637.8479614257812,20332220,0.0,0.0,HDFCBANK.NS
2022-07-19,632.8542367511087,643.0547152126437,632.8542367511087,638.0846557617188,15792538,0.0,0.0,HDFCBANK.NS
2022-07-20,643.6937013470418,648.9950749004665,641.492663496681,646.1314086914062,20347862,0.0,0.0,HDFCBANK.NS
2022-07-21,644.0014246445072,648.237785747247,642.8417093809554,644.0960693359375,12640278,0.0,0.0,HDFCBANK.NS
2022-07-22,646.581029089991,661.2545370708034,644.8770203644754,659.12451171875,12729592,0.0,0.0,HDFCBANK.NS
2022-07-25,660.3078547606243,664.8518972587639,654.7698119942409,661.065185546875,10143126,0.0,0.0,HDFCBANK.NS
2022-07-26,660.7812603349215,663.6212944051289,656.189895033676,659.7162475585938,8527964,0.0,0.0,HDFCBANK.NS
2022-07-27,657.4204487632333,665.5145328772356,655.2194111915459,664.7572021484375,9212778,0.0,0.0,HDFCBANK.NS
2022-07-28,669.7983540849104,674.0347148899765,667.8813080826944,670.6503295898438,17420406,0.0,0.0,HDFCBANK.NS
2022-07-29,680.6614431431668,680.9454349708267,669.916671568808,678.8627319335938,20019736,0.0,0.0,HDFCBANK.NS
2022-08-01,681.1349013042358,685.6079322693399,676.8985398670344,684.519287109375,13193036,0.0,0.0,HDFCBANK.NS
2022-08-02,682.5548362631915,683.7855061039321,673.5850853482716,676.9931030273438,15036510,0.0,0.0,HDFCBANK.NS
2022-08-03,674.4843417078575,679.5964256924633,670.7213200112976,678.5787353515625,10975498,0.0,0.0,HDFCBANK.NS
2022-08-04,681.6081431357295,684.7794912450086,668.8043003902649,677.7741088867188,12012206,0.0,0.0,HDFCBANK.NS
2022-08-05,678.2947372860145,680.164403086726,672.6856821032446,675.4783935546875,9268982,0.0,0.0,HDFCBANK.NS
2022-08-08,675.9280724889151,693.2049454902074,675.5020558450844,692.0452880859375,15357736,0.0,0.0,HDFCBANK.NS
2022-08-10,691.7139440904666,696.5183465521361,685.8919089915445,694.0570068359375,17353102,0.0,0.0,HDFCBANK.NS
2022-08-11,703.6183182790625,705.7483434605329,697.9619411871878,703.2396240234375,18301766,0.0,0.0,HDFCBANK.NS
2022-08-12,702.9083577168467,704.9437383632303,698.624617003692,702.9793701171875,8850370,0.0,0.0,HDFCBANK.NS
2022-08-16,707.5470932825897,714.0318138560021,704.3520553352726,711.026123046875,12563756,0.0,0.0,HDFCBANK.NS
2022-08-17,710.0085123405493,716.0435846954439,703.2634314733141,714.694580078125,12384350,0.0,0.0,HDFCBANK.NS
2022-08-18,710.008526430319,716.5879503313682,709.8428693302802,715.5465698242188,8342138,0.0,0.0,HDFCBANK.NS
2022-08-19,714.7418839044774,715.6885618964038,705.2751039852128,706.7188110351562,8063702,0.0,0.0,HDFCBANK.NS
2022-08-22,702.8137823590608,704.494101169479,694.7196390958088,695.9739990234375,8234066,0.0,0.0,HDFCBANK.NS
2022-08-23,687.903575143371,698.6246570090722,686.5308805205054,693.8203125,14966884,0.0,0.0,HDFCBANK.NS
2022-08-24,691.9742490093071,698.4116474192263,690.6961991270781,697.1572875976562,13455520,0.0,0.0,HDFCBANK.NS
2022-08-25,700.4943803550603,703.7604309305221,689.6549059666497,693.37060546875,11823040,0.0,0.0,HDFCBANK.NS
2022-08-26,696.778693332773,701.3937485514476,691.642918993121,693.4889526367188,7706176,0.0,0.0,HDFCBANK.NS
2022-08-29,680.1881325761254,684.4481835108402,676.2120734809305,681.3241577148438,8653178,0.0,0.0,HDFCBANK.NS
2022-08-30,684.6612336275455,705.2514819376713,683.075559394274,703.4291381835938,10135400,0.0,0.0,HDFCBANK.NS
2022-09-01,693.3233295007825,705.01478018178,690.601630135956,696.8260498046875,22403136,0.0,0.0,HDFCBANK.NS
2022-09-02,696.8260165078848,705.5117755531663,693.5362758079048,703.1450805664062,12038086,0.0,0.0,HDFCBANK.NS
2022-09-05,703.4290477623429,709.5351321703702,702.482369800808,707.6654663085938,12131932,0.0,0.0,HDFCBANK.NS
2022-09-06,709.48787908154,713.1562565405578,703.594773527377,704.9674682617188,12238696,0.0,0.0,HDFCBANK.NS
2022-09-07,696.4236424775478,705.2750580128373,696.4236424775478,701.63037109375,9776206,0.0,0.0,HDFCBANK.NS
2022-09-08,705.3223942153467,710.0084616181538,701.5593724810251,708.8724365234375,11164690,0.0,0.0,HDFCBANK.NS
2022-09-09,708.2097390835974,714.2685009714878,707.1921065293857,709.3457641601562,15128888,0.0,0.0,HDFCBANK.NS
2022-09-12,710.0085188900646,711.901874940438,705.2751287641307,706.9555053710938,11080492,0.0,0.0,HDFCBANK.NS
2022-09-13,709.4878982980149,717.5346619744523,709.3222411902171,716.2092895507812,13001966,0.0,0.0,HDFCBANK.NS
2022-09-14,707.1921240116534,728.4213656433966,706.3874130797399,723.5696411132812,20219760,0.0,0.0,HDFCBANK.NS
2022-09-15,724.2087167212493,729.3917559933695,715.6886141715876,719.806640625,13539372,0.0,0.0,HDFCBANK.NS
2022-09-16,711.4757677925938,716.9664880842785,701.9616664055304,706.5767211914062,20560046,0.0,0.0,HDFCBANK.NS
2022-09-19,704.8017372069685,716.6352116395905,700.5416864112245,711.2391357421875,12076038,0.0,0.0,HDFCBANK.NS
2022-09-20,716.6352922326611,721.3686825380287,714.694613763589,719.806640625,10781668,0.0,0.0,HDFCBANK.NS
2022-09-21,713.7951670816074,720.1852431794865,712.3751501709676,718.6942138671875,9072304,0.0,0.0,HDFCBANK.NS
2022-09-22,710.9551991274026,714.8129236481702,701.8434231066286,703.3817749023438,12048144,0.0,0.0,HDFCBANK.NS
2022-09-23,696.9207472592227,698.1751073132368,680.1882231926246,684.519287109375,15806252,0.0,0.0,HDFCBANK.NS
2022-09-26,674.6737596977232,679.9278112565614,671.1947294615087,675.2891235351562,8923486,0.0,0.0,HDFCBANK.NS
2022-09-27,678.0107465776804,681.6081111638067,665.9879252829694,669.2302856445312,12639700,0.0,0.0,HDFCBANK.NS
2022-09-28,665.5146754065687,667.6920233859096,656.0005724707542,657.728271484375,11816132,0.0,0.0,HDFCBANK.NS
2022-09-29,660.9232428535685,663.7158966193714,652.6398106789119,654.3201293945312,14410388,0.0,0.0,HDFCBANK.NS
2022-09-30,652.6397959370244,677.561046520772,646.1076950288735,672.7803344726562,15781756,0.0,0.0,HDFCBANK.NS
2022-10-03,667.3842557736752,671.1236451823496,663.1952174570123,668.922607421875,11541112,0.0,0.0,HDFCBANK.NS
2022-10-04,676.638129699665,690.1282917818199,675.0524555373647,687.7615966796875,11538526,0.0,0.0,HDFCBANK.NS
2022-10-06,691.0511547579542,692.3055144913168,678.8626771866964,680.1880493164062,12549198,0.0,0.0,HDFCBANK.NS
2022-10-07,676.9930584243101,679.2177284598232,672.3069910888432,677.25341796875,13297994,0.0,0.0,HDFCBANK.NS
2022-10-10,666.4612853356891,674.9813869948101,661.8225402090238,669.774658203125,13109302,0.0,0.0,HDFCBANK.NS
2022-10-11,663.195218193418,670.721319359864,662.4141973381068,662.9822387695312,14521620,0.0,0.0,HDFCBANK.NS
2022-10-12,664.1892100752841,669.7036205529012,661.3965564168059,667.3132934570312,9225050,0.0,0.0,HDFCBANK.NS
2022-10-13,663.6450131620727,665.6330139849169,655.1012205192,659.645263671875,14714234,0.0,0.0,HDFCBANK.NS
2022-10-14,670.7213685736215,684.9215386916234,669.8930253167381,681.1348266601562,12849920,0.0,0.0,HDFCBANK.NS
2022-10-17,679.2414079903542,689.9388569363749,675.454696308178,684.70849609375,18410500,0.0,0.0,HDFCBANK.NS
2022-10-18,690.1519908382136,692.4476735610679,681.6081982959277,683.4305419921875,10561108,0.0,0.0,HDFCBANK.NS
2022-10-19,692.9682038077501,699.3109571200404,687.9508226313887,690.4358520507812,12967040,0.0,0.0,HDFCBANK.NS
2022-10-20,683.5015092803935,687.7142378951055,682.7915007873737,685.7735595703125,7898078,0.0,0.0,HDFCBANK.NS
2022-10-21,687.2882499642978,689.9626269558933,678.7681476920131,680.9454956054688,10492606,0.0,0.0,HDFCBANK.NS
2022-10-24,688.3769222390107,692.4949483754677,688.3769222390107,691.5719604492188,2167794,0.0,0.0,HDFCBANK.NS
2022-10-25,691.5955514291327,694.7669571686256,683.9748056352751,686.7675170898438,13773394,0.0,0.0,HDFCBANK.NS
2022-10-27,693.204906271337,694.5539107499477,686.9331650572058,688.4241943359375,15937276,0.0,0.0,HDFCBANK.NS
2022-10-28,686.3415684282495,694.3883316443048,685.110898551334,690.4595947265625,10474278,0.0,0.0,HDFCBANK.NS
2022-10-31,696.7550217495098,709.061835992368,694.5066614551414,708.4464721679688,12830528,0.0,0.0,HDFCBANK.NS
2022-11-01,711.6651573414332,723.7353013468916,709.4878095867721,716.2802124023438,19073756,0.0,0.0,HDFCBANK.NS
2022-11-02,718.0551695029621,723.3802325595925,715.499127679653,716.7297973632812,12720406,0.0,0.0,HDFCBANK.NS
2022-11-03,708.9197790999174,719.5935963898347,708.5884649206265,713.5822143554688,10332352,0.0,0.0,HDFCBANK.NS
2022-11-04,711.5231511022943,717.6292356675809,705.0857523541924,708.6594848632812,10818060,0.0,0.0,HDFCBANK.NS
2022-11-07,714.7418728342593,715.6885508115232,706.2690933816195,714.1738891601562,9835834,0.0,0.0,HDFCBANK.NS
2022-11-09,717.1322211596956,718.504857932011,711.9018024905791,713.9608154296875,9269790,0.0,0.0,HDFCBANK.NS
2022-11-10,708.6357980412447,722.7886455515248,707.6654877696277,721.7236328125,12774182,0.0,0.0,HDFCBANK.NS
2022-11-11,731.3087317757319,774.8559183927981,727.9953588809551,762.6201171875,56722338,0.0,0.0,HDFCBANK.NS
2022-11-14,763.0224185196467,770.5958420285266,756.3956729493768,764.4661254882812,19195390,0.0,0.0,HDFCBANK.NS
2022-11-15,768.3002449618797,768.3002449618797,759.8274649136445,766.3358764648438,11030202,0.0,0.0,HDFCBANK.NS
2022-11-16,766.170202291269,777.2226566503574,763.022486309608,772.915283203125,13578150,0.0,0.0,HDFCBANK.NS
2022-11-17,765.9097816187531,772.2762254819945,763.9217810419066,765.9334716796875,12100930,0.0,0.0,HDFCBANK.NS
2022-11-18,767.2825092660813,768.2291872540715,759.8274201106582,763.9218139648438,10459232,0.0,0.0,HDFCBANK.NS
2022-11-21,760.9634887596205,763.0225019450933,752.7036881737774,756.0880737304688,8344816,0.0,0.0,HDFCBANK.NS
2022-11-22,757.3424030172414,759.4014161193165,753.0823520002695,754.9757080078125,8546314,0.0,0.0,HDFCBANK.NS
2022-11-23,759.7091462925441,759.7091462925441,754.5024169410065,756.9401245117188,10185738,0.0,0.0,HDFCBANK.NS
2022-11-24,760.1586834269335,772.489186507646,756.9400131515326,769.246826171875,17197960,0.0,0.0,HDFCBANK.NS
2022-11-25,771.400538611901,772.3472166038309,764.0164618309748,765.6968383789062,8410496,0.0,0.0,HDFCBANK.NS
2022-11-28,758.7151143331906,760.8687721706614,754.526075630677,757.4607543945312,16105980,0.0,0.0,HDFCBANK.NS
2022-11-29,756.040654176102,763.1880609189634,753.9579511951042,756.3246459960938,12638236,0.0,0.0,HDFCBANK.NS
2022-11-30,755.9695946730914,763.4483728904855,755.9695946730914,761.3419799804688,15184806,0.0,0.0,HDFCBANK.NS
2022-12-01,767.7558572644913,774.8559422576894,764.4424842676656,766.572509765625,20446366,0.0,0.0,HDFCBANK.NS
2022-12-02,762.0758197096427,766.1465237122118,759.7801370262731,760.703125,7811078,0.0,0.0,HDFCBANK.NS
2022-12-05,762.052089952201,764.2531278294877,755.5436787874839,763.4721069335938,11592622,0.0,0.0,HDFCBANK.NS
2022-12-06,757.8157149339461,763.827096930786,757.342375948978,762.6201171875,12353092,0.0,0.0,HDFCBANK.NS
2022-12-07,764.0401462647712,766.1464816690436,759.4487233693498,762.2887573242188,11674720,0.0,0.0,HDFCBANK.NS
2022-12-08,762.0757892699328,769.6492132626774,759.7090942722001,766.572509765625,14803634,0.0,0.0,HDFCBANK.NS
2022-12-09,769.6491658684815,773.8382042003839,766.8091320460886,772.03955078125,11963384,0.0,0.0,HDFCBANK.NS
2022-12-12,769.175858298182,782.7133418481023,767.4718494913106,778.0509643554688,14434808,0.0,0.0,HDFCBANK.NS
2022-12-13,781.0093651173817,784.322738181516,778.6426700715715,780.2047119140625,17031702,0.0,0.0,HDFCBANK.NS
2022-12-14,782.4292928873821,788.3460298269417,781.0092760218877,786.8076782226562,14227640,0.0,0.0,HDFCBANK.NS
2022-12-15,784.3464018645261,790.1921268749417,770.146232067255,772.3945922851562,18182648,0.0,0.0,HDFCBANK.NS
2022-12-16,766.8328578314446,778.6899649239426,761.6024388526127,776.1102905273438,14647958,0.0,0.0,HDFCBANK.NS
2022-12-19,778.169287755073,779.4236476156718,769.7438307486328,778.5242919921875,9604542,0.0,0.0,HDFCBANK.NS
2022-12-20,766.9038071781762,774.5719334714851,766.9038071781762,773.1519165039062,7174698,0.0,0.0,HDFCBANK.NS
2022-12-21,776.7493628398976,778.548074299987,760.4428560619455,765.6732177734375,9269198,0.0,0.0,HDFCBANK.NS
2022-12-22,767.850425686671,770.359145247349,761.6023746254898,763.0460815429688,9747096,0.0,0.0,HDFCBANK.NS
2022-12-23,751.1890303820713,759.3068061921712,750.4553317833038,756.2301025390625,10693152,0.0,0.0,HDFCBANK.NS
2022-12-26,757.105686415071,775.8025758263841,752.6089661769071,771.2821655273438,9907322,0.0,0.0,HDFCBANK.NS
2022-12-27,772.9625269730042,774.3588538023118,763.7324171897993,772.0631713867188,7926772,0.0,0.0,HDFCBANK.NS
2022-12-28,768.2764094267546,772.9624764124482,768.2764094267546,771.4478149414062,8691870,0.0,0.0,HDFCBANK.NS
2022-12-29,766.856535519368,777.9326801546684,762.5491619891518,776.891357421875,11012896,0.0,0.0,HDFCBANK.NS
2022-12-30,778.6425586893796,778.6425586893796,766.8090851530668,770.6668090820312,7122640,0.0,0.0,HDFCBANK.NS
2023-01-02,770.122592864354,776.1576654267515,766.1229012195713,770.92724609375,4381378,0.0,0.0,HDFCBANK.NS
2023-01-03,767.85048648393,777.6959605884185,767.85048648393,775.96826171875,8378030,0.0,0.0,HDFCBANK.NS
2023-01-04,773.9092723546631,778.9976666530196,760.6557802287117,762.0994873046875,10351600,0.0,0.0,HDFCBANK.NS
2023-01-05,764.4424266422033,765.8861335942461,752.3249607233827,757.2003173828125,10941436,0.0,0.0,HDFCBANK.NS
2023-01-06,758.2890762614053,761.649771597572,747.0235849749788,754.6917114257812,9092462,0.0,0.0,HDFCBANK.NS
2023-01-09,755.4491100902288,762.809555296411,752.6090758417694,756.1591186523438,10729340,0.0,0.0,HDFCBANK.NS
2023-01-10,757.3424088115413,757.3424088115413,740.7755436187888,742.3375854492188,16371766,0.0,0.0,HDFCBANK.NS
2023-01-11,742.1718091980973,756.3956682495882,738.4087875277582,753.0349731445312,15195798,0.0,0.0,HDFCBANK.NS
2023-01-12,751.5676291901252,759.1883749446505,749.8399304176081,757.058349609375,9250070,0.0,0.0,HDFCBANK.NS
2023-01-13,756.750729788885,762.0284712196939,750.7156575106625,757.6500854492188,9244546,0.0,0.0,HDFCBANK.NS
2023-01-16,764.4424213611721,767.4244799251755,748.0175825407742,750.38427734375,14748094,0.0,0.0,HDFCBANK.NS
2023-01-17,752.5143515673539,762.5491150718101,746.6922588614403,761.5551147460938,10786354,0.0,0.0,HDFCBANK.NS
2023-01-18,759.7091126719464,777.0333089188046,757.200392801334,774.9979858398438,19090642,0.0,0.0,HDFCBANK.NS
2023-01-19,774.8558577602039,781.0092640832843,772.9625019684869,778.216552734375,11172162,0.0,0.0,HDFCBANK.NS
2023-01-20,778.2166926967351,790.0028461760414,777.885378485851,786.1924438476562,18843404,0.0,0.0,HDFCBANK.NS
2023-01-23,788.701120801895,796.4402020140254,786.4054381729433,791.9434814453125,15444400,0.0,0.0,HDFCBANK.NS
2023-01-24,792.866505329516,805.8123152644733,792.842815267551,802.5462646484375,24983940,0.0,0.0,HDFCBANK.NS
2023-01-25,800.6056037705797,801.3392445591735,778.7846872191718,780.370361328125,14704142,0.0,0.0,HDFCBANK.NS
2023-01-27,772.4892355564111,774.8559305182873,752.5853078147762,764.8211669921875,35179948,0.0,0.0,HDFCBANK.NS
2023-01-30,754.9755870722463,769.3177796442409,748.8221810334129,764.0400390625,18512822,0.0,0.0,HDFCBANK.NS
2023-01-31,766.6672147917049,768.087231902103,754.9757636950177,758.9991455078125,18596244,0.0,0.0,HDFCBANK.NS
2023-02-01,768.7025579600521,788.1094575144623,760.1824557166525,770.3829345703125,17302790,0.0,0.0,HDFCBANK.NS
2023-02-02,761.1764609144216,768.9392323415261,752.0173625008308,758.9281005859375,17497106,0.0,0.0,HDFCBANK.NS
2023-02-03,762.5491167048964,785.9793968271139,760.6557607354243,785.1747436523438,14411100,0.0,0.0,HDFCBANK.NS
2023-02-06,785.7427543408033,790.1921525781385,779.2106529093284,781.8377075195312,11167672,0.0,0.0,HDFCBANK.NS
2023-02-07,785.4587118076032,788.0620761871278,772.7732040823922,782.997314453125,10264588,0.0,0.0,HDFCBANK.NS
2023-02-08,783.0209836671545,789.6240391235308,781.0092930638084,782.9026489257812,8444826,0.0,0.0,HDFCBANK.NS
2023-02-09,785.7427448206556,786.5237657315753,774.1696293119086,781.2697143554688,11777336,0.0,0.0,HDFCBANK.NS
2023-02-10,780.4414377960402,785.032803404326,777.317353885381,784.3701171875,8172116,0.0,0.0,HDFCBANK.NS
2023-02-13,783.3759959273335,786.5710339771882,778.4296267994425,784.961669921875,5736944,0.0,0.0,HDFCBANK.NS
2023-02-14,788.1093910341734,794.0261282040997,784.7723281580804,792.2274169921875,10908592,0.0,0.0,HDFCBANK.NS
2023-02-15,794.262851292887,794.262851292887,784.204397425203,790.6181640625,11438712,0.0,0.0,HDFCBANK.NS
2023-02-16,791.9907552742181,796.1088390532639,786.2160428519792,787.75439453125,8062500,0.0,0.0,HDFCBANK.NS
2023-02-17,786.2161415593935,789.6005272348177,777.6723488173061,783.8021240234375,8956270,0.0,0.0,HDFCBANK.NS
2023-02-20,785.7427119293137,790.2157422072587,773.8145926677021,776.4415893554688,8086706,0.0,0.0,HDFCBANK.NS
2023-02-21,776.2759576421577,786.8550727038969,773.4359236507838,779.3526611328125,12389296,0.0,0.0,HDFCBANK.NS
2023-02-22,775.8026738859212,777.199000918852,761.6261929817764,764.0638427734375,10359102,0.0,0.0,HDFCBANK.NS
2023-02-23,763.4957924668398,766.2648140080034,753.6029959990215,758.8807373046875,27882010,0.0,0.0,HDFCBANK.NS
2023-02-24,765.8151364213195,765.8151364213195,750.336917326773,752.1119384765625,17061740,0.0,0.0,HDFCBANK.NS
2023-02-27,750.6683772868718,756.8691070076666,746.5976731955545,753.9817504882812,14312972,0.0,0.0,HDFCBANK.NS
2023-02-28,753.5556504719998,759.8510819707354,751.9936087375356,757.1530151367188,18993992,0.0,0.0,HDFCBANK.NS
2023-03-01,763.0224281514963,763.4957671267764,755.330669803195,756.4193725585938,14137256,0.0,0.0,HDFCBANK.NS
2023-03-02,754.5024054273814,760.1587836607059,748.8223371305629,749.9819946289062,17391814,0.0,0.0,HDFCBANK.NS
2023-03-03,755.4490119813835,766.8091474999005,751.6623001418777,764.8684692382812,14986234,0.0,0.0,HDFCBANK.NS
2023-03-06,766.8092503084201,776.0156715902972,765.8862622860476,770.2646484375,27004710,0.0,0.0,HDFCBANK.NS
2023-03-08,766.8091679963849,776.039278351897,766.8091679963849,771.8029174804688,20099774,0.0,0.0,HDFCBANK.NS
2023-03-09,771.5189581163709,779.0923828837921,770.1226310371359,771.8739624023438,20700166,0.0,0.0,HDFCBANK.NS
2023-03-10,762.2887875145955,763.8508293638935,750.2423327911828,751.9700317382812,27387000,0.0,0.0,HDFCBANK.NS
2023-03-13,751.6150309707979,759.1411328403547,740.751865944351,742.4559326171875,26443550,0.0,0.0,HDFCBANK.NS
2023-03-14,743.2605460585534,749.5796099935142,738.0775072511518,740.4678344726562,33185612,0.0,0.0,HDFCBANK.NS
2023-03-15,746.9289573593102,749.248330063132,727.3327108002192,729.8414306640625,37264754,0.0,0.0,HDFCBANK.NS
2023-03-16,728.4686231949322,737.9827242614297,725.1789406988648,734.57470703125,21753342,0.0,0.0,HDFCBANK.NS
2023-03-17,737.2254484326775,747.4968810064513,728.9420164278159,744.3965454101562,22950876,0.0,0.0,HDFCBANK.NS
2023-03-20,742.1718613024195,742.2428737084866,731.4981015299404,739.2371826171875,26503114,0.0,0.0,HDFCBANK.NS
2023-03-21,744.0651312534271,749.0588802339063,736.6100428719521,747.6151733398438,33050494,0.0,0.0,HDFCBANK.NS
2023-03-22,749.7689910429613,750.7393591246861,740.9175746776272,745.8876342773438,14177324,0.0,0.0,HDFCBANK.NS
2023-03-23,742.0771890697815,752.7746385074203,737.722493547406,739.8998413085938,28364178,0.0,0.0,HDFCBANK.NS
2023-03-24,738.4088098056723,744.9882331927605,736.0184248411618,738.7164916992188,31477748,0.0,0.0,HDFCBANK.NS
2023-03-27,739.4501509534972,747.6152485739262,737.8881669466679,741.9351806640625,31872006,0.0,0.0,HDFCBANK.NS
2023-03-28,741.1067998011212,749.2482647269658,740.3494690077168,747.97021484375,39276302,0.0,0.0,HDFCBANK.NS
2023-03-29,749.7689766744074,758.2890786820711,748.7749763296413,751.5676879882812,39763612,0.0,0.0,HDFCBANK.NS
2023-03-31,755.2596794028502,763.4720993070749,753.7450177500838,761.86279296875,34711228,0.0,0.0,HDFCBANK.NS
2023-04-03,760.916103659407,764.7737701383646,758.6440534334533,762.3361206054688,40025398,0.0,0.0,HDFCBANK.NS
2023-04-05,766.1464855665928,783.8493755314626,764.9158157360166,782.7843627929688,43365392,0.0,0.0,HDFCBANK.NS
2023-04-06,780.3230137466818,790.0974176490104,779.6366375439686,788.7484130859375,44637344,0.0,0.0,HDFCBANK.NS
2023-04-10,787.2811447033577,790.9495222000966,782.9027586588628,785.0090942382812,31813286,0.0,0.0,HDFCBANK.NS
2023-04-11,785.269306931565,790.1920434979919,781.5299177233834,787.3046875,42361542,0.0,0.0,HDFCBANK.NS
2023-04-12,789.5293687807915,799.0907924607276,789.4347241030233,797.52880859375,26955504,0.0,0.0,HDFCBANK.NS
2023-04-13,799.138228506588,803.2799446098875,794.3338262706332,801.1025390625,35330086,0.0,0.0,HDFCBANK.NS
2023-04-17,814.1430655398879,814.1430655398879,782.571377912893,788.8904418945312,32405148,0.0,0.0,HDFCBANK.NS
2023-04-18,790.4761429987975,793.9078508052294,784.0387440490672,785.5534057617188,29637226,0.0,0.0,HDFCBANK.NS
2023-04-19,788.1094206815565,790.6181404482337,784.3937211551915,788.4407348632812,24741168,0.0,0.0,HDFCBANK.NS
2023-04-20,791.2807247846998,794.002423833816,788.7720629382435,791.3754272460938,32922716,0.0,0.0,HDFCBANK.NS
2023-04-21,790.0028164885751,793.7658385477291,787.2811171507625,792.6535034179688,20128618,0.0,0.0,HDFCBANK.NS
2023-04-24,798.5229093249309,800.6292448057368,792.4168245439707,799.0672607421875,35675852,0.0,0.0,HDFCBANK.NS
2023-04-25,798.8541908386393,798.8541908386393,786.6420795569525,787.7070922851562,50353068,0.0,0.0,HDFCBANK.NS
2023-04-26,785.7427019581631,792.8427866144116,783.376007072747,791.328125,27392750,0.0,0.0,HDFCBANK.NS
2023-04-27,790.7127411596693,797.6944908945422,788.5117034159383,795.6828002929688,47790392,0.0,0.0,HDFCBANK.NS
2023-04-28,797.4341901096315,800.4162489215953,790.4761299225689,798.806884765625,27916272,0.0,0.0,HDFCBANK.NS
2023-05-02,799.3275537958391,804.2029686544997,796.1562055779098,798.6412353515625,32221184,0.0,0.0,HDFCBANK.NS
2023-05-03,797.552545393005,802.7829645894082,795.0438832970477,801.4339599609375,29407270,0.0,0.0,HDFCBANK.NS
2023-05-04,798.5702121515963,820.9828021558743,798.5702121515963,817.8351440429688,56854638,0.0,0.0,HDFCBANK.NS
2023-05-05,775.8026458391606,786.1924141095578,767.8032049269116,769.4835815429688,62770416,0.0,0.0,HDFCBANK.NS
2023-05-08,773.9092936156137,781.1750359781396,771.5425985281042,778.38232421875,37244524,0.0,0.0,HDFCBANK.NS
2023-05-09,780.9619868467801,783.8493430397727,776.2522293745058,778.4059448242188,43688938,0.0,0.0,HDFCBANK.NS
2023-05-10,778.4059313050248,783.2103333766557,773.009855524588,782.0032958984375,46340550,0.0,0.0,HDFCBANK.NS
2023-05-11,788.1804838313546,798.9962689250709,780.6543818274131,782.5240478515625,35734618,0.0,0.0,HDFCBANK.NS
2023-05-12,779.5893400518114,791.8015094745331,778.287657790037,789.434814453125,22478760,0.0,0.0,HDFCBANK.NS
2023-05-15,791.4227853213184,795.5645014526352,788.1567347587811,793.2214965820312,18512260,0.0,0.0,HDFCBANK.NS
2023-05-16,800.4030139627808,800.4030139627808,787.0932626645074,788.6732177734375,32722086,9.5,0.0,HDFCBANK.NS
2023-05-17,789.9658807338478,789.9658807338478,778.1642575542323,784.4360961914062,30466868,0.0,0.0,HDFCBANK.NS
2023-05-18,789.0083841897797,791.8570257917997,785.1782464024507,787.5720825195312,49646942,0.0,0.0,HDFCBANK.NS
2023-05-19,789.0083216684993,789.9658560394562,781.1326248446826,788.481689453125,30460332,0.0,0.0,HDFCBANK.NS
2023-05-22,787.5720151966582,791.354287626984,781.6831554747228,785.680908203125,28334032,0.0,0.0,HDFCBANK.NS
2023-05-23,789.487061418846,789.774310031499,782.0422085660649,783.8375854492188,22470074,0.0,0.0,HDFCBANK.NS
2023-05-24,779.2175554402136,782.6646557954235,772.538718142512,773.592041015625,33588112,0.0,0.0,HDFCBANK.NS
2023-05-25,773.5441253964981,775.6268094273125,764.7587591498904,770.6236572265625,29776930,0.0,0.0,HDFCBANK.NS
2023-05-26,775.1240726305493,775.1240726305493,767.1047222806039,773.592041015625,26635066,0.0,0.0,HDFCBANK.NS
2023-05-29,779.6723115571738,785.6569009919081,777.9247997535801,783.023681640625,21816292,0.0,0.0,HDFCBANK.NS
2023-05-30,782.1140640569184,786.4469304713781,779.696324831423,783.6221923828125,37125928,0.0,0.0,HDFCBANK.NS
2023-05-31,780.3427069263231,782.7604463317739,768.2538345692759,771.22216796875,43334270,0.0,0.0,HDFCBANK.NS
2023-06-01,775.5549142196161,775.5549142196161,766.0274362920823,767.9425048828125,50366938,0.0,0.0,HDFCBANK.NS
2023-06-02,771.9881679023533,773.1133176055869,766.5063067001975,769.1395263671875,17859710,0.0,0.0,HDFCBANK.NS
2023-06-05,772.9696926063541,773.9272270660708,767.2005241092544,768.1341552734375,18697242,0.0,0.0,HDFCBANK.NS
2023-06-06,769.6900635841799,770.7433279959911,762.3170373717256,765.740234375,32182852,0.0,0.0,HDFCBANK.NS
2023-06-07,767.6792286969496,772.0360568877586,764.1124365028589,769.7139892578125,24949026,0.0,0.0,HDFCBANK.NS
2023-06-08,767.5835520644657,778.4755064131117,767.5835520644657,770.1928100585938,37395522,0.0,0.0,HDFCBANK.NS
2023-06-09,773.6399676877086,774.8847507794242,769.3789277124094,771.1024780273438,18212578,0.0,0.0,HDFCBANK.NS
2023-06-12,772.0360982895694,773.5920917430839,765.7642009992537,766.4105834960938,13408292,0.0,0.0,HDFCBANK.NS
2023-06-13,761.287754551761,770.3364668139276,761.287754551761,767.7032470703125,27926108,0.0,0.0,HDFCBANK.NS
2023-06-14,771.030546307908,771.7726587801916,766.1231829378727,766.8652954101562,20113968,0.0,0.0,HDFCBANK.NS
2023-06-15,767.9425712071014,768.8761438484094,755.9733914813049,757.4336547851562,35377476,0.0,0.0,HDFCBANK.NS
2023-06-16,759.8754201529412,770.4322024997265,758.3672916910389,767.3441772460938,15779272,0.0,0.0,HDFCBANK.NS
2023-06-19,771.2938865843043,772.8498798378108,765.2374703858508,768.0143432617188,24829146,0.0,0.0,HDFCBANK.NS
2023-06-20,768.0144276761805,771.2939713592292,761.5510703742875,769.6182861328125,20005626,0.0,0.0,HDFCBANK.NS
2023-06-21,773.6878294269613,783.8616328770374,771.2939933210611,783.0716552734375,24308946,0.0,0.0,HDFCBANK.NS
2023-06-22,785.1781832214814,793.580570693625,784.7233777731387,786.9017333984375,56596140,0.0,0.0,HDFCBANK.NS
2023-06-23,784.0051796001923,794.7056138469821,782.3294945543738,786.8538208007812,21339218,0.0,0.0,HDFCBANK.NS
2023-06-26,787.571994837304,790.3249060654587,779.7680665871447,783.0476684570312,16130314,0.0,0.0,HDFCBANK.NS
2023-06-27,786.5905941784453,800.929707728713,784.4840651290187,794.0833129882812,33831864,0.0,0.0,HDFCBANK.NS
2023-06-28,799.5412267594668,804.2810337444777,794.9929383437692,802.4856567382812,59562950,0.0,0.0,HDFCBANK.NS
2023-06-30,815.8192458258862,818.1173515857972,805.8848271927366,814.574462890625,40699016,0.0,0.0,HDFCBANK.NS
2023-07-03,819.8888869527296,841.4334124492976,818.691968869587,823.3839111328125,44104116,0.0,0.0,HDFCBANK.NS
2023-07-04,825.1313123295552,836.406303333363,820.5112555769142,827.4054565429688,38795188,0.0,0.0,HDFCBANK.NS
2023-07-05,821.6841820227852,823.4795589682101,798.8470106542848,801.1211547851562,37165754,0.0,0.0,HDFCBANK.NS
2023-07-06,800.9774632331506,808.0871439109142,794.9450086715105,801.9349975585938,52156544,0.0,0.0,HDFCBANK.NS
2023-07-07,797.1473245803539,801.9349961994551,792.9820736490386,794.9450073242188,19926336,0.0,0.0,HDFCBANK.NS
2023-07-10,795.2323081500037,802.772891445225,789.8222154878739,793.0538940429688,38398442,0.0,0.0,HDFCBANK.NS
2023-07-11,796.1898182223189,802.4137915457645,787.8113925946035,789.1998291015625,50670426,0.0,0.0,HDFCBANK.NS
2023-07-12,792.5272531476065,797.7697889233564,779.0260418202364,781.8028564453125,70958358,0.0,0.0,HDFCBANK.NS
2023-07-13,793.1735905563402,793.5326659534852,784.2446291019418,785.704833984375,41913546,0.0,0.0,HDFCBANK.NS
2023-07-14,791.6894113288874,791.6894113288874,782.7843533101579,787.3326416015625,24727214,0.0,0.0,HDFCBANK.NS
2023-07-17,789.9658626293475,805.2864126924621,781.8268204083179,803.80224609375,49252928,0.0,0.0,HDFCBANK.NS
2023-07-18,812.9467471445371,815.8193504913376,799.5412648594681,803.1320190429688,81076818,0.0,0.0,HDFCBANK.NS
2023-07-19,804.8555610048314,808.5181419226229,801.9350926545632,806.7706298828125,32935134,0.0,0.0,HDFCBANK.NS
2023-07-20,804.8795083270657,810.0741208768967,804.3289143458549,808.5181274414062,56210948,0.0,0.0,HDFCBANK.NS
2023-07-21,804.3288890002611,809.0208308967337,801.0972104283851,802.2941284179688,42154248,0.0,0.0,HDFCBANK.NS
2023-07-24,803.6107312414538,806.555161158962,799.5890751426567,803.5628662109375,32179444,0.0,0.0,HDFCBANK.NS
2023-07-25,806.555183500857,813.4254812031791,803.5628884699448,812.2764282226562,55992596,0.0,0.0,HDFCBANK.NS
2023-07-26,813.7126998116902,813.7126998116902,808.1590121278992,809.45166015625,24794358,0.0,0.0,HDFCBANK.NS
2023-07-27,813.85633843129,815.3405049960073,798.3203084228094,801.04931640625,59741302,0.0,0.0,HDFCBANK.NS
2023-07-28,795.471629607848,799.0145182505155,785.7047679378544,786.8538208007812,41015684,0.0,0.0,HDFCBANK.NS
2023-07-31,789.989808735889,793.2214872008873,784.5557544882844,790.5403442382812,34565006,0.0,0.0,HDFCBANK.NS
2023-08-01,792.0962813602819,798.3202542585794,789.965790937782,795.8306884765625,35394188,0.0,0.0,HDFCBANK.NS
2023-08-02,786.1357533490648,790.6840418124119,781.8986752587043,785.4176025390625,28116322,0.0,0.0,HDFCBANK.NS
2023-08-03,785.1781976196645,790.6121935791729,777.0391553272656,779.7442016601562,57673946,0.0,0.0,HDFCBANK.NS
2023-08-04,782.856158727379,793.0778262359121,780.0314207032054,791.0191040039062,37388304,0.0,0.0,HDFCBANK.NS
2023-08-07,796.2377106290166,796.2377106290166,788.7929158097952,790.5643310546875,28300918,0.0,0.0,HDFCBANK.NS
2023-08-08,790.7797145936216,792.6469182530226,786.1596581385537,789.91796875,43773828,0.0,0.0,HDFCBANK.NS
2023-08-09,791.4021792268796,792.1203300247262,780.917165889668,790.2052612304688,33361236,0.0,0.0,HDFCBANK.NS
2023-08-10,788.5535116922156,792.0006120305654,780.8692750321005,783.1912841796875,50781118,0.0,0.0,HDFCBANK.NS
2023-08-11,784.4121451817492,784.4121451817492,773.7834789124577,775.0283203125,28225822,0.0,0.0,HDFCBANK.NS
2023-08-14,771.2939587813216,773.2090275802822,766.1472113841155,771.24609375,31304410,0.0,0.0,HDFCBANK.NS
2023-08-16,757.936278873205,770.6475703412267,757.0745330516527,768.9957885742188,34137542,0.0,0.0,HDFCBANK.NS
2023-08-17,764.8784583736676,770.7673182443161,763.1549081618289,764.73486328125,52884040,0.0,0.0,HDFCBANK.NS
2023-08-18,760.0669062962402,764.2561193764838,759.0854101401351,761.5989379882812,25633366,0.0,0.0,HDFCBANK.NS
2023-08-21,766.2668661889733,766.2668661889733,759.8035093045302,761.0004272460938,21837270,0.0,0.0,HDFCBANK.NS
2023-08-22,764.2799958764373,765.069973432526,756.4521639695814,757.7448120117188,32273570,0.0,0.0,HDFCBANK.NS
2023-08-23,756.4521477981758,761.5031649471699,753.2204693186583,759.6119995117188,36498588,0.0,0.0,HDFCBANK.NS
2023-08-24,762.8198062571005,764.2081843881693,754.6089370548672,756.1170654296875,43145792,0.0,0.0,HDFCBANK.NS
2023-08-25,753.8429059393314,755.2552457791736,746.1108040957927,747.594970703125,30069756,0.0,0.0,HDFCBANK.NS
2023-08-28,747.5949720764402,757.7209098998453,747.5949720764402,755.3749389648438,28867238,0.0,0.0,HDFCBANK.NS
2023-08-29,761.0962378308944,762.5086362173317,757.1464082058284,761.383544921875,35538932,0.0,0.0,HDFCBANK.NS
2023-08-30,767.918583020737,767.918583020737,753.4358760513546,755.8297119140625,28084204,0.0,0.0,HDFCBANK.NS
2023-08-31,755.9734194012763,757.9603149977916,748.3610091258726,752.3587036132812,100075772,0.0,0.0,HDFCBANK.NS
2023-09-01,752.1432576208482,755.9733951516992,746.5656081528945,753.9146728515625,43226776,0.0,0.0,HDFCBANK.NS
2023-09-04,761.2398731833899,761.9340622690505,754.0104999128797,758.630615234375,25073638,0.0,0.0,HDFCBANK.NS
2023-09-05,760.473793886353,760.473793886353,751.9517147780502,754.0104370117188,38712082,0.0,0.0,HDFCBANK.NS
2023-09-06,754.9201238552107,766.0274992165465,754.010454511239,763.873046875,56320910,0.0,0.0,HDFCBANK.NS
2023-09-07,763.8731027987624,772.730296406896,759.8754081832036,771.22216796875,34208342,0.0,0.0,HDFCBANK.NS
2023-09-08,770.0012791246807,781.7789400663747,769.6661070326583,777.2306518554688,34502210,0.0,0.0,HDFCBANK.NS
2023-09-11,779.8638828046087,783.5025017381441,777.51791189902,781.2523193359375,31573022,0.0,0.0,HDFCBANK.NS
2023-09-12,785.178197372979,786.5666339228394,778.0206512071577,783.6940307617188,39033340,0.0,0.0,HDFCBANK.NS
2023-09-13,781.0129551372609,790.7318942113928,779.7202486339522,787.04541015625,46420094,0.0,0.0,HDFCBANK.NS
2023-09-14,787.2129133414476,789.9658245482066,782.8321820803015,786.5665893554688,23538848,0.0,0.0,HDFCBANK.NS
2023-09-15,789.9659158090586,799.5412602431078,789.9659158090586,795.5914306640625,173411202,0.0,0.0,HDFCBANK.NS
2023-09-18,791.7611944741388,792.3596534268783,778.5232707508934,779.9356689453125,37056288,0.0,0.0,HDFCBANK.NS
2023-09-20,765.548760092835,765.548760092835,747.0683576854377,748.6482543945312,115474648,0.0,0.0,HDFCBANK.NS
2023-09-21,743.5254363384076,751.161749541656,735.8891231351594,743.6929931640625,72841442,0.0,0.0,HDFCBANK.NS
2023-09-22,746.3980579436757,748.9834124885792,729.5215142987016,732.3462524414062,61704250,0.0,0.0,HDFCBANK.NS
2023-09-25,730.1199506265053,737.636571986799,730.1199506265053,732.9925537109375,40208754,0.0,0.0,HDFCBANK.NS
2023-09-26,730.1199748754191,737.3014828250133,730.1199748754191,736.1763916015625,27575308,0.0,0.0,HDFCBANK.NS
2023-09-27,729.1624342668326,733.7107225961398,725.3322967263633,731.0056762695312,39338538,0.0,0.0,HDFCBANK.NS
2023-09-28,734.4288841265327,736.1524343562999,726.9361657647512,729.49755859375,55354188,0.0,0.0,HDFCBANK.NS
2023-09-29,729.4975901133708,735.1231049512756,728.8273627596361,730.742431640625,32053782,0.0,0.0,HDFCBANK.NS
2023-10-03,731.0774976675469,731.0774976675469,721.0233866976592,722.0048828125,38971694,0.0,0.0,HDFCBANK.NS
2023-10-04,715.7569705893197,734.9076587656226,713.0040591639762,732.2984008789062,54649430,0.0,0.0,HDFCBANK.NS
2023-10-05,734.9316709791724,742.8313303944558,733.7586561818523,735.2667846679688,48512674,0.0,0.0,HDFCBANK.NS
2023-10-06,739.2165913446855,739.6953585670591,732.4420234594476,734.452880859375,17759356,0.0,0.0,HDFCBANK.NS
2023-10-09,731.55630088108,732.513835306317,723.8960254791839,725.9307861328125,16454972,0.0,0.0,HDFCBANK.NS
2023-10-10,727.989492834349,732.035052316478,725.4280415474352,730.0481567382812,33266292,0.0,0.0,HDFCBANK.NS
2023-10-11,732.5616968533279,738.330865115236,731.7956810054357,737.1099853515625,31333360,0.0,0.0,HDFCBANK.NS
2023-10-12,735.4342849776942,743.046695154072,733.2798325755078,742.017333984375,22025336,0.0,0.0,HDFCBANK.NS
2023-10-13,737.3015454264508,741.5147204919085,732.4899113143808,735.2667846679688,39745300,0.0,0.0,HDFCBANK.NS
2023-10-16,733.2319960651158,734.6443359841811,727.965556654919,732.3223266601562,17856084,0.0,0.0,HDFCBANK.NS
2023-10-17,744.8420626176685,744.8420626176685,734.9076433348039,737.8759765625,32902558,0.0,0.0,HDFCBANK.NS
2023-10-18,737.8760401745988,737.8760401745988,726.8165287202147,727.6065063476562,31216200,0.0,0.0,HDFCBANK.NS
2023-10-19,720.7361578942352,730.7184423716426,719.682834983418,725.308349609375,30252364,0.0,0.0,HDFCBANK.NS
2023-10-20,720.5446319365362,731.0775102771368,720.5446319365362,729.0667114257812,21094010,0.0,0.0,HDFCBANK.NS
2023-10-23,729.4018275247573,731.9153553189844,718.1986633818357,721.04736328125,22376136,0.0,0.0,HDFCBANK.NS
2023-10-25,728.2049558099759,729.0667602000749,714.0573608059868,716.4751586914062,28311996,0.0,0.0,HDFCBANK.NS
2023-10-26,713.9615222749121,714.3205976423598,699.1197404204128,700.6278686523438,55561798,0.0,0.0,HDFCBANK.NS
2023-10-27,703.548416210113,707.6179375015631,702.3036331507926,703.380859375,31940532,0.0,0.0,HDFCBANK.NS
2023-10-30,700.5560392009198,713.3390988556793,699.9097152306466,711.01708984375,23310982,0.0,0.0,HDFCBANK.NS
2023-10-31,720.0658162779376,720.0658162779376,705.7028013255851,706.8997192382812,32634824,0.0,0.0,HDFCBANK.NS
2023-11-01,700.0773018118728,707.354539496317,700.0773018118728,705.9421997070312,33877466,0.0,0.0,HDFCBANK.NS
2023-11-02,710.9692996573848,713.6025192857455,702.4233167339939,707.0194702148438,45225154,0.0,0.0,HDFCBANK.NS
2023-11-03,712.4056102569502,714.0334304636632,709.3654501545199,710.370849609375,18095340,0.0,0.0,HDFCBANK.NS
2023-11-06,717.193263319672,717.193263319672,710.0117553425058,715.517578125,25593730,0.0,0.0,HDFCBANK.NS
2023-11-07,715.2781260341811,715.2781260341811,707.234814492639,712.0464477539062,41952848,0.0,0.0,HDFCBANK.NS
2023-11-08,710.4664864917698,715.0147744015756,709.0541467812902,714.1051635742188,31399546,0.0,0.0,HDFCBANK.NS
2023-11-09,711.4481354625899,714.6079876326531,710.2512173342882,711.2805786132812,22116740,0.0,0.0,HDFCBANK.NS
2023-11-10,708.6233409063911,716.2357512885518,708.5994376116778,714.081298828125,14015186,0.0,0.0,HDFCBANK.NS
2023-11-13,714.3685319579603,716.2117740009877,711.4001986764561,712.7886352539062,20605914,0.0,0.0,HDFCBANK.NS
2023-11-15,720.1137927400063,723.3933366396359,718.4142041069291,720.2574462890625,41245460,0.0,0.0,HDFCBANK.NS
2023-11-16,722.794761480394,727.2473194666765,719.9461202422743,722.1484375,29713838,0.0,0.0,HDFCBANK.NS
2023-11-17,713.3630955591337,721.7415211781168,712.8843283809061,720.5924682617188,23701874,0.0,0.0,HDFCBANK.NS
2023-11-20,724.3747271219125,724.3747271219125,718.8928664109501,720.6403198242188,19331452,0.0,0.0,HDFCBANK.NS
2023-11-21,727.2473578304415,728.6836593929769,723.9438525479579,726.74462890625,24959972,0.0,0.0,HDFCBANK.NS
2023-11-22,727.7260937743376,727.7260937743376,719.8503972552013,724.1593017578125,29123650,0.0,0.0,HDFCBANK.NS
2023-11-23,722.220328180805,729.5693930831869,722.220328180805,728.3485717773438,13046220,0.0,0.0,HDFCBANK.NS
2023-11-24,728.3006518298484,734.0219550188177,727.654327789123,733.5192260742188,16469192,0.0,0.0,HDFCBANK.NS
2023-11-28,735.0033214761758,735.9848175325754,730.5029569217514,731.867431640625,28489338,0.0,0.0,HDFCBANK.NS
2023-11-29,734.3809775281464,748.3130905581396,733.950075384279,746.4698486328125,34042488,0.0,0.0,HDFCBANK.NS
2023-11-30,751.257597217354,752.8374939821603,738.3308822383686,746.3023681640625,69491440,0.0,0.0,HDFCBANK.NS
2023-12-01,745.8714174875178,749.6297282428743,743.09454440636,744.6744995117188,22153536,0.0,0.0,HDFCBANK.NS
2023-12-04,760.2823241901957,771.7727371502491,753.4120264631497,770.5279541015625,50662456,0.0,0.0,HDFCBANK.NS
2023-12-05,783.5025725396295,784.6994906156142,773.9272279317513,777.3743286132812,52230820,0.0,0.0,HDFCBANK.NS
2023-12-06,784.4360428215049,784.4360428215049,773.9989536278642,779.3372192382812,38613060,0.0,0.0,HDFCBANK.NS
2023-12-07,777.996699171334,782.3056039667443,773.7835244385168,780.60595703125,20450386,0.0,0.0,HDFCBANK.NS
2023-12-08,780.605970823838,792.3597291563016,780.605970823838,791.4979248046875,33728038,0.0,0.0,HDFCBANK.NS
2023-12-11,789.9898356540881,796.5249611291558,788.5295723280279,790.4446411132812,23187620,0.0,0.0,HDFCBANK.NS
2023-12-12,791.9766596766761,792.9581557902037,781.2762247045517,782.5928344726562,36581476,0.0,0.0,HDFCBANK.NS
2023-12-13,781.563465201162,783.2631120796166,773.2568662574292,780.8214111328125,29346914,0.0,0.0,HDFCBANK.NS
2023-12-14,788.0507632436652,794.2507747290626,787.5719960728002,790.0376586914062,35172366,0.0,0.0,HDFCBANK.NS
2023-12-15,789.9658581899005,798.5836675519721,788.3380380661904,793.101806640625,138837130,0.0,0.0,HDFCBANK.NS
2023-12-18,795.0886602023099,797.0037289891579,790.4206800343679,792.69482421875,18014754,0.0,0.0,HDFCBANK.NS
2023-12-19,789.9658725265142,794.1072204559873,787.1172310907685,791.3543090820312,24008446,0.0,0.0,HDFCBANK.NS
2023-12-20,793.795966876438,799.038444004139,787.308648353673,793.3171997070312,34232520,0.0,0.0,HDFCBANK.NS
2023-12-21,793.31719852569,808.9968233004131,790.0855201370065,807.5365600585938,36589240,0.0,0.0,HDFCBANK.NS
2023-12-22,806.052401579033,807.1535894553359,798.1527432166448,799.9481201171875,48578850,0.0,0.0,HDFCBANK.NS
2023-12-26,801.0971963079616,807.1775162105685,798.8470139045111,805.5018310546875,18045856,0.0,0.0,HDFCBANK.NS
2023-12-27,805.0470435987298,817.0162235511344,803.6586070355986,815.4841918945312,27009078,0.0,0.0,HDFCBANK.NS
2023-12-28,818.3567550440999,824.1498261689791,814.8617312916912,816.417724609375,44076470,0.0,0.0,HDFCBANK.NS
2023-12-29,812.4679265922668,821.0378710363707,811.9891593992248,818.3328247070312,25011426,0.0,0.0,HDFCBANK.NS
2024-01-01,816.7767791077962,818.2849073581062,810.074038833758,812.9945068359375,14239686,0.0,0.0,HDFCBANK.NS
2024-01-02,813.3297325444754,815.2448013204753,808.4941371304667,813.4733276367188,29242092,0.0,0.0,HDFCBANK.NS
2024-01-03,814.8617397029581,816.1543877106121,799.038461039413,800.9296264648438,28389762,0.0,0.0,HDFCBANK.NS
2024-01-04,803.3713517790169,811.4864323425077,799.8763278844378,809.5234985351562,26734056,0.0,0.0,HDFCBANK.NS
2024-01-05,807.7520737623003,816.2501913581319,798.6315354441177,805.3821411132812,31889470,0.0,0.0,HDFCBANK.NS
2024-01-08,803.6106815691105,805.453923454508,794.753489070434,796.4052124023438,17998470,0.0,0.0,HDFCBANK.NS
2024-01-09,798.1767467752176,803.2756291285802,788.4098842358525,790.2052612304688,25326888,0.0,0.0,HDFCBANK.NS
2024-01-10,786.6144417967229,794.729521759928,785.8484260314029,792.814453125,16115824,0.0,0.0,HDFCBANK.NS
2024-01-11,794.7535608406137,796.1419974247106,786.6145183500772,789.4871215820312,18314010,0.0,0.0,HDFCBANK.NS
2024-01-12,790.9233945544381,792.8384633063858,782.1140666068262,785.752685546875,19773552,0.0,0.0,HDFCBANK.NS
2024-01-15,788.8646717373587,804.7597774337735,786.9017379565865,800.8817749023438,28320356,0.0,0.0,HDFCBANK.NS
2024-01-16,800.9775061380469,806.0763883828079,793.8438633427261,803.9219360351562,25322500,0.0,0.0,HDFCBANK.NS
2024-01-17,751.6644868680132,764.4954709128732,731.7477834906084,736.1045532226562,170145236,0.0,0.0,HDFCBANK.NS
2024-01-18,715.2781469954391,725.332257495375,708.5993683977847,711.5198364257812,161070930,0.0,0.0,HDFCBANK.NS
2024-01-19,720.9993837290294,723.058105901483,703.0217118745396,704.0989379882812,109600538,0.0,0.0,HDFCBANK.NS
2024-01-23,701.3939438294391,706.0379622645205,682.243255943311,683.3683471679688,115469402,0.0,0.0,HDFCBANK.NS
2024-01-24,660.8183625809348,698.2579305485548,660.8183625809348,697.037109375,86004404,0.0,0.0,HDFCBANK.NS
2024-01-25,695.409322831776,697.731331945695,679.5621410018516,686.9830322265625,98941852,0.0,0.0,HDFCBANK.NS
2024-01-29,693.2788688648152,700.3406850803747,692.2016426624417,696.438720703125,65645498,0.0,0.0,HDFCBANK.NS
2024-01-30,696.3908845219285,700.53217422801,689.8557002681358,691.4835205078125,41728768,0.0,0.0,HDFCBANK.NS
2024-01-31,689.1854007024332,706.1576749666016,687.8927526091608,700.2210083007812,65761040,0.0,0.0,HDFCBANK.NS
2024-02-01,701.4178599181299,705.5112841214318,697.1089554241759,702.0402221679688,32690740,0.0,0.0,HDFCBANK.NS
2024-02-02,706.1816860179249,708.9824627111053,690.4063286804585,692.3692626953125,44867754,0.0,0.0,HDFCBANK.NS
2024-02-05,692.2973590957444,695.1220972150085,686.5761145330804,691.7467651367188,38605046,0.0,0.0,HDFCBANK.NS
2024-02-06,692.0819428119112,694.0687799185687,685.8818725644124,691.3876953125,41075740,0.0,0.0,HDFCBANK.NS
2024-02-07,695.6487669186412,696.0318040698868,683.0332624281431,684.6131591796875,54837086,0.0,0.0,HDFCBANK.NS
2024-02-08,684.5652392978377,688.9220089386799,670.5134342809237,671.7343139648438,69106124,0.0,0.0,HDFCBANK.NS
2024-02-09,666.515758652701,677.0725401801844,664.0500959229506,671.9976196289062,56642124,0.0,0.0,HDFCBANK.NS
2024-02-12,670.1065656569043,676.809306881893,662.3026364247897,665.4864501953125,34447812,0.0,0.0,HDFCBANK.NS
2024-02-13,666.4199643535106,672.3566891768745,662.7813454112104,667.6168823242188,57580994,0.0,0.0,HDFCBANK.NS
2024-02-14,658.7837177497752,666.2046099191948,652.8230890297091,662.6378173828125,91320810,0.0,0.0,HDFCBANK.NS
2024-02-15,663.0925826953933,677.6949825309235,662.7813723217212,677.0007934570312,41584944,0.0,0.0,HDFCBANK.NS
2024-02-16,681.7166435513678,683.5359238875297,674.31965507416,679.8015747070312,32175742,0.0,0.0,HDFCBANK.NS
2024-02-19,684.1584015447481,684.1584015447481,677.5513901049375,678.4610595703125,34451756,0.0,0.0,HDFCBANK.NS
2024-02-20,677.4556044062488,697.6835190961174,675.9235727064516,696.2711791992188,56133508,0.0,0.0,HDFCBANK.NS
2024-02-21,700.9151754054046,700.9151754054046,687.0309267122648,689.017822265625,45893136,0.0,0.0,HDFCBANK.NS
2024-02-22,678.7722288264276,684.0626300055545,676.1150473676641,679.634033203125,50560882,0.0,0.0,HDFCBANK.NS
2024-02-23,681.0702888003248,686.5042847124961,678.8918747107963,680.1366577148438,29833452,0.0,0.0,HDFCBANK.NS
2024-02-26,676.761348833584,686.9590543726445,676.761348833584,680.9505615234375,23506870,0.0,0.0,HDFCBANK.NS
2024-02-27,676.7613520010825,683.0570934898373,676.5219684176848,679.9212036132812,32087150,0.0,0.0,HDFCBANK.NS
2024-02-28,679.9212837827165,681.8602559709077,672.1891814386264,674.7745361328125,25321986,0.0,0.0,HDFCBANK.NS
2024-02-29,671.2794957514693,675.2532869853846,668.9814482015562,671.9019165039062,53295700,0.0,0.0,HDFCBANK.NS
2024-03-01,670.2740637422462,685.9536891619308,670.2740637422462,684.9961547851562,34738898,0.0,0.0,HDFCBANK.NS
2024-03-04,685.0918449690896,687.9884096675396,681.9080901062357,685.9296875,35616474,0.0,0.0,HDFCBANK.NS
2024-03-05,680.806915575396,690.8610261429652,680.6393587545882,689.8316650390625,37991672,0.0,0.0,HDFCBANK.NS
2024-03-06,686.3367475409569,695.576919496979,686.3367475409569,690.6695556640625,42409530,0.0,0.0,HDFCBANK.NS
2024-03-07,692.0579662212759,694.7151474764962,690.0950324505662,692.34521484375,49348046,0.0,0.0,HDFCBANK.NS
2024-03-11,684.6370656855901,692.2733788101641,681.2856954339823,683.5838012695312,50531094,0.0,0.0,HDFCBANK.NS
2024-03-12,686.5522029862251,700.9152197851,684.2780586597365,698.7847290039062,65418454,0.0,0.0,HDFCBANK.NS
2024-03-13,701.6332902428926,704.5537583020961,694.2602641088363,699.1915893554688,63067454,0.0,0.0,HDFCBANK.NS
2024-03-14,700.0054686474973,701.8726723020275,691.4834480743144,696.8216552734375,52432158,0.0,0.0,HDFCBANK.NS
2024-03-15,694.2123954494871,698.6649535010525,690.5019498876019,695.4811401367188,143613804,0.0,0.0,HDFCBANK.NS
2024-03-18,692.7761555716247,697.0850604784281,687.413986176019,692.3213500976562,21437856,0.0,0.0,HDFCBANK.NS
2024-03-19,687.2702704859524,695.3614473234808,687.2702704859524,693.9011840820312,36183594,0.0,0.0,HDFCBANK.NS
2024-03-20,693.7575794231888,695.0023623556473,682.0756489825828,685.1397705078125,43606094,0.0,0.0,HDFCBANK.NS
2024-03-21,690.6694840822236,694.8108316494399,688.6108203877344,692.1776123046875,28922860,0.0,0.0,HDFCBANK.NS
2024-03-22,689.9034770136652,694.5714568199686,688.3474837448974,690.7891845703125,45980326,0.0,0.0,HDFCBANK.NS
2024-03-26,683.2965603924812,688.4433080631126,680.8788209713061,682.434814453125,56844290,0.0,0.0,HDFCBANK.NS
2024-03-27,681.5490768981103,693.2309499256703,680.4478889511747,689.7598876953125,62168668,0.0,0.0,HDFCBANK.NS
2024-03-28,689.75981165874,699.2394246339555,689.75981165874,693.2069702148438,55592142,0.0,0.0,HDFCBANK.NS
2024-04-01,698.04251018733,705.6070545940972,696.8934573296461,704.027099609375,25199570,0.0,0.0,HDFCBANK.NS
2024-04-02,701.4657698820595,715.685132245699,700.5561005197442,708.6472778320312,41225446,0.0,0.0,HDFCBANK.NS
2024-04-03,704.7931146774648,716.0681045148733,704.4580010474605,709.6765747070312,45584386,0.0,0.0,HDFCBANK.NS
2024-04-04,720.0658521240722,732.5137990357915,720.0658521240722,731.36474609375,88935066,0.0,0.0,HDFCBANK.NS
2024-04-05,736.8227010597361,744.2435924609226,732.5856231419043,741.8737182617188,59055902,0.0,0.0,HDFCBANK.NS
2024-04-08,744.4590593119542,745.5602472863112,738.0436253706997,740.4613647460938,20482940,0.0,0.0,HDFCBANK.NS
2024-04-09,744.4111567395224,744.4111567395224,737.4451291623751,741.3949584960938,21884494,0.0,0.0,HDFCBANK.NS
2024-04-10,742.041335404094,742.041335404094,733.9261958559255,735.5540161132812,27807400,0.0,0.0,HDFCBANK.NS
2024-04-12,728.2048847735614,732.4419626511461,724.5901691674342,727.223388671875,41084208,0.0,0.0,HDFCBANK.NS
2024-04-15,716.9778144689066,722.9384424882777,714.3445949763995,715.61328125,23415248,0.0,0.0,HDFCBANK.NS
2024-04-16,711.9268363888184,724.3269187314523,709.6526921569106,722.5794067382812,20744886,0.0,0.0,HDFCBANK.NS
2024-04-18,722.8427124294902,727.1755203466597,713.8658277959437,715.61328125,34234884,0.0,0.0,HDFCBANK.NS
2024-04-19,711.7113984519393,734.8836839791993,708.6951417404246,733.13623046875,34576434,0.0,0.0,HDFCBANK.NS
2024-04-22,745.6320106114753,745.6320106114753,722.12455398941,723.99169921875,42298438,0.0,0.0,HDFCBANK.NS
2024-04-23,730.7424105369589,730.838140600938,719.7068030516607,721.7894287109375,26827060,0.0,0.0,HDFCBANK.NS
2024-04-24,725.3323355684494,728.5640142912791,722.4836939974829,723.7523803710938,22441580,0.0,0.0,HDFCBANK.NS
2024-04-25,721.1430939897369,727.5824894434112,721.1430939897369,723.2975463867188,35445204,0.0,0.0,HDFCBANK.NS
2024-04-26,727.630384206722,731.5562517090086,720.807951885483,722.8427124023438,24854694,0.0,0.0,HDFCBANK.NS
2024-04-29,725.3322898363435,734.6442882658492,721.2867304749565,732.2744140625,36093350,0.0,0.0,HDFCBANK.NS
2024-04-30,732.1307565147657,737.0620819015442,725.2844208297038,727.7739868164062,52307382,0.0,0.0,HDFCBANK.NS
2024-05-02,728.6837005042626,735.8652087221101,727.8937229116466,733.591064453125,33475006,0.0,0.0,HDFCBANK.NS
2024-05-03,734.0698523195007,737.5887797565925,721.59794265299,727.53466796875,31865242,0.0,0.0,HDFCBANK.NS
2024-05-06,728.6836626849343,734.6682525558684,726.361653503664,728.994873046875,28793396,0.0,0.0,HDFCBANK.NS
2024-05-07,728.6596397036968,729.6650974721125,720.1376195097258,721.0951538085938,28480602,0.0,0.0,HDFCBANK.NS
2024-05-08,716.2117457291306,716.6905129132654,708.7429893452799,709.8441772460938,41687862,0.0,0.0,HDFCBANK.NS
2024-05-09,706.1576388307392,711.8071150125822,691.9622384959757,693.0155029296875,46281278,0.0,0.0,HDFCBANK.NS
2024-05-10,698.3538309269745,704.6385064038308,692.4331341667237,697.8200073242188,27276608,9.75,0.0,HDFCBANK.NS
2024-05-13,694.956710818051,708.4482125597933,694.1317160729689,706.2400512695312,27047202,0.0,0.0,HDFCBANK.NS
2024-05-14,704.7841569928967,711.2144479759614,703.8378359787137,709.0062866210938,25665142,0.0,0.0,HDFCBANK.NS
2024-05-15,708.39964782104,708.39964782104,696.8009063196256,698.1112060546875,38931996,0.0,0.0,HDFCBANK.NS
2024-05-16,701.7752582341244,709.782790041372,696.655267230535,708.6665649414062,34945236,0.0,0.0,HDFCBANK.NS
2024-05-17,701.848002597153,712.4276743183018,701.848002597153,710.5349731445312,20920190,0.0,0.0,HDFCBANK.NS
2024-05-21,703.7407019802051,713.2526672307866,703.7407019802051,707.962890625,43769978,0.0,0.0,HDFCBANK.NS
2024-05-22,707.5018325662894,711.2629460513618,702.7943980944078,708.156982421875,39996278,0.0,0.0,HDFCBANK.NS
2024-05-23,707.8900706969359,725.8463536828482,707.1135946322969,724.3661499023438,40861920,0.0,0.0,HDFCBANK.NS
2024-05-24,721.8911533778286,737.6150464828621,721.1631959122375,736.3046875,31060206,0.0,0.0,HDFCBANK.NS
2024-05-27,739.2893258205864,749.7961904344879,737.2025499615863,741.400390625,29385440,0.0,0.0,HDFCBANK.NS
2024-05-28,742.5651435020584,745.4527436990592,739.9930626339711,742.75927734375,27908904,0.0,0.0,HDFCBANK.NS
2024-05-29,736.692907911739,739.5319299971256,728.5640500675219,731.9854736328125,35147706,0.0,0.0,HDFCBANK.NS
2024-05-30,727.569210732381,739.4106642295702,726.8170235494816,735.1642456054688,33755350,0.0,0.0,HDFCBANK.NS
2024-05-31,737.1782587165238,745.4284433104547,734.751733835956,743.2688598632812,74079588,0.0,0.0,HDFCBANK.NS
2024-06-03,776.0026570209221,776.0026570209221,752.2227131847588,762.9964599609375,72637256,0.0,0.0,HDFCBANK.NS
2024-06-04,755.6198511271432,756.5904610836327,705.6334383679294,719.7800903320312,89531240,0.0,0.0,HDFCBANK.NS
2024-06-05,725.0699500696824,756.8816568854197,719.3918460943981,753.0963134765625,81631650,0.0,0.0,HDFCBANK.NS
2024-06-06,759.4537360573207,759.7206182378197,750.5726316827747,756.9301147460938,46422870,0.0,0.0,HDFCBANK.NS
2024-06-07,757.5852892641512,768.8928586568827,753.2175448676818,763.5545043945312,36712216,0.0,0.0,HDFCBANK.NS
2024-06-10,763.8700759254958,767.0973660487972,755.9110620154896,757.7067260742188,22454058,0.0,0.0,HDFCBANK.NS
2024-06-11,755.1345051292465,762.4140794074847,753.2903226155619,759.4052124023438,29545326,0.0,0.0,HDFCBANK.NS
2024-06-12,764.3553074238586,770.8098870497467,760.1816966411113,763.9428100585938,39280436,0.0,0.0,HDFCBANK.NS
2024-06-13,767.6311179466796,769.5480488358222,763.8700045190919,767.1458129882812,24120192,0.0,0.0,HDFCBANK.NS
2024-06-14,768.7230745298527,776.0026490992642,765.6656295141681,774.9835205078125,25540554,0.0,0.0,HDFCBANK.NS
2024-06-18,774.983540294414,781.5836762242601,771.3679826211641,780.2733764648438,32415714,0.0,0.0,HDFCBANK.NS
2024-06-19,782.9910236928816,810.4107535609992,778.4291452824868,804.5628051757812,90131196,0.0,0.0,HDFCBANK.NS
2024-06-20,810.3622826499824,816.0160382972864,801.7238302737451,810.1438598632812,41408742,0.0,0.0,HDFCBANK.NS
2024-06-21,811.8424431419929,811.8424431419929,797.4289085916951,808.3967895507812,51630776,0.0,0.0,HDFCBANK.NS
2024-06-24,799.2972656586157,812.9343231272944,798.6906344612428,811.6240234375,28544994,0.0,0.0,HDFCBANK.NS
2024-06-25,810.9931467609703,833.2443684249017,810.9931467609703,830.5266723632812,74521548,0.0,0.0,HDFCBANK.NS
2024-06-26,828.876653523733,830.3083388227997,820.699276097629,825.7464599609375,47596666,0.0,0.0,HDFCBANK.NS
2024-06-27,823.1257354693937,831.3274011881083,818.5153383232833,823.1500244140625,55074650,0.0,0.0,HDFCBANK.NS
2024-06-28,823.8537284054296,828.2214732583296,814.8270675577021,817.1565551757812,26476046,0.0,0.0,HDFCBANK.NS
2024-07-01,815.3123309202279,828.5611799942127,815.3123309202279,827.5419921875,21187024,0.0,0.0,HDFCBANK.NS
2024-07-02,832.2980286836319,841.9556094944659,826.353042764463,839.8687744140625,45921690,0.0,0.0,HDFCBANK.NS
2024-07-03,869.1812101031826,870.6371250279785,856.3934358619908,858.3346557617188,123217802,0.0,0.0,HDFCBANK.NS
2024-07-04,854.0154497500956,854.0154497500956,837.0782938778042,838.1945190429688,45848658,0.0,0.0,HDFCBANK.NS
2024-07-05,817.7388187080663,817.7388187080663,796.9677437114144,799.8310546875,82242548,0.0,0.0,HDFCBANK.NS
2024-07-08,798.472252380916,803.1553977227993,789.6639557513818,793.6434326171875,39087800,0.0,0.0,HDFCBANK.NS
2024-07-09,788.6205918556537,799.1516862165171,786.3639118522315,794.2015991210938,48550878,0.0,0.0,HDFCBANK.NS
2024-07-10,791.0228924563764,795.9002315965357,786.5581099756618,789.1544799804688,45507182,0.0,0.0,HDFCBANK.NS
2024-07-11,788.1109895551602,789.0330808548738,776.973264088155,787.1161499023438,44177074,0.0,0.0,HDFCBANK.NS
2024-07-12,787.1647047300575,795.1237185250396,781.899157363576,787.50439453125,56049960,0.0,0.0,HDFCBANK.NS
2024-07-15,787.8926346206944,790.9500796896383,783.8645795922547,787.2131958007812,33375694,0.0,0.0,HDFCBANK.NS
2024-07-16,786.5579978211608,789.5911537590798,784.6410669649267,786.0726928710938,28950324,0.0,0.0,HDFCBANK.NS
2024-07-18,780.3704345530638,788.1110255525017,776.0754971813087,783.6705322265625,33717064,0.0,0.0,HDFCBANK.NS
2024-07-19,784.2528302190582,787.649965003423,778.1865181041212,780.0307006835938,26002152,0.0,0.0,HDFCBANK.NS
2024-07-22,784.7381297391379,801.2384985771903,782.6270649860646,797.1376953125,53744822,0.0,0.0,HDFCBANK.NS
2024-07-23,799.5642547535156,799.6855810002239,778.9145038672318,785.4176025390625,52002152,0.0,0.0,HDFCBANK.NS
2024-07-24,780.4432298173384,786.6793870769927,770.6886113878456,778.4534912109375,61728206,0.0,0.0,HDFCBANK.NS
2024-07-25,773.0908208499962,788.6205799631161,773.0908208499962,784.5440063476562,25535732,0.0,0.0,HDFCBANK.NS
2024-07-26,778.9144923179402,787.0433507268658,774.7651110455088,785.2962646484375,43810540,0.0,0.0,HDFCBANK.NS
2024-07-29,783.7674811785615,791.9448576014164,775.662912345258,778.938720703125,51001148,0.0,0.0,HDFCBANK.NS
2024-07-30,777.4585786816452,793.3523167913979,776.0026637402938,784.0344848632812,54595834,0.0,0.0,HDFCBANK.NS
2024-07-31,783.2821860675673,790.0279366929944,780.9526986206498,784.1314697265625,37820484,0.0,0.0,HDFCBANK.NS
2024-08-01,787.6014491725216,800.7774909815698,785.1991540216145,795.3178100585938,26215174,0.0,0.0,HDFCBANK.NS
2024-08-02,791.5323792943032,810.7019249608421,791.5323792943032,805.1937255859375,44119238,0.0,0.0,HDFCBANK.NS
2024-08-05,795.9486333620303,798.8119444034794,776.9732217436031,784.1314697265625,41333634,0.0,0.0,HDFCBANK.NS
2024-08-06,791.0470575275043,792.4786834136157,773.2363898060842,777.0702514648438,45116050,0.0,0.0,HDFCBANK.NS
2024-08-07,784.7381567736204,791.0471215466921,777.5556193354371,787.8926391601562,42346264,0.0,0.0,HDFCBANK.NS
2024-08-08,788.1352699911228,802.3547292854007,785.8300713873926,797.21044921875,33976950,0.0,0.0,HDFCBANK.NS
2024-08-09,801.7237923493824,806.8437833638833,798.7149252998082,800.8502197265625,26644618,0.0,0.0,HDFCBANK.NS
2024-08-12,801.7238266679481,813.3468572381819,799.4671466635041,805.65478515625,39316196,0.0,0.0,HDFCBANK.NS
2024-08-13,790.0765423217451,792.2118961762867,777.0461148817201,778.0409545898438,54055042,0.0,0.0,HDFCBANK.NS
2024-08-14,779.6424562895212,783.1366284755188,778.0409261468292,780.2733764648438,32334428,0.0,0.0,HDFCBANK.NS
2024-08-16,790.3191371152319,793.061122021343,781.8263002104013,792.0662231445312,27849246,0.0,0.0,HDFCBANK.NS
2024-08-19,794.759726022084,794.759726022084,787.9896858897818,791.7993774414062,19502164,0.0,0.0,HDFCBANK.NS
2024-08-20,789.8095595425733,798.8119905444514,789.8095595425733,794.783935546875,31134494,0.0,0.0,HDFCBANK.NS
2024-08-21,790.1250159925943,793.2552686183906,785.1264103072706,789.0088500976562,47630904,0.0,0.0,HDFCBANK.NS
2024-08-22,792.0177904024437,795.0752357163401,790.0765703279278,791.6781005859375,21300638,0.0,0.0,HDFCBANK.NS
2024-08-23,792.9883534236101,792.9883534236101,787.6499985352013,788.6448974609375,20333422,0.0,0.0,HDFCBANK.NS
2024-08-26,792.1147410094821,799.7582942162704,792.1147410094821,795.8758544921875,22364266,0.0,0.0,HDFCBANK.NS
2024-08-27,797.550212512406,799.4914324239653,792.1147612152419,794.8082275390625,35773244,0.0,0.0,HDFCBANK.NS
2024-08-28,794.8081968881353,795.7788068064845,791.1441207498361,794.4927368164062,26921188,0.0,0.0,HDFCBANK.NS
2024-08-29,796.8707505966252,798.035494358065,791.6052035874162,795.1964721679688,49052604,0.0,0.0,HDFCBANK.NS
2024-08-30,803.6650654368904,806.5768953841255,786.7521983416328,794.395751953125,445342100,0.0,0.0,HDFCBANK.NS
2024-09-02,799.200245545704,799.200245545704,787.747000900005,789.56689453125,34049680,0.0,0.0,HDFCBANK.NS
2024-09-03,792.9883149182248,795.8758557711201,788.4264363868309,794.6140747070312,37282860,0.0,0.0,HDFCBANK.NS
2024-09-04,795.4148650304477,798.2296576209254,792.0177301584446,796.7737426757812,24682744,0.0,0.0,HDFCBANK.NS
2024-09-05,798.8120464324933,800.704747819695,796.8708263925602,798.5451049804688,22876318,0.0,0.0,HDFCBANK.NS
2024-09-06,795.0751309568867,799.6612390821284,793.0368146024134,794.419921875,26029602,0.0,0.0,HDFCBANK.NS
2024-09-09,794.9295949741877,800.0252975060735,791.0956736019307,799.0546875,23792914,0.0,0.0,HDFCBANK.NS
2024-09-10,802.6944096330184,802.6944096330184,794.9295302169795,800.9230346679688,26606646,0.0,0.0,HDFCBANK.NS
2024-09-11,800.9473289635273,801.9664575454252,795.5118777911906,797.7928466796875,22226684,0.0,0.0,HDFCBANK.NS
2024-09-12,802.6944342572692,810.4593139115112,799.32158835399,808.8092651367188,32424046,0.0,0.0,HDFCBANK.NS
2024-09-13,812.400503038587,812.400503038587,804.1746076631325,808.4937744140625,23860532,0.0,0.0,HDFCBANK.NS
2024-09-16,809.0034181076534,814.2447356947455,807.5717920840796,810.9203491210938,15172820,0.0,0.0,HDFCBANK.NS
2024-09-17,814.3417351276187,814.3417351276187,807.6202731787942,809.876953125,20127122,0.0,0.0,HDFCBANK.NS
2024-09-18,811.3570886275262,824.4846115422112,810.9931099061356,822.494873046875,40917342,0.0,0.0,HDFCBANK.NS
2024-09-19,824.6301946967953,834.2392569551141,824.6059649927001,829.1435546875,30651776,0.0,0.0,HDFCBANK.NS
2024-09-20,833.0259912779876,846.8328941482245,828.6825354394553,845.0130004882812,60623386,0.0,0.0,HDFCBANK.NS
2024-09-23,848.7983557064159,857.2183847223622,844.551937403139,854.0396728515625,26965350,0.0,0.0,HDFCBANK.NS
2024-09-24,856.5633141386422,864.6436541344489,851.3462854547951,858.0435180664062,33039036,0.0,0.0,HDFCBANK.NS
2024-09-25,854.2095613390953,867.7252930088929,854.2095613390953,863.4060668945312,31965312,0.0,0.0,HDFCBANK.NS
2024-09-26,860.4700264333525,867.7253122548344,858.0435015109396,865.5171508789062,31899644,0.0,0.0,HDFCBANK.NS
2024-09-27,862.3868654114664,862.9692076341789,849.2836322285123,850.5697021484375,35613502,0.0,0.0,HDFCBANK.NS
2024-09-30,848.7013681367213,849.987378933711,836.8599148404105,840.572509765625,26383534,0.0,0.0,HDFCBANK.NS
2024-10-01,836.6658121791694,845.4013020975134,834.773110848595,837.7334594726562,24572284,0.0,0.0,HDFCBANK.NS
2024-10-03,832.613483062025,837.7091852435565,812.0850591484665,816.282958984375,48473398,0.0,0.0,HDFCBANK.NS
2024-10-04,812.6431358067093,820.4808225688465,802.2090794198211,804.4657592773438,48683232,0.0,0.0,HDFCBANK.NS
2024-10-07,801.8208473760044,805.1209448670484,782.7969162571121,785.1264038085938,94458296,0.0,0.0,HDFCBANK.NS
2024-10-08,791.0471237749532,804.0533210403008,787.164683903665,801.2628173828125,29734406,0.0,0.0,HDFCBANK.NS
2024-10-09,800.5105298956967,804.0289908485573,790.4161630516477,792.5758056640625,41125642,0.0,0.0,HDFCBANK.NS
2024-10-10,795.4147877416559,808.2510795642027,792.2603056670246,806.7709350585938,21754766,0.0,0.0,HDFCBANK.NS
2024-10-11,807.7658537028776,807.7658537028776,797.4774117796152,801.238525390625,23672594,0.0,0.0,HDFCBANK.NS
2024-10-14,803.689357680797,821.1603374358971,802.6944587482099,819.2433471679688,18527508,0.0,0.0,HDFCBANK.NS
2024-10-15,822.1066552857113,824.0478752509669,813.1285129464045,817.3021240234375,19651130,0.0,0.0,HDFCBANK.NS
2024-10-16,815.3608435545054,828.8765747113987,815.3608435545054,824.92138671875,20470682,0.0,0.0,HDFCBANK.NS
2024-10-17,822.5676501021808,823.8780090897097,808.1298269832027,811.988037109375,14695732,0.0,0.0,HDFCBANK.NS
2024-10-18,807.1106759435778,820.6506963237373,802.7429312558701,816.2101440429688,24809724,0.0,0.0,HDFCBANK.NS
2024-10-21,832.2980010606213,848.3858722296796,830.3810701774502,838.9466552734375,46548354,0.0,0.0,HDFCBANK.NS
2024-10-22,839.6018162444277,844.4305765922039,830.211118473748,832.07958984375,38875280,0.0,0.0,HDFCBANK.NS
2024-10-23,827.4692671141377,847.5851345291038,827.4692671141377,842.3923950195312,38036090,0.0,0.0,HDFCBANK.NS
2024-10-24,843.5085952441257,858.3346864549975,843.5085952441257,849.1138916015625,30832258,0.0,0.0,HDFCBANK.NS
2024-10-25,851.7102756678665,853.0933830706845,838.9467304613248,846.0807495117188,26130478,0.0,0.0,HDFCBANK.NS
2024-10-28,845.4012471416386,849.7689918168825,839.043763962605,841.6158447265625,22012142,0.0,0.0,HDFCBANK.NS
2024-10-29,837.7092042477628,856.0779859182065,837.1996103215174,850.1815185546875,35794926,0.0,0.0,HDFCBANK.NS
2024-10-30,845.4012662208864,851.5889046504595,836.7628139716957,841.8099975585938,32715724,0.0,0.0,HDFCBANK.NS
2024-10-31,838.6069864702176,843.8968224808245,834.4333755848933,842.3438110351562,22895912,0.0,0.0,HDFCBANK.NS
2024-11-01,841.0335262277963,846.4203996311912,837.6849100339031,843.120361328125,1759692,0.0,0.0,HDFCBANK.NS
2024-11-04,846.8571409139798,846.8571409139798,830.3082539054162,831.8612060546875,28089248,0.0,0.0,HDFCBANK.NS
2024-11-05,826.4743572133567,855.447039991069,823.999313734677,853.0933227539062,44232406,0.0,0.0,HDFCBANK.NS
2024-11-06,859.7177486791857,859.7177486791857,847.0270119492034,851.83154296875,27787910,0.0,0.0,HDFCBANK.NS
2024-11-07,846.5174388742477,854.5977188117542,843.4599940256105,847.609375,18895456,0.0,0.0,HDFCBANK.NS
2024-11-08,850.2543248355499,855.0103373353861,847.2696873607207,851.4432983398438,19902986,0.0,0.0,HDFCBANK.NS
2024-11-11,851.4918803256005,865.2017460745226,849.8660612419557,857.1942138671875,24565362,0.0,0.0,HDFCBANK.NS
2024-11-12,859.9603824917264,861.4162973605047,829.2163253609564,833.8509521484375,31395406,0.0,0.0,HDFCBANK.NS
2024-11-13,833.1473377113161,839.2864576545572,811.9152444974701,815.967529296875,35728500,0.0,0.0,HDFCBANK.NS
2024-11-14,811.9637453515568,827.3721783747438,811.4784403744485,821.5,27146470,0.0,0.0,HDFCBANK.NS
2024-11-18,825.0184258091194,834.190701332557,822.5919010273279,827.4934692382812,27081968,0.0,0.0,HDFCBANK.NS
2024-11-19,831.812657575625,851.1035287183504,826.3286881202827,845.5225219726562,50981272,0.0,0.0,HDFCBANK.NS
2024-11-21,848.9925368361551,853.6514527573436,841.6158656563873,845.0130004882812,35716512,0.0,0.0,HDFCBANK.NS
2024-11-22,846.1535367827626,851.370565411524,839.3592669406547,847.1483764648438,24773612,0.0,0.0,HDFCBANK.NS
2024-11-25,866.2936036686173,875.2717450257129,856.5146973151911,866.5604858398438,427737274,0.0,0.0,HDFCBANK.NS
2024-11-26,878.4019369086114,878.4019369086114,858.8927021168951,866.5362548828125,30935566,0.0,0.0,HDFCBANK.NS
2024-11-27,868.6474059809165,881.9690041453489,866.3422072982357,879.5182495117188,32714976,0.0,0.0,HDFCBANK.NS
2024-11-28,882.7697308653094,891.0684339141281,867.725276958314,870.224609375,35722392,0.0,0.0,HDFCBANK.NS
2024-11-29,874.1799313606635,875.7814023363161,865.2503073983569,871.632080078125,27669536,0.0,0.0,HDFCBANK.NS
2024-12-02,875.2475527258944,877.5042327860683,861.4163604593637,875.8298950195312,15110876,0.0,0.0,HDFCBANK.NS
2024-12-03,884.5653546960274,891.6993733770357,881.3623537076274,886.3125,43410242,0.0,0.0,HDFCBANK.NS
2024-12-04,891.9905313310416,905.0937654692016,888.6662041479593,902.7157592773438,44669084,0.0,0.0,HDFCBANK.NS
2024-12-05,902.6672600453907,912.349070670313,890.6316728815866,905.457763671875,39682714,0.0,0.0,HDFCBANK.NS
2024-12-06,901.2113107944992,904.7054828102569,894.9023463139778,900.6531982421875,17783156,0.0,0.0,HDFCBANK.NS
2024-12-09,899.5855395249345,912.3733132102273,897.3288596413352,907.520263671875,26947912,0.0,0.0,HDFCBANK.NS
2024-12-10,911.2571214453396,911.2571214453396,901.9635786325839,906.5982055664062,13325480,0.0,0.0,HDFCBANK.NS
2024-12-11,903.492253077643,908.4423993938311,901.0900171351183,904.1716918945312,14045426,0.0,0.0,HDFCBANK.NS
2024-12-12,898.299517608064,906.8651623497835,897.183292457994,902.3032836914062,17293790,0.0,0.0,HDFCBANK.NS
2024-12-13,903.8805576801874,909.9468701478396,887.7441665162323,908.36962890625,19009002,0.0,0.0,HDFCBANK.NS
2024-12-16,905.1422772502634,907.4959944793276,900.3620351992098,905.1907958984375,13107082,0.0,0.0,HDFCBANK.NS
2024-12-17,900.8958970749953,903.8077269850552,886.4095551207139,889.6853637695312,21079532,0.0,0.0,HDFCBANK.NS
2024-12-18,888.0353013877913,891.0199388482123,877.0189020931173,878.74169921875,23422312,0.0,0.0,HDFCBANK.NS
2024-12-19,873.3547574630064,874.0827148724125,863.3574875554302,870.3944091796875,25380770,0.0,0.0,HDFCBANK.NS
2024-12-20,864.9105130352275,872.3599918831414,857.5581899695972,859.7177734375,25692348,0.0,0.0,HDFCBANK.NS
2024-12-23,864.8135067920166,876.4608267488114,864.4738169898098,874.0343017578125,11044592,0.0,0.0,HDFCBANK.NS
2024-12-24,874.5438211790217,877.7710517489787,868.4775092184595,872.6268310546875,14485834,0.0,0.0,HDFCBANK.NS
2024-12-26,872.8452779528201,879.3726061062491,864.2068257857081,869.0598754882812,10481678,0.0,0.0,HDFCBANK.NS
2024-12-27,871.0253675774094,876.4364704987394,868.2590937552997,872.6996459960938,7259330,0.0,0.0,HDFCBANK.NS
2024-12-30,869.7635560951499,880.8285332674382,859.4751142791366,862.82373046875,22222218,0.0,0.0,HDFCBANK.NS
2024-12-31,859.1354326463724,864.7164399349241,856.8544636879918,860.3729248046875,14117236,0.0,0.0,HDFCBANK.NS
2025-01-01,860.6640693133434,870.637110073425,854.6705648241472,865.1774291992188,7313806,0.0,0.0,HDFCBANK.NS
2025-01-02,862.4354078694503,875.2231813509705,860.4456694386978,870.5157470703125,18558576,0.0,0.0,HDFCBANK.NS
2025-01-03,869.181218624921,871.2437647886038,847.4881097293069,848.8954467773438,24426194,0.0,0.0,HDFCBANK.NS
2025-01-06,844.4791507386858,852.7778537230372,827.8332261221516,830.1141357421875,18816348,0.0,0.0,HDFCBANK.NS
2025-01-07,832.2980215119891,835.209851324859,825.0184469798143,831.5215454101562,13527906,0.0,0.0,HDFCBANK.NS
2025-01-08,829.0221775951162,830.6722262669281,816.9380725391129,822.252197265625,19738190,0.0,0.0,HDFCBANK.NS
2025-01-09,817.3263871062876,819.6801043914131,804.6841687860751,809.3916625976562,40420222,0.0,0.0,HDFCBANK.NS
2025-01-10,810.9445873725031,812.8372885629307,802.6944030605147,804.0289916992188,17453280,0.0,0.0,HDFCBANK.NS
2025-01-13,795.9002084068898,799.1760171914914,788.2809435229427,791.4596557617188,21669066,0.0,0.0,HDFCBANK.NS
2025-01-14,795.8516298211142,803.7620652641559,794.4442335639691,799.1031494140625,26661432,0.0,0.0,HDFCBANK.NS
2025-01-15,803.9076378434971,806.9165047926833,794.1045016943054,797.3803100585938,14022892,0.0,0.0,HDFCBANK.NS
2025-01-16,802.1363163454865,805.873200199019,797.2832665938832,801.7481079101562,21212454,0.0,0.0,HDFCBANK.NS
2025-01-17,797.5987456720695,800.9958805790999,790.31917087129,794.3229370117188,23112076,0.0,0.0,HDFCBANK.NS
2025-01-20,789.1058522041777,806.0672365854673,789.1058522041777,801.3598022460938,17557618,0.0,0.0,HDFCBANK.NS
2025-01-21,804.756952160241,806.115829748555,792.5272908307279,797.0648803710938,31158144,0.0,0.0,HDFCBANK.NS
2025-01-22,797.0648841596673,811.3813805875693,788.8389294808721,808.5423583984375,30619306,0.0,0.0,HDFCBANK.NS
2025-01-23,818.7094808723397,818.7094808723397,801.359828269384,807.9842529296875,34909158,0.0,0.0,HDFCBANK.NS
2025-01-24,805.6062761215885,810.6049411699597,798.0840488445496,800.6561889648438,24236200,0.0,0.0,HDFCBANK.NS
2025-01-27,796.4339224655055,797.6471848113616,789.1058297447998,790.9500122070312,22804166,0.0,0.0,HDFCBANK.NS
2025-01-28,799.2972941154203,817.3991933860295,799.2972941154203,810.6534423828125,30179312,0.0,0.0,HDFCBANK.NS
2025-01-29,812.8857890816031,815.8704263644069,809.9011517987993,814.0020141601562,12619890,0.0,0.0,HDFCBANK.NS
2025-01-30,815.7976693049923,823.9993352943973,811.696865930955,820.8933715820312,25744846,0.0,0.0,HDFCBANK.NS
2025-01-31,818.830797136207,827.2993450265934,817.2292670650723,824.4118041992188,15821686,0.0,0.0,HDFCBANK.NS
2025-02-01,823.8051750140157,831.3274019434516,813.3954072501344,820.6264038085938,5587528,0.0,0.0,HDFCBANK.NS
2025-02-03,810.4593568422229,818.6125046075882,807.2805853688532,814.341796875,20276540,0.0,0.0,HDFCBANK.NS
2025-02-04,819.5345205841194,837.5393832746403,815.3366797744094,835.161376953125,28616502,0.0,0.0,HDFCBANK.NS
2025-02-05,841.0335494558958,846.4689416589049,834.1907609306318,843.363037109375,23675506,0.0,0.0,HDFCBANK.NS
2025-02-06,842.2467875560731,848.7984047453597,836.6657803207547,846.299072265625,26760716,0.0,0.0,HDFCBANK.NS
2025-02-07,849.2837426225924,857.5339275509261,837.1511177279839,840.9122314453125,23509600,0.0,0.0,HDFCBANK.NS
2025-02-10,833.4142336911924,836.3988118099606,829.1435263354559,832.6619873046875,17195950,0.0,0.0,HDFCBANK.NS
2025-02-11,826.4744131617251,830.3568531530897,819.5345279806279,825.6979370117188,22724704,0.0,0.0,HDFCBANK.NS
2025-02-12,821.6213102303759,830.8421046157138,815.8946879155817,828.3185424804688,22809570,0.0,0.0,HDFCBANK.NS
2025-02-13,824.5331418355402,831.9340426083429,821.8882534526111,823.9022216796875,12602434,0.0,0.0,HDFCBANK.NS
2025-02-14,825.9405276867242,825.9405276867242,815.3123371576534,822.5191040039062,19959892,0.0,0.0,HDFCBANK.NS
2025-02-17,817.8359099627821,834.7245465784594,815.918979031997,833.4384765625,12938946,0.0,0.0,HDFCBANK.NS
2025-02-18,831.3516624481879,840.329803960056,828.003046468469,836.2047119140625,16350910,0.0,0.0,HDFCBANK.NS
2025-02-19,833.2686021535318,843.4114874933574,831.0604409265417,838.2186889648438,11884112,0.0,0.0,HDFCBANK.NS
2025-02-20,830.3568580312333,832.152462841255,817.884543182236,818.758056640625,26390510,0.0,0.0,HDFCBANK.NS
2025-02-21,815.7491363030065,822.5676355898997,813.9777613134116,821.378662109375,15680940,0.0,0.0,HDFCBANK.NS
2025-02-24,815.8461269965818,817.3505604700815,806.1400281464854,813.9049072265625,20693646,0.0,0.0,HDFCBANK.NS
2025-02-25,810.9930781817751,819.1947435645432,810.9930781817751,816.4527587890625,24138708,0.0,0.0,HDFCBANK.NS
2025-02-27,816.5498559350805,830.235431637752,816.5498559350805,825.3580932617188,35786800,0.0,0.0,HDFCBANK.NS
2025-02-28,817.7388430279666,843.0960267361039,817.7388430279666,840.7423095703125,54516728,0.0,0.0,HDFCBANK.NS
2025-03-03,844.3336059197142,845.9108470636534,822.1551333662954,825.7706909179688,21205364,0.0,0.0,HDFCBANK.NS
2025-03-04,824.0478005927906,831.9582949310542,821.7426020928991,829.8714599609375,19920958,0.0,0.0,HDFCBANK.NS
2025-03-05,825.9647760106438,830.2597724194886,819.316121569752,820.1654052734375,21583872,0.0,0.0,HDFCBANK.NS
2025-03-06,818.7094845214233,824.9699304836942,811.5512362127743,820.7477416992188,32966088,0.0,0.0,HDFCBANK.NS
2025-03-07,816.2829914666041,825.576593853863,814.1476376668198,819.8014526367188,13372914,0.0,0.0,HDFCBANK.NS
2025-03-10,819.6801059027778,824.969941998729,816.7925649870414,818.9521484375,15604050,0.0,0.0,HDFCBANK.NS
2025-03-11,816.4770728267864,822.1065984888339,810.4835684463997,817.9815063476562,19898430,0.0,0.0,HDFCBANK.NS
2025-03-12,820.9177210630354,833.9966675086949,820.9177210630354,830.4296875,18784106,0.0,0.0,HDFCBANK.NS
2025-03-13,832.8076643515269,835.112863088808,825.0427843943695,828.2214965820312,15736264,0.0,0.0,HDFCBANK.NS
2025-03-17,827.4449541690359,836.6657483797172,827.4449541690359,830.0656127929688,18950652,0.0,0.0,HDFCBANK.NS
2025-03-18,830.0656127929688,830.0656127929688,830.0656127929688,830.0656127929688,0,0.0,0.0,HDFCBANK.NS
2025-03-19,842.004146653194,849.7690263917825,840.6452690024086,846.42041015625,15221406,0.0,0.0,HDFCBANK.NS
2025-03-20,851.2249302948321,860.9310298420936,848.9440205977578,858.3831787109375,17833978,0.0,0.0,HDFCBANK.NS
2025-03-21,851.9771292137973,860.9795004972574,851.9771292137973,859.1596069335938,33508264,0.0,0.0,HDFCBANK.NS
2025-03-24,863.3575457763671,875.6843039218336,860.7611760226637,873.5489501953125,17393736,0.0,0.0,HDFCBANK.NS
2025-03-25,875.9269178059026,894.7567143577081,874.2768691244298,883.9586791992188,39101416,0.0,0.0,HDFCBANK.NS
2025-03-26,885.681575218163,886.8948376499686,874.5195608455505,876.7277221679688,24478442,0.0,0.0,HDFCBANK.NS
2025-03-27,873.5489107497378,893.4464137168152,872.626819495681,885.8513793945312,41658100,0.0,0.0,HDFCBANK.NS
2025-03-28,887.6228257936006,891.0199607200933,876.3880034384333,887.2345581054688,28773648,0.0,0.0,HDFCBANK.NS
2025-04-01,874.5195883202217,878.3535095734435,856.7331486628899,857.9464111328125,28511006,0.0,0.0,HDFCBANK.NS
2025-04-02,859.3294691298255,873.16066049231,859.3294691298255,872.0444946289062,11573564,0.0,0.0,HDFCBANK.NS
2025-04-03,864.3766781830471,875.490173946712,862.3869396359797,871.0496215820312,11250038,0.0,0.0,HDFCBANK.NS
2025-04-04,879.8578671839032,893.9074216754443,878.9357759381479,881.9447021484375,33540454,0.0,0.0,HDFCBANK.NS
2025-04-07,855.4956717234414,863.7700863708694,843.5571214137302,853.0205688476562,37995450,0.0,0.0,HDFCBANK.NS
2025-04-08,856.5633039940931,864.8134887917699,849.4293443655757,858.5773315429688,35563872,0.0,0.0,HDFCBANK.NS
2025-04-09,856.5632934570312,861.4163432783175,850.982286162552,856.5632934570312,22454608,0.0,0.0,HDFCBANK.NS
2025-04-11,861.2949488328275,882.9638264173292,861.2949488328275,876.82470703125,32775766,0.0,0.0,HDFCBANK.NS
2025-04-15,905.0937456982635,910.8203678930464,900.240696123474,905.0452270507812,49298344,0.0,0.0,HDFCBANK.NS
2025-04-16,914.2175636339349,914.2175636339349,902.9099336731801,911.4027709960938,19136820,0.0,0.0,HDFCBANK.NS
2025-04-17,913.3439239431574,931.6398970227459,910.7717839889756,925.3309326171875,35703084,0.0,0.0,HDFCBANK.NS
2025-04-21,933.7267676045618,946.6843866809207,926.9324979858176,935.231201171875,34247298,0.0,0.0,HDFCBANK.NS
2025-04-22,939.0651467003056,956.3419923313835,939.0651467003056,952.0227661132812,45961750,0.0,0.0,HDFCBANK.NS
2025-04-23,960.3700581866361,960.3700581866361,932.0282348743439,933.6782836914062,30570642,0.0,0.0,HDFCBANK.NS
2025-04-24,926.9324466168475,933.6781972127433,924.5544405338061,930.2325439453125,25931754,0.0,0.0,HDFCBANK.NS
2025-04-25,934.1150265036636,938.094503546439,918.099962552793,927.5148315429688,18500878,0.0,0.0,HDFCBANK.NS
2025-04-28,927.5148236825167,936.4929655182809,926.156005327847,931.882568359375,13920492,0.0,0.0,HDFCBANK.NS
2025-04-29,931.2032084346736,936.0562581779409,922.1764885191324,926.3501586914062,18918308,0.0,0.0,HDFCBANK.NS
2025-04-30,928.3883766867898,939.9871769317172,927.0780770079656,934.2120361328125,31936870,0.0,0.0,HDFCBANK.NS
2025-05-02,936.5415627453439,942.4137410838799,931.7855503024763,932.7076416015625,17840404,0.0,0.0,HDFCBANK.NS
2025-05-05,941.0063068714467,947.3152712805899,937.754787372496,939.9386596679688,15068024,0.0,0.0,HDFCBANK.NS
2025-05-06,936.6386282625547,941.5401968005327,933.872413523286,937.463623046875,17490156,0.0,0.0,HDFCBANK.NS
2025-05-07,938.5798853771296,945.7138452974749,932.9503591331654,944.2094116210938,21420778,0.0,0.0,HDFCBANK.NS
2025-05-08,948.6741890736062,948.6741890736062,931.348765916796,935.91064453125,34803430,0.0,0.0,HDFCBANK.NS
2025-05-09,926.9810441332826,931.3002703673066,915.6734734771652,917.080810546875,17188796,0.0,0.0,HDFCBANK.NS
2025-05-12,930.6208021509265,951.149226156264,928.0487213449755,949.8388671875,18618972,0.0,0.0,HDFCBANK.NS
2025-05-13,946.3447318748346,952.0227765695508,931.7855821536832,933.04736328125,24242102,0.0,0.0,HDFCBANK.NS
2025-05-14,932.8047011833116,936.7356597192896,923.5353878045329,927.2236938476562,15445308,0.0,0.0,HDFCBANK.NS
2025-05-15,928.6310129632633,943.8210814498384,920.6234813646776,938.4827270507812,32241458,0.0,0.0,HDFCBANK.NS
2025-05-16,938.4827675522878,943.3358172154161,935.8621088859327,938.9194946289062,15868010,0.0,0.0,HDFCBANK.NS
2025-05-19,940.0357230243618,943.9181627683963,937.1238932163359,940.8607177734375,10202964,0.0,0.0,HDFCBANK.NS
2025-05-20,935.7164876572758,938.8709699179398,928.3883945615378,929.3104858398438,23879090,0.0,0.0,HDFCBANK.NS
2025-05-21,935.1826696209016,944.8402502940019,932.3193584728106,935.0856323242188,15132040,0.0,0.0,HDFCBANK.NS
2025-05-22,929.4560306672615,933.8237752836327,924.6029810935157,931.7369995117188,21306670,0.0,0.0,HDFCBANK.NS
2025-05-23,931.8340640363383,940.0357299039,929.1163680438908,938.3856811523438,9566072,0.0,0.0,HDFCBANK.NS
2025-05-26,939.0650610496285,946.2961165204464,935.1341028748952,941.588623046875,10802860,0.0,0.0,HDFCBANK.NS
2025-05-27,937.415037254252,945.3740503477449,929.989907003196,934.8429565429688,26162148,0.0,0.0,HDFCBANK.NS
2025-05-28,931.8826007257043,938.8224856498367,930.6693382733266,933.484130859375,18157594,0.0,0.0,HDFCBANK.NS
2025-05-29,935.6680064952172,941.8799339693113,925.6222170514742,935.4253540039062,28917794,0.0,0.0,HDFCBANK.NS
2025-05-30,937.560664423884,945.7623300992254,934.406182182701,943.86962890625,28748078,0.0,0.0,HDFCBANK.NS
2025-06-02,936.6871658817765,939.5504772215758,925.9619372617597,937.6577758789062,14668822,0.0,0.0,HDFCBANK.NS
2025-06-03,940.5210428582492,947.3153125176999,931.7855532960983,934.0179443359375,24377584,0.0,0.0,HDFCBANK.NS
2025-06-04,932.2708984103567,943.0932235303936,932.2223797589662,942.0740356445312,12961542,0.0,0.0,HDFCBANK.NS
2025-06-05,945.3740366284826,950.6638723983343,941.5886343458625,946.1505126953125,22255418,0.0,0.0,HDFCBANK.NS
2025-06-06,943.4328899516395,968.8143643397722,942.8019697752012,960.27294921875,30127008,0.0,0.0,HDFCBANK.NS
2025-06-09,968.1834546397668,968.1834546397668,958.9141411829606,960.3700561523438,13202588,0.0,0.0,HDFCBANK.NS
2025-06-10,962.2627345803987,962.2627345803987,951.7315810074685,953.7698974609375,15533126,0.0,0.0,HDFCBANK.NS
2025-06-11,954.8861016587219,954.8861016587219,944.8888305540286,946.5388793945312,11096394,0.0,0.0,HDFCBANK.NS
2025-06-12,946.3447246989118,951.6830795561876,939.2107650861756,943.1417236328125,16349130,0.0,0.0,HDFCBANK.NS
2025-06-13,931.7855934494534,938.0945584051007,928.3884584733355,930.620849609375,12117762,0.0,0.0,HDFCBANK.NS
2025-06-16,933.7267280054107,940.957783641244,931.8340268436207,939.2592163085938,16513746,0.0,0.0,HDFCBANK.NS
2025-06-17,940.0357266330969,942.268117646221,931.3487558242051,936.4444580078125,16978736,0.0,0.0,HDFCBANK.NS
2025-06-18,930.329645039179,939.6960548333931,930.329645039179,938.5313110351562,18433816,0.0,0.0,HDFCBANK.NS
2025-06-19,938.5312545811619,944.7917002839463,934.5031997999406,939.210693359375,16876220,0.0,0.0,HDFCBANK.NS
2025-06-20,937.415115265286,956.0023202459611,937.415115265286,953.4786987304688,32900408,0.0,0.0,HDFCBANK.NS
2025-06-23,945.5681762695312,950.1785732937573,942.3651754483343,945.5681762695312,11739518,0.0,0.0,HDFCBANK.NS
2025-06-24,953.6242600004867,960.4185295373859,949.0623814631601,951.634521484375,22625322,0.0,0.0,HDFCBANK.NS
2025-06-25,954.1096083800328,961.8744882040819,953.0904797513926,961.0009155273438,18405932,0.0,0.0,HDFCBANK.NS
2025-06-26,961.5833031108746,983.7617170900772,960.9038642878594,981.1896362304688,50084830,0.0,0.0,HDFCBANK.NS
2025-06-27,987.666092322087,991.0024945345428,978.0494846238399,988.5983276367188,28213384,11.0,0.0,HDFCBANK.NS
2025-06-30,986.9301202198938,988.0586250503452,979.0798184930638,982.023681640625,13649020,0.0,0.0,HDFCBANK.NS
2025-07-01,983.740927917604,989.138010315157,983.250284063281,987.2244873046875,14389386,0.0,0.0,HDFCBANK.NS
2025-07-02,991.0515399227539,991.0515399227539,970.4444979040134,974.418701171875,18878250,0.0,0.0,HDFCBANK.NS
2025-07-03,978.7854199779471,985.2128423794024,973.584607191008,974.9583740234375,16860506,0.0,0.0,HDFCBANK.NS
2025-07-04,974.9583893832662,983.0049605598704,971.4748300017685,976.037841796875,7863944,0.0,0.0,HDFCBANK.NS
2025-07-07,975.8906089947405,980.5026731224453,973.3392849545877,975.1055908203125,11349426,0.0,0.0,HDFCBANK.NS
2025-07-08,970.0028875050783,983.740915249207,970.0028875050783,981.974609375,15224316,0.0,0.0,HDFCBANK.NS
2025-07-09,984.7222177139129,988.058619887602,980.3554754225707,986.7828979492188,13861428,0.0,0.0,HDFCBANK.NS
2025-07-10,989.1379844829171,989.6286283244265,981.2876830187669,984.3296508789062,17030310,0.0,0.0,HDFCBANK.NS
2025-07-11,980.3063919997392,983.6427940678678,971.9163943170895,973.2901611328125,12516922,0.0,0.0,HDFCBANK.NS
2025-07-14,972.94677734375,975.7434233970494,966.8627814826074,972.94677734375,13088850,0.0,0.0,HDFCBANK.NS
2025-07-15,968.0403470063502,983.0540373178538,968.0403470063502,979.079833984375,14498168,0.0,0.0,HDFCBANK.NS
2025-07-16,990.1192987637652,992.4253009235872,977.6569328760377,979.4723510742188,17994612,0.0,0.0,HDFCBANK.NS
2025-07-17,983.2502884954769,983.6428275379242,972.7995503940688,974.8602905273438,22529158,0.0,0.0,HDFCBANK.NS
2025-07-18,974.8602851924708,979.8157761377424,958.2274465683581,960.3862915039062,16129446,0.0,0.0,HDFCBANK.NS
2025-07-21,970.5916382285527,982.2689857931025,969.7575676423911,981.5330200195312,22309078,0.0,0.0,HDFCBANK.NS
2025-07-22,987.7151032772119,990.1192700741381,982.7596124670459,984.771240234375,14836814,0.0,0.0,HDFCBANK.NS
2025-07-23,986.6848008986999,995.9089294093236,982.7596500249109,993.2103881835938,13634916,0.0,0.0,HDFCBANK.NS
2025-07-24,999.7849522880986,999.7849522880986,985.4091233743482,988.2548217773438,19107176,0.0,0.0,HDFCBANK.NS
2025-07-25,991.1076548914018,991.1076548914018,983.237817433207,985.9922485351562,9306598,2.5,0.0,HDFCBANK.NS
2025-07-28,985.205265864704,994.2555908496133,983.9756037755068,987.9105224609375,12059580,0.0,0.0,HDFCBANK.NS
2025-07-29,983.6804999207345,996.7640925817828,981.9097985152405,994.3539428710938,19895696,0.0,0.0,HDFCBANK.NS
2025-07-30,997.5018784172968,999.764444634085,992.091365270063,996.4197998046875,15154036,0.0,0.0,HDFCBANK.NS
2025-07-31,990.9108782036614,999.1742313953042,987.664582321978,992.6815795898438,22183032,0.0,0.0,HDFCBANK.NS
2025-08-01,990.6157884442932,997.6494796779898,988.3040477115343,989.7304077148438,11317258,0.0,0.0,HDFCBANK.NS
2025-08-04,988.6974801605747,992.8291567300697,977.8764539291843,979.7947387695312,13933946,0.0,0.0,HDFCBANK.NS
2025-08-05,977.0894619202779,980.975205994727,966.7603007320947,972.7118530273438,23978058,0.0,0.0,HDFCBANK.NS
2025-08-06,969.5147509914575,977.8272785976125,968.9737116887809,976.499267578125,14080204,0.0,0.0,HDFCBANK.NS
2025-08-07,973.9415460716062,984.5166400056098,972.3184281442016,981.4671020507812,13081186,0.0,0.0,HDFCBANK.NS
2025-08-08,977.3846207407715,980.1882863803764,968.9737439061473,970.8920288085938,13895264,0.0,0.0,HDFCBANK.NS
2025-08-11,971.8757166821836,982.5491593344192,970.4984711596596,981.5654296875,9105854,0.0,0.0,HDFCBANK.NS
2025-08-12,979.7455870293594,981.7622208654035,967.7440729221851,968.924560546875,12937802,0.0,0.0,HDFCBANK.NS
2025-08-13,980.7784409396806,980.7784409396806,968.5309950398891,974.0399169921875,13577396,0.0,0.0,HDFCBANK.NS
2025-08-14,972.908633518138,981.7622004561191,969.5639286580633,979.35205078125,17511716,0.0,0.0,HDFCBANK.NS
2025-08-18,988.6483131467888,996.8132573563983,981.5654475516468,985.5003662109375,19284796,0.0,0.0,HDFCBANK.NS
2025-08-19,982.8935135816985,986.7300232295675,977.1878335213248,979.35205078125,12352438,0.0,0.0,HDFCBANK.NS
2025-08-20,977.3354453835109,979.7947696044055,973.4005266300795,977.9256591796875,9950228,0.0,0.0,HDFCBANK.NS
2025-08-21,982.5000176251586,982.5000176251586,975.4663263982883,979.4012451171875,12439850,0.0,0.0,HDFCBANK.NS
2025-08-22,978.7618310909676,981.7621945267439,962.6286407512459,966.317626953125,19833502,0.0,0.0,HDFCBANK.NS
2025-08-25,964.1534314319724,972.6135426708398,962.5794879672083,966.0717163085938,17518044,0.0,0.0,HDFCBANK.NS
2025-08-26,963.5632270654481,969.6623631247153,952.2503356808104,957.5625,16917731,0.0,2.0,HDFCBANK.NS
2025-08-28,951.2665723546679,956.3819785474136,939.4618165446824,942.2162475585938,25438255,0.0,0.0,HDFCBANK.NS
2025-08-29,938.4781016808785,947.6267755693488,934.6415319653455,936.1171264648438,14823813,0.0,0.0,HDFCBANK.NS
2025-09-01,934.1496321868741,941.8719458039564,930.9525108908947,935.1333618164062,20178344,0.0,0.0,HDFCBANK.NS
2025-09-02,935.5269334024698,939.2650942089082,928.6408255856272,929.1326904296875,14196320,0.0,0.0,HDFCBANK.NS
2025-09-03,929.6245191670979,940.740652202688,924.7058709175366,938.9207763671875,16083481,0.0,0.0,HDFCBANK.NS
2025-09-04,944.5772033181551,949.9877162864987,940.6914592688354,945.610107421875,17597657,0.0,0.0,HDFCBANK.NS
2025-09-05,951.7584261964354,951.7584261964354,938.5272505370174,947.7251586914062,11602111,0.0,0.0,HDFCBANK.NS
2025-09-08,953.2340258485783,957.3165278914954,944.823149393627,950.2828369140625,11711307,0.0,0.0,HDFCBANK.NS
2025-09-09,958.1526998830964,958.5462157684692,947.0365666053971,949.4467163085938,13985539,0.0,0.0,HDFCBANK.NS
2025-09-10,958.0543466125587,958.0543466125587,946.0528326679372,950.1845092773438,18091100,0.0,0.0,HDFCBANK.NS
2025-09-11,944.6755555766032,953.4799478098324,944.2820997482355,952.0535278320312,15113633,0.0,0.0,HDFCBANK.NS
2025-09-12,954.1194397337725,954.9555859441327,946.5938836721522,951.5617065429688,14363519,0.0,0.0,HDFCBANK.NS
2025-09-15,953.824233432933,956.5294899386951,949.2991011128589,951.3157348632812,14486377,0.0,0.0,HDFCBANK.NS
2025-09-16,945.560981879392,953.5783427584718,945.560981879392,951.1190185546875,18661794,0.0,0.0,HDFCBANK.NS
2025-09-17,949.4467082101403,958.5462075924,948.6596764461077,950.7747192382812,17361476,0.0,0.0,HDFCBANK.NS
2025-09-18,957.4640913046234,963.7108108355188,953.4799980850369,961.0055541992188,17791598,0.0,0.0,HDFCBANK.NS
2025-09-19,959.0380500102757,960.8087513537787,946.4462625851606,951.168212890625,31243267,0.0,0.0,HDFCBANK.NS
2025-09-22,948.315388056543,955.3982535857159,946.298754270858,948.5121459960938,10854415,0.0,0.0,HDFCBANK.NS
2025-09-23,951.2665762064279,952.447063800625,939.9536851760515,941.6260375976562,21022298,0.0,0.0,HDFCBANK.NS
2025-09-24,936.7074240016012,940.8882751893465,927.6570988338277,935.5761108398438,15117220,0.0,0.0,HDFCBANK.NS
2025-09-25,937.0024763946197,942.4129893816753,931.9854792780051,934.3955688476562,31413279,0.0,0.0,HDFCBANK.NS
2025-09-26,929.7228805294212,935.9695999150294,925.9847198182591,929.6737060546875,14874656,0.0,0.0,HDFCBANK.NS
2025-09-29,930.6574059019287,941.232499440892,923.8204729543667,934.8382568359375,32398179,0.0,0.0,HDFCBANK.NS
2025-09-30,942.4621986714628,944.3804835370663,930.9033750448373,935.5269165039062,28296687,0.0,0.0,HDFCBANK.NS
2025-10-01,937.1992488555558,953.8242439027433,930.6082481971154,949.5450439453125,25350832,0.0,0.0,HDFCBANK.NS
2025-10-03,936.5106471136629,951.0206597658967,936.5106471136629,949.4467163085938,26658296,0.0,0.0,HDFCBANK.NS
2025-10-06,956.0868643620497,961.4973774003239,946.3479168763192,957.6116333007812,18542683,0.0,0.0,HDFCBANK.NS
2025-10-07,958.1527020714059,973.7447933808842,955.201513050652,966.514404296875,25535736,0.0,0.0,HDFCBANK.NS
2025-10-08,960.1201629857547,969.8591107869768,958.6937429483099,962.7762451171875,15939710,0.0,0.0,HDFCBANK.NS
2025-10-09,958.6445364195181,963.0713198098597,954.3653364923583,961.2022094726562,15370950,0.0,0.0,HDFCBANK.NS
2025-10-10,963.0713193511867,970.1541847807785,962.1859386567031,964.9404296875,13757080,0.0,0.0,HDFCBANK.NS
2025-10-13,958.4477997344204,965.0388004923793,956.1852335153851,961.1038818359375,18634254,0.0,0.0,HDFCBANK.NS
2025-10-14,954.2177737318785,964.4977607253469,951.2665847409552,961.25146484375,22934382,0.0,0.0,HDFCBANK.NS
2025-10-15,959.1364356766506,968.8753835018975,957.5132576917447,962.3335571289062,23310447,0.0,0.0,HDFCBANK.NS
2025-10-16,966.6619807603523,980.384961573746,965.5306676270898,978.1715698242188,22936566,0.0,0.0,HDFCBANK.NS
2025-10-17,977.7781081157631,992.5832274986775,969.9574453059425,986.2381591796875,25210511,0.0,0.0,HDFCBANK.NS
2025-10-20,980.7784494751901,1003.4042311581684,980.7784494751901,986.6316528320312,22195202,0.0,0.0,HDFCBANK.NS
2025-10-21,989.6320299074079,993.5669485153896,987.664570603417,991.3043823242188,3471600,0.0,0.0,HDFCBANK.NS
2025-10-23,999.4693402098319,1003.8961237048558,989.6320435542233,992.386474609375,43526526,0.0,0.0,HDFCBANK.NS
2025-10-24,994.5506701933195,995.4852253636408,975.1711841959709,978.5650634765625,17707768,0.0,0.0,HDFCBANK.NS
2025-10-27,980.286584655995,992.6323796093756,979.9914777728962,986.6316528320312,15700796,0.0,0.0,HDFCBANK.NS
2025-10-28,981.4178939740924,991.5994716753507,978.8109864255694,987.2218627929688,33904289,0.0,0.0,HDFCBANK.NS
2025-10-29,988.5499498614066,996.0262711888014,983.729650556841,991.451904296875,17769445,0.0,0.0,HDFCBANK.NS
2025-10-30,983.7296659041476,993.0750977302371,980.8768258561881,981.9097900390625,19962917,0.0,0.0,HDFCBANK.NS
2025-10-31,977.8272677237645,988.1072545286754,965.1863657946757,971.2362670898438,23221330,0.0,0.0,HDFCBANK.NS
2025-11-03,968.9737116887809,978.3683179002891,967.3013592642496,976.499267578125,16607180,0.0,0.0,HDFCBANK.NS
2025-11-04,970.9411924643373,980.7784892471573,967.6948965344255,969.2196655273438,20024544,0.0,0.0,HDFCBANK.NS
2025-11-06,965.0388182096445,974.9252895070431,958.1527104344483,968.6294555664062,22279516,0.0,0.0,HDFCBANK.NS
2025-11-07,964.0550607577244,968.8753600783504,958.8904800750938,966.317626953125,15004568,0.0,0.0,HDFCBANK.NS
2025-11-10,966.3176552483678,974.8269410200376,964.2518469316628,968.4818725585938,15988262,0.0,0.0,HDFCBANK.NS
2025-11-11,967.4981021987119,977.3353986115102,962.0875891716729,975.564697265625,10200530,0.0,0.0,HDFCBANK.NS
2025-11-12,982.549186657653,982.7459446009269,971.629811290036,973.4005126953125,13137263,0.0,0.0,HDFCBANK.NS
2025-11-13,967.990016129637,973.9907432290495,966.6127705451346,970.596923828125,14124839,0.0,0.0,HDFCBANK.NS
2025-11-14,960.169315545859,975.5155341538173,960.169315545859,973.4988403320312,21386965,0.0,0.0,HDFCBANK.NS
2025-11-17,975.121999344663,981.7129998984626,969.5639028977658,980.3357543945312,18396408,0.0,0.0,HDFCBANK.NS
2025-11-18,981.4178963551165,982.7459073482096,973.8923406153428,976.302490234375,20002640,0.0,0.0,HDFCBANK.NS
2025-11-19,973.8923481205824,980.3357652840727,967.9899702531849,978.41748046875,19813847,0.0,0.0,HDFCBANK.NS
2025-11-20,979.106143718625,995.1409255797437,976.3025381325072,992.4356689453125,19850865,0.0,0.0,HDFCBANK.NS
2025-11-21,986.7792242744008,991.8946306513916,980.3358068377918,981.8114013671875,17499897,0.0,0.0,HDFCBANK.NS
2025-11-24,983.7296398293618,994.9933562138265,977.4337461176169,982.8934936523438,32204053,0.0,0.0,HDFCBANK.NS
2025-11-25,987.6645910314578,989.7303993265384,972.3184321597589,973.6956176757812,24989383,0.0,0.0,HDFCBANK.NS
2025-11-26,965.3338969506472,990.566586579224,965.3338969506472,987.5662231445312,19494356,0.0,0.0,HDFCBANK.NS
2025-11-27,985.7954498771661,1000.2562876177888,984.7133712881919,993.0750732421875,25536848,0.0,0.0,HDFCBANK.NS
2025-11-28,990.615779865885,995.583602701878,987.8613487922537,991.2059936523438,15988807,0.0,0.0,HDFCBANK.NS
2025-12-01,1000.9449320171519,1000.9449320171519,983.0410401436599,985.7954711914062,16746566,0.0,0.0,HDFCBANK.NS
2025-12-02,971.9249162739843,978.2208101938114,968.9737272569581,973.6956176757812,27316662,0.0,0.0,HDFCBANK.NS
2025-12-03,969.957416921422,985.9921979107919,969.957416921422,984.2214965820312,15448777,0.0,0.0,HDFCBANK.NS
2025-12-04,983.7296507402166,988.3531921071142,976.8435431850351,980.9752197265625,14528169,0.0,0.0,HDFCBANK.NS
2025-12-05,975.8598190407668,991.5994935414243,974.0891176678615,986.9759521484375,12843366,0.0,0.0,HDFCBANK.NS
2025-12-08,983.7296369469886,990.1238795871441,981.2703128546212,986.7791748046875,12901022,0.0,0.0,HDFCBANK.NS
2025-12-09,978.7126738119038,986.4841021884776,977.82729309106,980.8768310546875,15294322,0.0,0.0,HDFCBANK.NS
2025-12-10,981.2703481612342,982.2540778335763,969.2688341502419,973.6956176757812,15322830,0.0,0.0,HDFCBANK.NS
2025-12-11,973.892376646044,986.3857555063869,972.4167821359742,984.0247802734375,11844809,0.0,0.0,HDFCBANK.NS
2025-12-12,986.6808557305643,988.3532081724247,981.9589653386773,985.2052612304688,11988618,0.0,0.0,HDFCBANK.NS
2025-12-15,975.8597989154725,985.5003373398883,975.8597989154725,979.89306640625,9790060,0.0,0.0,HDFCBANK.NS
2025-12-16,973.9906989646398,982.4508099496376,973.9906989646398,978.1223754882812,20049088,0.0,0.0,HDFCBANK.NS
2025-12-17,979.7947462128429,979.7947462128429,964.8420432983647,967.989990234375,19080922,0.0,0.0,HDFCBANK.NS
2025-12-18,957.464054962666,971.334679033018,957.464054962666,963.7599487304688,14912404,0.0,0.0,HDFCBANK.NS
2025-12-19,970.9411706561548,971.9249003123414,962.7762265182249,969.465576171875,25952384,0.0,0.0,HDFCBANK.NS
2025-12-22,971.9249286743926,976.745228147207,967.8916609831689,971.6298217773438,13540411,0.0,0.0,HDFCBANK.NS
2025-12-23,974.3842218605324,982.647574967353,971.6297908389565,980.3849487304688,17927849,0.0,0.0,HDFCBANK.NS
2025-12-24,976.8435431850351,983.1394369666097,976.8435431850351,980.9752197265625,13699996,0.0,0.0,HDFCBANK.NS
2025-12-26,979.7947606844748,980.9752483081762,971.6298163538564,975.9581909179688,9360853,0.0,0.0,HDFCBANK.NS
2025-12-29,976.9418827381613,981.1719682293385,971.1379138798658,975.564697265625,13545749,0.0,0.0,HDFCBANK.NS
2025-12-30,974.0891482066822,978.8110386964976,966.219310709625,974.7777709960938,33155849,0.0,0.0,HDFCBANK.NS
2025-12-31,974.8761180311038,981.3687099365719,971.531413084593,975.0728759765625,10963454,0.0,0.0,HDFCBANK.NS
2026-01-01,977.3354223369146,981.3195154723957,973.4005036762727,975.023681640625,7132074,0.0,0.0,HDFCBANK.NS
2026-01-02,975.0236621058955,986.8775923251652,972.7118614138294,985.3035888671875,11751459,0.0,0.0,HDFCBANK.NS
2026-01-05,989.3861276768052,990.0255759869466,960.4152765333309,961.5957641601562,27647379,0.0,0.0,HDFCBANK.NS
2026-01-06,947.0365425575541,950.9714611429873,940.445541918535,946.544677734375,31988783,0.0,0.0,HDFCBANK.NS
2026-01-07,940.4455758755977,940.8882662408619,930.6082790568153,933.608642578125,52884712,0.0,0.0,HDFCBANK.NS
2026-01-08,929.3294156929511,937.4943598087852,926.083119844739,931.296875,21928849,0.0,0.0,HDFCBANK.NS
2026-01-09,929.6245460388378,935.1334082207486,918.1148967937476,923.72216796875,38183839,0.0,0.0,HDFCBANK.NS
2026-01-12,922.246544668881,926.6733280832916,914.4750564356341,921.7055053710938,21071666,0.0,0.0,HDFCBANK.NS
2026-01-13,932.2806373194226,932.2806373194226,917.4262830054705,922.0989990234375,32042827,0.0,0.0,HDFCBANK.NS
2026-01-14,914.8685971701506,924.7550683892156,905.2280583696796,910.3926391601562,36688248,0.0,0.0,HDFCBANK.NS
2026-01-15,910.3926391601562,910.3926391601562,910.3926391601562,910.3926391601562,0,0.0,0.0,HDFCBANK.NS
2026-01-16,906.9987674975428,920.7218085803552,904.2443363942556,915.95068359375,37780235,0.0,0.0,HDFCBANK.NS
2026-01-19,920.6726328615482,920.9185652819042,904.5394420693568,912.8027954101562,38191942,0.0,0.0,HDFCBANK.NS
2026-01-20,914.1799618930222,919.2953681382725,904.637772173591,916.049072265625,36022727,0.0,0.0,HDFCBANK.NS
2026-01-21,909.9499161549952,916.9836070913005,900.6044845836736,905.3755493164062,32766854,0.0,0.0,HDFCBANK.NS
2026-01-22,912.9011151422527,913.1962220288154,898.3419283315923,903.75244140625,44444755,0.0,0.0,HDFCBANK.NS
2026-01-23,905.0312717738813,911.0319985807623,894.4561781091321,901.1947021484375,30985247,0.0,0.0,HDFCBANK.NS
2026-01-27,891.2590997657288,916.0490999795524,890.2753700750383,911.3272094726562,44753093,0.0,0.0,HDFCBANK.NS
2026-01-28,917.3279002643548,926.1322926560076,913.2946327089841,917.524658203125,35347138,0.0,0.0,HDFCBANK.NS
2026-01-29,914.9669494914904,924.0172745375145,909.310503842987,920.2791137695312,37175628,0.0,0.0,HDFCBANK.NS
2026-01-30,914.8685955943554,923.6238136980638,912.6552038308206,914.1307983398438,29691233,0.0,0.0,HDFCBANK.NS
2026-02-02,900.1126164754811,914.6718030723491,894.5053455447564,912.9994506835938,28032106,0.0,0.0,HDFCBANK.NS
2026-02-03,967.7440559401642,977.8272849855383,929.6245315003357,933.2643432617188,50336968,0.0,0.0,HDFCBANK.NS
2026-02-04,937.0024986247718,941.62604002273,932.5265406922532,937.5927124023438,24366770,0.0,0.0,HDFCBANK.NS
2026-02-05,940.4455315704454,940.4947060438036,931.2968579683982,934.248046875,28103169,0.0,0.0,HDFCBANK.NS
2026-02-06,929.6245335781572,932.674071523322,922.3449100391202,925.7879638671875,18120272,0.0,0.0,HDFCBANK.NS
2026-02-09,929.6245151050697,934.5431633331389,920.1315000080592,922.0006103515625,23947829,0.0,0.0,HDFCBANK.NS
2026-02-10,914.868578036692,925.5912552799808,914.8194035624206,917.2295532226562,31525385,0.0,0.0,HDFCBANK.NS
2026-02-11,916.098249190927,920.7709650928405,910.2450456843219,912.0157470703125,24869804,0.0,0.0,HDFCBANK.NS
2026-02-12,911.9174149760892,913.4913584500406,903.5557126812706,905.6215209960938,33872203,0.0,0.0,HDFCBANK.NS
2026-02-13,898.1451529282086,913.097855324917,886.3403973585059,889.1932373046875,50188359,0.0,0.0,HDFCBANK.NS
2026-02-16,889.1932346170704,914.3766890728148,887.4224732532938,910.7368774414062,18806989,0.0,0.0,HDFCBANK.NS
2026-02-17,907.9824677389611,912.9994649414832,903.6540332583628,910.6385498046875,22599629,0.0,0.0,HDFCBANK.NS
2026-02-18,908.1792516728873,910.4418179261975,904.5886143276533,909.6548461914062,12738702,0.0,0.0,HDFCBANK.NS
2026-02-19,913.8848827326366,914.0816406792112,897.6041683586819,900.702880859375,21209234,0.0,0.0,HDFCBANK.NS
2026-02-20,896.1777087970013,902.9162328649714,893.6200357305538,897.0138549804688,22654907,0.0,0.0,HDFCBANK.NS
2026-02-23,901.5882362795462,910.5893867142319,900.3585742006053,908.5726928710938,23270122,0.0,0.0,HDFCBANK.NS
2026-02-24,912.8519465614362,912.8519465614362,894.3578410316289,895.6858520507812,31313985,0.0,0.0,HDFCBANK.NS
2026-02-25,895.7350222932594,901.0963609031212,888.4062243801156,892.8330078125,27884303,0.0,0.0,HDFCBANK.NS
2026-02-26,897.1614323550999,897.1614323550999,880.4380284625158,883.9794311523438,41165937,0.0,0.0,HDFCBANK.NS
2026-02-27,883.9794733683615,884.3238147843207,870.6007736322075,873.3060302734375,34620755,0.0,0.0,HDFCBANK.NS
2026-03-02,861.9439110956672,873.3059762779105,857.3695443137591,865.0918579101562,38378924,0.0,0.0,HDFCBANK.NS
2026-03-04,834.202743374385,864.993469417403,834.202743374385,854.5167846679688,39862322,0.0,0.0,HDFCBANK.NS
2026-03-05,859.6321193633155,867.0593261570968,849.4505416361635,863.4686889648438,31324582,0.0,0.0,HDFCBANK.NS
2026-03-06,853.9264946975441,857.5171318697022,841.1871839599715,843.10546875,34439647,0.0,0.0,HDFCBANK.NS
2026-03-09,811.5769775858611,828.7430723323081,808.1339237415574,827.0215454101562,35592613,0.0,0.0,HDFCBANK.NS
2026-03-10,836.2193641547399,842.8595391904452,826.923107096334,835.629150390625,52866024,0.0,0.0,HDFCBANK.NS
2026-03-11,831.2515482012323,835.0388833093358,814.1346283989498,820.38134765625,42261076,0.0,0.0,HDFCBANK.NS
2026-03-12,806.7566625998296,822.7915039414563,806.7566625998296,819.2008666992188,46107561,0.0,0.0,HDFCBANK.NS
2026-03-13,806.6583423777922,810.3965031755142,798.7885048911796,803.7071533203125,41700464,0.0,0.0,HDFCBANK.NS
2026-03-16,803.7071599773169,830.7597265616207,802.3791489072894,826.9231567382812,52182605,0.0,0.0,HDFCBANK.NS
2026-03-17,833.907625869114,835.0881134427475,821.5125964091002,831.5958251953125,38826979,0.0,0.0,HDFCBANK.NS
2026-03-18,831.5958180920426,833.0222380629118,818.0695356894909,829.333251953125,23507063,0.0,0.0,HDFCBANK.NS
2026-03-19,757.4718247668609,802.3791069663046,757.4718247668609,785.2130126953125,171637393,0.0,0.0,HDFCBANK.NS
2026-03-20,772.2277890336613,780.8354236248008,765.5384393026802,767.7518310546875,103129469,0.0,0.0,HDFCBANK.NS
2026-03-23,750.7333447737776,756.1930326018271,728.9928823726722,732.04248046875,72341738,0.0,0.0,HDFCBANK.NS
2026-03-24,742.7158864237038,760.1770877270425,735.5346719806084,752.454833984375,61269986,0.0,0.0,HDFCBANK.NS
2026-03-25,755.7011518436857,781.8683373030494,755.7011518436857,769.5717163085938,59230640,0.0,0.0,HDFCBANK.NS
2026-03-27,760.6197661066401,762.2921184952538,742.2731843894259,743.8963623046875,65485199,0.0,0.0,HDFCBANK.NS
2026-03-30,733.0753333889118,738.7809532430898,714.8271607333363,719.6473999023438,103500135,0.0,0.0,HDFCBANK.NS
2026-04-01,730.9111370884557,743.6012737142313,727.0745673991486,730.17333984375,78862761,0.0,0.0,HDFCBANK.NS
2026-04-02,718.1226435138951,742.7158847301245,714.8271732077576,738.6826171875,49310300,0.0,0.0,HDFCBANK.NS
2026-04-06,746.6508105088765,760.1770933079504,732.8785952952741,758.45556640625,42976659,0.0,0.0,HDFCBANK.NS
2026-04-07,753.5368922732654,761.4067292682865,748.6182441513773,759.4392700195312,51309793,0.0,0.0,HDFCBANK.NS
2026-04-08,786.9837533249241,804.4941298279846,783.0488345582994,802.82177734375,70269512,0.0,0.0,HDFCBANK.NS
2026-04-09,801.7397031581198,805.674621946626,780.1959987742106,784.72119140625,48879392,0.0,0.0,HDFCBANK.NS
2026-04-10,790.9186649096054,799.0344347920734,787.9674758614352,797.1161499023438,38156026,0.0,0.0,HDFCBANK.NS
2026-04-13,778.6220116333144,785.5081191272287,774.5395096022282,781.7699584960938,47549328,0.0,0.0,HDFCBANK.NS
2026-04-15,791.8531825431569,801.5428954413671,790.9186273804953,796.72265625,39769515,0.0,0.0,HDFCBANK.NS
2026-04-16,804.6908427624061,806.7074765090769,779.3106301457999,782.5077514648438,62861293,0.0,0.0,HDFCBANK.NS
2026-04-17,777.2447773125524,790.8694690755784,775.3757269911107,786.8853759765625,37282544,0.0,0.0,HDFCBANK.NS
2026-04-20,784.130869340026,796.7718311959621,777.146412936798,782.5077514648438,52148044,0.0,0.0,HDFCBANK.NS
2026-04-21,782.2618278432276,801.6413139109341,782.2618278432276,798.5425415039062,49135752,0.0,0.0,HDFCBANK.NS
2026-04-22,796.8210214869076,799.8213849297669,785.0162656130275,786.8853759765625,23876412,0.0,0.0,HDFCBANK.NS
2026-04-23,779.1138736217773,783.6882404572269,769.7684420568696,771.5883178710938,37677616,0.0,0.0,HDFCBANK.NS
2026-04-24,764.6530532653331,774.7854567622786,764.3579463755373,772.0802001953125,27720358,0.0,0.0,HDFCBANK.NS
2026-04-27,774.6870798664892,780.0975928052393,772.227755803421,776.9496459960938,18115375,0.0,0.0,HDFCBANK.NS
2026-04-28,772.2277766082829,781.5732082997206,765.6367759332712,769.817626953125,35366803,0.0,0.0,HDFCBANK.NS
2026-04-29,772.7196209849993,777.1464043006358,764.7022005187322,766.3253784179688,25799963,0.0,0.0,HDFCBANK.NS
2026-04-30,757.4718126650201,766.1286213727735,749.847908057028,759.1441650390625,47998755,0.0,0.0,HDFCBANK.NS
2026-05-01,759.1441650390625,759.1441650390625,759.1441650390625,759.1441650390625,0,0.0,0.0,HDFCBANK.NS
2026-05-04,760.0295232783589,773.8017387354295,760.0295232783589,766.7189331054688,29028060,0.0,0.0,HDFCBANK.NS
2026-05-05,761.8002432312857,764.2595672860843,751.2743242683289,759.734375,38887657,0.0,0.0,HDFCBANK.NS
2026-05-06,762.5380651832903,785.9508189360297,760.9148872376333,783.58984375,35530831,0.0,0.0,HDFCBANK.NS
2026-05-07,781.0813276889071,788.5084744009563,775.7199891869062,783.0979614257812,46137553,0.0,0.0,HDFCBANK.NS
2026-05-08,771.2440360478325,775.9167518274592,764.5546865191014,768.145263671875,38016841,0.0,0.0,HDFCBANK.NS
2026-05-11,759.3901026416063,762.2428825536997,749.5036318326614,751.2251586914062,41123422,0.0,0.0,HDFCBANK.NS
2026-05-12,744.2898305325124,747.3394284783378,735.6330216051203,738.2399291992188,43937132,0.0,0.0,HDFCBANK.NS
2026-05-13,739.7647228184694,747.5853858194506,735.1903557682459,737.4037475585938,28960919,0.0,0.0,HDFCBANK.NS
2026-05-14,738.7810009702333,765.6368096362314,734.846082190099,757.0291748046875,50992358,0.0,0.0,HDFCBANK.NS
2026-05-15,760.4230253238243,769.1782432932904,752.9467039429112,755.0125122070312,24347873,0.0,0.0,HDFCBANK.NS
2026-05-18,746.6507839481793,761.5050772404568,739.1252283144738,756.143798828125,29812079,0.0,0.0,HDFCBANK.NS
2026-05-19,754.2255287138954,758.2587962302428,747.8804605130283,750.044677734375,40307830,0.0,0.0,HDFCBANK.NS
2026-05-20,747.2410491475586,749.8479568451309,742.8635000569833,747.1427001953125,24013451,0.0,0.0,HDFCBANK.NS
2026-05-21,754.5206547496631,755.7503168336749,742.8634822100684,746.7984008789062,34664725,0.0,0.0,HDFCBANK.NS
2026-05-22,746.7984174780529,762.390509033052,746.7984174780529,754.3239135742188,25604071,0.0,0.0,HDFCBANK.NS
2026-05-25,763.3742255318324,775.0313981291084,762.5872538025895,774.0476684570312,26043952,0.0,0.0,HDFCBANK.NS
2026-05-26,771.2932224692265,777.9825721015808,764.1120080103449,766.22705078125,31528062,0.0,0.0,HDFCBANK.NS
2026-05-27,756.9799611769273,761.3083956280444,744.584991677417,746.3065185546875,63680153,0.0,0.0,HDFCBANK.NS
2026-05-28,746.3065185546875,746.3065185546875,746.3065185546875,746.3065185546875,0,0.0,0.0,HDFCBANK.NS
2026-05-29,733.9115075895189,748.1264133157719,725.7465633447872,732.4359130859375,101299431,0.0,0.0,HDFCBANK.NS
2026-06-01,736.8135126590627,740.1089829912345,727.1729740345589,730.6160278320312,47996441,0.0,0.0,HDFCBANK.NS
2026-06-02,725.0087855549667,741.3386744827858,721.2214502442791,736.0757446289062,47314447,0.0,0.0,HDFCBANK.NS
2026-06-03,732.3375535846441,744.5849997963322,730.5176176978582,741.3878784179688,36109480,0.0,0.0,HDFCBANK.NS
2026-06-04,736.9610714527732,744.9784318589446,732.8785694984622,741.9288940429688,42673538,0.0,0.0,HDFCBANK.NS
2026-06-05,741.6829610502508,746.355676758121,732.5342875674706,734.8952026367188,22116568,0.0,0.0,HDFCBANK.NS
2026-06-08,725.9925096938186,729.4355636015806,722.5494557860566,726.6319580078125,21550700,0.0,0.0,HDFCBANK.NS
2026-06-09,727.4189306755471,731.8457142768752,720.3852393810432,726.3367919921875,38539563,0.0,0.0,HDFCBANK.NS
2026-06-10,724.5169081730804,743.6504624272108,724.418559222074,734.698486328125,44458159,0.0,0.0,HDFCBANK.NS
2026-06-11,730.9111639255492,743.699649970007,728.0583237911012,732.485107421875,32632007,0.0,0.0,HDFCBANK.NS
2026-06-12,742.4207572291352,761.8494172504803,740.8467538097462,759.8819580078125,36088159,0.0,0.0,HDFCBANK.NS
2026-06-15,777.1464134002696,780.5894671305239,762.980682607529,764.7022094726562,39990334,0.0,0.0,HDFCBANK.NS
2026-06-16,767.8010209255166,774.8838866823837,766.7681167622869,772.1294555664062,27820970,0.0,0.0,HDFCBANK.NS
2026-06-17,774.8346784396643,781.376444549763,770.3586605239058,774.2935791015625,32405604,0.0,0.0,HDFCBANK.NS
2026-06-18,773.7033792240301,789.8857441736253,773.4082723338255,786.0,41492071,0.0,0.0,HDFCBANK.NS
2026-06-19,788.7000122070312,789.0499877929688,776.2000122070312,779.7999877929688,33798761,13.0,0.0,HDFCBANK.NS
2026-06-22,789.9000244140625,789.9000244140625,783.0999755859375,786.4000244140625,25194765,0.0,0.0,HDFCBANK.NS
2026-06-23,783.0499877929688,790.9000244140625,772.5499877929688,774.6500244140625,28289062,0.0,0.0,HDFCBANK.NS
2026-06-24,773.0,794.9000244140625,772.6500244140625,793.2000122070312,34701292,0.0,0.0,HDFCBANK.NS
2026-06-25,798.5,804.4500122070312,794.75,796.2999877929688,46707966,0.0,0.0,HDFCBANK.NS
2026-06-26,796.2999877929688,796.2999877929688,796.2999877929688,796.2999877929688,0,0.0,0.0,HDFCBANK.NS
2026-06-29,800.0,805.9000244140625,793.2999877929688,798.9000244140625,46695977,0.0,0.0,HDFCBANK.NS
2026-06-30,806.0999755859375,806.0999755859375,792.75,797.9500122070312,45778356,0.0,0.0,HDFCBANK.NS
2026-07-01,793.5,802.25,793.5,796.1500244140625,26094378,0.0,0.0,HDFCBANK.NS
2026-07-02,795.0,805.4500122070312,794.0,795.9000244140625,34143823,0.0,0.0,HDFCBANK.NS
2026-07-03,803.0,807.0,798.5499877929688,801.0499877929688,25871958,0.0,0.0,HDFCBANK.NS
2026-07-06,805.0,831.5,805.0,829.8499755859375,63203327,0.0,0.0,HDFCBANK.NS
2026-07-07,843.0,843.0,826.0999755859375,829.2999877929688,57611729,0.0,0.0,HDFCBANK.NS
2026-07-08,825.9000244140625,834.3499755859375,806.9500122070312,810.2999877929688,38754632,0.0,0.0,HDFCBANK.NS
2026-07-09,813.0,822.8499755859375,812.2999877929688,817.5499877929688,39891798,0.0,0.0,HDFCBANK.NS
2026-07-10,824.0,827.7000122070312,820.2999877929688,824.9500122070312,23595785,0.0,0.0,HDFCBANK.NS
2026-07-13,817.0,821.9500122070312,811.0,817.9500122070312,21741736,0.0,0.0,HDFCBANK.NS
2026-07-14,811.4000244140625,818.4000244140625,807.0,809.4000244140625,25605395,0.0,0.0,HDFCBANK.NS
2026-07-15,811.0,819.7000122070312,809.7000122070312,815.4500122070312,21488739,0.0,0.0,HDFCBANK.NS
2026-07-16,814.5,818.0,806.5,808.2999877929688,18698186,0.0,0.0,HDFCBANK.NS
2026-07-17,810.0,823.7000122070312,808.5,819.5999755859375,17415322,0.0,0.0,HDFCBANK.NS
2026-07-20,790.0,790.0,774.5499877929688,777.5999755859375,56061789,0.0,0.0,HDFCBANK.NS
2026-07-21,769.1500244140625,772.5,760.0999755859375,761.4500122070312,42246009,0.0,0.0,HDFCBANK.NS
2026-07-22,760.25,761.3499755859375,750.3499755859375,753.1500244140625,23385446,0.0,0.0,HDFCBANK.NS
2026-07-23,749.4000244140625,751.0,743.25,747.25,32532090,0.0,0.0,HDFCBANK.NS
2026-07-24,738.5,748.25,737.25,742.7999877929688,23837859,0.0,0.0,HDFCBANK.NS
2026-07-27,746.0999755859375,747.9500122070312,738.0999755859375,739.5499877929688,29678752,0.0,0.0,HDFCBANK.NS
2026-07-28,732.0,740.25,732.0,735.4000244140625,33886037,0.0,0.0,HDFCBANK.NS
2026-07-29,743.0,751.25,740.7999877929688,748.2000122070312,20460659,0.0,0.0,HDFCBANK.NS
2026-07-30,752.7999877929688,757.9000244140625,745.5,753.9500122070312,35844392,0.0,0.0,HDFCBANK.NS
2026-07-31,753.9500122070312,757.5499877929688,747.2000122070312,748.1500244140625,25522483,0.0,0.0,HDFCBANK.NS
2026-08-03,753.0499877929688,756.8499755859375,750.0499877929688,753.0,14827841,0.0,0.0,HDFCBANK.NS
2026-08-04,753.2000122070312,753.2000122070312,738.0,742.0,31559802,0.0,0.0,HDFCBANK.NS
2026-08-05,733.7999877929688,741.9500122070312,732.5999755859375,735.0,60050538,0.0,0.0,HDFCBANK.NS
2026-08-06,739.0,740.5,733.5499877929688,734.2999877929688,44772122,0.0,0.0,HDFCBANK.NS
2026-08-07,733.0,736.0,728.2000122070312,731.0,19382042,0.0,0.0,HDFCBANK.NS
2026-08-10,731.5,737.5499877929688,728.5,731.0,23660590,0.0,0.0,HDFCBANK.NS
2026-08-11,730.5,730.8499755859375,726.5499877929688,729.0,29154365,0.0,0.0,HDFCBANK.NS
2026-08-12,729.0,730.6500244140625,722.0,729.0,26993177,0.0,0.0,HDFCBANK.NS
2026-08-13,726.9000244140625,729.0,724.5,725.0,22129893,0.0,0.0,HDFCBANK.NS
2026-08-14,725.0,729.5999755859375,723.5,727.0,20364131,0.0,0.0,HDFCBANK.NS
2026-08-17,727.0499877929688,732.0999755859375,724.5,729.0,14823722,0.0,0.0,HDFCBANK.NS
2026-08-18,726.2999877929688,729.0,723.0,723.0,17916507,0.0,0.0,HDFCBANK.NS
2026-08-19,724.0,725.4000244140625,715.0999755859375,720.0,21342651,0.0,0.0,HDFCBANK.NS
2026-08-20,725.5,728.2999877929688,724.2999877929688,725.0499877929688,17603805,0.0,0.0,HDFCBANK.NS
2026-08-21,728.2999877929688,732.7999877929688,726.5999755859375,726.9500122070312,26029811,0.0,0.0,HDFCBANK.NS
2026-08-24,732.5,734.4000244140625,724.0999755859375,729.0,11408345,0.0,0.0,HDFCBANK.NS
2026-08-25,726.5999755859375,728.7000122070312,722.0,727.5,17511874,0.0,0.0,HDFCBANK.NS
2026-08-26,728.0,731.0,724.1500244140625,727.2000122070312,21156463,0.0,0.0,HDFCBANK.NS
2026-08-27,728.1500244140625,728.1500244140625,710.0,711.0,46515020,0.0,0.0,HDFCBANK.NS
2026-08-28,710.8499755859375,716.2999877929688,707.0,715.7999877929688,8735291,0.0,0.0,HDFCBANK.NS
