Date,Open,High,Low,Close,Volume,Dividends,Stock splits,Ticker
2021-08-30,677.6656622286431,687.7657182306314,674.2028093692373,686.4671630859375,10797869,0.0,0.0,ICICIBANK.NS
2021-08-31,686.803864385746,692.4791578977184,682.3309585915356,691.6614990234375,19760246,0.0,0.0,ICICIBANK.NS
2021-09-01,699.8858486962628,706.8116139838213,689.8820176900919,692.4791870117188,13729351,0.0,0.0,ICICIBANK.NS
2021-09-02,694.7876956272153,700.3186790376726,690.1705386092486,697.5291748046875,8627956,0.0,0.0,ICICIBANK.NS
2021-09-03,697.1444191847074,703.925874369514,693.6334234618353,696.7115478515625,8993813,0.0,0.0,ICICIBANK.NS
2021-09-06,697.7695752407411,700.2705178919373,692.5752374755424,693.6814575195312,5329995,0.0,0.0,ICICIBANK.NS
2021-09-07,693.4410856184164,694.9320346841002,684.5434162818343,689.5934448242188,6242711,0.0,0.0,ICICIBANK.NS
2021-09-08,689.2085631658193,695.2205010859677,687.7656980649837,693.4890747070312,7118011,0.0,0.0,ICICIBANK.NS
2021-09-09,693.344834746782,696.3267914825784,690.266710478682,692.8157958984375,6243422,0.0,0.0,ICICIBANK.NS
2021-09-13,690.555379711491,690.555379711491,678.3391080110895,680.455322265625,6967906,0.0,0.0,ICICIBANK.NS
2021-09-14,686.0823626044692,686.8037951624129,679.5894695829758,680.5032958984375,5241865,0.0,0.0,ICICIBANK.NS
2021-09-15,680.1665938172648,688.727617010042,679.3970774956327,687.1404418945312,5936741,0.0,0.0,ICICIBANK.NS
2021-09-16,692.5752731243462,701.6172515631584,685.6975924140474,699.5010375976562,13557169,0.0,0.0,ICICIBANK.NS
2021-09-17,704.984020781181,706.4268861051619,686.8038942148861,692.7196655273438,17075003,0.0,0.0,ICICIBANK.NS
2021-09-20,682.9561767578125,692.9600653662858,679.589491379429,682.9561767578125,7943459,0.0,0.0,ICICIBANK.NS
2021-09-21,684.0624276357428,687.2848031587205,667.9504326001814,684.7357177734375,10009615,0.0,0.0,ICICIBANK.NS
2021-09-22,687.7657864853312,687.7657864853312,675.5014315515018,676.5595092773438,9740470,0.0,0.0,ICICIBANK.NS
2021-09-23,683.918114315017,692.5753056354603,680.2147837342951,689.6895751953125,10412491,0.0,0.0,ICICIBANK.NS
2021-09-24,695.0762600840396,697.0000804094428,689.2567153417624,695.4129638671875,11780868,0.0,0.0,ICICIBANK.NS
2021-09-27,696.9038912420403,703.8777397051249,694.7876772077269,702.1943969726562,7712240,0.0,0.0,ICICIBANK.NS
2021-09-28,706.1381917820847,707.3887218995771,679.6856636254017,689.8338623046875,13491800,0.0,0.0,ICICIBANK.NS
2021-09-29,680.4070895159849,684.8319112266702,674.5875451208484,682.4752197265625,11453404,0.0,0.0,ICICIBANK.NS
2021-09-30,682.5713763733572,686.7076367285839,672.1827591435228,674.1546630859375,18487517,0.0,0.0,ICICIBANK.NS
2021-10-01,666.6037196580726,668.3832299132855,661.6980014823853,665.9784545898438,10935810,0.0,0.0,ICICIBANK.NS
2021-10-04,670.4993788477985,676.5594003324971,667.6136487398155,673.5294189453125,8976533,0.0,0.0,ICICIBANK.NS
2021-10-05,666.6037382305285,672.3751991675894,665.4975180667906,670.5475463867188,7497208,0.0,0.0,ICICIBANK.NS
2021-10-06,670.0665375889104,678.1466057371454,662.1307794366672,663.2369995117188,13200810,0.0,0.0,ICICIBANK.NS
2021-10-07,670.9804024964559,678.0985609750206,667.0365944296218,675.4533081054688,10041549,0.0,0.0,ICICIBANK.NS
2021-10-08,679.1085478197504,682.9561883173127,671.7018281198759,676.6076049804688,9383924,0.0,0.0,ICICIBANK.NS
2021-10-11,675.2609202917469,691.998180261745,673.625661306808,686.1304931640625,9337637,0.0,0.0,ICICIBANK.NS
2021-10-12,679.5894484199508,685.8418637274239,677.5694608047454,681.6094360351562,7376091,0.0,0.0,ICICIBANK.NS
2021-10-13,686.6594951845259,688.6314578399403,680.9842608721038,682.9080810546875,6357766,0.0,0.0,ICICIBANK.NS
2021-10-14,683.1966729545271,702.0020043398955,682.0423690511852,699.5972290039062,8950350,0.0,0.0,ICICIBANK.NS
2021-10-18,710.8515762086283,720.3745098476543,704.1662891558037,717.055908203125,15345601,0.0,0.0,ICICIBANK.NS
2021-10-19,726.2422076981952,726.2422076981952,710.6111668040288,718.9797973632812,11349799,0.0,0.0,ICICIBANK.NS
2021-10-20,718.3063553528533,728.5988049955231,713.6411149287688,717.4406127929688,12762996,0.0,0.0,ICICIBANK.NS
2021-10-21,720.3745002944903,730.9073689639233,709.3125340996456,726.7230834960938,12166996,0.0,0.0,ICICIBANK.NS
2021-10-22,729.6087795934703,736.6787950414567,724.654919306561,730.3782958984375,13248928,0.0,0.0,ICICIBANK.NS
2021-10-25,769.5280482172651,833.9760222554611,767.9890156049629,809.6397094726562,96124084,0.0,0.0,ICICIBANK.NS
2021-10-26,797.1348787547508,809.6397095393108,791.0267146453249,797.8082275390625,16925115,0.0,0.0,ICICIBANK.NS
2021-10-27,797.183008068336,816.6616879034899,792.8063287857138,803.1949462890625,22898400,0.0,0.0,ICICIBANK.NS
2021-10-28,798.4815924244681,800.2611614290471,765.9209573150523,768.2776489257812,18750423,0.0,0.0,ICICIBANK.NS
2021-10-29,767.6042757560868,777.9448095460341,754.0413665482897,771.5,15701200,0.0,0.0,ICICIBANK.NS
2021-11-01,776.9347875975039,778.8586077680014,762.7946976022804,773.279541015625,11406421,0.0,0.0,ICICIBANK.NS
2021-11-02,778.1853206241216,779.1472307855852,767.604308848021,770.4419555664062,9452457,0.0,0.0,ICICIBANK.NS
2021-11-03,775.2995301314241,775.2995301314241,750.7227391503419,756.0132446289062,11839149,0.0,0.0,ICICIBANK.NS
2021-11-04,758.4661236923016,758.9470787485428,749.3279776237197,752.3098754882812,3149310,0.0,0.0,ICICIBANK.NS
2021-11-08,762.7947256676549,762.7947256676549,743.7008332570813,750.4342041015625,13967995,0.0,0.0,ICICIBANK.NS
2021-11-09,754.1375948400054,758.5623582643697,749.5204376340731,756.5904541015625,10084357,0.0,0.0,ICICIBANK.NS
2021-11-10,752.742817291657,754.4261601461827,743.6527541351509,751.1557006835938,9507347,0.0,0.0,ICICIBANK.NS
2021-11-11,747.115579737698,747.4041410230534,736.9192975425867,742.0655517578125,9221059,0.0,0.0,ICICIBANK.NS
2021-11-12,743.267994769798,750.1937596861887,741.8251295251473,747.0194091796875,15380106,0.0,0.0,ICICIBANK.NS
2021-11-15,747.4042333284161,754.6666436733875,742.161810940737,743.8451538085938,10934583,0.0,0.0,ICICIBANK.NS
2021-11-16,743.8450559693728,746.2017474164606,732.9754837658305,734.9473876953125,12785837,0.0,0.0,ICICIBANK.NS
2021-11-17,731.9173952219124,742.5464897457188,727.4925736768888,732.3021240234375,11657214,0.0,0.0,ICICIBANK.NS
2021-11-18,735.7651289767874,738.2660719906005,727.5888923488785,733.84130859375,20644385,0.0,0.0,ICICIBANK.NS
2021-11-22,739.0355069285229,741.1036370964275,712.0539407730103,723.3563842773438,20403786,0.0,0.0,ICICIBANK.NS
2021-11-23,712.7273121306753,729.0797841012621,703.3486885004858,723.2120971679688,24913042,0.0,0.0,ICICIBANK.NS
2021-11-24,721.6731224604313,742.835146711187,718.2583530165816,731.244140625,23186419,0.0,0.0,ICICIBANK.NS
2021-11-25,726.1459550140722,726.1940387768095,716.9115828655152,722.4425659179688,17749726,0.0,0.0,ICICIBANK.NS
2021-11-26,710.8516072435933,713.7854214854136,691.2286165229643,694.6915283203125,18987552,0.0,0.0,ICICIBANK.NS
2021-11-29,699.068180914518,700.0300910361755,683.4371414375852,691.0362548828125,15878074,0.0,0.0,ICICIBANK.NS
2021-11-30,689.4490495697592,704.4067395658299,684.0142341357566,687.1404418945312,23965914,0.0,0.0,ICICIBANK.NS
2021-12-01,689.1124822799538,704.8396903721886,687.7657845323982,699.9820556640625,15214913,0.0,0.0,ICICIBANK.NS
2021-12-02,697.0001277012248,699.4049032711439,687.9582067845334,694.8839721679688,21924640,0.0,0.0,ICICIBANK.NS
2021-12-03,693.0562697626139,701.713461196151,687.8619314183568,689.0162353515625,20130259,0.0,0.0,ICICIBANK.NS
2021-12-06,691.6134396741168,699.1163275557735,680.5514722801636,682.5233764648438,20129080,0.0,0.0,ICICIBANK.NS
2021-12-07,689.6895601597341,712.7273194134128,684.8800095310052,706.6672973632812,30513303,0.0,0.0,ICICIBANK.NS
2021-12-08,719.4126192151085,729.8974045444193,715.7573137045512,724.703125,33432411,0.0,0.0,ICICIBANK.NS
2021-12-09,730.1378506329528,733.9374072750672,719.8935432805426,726.2421264648438,16007459,0.0,0.0,ICICIBANK.NS
2021-12-10,727.6850034769103,730.8592951207969,722.4425815974355,729.1278686523438,7627774,0.0,0.0,ICICIBANK.NS
2021-12-13,733.9374032665627,740.3822126519923,723.8373472583072,725.2802124023438,16855546,0.0,0.0,ICICIBANK.NS
2021-12-14,722.4426213111899,735.2360148279045,717.873548004482,729.753173828125,17488089,0.0,0.0,ICICIBANK.NS
2021-12-15,728.7430582731992,730.5707109222462,722.2983076599259,723.5968627929688,7358740,0.0,0.0,ICICIBANK.NS
2021-12-16,729.0317963686343,729.0317963686343,710.803585528847,712.9197998046875,14123215,0.0,0.0,ICICIBANK.NS
2021-12-17,713.7373237235854,713.7373237235854,698.3948452518806,700.5591430664062,13227787,0.0,0.0,ICICIBANK.NS
2021-12-20,690.7476130725161,692.7676594904285,671.6056374820087,682.9080810546875,16900016,0.0,0.0,ICICIBANK.NS
2021-12-21,692.5752812141857,701.18438846579,688.8719507640491,692.9119262695312,14563335,0.0,0.0,ICICIBANK.NS
2021-12-22,698.5871960267178,706.9558254698961,692.6233417850086,704.8876953125,9843359,0.0,0.0,ICICIBANK.NS
2021-12-23,710.8996272800058,711.3324985546611,700.2224489602753,703.44482421875,9994049,0.0,0.0,ICICIBANK.NS
2021-12-24,705.9458205700583,705.9458205700583,692.1904596648419,699.40478515625,8800690,0.0,0.0,ICICIBANK.NS
2021-12-27,696.4229593691618,710.6111343010613,688.8238455825182,707.9658813476562,7955163,0.0,0.0,ICICIBANK.NS
2021-12-28,712.1982591715838,714.1701631280035,704.599145922552,707.7734375,17833655,0.0,0.0,ICICIBANK.NS
2021-12-29,709.8897499516539,716.5750377942154,704.0221210310409,707.6773681640625,7143073,0.0,0.0,ICICIBANK.NS
2021-12-30,705.3687601272377,712.2945255273709,701.2325578790727,707.6773681640625,14326182,0.0,0.0,ICICIBANK.NS
2021-12-31,708.4949129228311,717.8254531683938,708.4949129228311,711.9578247070312,6973055,0.0,0.0,ICICIBANK.NS
2022-01-03,714.7473742460259,736.8232254449632,714.6992904772947,735.57275390625,9653095,0.0,0.0,ICICIBANK.NS
2022-01-04,738.6989676132184,748.3661536138485,734.5146229162939,743.4122924804688,12114437,0.0,0.0,ICICIBANK.NS
2022-01-05,743.5565284847644,765.5361514118554,741.8251019975007,758.0332641601562,19741360,0.0,0.0,ICICIBANK.NS
2022-01-06,745.5284208489734,762.3137640518668,744.5184269730535,755.1475219726562,13018067,0.0,0.0,ICICIBANK.NS
2022-01-07,762.0251624275373,771.740430564111,756.3017858198077,763.03515625,12250210,0.0,0.0,ICICIBANK.NS
2022-01-10,769.7685355469653,781.8404952152263,768.5661479562953,779.8685913085938,10905080,0.0,0.0,ICICIBANK.NS
2022-01-11,778.9067793142289,783.6682465149016,771.3558077781524,779.7725219726562,9982061,0.0,0.0,ICICIBANK.NS
2022-01-12,787.4196740926849,794.0087942546344,781.1191739618869,792.37353515625,13034848,0.0,0.0,ICICIBANK.NS
2022-01-13,789.7283347956262,796.4617067122759,786.2654812940582,793.2874145507812,9372244,0.0,0.0,ICICIBANK.NS
2022-01-14,789.7282065042635,790.6901166218083,780.6862279152089,788.7662963867188,7552844,0.0,0.0,ICICIBANK.NS
2022-01-17,788.76630537499,797.3273290028282,783.5238834325648,788.0929565429688,6722700,0.0,0.0,ICICIBANK.NS
2022-01-18,789.7281812472054,804.1568325489204,787.034844746285,791.7481689453125,10835146,0.0,0.0,ICICIBANK.NS
2022-01-19,784.9186342315298,789.7281846863799,772.6542805716622,777.8004760742188,16416144,0.0,0.0,ICICIBANK.NS
2022-01-20,772.4138467583308,781.9848644471543,765.1033531374051,779.3876953125,13567654,0.0,0.0,ICICIBANK.NS
2022-01-21,772.413824277016,780.4457502732224,765.1994983964711,773.856689453125,12078277,0.0,0.0,ICICIBANK.NS
2022-01-24,782.0330134870532,785.5920930641793,753.4642680419524,768.0372314453125,29612316,0.0,0.0,ICICIBANK.NS
2022-01-25,758.9471085257047,773.6643220820446,756.1094618404804,771.1152954101562,19513184,0.0,0.0,ICICIBANK.NS
2022-01-27,756.9270331356204,770.9708962201908,751.2998241815523,764.3818359375,23984679,0.0,0.0,ICICIBANK.NS
2022-01-28,773.1352635204412,775.1552513002487,748.8470328468596,751.3961181640625,14072314,0.0,0.0,ICICIBANK.NS
2022-01-31,758.8990097108374,768.2776334895249,754.1375428195905,758.7546997070312,14824509,0.0,0.0,ICICIBANK.NS
2022-02-01,771.5000321945082,781.8886501819028,759.2356776527822,779.435791015625,20031583,0.0,0.0,ICICIBANK.NS
2022-02-02,783.9568433629752,787.5159229828877,778.0410719197192,782.7544555664062,11214375,0.0,0.0,ICICIBANK.NS
2022-02-03,783.0429251825383,787.227269450717,775.2995604216349,778.13720703125,9755335,0.0,0.0,ICICIBANK.NS
2022-02-04,778.9549381178206,781.0711524897879,765.4881941093759,774.3858642578125,10314067,0.0,0.0,ICICIBANK.NS
2022-02-07,767.6523850364191,774.3376723346677,751.684699997876,756.4461669921875,14659368,0.0,0.0,ICICIBANK.NS
2022-02-08,759.9090672441837,765.3919671929502,744.8070651784021,762.3138427734375,14642455,0.0,0.0,ICICIBANK.NS
2022-02-09,766.88290671573,773.616278113673,763.9490923486941,772.2214965820312,8855292,0.0,0.0,ICICIBANK.NS
2022-02-10,775.2515358819836,777.9929564623666,765.9690789864078,774.8186645507812,13159771,0.0,0.0,ICICIBANK.NS
2022-02-11,766.4980724435595,767.0271699894278,757.8890236490712,760.6785278320312,13138408,0.0,0.0,ICICIBANK.NS
2022-02-14,742.5945808847806,744.4703172806362,722.5387792245511,724.9916381835938,16170656,0.0,0.0,ICICIBANK.NS
2022-02-15,724.2702555751805,748.3660929705321,714.8916316594186,746.4903564453125,18880659,0.0,0.0,ICICIBANK.NS
2022-02-16,746.153663654343,747.9331738250221,731.4364511160719,734.9473876953125,10549784,0.0,0.0,ICICIBANK.NS
2022-02-17,737.304035454159,738.0254679741728,717.8734411730534,721.7691650390625,16683808,0.0,0.0,ICICIBANK.NS
2022-02-18,718.4026098742941,727.973628112869,717.1521383555117,720.3745727539062,8945567,0.0,0.0,ICICIBANK.NS
2022-02-21,717.8254596809992,733.8412873911825,711.8135211577078,725.713134765625,10967164,0.0,0.0,ICICIBANK.NS
2022-02-22,710.27443940335,730.8111964986796,709.6491743559077,722.6830444335938,13156371,0.0,0.0,ICICIBANK.NS
2022-02-23,725.857382844603,727.588868099901,714.4106871732275,716.23828125,11624282,0.0,0.0,ICICIBANK.NS
2022-02-24,685.7458285467928,699.4049068862624,675.5495448514281,680.455322265625,28023104,0.0,0.0,ICICIBANK.NS
2022-02-25,697.336774399035,711.1401615558102,692.8157849557639,702.2424926757812,16935750,0.0,0.0,ICICIBANK.NS
2022-02-28,695.412979427951,716.382609702001,688.1505692791155,714.4107055664062,20547432,0.0,0.0,ICICIBANK.NS
2022-03-02,689.689529087093,697.3367259843092,680.7918608248118,687.6213989257812,25252492,0.0,0.0,ICICIBANK.NS
2022-03-03,690.2666973388883,694.4510417005139,667.0366025373921,671.7018432617188,23190595,0.0,0.0,ICICIBANK.NS
2022-03-04,664.6798706219661,679.6375607441131,658.9084100955814,661.8422241210938,18697223,0.0,0.0,ICICIBANK.NS
2022-03-07,638.2273787606059,641.5940642551984,617.690620727726,628.8487548828125,27799873,0.0,0.0,ICICIBANK.NS
2022-03-08,618.7967657944257,643.950738808451,618.5082045017328,639.6702270507812,26716975,0.0,0.0,ICICIBANK.NS
2022-03-09,639.3817244774972,648.8084327366437,632.9369143672521,642.0269775390625,33728639,0.0,0.0,ICICIBANK.NS
2022-03-10,667.5175450881378,674.2989997486787,647.9907812312059,650.828369140625,35959638,0.0,0.0,ICICIBANK.NS
2022-03-11,648.9527104489741,658.6198957779757,645.0569273475875,652.0789184570312,20546724,0.0,0.0,ICICIBANK.NS
2022-03-14,652.271263506728,671.8461707138538,651.4536633454682,669.6337890625,24648981,0.0,0.0,ICICIBANK.NS
2022-03-15,674.779975540424,681.1285590962989,661.7941884131315,670.7880249023438,27714580,0.0,0.0,ICICIBANK.NS
2022-03-16,679.9742710103129,684.3028664465384,674.5394554784743,681.0323486328125,14621688,0.0,0.0,ICICIBANK.NS
2022-03-17,690.4590053994817,697.3847693335497,688.9199728409461,692.67138671875,18329844,0.0,0.0,ICICIBANK.NS
2022-03-21,693.5372528709495,695.3649057315828,678.6276447995212,683.6776733398438,12866839,0.0,0.0,ICICIBANK.NS
2022-03-22,681.657642004896,693.5372087115915,672.8561407680419,690.8438720703125,11761758,0.0,0.0,ICICIBANK.NS
2022-03-23,697.384873358634,699.1162999228361,687.0443390295231,690.9400634765625,7140403,0.0,0.0,ICICIBANK.NS
2022-03-24,675.6938543592543,685.5534342394253,671.4133420838435,677.377197265625,17727969,0.0,0.0,ICICIBANK.NS
2022-03-25,678.1466448950605,679.2047225589896,670.1147187552602,672.6156616210938,15263007,0.0,0.0,ICICIBANK.NS
2022-03-28,675.2609204687872,686.226719584466,669.1528145441226,683.2928466796875,13806166,0.0,0.0,ICICIBANK.NS
2022-03-29,687.0923501854091,689.6414353510589,678.9641983645424,688.0542602539062,11489374,0.0,0.0,ICICIBANK.NS
2022-03-30,693.5853300756726,703.8777808406234,691.7095934649486,703.0601806640625,20154520,0.0,0.0,ICICIBANK.NS
2022-03-31,711.7173438627146,711.7173438627146,700.0781958150764,702.4829711914062,16046383,0.0,0.0,ICICIBANK.NS
2022-04-01,697.3848704935536,710.1782639619197,695.5572176936425,708.2063598632812,12658848,0.0,0.0,ICICIBANK.NS
2022-04-04,713.7373460775223,721.240233660798,697.3848731889537,718.162109375,17192197,0.0,0.0,ICICIBANK.NS
2022-04-05,718.3544725194936,726.6750186186015,709.8896751272518,713.544921875,12290391,0.0,0.0,ICICIBANK.NS
2022-04-06,704.4068467381728,716.5269508116409,704.21445295091,713.3526000976562,13518142,0.0,0.0,ICICIBANK.NS
2022-04-07,709.0238985712276,728.9354490279135,709.0238985712276,720.0377807617188,15087175,0.0,0.0,ICICIBANK.NS
2022-04-08,721.2882748754262,727.2040455555474,715.2763366681216,725.5687866210938,15480705,0.0,0.0,ICICIBANK.NS
2022-04-11,723.6449383056867,736.2940792869986,723.0197319825954,730.6668701171875,13216391,0.0,0.0,ICICIBANK.NS
2022-04-12,728.1660046833707,739.6127592847214,721.6731109824291,734.7550659179688,14020000,0.0,0.0,ICICIBANK.NS
2022-04-13,740.2860194551491,743.1236661071316,731.7250544446566,733.2160034179688,16119956,0.0,0.0,ICICIBANK.NS
2022-04-18,722.3945086883281,733.8412627362319,720.6630821938585,728.9354858398438,17651530,0.0,0.0,ICICIBANK.NS
2022-04-19,732.7830989067962,748.2698866683684,728.165942191112,737.1116943359375,31088359,0.0,0.0,ICICIBANK.NS
2022-04-20,737.5927299898312,740.6708543734512,725.0878973835263,726.771240234375,15984202,0.0,0.0,ICICIBANK.NS
2022-04-21,730.1379030043821,735.0917638654281,722.5869316518666,733.3121948242188,8953098,0.0,0.0,ICICIBANK.NS
2022-04-22,728.1660170073909,729.9455273825204,717.488837335936,719.1721801757812,14411607,0.0,0.0,ICICIBANK.NS
2022-04-25,719.1721486751737,733.1679296456452,715.6611531360037,723.548828125,35417460,0.0,0.0,ICICIBANK.NS
2022-04-26,738.7470771144278,739.276116013522,723.0198679021836,725.0398559570312,18727514,0.0,0.0,ICICIBANK.NS
2022-04-27,720.4707043268018,721.432614479441,704.6472705738188,708.6392211914062,21441480,0.0,0.0,ICICIBANK.NS
2022-04-28,710.9476783787253,723.2601737082988,706.6672257213766,718.6911010742188,18649559,0.0,0.0,ICICIBANK.NS
2022-04-29,721.5287701571733,731.0036202312174,711.909668788805,714.98779296875,19560317,0.0,0.0,ICICIBANK.NS
2022-05-02,704.1182599395875,715.4687884533765,703.2525172833952,712.7754516601562,10903446,0.0,0.0,ICICIBANK.NS
2022-05-04,717.7773924713242,718.546908877988,693.6815540562385,696.6634521484375,12212165,0.0,0.0,ICICIBANK.NS
2022-05-05,702.9639815852682,714.6992980873166,698.8277793545566,701.0401611328125,9121547,0.0,0.0,ICICIBANK.NS
2022-05-06,688.968151359041,695.4610449320581,683.2447741711288,691.8538818359375,12455025,0.0,0.0,ICICIBANK.NS
2022-05-09,678.4352121990091,692.5753030449099,677.6176120614932,683.2928466796875,13055889,0.0,0.0,ICICIBANK.NS
2022-05-10,678.1467034450756,692.5753567098644,678.1467034450756,684.2067260742188,12797419,0.0,0.0,ICICIBANK.NS
2022-05-11,690.6514625149543,692.3828889797495,680.2147612521699,686.9962158203125,13516852,0.0,0.0,ICICIBANK.NS
2022-05-12,680.5994400906422,683.6294802142668,666.8922219596041,669.2969970703125,16685166,0.0,0.0,ICICIBANK.NS
2022-05-13,675.6457004720367,675.6457004720367,649.289339360527,651.5498046875,15717043,0.0,0.0,ICICIBANK.NS
2022-05-16,650.9246575326262,664.6318781658691,650.0108310816752,656.9846801757812,9025623,0.0,0.0,ICICIBANK.NS
2022-05-17,659.9665016898597,684.8799969740317,659.0527340554225,682.9561767578125,12765052,0.0,0.0,ICICIBANK.NS
2022-05-18,685.2165936580715,689.6894988291708,679.2046559067712,680.4070434570312,11835013,0.0,0.0,ICICIBANK.NS
2022-05-19,666.6999898670267,672.0867226473617,659.4856627856045,664.0066528320312,16661023,0.0,0.0,ICICIBANK.NS
2022-05-20,668.3352008943386,684.7839006802468,667.2771231494877,682.5233764648438,11695528,0.0,0.0,ICICIBANK.NS
2022-05-23,682.5233822341426,698.2987332656113,680.5033942640471,683.9662475585938,17438451,0.0,0.0,ICICIBANK.NS
2022-05-24,683.9661397033761,690.0261613683929,679.1565893802945,681.1766357421875,13779981,0.0,0.0,ICICIBANK.NS
2022-05-25,684.9281174017736,693.3929150641945,684.4952460878859,686.1785888671875,10457589,0.0,0.0,ICICIBANK.NS
2022-05-26,695.4610201927924,705.0801214402721,688.198610493012,700.7515258789062,14028733,0.0,0.0,ICICIBANK.NS
2022-05-27,705.6092160303642,712.9678525503654,703.3968343106686,711.6211547851562,8110620,0.0,0.0,ICICIBANK.NS
2022-05-30,720.2302846863976,723.3084091643542,715.9497724209845,719.9898071289062,7628515,0.0,0.0,ICICIBANK.NS
2022-05-31,712.7753397044143,727.8773390758449,712.2943846843708,724.1739501953125,20272212,0.0,0.0,ICICIBANK.NS
2022-06-01,719.5087838235635,726.8192773943211,715.8535370381848,723.981689453125,10102092,0.0,0.0,ICICIBANK.NS
2022-06-02,722.4426101312393,723.11595898177,714.8916388990363,721.192138671875,10949759,0.0,0.0,ICICIBANK.NS
2022-06-03,727.3483154345685,728.1659155015277,712.9677482938922,715.9496459960938,8563791,0.0,0.0,ICICIBANK.NS
2022-06-06,712.0058968143595,722.346430811289,711.4287155046086,718.306396484375,9107831,0.0,0.0,ICICIBANK.NS
2022-06-07,712.7754907384287,714.6512274561245,704.4549436444573,707.2445068359375,9938912,0.0,0.0,ICICIBANK.NS
2022-06-08,708.5430400104985,712.7754684354117,698.779686566501,701.7135009765625,9369224,0.0,0.0,ICICIBANK.NS
2022-06-09,697.3848570007303,706.1382158596396,694.6434365642413,704.8396606445312,7444368,0.0,0.0,ICICIBANK.NS
2022-06-10,697.1443292193943,700.5590982551531,690.651436191135,692.5752563476562,7990818,0.0,0.0,ICICIBANK.NS
2022-06-13,675.501409220141,675.5494929860281,656.118896030366,661.794189453125,16622521,0.0,0.0,ICICIBANK.NS
2022-06-14,656.4075670911068,668.1909674562671,654.7242241817981,659.3894653320312,13348598,0.0,0.0,ICICIBANK.NS
2022-06-15,661.3131703875983,669.8260509877281,659.9664728110403,661.0726928710938,9199591,0.0,0.0,ICICIBANK.NS
2022-06-16,673.3371360739453,673.3852198415971,650.5398527248025,652.6560668945312,13237239,0.0,0.0,ICICIBANK.NS
2022-06-17,645.6822128521729,666.2671143326384,644.4317413514729,660.68798828125,16335613,0.0,0.0,ICICIBANK.NS
2022-06-20,659.8704104290523,661.601837081696,651.7903411029278,659.8223266601562,10981042,0.0,0.0,ICICIBANK.NS
2022-06-21,664.2469821821254,681.0323245215084,662.3712458174364,669.5855712890625,13319648,0.0,0.0,ICICIBANK.NS
2022-06-22,667.8060844523557,672.2789898849275,659.0045835858111,660.4474487304688,6838249,0.0,0.0,ICICIBANK.NS
2022-06-23,663.910423327564,679.1085925519565,660.8322989846943,672.51953125,14960412,0.0,0.0,ICICIBANK.NS
2022-06-24,683.8219212330318,688.0062067307631,679.6375770249666,686.2747802734375,10856736,0.0,0.0,ICICIBANK.NS
2022-06-27,701.0882122028712,701.0882122028712,688.8238573904828,690.0262451171875,8285225,0.0,0.0,ICICIBANK.NS
2022-06-28,683.9662446708984,689.9781834973959,680.0705200533961,683.2448120117188,8339931,0.0,0.0,ICICIBANK.NS
2022-06-29,678.0985749210753,679.7819176908649,674.250934304413,675.9823608398438,9570557,0.0,0.0,ICICIBANK.NS
2022-06-30,675.982305803216,684.7838064813714,674.4913569277157,680.2628173828125,11970404,0.0,0.0,ICICIBANK.NS
2022-07-01,676.6556907124173,679.8299823900704,667.6617957970091,677.0885620117188,9884899,0.0,0.0,ICICIBANK.NS
2022-07-04,678.0022588120788,693.6332967454169,678.0022588120788,692.67138671875,8303732,0.0,0.0,ICICIBANK.NS
2022-07-05,695.5091176817302,704.2625352158726,690.7476507282008,692.0462646484375,11460367,0.0,0.0,ICICIBANK.NS
2022-07-06,695.4609984979778,704.0220218253087,694.4990884032364,698.2986450195312,12163533,0.0,0.0,ICICIBANK.NS
2022-07-07,707.9178207765542,715.6611861154397,705.0801739551308,713.7373657226562,10374018,0.0,0.0,ICICIBANK.NS
2022-07-08,722.6830384310603,728.6468927274638,716.1901453275482,726.9154663085938,9797700,0.0,0.0,ICICIBANK.NS
2022-07-11,726.2421828202414,742.1617844896639,726.2421828202414,740.1898803710938,12440573,0.0,0.0,ICICIBANK.NS
2022-07-12,736.1978684255724,738.2179148531969,728.8392914180108,730.9555053710938,10219829,0.0,0.0,ICICIBANK.NS
2022-07-13,735.6207927617427,735.6207927617427,721.3364504106216,724.5107421875,8674121,0.0,0.0,ICICIBANK.NS
2022-07-14,721.4325422829062,730.5706878184897,720.2782384731875,723.7411499023438,7044542,0.0,0.0,ICICIBANK.NS
2022-07-15,724.5587569197754,730.0897397970256,715.8534825680827,722.5868530273438,6358018,0.0,0.0,ICICIBANK.NS
2022-07-18,730.3303106238806,743.7008857282622,728.9836128758354,742.5946655273438,8045363,0.0,0.0,ICICIBANK.NS
2022-07-19,738.5547008848939,752.2138385963596,737.9294944294027,750.915283203125,12825591,0.0,0.0,ICICIBANK.NS
2022-07-20,759.4280377870839,759.4761215508933,750.5784529637742,753.2717895507812,8152179,0.0,0.0,ICICIBANK.NS
2022-07-21,755.0033236534806,758.8990481398317,750.386107821899,756.0614013671875,8312338,0.0,0.0,ICICIBANK.NS
2022-07-22,759.0433046266951,773.2796223541096,759.0433046266951,769.5762329101562,12267898,0.0,0.0,ICICIBANK.NS
2022-07-25,772.4138476869208,786.6501061139277,766.738554338088,770.3938598632812,21034148,0.0,0.0,ICICIBANK.NS
2022-07-26,771.0671058836498,772.2214097355484,761.4961474412256,765.968994140625,7374145,0.0,0.0,ICICIBANK.NS
2022-07-27,764.718588281616,773.1833860702128,764.3819432048724,770.0090942382812,9536564,0.0,0.0,ICICIBANK.NS
2022-07-28,776.2134437176873,784.4377641441448,774.6262684115555,783.572021484375,11124518,0.0,0.0,ICICIBANK.NS
2022-07-29,789.391518265425,792.0367709439709,777.2233324599823,787.4195556640625,11095993,0.0,0.0,ICICIBANK.NS
2022-08-01,789.4396960078215,793.5758980373424,786.169177913593,792.036865234375,7974903,0.0,0.0,ICICIBANK.NS
2022-08-02,788.7662874861472,790.6901076995281,781.2634003960286,786.6019897460938,11106772,0.0,0.0,ICICIBANK.NS
2022-08-03,786.6020290378756,796.4616081239511,780.638174336426,793.3834838867188,11073975,0.0,0.0,ICICIBANK.NS
2022-08-04,792.6139378476455,798.3373147962578,777.560021005119,789.0067749023438,11113742,0.0,0.0,ICICIBANK.NS
2022-08-05,791.7482532411908,808.8703015771094,791.7482532411908,806.2731323242188,16056522,0.0,0.0,ICICIBANK.NS
2022-08-08,809.5631921761261,815.0789944859878,804.2893695647675,809.9019165039062,12142951,5.0,0.0,ICICIBANK.NS
2022-08-10,814.9338149348046,825.4331460989276,814.9338149348046,821.3204956054688,23658553,0.0,0.0,ICICIBANK.NS
2022-08-11,832.2552912138466,838.4968549181506,830.3682985968268,831.9166259765625,22787391,0.0,0.0,ICICIBANK.NS
2022-08-12,836.0293076257171,848.899473062235,830.7554261885765,846.1416015625,10792853,0.0,0.0,ICICIBANK.NS
2022-08-16,852.9638133694502,855.9152333962162,848.0770282021615,850.8348999023438,13804836,0.0,0.0,ICICIBANK.NS
2022-08-17,853.3024149715411,856.8828520268717,850.0123299157488,854.70556640625,9058040,0.0,0.0,ICICIBANK.NS
2022-08-18,852.0928448500796,858.9634262899489,846.7705909046541,856.4957885742188,13137856,0.0,0.0,ICICIBANK.NS
2022-08-19,856.3990149386066,858.237635318903,836.3679753190374,842.2708740234375,10787199,0.0,0.0,ICICIBANK.NS
2022-08-22,837.5776246806269,839.3678728471355,822.1430760971803,824.7074584960938,13848023,0.0,0.0,ICICIBANK.NS
2022-08-23,818.0304586656986,839.9484930837893,815.5628798591476,835.9810180664062,13254855,0.0,0.0,ICICIBANK.NS
2022-08-24,829.3523071984492,847.0608858274338,829.3523071984492,845.0771484375,10494109,0.0,0.0,ICICIBANK.NS
2022-08-25,845.0771471360761,852.9637834319626,838.6904660215745,844.1578369140625,9827829,0.0,0.0,ICICIBANK.NS
2022-08-26,845.8996983939115,849.1414112105084,839.2710376950179,842.706298828125,5976725,0.0,0.0,ICICIBANK.NS
2022-08-29,822.578553999964,833.1746899177208,819.6271339840993,828.1911010742188,7755134,0.0,0.0,ICICIBANK.NS
2022-08-30,832.6908149001724,861.9632113565701,831.3360357366329,858.6246948242188,12544701,0.0,0.0,ICICIBANK.NS
2022-09-01,835.109967295738,857.0763710637874,835.109967295738,846.0931396484375,15877583,0.0,0.0,ICICIBANK.NS
2022-09-02,845.8513119492113,852.8186382751104,838.9807893180364,844.206298828125,8401284,0.0,0.0,ICICIBANK.NS
2022-09-05,843.3836943531853,857.2699740492576,843.3836943531853,853.9314575195312,8744999,0.0,0.0,ICICIBANK.NS
2022-09-06,853.9797928845436,861.1890392092437,849.7219663261209,855.0926513671875,9879326,0.0,0.0,ICICIBANK.NS
2022-09-07,850.1575143125283,854.1250483069637,844.303046547282,847.8834838867188,8814960,0.0,0.0,ICICIBANK.NS
2022-09-08,856.8828858383836,871.6884168302877,856.8828858383836,869.7530517578125,12163106,0.0,0.0,ICICIBANK.NS
2022-09-09,880.7362997186498,882.4781165024692,868.688640114694,872.1239013671875,9936230,0.0,0.0,ICICIBANK.NS
2022-09-12,875.8010507589318,879.5266638893588,873.623765094288,877.881591796875,6016978,0.0,0.0,ICICIBANK.NS
2022-09-13,884.4134833949648,884.4134833949648,876.0430056649864,880.5911254882812,10400475,0.0,0.0,ICICIBANK.NS
2022-09-14,869.2207866727828,892.4451661664057,869.0272383644723,888.4292602539062,14712947,0.0,0.0,ICICIBANK.NS
2022-09-15,890.2679573802188,906.3798956687386,886.1553064901472,887.9454956054688,16253099,0.0,0.0,ICICIBANK.NS
2022-09-16,885.3327596651574,887.9454552145844,875.9462274246139,879.7201538085938,11966860,0.0,0.0,ICICIBANK.NS
2022-09-19,875.7043112274364,883.0103024654416,866.4145235666459,870.14013671875,11235656,0.0,0.0,ICICIBANK.NS
2022-09-20,879.8169338004462,892.6870991353413,878.0266857521228,887.1229248046875,12090663,0.0,0.0,ICICIBANK.NS
2022-09-21,882.5264794881863,887.3648922046785,876.3817189633032,885.6714477539062,8917640,0.0,0.0,ICICIBANK.NS
2022-09-22,876.7203576495209,882.2361597916347,866.3661429375974,874.2044067382812,11125669,0.0,0.0,ICICIBANK.NS
2022-09-23,872.5594145057854,875.6560106463846,850.351086965395,853.7379760742188,15927517,0.0,0.0,ICICIBANK.NS
2022-09-26,841.8837928319115,849.528508368895,831.4328334230806,833.2230224609375,14208640,0.0,0.0,ICICIBANK.NS
2022-09-27,836.9970288789647,846.577050634224,821.175383834994,824.9977416992188,12493809,0.0,0.0,ICICIBANK.NS
2022-09-28,816.724071662099,835.3519607373306,816.724071662099,822.0463256835938,11411458,0.0,0.0,ICICIBANK.NS
2022-09-29,830.2716815832371,833.7553153634176,813.9178218057762,816.6273803710938,13803629,0.0,0.0,ICICIBANK.NS
2022-09-30,816.6273637143701,839.0291803007915,810.4341714951942,834.1423950195312,13175031,0.0,0.0,ICICIBANK.NS
2022-10-03,831.9166422617177,833.1262453651974,818.3690875027453,820.9334106445312,8232026,0.0,0.0,ICICIBANK.NS
2022-10-04,837.0454198204252,844.4482150774257,832.3037516206572,839.6098022460938,8975095,0.0,0.0,ICICIBANK.NS
2022-10-06,844.8352463345713,862.8825496852432,844.8352463345713,856.8345336914062,12116698,0.0,0.0,ICICIBANK.NS
2022-10-07,848.851120372951,855.9151909732008,844.5932936497752,854.0281982421875,9705750,0.0,0.0,ICICIBANK.NS
2022-10-10,843.8192448433513,861.0439836709703,842.5612692495802,853.254150390625,7357588,0.0,0.0,ICICIBANK.NS
2022-10-11,854.7056245622693,854.7056245622693,837.4808867374292,842.4644165039062,11130051,0.0,0.0,ICICIBANK.NS
2022-10-12,839.9000717968735,843.5288813192437,833.6585076058656,840.287109375,14557532,0.0,0.0,ICICIBANK.NS
2022-10-13,834.4809545241243,837.4808056192348,823.0139408776964,826.0137329101562,11563124,0.0,0.0,ICICIBANK.NS
2022-10-14,855.2378190572801,855.2378190572801,840.4806602874627,842.125732421875,8199540,0.0,0.0,ICICIBANK.NS
2022-10-17,843.8192292043151,858.8183095399423,840.4807124138534,856.5926513671875,8936947,0.0,0.0,ICICIBANK.NS
2022-10-18,867.0919241532964,871.5916715685945,862.3503151667695,867.9144897460938,8097552,0.0,0.0,ICICIBANK.NS
2022-10-19,870.9626189074545,871.5432638427761,856.93122271231,863.26953125,5529462,0.0,0.0,ICICIBANK.NS
2022-10-20,860.9471461376742,864.4307795695652,851.6573585482091,859.9310913085938,8107159,0.0,0.0,ICICIBANK.NS
2022-10-21,859.3021074302151,880.591123605288,857.0764493698978,877.833251953125,17022807,0.0,0.0,ICICIBANK.NS
2022-10-24,895.1064043163051,903.3317064100225,887.9455294567113,896.3643798828125,4390050,0.0,0.0,ICICIBANK.NS
2022-10-25,911.6052651866606,912.7664959710066,893.1225535103204,895.1546630859375,15838120,0.0,0.0,ICICIBANK.NS
2022-10-27,896.1223975772693,903.5251925773455,890.509850700247,894.5257568359375,16080842,0.0,0.0,ICICIBANK.NS
2022-10-28,888.3325603625174,897.5255443749835,871.8819573928411,878.5105590820312,9854094,0.0,0.0,ICICIBANK.NS
2022-10-31,883.1071176224569,887.4133170073659,875.3656568181832,879.3331909179688,9000840,0.0,0.0,ICICIBANK.NS
2022-11-01,891.2356151901904,891.2356151901904,870.4788129913081,879.236328125,9823761,0.0,0.0,ICICIBANK.NS
2022-11-02,890.8484571244436,890.9936331198194,873.1882520693943,875.4623413085938,7690974,0.0,0.0,ICICIBANK.NS
2022-11-03,871.9303065516453,884.316630763821,868.0595765439247,879.2847290039062,9022366,0.0,0.0,ICICIBANK.NS
2022-11-04,877.0106512647051,883.8812325567034,871.1078115500653,876.04296875,7099336,0.0,0.0,ICICIBANK.NS
2022-11-07,880.8330562747467,890.3647059309873,874.2528266341956,887.8487548828125,11100219,0.0,0.0,ICICIBANK.NS
2022-11-09,890.2679352862438,892.1065557341796,876.4784591146905,881.074951171875,11590409,0.0,0.0,ICICIBANK.NS
2022-11-10,878.2202700516638,883.4457793492138,874.7366365617335,881.2684936523438,10009741,0.0,0.0,ICICIBANK.NS
2022-11-11,895.9773177319772,898.0094275096842,874.3012044773703,877.2526245117188,17921457,0.0,0.0,ICICIBANK.NS
2022-11-14,875.7527248604484,877.2526210297223,862.4470895379831,866.0275268554688,12641308,0.0,0.0,ICICIBANK.NS
2022-11-15,871.4465218331568,884.1231988683949,869.7530773449218,882.2362060546875,15176911,0.0,0.0,ICICIBANK.NS
2022-11-16,883.0587131853342,888.4293396104207,878.7525139570553,884.0747680664062,13008311,0.0,0.0,ICICIBANK.NS
2022-11-17,883.4941722971123,892.4936082418244,880.9297899025129,890.0744018554688,12584194,0.0,0.0,ICICIBANK.NS
2022-11-18,890.0744758164335,892.2033894258603,881.1234114431263,890.606689453125,10874061,0.0,0.0,ICICIBANK.NS
2022-11-21,884.5101788391943,894.9127657321499,884.5101788391943,891.6226806640625,9245704,0.0,0.0,ICICIBANK.NS
2022-11-22,893.8967609871374,896.5578880157866,890.6550480500273,893.848388671875,11256509,0.0,0.0,ICICIBANK.NS
2022-11-23,897.0417039012154,901.7349405392831,893.8483633697614,897.4771728515625,10959704,0.0,0.0,ICICIBANK.NS
2022-11-24,897.5739874507686,910.2506649996778,897.5739874507686,908.5087890625,10844395,0.0,0.0,ICICIBANK.NS
2022-11-25,909.911871692526,912.4278817096287,897.5255471136236,900.2350463867188,9815055,0.0,0.0,ICICIBANK.NS
2022-11-28,894.1386819766326,913.2987847778865,894.0903096613513,907.1056518554688,9381474,0.0,0.0,ICICIBANK.NS
2022-11-29,903.3800210752162,919.201666001015,903.3800210752162,916.1534423828125,13096845,0.0,0.0,ICICIBANK.NS
2022-11-30,917.411440468021,927.2334420907079,910.5892902230893,922.104736328125,20858573,0.0,0.0,ICICIBANK.NS
2022-12-01,925.1044966394636,926.0721791673291,905.9927667141189,909.8151245117188,15920653,0.0,0.0,ICICIBANK.NS
2022-12-02,898.251360173674,904.2993763342832,896.1708189893614,900.525390625,14228874,0.0,0.0,ICICIBANK.NS
2022-12-05,906.7186113167917,906.7186113167917,898.3965644431103,903.428466796875,10984608,0.0,0.0,ICICIBANK.NS
2022-12-06,895.1063668137049,899.7028589676131,890.4615023443921,892.8323364257812,18220912,0.0,0.0,ICICIBANK.NS
2022-12-07,892.20333473078,903.0413913903666,890.8969868787426,892.3485107421875,15675663,0.0,0.0,ICICIBANK.NS
2022-12-08,895.1064136361404,903.3800881334345,893.9451826924048,901.783447265625,10136870,0.0,0.0,ICICIBANK.NS
2022-12-09,901.8801321809183,904.5896314951109,895.1547266788406,899.8480224609375,9575331,0.0,0.0,ICICIBANK.NS
2022-12-12,895.1547131011699,903.718738934402,895.1547131011699,900.2350463867188,8493863,0.0,0.0,ICICIBANK.NS
2022-12-13,899.46086108799,905.654052557013,897.8157890669073,902.7993774414062,10415140,0.0,0.0,ICICIBANK.NS
2022-12-14,905.7507787072823,905.7991510175465,890.2678594131407,891.9613037109375,12319827,0.0,0.0,ICICIBANK.NS
2022-12-15,886.3971966272971,890.1711821157284,875.752688807537,879.4298706054688,8929748,0.0,0.0,ICICIBANK.NS
2022-12-16,876.2365593751624,884.1715681914225,870.5756400158575,872.8496704101562,9157260,0.0,0.0,ICICIBANK.NS
2022-12-19,878.6557188314514,881.1716697316784,872.0271172648877,877.1558227539062,7015083,0.0,0.0,ICICIBANK.NS
2022-12-20,876.7203441907743,882.9619081225438,866.7532262625047,880.30078125,6384331,0.0,0.0,ICICIBANK.NS
2022-12-21,880.8330193559941,886.2520178769291,858.3344006248467,863.4147338867188,11341147,0.0,0.0,ICICIBANK.NS
2022-12-22,871.3981042199335,874.6398170181222,857.7053730160692,861.866455078125,9788367,0.0,0.0,ICICIBANK.NS
2022-12-23,854.5120629604986,860.8988032205845,847.0125232068142,850.4962158203125,11059215,0.0,0.0,ICICIBANK.NS
2022-12-26,852.6250513893447,868.0112272022727,846.9641322283046,864.3340454101562,6943159,0.0,0.0,ICICIBANK.NS
2022-12-27,868.688659551625,873.5754447437527,859.495675087415,871.5433349609375,4994381,0.0,0.0,ICICIBANK.NS
2022-12-28,867.0435181778438,874.7366058492067,866.84996986572,869.898193359375,8980300,0.0,0.0,ICICIBANK.NS
2022-12-29,868.8821594099194,893.5096323243187,860.6084266035422,878.7041015625,11994220,0.0,0.0,ICICIBANK.NS
2022-12-30,879.1396186174463,879.1396186174463,859.8343394505747,862.0599975585938,9688527,0.0,0.0,ICICIBANK.NS
2023-01-02,865.1081661717191,877.6880388341714,865.1081661717191,873.2850952148438,4315403,0.0,0.0,ICICIBANK.NS
2023-01-03,869.4627704497066,876.6720172537239,867.7693259886192,872.2206420898438,5846855,0.0,0.0,ICICIBANK.NS
2023-01-04,869.9465903334593,878.5589884345696,865.8823119142538,870.0433349609375,12454582,0.0,0.0,ICICIBANK.NS
2023-01-05,871.7851926344346,873.8173022704675,843.8191446066974,850.7380981445312,16547196,0.0,0.0,ICICIBANK.NS
2023-01-06,850.5446171070525,850.5446171070525,832.6908616598616,841.9805908203125,14804613,0.0,0.0,ICICIBANK.NS
2023-01-09,845.9964872549142,850.35105882214,834.4326687249722,845.1255493164062,16811853,0.0,0.0,ICICIBANK.NS
2023-01-10,847.1092921682771,850.0123396958412,828.9168137454193,833.5133056640625,13470142,0.0,0.0,ICICIBANK.NS
2023-01-11,835.0132596375089,842.7062883246897,827.2233681992996,838.3033447265625,15558460,0.0,0.0,ICICIBANK.NS
2023-01-12,837.52917383229,841.254727699147,827.3201356345016,832.8359375,16659001,0.0,0.0,ICICIBANK.NS
2023-01-13,836.755068178072,846.6254414742714,830.5618765632579,845.2222900390625,11223103,0.0,0.0,ICICIBANK.NS
2023-01-16,848.8994826102181,849.0930309249112,833.2230141225258,837.2872924804688,8319812,0.0,0.0,ICICIBANK.NS
2023-01-17,838.9323684728654,839.9000509881896,830.3683427746539,837.1905517578125,12624859,0.0,0.0,ICICIBANK.NS
2023-01-18,836.5131783943544,843.8191697140958,830.9006315092457,841.3999633789062,11313898,0.0,0.0,ICICIBANK.NS
2023-01-19,839.9484532522791,842.416031941814,834.1423579533002,838.1582641601562,6694679,0.0,0.0,ICICIBANK.NS
2023-01-20,845.2707580197049,848.1738058434703,837.5776694741946,842.2225341796875,8127162,0.0,0.0,ICICIBANK.NS
2023-01-23,853.4959878330195,854.7539633041429,836.6582882575105,843.5288696289062,16882379,0.0,0.0,ICICIBANK.NS
2023-01-24,850.5929389316187,853.2056935599804,839.9484311634187,842.6095581054688,11504090,0.0,0.0,ICICIBANK.NS
2023-01-25,845.077098119616,848.4639868002098,820.5947431838545,827.6588134765625,14918485,0.0,0.0,ICICIBANK.NS
2023-01-27,812.0308667721081,815.7564211082152,786.8226881223743,790.7902221679688,39718683,0.0,0.0,ICICIBANK.NS
2023-01-30,774.1459969831512,799.5476625091609,770.2752669982355,796.8865356445312,36301441,0.0,0.0,ICICIBANK.NS
2023-01-31,799.3057860504701,811.2082695992232,787.7903400840028,805.01513671875,27291226,0.0,0.0,ICICIBANK.NS
2023-02-01,816.191876185139,846.915797809219,796.5479318096759,820.5464477539062,39237711,0.0,0.0,ICICIBANK.NS
2023-02-02,801.6282311010465,832.7875613023073,799.402514032967,830.1748657226562,16798190,0.0,0.0,ICICIBANK.NS
2023-02-03,836.7067208592392,844.4481810776783,824.5622578914393,835.8841552734375,14914366,0.0,0.0,ICICIBANK.NS
2023-02-06,833.6585076979579,839.7548958836825,822.1914932310632,826.110595703125,8463833,0.0,0.0,ICICIBANK.NS
2023-02-07,827.3685698899242,828.3362524278072,819.8206579069681,825.1912841796875,9337066,0.0,0.0,ICICIBANK.NS
2023-02-08,824.9493177646199,832.8843259474374,824.3687318991716,831.3359985351562,8082983,0.0,0.0,ICICIBANK.NS
2023-02-09,830.7554820497575,836.9486740907996,824.0784487262168,832.9811401367188,6299265,0.0,0.0,ICICIBANK.NS
2023-02-10,827.9007483266255,834.0455676189112,824.465487275508,826.2556762695312,8656405,0.0,0.0,ICICIBANK.NS
2023-02-13,825.8203066835285,831.5295982555967,821.9011451301623,823.1591796875,9394365,0.0,0.0,ICICIBANK.NS
2023-02-14,826.3041477973615,839.2710584470253,824.562271968352,837.335693359375,13402934,0.0,0.0,ICICIBANK.NS
2023-02-15,838.4001911703535,845.0287930620101,832.7875850885544,842.657958984375,12070288,0.0,0.0,ICICIBANK.NS
2023-02-16,847.6415602493975,849.4317493814649,836.9002482690221,841.3516235351562,10715685,0.0,0.0,ICICIBANK.NS
2023-02-17,839.5129712878102,839.5129712878102,827.5137432933884,834.7713623046875,9990618,0.0,0.0,ICICIBANK.NS
2023-02-20,834.7714155382524,838.5453422271993,822.7721277159786,824.5623168945312,9013430,0.0,0.0,ICICIBANK.NS
2023-02-21,826.7879086540337,831.6746932125201,819.4818589086323,826.5943603515625,11704445,0.0,0.0,ICICIBANK.NS
2023-02-22,823.7398157469175,826.4976875402137,807.7730527985192,812.1276245117188,13880984,0.0,0.0,ICICIBANK.NS
2023-02-23,809.514854112909,817.1595701542185,806.611806359904,812.6114501953125,11743574,0.0,0.0,ICICIBANK.NS
2023-02-24,816.6756388111917,818.2722794616959,808.5470823740111,812.56298828125,8246139,0.0,0.0,ICICIBANK.NS
2023-02-27,806.6118061869664,830.5619501441226,806.6118061869664,828.723388671875,14422574,0.0,0.0,ICICIBANK.NS
2023-02-28,827.2718200485879,830.2716122720615,822.5301520177766,827.223388671875,19600146,0.0,0.0,ICICIBANK.NS
2023-03-01,836.0777546418046,836.0777546418046,824.3203875920912,828.6265869140625,11015843,0.0,0.0,ICICIBANK.NS
2023-03-02,825.4331963782566,833.9971631259353,823.5945759500078,826.40087890625,12327141,0.0,0.0,ICICIBANK.NS
2023-03-03,829.0620699895568,844.786912285828,822.3850364048458,840.480712890625,12823098,0.0,0.0,ICICIBANK.NS
2023-03-06,843.5772118992917,848.5123689804957,837.3840203291142,839.7064819335938,13904231,0.0,0.0,ICICIBANK.NS
2023-03-08,838.6421317777392,845.4159098393197,833.6585428645134,843.9159545898438,16144568,0.0,0.0,ICICIBANK.NS
2023-03-09,839.1743316818115,841.6902827242536,826.5460860285978,828.2879028320312,10624440,0.0,0.0,ICICIBANK.NS
2023-03-10,817.4014008412539,818.030359014257,809.2244720910029,815.4176635742188,17273189,0.0,0.0,ICICIBANK.NS
2023-03-13,814.2564801205943,827.6588595926465,797.3220357740603,801.6282348632812,16413159,0.0,0.0,ICICIBANK.NS
2023-03-14,800.2734847719724,807.4827317254363,791.8062622910114,803.5151977539062,15456802,0.0,0.0,ICICIBANK.NS
2023-03-15,809.4180845479008,816.6757037068646,795.6286081458696,799.2090454101562,12914488,0.0,0.0,ICICIBANK.NS
2023-03-16,802.886228653789,804.4344971185735,784.1131634393323,797.273681640625,14987868,0.0,0.0,ICICIBANK.NS
2023-03-17,804.91834909519,811.3050894882914,792.1933587502203,809.2245483398438,11104490,0.0,0.0,ICICIBANK.NS
2023-03-20,809.9503044168963,810.7244386539869,798.3381136725679,809.4180908203125,14838651,0.0,0.0,ICICIBANK.NS
2023-03-21,815.7563608240233,826.8847097557864,811.9340030740609,824.8526000976562,18755854,0.0,0.0,ICICIBANK.NS
2023-03-22,829.9329340902065,834.6745429845437,823.4978217289552,832.4005126953125,17431520,0.0,0.0,ICICIBANK.NS
2023-03-23,829.3039121932823,839.4162062490099,825.2396338332466,827.8040161132812,17920621,0.0,0.0,ICICIBANK.NS
2023-03-24,824.9493447241754,832.2069635927165,821.7076319212885,824.8526000976562,17295696,0.0,0.0,ICICIBANK.NS
2023-03-27,827.3201714323708,828.7233228804927,816.7724084776924,821.2721557617188,17047675,0.0,0.0,ICICIBANK.NS
2023-03-28,827.9007821657716,831.1425541001529,820.7883391486262,827.1266479492188,24469018,0.0,0.0,ICICIBANK.NS
2023-03-29,829.3522700129644,834.2390547971538,820.5947552511751,823.497802734375,34881515,0.0,0.0,ICICIBANK.NS
2023-03-31,834.0939446257819,852.5282844810888,830.7554281804934,848.8994750976562,25739021,0.0,0.0,ICICIBANK.NS
2023-04-03,851.7542203344012,858.4311947113953,840.7709875930993,855.2378540039062,26416933,0.0,0.0,ICICIBANK.NS
2023-04-05,857.947266823772,859.060125305607,845.7544911485221,856.0119018554688,21068934,0.0,0.0,ICICIBANK.NS
2023-04-06,853.4960068359375,861.3342118450829,844.4965709573414,846.7222290039062,26042745,0.0,0.0,ICICIBANK.NS
2023-04-10,851.6090667881962,854.2701939584161,836.4648694207223,840.3839721679688,30906205,0.0,0.0,ICICIBANK.NS
2023-04-11,845.4642830137524,856.9796702925302,837.0454327447134,853.3992919921875,39504022,0.0,0.0,ICICIBANK.NS
2023-04-12,854.8991446182802,863.1728184534817,851.8509210177381,861.3826293945312,22686032,0.0,0.0,ICICIBANK.NS
2023-04-13,862.3018181294501,872.5109153520875,857.8505024300003,869.946533203125,34439635,0.0,0.0,ICICIBANK.NS
2023-04-17,887.655223609611,887.655223609611,864.285724614147,872.1723022460938,29957514,0.0,0.0,ICICIBANK.NS
2023-04-18,878.6074008266793,878.6074008266793,865.2049618009515,867.8660888671875,26699379,0.0,0.0,ICICIBANK.NS
2023-04-19,866.9467798245536,867.9144623295201,858.5763025315322,863.0760498046875,24377956,0.0,0.0,ICICIBANK.NS
2023-04-20,863.4147591759163,870.236909372004,860.4633391974846,865.4953002929688,16999919,0.0,0.0,ICICIBANK.NS
2023-04-21,865.6404154507798,871.5916867731976,853.8831078765245,857.028076171875,29578071,0.0,0.0,ICICIBANK.NS
2023-04-24,875.7527238646078,877.204247716317,866.0758981865458,875.5108032226562,30881665,0.0,0.0,ICICIBANK.NS
2023-04-25,877.0107332480105,886.3972663306375,873.9141370989526,883.9296875,41383839,0.0,0.0,ICICIBANK.NS
2023-04-26,881.9942148102741,887.3164684901113,876.478412820458,885.381103515625,30371555,0.0,0.0,ICICIBANK.NS
2023-04-27,880.1072370809303,890.1711587440801,879.1879268899205,888.6712036132812,25835108,0.0,0.0,ICICIBANK.NS
2023-04-28,885.5261979194149,890.7033345320275,880.8329616007633,887.9938354492188,20381002,0.0,0.0,ICICIBANK.NS
2023-05-02,894.1386692839658,895.880486047962,889.0099636211668,892.300048828125,17515017,0.0,0.0,ICICIBANK.NS
2023-05-03,889.8324772678072,893.9935004213415,882.091016865825,893.0258178710938,18715142,0.0,0.0,ICICIBANK.NS
2023-05-04,890.2679527423538,894.0419383409981,882.3329439597278,891.9130249023438,20485002,0.0,0.0,ICICIBANK.NS
2023-05-05,895.1063543921246,911.9924266199449,893.606458259458,896.9933471679688,19002035,0.0,0.0,ICICIBANK.NS
2023-05-08,897.0417142320913,911.2666593771053,897.0417142320913,907.5894775390625,18623913,0.0,0.0,ICICIBANK.NS
2023-05-09,910.5893181947338,914.4600485590047,901.686626544379,904.20263671875,21507610,0.0,0.0,ICICIBANK.NS
2023-05-10,904.3960428952724,910.5892345341686,898.2512826316067,905.7991943359375,25910923,0.0,0.0,ICICIBANK.NS
2023-05-11,909.6699796963557,916.3953853081388,903.670336005355,908.8474731445312,20027372,0.0,0.0,ICICIBANK.NS
2023-05-12,909.3796019336227,917.3629823177167,904.8798548193457,913.3955078125,13873480,0.0,0.0,ICICIBANK.NS
2023-05-15,913.2504258746985,918.3307593696306,907.8797994211587,915.185791015625,10453762,0.0,0.0,ICICIBANK.NS
2023-05-16,919.2984223538758,921.4273357760685,912.5246445049526,915.766357421875,19612293,0.0,0.0,ICICIBANK.NS
2023-05-17,916.6856415758675,917.7501277880057,905.5572925692524,908.9925537109375,19273344,0.0,0.0,ICICIBANK.NS
2023-05-18,917.3146504805366,921.4756734760364,911.6536723389962,915.9114990234375,21550141,0.0,0.0,ICICIBANK.NS
2023-05-19,920.7016009331666,925.1045448518862,911.1698920993472,923.45947265625,15427412,0.0,0.0,ICICIBANK.NS
2023-05-22,920.3144745564015,923.4110705194826,915.572865513465,919.6370849609375,15509525,0.0,0.0,ICICIBANK.NS
2023-05-23,921.2337828236806,927.8623846317511,914.4600050088006,922.5885620117188,16579935,0.0,0.0,ICICIBANK.NS
2023-05-24,916.1050779412483,923.0239727062751,908.1700692529853,910.2506103515625,18049620,0.0,0.0,ICICIBANK.NS
2023-05-25,906.7185078782338,911.169823779576,902.7994055425181,909.4763793945312,19328582,0.0,0.0,ICICIBANK.NS
2023-05-26,909.4280061165383,921.6692134262162,905.3153554715091,919.9757690429688,10957182,0.0,0.0,ICICIBANK.NS
2023-05-29,923.0239830690742,926.6527926566437,916.2018328569751,917.5082397460938,12108079,0.0,0.0,ICICIBANK.NS
2023-05-30,914.7986250754225,921.5240302432906,914.1212945775248,919.25,18483624,0.0,0.0,ICICIBANK.NS
2023-05-31,918.8144953138968,921.233701462696,910.1053531782201,918.475830078125,27254425,0.0,0.0,ICICIBANK.NS
2023-06-01,923.4110568080118,923.4110568080118,902.6542546695372,905.8475952148438,21650700,0.0,0.0,ICICIBANK.NS
2023-06-02,912.5245963573434,914.121296105405,904.8315086794461,907.8313598632812,12494376,0.0,0.0,ICICIBANK.NS
2023-06-05,912.524632867169,921.0402273846815,912.524632867169,916.1534423828125,10751684,0.0,0.0,ICICIBANK.NS
2023-06-06,915.911451953909,917.1694273442739,907.7828956332198,911.6536254882812,11894330,0.0,0.0,ICICIBANK.NS
2023-06-07,913.8309715647682,915.2824953565665,903.6219327083176,909.8151245117188,16486469,0.0,0.0,ICICIBANK.NS
2023-06-08,906.3314429874264,919.7822539132716,904.9767228695448,907.5894775390625,17608140,0.0,0.0,ICICIBANK.NS
2023-06-09,910.9763299208923,913.4922807980292,905.9443691039659,907.7345581054688,12253128,0.0,0.0,ICICIBANK.NS
2023-06-12,907.6861909387297,913.0084447235517,903.1380713464422,905.7024536132812,10520125,0.0,0.0,ICICIBANK.NS
2023-06-13,905.6540879403527,915.6695783292494,903.9122121660633,913.0568237304688,13528776,0.0,0.0,ICICIBANK.NS
2023-06-14,915.4760554275856,916.3469933389074,905.9927783452874,909.4280395507812,13489262,0.0,0.0,ICICIBANK.NS
2023-06-15,910.2989610606047,912.4762467370247,894.4773163743614,896.6546020507812,19366819,0.0,0.0,ICICIBANK.NS
2023-06-16,899.2673651712831,907.4442943791796,897.0417071602234,904.009033203125,11249387,0.0,0.0,ICICIBANK.NS
2023-06-19,903.3315910727284,903.7670599993269,889.0099022447912,893.3161010742188,19351375,0.0,0.0,ICICIBANK.NS
2023-06-20,891.187294543562,898.541658614634,885.2360229801786,895.6386108398438,15212286,0.0,0.0,ICICIBANK.NS
2023-06-21,898.0093805496068,898.396477183526,890.267920372455,894.8160400390625,9210553,0.0,0.0,ICICIBANK.NS
2023-06-22,894.5258054552514,905.3154308434969,890.9453680771945,895.8321533203125,27291569,0.0,0.0,ICICIBANK.NS
2023-06-23,896.1224249124842,901.7834033389462,889.3002746615077,893.6548461914062,8767733,0.0,0.0,ICICIBANK.NS
2023-06-26,897.1384485290017,901.6865682253899,893.3645221055212,897.4771728515625,11749040,0.0,0.0,ICICIBANK.NS
2023-06-27,899.9447553905696,909.5732084032469,892.3968434482118,905.8475952148438,13422726,0.0,0.0,ICICIBANK.NS
2023-06-28,913.4923004032572,913.4923004032572,904.1057681310743,907.1539916992188,25708001,0.0,0.0,ICICIBANK.NS
2023-06-30,910.1054076065767,911.7504796986727,900.5737584353333,904.3960571289062,13843218,0.0,0.0,ICICIBANK.NS
2023-07-03,906.7184853671359,915.1857070821438,906.2346441262783,912.089111328125,12350359,0.0,0.0,ICICIBANK.NS
2023-07-04,916.6373175188082,920.5564201279725,911.5569840092028,914.1697387695312,14041699,0.0,0.0,ICICIBANK.NS
2023-07-05,911.6053679395459,933.5717744448986,910.5893130372112,927.0399169921875,13817767,0.0,0.0,ICICIBANK.NS
2023-07-06,923.8465943019188,932.7492860755926,923.1692046662566,928.3947143554688,16334427,0.0,0.0,ICICIBANK.NS
2023-07-07,922.2014392920128,924.1851766406033,913.2987483173766,915.8147583007812,8593807,0.0,0.0,ICICIBANK.NS
2023-07-10,915.4276604061656,922.1046933935976,910.9279130803762,917.7501220703125,12069184,0.0,0.0,ICICIBANK.NS
2023-07-11,917.750137644119,921.9111607222271,911.4602011815253,914.41162109375,16977595,0.0,0.0,ICICIBANK.NS
2023-07-12,917.7501246070915,920.4112515342325,910.8311709714633,913.87939453125,21511161,0.0,0.0,ICICIBANK.NS
2023-07-13,917.0727487171628,928.2494701654196,911.7504947834543,924.814208984375,23222286,0.0,0.0,ICICIBANK.NS
2023-07-14,928.7333276529091,933.8136610419978,920.6047706053051,929.0236206054688,12871569,0.0,0.0,ICICIBANK.NS
2023-07-17,931.7815569904748,942.3292614154661,922.0563000505355,937.3941040039062,16290763,0.0,0.0,ICICIBANK.NS
2023-07-18,946.393481874633,956.0219345303666,939.7648803965843,943.9259033203125,29709508,0.0,0.0,ICICIBANK.NS
2023-07-19,948.3288481005554,948.3288481005554,936.2811891871556,941.9905395507812,15994261,0.0,0.0,ICICIBANK.NS
2023-07-20,944.5065612098798,965.8923814574687,940.6842032435259,963.4247436523438,26487838,0.0,0.0,ICICIBANK.NS
2023-07-21,963.1344078710805,969.0856790406557,956.84447144192,964.7794799804688,16903003,0.0,0.0,ICICIBANK.NS
2023-07-24,972.4726020590396,976.1014116649148,958.1024805821794,959.9411010742188,21687719,0.0,0.0,ICICIBANK.NS
2023-07-25,966.714856111477,966.714856111477,956.3122688209883,962.5538330078125,29325327,0.0,0.0,ICICIBANK.NS
2023-07-26,961.0055423866522,965.5052899891136,958.0057500267827,964.247314453125,12780537,0.0,0.0,ICICIBANK.NS
2023-07-27,970.1501646578101,973.9725226845534,955.2962605896712,958.2476806640625,25932395,0.0,0.0,ICICIBANK.NS
2023-07-28,956.070362346762,966.4245774762064,945.4742265790718,964.00537109375,12584130,0.0,0.0,ICICIBANK.NS
2023-07-31,963.8118175386905,967.1019618260334,956.6509430604292,966.0374755859375,14303116,0.0,0.0,ICICIBANK.NS
2023-08-01,969.2792731138692,971.2630105764858,958.4412164810167,962.40869140625,15508569,0.0,0.0,ICICIBANK.NS
2023-08-02,953.4092491126727,961.9732162053438,945.9097092186121,955.0543212890625,15787996,0.0,0.0,ICICIBANK.NS
2023-08-03,944.9904430606667,951.2320077214216,929.0236799605615,933.813720703125,30994707,0.0,0.0,ICICIBANK.NS
2023-08-04,937.3457361804816,944.458179377576,930.1848616052202,939.1359252929688,20582882,0.0,0.0,ICICIBANK.NS
2023-08-07,939.5713262813622,949.7803647470605,936.910199431587,944.1194458007812,16686062,0.0,0.0,ICICIBANK.NS
2023-08-08,944.2162714278614,954.7156037290013,940.8777547355696,948.232177734375,23784778,0.0,0.0,ICICIBANK.NS
2023-08-09,951.2078418442472,951.5492947573501,940.1342034996886,949.0126342773438,19317331,8.0,0.0,ICICIBANK.NS
2023-08-10,947.8906587198094,949.9395549383418,936.0853435299007,940.6220703125,24858441,0.0,0.0,ICICIBANK.NS
2023-08-11,939.9391281743053,940.0366691362146,926.8654236423497,929.64599609375,17162177,0.0,0.0,ICICIBANK.NS
2023-08-14,925.8897886538025,939.4513172807983,922.9628451701761,936.182861328125,19026691,0.0,0.0,ICICIBANK.NS
2023-08-16,931.2070262658186,936.42671801736,923.5481555397309,933.2070922851562,17930805,0.0,0.0,ICICIBANK.NS
2023-08-17,933.6462023482969,934.4754791838435,923.4019001385633,928.4752807617188,27077611,0.0,0.0,ICICIBANK.NS
2023-08-18,924.8166022554632,931.7436780317744,922.9628475581766,927.4996337890625,13257508,0.0,0.0,ICICIBANK.NS
2023-08-21,927.548427427032,935.9389751584126,925.3044492708552,931.9388427734375,13358017,0.0,0.0,ICICIBANK.NS
2023-08-22,933.1096469094867,933.6462413283504,926.1825113015468,928.8167724609375,16872719,0.0,0.0,ICICIBANK.NS
2023-08-23,930.7680634965125,944.4759040942181,926.7191010359882,943.3051147460938,14707331,0.0,0.0,ICICIBANK.NS
2023-08-24,948.8175418923399,958.4764795059389,943.2075667089148,945.35400390625,28389740,0.0,0.0,ICICIBANK.NS
2023-08-25,939.5000885244812,948.9150543418253,936.8170569956474,946.7686767578125,10275758,0.0,0.0,ICICIBANK.NS
2023-08-28,946.3296741533865,951.2566840430246,941.5489757166163,946.9150390625,10481574,0.0,0.0,ICICIBANK.NS
2023-08-29,949.5979999303318,953.4518206829681,942.134329925956,944.1831665039062,13209913,0.0,0.0,ICICIBANK.NS
2023-08-30,946.8174880873403,952.134780892738,932.133999542189,935.5487670898438,13936165,0.0,0.0,ICICIBANK.NS
2023-08-31,936.6219035202087,942.6709318902067,930.8167871042523,935.40234375,36675400,0.0,0.0,ICICIBANK.NS
2023-09-01,933.597414127154,949.3540905448681,929.5972223729281,945.1100463867188,16268147,0.0,0.0,ICICIBANK.NS
2023-09-04,945.1100680190779,945.4515209412026,937.1585143582263,943.7929077148438,9512956,0.0,0.0,ICICIBANK.NS
2023-09-05,940.6220495025765,946.3783955216684,938.8171248357994,944.8173828125,16623486,0.0,0.0,ICICIBANK.NS
2023-09-06,939.1098712979502,945.8906360915063,927.6460085088062,934.182861328125,30802100,0.0,0.0,ICICIBANK.NS
2023-09-07,934.0852438880298,945.8905586551218,931.4509828721614,942.1343383789062,13462347,0.0,0.0,ICICIBANK.NS
2023-09-08,943.9393249350013,951.2566840430246,937.8415256783153,946.9150390625,13086915,0.0,0.0,ICICIBANK.NS
2023-09-11,951.2078643033275,958.086169598933,945.7442007229635,954.427490234375,7894110,0.0,0.0,ICICIBANK.NS
2023-09-12,965.9888674492851,970.9159365012332,958.7203389445621,966.379150390625,20959591,0.0,0.0,ICICIBANK.NS
2023-09-13,965.6962280273438,970.6232377499122,956.671485433468,965.6962280273438,21997553,0.0,0.0,ICICIBANK.NS
2023-09-14,968.1353562233099,968.720780666579,958.3301071739512,963.6473999023438,11464188,0.0,0.0,ICICIBANK.NS
2023-09-15,966.2328420296343,973.2087481037405,964.5254582610313,968.28173828125,13307980,0.0,0.0,ICICIBANK.NS
2023-09-18,965.9889473337481,971.9892056473607,963.257145164905,966.0865478515625,16713222,0.0,0.0,ICICIBANK.NS
2023-09-20,957.6471152335464,971.7452382810216,956.7690679161975,963.1107788085938,25741856,0.0,0.0,ICICIBANK.NS
2023-09-21,956.0861166419703,958.574006734418,934.1340401518692,935.93896484375,19742813,0.0,0.0,ICICIBANK.NS
2023-09-22,933.2071092502335,937.4999833370895,924.328738198691,927.1580810546875,12701888,0.0,0.0,ICICIBANK.NS
2023-09-25,927.1581334740866,937.7927187843896,918.5724443637747,933.060791015625,8997098,0.0,0.0,ICICIBANK.NS
2023-09-26,935.5974971770788,935.5974971770788,924.0360346784909,925.5971069335938,10521409,0.0,0.0,ICICIBANK.NS
2023-09-27,923.2555077433504,923.4506492144903,911.6453345707359,920.1334228515625,15152973,0.0,0.0,ICICIBANK.NS
2023-09-28,922.4750324374734,924.1824161569504,911.9868181606855,919.6456298828125,25991282,0.0,0.0,ICICIBANK.NS
2023-09-29,923.6457967074638,932.7193094608657,920.718853267733,928.7191772460938,10447334,0.0,0.0,ICICIBANK.NS
2023-10-03,928.4264195210825,928.4264195210825,916.133281102177,917.401611328125,11131636,0.0,0.0,ICICIBANK.NS
2023-10-04,912.2307137467868,912.7185376578814,902.4742355248961,907.4012451171875,17334739,0.0,0.0,ICICIBANK.NS
2023-10-05,912.425857939374,920.9627764089626,911.7916630335349,917.938232421875,10478856,0.0,0.0,ICICIBANK.NS
2023-10-06,922.9628794283824,923.4994738438675,915.1576965156688,922.182373046875,6355755,0.0,0.0,ICICIBANK.NS
2023-10-09,917.3529458957726,919.1091002211714,913.4991247477328,915.7431030273438,6725306,0.0,0.0,ICICIBANK.NS
2023-10-10,917.4992699211415,934.1828244813858,917.4504398891626,928.0362548828125,11452715,0.0,0.0,ICICIBANK.NS
2023-10-11,931.6461674042404,938.6220138894535,927.5972049567132,929.8899536132812,12233117,0.0,0.0,ICICIBANK.NS
2023-10-12,929.6460320781218,936.7194790060307,925.3044467752193,931.011962890625,7836818,0.0,0.0,ICICIBANK.NS
2023-10-13,926.8166882827292,934.0852766849174,921.548166066008,928.1337890625,6650442,0.0,0.0,ICICIBANK.NS
2023-10-16,925.4020425542179,931.597382962648,923.1092937854471,928.2314453125,5763024,0.0,0.0,ICICIBANK.NS
2023-10-17,932.1340040397615,937.5488378388338,928.3289535059158,930.6705322265625,7747527,0.0,0.0,ICICIBANK.NS
2023-10-18,926.0849317410963,927.4996330037417,916.2308529331116,920.7676391601562,12000153,0.0,0.0,ICICIBANK.NS
2023-10-19,913.2063753381311,921.9872058702285,911.2550796643318,912.9624633789062,8612676,0.0,0.0,ICICIBANK.NS
2023-10-20,909.303786581178,917.108969298613,907.3524909018192,910.0355224609375,6586576,0.0,0.0,ICICIBANK.NS
2023-10-23,919.060255373007,921.7920573857958,902.8645252231158,907.3037109375,11856890,0.0,0.0,ICICIBANK.NS
2023-10-25,903.4986624227306,911.0599331166206,889.2054574209906,893.7909545898438,12593434,0.0,0.0,ICICIBANK.NS
2023-10-26,892.034835673972,894.2788138653154,877.1074351720209,886.5224609375,21693345,0.0,0.0,ICICIBANK.NS
2023-10-27,893.6934385485141,895.7911052641983,889.1078817029663,890.5225830078125,8645505,0.0,0.0,ICICIBANK.NS
2023-10-30,886.9614255083601,903.7425802279794,886.083378183647,902.376708984375,7687791,0.0,0.0,ICICIBANK.NS
2023-10-31,906.6695650029363,908.3281783124116,891.8397052839899,893.0592651367188,17211107,0.0,0.0,ICICIBANK.NS
2023-11-01,891.5469815954225,895.2544314664859,887.1565663286538,891.7908935546875,12927203,0.0,0.0,ICICIBANK.NS
2023-11-02,897.6447821752898,902.279109409575,890.5713353440126,897.5472412109375,9747311,0.0,0.0,ICICIBANK.NS
2023-11-03,905.9377853890679,911.7429019177837,904.2304016776113,911.0599365234375,7146961,0.0,0.0,ICICIBANK.NS
2023-11-06,918.0846246991575,924.6702476712292,914.5723162669136,922.42626953125,10338367,0.0,0.0,ICICIBANK.NS
2023-11-07,920.6212426036691,927.3044657799691,907.791509730304,925.0116577148438,15704942,0.0,0.0,ICICIBANK.NS
2023-11-08,925.3532028172963,925.3532028172963,911.3526206284945,912.9624633789062,17606074,0.0,0.0,ICICIBANK.NS
2023-11-09,911.2550412038593,919.4016764786073,910.2793934081378,914.5234375,9406117,0.0,0.0,ICICIBANK.NS
2023-11-10,912.1332534052325,918.523735295646,909.6941336341723,915.7431030273438,9560455,0.0,0.0,ICICIBANK.NS
2023-11-13,917.987093425993,917.987093425993,909.3038036701303,911.6941528320312,11470096,0.0,0.0,ICICIBANK.NS
2023-11-15,921.401875563048,921.401875563048,915.8894412581842,918.1821899414062,19492138,0.0,0.0,ICICIBANK.NS
2023-11-16,916.1333033243815,923.1579795407855,911.2550642225477,913.2063598632812,19706373,0.0,0.0,ICICIBANK.NS
2023-11-17,903.9864967116965,915.5479593765705,897.7423862479302,899.4009399414062,10956653,0.0,0.0,ICICIBANK.NS
2023-11-20,899.5473366065142,904.1816639914177,895.1569211892373,899.0107421875,10562301,0.0,0.0,ICICIBANK.NS
2023-11-21,901.8888706577264,905.4499494794524,899.5472920649286,903.5474243164062,8989572,0.0,0.0,ICICIBANK.NS
2023-11-22,900.7668766589127,902.6694018743736,892.4738699417713,900.279052734375,12197979,0.0,0.0,ICICIBANK.NS
2023-11-23,900.52294921875,902.8156978051427,896.1325339733714,900.52294921875,5534614,0.0,0.0,ICICIBANK.NS
2023-11-24,899.0594483982376,907.7427376445077,897.7911181670157,906.76708984375,7452002,0.0,0.0,ICICIBANK.NS
2023-11-28,906.2793237215551,908.3769308976238,899.2546471984909,902.9620971679688,14231987,0.0,0.0,ICICIBANK.NS
2023-11-29,908.2306003744137,918.1821607285481,903.4499021267856,916.7186889648438,11680078,0.0,0.0,ICICIBANK.NS
2023-11-30,916.0845371003845,917.9382322384056,905.5963229827007,912.1819458007812,23950292,0.0,0.0,ICICIBANK.NS
2023-12-01,913.1575988110403,928.8167345798552,910.2794258014757,923.6458129882812,16986046,0.0,0.0,ICICIBANK.NS
2023-12-04,940.2318186642837,970.6232126126973,937.987840581793,967.0621337890625,33131257,0.0,0.0,ICICIBANK.NS
2023-12-05,978.0869688482517,991.0143028504854,970.8183804617602,988.7703247070312,31378461,0.0,0.0,ICICIBANK.NS
2023-12-06,989.3068784993693,991.502086070004,975.8917211232683,978.8186645507812,18786590,0.0,0.0,ICICIBANK.NS
2023-12-07,972.0866896120442,977.7942651351568,964.0864250614673,974.6721801757812,11841945,0.0,0.0,ICICIBANK.NS
2023-12-08,970.2817634001109,988.1848771958599,969.0622036170539,986.2335815429688,16116363,0.0,0.0,ICICIBANK.NS
2023-12-11,982.574942236379,995.1608235299625,980.1846526032307,992.3314208984375,11714606,0.0,0.0,ICICIBANK.NS
2023-12-12,992.3313863725926,996.1364367379356,984.0383797983786,990.9655151367188,12380856,0.0,0.0,ICICIBANK.NS
2023-12-13,990.0873978964831,995.8437438660465,984.6237939125858,989.2093505859375,15887040,0.0,0.0,ICICIBANK.NS
2023-12-14,997.3559845806298,1014.6737333957984,996.3803367600569,1008.4783935546875,16317672,0.0,0.0,ICICIBANK.NS
2023-12-15,1018.234945315164,1018.2836562511309,1000.7219942122084,1012.1371459960938,14306067,0.0,0.0,ICICIBANK.NS
2023-12-18,1004.8685091425787,1004.8685091425787,993.209564351382,996.5755615234375,8592711,0.0,0.0,ICICIBANK.NS
2023-12-19,1000.5268676099422,1000.5268676099422,987.9409865576811,990.7216186523438,10094256,0.0,0.0,ICICIBANK.NS
2023-12-20,997.1120339024774,997.1120339024774,977.5990782488085,982.1358642578125,16490281,0.0,0.0,ICICIBANK.NS
2023-12-21,972.2818028712693,986.2823845261098,965.1108153630744,979.940673828125,18064916,0.0,0.0,ICICIBANK.NS
2023-12-22,978.5259862915714,984.965238040039,967.4523478809576,970.0866088867188,20881976,0.0,0.0,ICICIBANK.NS
2023-12-26,970.6720445389727,973.2087050634708,965.7938054158475,970.8671264648438,14339699,0.0,0.0,ICICIBANK.NS
2023-12-27,973.6478046781592,980.4285692907043,967.8426879365178,977.8430786132812,12996468,0.0,0.0,ICICIBANK.NS
2023-12-28,983.4530114256305,987.0629203019365,974.7697219298256,981.4041748046875,24915990,0.0,0.0,ICICIBANK.NS
2023-12-29,979.5992158632049,983.9896312060448,969.501284394201,972.3306274414062,12280140,0.0,0.0,ICICIBANK.NS
2024-01-01,967.4035679755073,980.3796718566513,966.8669735931653,975.0624389648438,7683792,0.0,0.0,ICICIBANK.NS
2024-01-02,972.7208216223713,973.3550164890929,956.3787215600095,958.3300170898438,16263825,0.0,0.0,ICICIBANK.NS
2024-01-03,960.720498665219,963.9401248241994,951.3542430995774,960.0863037109375,16826752,0.0,0.0,ICICIBANK.NS
2024-01-04,962.3790429363942,965.0620744677926,957.9886277031968,963.1107788085938,22789140,0.0,0.0,ICICIBANK.NS
2024-01-05,963.9400163911056,973.9891767169987,959.8422837638905,969.501220703125,14875499,0.0,0.0,ICICIBANK.NS
2024-01-08,969.7938939733564,973.89162656188,956.4275074685884,958.0861206054688,8393164,0.0,0.0,ICICIBANK.NS
2024-01-09,962.2326408633471,970.7695590966088,951.6468860736289,955.8909301757812,14660414,0.0,0.0,ICICIBANK.NS
2024-01-10,950.5736686217577,970.7208201257515,950.5736686217577,968.8670654296875,9409181,0.0,0.0,ICICIBANK.NS
2024-01-11,971.0622694484135,974.1843544018284,962.8180334077583,967.0133666992188,6451345,0.0,0.0,ICICIBANK.NS
2024-01-12,970.5744738257089,984.1360028238887,967.598759779006,979.0626220703125,12255743,0.0,0.0,ICICIBANK.NS
2024-01-15,979.0625946865415,987.0141482984905,974.9160914205547,985.2579345703125,12388044,0.0,0.0,ICICIBANK.NS
2024-01-16,981.5993048814522,991.0631011947543,980.1358330664721,984.4774780273438,11505126,0.0,0.0,ICICIBANK.NS
2024-01-17,963.8425433060156,983.2578999623713,952.9640458633737,957.84228515625,41914771,0.0,0.0,ICICIBANK.NS
2024-01-18,950.2322029973618,970.086612247944,946.5247532036159,962.3302001953125,17902484,0.0,0.0,ICICIBANK.NS
2024-01-19,967.1596680050709,986.2824009262613,963.500988695396,974.8673095703125,23271148,0.0,0.0,ICICIBANK.NS
2024-01-23,1033.3085624484331,1033.6013044278507,996.331546511633,1003.9904174804688,50797448,0.0,0.0,ICICIBANK.NS
2024-01-24,1004.3805964528723,1010.7223072563087,972.379419549497,974.8673095703125,34578943,0.0,0.0,ICICIBANK.NS
2024-01-25,974.086809350288,990.380080339403,964.0864191743161,985.3555297851562,28315035,0.0,0.0,ICICIBANK.NS
2024-01-29,995.1608069755424,1006.8685811752547,985.4043284757821,991.6484985351562,14078922,0.0,0.0,ICICIBANK.NS
2024-01-30,990.233827264166,998.9170576629135,983.4530625914942,992.1363525390625,16085742,0.0,0.0,ICICIBANK.NS
2024-01-31,992.0387268414895,1013.6981211276084,978.8187103188384,1003.1123657226562,25627447,0.0,0.0,ICICIBANK.NS
2024-02-01,1008.7709929318956,1008.7709929318956,992.6240933363141,1000.1853637695312,13058880,0.0,0.0,ICICIBANK.NS
2024-02-02,1011.8443169459497,1024.4301974773407,996.770605964979,999.0633544921875,14774650,0.0,0.0,ICICIBANK.NS
2024-02-05,997.5999136860917,1001.4536750045531,987.453152358168,998.5755615234375,12948430,0.0,0.0,ICICIBANK.NS
2024-02-06,998.6243361843565,1009.6979749138608,991.9411722900987,1001.4049682617188,12886927,0.0,0.0,ICICIBANK.NS
2024-02-07,1002.9660000480089,1006.4295975899541,988.3312821484757,997.2584838867188,16410895,0.0,0.0,ICICIBANK.NS
2024-02-08,999.1609693476559,1003.2099318661822,961.2570730572876,965.2084350585938,20565502,0.0,0.0,ICICIBANK.NS
2024-02-09,964.7693393163379,989.0629942650385,961.5009428835466,986.0872802734375,12799837,0.0,0.0,ICICIBANK.NS
2024-02-12,985.7946468678402,987.5508011511549,961.2570787394588,971.8428344726562,8050066,0.0,0.0,ICICIBANK.NS
2024-02-13,981.5017091699309,1002.0391434670632,975.9405046734194,994.9656372070312,18706292,0.0,0.0,ICICIBANK.NS
2024-02-14,984.9652512089306,1010.4784061393933,983.013955556177,997.7950439453125,17878720,0.0,0.0,ICICIBANK.NS
2024-02-15,997.9413639559355,1001.6488733670452,982.0870866412254,991.8923950195312,10069878,0.0,0.0,ICICIBANK.NS
2024-02-16,998.2828945562029,1001.2097785647912,992.136324995411,998.3316650390625,7159395,0.0,0.0,ICICIBANK.NS
2024-02-19,998.4291584000189,1020.5276050243264,998.4291584000189,1018.3323974609375,9388255,0.0,0.0,ICICIBANK.NS
2024-02-20,1015.6983130621115,1027.0158050957184,1008.0882116597372,1023.2107543945312,11293528,0.0,0.0,ICICIBANK.NS
2024-02-21,1031.0647512783883,1038.08936853922,1022.4790020950211,1026.332763671875,15946325,0.0,0.0,ICICIBANK.NS
2024-02-22,1030.284129893754,1040.0406083965356,1014.9665062834417,1036.8209228515625,13432573,0.0,0.0,ICICIBANK.NS
2024-02-23,1043.9431665127322,1043.9431665127322,1031.8939397655,1035.455078125,13142759,0.0,0.0,ICICIBANK.NS
2024-02-26,1027.4547652461576,1036.4307972587308,1024.9181045612984,1028.5279541015625,7875941,0.0,0.0,ICICIBANK.NS
2024-02-27,1025.1618901176007,1040.235600463148,1021.0153871121286,1034.3817138671875,10580973,0.0,0.0,ICICIBANK.NS
2024-02-28,1037.1135865360943,1038.9185111032964,1016.7713542133081,1020.72265625,7730332,0.0,0.0,ICICIBANK.NS
2024-02-29,1017.6495772588014,1034.869667204587,1013.2103317291641,1026.57666015625,20944844,0.0,0.0,ICICIBANK.NS
2024-03-01,1029.3084513108604,1063.40729502092,1028.3328034897127,1060.431640625,14909562,0.0,0.0,ICICIBANK.NS
2024-03-04,1054.6752013263406,1068.3342696136383,1053.7970945454895,1065.748779296875,11424581,0.0,0.0,ICICIBANK.NS
2024-03-05,1059.748545239955,1072.7247080376237,1050.2848096430214,1061.5535888671875,9222544,0.0,0.0,ICICIBANK.NS
2024-03-06,1053.9923671118995,1086.4326564967669,1053.9923671118995,1070.3831787109375,21796484,0.0,0.0,ICICIBANK.NS
2024-03-07,1068.285589791398,1068.3344198240536,1056.3339033595764,1061.4560546875,9963926,0.0,0.0,ICICIBANK.NS
2024-03-11,1061.456016908724,1061.456016908724,1050.5288087704587,1052.4312744140625,13310362,0.0,0.0,ICICIBANK.NS
2024-03-12,1050.821543798178,1068.1392927948118,1029.9426563996108,1050.6263427734375,21785435,0.0,0.0,ICICIBANK.NS
2024-03-13,1050.9190113988607,1063.1146084324603,1047.016420348109,1057.5533447265625,24855870,0.0,0.0,ICICIBANK.NS
2024-03-14,1053.6996058624843,1070.383159135781,1048.8701969746664,1057.2119140625,14231421,0.0,0.0,ICICIBANK.NS
2024-03-15,1045.894380788199,1059.797361129833,1043.9430853016538,1054.041015625,66192734,0.0,0.0,ICICIBANK.NS
2024-03-18,1048.8702225929605,1058.3827887115601,1034.2355054874226,1054.870361328125,8769440,0.0,0.0,ICICIBANK.NS
2024-03-19,1052.1872820317788,1062.2365016265157,1049.0652568302282,1057.5533447265625,16708715,0.0,0.0,ICICIBANK.NS
2024-03-20,1053.6995510243776,1063.4560283486774,1041.503954369003,1058.0899658203125,18725251,0.0,0.0,ICICIBANK.NS
2024-03-21,1065.4073702120015,1073.212552411357,1052.870320123813,1055.455810546875,19992607,0.0,0.0,ICICIBANK.NS
2024-03-22,1054.821699696048,1067.0660087880365,1052.431290998509,1063.7489013671875,17214415,0.0,0.0,ICICIBANK.NS
2024-03-26,1054.675246883473,1062.626800085145,1050.7238257477718,1057.3094482421875,13367635,0.0,0.0,ICICIBANK.NS
2024-03-27,1057.3095684040516,1065.8953174560265,1053.2607249476644,1057.3583984375,26907245,0.0,0.0,ICICIBANK.NS
2024-03-28,1058.5778569174774,1078.1396428341293,1058.5778569174774,1066.67578125,22070566,0.0,0.0,ICICIBANK.NS
2024-04-01,1069.3589072693567,1076.0907823680045,1067.7977753821392,1072.8712158203125,10848191,0.0,0.0,ICICIBANK.NS
2024-04-02,1067.7976947713503,1067.7976947713503,1052.967895743458,1054.870361328125,14380396,0.0,0.0,ICICIBANK.NS
2024-04-03,1048.8213958942579,1057.2607732714453,1046.1383644163889,1050.9677734375,15477184,0.0,0.0,ICICIBANK.NS
2024-04-04,1058.3339827305892,1059.358460590309,1037.5526363294593,1052.57763671875,21419689,0.0,0.0,ICICIBANK.NS
2024-04-05,1043.9432619814309,1059.5536285157325,1041.4553121759684,1057.0169677734375,15340637,0.0,0.0,ICICIBANK.NS
2024-04-08,1052.089788769452,1065.1634932016668,1050.0897822238517,1060.675537109375,8023461,0.0,0.0,ICICIBANK.NS
2024-04-09,1065.3586857606263,1088.0913296616127,1061.7976661736764,1080.091064453125,12298463,0.0,0.0,ICICIBANK.NS
2024-04-10,1083.8959718279336,1089.3596952702449,1078.2372855450287,1082.3837890625,10598000,0.0,0.0,ICICIBANK.NS
2024-04-12,1076.6275082635652,1084.7741447920198,1069.115066719454,1077.505615234375,12216657,0.0,0.0,ICICIBANK.NS
2024-04-15,1073.4077256256494,1079.2129018387545,1050.3824599986701,1052.08984375,10526597,0.0,0.0,ICICIBANK.NS
2024-04-16,1044.4797084070326,1048.4310101922226,1036.8207785700372,1041.06494140625,11278092,0.0,0.0,ICICIBANK.NS
2024-04-18,1047.8457510924395,1051.7971723738806,1024.8691974587614,1029.7474365234375,16564216,0.0,0.0,ICICIBANK.NS
2024-04-19,1027.308320425271,1045.8944589628718,1022.5764523362437,1041.2601318359375,11284433,0.0,0.0,ICICIBANK.NS
2024-04-22,1052.52893245238,1062.1877507445827,1044.2846367847953,1060.187744140625,10346714,0.0,0.0,ICICIBANK.NS
2024-04-23,1073.2126398224318,1073.2126398224318,1056.3338843025326,1063.7000732421875,9848215,0.0,0.0,ICICIBANK.NS
2024-04-24,1065.6513328508768,1071.6515907716011,1062.4804774315448,1070.041748046875,5461309,0.0,0.0,ICICIBANK.NS
2024-04-25,1063.4561708666527,1098.2380410085623,1063.407340834438,1086.6278076171875,19905338,0.0,0.0,ICICIBANK.NS
2024-04-26,1085.066791491599,1092.7256033742926,1075.8956777866083,1080.9202880859375,14190059,0.0,0.0,ICICIBANK.NS
2024-04-29,1081.017770192159,1135.1173934530657,1080.9202292309824,1131.8978271484375,28578063,0.0,0.0,ICICIBANK.NS
2024-04-30,1131.702618945696,1141.0689331118688,1118.8241156136564,1122.38525390625,29568491,0.0,0.0,ICICIBANK.NS
2024-05-02,1115.16550183226,1127.361100058772,1105.6529352155806,1111.701904296875,25118334,0.0,0.0,ICICIBANK.NS
2024-05-03,1113.5069115913466,1129.2148177723732,1107.7992765304286,1114.2386474609375,19933604,0.0,0.0,ICICIBANK.NS
2024-05-06,1113.7508047401204,1130.2391574450266,1110.3847483382629,1118.3851318359375,14970524,0.0,0.0,ICICIBANK.NS
2024-05-07,1119.9948918245757,1124.6780491020515,1098.8722113377237,1104.3358154296875,15097728,0.0,0.0,ICICIBANK.NS
2024-05-08,1099.1160631064367,1104.4332959114815,1088.8717613334063,1095.6524658203125,19913090,0.0,0.0,ICICIBANK.NS
2024-05-09,1093.262260852585,1101.3600666593375,1082.9691282557828,1088.5302734375,12229853,0.0,0.0,ICICIBANK.NS
2024-05-10,1090.7742298713763,1101.408814608253,1084.969173156462,1089.847412109375,8573656,0.0,0.0,ICICIBANK.NS
2024-05-13,1085.3106792591882,1103.1162523100456,1079.7494151217084,1100.53076171875,9707983,0.0,0.0,ICICIBANK.NS
2024-05-14,1098.4818990233766,1100.4331946539014,1091.3109114007254,1093.26220703125,8944262,0.0,0.0,ICICIBANK.NS
2024-05-15,1094.7743968933958,1100.335660935582,1086.3838494464303,1096.9696044921875,10743423,0.0,0.0,ICICIBANK.NS
2024-05-16,1105.4089352594046,1108.8725325190837,1085.7008977331961,1103.5064697265625,14265565,0.0,0.0,ICICIBANK.NS
2024-05-17,1103.5065025670874,1116.1410940609796,1093.3109114992967,1102.9698486328125,8641784,0.0,0.0,ICICIBANK.NS
2024-05-21,1094.8719034888254,1106.1895131432295,1089.0668467710689,1093.65234375,10452900,0.0,0.0,ICICIBANK.NS
2024-05-22,1097.603764437141,1098.481871268217,1071.3588150501846,1084.042236328125,17527411,0.0,0.0,ICICIBANK.NS
2024-05-23,1088.383958228494,1109.311556039796,1084.3349960118126,1106.8724365234375,13787687,0.0,0.0,ICICIBANK.NS
2024-05-24,1102.4819339811972,1107.3601726271318,1096.7744185849785,1104.3843994140625,6312670,0.0,0.0,ICICIBANK.NS
2024-05-27,1104.3358239678098,1119.8486485845435,1094.2378925514201,1102.2869873046875,11599857,0.0,0.0,ICICIBANK.NS
2024-05-28,1104.9211184411913,1107.5553198262376,1097.6037600409186,1099.5062255859375,9311718,0.0,0.0,ICICIBANK.NS
2024-05-29,1087.896192626463,1096.1891994265106,1071.7491729237856,1075.1639404296875,19268547,0.0,0.0,ICICIBANK.NS
2024-05-30,1070.2857077875317,1093.7012565449618,1070.1881668205704,1086.5789794921875,15255387,0.0,0.0,ICICIBANK.NS
2024-05-31,1090.774348346767,1103.0674880238118,1084.188725045031,1093.7501220703125,26197718,0.0,0.0,ICICIBANK.NS
2024-06-03,1141.5079429889547,1144.4348864325161,1108.6286592786682,1131.75146484375,25699977,0.0,0.0,ICICIBANK.NS
2024-06-04,1129.702743807571,1131.1662156790471,1027.8939077680864,1045.35791015625,43476837,0.0,0.0,ICICIBANK.NS
2024-06-05,1058.5778828175676,1095.8964118662052,1025.454687026523,1081.6519775390625,42172104,0.0,0.0,ICICIBANK.NS
2024-06-06,1090.7741517877903,1090.7741517877903,1069.8952667444207,1083.3592529296875,18574162,0.0,0.0,ICICIBANK.NS
2024-06-07,1083.3594059306379,1100.8235264178431,1076.724952853582,1094.3841552734375,17197635,0.0,0.0,ICICIBANK.NS
2024-06-10,1088.8228833488845,1105.6039769227384,1087.9447765589168,1096.4329833984375,10851455,0.0,0.0,ICICIBANK.NS
2024-06-11,1092.4816621333332,1101.5552346286859,1083.9447435857408,1090.9693603515625,12250002,0.0,0.0,ICICIBANK.NS
2024-06-12,1093.701262866966,1105.7993202810974,1084.9204320321733,1092.28662109375,16096514,0.0,0.0,ICICIBANK.NS
2024-06-13,1094.872014336748,1095.8476622265855,1078.0909182705975,1080.3836669921875,12494254,0.0,0.0,ICICIBANK.NS
2024-06-14,1086.8716106071388,1086.8716106071388,1072.6758879821507,1078.7249755859375,11377979,0.0,0.0,ICICIBANK.NS
2024-06-18,1086.8228143148967,1107.4090780810202,1074.3833049204777,1095.506103515625,18306176,0.0,0.0,ICICIBANK.NS
2024-06-19,1100.4818894098034,1137.166342002539,1098.7257948267247,1116.580078125,34309514,0.0,0.0,ICICIBANK.NS
2024-06-20,1125.9464849282854,1131.751542182319,1107.8481690931235,1128.6295166015625,15475933,0.0,0.0,ICICIBANK.NS
2024-06-21,1135.2151467086508,1141.410486972395,1122.629265145151,1130.4344482421875,69259425,0.0,0.0,ICICIBANK.NS
2024-06-24,1126.531878313925,1147.0204843368606,1124.580582502217,1141.6055908203125,12210295,0.0,0.0,ICICIBANK.NS
2024-06-25,1141.7519447999034,1176.631356914064,1139.2152841020384,1168.77734375,27309845,0.0,0.0,ICICIBANK.NS
2024-06-26,1172.728745333667,1193.0709797006668,1164.7771913357117,1188.339111328125,25403461,0.0,0.0,ICICIBANK.NS
2024-06-27,1198.4370480300415,1204.9251302431871,1179.6558263643078,1190.19287109375,20516632,0.0,0.0,ICICIBANK.NS
2024-06-28,1197.119858680918,1197.119858680918,1167.2162295895332,1170.3870849609375,12507092,0.0,0.0,ICICIBANK.NS
2024-07-01,1170.3870597440186,1185.7535123666644,1163.0209904215824,1182.3387451171875,8636894,0.0,0.0,ICICIBANK.NS
2024-07-02,1187.3634506753801,1187.3634506753801,1156.6793729867939,1161.6063232421875,16153925,0.0,0.0,ICICIBANK.NS
2024-07-03,1167.70405183156,1186.24136013032,1150.7277562015904,1172.33837890625,22330897,0.0,0.0,ICICIBANK.NS
2024-07-04,1199.0711636260962,1204.8762204814082,1184.729188396717,1202.9737548828125,15275791,0.0,0.0,ICICIBANK.NS
2024-07-05,1195.1685483777583,1212.339925743088,1191.1195862106667,1203.364013671875,9535575,0.0,0.0,ICICIBANK.NS
2024-07-08,1198.9736190942626,1209.3154620742414,1187.2658453589734,1204.973876953125,6617190,0.0,0.0,ICICIBANK.NS
2024-07-09,1204.8762530735444,1219.7548826422453,1199.3639380524303,1217.8524169921875,13366874,0.0,0.0,ICICIBANK.NS
2024-07-10,1222.2429000724055,1222.2429000724055,1206.2422507799674,1212.9254150390625,18226503,0.0,0.0,ICICIBANK.NS
2024-07-11,1215.998657353838,1227.1698965417374,1195.2174298923792,1208.291015625,11307116,0.0,0.0,ICICIBANK.NS
2024-07-12,1205.8031641621653,1222.389177096727,1200.144359168967,1202.876220703125,12208290,0.0,0.0,ICICIBANK.NS
2024-07-15,1203.071361476852,1208.2910537479374,1194.241819735426,1199.998046875,15612671,0.0,0.0,ICICIBANK.NS
2024-07-16,1200.0467517768816,1214.6814682619654,1199.0711040112092,1209.7056884765625,12320605,0.0,0.0,ICICIBANK.NS
2024-07-18,1204.8275385430438,1225.8526779859858,1201.7053940039573,1219.8525390625,10999632,0.0,0.0,ICICIBANK.NS
2024-07-19,1213.706011208785,1220.0477226821429,1210.0473315126171,1218.2427978515625,7958817,0.0,0.0,ICICIBANK.NS
2024-07-22,1209.8032741772045,1214.974255165563,1202.8761986042646,1210.92529296875,9958965,0.0,0.0,ICICIBANK.NS
2024-07-23,1210.9253291470568,1218.2426878788428,1182.972994972106,1196.8759765625,19369832,0.0,0.0,ICICIBANK.NS
2024-07-24,1195.1685807983697,1203.6079582700647,1172.777510944099,1193.21728515625,20122521,0.0,0.0,ICICIBANK.NS
2024-07-25,1176.143415035895,1188.5829244027202,1161.6062390935692,1168.728515625,14154461,0.0,0.0,ICICIBANK.NS
2024-07-26,1161.020907069825,1190.2903417018374,1157.0694857554495,1177.802001953125,19309265,0.0,0.0,ICICIBANK.NS
2024-07-29,1185.5583771757993,1212.486231027865,1174.826252016832,1183.16796875,28458261,0.0,0.0,ICICIBANK.NS
2024-07-30,1183.4607897362628,1200.876079269409,1175.0702424166864,1179.9971923828125,23972277,0.0,0.0,ICICIBANK.NS
2024-07-31,1189.3148299701952,1194.827264609521,1181.509646508537,1185.314697265625,22297629,0.0,0.0,ICICIBANK.NS
2024-08-01,1182.97292613369,1192.875774860644,1177.5093224180825,1180.63134765625,8725046,0.0,0.0,ICICIBANK.NS
2024-08-02,1167.8504929230744,1172.3872793090957,1161.118498843589,1167.4114990234375,10735395,0.0,0.0,ICICIBANK.NS
2024-08-05,1153.2156685567127,1159.9476620150213,1138.5809519506631,1144.0445556640625,14306771,0.0,0.0,ICICIBANK.NS
2024-08-06,1146.3862463365044,1158.776926636575,1133.215000102,1138.4346923828125,13575619,0.0,0.0,ICICIBANK.NS
2024-08-07,1150.2400266838533,1151.069422664435,1133.312559694185,1143.8983154296875,15753644,0.0,0.0,ICICIBANK.NS
2024-08-08,1138.5322506611303,1145.8008988559393,1130.6783566530576,1136.239501953125,10806438,0.0,0.0,ICICIBANK.NS
2024-08-09,1147.8984979263976,1152.1912530849597,1140.5323091971482,1143.0689697265625,8687307,0.0,0.0,ICICIBANK.NS
2024-08-12,1152.3189994398172,1159.4533399572713,1137.5582949209468,1154.09033203125,10860455,10.0,0.0,ICICIBANK.NS
2024-08-13,1164.3243778306348,1170.2779103089574,1145.0370803987933,1149.7113037109375,13117927,0.0,0.0,ICICIBANK.NS
2024-08-14,1148.3827912230433,1151.3841824712085,1134.6061339161688,1143.1181640625,13431801,0.0,0.0,ICICIBANK.NS
2024-08-16,1151.33488320732,1173.9679621079767,1147.0543031789523,1168.3096923828125,10961370,0.0,0.0,ICICIBANK.NS
2024-08-19,1171.9999545311712,1176.67417769156,1154.58237101426,1157.140869140625,6686394,0.0,0.0,ICICIBANK.NS
2024-08-20,1155.4679086606573,1170.8191375512558,1151.3349594196018,1160.6341552734375,10427061,0.0,0.0,ICICIBANK.NS
2024-08-21,1158.223268928432,1159.846970432822,1146.513086110094,1156.1075439453125,17234142,0.0,0.0,ICICIBANK.NS
2024-08-22,1163.1435847596479,1173.5744592109102,1157.829706794536,1172.098388671875,8564142,0.0,0.0,ICICIBANK.NS
2024-08-23,1173.968043848346,1185.7766075752363,1169.589082848793,1184.300537109375,7518309,0.0,0.0,ICICIBANK.NS
2024-08-26,1186.3178499958535,1195.5677952382332,1181.889638715724,1193.9442138671875,10920226,0.0,0.0,ICICIBANK.NS
2024-08-27,1193.9442695051366,1212.8379237983015,1189.6144386937667,1206.7860107421875,16295325,0.0,0.0,ICICIBANK.NS
2024-08-28,1203.1451193533376,1206.8352956977394,1197.8804917932434,1204.325927734375,12291305,0.0,0.0,ICICIBANK.NS
2024-08-29,1199.504093644897,1215.2980967161698,1197.5852499624118,1202.4071044921875,10806748,0.0,0.0,ICICIBANK.NS
2024-08-30,1210.3777397050092,1215.8392482869917,1199.4548426639624,1209.5904541015625,21211148,0.0,0.0,ICICIBANK.NS
2024-09-02,1219.2341641068904,1219.4309254466023,1202.997389524353,1210.3284912109375,12516759,0.0,0.0,ICICIBANK.NS
2024-09-03,1207.6224463883482,1230.9935629487222,1200.930998773239,1227.79541015625,19114907,0.0,0.0,ICICIBANK.NS
2024-09-04,1220.070629288316,1223.859186152754,1213.1331701237295,1216.62646484375,13505843,0.0,0.0,ICICIBANK.NS
2024-09-05,1218.2502546691317,1224.9909529744998,1211.65718744667,1216.23291015625,9142811,0.0,0.0,ICICIBANK.NS
2024-09-06,1206.3923063523205,1214.21555165295,1185.7765708665058,1188.8763427734375,10170479,0.0,0.0,ICICIBANK.NS
2024-09-09,1183.710090812365,1218.5453765912819,1181.299103730193,1215.2979736328125,13863250,0.0,0.0,ICICIBANK.NS
2024-09-10,1217.216888818786,1221.5467196441462,1207.4256692162026,1217.5614013671875,15545130,0.0,0.0,ICICIBANK.NS
2024-09-11,1211.8538609951502,1219.5294755207808,1206.83524540051,1216.62646484375,11993242,0.0,0.0,ICICIBANK.NS
2024-09-12,1218.2502705064035,1236.9471648033514,1206.7860981365827,1232.174560546875,15376442,0.0,0.0,ICICIBANK.NS
2024-09-13,1232.0267776590285,1235.9137150505585,1222.2355585854264,1230.403076171875,9877288,0.0,0.0,ICICIBANK.NS
2024-09-16,1231.042802375231,1245.4098646133787,1224.8432581989914,1242.7037353515625,8973335,0.0,0.0,ICICIBANK.NS
2024-09-17,1239.849987924078,1251.9538142521255,1238.3247871252927,1247.8699951171875,11513121,0.0,0.0,ICICIBANK.NS
2024-09-18,1241.8672616672682,1274.6852037097235,1241.8672616672682,1267.796875,12466597,0.0,0.0,ICICIBANK.NS
2024-09-19,1267.7968764476732,1279.2610475522447,1264.8447355687065,1271.388671875,13172268,0.0,0.0,ICICIBANK.NS
2024-09-20,1274.340862241716,1340.616403523679,1270.9459481482343,1317.09765625,73257767,0.0,0.0,ICICIBANK.NS
2024-09-23,1309.7664484410157,1310.553734024932,1287.62539277616,1300.8116455078125,11380409,0.0,0.0,ICICIBANK.NS
2024-09-24,1299.9260678444703,1310.1601805182468,1294.4645590257803,1297.5643310546875,13886037,0.0,0.0,ICICIBANK.NS
2024-09-25,1289.8395992053097,1306.568398126912,1289.1999446337225,1302.7305908203125,8728019,0.0,0.0,ICICIBANK.NS
2024-09-26,1298.9419832399822,1312.0789860913483,1295.8914616978661,1307.84765625,11100869,0.0,0.0,ICICIBANK.NS
2024-09-27,1311.7346011418329,1311.7346011418329,1283.0496081575457,1285.7557373046875,17117379,0.0,0.0,ICICIBANK.NS
2024-09-30,1271.4871691598821,1276.1122623682022,1250.625419751032,1252.69189453125,12622212,0.0,0.0,ICICIBANK.NS
2024-10-01,1249.542987688833,1259.8262312755362,1247.3780121127852,1254.069580078125,10972413,0.0,0.0,ICICIBANK.NS
2024-10-03,1233.6012439093365,1245.5574384870451,1228.2382360313827,1236.307373046875,17648551,0.0,0.0,ICICIBANK.NS
2024-10-04,1227.2048887996382,1244.2289485494368,1216.4787533567373,1219.97216796875,13488887,0.0,0.0,ICICIBANK.NS
2024-10-07,1221.7435594913184,1242.8020684792546,1205.4575341441214,1214.215576171875,20667247,0.0,0.0,ICICIBANK.NS
2024-10-08,1221.202267135771,1227.8938344569156,1210.1317389284563,1216.8724365234375,12219259,0.0,0.0,ICICIBANK.NS
2024-10-09,1223.2195743635768,1244.9177369185495,1212.9854623508438,1224.302001953125,14765997,0.0,0.0,ICICIBANK.NS
2024-10-10,1226.8606284171833,1234.6837542167523,1218.2502169484444,1223.6624755859375,9118195,0.0,0.0,ICICIBANK.NS
2024-10-11,1217.2661601929808,1221.0055869072553,1202.5054549359925,1203.489501953125,8472512,0.0,0.0,ICICIBANK.NS
2024-10-14,1201.5213486036762,1218.1517663968125,1197.9788035414683,1212.099853515625,11833929,0.0,0.0,ICICIBANK.NS
2024-10-15,1219.1849221736488,1238.2263267782284,1215.691627570544,1235.470947265625,11657338,0.0,0.0,ICICIBANK.NS
2024-10-16,1228.5826203359522,1234.9296751311315,1221.7926723383464,1223.3179931640625,7869727,0.0,0.0,ICICIBANK.NS
2024-10-17,1229.5175181191341,1236.897870871355,1204.867212000474,1211.60791015625,8459497,0.0,0.0,ICICIBANK.NS
2024-10-18,1208.3604278039818,1248.6572232672752,1205.7035490362575,1244.327392578125,11018126,0.0,0.0,ICICIBANK.NS
2024-10-21,1244.3274858742436,1252.0522311372122,1230.6000776735575,1238.9644775390625,7742775,0.0,0.0,ICICIBANK.NS
2024-10-22,1246.3938747133964,1264.4019824079978,1239.653176958133,1247.279541015625,20090801,0.0,0.0,ICICIBANK.NS
2024-10-23,1240.8832443668052,1247.7223228428932,1223.2196490881518,1231.6331787109375,14055447,0.0,0.0,ICICIBANK.NS
2024-10-24,1230.3047750515273,1240.3420065108755,1221.251590602818,1232.764892578125,12223031,0.0,0.0,ICICIBANK.NS
2024-10-25,1227.3526156126327,1248.657257098042,1214.5107542672154,1235.4217529296875,13546055,0.0,0.0,ICICIBANK.NS
2024-10-28,1264.9924978474703,1286.9367953731105,1260.1706432204314,1272.2252197265625,24096412,0.0,0.0,ICICIBANK.NS
2024-10-29,1280.5894733227,1314.0470695956533,1278.5229987539544,1310.6029052734375,20656117,0.0,0.0,ICICIBANK.NS
2024-10-30,1302.878217992093,1309.6681662645217,1284.771729306591,1291.21728515625,15055031,0.0,0.0,ICICIBANK.NS
2024-10-31,1286.3953474845157,1297.908648500615,1267.9937179678298,1271.6346435546875,23497314,0.0,0.0,ICICIBANK.NS
2024-11-01,1269.3713115804678,1275.521605000899,1265.7303859247397,1271.19189453125,1007022,0.0,0.0,ICICIBANK.NS
2024-11-04,1269.5189366152897,1271.1918884914494,1249.7888674900407,1256.82470703125,14309121,0.0,0.0,ICICIBANK.NS
2024-11-05,1252.6918064806564,1280.540384084737,1242.9497173467564,1276.013671875,16431920,0.0,0.0,ICICIBANK.NS
2024-11-06,1279.507133687592,1294.0218271864514,1272.077530661039,1281.5736083984375,12037405,0.0,0.0,ICICIBANK.NS
2024-11-07,1276.4565194695,1282.016408736549,1254.905867336954,1258.30078125,9909035,0.0,0.0,ICICIBANK.NS
2024-11-08,1249.739603368689,1254.6598380276207,1232.7155433996181,1238.7674560546875,11195808,0.0,0.0,ICICIBANK.NS
2024-11-11,1241.8673121816607,1255.545589486218,1226.7622147783625,1249.0509033203125,8387780,0.0,0.0,ICICIBANK.NS
2024-11-12,1255.7915869540607,1274.34084864136,1244.3274155266408,1250.330078125,13486168,0.0,0.0,ICICIBANK.NS
2024-11-13,1250.330002060316,1255.8898912252891,1230.058659378344,1233.6995849609375,12260404,0.0,0.0,ICICIBANK.NS
2024-11-14,1233.7488030417599,1247.4762092717035,1223.219549242433,1236.897705078125,9506892,0.0,0.0,ICICIBANK.NS
2024-11-18,1239.8991689148563,1242.4576669848584,1229.468295169204,1233.45361328125,6195554,0.0,0.0,ICICIBANK.NS
2024-11-19,1236.996341503432,1240.8832791422965,1221.054707873685,1229.173095703125,11537317,0.0,0.0,ICICIBANK.NS
2024-11-21,1228.6318816632047,1236.8486497660301,1212.887130281342,1230.5999755859375,9593870,0.0,0.0,ICICIBANK.NS
2024-11-22,1237.931065448711,1260.9577881469831,1235.962971544977,1257.6612548828125,11604338,0.0,0.0,ICICIBANK.NS
2024-11-25,1275.3249381508517,1290.2824048083883,1269.420656029783,1280.1959228515625,22717581,0.0,0.0,ICICIBANK.NS
2024-11-26,1289.691969633128,1293.2837651950626,1281.6719625867895,1284.132080078125,7646955,0.0,0.0,ICICIBANK.NS
2024-11-27,1277.7849738450245,1289.9379297411074,1277.1453192983001,1279.9498291015625,21938082,0.0,0.0,ICICIBANK.NS
2024-11-28,1280.294297193127,1289.593492566128,1261.8434173872402,1265.8287353515625,22803745,0.0,0.0,ICICIBANK.NS
2024-11-29,1262.6306978559342,1282.4592691846208,1262.6306978559342,1279.3594970703125,11397228,0.0,0.0,ICICIBANK.NS
2024-12-02,1279.1626909163074,1289.6428152581445,1268.58418590124,1283.8369140625,9626400,0.0,0.0,ICICIBANK.NS
2024-12-03,1283.1480184509742,1291.8569303693412,1275.4232736408442,1287.527099609375,11509276,0.0,0.0,ICICIBANK.NS
2024-12-04,1281.819549984778,1298.9419911656362,1280.9338836934899,1295.0550537109375,11570281,0.0,0.0,ICICIBANK.NS
2024-12-05,1295.2518809925427,1321.4767579162362,1287.7238973177443,1315.1788330078125,19210697,0.0,0.0,ICICIBANK.NS
2024-12-06,1321.0831368877882,1325.6097291981625,1305.5351457750585,1307.552490234375,8942672,0.0,0.0,ICICIBANK.NS
2024-12-09,1301.008440803049,1307.8476391384686,1299.1879779810015,1301.205322265625,8000764,0.0,0.0,ICICIBANK.NS
2024-12-10,1297.957930171136,1310.750540551898,1294.2677540997624,1309.2252197265625,8218214,0.0,0.0,ICICIBANK.NS
2024-12-11,1303.567008056277,1310.01256393174,1295.005847236935,1306.3223876953125,8138066,0.0,0.0,ICICIBANK.NS
2024-12-12,1300.467319981326,1317.392879799611,1300.467319981326,1308.04443359375,9076896,0.0,0.0,ICICIBANK.NS
2024-12-13,1304.206657466483,1325.658929951843,1292.5457246301107,1323.44482421875,13536684,0.0,0.0,ICICIBANK.NS
2024-12-16,1323.4448020295467,1328.9061906725217,1318.672198220594,1324.6256103515625,9071006,0.0,0.0,ICICIBANK.NS
2024-12-17,1320.591043814433,1326.5937063526414,1304.8955425723648,1312.47265625,9879257,0.0,0.0,ICICIBANK.NS
2024-12-18,1304.108322781897,1313.6535308964567,1286.5922376487658,1293.1854248046875,8510595,0.0,0.0,ICICIBANK.NS
2024-12-19,1265.4844508567164,1282.2132499737959,1263.9591299468714,1266.3701171875,11517304,0.0,0.0,ICICIBANK.NS
2024-12-20,1263.4671101390386,1277.0470069229707,1252.1014392500044,1267.84619140625,58491181,0.0,0.0,ICICIBANK.NS
2024-12-23,1273.9964575675247,1286.149413849784,1266.5177244802055,1276.1121826171875,6827512,0.0,0.0,ICICIBANK.NS
2024-12-24,1276.1122805813325,1283.689394924585,1269.6667242632777,1276.5550537109375,7138516,0.0,0.0,ICICIBANK.NS
2024-12-26,1286.149397655659,1291.8076677677632,1268.6333134333681,1276.6533203125,7338444,0.0,0.0,ICICIBANK.NS
2024-12-27,1277.834372258314,1294.9566951975391,1277.834372258314,1286.6907958984375,4756066,0.0,0.0,ICICIBANK.NS
2024-12-30,1284.1320718868315,1305.3383325760412,1268.8793435378464,1273.9964599609375,14207425,0.0,0.0,ICICIBANK.NS
2024-12-31,1266.3701041548643,1269.3713754212274,1259.6785365277274,1261.203857421875,8449607,0.0,0.0,ICICIBANK.NS
2025-01-01,1261.2039030056599,1272.3728127979782,1246.8859706361397,1263.1719970703125,4705399,0.0,0.0,ICICIBANK.NS
2025-01-02,1264.5988495821298,1272.7664882086394,1258.0057823459824,1270.0111083984375,7433222,0.0,0.0,ICICIBANK.NS
2025-01-03,1265.6811494083963,1267.4524819820733,1242.1132728120124,1244.86865234375,11194997,0.0,0.0,ICICIBANK.NS
2025-01-06,1247.8208957681682,1257.3661039966464,1236.9471279387867,1243.933837890625,7504047,0.0,0.0,ICICIBANK.NS
2025-01-07,1246.2955634538516,1268.387371227451,1246.2955634538516,1258.8421630859375,7539758,0.0,0.0,ICICIBANK.NS
2025-01-08,1260.1213925757818,1264.500353533012,1232.3711960120443,1243.58935546875,7566309,0.0,0.0,ICICIBANK.NS
2025-01-09,1237.9311554007072,1244.5734728084612,1228.1890658447487,1242.260986328125,8684920,0.0,0.0,ICICIBANK.NS
2025-01-10,1238.9151869887507,1244.7702186556908,1223.2688154875007,1229.9111328125,7854524,0.0,0.0,ICICIBANK.NS
2025-01-13,1215.1997021699149,1224.1052557235084,1205.3592318634503,1210.1318359375,9669336,0.0,0.0,ICICIBANK.NS
2025-01-14,1213.6743510380347,1224.9908916090162,1207.868449677033,1220.5135498046875,10342698,0.0,0.0,ICICIBANK.NS
2025-01-15,1214.3138943569554,1224.5480063080474,1210.3777066929133,1218.49609375,5355382,0.0,0.0,ICICIBANK.NS
2025-01-16,1225.2369076646085,1235.4710205893364,1219.8738995113004,1229.173095703125,11895924,0.0,0.0,ICICIBANK.NS
2025-01-17,1223.51473271735,1229.0746219251816,1198.569166937447,1205.9002685546875,9790533,0.0,0.0,ICICIBANK.NS
2025-01-20,1204.3752079938956,1221.9404238041425,1195.8631769905248,1213.28076171875,7676418,0.0,0.0,ICICIBANK.NS
2025-01-21,1217.216791341657,1219.1848851844006,1173.6727150709557,1177.0677490234375,20520898,0.0,0.0,ICICIBANK.NS
2025-01-22,1181.840346118592,1188.236651072606,1172.787162540538,1181.299072265625,10377123,0.0,0.0,ICICIBANK.NS
2025-01-23,1178.150279677383,1188.6304043313805,1167.0797508434964,1182.5784912109375,8770650,0.0,0.0,ICICIBANK.NS
2025-01-24,1183.9070048715128,1198.569330226456,1182.824577120033,1189.90966796875,9216792,0.0,0.0,ICICIBANK.NS
2025-01-27,1175.9361728164579,1214.9536606503923,1174.0664594794448,1208.3604736328125,16164687,0.0,0.0,ICICIBANK.NS
2025-01-28,1227.4509517938643,1243.8353577059515,1216.28204282006,1227.0081787109375,18066499,0.0,0.0,ICICIBANK.NS
2025-01-29,1232.0268875547777,1235.7663143361442,1223.2197146425951,1231.6824951171875,7666777,0.0,0.0,ICICIBANK.NS
2025-01-30,1230.058696999526,1239.7515355072983,1219.72620394473,1235.5693359375,11921041,0.0,0.0,ICICIBANK.NS
2025-01-31,1234.4870409428568,1235.963111537846,1219.332692143045,1232.814208984375,10195417,0.0,0.0,ICICIBANK.NS
2025-02-01,1231.1904328305643,1241.2276642201673,1214.117241339197,1235.520263671875,3011914,0.0,0.0,ICICIBANK.NS
2025-02-03,1226.9589513144845,1239.8991931084147,1218.0533982313877,1233.0108642578125,6176831,0.0,0.0,ICICIBANK.NS
2025-02-04,1242.6546259748302,1260.0722101946521,1239.8992462672875,1247.9683837890625,14839077,0.0,0.0,ICICIBANK.NS
2025-02-05,1249.9364358288246,1257.366038635732,1244.9670706142904,1247.476318359375,6840709,0.0,0.0,ICICIBANK.NS
2025-02-06,1254.6598163131562,1258.5960039721779,1243.0480146698765,1252.101318359375,8396554,0.0,0.0,ICICIBANK.NS
2025-02-07,1251.707841237699,1254.6599823726938,1229.616033126662,1236.8487548828125,7382039,0.0,0.0,ICICIBANK.NS
2025-02-10,1237.143764104477,1244.8193782805915,1229.4190196551453,1242.4576416015625,5740361,0.0,0.0,ICICIBANK.NS
2025-02-11,1235.815414286521,1241.7196963503554,1228.48431210643,1232.764892578125,6586627,0.0,0.0,ICICIBANK.NS
2025-02-12,1237.1437132102558,1249.49354984024,1224.7939967031841,1231.8299560546875,8809352,0.0,0.0,ICICIBANK.NS
2025-02-13,1232.5681139223714,1245.8034979804984,1226.0241773689,1228.976318359375,7263785,0.0,0.0,ICICIBANK.NS
2025-02-14,1232.125182860914,1243.3433423047895,1224.5971995418054,1239.99755859375,10368438,0.0,0.0,ICICIBANK.NS
2025-02-17,1231.1904296875,1238.0787586965241,1213.5759643398394,1231.1904296875,8386151,0.0,0.0,ICICIBANK.NS
2025-02-18,1232.912442887429,1237.537415485285,1217.3153228151366,1223.2196044921875,8135042,0.0,0.0,ICICIBANK.NS
2025-02-19,1215.150440982361,1244.2782088063445,1210.6238487061553,1241.52294921875,10683412,0.0,0.0,ICICIBANK.NS
2025-02-20,1235.323399403501,1243.8354301295267,1226.8606190775215,1230.009521484375,8398849,0.0,0.0,ICICIBANK.NS
2025-02-21,1221.3007691973355,1224.843314551203,1205.0148626007026,1213.28076171875,7786428,0.0,0.0,ICICIBANK.NS
2025-02-24,1207.1304651110468,1212.2475818317712,1190.9429392289517,1198.9136962890625,11522480,0.0,0.0,ICICIBANK.NS
2025-02-25,1207.0320830347105,1212.0015686679765,1201.5214435997075,1204.6212158203125,11059417,0.0,0.0,ICICIBANK.NS
2025-02-27,1205.6052412387521,1215.1504493679895,1199.0120540726923,1202.9482421875,12008162,0.0,0.0,ICICIBANK.NS
2025-02-28,1196.6011747582393,1205.4575979266801,1180.9548031360748,1184.8909912109375,20215075,0.0,0.0,ICICIBANK.NS
2025-03-03,1191.188847446512,1197.5851526992194,1184.9401732626818,1186.9573974609375,8158881,0.0,0.0,ICICIBANK.NS
2025-03-04,1187.8923015092375,1197.2407475483415,1187.0066352283177,1191.0904541015625,9574490,0.0,0.0,ICICIBANK.NS
2025-03-05,1197.5852173719204,1206.3923901078597,1191.9761974350436,1196.305908203125,9052846,0.0,0.0,ICICIBANK.NS
2025-03-06,1208.3604997504162,1208.3604997504162,1189.7128566225836,1198.6185302734375,11949475,0.0,0.0,ICICIBANK.NS
2025-03-07,1191.7792822265046,1198.4215993904008,1187.0559287614878,1195.17431640625,6620284,0.0,0.0,ICICIBANK.NS
2025-03-10,1188.7287844485525,1206.2448692222129,1188.7287844485525,1195.469482421875,7363437,0.0,0.0,ICICIBANK.NS
2025-03-11,1197.7819082260587,1228.0906025562624,1197.7819082260587,1225.5321044921875,10927950,0.0,0.0,ICICIBANK.NS
2025-03-12,1227.0573656262773,1231.9776006544478,1215.5933141089804,1224.105224609375,11548372,0.0,0.0,ICICIBANK.NS
2025-03-13,1231.0919570840585,1235.5692985318378,1225.4336872491594,1230.10791015625,8132940,0.0,0.0,ICICIBANK.NS
2025-03-17,1236.9964228158067,1253.626722273369,1234.7330664957105,1248.7557373046875,11164812,0.0,0.0,ICICIBANK.NS
2025-03-18,1248.7557373046875,1248.7557373046875,1248.7557373046875,1248.7557373046875,0,0.0,0.0,ICICIBANK.NS
2025-03-19,1284.771625690972,1297.2690935608202,1281.3767118900164,1292.1519775390625,11278014,0.0,0.0,ICICIBANK.NS
2025-03-20,1298.9420363179743,1303.1242360561191,1290.1348637421092,1300.6148681640625,10886735,0.0,0.0,ICICIBANK.NS
2025-03-21,1295.005932648197,1327.47948567053,1290.676101553966,1321.673583984375,60494318,0.0,0.0,ICICIBANK.NS
2025-03-24,1334.3185449313019,1351.0965951268047,1323.592528220555,1336.4835205078125,9352280,0.0,0.0,ICICIBANK.NS
2025-03-25,1337.3198832805363,1342.0433569660177,1308.8317704607064,1322.263916015625,16419207,0.0,0.0,ICICIBANK.NS
2025-03-26,1322.608385783058,1336.3357930453642,1310.2585481884407,1314.58837890625,10859639,0.0,0.0,ICICIBANK.NS
2025-03-27,1311.8822515956433,1329.9394896015347,1311.8822515956433,1315.326416015625,15109614,0.0,0.0,ICICIBANK.NS
2025-03-28,1314.6867654992452,1336.2865486646785,1306.027104024632,1326.8397216796875,8266544,0.0,0.0,ICICIBANK.NS
2025-04-01,1318.6230094191676,1330.7759661157215,1294.4154767036698,1297.416748046875,14288024,0.0,0.0,ICICIBANK.NS
2025-04-02,1301.0577695360655,1316.605640115626,1301.0577695360655,1310.0125732421875,8042214,0.0,0.0,ICICIBANK.NS
2025-04-03,1300.8608684683468,1311.7346357410256,1300.172083625529,1308.3397216796875,4591008,0.0,0.0,ICICIBANK.NS
2025-04-04,1308.3397764539347,1317.196199721689,1301.0085540085365,1313.998046875,8648542,0.0,0.0,ICICIBANK.NS
2025-04-07,1274.5868794921314,1303.8622778051142,1244.8194576780902,1267.009765625,19185012,0.0,0.0,ICICIBANK.NS
2025-04-08,1279.113469327377,1289.1508208042862,1266.8128818235116,1279.1627197265625,13085762,0.0,0.0,ICICIBANK.NS
2025-04-09,1284.1320386492785,1284.2796697185806,1264.008326268558,1280.04833984375,13005622,0.0,0.0,ICICIBANK.NS
2025-04-11,1284.2796640863085,1303.8622226242683,1284.2796640863085,1290.7252197265625,13064247,0.0,0.0,ICICIBANK.NS
2025-04-15,1329.4474418665204,1332.6948448810174,1314.8834988213314,1328.66015625,15202603,0.0,0.0,ICICIBANK.NS
2025-04-16,1335.35175670462,1338.0086355110902,1321.4767182608662,1334.7613525390625,14039073,0.0,0.0,ICICIBANK.NS
2025-04-17,1340.271938683508,1386.4237644145942,1338.4022254639915,1384.2587890625,17490424,0.0,0.0,ICICIBANK.NS
2025-04-21,1413.0915548092914,1413.0915548092914,1382.2908342910866,1387.3095703125,16882426,0.0,0.0,ICICIBANK.NS
2025-04-22,1390.2616620074302,1396.1659440599142,1376.5833845612567,1393.902587890625,16135274,0.0,0.0,ICICIBANK.NS
2025-04-23,1406.2031056627204,1407.0887719511927,1388.7855225220842,1401.676513671875,13990764,0.0,0.0,ICICIBANK.NS
2025-04-24,1393.7057666784372,1398.5275007158652,1376.4849447649922,1380.3226318359375,15678099,0.0,0.0,ICICIBANK.NS
2025-04-25,1387.5061560869792,1392.2296293483562,1366.2507666566128,1382.38916015625,11705093,0.0,0.0,ICICIBANK.NS
2025-04-28,1383.1763860592027,1412.1073907727903,1381.4051736009749,1406.00634765625,10948561,0.0,0.0,ICICIBANK.NS
2025-04-29,1406.0063095097996,1415.354755397171,1399.9051464358704,1406.9903564453125,10786910,0.0,0.0,ICICIBANK.NS
2025-04-30,1410.1393895834246,1410.828174453101,1377.665837694902,1404.235107421875,14192027,0.0,0.0,ICICIBANK.NS
2025-05-02,1404.136620262742,1423.5222971739024,1401.8732642232824,1407.2855224609375,8842434,0.0,0.0,ICICIBANK.NS
2025-05-05,1417.0276759030696,1423.719243532893,1403.251017942901,1406.5968017578125,4565705,0.0,0.0,ICICIBANK.NS
2025-05-06,1406.2030986214052,1410.8280712604956,1397.740318833432,1408.7615966796875,6301690,0.0,0.0,ICICIBANK.NS
2025-05-07,1402.2669857299177,1418.9957848579238,1398.3307976997987,1412.5010986328125,10480453,0.0,0.0,ICICIBANK.NS
2025-05-08,1415.6500090207114,1425.7857413048096,1403.3494213569647,1412.5994873046875,15306490,0.0,0.0,ICICIBANK.NS
2025-05-09,1392.6232842813388,1397.2483773146432,1364.8732065732167,1366.742919921875,13491197,0.0,0.0,ICICIBANK.NS
2025-05-12,1386.9158758891217,1429.8203013758846,1381.601998025975,1425.39208984375,9925445,0.0,0.0,ICICIBANK.NS
2025-05-13,1417.126034216079,1424.8016487219365,1404.6286855985884,1407.777587890625,12475424,0.0,0.0,ICICIBANK.NS
2025-05-14,1407.088799803615,1417.7164351068907,1394.6898318883327,1403.44775390625,8026837,0.0,0.0,ICICIBANK.NS
2025-05-15,1403.152601872172,1433.2644152009339,1392.9184893353395,1427.6553955078125,18209264,0.0,0.0,ICICIBANK.NS
2025-05-16,1430.115536446277,1435.4292940858757,1423.915992369514,1430.8043212890625,6439208,0.0,0.0,ICICIBANK.NS
2025-05-19,1423.4240376832488,1436.413410510274,1420.7671587350164,1425.8841552734375,6005334,0.0,0.0,ICICIBANK.NS
2025-05-20,1427.0649116587983,1435.724573309837,1412.5994688048465,1415.25634765625,11352383,0.0,0.0,ICICIBANK.NS
2025-05-21,1419.88149736354,1428.1475165201844,1415.5516663650185,1421.6527099609375,5510460,0.0,0.0,ICICIBANK.NS
2025-05-22,1418.11006923761,1422.2431385993382,1405.0223165661077,1419.0941162109375,7245933,0.0,0.0,ICICIBANK.NS
2025-05-23,1419.1925334305297,1428.639480716087,1411.5170389146704,1426.67138671875,5203706,0.0,0.0,ICICIBANK.NS
2025-05-26,1434.7404521515875,1448.1234666381572,1431.7883113035389,1437.2989501953125,5608725,0.0,0.0,ICICIBANK.NS
2025-05-27,1429.3282240162364,1439.660717201896,1412.7961868700127,1423.3255615234375,14842959,0.0,0.0,ICICIBANK.NS
2025-05-28,1424.5063806110309,1434.7404932016627,1419.487765050342,1430.6075439453125,8618343,0.0,0.0,ICICIBANK.NS
2025-05-29,1433.3627849687755,1439.5623288964678,1421.9478642011566,1433.264404296875,15545514,0.0,0.0,ICICIBANK.NS
2025-05-30,1436.6102684488903,1437.5943154688398,1421.2591589622632,1422.7352294921875,11803975,0.0,0.0,ICICIBANK.NS
2025-06-02,1418.9958296640707,1436.7086763589064,1409.9426449581042,1427.3602294921875,9458990,0.0,0.0,ICICIBANK.NS
2025-06-03,1431.6899803606145,1431.7883610343827,1409.1552804132207,1414.961181640625,11167345,0.0,0.0,ICICIBANK.NS
2025-06-04,1414.4691895072294,1417.1260683724902,1403.6446724484365,1408.1712646484375,8025388,0.0,0.0,ICICIBANK.NS
2025-06-05,1408.072806574806,1435.724501880477,1404.5302615748733,1431.591552734375,11385668,0.0,0.0,ICICIBANK.NS
2025-06-06,1425.4904326139017,1438.0862820195339,1419.0941272375726,1436.413330078125,11580994,0.0,0.0,ICICIBANK.NS
2025-06-09,1441.6289396983907,1443.40027245163,1410.5330766960358,1411.9107666015625,11022031,0.0,0.0,ICICIBANK.NS
2025-06-10,1416.0435714397854,1418.7004501751119,1393.902514902332,1400.200439453125,12905272,0.0,0.0,ICICIBANK.NS
2025-06-11,1399.1180802484353,1411.6154291671444,1395.9690577575766,1408.1712646484375,7136877,0.0,0.0,ICICIBANK.NS
2025-06-12,1407.679242298958,1413.5835243358638,1397.3467487343728,1402.4637451171875,7953247,0.0,0.0,ICICIBANK.NS
2025-06-13,1381.2083238229704,1398.822788875249,1381.2083238229704,1393.5089111328125,7573103,0.0,0.0,ICICIBANK.NS
2025-06-16,1394.000986381205,1406.2031934701922,1391.639249505445,1404.13671875,5451137,0.0,0.0,ICICIBANK.NS
2025-06-17,1404.1366513466178,1406.990411596049,1395.1818479070278,1400.49560546875,6970098,0.0,0.0,ICICIBANK.NS
2025-06-18,1394.3945278693373,1409.1552321163663,1387.7029605615166,1390.064697265625,6751745,0.0,0.0,ICICIBANK.NS
2025-06-19,1385.538241229197,1392.1313083904192,1382.2908379271437,1388.78564453125,8849883,0.0,0.0,ICICIBANK.NS
2025-06-20,1388.7856250535913,1410.4346597691706,1387.7030772194692,1404.33349609375,12408178,0.0,0.0,ICICIBANK.NS
2025-06-23,1394.394668602004,1400.4957122573712,1389.3760526760818,1397.4451904296875,5514384,0.0,0.0,ICICIBANK.NS
2025-06-24,1404.9238929302046,1412.993150628414,1393.9026142728064,1401.38134765625,11188438,0.0,0.0,ICICIBANK.NS
2025-06-25,1399.3147727333048,1406.104720760603,1392.7217061711412,1403.05419921875,7527388,0.0,0.0,ICICIBANK.NS
2025-06-26,1402.0701682033073,1424.4079863300926,1399.0195265038492,1416.1419677734375,13617435,0.0,0.0,ICICIBANK.NS
2025-06-27,1415.9451910518737,1442.6128395732899,1414.1738584793554,1438.8734130859375,22532899,0.0,0.0,ICICIBANK.NS
2025-06-30,1438.4799818113797,1438.5783624887893,1419.291064922364,1422.7352294921875,6325073,0.0,0.0,ICICIBANK.NS
2025-07-01,1422.6366689959384,1424.506382279972,1406.7935366641375,1409.1552734375,7761449,0.0,0.0,ICICIBANK.NS
2025-07-02,1409.352049520214,1427.8521809615802,1399.905222450911,1405.0223388671875,13372280,0.0,0.0,ICICIBANK.NS
2025-07-03,1409.253631009119,1423.030288484485,1400.9876124993152,1403.152587890625,10177738,0.0,0.0,ICICIBANK.NS
2025-07-04,1404.2350901711065,1421.35753225384,1398.4291887589882,1419.7830810546875,5066503,0.0,0.0,ICICIBANK.NS
2025-07-07,1414.0754516482682,1417.9132587357801,1406.7934802735126,1412.796142578125,5177477,0.0,0.0,ICICIBANK.NS
2025-07-08,1409.1552578612602,1421.947868442403,1407.1871639257,1418.9957275390625,5315847,0.0,0.0,ICICIBANK.NS
2025-07-09,1413.2883371129633,1415.7484547587683,1403.8415093776578,1409.0570068359375,8827347,0.0,0.0,ICICIBANK.NS
2025-07-10,1413.8788169776346,1416.0436723886824,1399.4132536015054,1401.38134765625,7795964,0.0,0.0,ICICIBANK.NS
2025-07-11,1399.3148113378843,1405.2190932422636,1392.032839631232,1399.2164306640625,7158015,0.0,0.0,ICICIBANK.NS
2025-07-14,1402.1686636122888,1402.1686636122888,1393.5090015352046,1400.2989501953125,5846154,0.0,0.0,ICICIBANK.NS
2025-07-15,1398.429159387504,1410.9266282871913,1396.3626847243358,1407.9744873046875,6041457,0.0,0.0,ICICIBANK.NS
2025-07-16,1403.2510104989537,1406.3999128239755,1396.4610622300193,1403.6446533203125,5649093,0.0,0.0,ICICIBANK.NS
2025-07-17,1398.3308611520058,1400.495716617636,1387.0143200519017,1396.0675048828125,12927394,0.0,0.0,ICICIBANK.NS
2025-07-18,1393.213729649599,1406.2031014317106,1386.0301388149505,1403.05419921875,11297246,0.0,0.0,ICICIBANK.NS
2025-07-21,1424.9000530820128,1444.2857308931439,1414.07553610418,1442.4161376953125,13867136,0.0,0.0,ICICIBANK.NS
2025-07-22,1450.5836983181339,1458.3576938551728,1446.25386737522,1450.0916748046875,8930165,0.0,0.0,ICICIBANK.NS
2025-07-23,1459.243275244324,1466.2299847038992,1449.1075434082761,1464.852294921875,11974174,0.0,0.0,ICICIBANK.NS
2025-07-24,1463.9666816111749,1464.9507286163912,1454.5198543856832,1459.7353515625,6700578,0.0,0.0,ICICIBANK.NS
2025-07-25,1476.0704664133914,1476.0704664133914,1450.0916021799312,1453.5357666015625,8696077,0.0,0.0,ICICIBANK.NS
2025-07-28,1453.5358600374882,1469.969517693696,1453.5358600374882,1464.6556396484375,7507479,0.0,0.0,ICICIBANK.NS
2025-07-29,1456.2911765714125,1466.0332658775797,1451.8629650797843,1462.4906005859375,9776027,0.0,0.0,ICICIBANK.NS
2025-07-30,1463.9667199639605,1464.754005637929,1453.7327269399423,1458.7513427734375,7238625,0.0,0.0,ICICIBANK.NS
2025-07-31,1446.4507928310486,1470.6583264040125,1440.6448911712775,1457.767333984375,12406146,0.0,0.0,ICICIBANK.NS
2025-08-01,1456.7831967694258,1461.408169601032,1446.3523226373668,1448.12353515625,4416771,0.0,0.0,ICICIBANK.NS
2025-08-04,1453.240679444368,1455.2087734738848,1437.987950715613,1439.8575439453125,6140054,0.0,0.0,ICICIBANK.NS
2025-08-05,1429.820201520808,1438.184600497358,1418.0116382597967,1421.357421875,14799343,0.0,0.0,ICICIBANK.NS
2025-08-06,1419.291123395121,1430.8044259536912,1418.6022183790183,1420.5703125,7805252,0.0,0.0,ICICIBANK.NS
2025-08-07,1418.110163604165,1424.8017315172433,1406.301599138448,1417.322998046875,7432535,0.0,0.0,ICICIBANK.NS
2025-08-08,1422.8336344297813,1424.5064663430474,1409.1553565946745,1412.9931640625,5415511,0.0,0.0,ICICIBANK.NS
2025-08-11,1405.1207239838918,1415.4532174004985,1397.7403715434584,1413.681884765625,8492484,0.0,0.0,ICICIBANK.NS
2025-08-12,1419.0368204237539,1421.8134608053708,1408.2279203629066,1410.112060546875,5913947,11.0,0.0,ICICIBANK.NS
2025-08-13,1412.6902784003407,1415.7643381003145,1403.368838463484,1408.922119140625,9009465,0.0,0.0,ICICIBANK.NS
2025-08-14,1400.1956576735638,1419.1359571615956,1400.1956576735638,1415.3677978515625,7577793,0.0,0.0,ICICIBANK.NS
2025-08-18,1437.8779693374279,1440.2579294966365,1419.0368097392131,1422.606689453125,6908844,0.0,0.0,ICICIBANK.NS
2025-08-19,1419.1358802007367,1426.474039895735,1414.3760811646432,1424.29248046875,6709554,0.0,0.0,ICICIBANK.NS
2025-08-20,1420.6234166864958,1423.8958770531979,1411.1036970512757,1418.64013671875,5817858,0.0,0.0,ICICIBANK.NS
2025-08-21,1428.0606770004104,1435.6963772945633,1424.3916575816534,1433.911376953125,6238645,0.0,0.0,ICICIBANK.NS
2025-08-22,1432.2257038615987,1433.9114434457279,1417.450243616132,1424.3917236328125,6657207,0.0,0.0,ICICIBANK.NS
2025-08-25,1423.8958843891958,1423.8958843891958,1412.0953443103494,1421.2183837890625,6738427,0.0,0.0,ICICIBANK.NS
2025-08-26,1415.9627825871721,1415.9627825871721,1401.2864621426106,1404.7572021484375,8720155,0.0,0.0,ICICIBANK.NS
2025-08-28,1396.2290622275916,1399.9973424915918,1384.6269231275805,1387.4034423828125,12990789,0.0,0.0,ICICIBANK.NS
2025-08-29,1380.4619594997932,1393.254139151069,1380.4619594997932,1386.1143798828125,8519507,0.0,0.0,ICICIBANK.NS
2025-09-01,1386.4117998354175,1400.5922996421114,1386.4117998354175,1399.2039794921875,4927348,0.0,0.0,ICICIBANK.NS
2025-09-02,1402.0798141390458,1402.0798141390458,1378.3795940317052,1382.54443359375,7163073,0.0,0.0,ICICIBANK.NS
2025-09-03,1377.387925122752,1388.2959648465462,1372.6280048233573,1385.321044921875,9813382,0.0,0.0,ICICIBANK.NS
2025-09-04,1398.1132401473494,1403.2697196534332,1390.180120261188,1393.75,10564859,0.0,0.0,ICICIBANK.NS
2025-09-05,1399.2040313658385,1399.699851362779,1376.098771088494,1391.0726318359375,6621077,0.0,0.0,ICICIBANK.NS
2025-09-08,1390.4775686686341,1398.807368933041,1385.9160488487796,1390.973388671875,5880943,0.0,0.0,ICICIBANK.NS
2025-09-09,1387.304306420236,1395.7332460946977,1383.5360261458507,1391.9649658203125,6470679,0.0,0.0,ICICIBANK.NS
2025-09-10,1398.2123094765393,1401.8813288190768,1390.3783297737682,1392.163330078125,7452347,0.0,0.0,ICICIBANK.NS
2025-09-11,1386.3126886500647,1396.2290884258164,1384.3294086949145,1389.882568359375,10192026,0.0,0.0,ICICIBANK.NS
2025-09-12,1393.3532613043915,1407.8311802789096,1388.39506158368,1405.847900390625,7770038,0.0,0.0,ICICIBANK.NS
2025-09-15,1410.1120532176328,1414.8719735471493,1404.4597537449094,1407.5338134765625,5845637,0.0,0.0,ICICIBANK.NS
2025-09-16,1402.1788926034542,1412.987792293879,1401.8813521978338,1409.71533203125,8213151,0.0,0.0,ICICIBANK.NS
2025-09-17,1408.2279494348236,1414.1777894755733,1404.5589298296168,1407.33544921875,7484283,0.0,0.0,ICICIBANK.NS
2025-09-18,1419.1358927633355,1420.821753289835,1403.4680543540285,1409.814453125,8130537,0.0,0.0,ICICIBANK.NS
2025-09-19,1404.26135906907,1406.145499251229,1388.494259091765,1390.4775390625,13457344,0.0,0.0,ICICIBANK.NS
2025-09-22,1392.1634074537787,1398.1132473992611,1385.5193468847744,1389.783447265625,8847948,0.0,0.0,ICICIBANK.NS
2025-09-23,1379.3712163938944,1391.568436605077,1379.3712163938944,1382.6436767578125,12827524,0.0,0.0,ICICIBANK.NS
2025-09-24,1374.8096433544556,1379.2720231049968,1364.9923836933056,1371.1405029296875,9735678,0.0,0.0,ICICIBANK.NS
2025-09-25,1365.488259405882,1379.867039189023,1360.331779903573,1364.29833984375,21613389,0.0,0.0,ICICIBANK.NS
2025-09-26,1356.563442311047,1361.2241016242142,1345.655402935739,1348.233642578125,18342280,0.0,0.0,ICICIBANK.NS
2025-09-29,1348.233693764239,1355.076033842118,1334.9456938107846,1336.829833984375,20563163,0.0,0.0,ICICIBANK.NS
2025-09-30,1342.3830124406416,1345.2587926353076,1331.3758327091439,1336.730712890625,20166871,0.0,0.0,ICICIBANK.NS
2025-10-01,1336.7306701838102,1367.8681892333634,1335.8381700071102,1360.530029296875,20952632,0.0,0.0,ICICIBANK.NS
2025-10-03,1360.4309257938526,1360.4309257938526,1349.9195661151996,1353.786865234375,12163695,0.0,0.0,ICICIBANK.NS
2025-10-06,1359.5383926525742,1361.1249923873581,1347.73785285358,1352.001953125,14314283,0.0,0.0,ICICIBANK.NS
2025-10-07,1352.2002408686599,1371.5372203120692,1352.2002408686599,1364.3974609375,16126464,0.0,0.0,ICICIBANK.NS
2025-10-08,1360.8276403806535,1370.0498198860423,1352.8945202642897,1358.8443603515625,8100832,0.0,0.0,ICICIBANK.NS
2025-10-09,1358.3484255020637,1367.173924045517,1353.687645197864,1364.69482421875,7909575,0.0,0.0,ICICIBANK.NS
2025-10-10,1358.8443421746942,1373.4214017735967,1358.8443421746942,1368.7607421875,7673816,0.0,0.0,ICICIBANK.NS
2025-10-13,1361.6207839903618,1374.8096436760768,1361.6207839903618,1367.8681640625,8923018,0.0,0.0,ICICIBANK.NS
2025-10-14,1377.3878684808556,1377.3878684808556,1363.6040491867466,1372.52880859375,10610855,0.0,0.0,ICICIBANK.NS
2025-10-15,1374.9088107982643,1388.692630514965,1373.9171708337506,1386.7093505859375,8988550,0.0,0.0,ICICIBANK.NS
2025-10-16,1389.287635646356,1407.0380158006922,1387.7010358612888,1405.451416015625,12185032,0.0,0.0,ICICIBANK.NS
2025-10-17,1400.1956466119625,1427.5648857493748,1399.1048668479334,1424.5899658203125,17037215,0.0,0.0,ICICIBANK.NS
2025-10-20,1429.944862993793,1432.9197829584125,1377.5862231965677,1378.6771240234375,23330227,0.0,0.0,ICICIBANK.NS
2025-10-21,1372.9255110082336,1375.999570643796,1364.3974316467445,1370.4464111328125,3415560,0.0,0.0,ICICIBANK.NS
2025-10-23,1373.4214191916344,1378.1813396780694,1348.7295586366392,1352.2994384765625,21124942,0.0,0.0,ICICIBANK.NS
2025-10-24,1356.66265330236,1370.0497932383416,1356.66265330236,1366.182373046875,10570263,0.0,0.0,ICICIBANK.NS
2025-10-27,1370.5456319928564,1375.206412664237,1362.5133721313011,1366.083251953125,11499836,0.0,0.0,ICICIBANK.NS
2025-10-28,1361.521728041381,1364.298368477702,1344.8621275230646,1351.7044677734375,26477914,0.0,0.0,ICICIBANK.NS
2025-10-29,1353.191921020162,1360.2325408166014,1347.043801434495,1358.9434814453125,16129382,0.0,0.0,ICICIBANK.NS
2025-10-30,1351.0103759765625,1358.7450954369456,1349.9195961737937,1351.0103759765625,9324401,0.0,0.0,ICICIBANK.NS
2025-10-31,1345.6554843440952,1350.6136843601014,1332.07006472016,1334.0533447265625,15926798,0.0,0.0,ICICIBANK.NS
2025-11-03,1329.2933430972657,1340.3005222505137,1326.715103456384,1335.14404296875,11071450,0.0,0.0,ICICIBANK.NS
2025-11-04,1331.375810196628,1338.5156906678078,1322.0543701938611,1325.7235107421875,15211183,0.0,0.0,ICICIBANK.NS
2025-11-06,1318.88116976713,1330.979129069885,1306.386530263507,1309.3614501953125,24221853,0.0,0.0,ICICIBANK.NS
2025-11-07,1309.3614221413634,1333.0616413002483,1307.576421800604,1331.7724609375,7719245,0.0,0.0,ICICIBANK.NS
2025-11-10,1331.6733731274833,1338.3173126722259,1329.7892329275433,1336.730712890625,8542340,0.0,0.0,ICICIBANK.NS
2025-11-11,1337.7222802082897,1349.0269997439532,1334.9456399539874,1346.944580078125,8305184,0.0,0.0,ICICIBANK.NS
2025-11-12,1358.5467300041707,1358.5467300041707,1344.0688109600715,1347.53955078125,9736761,0.0,0.0,ICICIBANK.NS
2025-11-13,1347.5395638924115,1378.7762225869417,1347.142883699029,1374.3138427734375,18296626,0.0,0.0,ICICIBANK.NS
2025-11-14,1362.513368521827,1369.653128146561,1351.8036080349211,1361.521728515625,9694498,0.0,0.0,ICICIBANK.NS
2025-11-17,1363.6041374139656,1370.9422976111398,1362.1166774165574,1367.4715576171875,7660717,0.0,0.0,ICICIBANK.NS
2025-11-18,1368.6614140079962,1371.2397747243117,1357.6542347453071,1361.9183349609375,9529560,0.0,0.0,ICICIBANK.NS
2025-11-19,1362.0175118520117,1372.4297316368286,1360.133371680989,1371.5372314453125,10393918,0.0,0.0,ICICIBANK.NS
2025-11-20,1368.5623301618334,1376.6938507345087,1363.9016706145442,1371.4381103515625,10131863,0.0,0.0,ICICIBANK.NS
2025-11-21,1361.5216431243439,1364.4965629563708,1353.1918433847088,1358.0509033203125,11483595,0.0,0.0,ICICIBANK.NS
2025-11-24,1361.8192653055182,1365.488284898759,1350.1178648436169,1356.960205078125,15896003,0.0,0.0,ICICIBANK.NS
2025-11-25,1353.5886121834044,1365.3891524995797,1342.978112507823,1346.4488525390625,12235000,0.0,0.0,ICICIBANK.NS
2025-11-26,1348.6304048295453,1365.4882848899147,1348.5312650391513,1363.5050048828125,9659004,0.0,0.0,ICICIBANK.NS
2025-11-27,1367.471557668799,1382.3461576434415,1364.1990972544559,1380.5611572265625,15158741,0.0,0.0,ICICIBANK.NS
2025-11-28,1380.3628968845176,1386.8085569633604,1374.0163765969262,1377.189697265625,7683986,0.0,0.0,ICICIBANK.NS
2025-12-01,1382.3461800316288,1388.2960201178482,1373.8181001180092,1378.478759765625,8867593,0.0,0.0,ICICIBANK.NS
2025-12-02,1370.2482089901266,1370.2482089901266,1359.1417682907786,1361.521728515625,12126396,0.0,0.0,ICICIBANK.NS
2025-12-03,1355.5718853340877,1382.544445020301,1355.5718853340877,1379.8670654296875,7955933,0.0,0.0,ICICIBANK.NS
2025-12-04,1375.4045960658268,1379.9661155774988,1368.3639767054422,1375.1070556640625,7373909,0.0,0.0,ICICIBANK.NS
2025-12-05,1369.4547830523452,1383.6352828825825,1369.4547830523452,1380.858642578125,4942638,0.0,0.0,ICICIBANK.NS
2025-12-08,1375.404670384236,1383.2386505394277,1371.7356508298087,1377.98291015625,7826227,0.0,0.0,ICICIBANK.NS
2025-12-09,1368.3640275890855,1372.7272676950297,1361.9183677427457,1363.7032470703125,10492030,0.0,0.0,ICICIBANK.NS
2025-12-10,1366.3806948465074,1367.8681547535796,1346.5478960855444,1352.2001953125,8725381,0.0,0.0,ICICIBANK.NS
2025-12-11,1352.299390595187,1355.1751707435094,1341.490611666704,1348.63037109375,6734750,0.0,0.0,ICICIBANK.NS
2025-12-12,1356.5634801370334,1359.240859638436,1351.90282069391,1354.5802001953125,3890885,0.0,0.0,ICICIBANK.NS
2025-12-15,1344.7629655399599,1358.5467856038574,1344.7629655399599,1353.786865234375,5342530,0.0,0.0,ICICIBANK.NS
2025-12-16,1352.5969202535916,1357.257579696715,1344.1679805012782,1354.5802001953125,12359741,0.0,0.0,ICICIBANK.NS
2025-12-17,1353.5885110391764,1353.5885110391764,1331.8715722565005,1341.0938720703125,9440391,0.0,0.0,ICICIBANK.NS
2025-12-18,1335.0449336848067,1358.0509324595278,1334.2515732926577,1345.4571533203125,7314573,0.0,0.0,ICICIBANK.NS
2025-12-19,1342.6805232986085,1349.0270433350909,1339.5073238052678,1342.7796630859375,14318512,0.0,0.0,ICICIBANK.NS
2025-12-22,1346.647106277973,1359.8359665635035,1343.4739067302291,1357.059326171875,9375294,0.0,0.0,ICICIBANK.NS
2025-12-23,1349.7210845323889,1353.5885044694035,1345.6553850292898,1351.605224609375,9105467,0.0,0.0,ICICIBANK.NS
2025-12-24,1352.3986889312134,1356.7618081188289,1346.2504482626368,1348.43212890625,8955140,0.0,0.0,ICICIBANK.NS
2025-12-26,1345.159575111433,1350.6135947672478,1337.2264556120658,1339.110595703125,2812144,0.0,0.0,ICICIBANK.NS
2025-12-29,1340.7964277815033,1344.3663075928198,1330.2850679288142,1332.070068359375,6057201,0.0,0.0,ICICIBANK.NS
2025-12-30,1332.0699716952038,1335.8381308143366,1326.9133714087848,1331.276611328125,18621277,0.0,0.0,ICICIBANK.NS
2025-12-31,1331.574200056716,1338.7139594203709,1328.3017397359904,1331.67333984375,6150634,0.0,0.0,ICICIBANK.NS
2026-01-01,1332.665031313395,1337.1274113505744,1324.8310510381634,1326.8143310546875,4179311,0.0,0.0,ICICIBANK.NS
2026-01-02,1326.8142878641993,1345.5563076202234,1325.12854832495,1344.06884765625,8226205,0.0,0.0,ICICIBANK.NS
2026-01-05,1342.878760280637,1364.0007394532674,1341.2921605842894,1360.0341796875,6920565,0.0,0.0,ICICIBANK.NS
2026-01-06,1360.5299848190614,1401.7821817231495,1354.5801452353044,1399.4022216796875,17260416,0.0,0.0,ICICIBANK.NS
2026-01-07,1396.2290239898057,1417.9459627064246,1392.4607438290054,1415.7642822265625,15813795,0.0,0.0,ICICIBANK.NS
2026-01-08,1417.0535778936194,1430.1431776389843,1411.4012782421678,1423.00341796875,14861699,0.0,0.0,ICICIBANK.NS
2026-01-09,1415.1693772847862,1417.549337423264,1389.7834182572258,1392.56005859375,12555636,0.0,0.0,ICICIBANK.NS
2026-01-12,1388.1967781468372,1412.3928169264516,1380.0652579976486,1401.286376953125,10923811,0.0,0.0,ICICIBANK.NS
2026-01-13,1408.1288141663404,1429.746614803746,1399.3031938675902,1424.9866943359375,14295581,0.0,0.0,ICICIBANK.NS
2026-01-14,1413.6818734015883,1431.8289327125644,1403.0713744699053,1406.5421142578125,13832255,0.0,0.0,ICICIBANK.NS
2026-01-15,1406.5421142578125,1406.5421142578125,1406.5421142578125,1406.5421142578125,0,0.0,0.0,ICICIBANK.NS
2026-01-16,1406.0463569783972,1417.0535365865687,1388.494256638521,1399.0057373046875,12530886,0.0,0.0,ICICIBANK.NS
2026-01-19,1388.1968051292893,1388.2959449153948,1348.6303464892405,1369.05810546875,23302883,0.0,0.0,ICICIBANK.NS
2026-01-20,1363.207439020359,1376.1980196642805,1360.0342394881388,1364.29833984375,15012785,0.0,0.0,ICICIBANK.NS
2026-01-21,1356.0676290796277,1360.0341888721825,1328.3017105317451,1337.7222900390625,21766068,0.0,0.0,ICICIBANK.NS
2026-01-22,1343.7713064680374,1346.6470866066866,1326.814287098488,1334.2515869140625,17179765,0.0,0.0,ICICIBANK.NS
2026-01-23,1329.2934092663852,1343.8704687287582,1324.5334888848981,1332.169189453125,14056524,0.0,0.0,ICICIBANK.NS
2026-01-27,1328.7975572308817,1357.6542560921293,1317.492837384778,1350.0186767578125,25263634,0.0,0.0,ICICIBANK.NS
2026-01-28,1351.2086513775284,1368.859891948821,1351.2086513775284,1356.2659912109375,13242696,0.0,0.0,ICICIBANK.NS
2026-01-29,1347.6387612421634,1376.098780848474,1343.0772414479197,1372.0330810546875,23118234,0.0,0.0,ICICIBANK.NS
2026-01-30,1356.7617179329986,1370.347257745332,1341.8871188281207,1343.672119140625,24013717,0.0,0.0,ICICIBANK.NS
2026-02-02,1318.7820210502812,1343.0772003288644,1317.9886606539171,1341.4906005859375,12800245,0.0,0.0,ICICIBANK.NS
2026-02-03,1400.1956512153185,1405.15385111339,1361.918372212169,1378.08203125,24896698,0.0,0.0,ICICIBANK.NS
2026-02-04,1375.4046132419246,1402.1788919423802,1375.3054734566974,1396.625732421875,11080683,0.0,0.0,ICICIBANK.NS
2026-02-05,1402.1788945018798,1402.1788945018798,1381.5527350454402,1384.8251953125,8982761,0.0,0.0,ICICIBANK.NS
2026-02-06,1385.0235305539115,1398.7082108846507,1383.0402505668367,1394.344970703125,10851190,0.0,0.0,ICICIBANK.NS
2026-02-09,1401.6831123688528,1402.1789323590788,1377.1896532716103,1384.626953125,7889742,0.0,0.0,ICICIBANK.NS
2026-02-10,1389.2875574724217,1397.716496971719,1383.8335377964056,1394.7415771484375,16497628,0.0,0.0,ICICIBANK.NS
2026-02-11,1395.6341511146452,1401.1873108684945,1388.6926711598828,1394.344970703125,8551341,0.0,0.0,ICICIBANK.NS
2026-02-12,1394.3449463736551,1421.0200859443291,1393.5517070225485,1418.045166015625,19646265,0.0,0.0,ICICIBANK.NS
2026-02-13,1413.3845464564506,1422.4084462850303,1398.9065055547715,1402.77392578125,12228083,0.0,0.0,ICICIBANK.NS
2026-02-16,1392.2625106722887,1402.1789103209517,1388.7917707952565,1399.7989501953125,5000042,0.0,0.0,ICICIBANK.NS
2026-02-17,1394.4440959690942,1401.782256054804,1381.9494563906167,1395.7332763671875,11756187,0.0,0.0,ICICIBANK.NS
2026-02-18,1398.3115083316352,1400.4931889124357,1387.2051890014204,1396.4273681640625,4758071,0.0,0.0,ICICIBANK.NS
2026-02-19,1396.7249570846573,1400.4932375506726,1373.2231372171063,1377.189697265625,14323091,0.0,0.0,ICICIBANK.NS
2026-02-20,1376.8920792080073,1391.9649581225938,1372.4296994050287,1382.8419189453125,10337877,0.0,0.0,ICICIBANK.NS
2026-02-23,1388.29600959884,1396.5266700756697,1383.6353499865377,1387.7010498046875,10728445,0.0,0.0,ICICIBANK.NS
2026-02-24,1389.1884011120849,1389.1884011120849,1370.7439226377844,1373.2230224609375,18274784,0.0,0.0,ICICIBANK.NS
2026-02-25,1380.164528913772,1395.634087902335,1376.5945282588896,1388.791748046875,16297015,0.0,0.0,ICICIBANK.NS
2026-02-26,1393.3533088725535,1398.2123689746954,1380.4619891586024,1393.155029296875,27288792,0.0,0.0,ICICIBANK.NS
2026-02-27,1388.296016563106,1390.4775761692113,1365.1907558675261,1367.3724365234375,15096898,0.0,0.0,ICICIBANK.NS
2026-03-02,1343.672146415433,1367.6697850385044,1343.672146415433,1362.5133056640625,16928683,0.0,0.0,ICICIBANK.NS
2026-03-04,1314.9145907457403,1364.4965888884906,1314.9145907457403,1353.9852294921875,20009132,0.0,0.0,ICICIBANK.NS
2026-03-05,1357.45594601842,1359.3400861254038,1336.3339667529167,1346.2503662109375,17590491,0.0,0.0,ICICIBANK.NS
2026-03-06,1327.8058801381828,1346.2503588188658,1299.4450020539286,1302.419921875,22778852,0.0,0.0,ICICIBANK.NS
2026-03-09,1262.060104122135,1271.9765035292385,1240.6407056127512,1267.7125244140625,16116652,0.0,0.0,ICICIBANK.NS
2026-03-10,1276.8355955325096,1304.006554800674,1274.8523156012538,1300.9324951171875,19136143,0.0,0.0,ICICIBANK.NS
2026-03-11,1289.1319797351587,1295.5776396338345,1280.1080800869731,1283.777099609375,13224259,0.0,0.0,ICICIBANK.NS
2026-03-12,1265.0350263567016,1269.7949465011072,1247.780588195275,1255.9119873046875,19676187,0.0,0.0,ICICIBANK.NS
2026-03-13,1241.434156276259,1251.747236619689,1238.2608356053079,1244.3099365234375,17344394,0.0,0.0,ICICIBANK.NS
2026-03-16,1244.5081652081492,1266.125965023717,1229.7327054112554,1262.258544921875,22740688,0.0,0.0,ICICIBANK.NS
2026-03-17,1268.2083924442081,1283.578812107693,1262.3576923623407,1277.9263916015625,22303102,0.0,0.0,ICICIBANK.NS
2026-03-18,1275.2490239961462,1286.2562036480494,1260.1761446052265,1278.521484375,12961135,0.0,0.0,ICICIBANK.NS
2026-03-19,1257.0027465645267,1275.1498056385733,1233.3025281122907,1239.6490478515625,14422899,0.0,0.0,ICICIBANK.NS
2026-03-20,1247.8797225177066,1263.34928134462,1231.3192629188682,1234.9884033203125,16421006,0.0,0.0,ICICIBANK.NS
2026-03-23,1216.3455695278035,1224.5762297429494,1207.9166297375125,1212.4781494140625,17049534,0.0,0.0,ICICIBANK.NS
2026-03-24,1226.757768953439,1243.4173686829902,1213.46976929413,1240.7398681640625,20617782,0.0,0.0,ICICIBANK.NS
2026-03-25,1248.3755838951454,1262.2585434912949,1243.9132040249544,1249.1688232421875,17290030,0.0,0.0,ICICIBANK.NS
2026-03-27,1245.499833090769,1250.358893273775,1219.8163330232837,1223.4854736328125,23630905,0.0,0.0,ICICIBANK.NS
2026-03-30,1206.3300855990337,1212.3790655174357,1190.3647054702,1195.8187255859375,23952775,0.0,0.0,ICICIBANK.NS
2026-04-01,1217.8330476356737,1223.6837477872427,1199.884388024768,1202.561767578125,25472333,0.0,0.0,ICICIBANK.NS
2026-04-02,1186.001465486272,1211.883245832491,1177.67166509731,1205.635986328125,20851722,0.0,0.0,ICICIBANK.NS
2026-04-06,1202.8592693089724,1224.0803886246306,1190.4637698313447,1221.10546875,10058414,0.0,0.0,ICICIBANK.NS
2026-04-07,1218.7254656803555,1239.9465842479708,1206.429106422035,1235.0875244140625,25600557,0.0,0.0,ICICIBANK.NS
2026-04-08,1299.048365281531,1322.3519046587187,1281.595525957938,1298.2550048828125,25148651,0.0,0.0,ICICIBANK.NS
2026-04-09,1289.032858674316,1297.065118454786,1265.2334987026684,1270.58837890625,22923062,0.0,0.0,ICICIBANK.NS
2026-04-10,1278.2238983175278,1312.931296642674,1277.7280783414542,1310.848876953125,18174755,0.0,0.0,ICICIBANK.NS
2026-04-13,1293.9909710757174,1345.655387306946,1285.8594510059597,1339.8046875,30572141,0.0,0.0,ICICIBANK.NS
2026-04-15,1346.647094004827,1353.3902942945808,1326.8142943876721,1336.829833984375,23827473,0.0,0.0,ICICIBANK.NS
2026-04-16,1340.697246754227,1355.4727065977952,1328.995846624469,1334.2515869140625,24017236,0.0,0.0,ICICIBANK.NS
2026-04-17,1335.7390510601572,1341.5897511433582,1322.8477313394578,1335.540771484375,18151993,0.0,0.0,ICICIBANK.NS
2026-04-20,1353.2910001768837,1364.893260297481,1341.6888611060856,1344.862060546875,21551520,0.0,0.0,ICICIBANK.NS
2026-04-21,1356.5634890022861,1381.4536282235813,1348.6303691835594,1376.79296875,23312455,0.0,0.0,ICICIBANK.NS
2026-04-22,1368.463107425001,1368.5622472083335,1353.588508431251,1356.166748046875,13613487,0.0,0.0,ICICIBANK.NS
2026-04-23,1337.1273930984762,1342.680552858981,1332.268332914358,1336.730712890625,20111792,0.0,0.0,ICICIBANK.NS
2026-04-24,1325.1285758443225,1337.5240758015216,1312.931355466517,1315.1129150390625,14056743,0.0,0.0,ICICIBANK.NS
2026-04-27,1316.7986931874252,1324.7318126631535,1299.9408143015023,1303.114013671875,15385625,0.0,0.0,ICICIBANK.NS
2026-04-28,1303.3124724850059,1306.6839515728986,1275.943112231791,1281.1988525390625,16774778,0.0,0.0,ICICIBANK.NS
2026-04-29,1283.876190331697,1285.9587310592146,1265.5308513211887,1270.290771484375,11716030,0.0,0.0,ICICIBANK.NS
2026-04-30,1250.4580524616338,1261.5643721523936,1248.474772441869,1252.8380126953125,17740110,0.0,0.0,ICICIBANK.NS
2026-05-01,1252.8380126953125,1252.8380126953125,1252.8380126953125,1252.8380126953125,0,0.0,0.0,ICICIBANK.NS
2026-05-04,1253.7304875272214,1271.4807465048432,1253.7304875272214,1260.1761474609375,14597051,0.0,0.0,ICICIBANK.NS
2026-05-05,1253.4328902069624,1256.11026963796,1235.0875512284588,1240.839111328125,24447935,0.0,0.0,ICICIBANK.NS
2026-05-06,1251.449645209005,1272.0758050555082,1241.6323852719695,1268.8033447265625,22909586,0.0,0.0,ICICIBANK.NS
2026-05-07,1273.9597944081108,1283.1820943562475,1262.5559349914981,1268.3074951171875,25028552,0.0,0.0,ICICIBANK.NS
2026-05-08,1268.902517705381,1268.902517705381,1250.6563175253964,1254.226318359375,11137424,0.0,0.0,ICICIBANK.NS
2026-05-11,1248.871386509416,1265.035045184508,1241.5332266149906,1255.8128662109375,18980488,0.0,0.0,ICICIBANK.NS
2026-05-12,1245.4998520747622,1249.3672723222166,1225.9645923052954,1229.93115234375,21110708,0.0,0.0,ICICIBANK.NS
2026-05-13,1227.9478864287817,1238.7566658178762,1216.940585355795,1225.2703857421875,19490295,0.0,0.0,ICICIBANK.NS
2026-05-14,1228.7410341788377,1246.193873036946,1225.6669745529443,1235.5833740234375,16535600,0.0,0.0,ICICIBANK.NS
2026-05-15,1236.178367000428,1247.4830869105315,1231.616847331383,1234.095947265625,11745614,0.0,0.0,ICICIBANK.NS
2026-05-18,1225.171187688256,1243.218986792355,1221.7004477797907,1240.6407470703125,13918850,0.0,0.0,ICICIBANK.NS
2026-05-19,1240.6406985843882,1245.7972988767476,1219.518840596794,1230.4268798828125,38929053,0.0,0.0,ICICIBANK.NS
2026-05-20,1219.7171565954964,1229.3360158332805,1213.0732172518474,1226.9561767578125,14953103,0.0,0.0,ICICIBANK.NS
2026-05-21,1234.8892560806848,1237.8641758775068,1224.0803566089394,1232.41015625,14394386,0.0,0.0,ICICIBANK.NS
2026-05-22,1231.6168488886804,1260.1761285871792,1231.6168488886804,1253.73046875,11601085,0.0,0.0,ICICIBANK.NS
2026-05-25,1260.3744497717253,1282.6863499447102,1260.2753099809177,1281.0006103515625,13853923,0.0,0.0,ICICIBANK.NS
2026-05-26,1279.215515708668,1290.9169153575494,1265.5308361904704,1268.4066162109375,18400405,0.0,0.0,ICICIBANK.NS
2026-05-27,1275.2490410953124,1282.587201311576,1256.1103406589523,1262.0601806640625,18366272,0.0,0.0,ICICIBANK.NS
2026-05-28,1262.0601806640625,1262.0601806640625,1262.0601806640625,1262.0601806640625,0,0.0,0.0,ICICIBANK.NS
2026-05-29,1264.4401034217194,1277.0340036893715,1237.4675446174365,1245.896484375,31007884,0.0,0.0,ICICIBANK.NS
2026-06-01,1246.5906197801364,1251.3505402000205,1225.5679002002253,1229.3360595703125,9911975,0.0,0.0,ICICIBANK.NS
2026-06-02,1222.692101166893,1227.3527606751832,1210.4948809348448,1216.3455810546875,17920892,0.0,0.0,ICICIBANK.NS
2026-06-03,1209.7016025437176,1237.8642014111729,1203.5533622069204,1231.6168212890625,13934754,0.0,0.0,ICICIBANK.NS
2026-06-04,1221.8987381131592,1251.7471984286103,1221.8987381131592,1241.2357177734375,19461560,0.0,0.0,ICICIBANK.NS
2026-06-05,1246.4914883012805,1254.4246083541127,1239.5500082550523,1251.548828125,10166393,0.0,0.0,ICICIBANK.NS
2026-06-08,1235.98013161075,1243.516571470306,1232.7076711606426,1239.748291015625,10714196,0.0,0.0,ICICIBANK.NS
2026-06-09,1244.5081432866116,1269.2000023713417,1242.2273229706288,1264.3409423828125,22368579,0.0,0.0,ICICIBANK.NS
2026-06-10,1260.6719575059049,1295.0818164605482,1260.6719575059049,1282.488037109375,25951584,0.0,0.0,ICICIBANK.NS
2026-06-11,1275.7448484381675,1321.8561080202699,1275.7448484381675,1305.9898681640625,35919374,0.0,0.0,ICICIBANK.NS
2026-06-12,1318.881182108178,1333.0616823357286,1307.6756018402702,1329.5909423828125,18339846,0.0,0.0,ICICIBANK.NS
2026-06-15,1343.2755003149457,1351.3077599885314,1314.2205213660739,1316.501220703125,16172921,0.0,0.0,ICICIBANK.NS
2026-06-16,1320.7653035280132,1326.1201835892518,1315.2121438922036,1323.145263671875,13069159,0.0,0.0,ICICIBANK.NS
2026-06-17,1330.7808691866162,1334.7474291543856,1322.2527894658729,1325.6243896484375,8026424,0.0,0.0,ICICIBANK.NS
2026-06-18,1322.4510288431072,1335.6398887549333,1320.2694693470728,1331.078369140625,13467985,0.0,0.0,ICICIBANK.NS
2026-06-19,1329.293324489997,1340.994724069171,1320.8643850956182,1335.2431640625,9057322,0.0,0.0,ICICIBANK.NS
2026-06-22,1341.6888318212496,1351.307690769155,1337.1273123310036,1341.0938720703125,4814845,0.0,0.0,ICICIBANK.NS
2026-06-23,1346.647075338441,1357.654254763427,1320.3686162099664,1327.11181640625,11884879,0.0,0.0,ICICIBANK.NS
2026-06-24,1329.3925787519856,1366.0832592753275,1329.3925787519856,1362.11669921875,16440708,0.0,0.0,ICICIBANK.NS
2026-06-25,1370.3473528540349,1392.2625728462838,1368.562352417643,1375.9005126953125,17173209,0.0,0.0,ICICIBANK.NS
2026-06-26,1375.9005126953125,1375.9005126953125,1375.9005126953125,1375.9005126953125,0,0.0,0.0,ICICIBANK.NS
2026-06-29,1378.379593988644,1390.2792739367474,1371.6363935981306,1375.9996337890625,13249405,0.0,0.0,ICICIBANK.NS
2026-06-30,1390.2792468566804,1390.2792468566804,1354.6793474953972,1363.7032470703125,18398057,0.0,0.0,ICICIBANK.NS
2026-07-01,1359.935092537661,1373.5205118412996,1356.2659519824388,1368.264892578125,11948034,0.0,0.0,ICICIBANK.NS
2026-07-02,1370.347360452637,1393.2542205810548,1365.2900205878914,1388.2960205078125,15779429,0.0,0.0,ICICIBANK.NS
2026-07-03,1402.1789477753737,1408.128787723501,1394.1466880553623,1399.6007080078125,12901785,0.0,0.0,ICICIBANK.NS
2026-07-06,1400.1956098660596,1419.6317286825692,1399.7989296759679,1414.9710693359375,12306949,0.0,0.0,ICICIBANK.NS
2026-07-07,1419.6317869331858,1421.0201071305735,1398.212387337131,1402.873046875,15664178,0.0,0.0,ICICIBANK.NS
2026-07-08,1398.5098849300493,1406.4430046152802,1364.397446073597,1369.05810546875,10573142,0.0,0.0,ICICIBANK.NS
2026-07-09,1371.3389070760331,1391.8658055614053,1365.7857475821456,1369.1572265625,13948838,0.0,0.0,ICICIBANK.NS
2026-07-10,1378.081980498166,1396.4273194454097,1377.9828407138161,1389.48583984375,6409645,0.0,0.0,ICICIBANK.NS
2026-07-13,1381.850313043882,1401.1872926666704,1374.710553603081,1397.716552734375,10091437,0.0,0.0,ICICIBANK.NS
2026-07-14,1388.2959393084109,1399.9973392167874,1380.36281965522,1395.9315185546875,14133017,0.0,0.0,ICICIBANK.NS
2026-07-15,1401.0881343697583,1416.061873669893,1397.4189938599209,1404.3604736328125,12961648,0.0,0.0,ICICIBANK.NS
2026-07-16,1408.2278901435363,1411.7977698077207,1394.4440704195183,1406.34375,10165264,0.0,0.0,ICICIBANK.NS
2026-07-17,1410.2112272612976,1442.935347434669,1407.8312670387277,1432.2257080078125,11112550,0.0,0.0,ICICIBANK.NS
2026-07-20,1432.4239762420166,1467.6271961496604,1427.4657762550246,1447.99267578125,22236415,0.0,0.0,ICICIBANK.NS
2026-07-21,1457.7107481698004,1461.5781682422519,1444.4227484323062,1450.868408203125,18269907,0.0,0.0,ICICIBANK.NS
2026-07-22,1454.1408592092237,1454.1408592092237,1426.374940373995,1428.6556396484375,8345136,0.0,0.0,ICICIBANK.NS
2026-07-23,1420.5242697074934,1433.9114094220142,1414.673569622298,1422.606689453125,12409328,0.0,0.0,ICICIBANK.NS
2026-07-24,1416.0618385071728,1427.9615178223592,1403.5671994361867,1420.9208984375,10870914,0.0,0.0,ICICIBANK.NS
2026-07-27,1423.6974916567503,1436.8863520032721,1416.8552725346733,1433.6138916015625,10608300,0.0,0.0,ICICIBANK.NS
2026-07-28,1430.2423604987887,1433.8122401392648,1405.7487808950839,1418.8385009765625,19486209,0.0,0.0,ICICIBANK.NS
2026-07-29,1430.4406700852692,1436.3905099608405,1416.557710375603,1425.879150390625,10856166,0.0,0.0,ICICIBANK.NS
2026-07-30,1419.13595728037,1430.143136895818,1410.7070174140658,1421.91259765625,14141173,0.0,0.0,ICICIBANK.NS
2026-07-31,1422.309244666781,1429.8456841613988,1419.4334645695478,1423.4000244140625,8752440,0.0,0.0,ICICIBANK.NS
2026-08-03,1442.0,1460.0,1433.0,1460.0,7706747,12.0,0.0,ICICIBANK.NS
2026-08-04,1452.0,1454.5999755859375,1430.800048828125,1454.5999755859375,11458963,0.0,0.0,ICICIBANK.NS
2026-08-05,1454.5999755859375,1454.5999755859375,1431.199951171875,1450.0999755859375,11723296,0.0,0.0,ICICIBANK.NS
2026-08-06,1460.0,1460.0,1448.300048828125,1457.5,14954726,0.0,0.0,ICICIBANK.NS
2026-08-07,1451.0,1455.0,1418.199951171875,1421.0,14395789,0.0,0.0,ICICIBANK.NS
2026-08-10,1428.0999755859375,1441.9000244140625,1415.5,1431.800048828125,12749354,0.0,0.0,ICICIBANK.NS
2026-08-11,1432.0999755859375,1434.0,1412.199951171875,1429.5999755859375,10471914,0.0,0.0,ICICIBANK.NS
2026-08-12,1429.4000244140625,1435.0,1418.5999755859375,1431.699951171875,8201733,0.0,0.0,ICICIBANK.NS
2026-08-13,1429.0,1429.0,1406.4000244140625,1406.800048828125,11408206,0.0,0.0,ICICIBANK.NS
2026-08-14,1403.0,1417.800048828125,1401.0,1417.0,6097934,0.0,0.0,ICICIBANK.NS
2026-08-17,1418.0,1423.5999755859375,1407.0,1415.300048828125,5605603,0.0,0.0,ICICIBANK.NS
2026-08-18,1410.0,1416.5999755859375,1406.300048828125,1412.0,8345198,0.0,0.0,ICICIBANK.NS
2026-08-19,1412.0,1416.0,1391.5,1402.0,10304210,0.0,0.0,ICICIBANK.NS
2026-08-20,1407.800048828125,1413.0,1403.300048828125,1411.9000244140625,8425049,0.0,0.0,ICICIBANK.NS
2026-08-21,1417.0,1420.0,1411.199951171875,1420.0,4565280,0.0,0.0,ICICIBANK.NS
2026-08-24,1420.5,1425.5,1408.699951171875,1415.0,5307113,0.0,0.0,ICICIBANK.NS
2026-08-25,1408.0,1424.9000244140625,1408.0,1422.699951171875,7983249,0.0,0.0,ICICIBANK.NS
2026-08-26,1423.0999755859375,1446.0,1423.0999755859375,1430.0,4177066,0.0,0.0,ICICIBANK.NS
2026-08-27,1445.0,1453.800048828125,1433.0999755859375,1443.0,11539716,0.0,0.0,ICICIBANK.NS
2026-08-28,1435.0,1439.800048828125,1424.300048828125,1425.800048828125,3872940,0.0,0.0,ICICIBANK.NS
