Date,Open,High,Low,Close,Volume,Dividends,Stock splits,Ticker,Daily_Return,Log_Return,Cumulative_Return,SMA_20,SMA_50,SMA_100,SMA_200,EMA_20,EMA_50,BB_Middle,BB_Upper,BB_Lower,BB_Bandwidth,RSI_14,MACD,MACD_Signal,MACD_Hist,ATR_14,Volatility_30D_Ann,Volatility_90D_Ann,Drawdown
2021-08-30,677.6656622286431,687.7657182306314,674.2028093692373,686.4671630859375,10797869,0.0,0.0,ICICIBANK.NS,,,,,,,,686.4671630859375,686.4671630859375,,,,,,0.0,0.0,0.0,,,,0.0
2021-08-31,686.803864385746,692.4791578977184,682.3309585915356,691.6614990234375,19760246,0.0,0.0,ICICIBANK.NS,0.007566765341184611,0.007538280971771518,0.007566765341184611,,,,,686.9618617466518,686.6708625344669,,,,,,0.41436298076928324,0.08287259615385666,0.33149038461542657,,,,0.0
2021-09-01,699.8858486962628,706.8116139838213,689.8820176900919,692.4791870117188,13729351,0.0,0.0,ICICIBANK.NS,0.001182208333752488,0.0011815100757503949,0.008757919167982964,,,,,687.4873212957059,686.8986399649474,,,,,,0.7995129279497633,0.226200662513038,0.5733122654367253,,,,0.0
2021-09-02,694.7876956272153,700.3186790376726,690.1705386092486,697.5291748046875,8627956,0.0,0.0,ICICIBANK.NS,0.007292620323740229,0.007266157744625679,0.01611440767104133,,,,,688.4436882965614,687.3155236841529,,,,,,1.4950053552031477,0.47996160105106,1.0150437541520878,,,,0.0
2021-09-03,697.1444191847074,703.925874369514,693.6334234618353,696.7115478515625,8993813,0.0,0.0,ICICIBANK.NS,-0.0011721759930026776,-0.0011728635286096334,0.0149233427562252,,,,,689.2311034922758,687.6839952201298,,,,,,1.957645928953525,0.7754984666315531,1.1821474623219719,,,,-0.0011721759930026449
2021-09-06,697.7695752407411,700.2705178919373,692.5752374755424,693.6814575195312,5329995,0.0,0.0,ICICIBANK.NS,-0.00434913177680929,-0.0043586167613707824,0.010509307395218492,,,,,689.6549467329668,687.9191898201062,,,,,,2.056087651941084,1.0316163036934594,1.0244713482476246,,,,-0.005516209821952802
2021-09-07,693.4410856184164,694.9320346841002,684.5434162818343,689.5934448242188,6242711,0.0,0.0,ICICIBANK.NS,-0.005893213161456634,-0.005910646668799506,0.004554160645102501,,,,,689.6490894083241,687.9848468790912,,,,,,1.7836738848330924,1.182027819921386,0.6016460649117064,,,,-0.011376914783085315
2021-09-08,689.2085631658193,695.2205010859677,687.7656980649837,693.4890747070312,7118011,0.0,0.0,ICICIBANK.NS,0.005649168958973272,0.005633272244726725,0.01022905682702624,,,,,690.0148022939152,688.2006989507751,,,,,,1.86068002507443,1.3177582609519949,0.5429217641224351,,,,-0.005792015937953424
2021-09-09,693.344834746782,696.3267914825784,690.266710478682,692.8157958984375,6243422,0.0,0.0,ICICIBANK.NS,-0.0009708571239974706,-0.0009713287110288722,0.009248268750336575,,,,,690.2815635895839,688.3816831448011,,,,,,1.8460992895343225,1.4234264666684604,0.42267282286586205,,,,-0.0067572498420152465
2021-09-13,690.555379711491,690.555379711491,678.3391080110895,680.455322265625,6967906,0.0,0.0,ICICIBANK.NS,-0.01784092352684241,-0.018001991411821665,-0.0087576524320363,,,,,689.3457310825403,688.0708454632647,,,,,,0.8276167791343596,1.3042645291616402,-0.47664775002728055,,,,-0.02447761779117452
2021-09-14,686.0823626044692,686.8037951624129,679.5894695829758,680.5032958984375,5241865,0.0,0.0,ICICIBANK.NS,7.05022523048715e-05,7.049976713788737e-05,-0.008687767613952846,,,,,688.50359439834,687.7740788136637,,,,,,0.024055822559603257,1.048222787841233,-1.0241669652816296,,,,-0.024408841266055074
2021-09-15,680.1665938172648,688.727617010042,679.3970774956327,687.1404418945312,5936741,0.0,0.0,ICICIBANK.NS,0.009753290007700866,0.009706033695939352,0.0009807880766896648,,,,,688.3737703503582,687.749230307031,,,,,,-0.07632992803212346,0.8233122446665617,-0.8996421726986852,,,,-0.014893617765973961
2021-09-16,692.5752731243462,701.6172515631584,685.6975924140474,699.5010375976562,13557169,0.0,0.0,ICICIBANK.NS,0.017988456143034348,0.01782857832241909,0.018986887083027204,,,,,689.4335100881962,688.2100854948986,,,,,,0.8319205505630407,0.8250339058458576,0.0068866447171831435,,,,0.0
2021-09-17,704.984020781181,706.4268861051619,686.8038942148861,692.7196655273438,17075003,0.0,0.0,ICICIBANK.NS,-0.009694584719419752,-0.00974188314651484,0.009108232378223002,,,,,689.7464772728769,688.3869317706808,,,,,55.06240975072669,0.9930680760406858,0.8586407398848233,0.13442733615586255,11.374591618680824,,,-0.009694584719419752
2021-09-20,682.9561767578125,692.9600653662858,679.589491379429,682.9561767578125,7943459,0.0,0.0,ICICIBANK.NS,-0.01409442990491494,-0.014194699660447334,-0.005114572869504452,,,,,689.0997819857279,688.1739609858624,,,,,47.05126721737493,0.3291524397309331,0.7527430798540453,-0.4235906401231122,11.360853413356738,,,-0.023652374979549546
2021-09-21,684.0624276357428,687.2848031587205,667.9504326001814,684.7357177734375,10009615,0.0,0.0,ICICIBANK.NS,0.0026056445145177243,0.0026022557082562266,-0.002522255113728278,,,,,688.6841568226525,688.0391279187086,,,,,48.52139033971055,-0.052802720686713656,0.5916339197458935,-0.6444366404326072,12.017008502810752,,,-0.021108360146152586
2021-09-22,687.7657864853312,687.7657864853312,675.5014315515018,676.5595092773438,9740470,0.0,0.0,ICICIBANK.NS,-0.01194067767149698,-0.012012540194154167,-0.014432815349906924,,,,,687.529428485004,687.5889467955178,,,,,42.660629067021986,-1.0036867552242938,0.27256978475185606,-1.2762565399761499,11.683776977103605,,,-0.0327969896929705
2021-09-23,683.918114315017,692.5753056354603,680.2147837342951,689.6895751953125,10412491,0.0,0.0,ICICIBANK.NS,0.019407111625691975,0.019221195185218577,0.004694197017216517,,,,,687.7351567431286,687.6713243798235,,,,,52.5686310786786,-0.6898306776568006,0.08008969227012472,-0.7699203699269254,12.10289525779593,,,-0.014026372907236734
2021-09-24,695.0762600840396,697.0000804094428,689.2567153417624,695.4129638671875,11780868,0.0,0.0,ICICIBANK.NS,0.008298499611588683,0.008264256378227069,0.013031651420929213,,,,,688.4663764692295,687.9749180852104,,,,,56.1273830364929,0.02049589457737966,0.0681709327315757,-0.04767503815419605,11.920817697796053,,,-0.005844271145770846
2021-09-27,696.9038912420403,703.8777397051249,694.7876772077269,702.1943969726562,7712240,0.0,0.0,ICICIBANK.NS,0.009751663339373495,0.009704422738437442,0.022910395037715636,690.3148223876954,,,,689.7738069933654,688.5325447082475,690.3148223876954,703.9117734998821,676.7178712755086,0.03939347865994509,59.96067366756047,1.1177550134924559,0.27808774888375176,0.8396672646087041,12.020444989296275,,,0.0
2021-09-28,706.1381917820847,707.3887218995771,679.6856636254017,689.8338623046875,13491800,0.0,0.0,ICICIBANK.NS,-0.0176027247173407,-0.017759495124600296,0.00490438494336054,690.4831573486329,,,,689.7795265468246,688.5835767708531,690.4831573486329,703.9623907733984,677.0039239238673,0.03904290287549974,51.18256915200723,0.9786674549297913,0.41820369009295966,0.5604637648368317,13.257190694432666,,,-0.01760272471734074
2021-09-29,680.4070895159849,684.8319112266702,674.5875451208484,682.4752197265625,11453404,0.0,0.0,ICICIBANK.NS,-0.010667267845536399,-0.010724571023742916,-0.0058151992899843075,690.0238433837891,,,,689.0838782782283,688.3440333573516,690.0238433837891,703.952574951513,676.0951118160651,0.0403717399080566,46.790796802451965,0.2715285927876039,0.38886867063188857,-0.11734007784428468,13.813727420350883,,,-0.02808221958350605
2021-09-30,682.5713763733572,686.7076367285839,672.1827591435228,674.1546630859375,18487517,0.0,0.0,ICICIBANK.NS,-0.012191734439762736,-0.012266663265108623,-0.01793603636428931,689.1076171875,,,,687.662048259915,687.7875874643549,689.1076171875,704.6711250237059,673.544109351294,0.045170035704223815,42.3643279256671,-0.9493400322771777,0.12122693005007534,-1.070566962327253,14.418355747576925,,,-0.039931583059627615
2021-10-01,666.6037196580726,668.3832299132855,661.6980014823853,665.9784545898438,10935810,0.0,0.0,ICICIBANK.NS,-0.012128090101264366,-0.012202235490501227,-0.029846596600468067,687.5300811767578,,,,685.5969441008606,686.932327351629,687.5300811767578,705.680454925334,669.3797074281816,0.052798777087718025,38.50914403012882,-2.5472755013779533,-0.41247355623553045,-2.134801945142423,14.274068155877226,,,-0.05157537932365867
2021-10-04,670.4993788477985,676.5594003324971,667.6136487398155,673.5294189453125,8976533,0.0,0.0,ICICIBANK.NS,0.011338151111989214,0.011274356035930692,-0.01884685071091352,686.3709747314454,,,,684.4476559908084,686.406723100401,686.3709747314454,705.0069330511701,667.7350164117206,0.054302874118522845,43.61257437117554,-3.1678343334123156,-0.9635457116708877,-2.204288621741428,14.514541024678383,,,-0.04082199765609918
2021-10-05,666.6037382305285,672.3751991675894,665.4975180667906,670.5475463867188,7497208,0.0,0.0,ICICIBANK.NS,-0.004427234319271611,-0.0044370635427092,-0.023190645605907556,685.2142791748047,,,,683.1238360285141,685.7847946018253,685.2142791748047,704.787885520944,665.6406728286654,0.05713134399274792,42.12571372675697,-3.85579664998329,-1.5419958993333682,-2.313800750649922,14.421781122115005,,,-0.04506850342636648
2021-10-06,670.0665375889104,678.1466057371454,662.1307794366672,663.2369995117188,13200810,0.0,0.0,ICICIBANK.NS,-0.01090235422438468,-0.010962220407392856,-0.03384016719720451,683.8964569091797,,,,681.2298515983431,684.9005673433898,683.8964569091797,705.6556143510171,662.1372994673424,0.06363290004506326,38.64699183786911,-4.934035290886754,-2.2204037776440453,-2.713631513242709,14.428650204355515,,,-0.05547950486203398
2021-10-07,670.9804024964559,678.0985609750206,667.0365944296218,675.4533081054688,10041549,0.0,0.0,ICICIBANK.NS,0.018419220584412255,0.01825164139836967,-0.01604425611701099,682.9946685791016,,,,680.6797045990216,684.5300865889615,682.9946685791016,704.5741102157458,661.4152269424574,0.06319065910584037,46.5849831548601,-4.748060488778037,-2.7259351198708437,-2.0221253689071936,14.088548031000235,,,-0.0380821735155896
2021-10-08,679.1085478197504,682.9561883173127,671.7018281198759,676.6076049804688,9383924,0.0,0.0,ICICIBANK.NS,0.0017089217880028595,0.0017074632426209988,-0.014362752707858806,682.1842590332031,,,,680.2918855877309,684.2194010356873,682.1842590332031,703.4254712017957,660.9430468646106,0.062274119894515916,47.27907980534366,-4.45616412115703,-3.071980920128081,-1.3841832010289492,13.937389903184519,,,-0.0364383311836421
2021-10-11,675.2609202917469,691.998180261745,673.625661306808,686.1304931640625,9337637,0.0,0.0,ICICIBANK.NS,0.014074462234087148,0.013976336628740272,-0.000490438494335943,682.468017578125,,,,680.8479434521435,684.2943458250353,682.468017578125,703.763539032627,661.172496123623,0.06240738292784316,52.73572175724412,-3.417027292892044,-3.1409901946808736,-0.2760370982111704,13.868686217212948,,,-0.022876718865672302
2021-10-12,679.5894484199508,685.8418637274239,677.5694608047454,681.6094360351562,7376091,0.0,0.0,ICICIBANK.NS,-0.006589208866169982,-0.006611013539388908,-0.0070764157588307786,682.523324584961,,,,680.9204665552875,684.1890552450401,682.523324584961,703.8031010740829,661.2435480958391,0.0623561883458328,50.08533616417886,-2.924602400199433,-3.0977126357845854,0.1731102355851526,13.604163176176355,17.410773012271243,,-0.029315188253063756
2021-10-13,686.6594951845259,688.6314578399403,680.9842608721038,682.9080810546875,6357766,0.0,0.0,ICICIBANK.NS,0.0019052626781186355,0.0019034499672773326,-0.005184635511552349,682.3117065429688,,,,681.1097631742779,684.1388209630654,682.3117065429688,703.4820524201368,661.1413606658007,0.06205476375139657,50.84946668262776,-2.40187500521904,-2.9585451096714768,0.5566701044524369,13.006406076870633,17.26865775454638,,-0.02746577870902574
2021-10-14,683.1966729545271,702.0020043398955,682.0423690511852,699.5972290039062,8950350,0.0,0.0,ICICIBANK.NS,0.024438351825393445,0.02414451297257441,0.01912701236712344,682.3165161132813,,,,682.870474205671,684.7450330430984,682.3165161132813,703.5033420033456,661.129690223217,0.062102632399262406,59.44237705248351,-0.6336309134281919,-2.49356227042282,1.859931356994628,13.878996806944192,18.705629747068507,,-0.0036986452468818756
2021-10-18,710.8515762086283,720.3745098476543,704.1662891558037,717.055908203125,15345601,0.0,0.0,ICICIBANK.NS,0.024955329260061054,0.024649030430986457,0.044559662518567356,683.5333282470704,,,,686.1262298244761,686.0121261866288,683.5333282470704,709.4935195054582,657.5731369886826,0.07595881630223657,66.11608932871636,2.1516815266696767,-1.5645135110043207,3.716195037673997,14.713798117397769,19.93087883352236,,0.0
2021-10-19,726.2422076981952,726.2422076981952,710.6111668040288,718.9797973632812,11349799,0.0,0.0,ICICIBANK.NS,0.0026830392695282868,0.0026794463448711454,0.047362257112469885,685.3345092773437,,,,689.255141018648,687.3049760366937,685.3345092773437,715.7436795535197,654.9253390011678,0.08874256254289926,66.76508661812018,4.462858425258332,-0.35903912375179003,4.821897549010123,13.851511161682838,19.92574373737139,,0.0
2021-10-20,718.3063553528533,728.5988049955231,713.6411149287688,717.4406127929688,12762996,0.0,0.0,ICICIBANK.NS,-0.002140789735618709,-0.0021430845016240526,0.045120074742968974,686.9697540283203,,,,691.9394716638215,688.4867657134104,686.9697540283203,720.5910868519744,653.3484212046661,0.09788300758949602,65.68119529596865,6.099966816831284,0.9327620643648247,5.167204752466459,13.830894939033922,19.883257048269236,,-0.0021407897356186647
2021-10-21,720.3745002944903,730.9073689639233,709.3125340996456,726.7230834960938,12166996,0.0,0.0,ICICIBANK.NS,0.01293831229736031,0.012855327358367868,0.05864216465823402,689.4779327392578,,,,695.2521966002283,689.9862291558686,689.4779327392578,727.0783425860245,651.877522892491,0.10906921907531514,68.95454170070475,8.053568298605342,2.3569233112129284,5.696644987392413,14.335891887549394,20.04799168584083,,0.0
2021-10-22,729.6087795934703,736.6787950414567,724.654919306561,730.3782958984375,13248928,0.0,0.0,ICICIBANK.NS,0.005029718314105702,0.005017111535638306,0.06396683654189994,691.5123687744141,,,,698.5975393905339,691.5702317732242,691.5123687744141,733.3278096708194,649.6969278780088,0.12093909750454923,70.16144190679643,9.783973089372012,3.8423332668447454,5.941639822527266,14.304978611216784,20.03852956375902,,0.0
2021-10-25,769.5280482172651,833.9760222554611,767.9890156049629,809.6397094726562,96124084,0.0,0.0,ICICIBANK.NS,0.1085210417934439,0.10302673211639098,0.17942962607710178,697.2237060546875,,,,709.1729841602598,696.2004073692804,697.2237060546875,764.6453786911915,629.8020334181834,0.19340040234149963,84.359994349483,17.35105287621377,6.544077188718552,10.80697568749522,20.949034369386084,36.82033595293124,,0.0
2021-10-26,797.1348787547508,809.6397095393108,791.0267146453249,797.8082275390625,16925115,0.0,0.0,ICICIBANK.NS,-0.014613267846385614,-0.01472109338994066,0.16219430504527477,702.0043975830079,,,,717.614435910622,700.1850277680953,702.0043975830079,783.0858085027588,620.9229866632569,0.23099972364535956,78.36549223213405,22.138121923894687,9.66288613575378,12.475235788140907,21.704826799062086,36.65438853771664,,-0.014613267846385605
2021-10-27,797.183008068336,816.6616879034899,792.8063287857138,803.1949462890625,22898400,0.0,0.0,ICICIBANK.NS,0.006751896714096262,0.006729204744767506,0.1700413209546514,707.6724517822265,,,,725.7649607085687,704.2246324159764,707.6724517822265,800.2112580203255,615.1336455441275,0.26153005109933597,79.09387547871148,26.066098064682933,12.943528521539612,13.122569543143321,22.26479342886908,36.61852109373176,,-0.007960038407443512
2021-10-28,798.4815924244681,800.2611614290471,765.9209573150523,768.2776489257812,18750423,0.0,0.0,ICICIBANK.NS,-0.04347300431185086,-0.04444626709377808,0.11917610956374625,711.9625732421875,,,,729.813788157827,706.736515416361,711.9625732421875,807.4902294300954,616.4349170542797,0.26835021889672367,64.0423310517354,26.061097267777427,15.567042270787177,10.49405499699025,23.86568110820539,39.2707424221357,,-0.0510869959352851
2021-10-29,767.6042757560868,777.9448095460341,754.0413665482897,771.5,15701200,0.0,0.0,ICICIBANK.NS,0.004194253312880258,0.004185481950112216,0.12387021766898032,716.8298400878906,,,,733.7839035713673,709.2762599098371,716.8298400878906,814.1494368521492,619.510243323632,0.27152774988364375,64.70976708660189,26.017240349993926,17.657081886628525,8.360158463365401,24.769187022513076,39.046992601349764,,-0.04710701442435159
2021-11-01,776.9347875975039,778.8586077680014,762.7946976022804,773.279541015625,11406421,0.0,0.0,ICICIBANK.NS,0.0023065988536941084,0.0023039427381694026,0.1264625354247566,722.1948944091797,,,,737.5453928517728,711.786192502221,722.1948944091797,819.5415595466119,624.8482292717475,0.26958558109738645,65.09508968302279,25.828344437307464,19.291334396764313,6.5370100405431515,24.60428639471193,38.84762056886461,,-0.04490907255612965
2021-11-02,778.1853206241216,779.1472307855852,767.604308848021,770.4419555664062,9452457,0.0,0.0,ICICIBANK.NS,-0.003669546779282218,-0.0036762960823794903,0.1223289284559066,727.0405212402344,,,,740.678398824595,714.086418504738,727.0405212402344,823.8339759820005,630.2470664984683,0.2662670151497179,63.89703595319708,25.159648863757297,20.464997290162913,4.694651573594385,24.817278507443866,38.54310263293372,,-0.04841382339285301
2021-11-03,775.2995301314241,775.2995301314241,750.7227391503419,756.0132446289062,11839149,0.0,0.0,ICICIBANK.NS,-0.018727836449265567,-0.01890542308252931,0.10131013584150494,731.3138061523438,,,,742.1388603297675,715.7306077645094,731.3138061523438,825.1056971697786,637.5219151349089,0.2565024486845161,58.046846083557675,23.198014150277686,21.011600662185867,2.1864134880918193,26.02653522267571,39.11624162452164,,-0.06623497367573361
2021-11-04,758.4661236923016,758.9470787485428,749.3279776237197,752.3098754882812,3149310,0.0,0.0,ICICIBANK.NS,-0.004898550609973573,-0.00491058783507259,0.09591531240380857,735.7674499511719,,,,743.1075284401021,717.1650888517162,735.7674499511719,824.2577692092846,647.2771306930592,0.24053882585859213,56.614103924292756,21.10133056410814,21.029546642570324,0.07178392153781488,25.28792563954092,38.92609135075379,,-0.07080906891500631
2021-11-08,762.7947256676549,762.7947256676549,743.7008332570813,750.4342041015625,13967995,0.0,0.0,ICICIBANK.NS,-0.0024932164894171382,-0.0024963297293793883,0.09318295827591871,739.5164947509766,,,,743.8053070745269,718.4697600379848,739.5164947509766,823.485486639171,655.5475028627822,0.22709159967140416,55.86204703818013,19.0685325376661,20.637343821589482,-1.568811283923381,25.16768360859989,38.68092516006817,,-0.07312574306620429
2021-11-09,754.1375948400054,758.5623582643697,749.5204376340731,756.5904541015625,10084357,0.0,0.0,ICICIBANK.NS,0.00820358396026255,0.008170117470888968,0.10215097645806348,743.5156372070312,,,,745.0229401247208,719.9646892169486,743.5156372070312,822.3297275342248,664.7015468798376,0.2120038540769733,57.84154439081286,17.749676163243635,20.059810289920314,-2.3101341266766795,24.697032161180612,38.67982496924083,,-0.0655220522788419
2021-11-10,752.742817291657,754.4261601461827,743.6527541351509,751.1557006835938,9507347,0.0,0.0,ICICIBANK.NS,-0.007183217007968201,-0.007209140528708147,0.09423398681862105,746.7668975830078,709.9916394042968,,,745.6070125588992,721.1878661372092,746.7668975830078,820.83555832486,672.6982368411556,0.19837156944578957,55.47618255030893,16.080567036969455,19.263961639330144,-3.183394602360689,24.552747154013282,38.73773824802894,,-0.07223461016648376
2021-11-11,747.115579737698,747.4041410230534,736.9192975425867,742.0655517578125,9221059,0.0,0.0,ICICIBANK.NS,-0.012101550873552136,-0.01217537080190764,0.08099205855956582,749.7897033691406,711.1036071777344,,,745.2697305778433,722.0065989066447,749.7897033691406,817.3067993019952,682.2726074362861,0.18009608728812898,51.67014373504479,13.86446604610012,18.18406252068414,-4.319596474584021,24.02714488806538,38.52156139967524,,-0.08346201023027504
2021-11-12,743.267994769798,750.1937596861887,741.8251295251473,747.0194091796875,15380106,0.0,0.0,ICICIBANK.NS,0.00667576794279201,0.00665358368057248,0.08820851069051061,752.9952697753906,712.2107653808594,,,745.4363666351618,722.9874934271562,752.9952697753906,812.7881784589904,693.2023610917909,0.15881350410457495,53.5408064875287,12.365384482393665,17.020326913026047,-4.6549424306323814,23.76605591850436,38.32570619133894,,-0.07734341529981936
2021-11-15,747.4042333284161,754.6666436733875,742.161810940737,743.8451538085938,10934583,0.0,0.0,ICICIBANK.NS,-0.004249227439189873,-0.004258281062476914,0.08358446522732454,755.207666015625,713.2380847167968,,,745.284822556441,723.805440893095,755.207666015625,809.7230266390055,700.6923053922445,0.14437184122082944,52.14796902942875,10.796757364617292,15.775613003344297,-4.978855638727005,17.259420659620567,38.11552055711093,,-0.08126399297647662
2021-11-16,743.8450559693728,746.2017474164606,732.9754837658305,734.9473876953125,12785837,0.0,0.0,ICICIBANK.NS,-0.011961852635220427,-0.012033971286546128,0.07062278753646112,756.1022399902344,713.9864489746094,,,744.3003049506192,724.2423799833781,756.1022399902344,808.5287471166745,703.6757328637942,0.13867570906050286,48.3509372487158,8.73494272638709,14.367478947952856,-5.632536221565767,16.874654142238008,38.10960809372466,,-0.09225377770316281
2021-11-17,731.9173952219124,742.5464897457188,727.4925736768888,732.3021240234375,11657214,0.0,0.0,ICICIBANK.NS,-0.0035992558326796154,-0.0036057487383886013,0.0667693422238207,756.7683563232422,714.6982604980469,,,743.1576210527924,724.558448377106,756.7683563232422,807.520704755467,706.0160078910174,0.13412915063945072,47.24945797529595,6.808999195813271,12.85578299752494,-6.046783801711669,16.245979638741858,38.090485389441454,,-0.09552098858835759
2021-11-18,735.7651289767874,738.2660719906005,727.5888923488785,733.84130859375,20644385,0.0,0.0,ICICIBANK.NS,0.002101843651437063,0.002099637868336231,0.0690115245933216,757.5883911132812,715.5014575195313,,,742.2703531995502,724.9224821110921,757.5883911132812,806.1478134291748,709.0289687973876,0.12819473710397064,47.991876893954945,5.345257601162871,11.353677918252526,-6.008420317089655,14.346207543578414,38.02592526659052,,-0.09361991512036401
2021-11-22,739.0355069285229,741.1036370964275,712.0539407730103,723.3563842773438,20403786,0.0,0.0,ICICIBANK.NS,-0.014287727051640609,-0.014390779390631356,0.05373777971487392,757.4200561523437,716.1767163085938,,,740.4690228260067,724.8610665097686,757.4200561523437,806.4510440958104,708.389068208877,0.12946841728100436,43.50053623594566,3.301132672978042,9.74316886919763,-6.442036196219588,14.713797066840764,38.14808092187921,,-0.10657002637816707
2021-11-23,712.7273121306753,729.0797841012621,703.3486885004858,723.2120971679688,24913042,0.0,0.0,ICICIBANK.NS,-0.0001994689098087088,-0.0001994888063775742,0.0535275917887299,757.0617462158203,716.7711767578126,,,738.8255060966698,724.7964010453844,757.0617462158203,807.0207597093432,707.1027327222974,0.13198134430445985,43.4402875097946,1.6504804649858897,8.124631188355282,-6.474150723369393,15.404310312201858,37.88181936361244,,-0.10674823788099588
2021-11-24,721.6731224604313,742.835146711187,718.2583530165816,731.244140625,23186419,0.0,0.0,ICICIBANK.NS,0.011106069005875296,0.011044849476665387,0.06522814192272919,753.1419677734375,717.5397436523438,,,738.1034712898442,725.0492535779184,753.1419677734375,797.7463165498025,708.5376189970725,0.11844871401399053,47.77642511493996,0.9791583502824324,6.695536620740713,-5.71637827045828,16.335301151990514,37.96165447831115,,-0.09682772217128251
2021-11-25,726.1459550140722,726.1940387768095,716.9115828655152,722.4425659179688,17749726,0.0,0.0,ICICIBANK.NS,-0.012036437925517562,-0.01210946240578582,0.05240658951596178,749.3736846923828,718.3794885253906,,,736.6119564925227,724.9470305324303,749.3736846923828,790.703505789532,708.0438635952336,0.11030497051445047,43.81260487410702,-0.2600846888669821,5.304412358819174,-5.564497047686156,15.603570207590694,38.04538280958915,,-0.10769869922941618
2021-11-26,710.8516072435933,713.7854214854136,691.2286165229643,694.6915283203125,18987552,0.0,0.0,ICICIBANK.NS,-0.03841279418855181,-0.0391700203942748,0.01198071179020932,743.9485137939453,718.6632531738281,,,732.6195347618361,723.7605402496022,743.9485137939453,783.9971486263917,703.8998789614989,0.10766507114372392,34.1829041967961,-3.441795656801446,3.55517075569505,-6.996966412496496,17.1460593697465,39.74858126074436,,-0.14197448545009372
2021-11-29,699.068180914518,700.0300910361755,683.4371414375852,691.0362548828125,15878074,0.0,0.0,ICICIBANK.NS,-0.005261721625335003,-0.005275613233175299,0.006655950994560955,740.0864440917969,718.7411694335938,,,728.6592223924054,722.4772349411006,740.0864440917969,784.8736160119093,695.2992721716845,0.12103227204782374,33.1493943025516,-6.18695517191486,1.606745570173068,-7.793700742087928,16.967420597461974,39.78748538261082,,-0.14648917685509016
2021-11-30,689.4490495697592,704.4067395658299,684.0142341357566,687.1404418945312,23965914,0.0,0.0,ICICIBANK.NS,-0.005637639068505784,-0.005653590536302023,0.000980788076690109,735.8684661865234,718.4939575195312,,,724.7050528211792,721.0914783510391,735.8684661865234,783.9662220211299,687.7707103519169,0.1307237856892075,32.03758979281916,-8.577991666616754,-0.43020187718489633,-8.147789789431858,17.778176654588883,39.17750350825173,,-0.15130096281704442
2021-12-01,689.1124822799538,704.8396903721886,687.7657845323982,699.9820556640625,15214913,0.0,0.0,ICICIBANK.NS,0.018688484895642787,0.018516000825290816,0.019687602415489946,732.2035919189453,718.6392053222656,,,722.3504816633584,720.2636578535106,732.2035919189453,779.4615445772755,684.9456392606152,0.1290841869116687,39.26820331769839,-9.329153728809615,-2.2099922475098404,-7.119161481299775,18.118287262535002,38.867105397264176,,-0.13544006367970418
2021-12-02,697.0001277012248,699.4049032711439,687.9582067845334,694.8839721679688,21924640,0.0,0.0,ICICIBANK.NS,-0.007283163125170744,-0.007309814842441157,0.012261051270383794,728.4256927490235,718.8777612304688,,,719.7346236161785,719.2683760619207,728.4256927490235,774.8864810743036,681.9649044237434,0.1275649356901198,37.55975761170693,-10.218040595129992,-3.8116019170338706,-6.406438678096121,17.960247672429432,38.90294195374943,,-0.14173679472741216
2021-12-03,693.0562697626139,701.713461196151,687.8619314183568,689.0162353515625,20130259,0.0,0.0,ICICIBANK.NS,-0.008444196515426161,-0.008480050725493413,0.003713320028544853,725.0758422851562,718.9633715820313,,,716.8090628290722,718.0820176026909,725.0758422851562,772.8052889989265,677.346395571386,0.13165366691392075,35.63790246456196,-11.266098591474474,-5.302501251921992,-5.963597339552482,18.351883359340345,38.963864514846755,,-0.14898413789469345
2021-12-06,691.6134396741168,699.1163275557735,680.5514722801636,682.5233764648438,20129080,0.0,0.0,ICICIBANK.NS,-0.009423375754572527,-0.00946805667817375,-0.0057450477359536345,721.5865173339844,719.0826489257812,,,713.5437593658123,716.6875610874813,721.5865173339844,771.1031012814918,672.0699333864769,0.13724365064484384,33.5897838681021,-12.476786920411769,-6.737358385619948,-5.739428534791821,18.78474211240888,38.80408212353049,,-0.15700358013641322
2021-12-07,689.6895601597341,712.7273194134128,684.8800095310052,706.6672973632812,30513303,0.0,0.0,ICICIBANK.NS,0.03537449665605874,0.03476319378966445,0.029426220748180798,719.3981719970703,719.4222033691407,,,712.8888582227141,716.2946095688852,719.3981719970703,767.3918215640862,671.4045224300545,0.13342722135026855,46.014270637279516,-11.357135517619326,-7.661313812019824,-3.695821705599503,19.99743349083309,40.23914568435373,,-0.12718300610087932
2021-12-08,719.4126192151085,729.8974045444193,715.7573137045512,724.703125,33432411,0.0,0.0,ICICIBANK.NS,0.0255223748205331,0.025202116742335984,0.055699622604200805,717.8038055419922,720.0080065917969,,,714.0140264872175,716.6243552720663,717.8038055419922,762.6078020377909,672.9998090461936,0.12483633034508215,53.07657214875835,-8.911734230820002,-7.91139789577986,-1.0003363350401422,20.581447141712236,24.918236921916982,,-0.10490664363285505
2021-12-09,730.1378506329528,733.9374072750672,719.8935432805426,726.2421264648438,16007459,0.0,0.0,ICICIBANK.NS,0.002123630231129159,0.002121378515760245,0.05794153823775483,716.5581268310547,720.4889611816407,,,715.1786074374676,717.0015227698223,716.5581268310547,758.7680359343666,674.3482177277427,0.11781293805146921,53.633956739556155,-6.771493969256767,-7.683417110475242,0.911923141218475,20.821924595483853,24.745102849593895,,-0.10300579632159095
2021-12-10,727.6850034769103,730.8592951207969,722.4425815974355,729.1278686523438,7627774,0.0,0.0,ICICIBANK.NS,0.00397352629700376,0.003965652691813626,0.06214529676063507,715.9112426757813,721.2748413085938,,,716.5071085055511,717.4770657456074,715.9112426757813,756.8526990219108,674.9697863296518,0.11437578824186972,54.72006764811992,-4.787297875077456,-7.104193263395685,2.316895388318229,19.348140109765577,24.66282584216804,,-0.09944156626501482
2021-12-13,733.9374032665627,740.3822126519923,723.8373472583072,725.2802124023438,16855546,0.0,0.0,ICICIBANK.NS,-0.005277066500162242,-0.005291039394525874,0.056540285396794676,714.8242828369141,722.1309411621094,,,717.3426422100075,717.783071496852,714.8242828369141,753.3726624559439,676.2759032178843,0.10785414134518016,52.93942496624972,-3.48510772579084,-6.380376155874717,2.8952684300838767,18.691980809259057,21.513195035201598,,-0.10419387300711633
2021-12-14,722.4426213111899,735.2360148279045,717.873548004482,729.753173828125,17488089,0.0,0.0,ICICIBANK.NS,0.006167218337538083,0.006148278875835077,0.06305620001924161,714.1196838378906,723.2429113769531,,,718.5245976022093,718.252487274549,714.1196838378906,750.9096284101298,677.3297392656515,0.10303579471306297,54.781591945270065,-2.0683395153098445,-5.5179688277617425,3.449629312451898,18.1766717470317,21.568725513924214,,-0.09866924103384685
2021-12-15,728.7430582731992,730.5707109222462,722.2983076599259,723.5968627929688,7358740,0.0,0.0,ICICIBANK.NS,-0.008436155204178952,-0.008471940966453683,0.05408809292511463,713.5521575927735,724.3952795410156,,,719.0076704775197,718.4620706282126,713.5521575927735,749.32544093437,677.778874251177,0.10026816669514568,51.777436554117266,-1.4258668459106048,-4.699548431391515,3.27368158548091,17.74380356866282,21.61724296044269,,-0.10627300720678573
2021-12-16,729.0317963686343,729.0317963686343,710.803585528847,712.9197998046875,14123215,0.0,0.0,ICICIBANK.NS,-0.014755540740004736,-0.01486548661226072,0.038534453126404244,712.583041381836,725.1830871582031,,,718.4278732705833,718.244726674349,712.583041381836,747.2506721679964,677.9154105956756,0.0973013074207694,46.966879343787156,-1.7579873934987518,-4.111236223812962,2.35324883031421,16.816250814718746,21.92284599933792,,-0.11946043225938789
2021-12-17,713.7373237235854,713.7373237235854,698.3948452518806,700.5591430664062,13227787,0.0,0.0,ICICIBANK.NS,-0.01733807469180626,-0.01749013934432156,0.020528265208084484,710.9189331054688,725.7833190917969,,,716.726089441614,717.5511743759984,710.9189331054688,744.4671295250538,677.3707366858838,0.09437980860360047,42.09134654046812,-2.9841970507198994,-3.8858283891943493,0.9016313384744499,16.726931448512637,21.836935273306853,,-0.13472729305396544
2021-12-20,690.7476130725161,692.7676594904285,671.6056374820087,682.9080810546875,16900016,0.0,0.0,ICICIBANK.NS,-0.025195677176460207,-0.025518522666093196,-0.00518463551155135,708.896517944336,726.1767407226563,,,713.5053267380972,716.1926216967313,708.896517944336,744.1225592193327,673.6704766693392,0.09938274595323314,36.29687778988934,-5.318956605879521,-4.172454032531384,-1.1465025733481369,17.338431459535805,22.805990437713834,,-0.15652842484777957
2021-12-21,692.5752812141857,701.18438846579,688.8719507640491,692.9119262695312,14563335,0.0,0.0,ICICIBANK.NS,0.014648889788203556,0.014542631258212427,0.009388305122451479,707.3815093994141,726.5259130859375,,,711.5440505029957,715.2796532486059,707.3815093994141,742.6214919797322,672.1415268190959,0.09963501197603496,41.23456491613894,-6.28954174898422,-4.595871575821952,-1.6936701731622685,17.37964995478189,23.380933701943768,,-0.14417250270389217
2021-12-22,698.5871960267178,706.9558254698961,692.6233417850086,704.8876953125,9843359,0.0,0.0,ICICIBANK.NS,0.017283248547103724,0.017135592100945722,0.026833814080422513,706.063687133789,727.0915148925782,,,710.9101119134247,714.8721254864057,706.063687133789,739.4698907727812,672.6574834947968,0.09462660167272481,46.57334425704609,-6.022964011533418,-4.881290062964245,-1.1416739485691725,17.544552440878924,23.88643817411377,,-0.12938102335467774
2021-12-23,710.8996272800058,711.3324985546611,700.2224489602753,703.44482421875,9994049,0.0,0.0,ICICIBANK.NS,-0.0020469517390431236,-0.0020490496080674135,0.024731934818982282,705.1138000488281,727.4378015136718,,,710.1991321329795,714.423996024929,705.1138000488281,737.6275175125114,672.6000825851448,0.09222260991468828,46.03074792788613,-5.860569871305074,-5.077146024632411,-0.7834238466726635,17.348732427778323,23.840551696227642,,-0.1311631383829658
2021-12-24,705.9458205700583,705.9458205700583,692.1904596648419,699.40478515625,8800690,0.0,0.0,ICICIBANK.NS,-0.005743220965463647,-0.005759776678168156,0.018846672886949856,705.349462890625,727.7937084960937,,,709.1710990875766,713.8350073634123,705.349462890625,737.6124676917073,673.0864580895427,0.09148090839642459,44.468553290897425,-5.988833192393486,-5.259483458184626,-0.72934973420886,17.00519711560736,23.678880877406513,,-0.13615306046217238
2021-12-27,696.4229593691618,710.6111343010613,688.8238455825182,707.9658813476562,7955163,0.0,0.0,ICICIBANK.NS,0.012240545636949873,0.012166235937837049,0.031317912083477006,706.1959442138672,728.2948645019532,,,709.0563164456794,713.6048455588729,706.1959442138672,737.7585107619326,674.6333776658017,0.08938756107754395,48.46025322874849,-5.338139138747692,-5.275214594297239,-0.06292454445045337,16.40400752774836,23.907105968121744,,-0.12557910257542007
2021-12-28,712.1982591715838,714.1701631280035,704.599145922552,707.7734375,17833655,0.0,0.0,ICICIBANK.NS,-0.0002718264435144224,-0.0002718633950185349,0.031037572603302532,707.2275939941406,728.458388671875,,,708.9341374984718,713.3761628898975,707.2275939941406,737.4896752693945,676.9655127188868,0.08557946984038238,48.37607324247921,-4.782854256772794,-5.17674252679235,0.3938882700195565,15.428358243770756,23.897733516415105,,-0.12581679329810164
2021-12-29,709.8897499516539,716.5750377942154,704.0221210310409,707.6773681640625,7143073,0.0,0.0,ICICIBANK.NS,-0.00013573458800153482,-0.00013574380077439551,0.03089762514317118,707.6123596191406,728.2708178710938,,,708.814445180909,713.1526807437864,707.6123596191406,737.6816235352202,677.5430957030611,0.08498795564357797,48.33093820184635,-4.300960187929604,-5.001586059019801,0.7006258710901969,15.321862012960034,23.694769611572415,,-0.12593545019550118
2021-12-30,705.3687601272377,712.2945255273709,701.2325578790727,707.6773681640625,14326182,0.0,0.0,ICICIBANK.NS,0.0,0.0,0.03089762514317118,708.2520294189453,728.0447692871094,,,708.7061521316856,712.9379626034051,708.2520294189453,737.7194845592169,678.7845742786737,0.08321177749239028,48.33093820184635,-3.874394063474938,-4.776147659910829,0.9017535964358911,15.510808736169801,23.685425592568613,,-0.12593545019550118
2021-12-31,708.4949129228311,717.8254531683938,708.4949129228311,711.9578247070312,6973055,0.0,0.0,ICICIBANK.NS,0.006048598889171197,0.0060303795456650424,0.037133111373461425,709.3991088867188,727.9351135253906,,,709.0158352340995,712.8995258231552,709.3991088867188,737.4665958021978,681.3316219712397,0.0791303134268839,50.70744585432868,-3.1545762752070914,-4.451833382970082,1.2972571077629906,15.053895851215957,23.758310635884342,,-0.12064858433048976
2022-01-03,714.7473742460259,736.8232254449632,714.6992904772947,735.57275390625,9653095,0.0,0.0,ICICIBANK.NS,0.03316900015662627,0.032630778069553855,0.0715337797070501,712.0515777587891,728.1121069335937,,,711.5450655838282,713.7886720224923,712.0515777587891,739.4435321340794,684.6596233834988,0.0769381186163721,61.286604782809604,-0.6708548665101262,-3.695637679678091,3.024782813167965,15.589819702252353,25.361831873201208,,-0.09148137708641833
2022-01-04,738.6989676132184,748.3661536138485,734.5146229162939,743.4122924804688,12114437,0.0,0.0,ICICIBANK.NS,0.010657733762686306,0.01060134044764427,0.0829539014488927,713.8888275146485,728.3727868652344,,,714.5800395739844,714.9503826286874,713.8888275146485,744.5001781804749,683.2774768488221,0.08575943336274806,64.04536078732862,1.9081020763270544,-2.5748897284770624,4.482991804804117,15.988328804769083,25.52375177765509,,-0.08179862748496303
2022-01-05,743.5565284847644,765.5361514118554,741.8251019975007,758.0332641601562,19741360,0.0,0.0,ICICIBANK.NS,0.019667379497994464,0.019476475583113693,0.10425276680752171,715.5553344726562,727.3406579589844,,,718.7184419155245,716.6399073946274,715.5553344726562,751.7630614710694,679.3476074742431,0.10120175269211623,68.54712547794519,5.073252953837482,-1.0452611920141537,6.118514145851636,16.379960131523887,25.934357000278347,,-0.06374001263613033
2022-01-06,745.5284208489734,762.3137640518668,744.5184269730535,755.1475219726562,13018067,0.0,0.0,ICICIBANK.NS,-0.0038068806791706766,-0.0038141452922944895,0.10004900828464147,717.0006042480469,726.4874438476562,,,722.1878781114418,718.1500099270991,717.0006042480469,757.1025934147175,676.8986150813763,0.11186040549778192,66.77017092968765,7.2650555129544045,0.616802148979558,6.648253363974846,16.555164317745923,25.67419421698468,,-0.06730424269270645
2022-01-07,762.0251624275373,771.740430564111,756.3017858198077,763.03515625,12250210,0.0,0.0,ICICIBANK.NS,0.010445156804248068,0.0103909830628577,0.11153919266853207,718.6959686279297,725.684248046875,,,726.0780950770188,719.9102117436834,718.6959686279297,763.5429118912821,673.8490253645773,0.12480087608942673,69.12605098287,9.528700075549636,2.399181734293574,7.1295183412560625,15.672264532535719,22.801272811760885,28.07380922113279,-0.05756208925697488
2022-01-10,769.7685355469653,781.8404952152263,768.5661479562953,779.8685913085938,10905080,0.0,0.0,ICICIBANK.NS,0.02206115264901176,0.021821326242874823,0.13606102847335189,721.4253875732422,725.9160668945312,,,731.200999480026,722.2615207462289,721.4253875732422,773.9474079462238,668.9033672002606,0.14560624363292,73.45188133507267,12.53645972242191,4.426637331919242,8.109822390502668,15.710052500687416,23.286815743751113,28.269126185318306,-0.036770822645857335
2022-01-11,778.9067793142289,783.6682465149016,771.3558077781524,779.7725219726562,9982061,0.0,0.0,ICICIBANK.NS,-0.00012318656887599921,-0.0001231941569645484,0.13592108101322053,723.9263549804688,726.0815173339844,,,735.8268587650384,724.5168541276576,723.9263549804688,782.5295914162629,665.3231185446747,0.16190386227166761,73.38868336609409,14.742437279669502,6.489797321469294,8.25263995820021,15.565763575820394,23.139945983739395,28.270368920051386,-0.03688947954325689
2022-01-12,787.4196740926849,794.0087942546344,781.1191739618869,792.37353515625,13034848,0.0,0.0,ICICIBANK.NS,0.016159857943847333,0.016030677275485274,0.15427740431781567,727.3651885986328,726.4633972167969,,,741.2122565165823,727.1779004425043,727.3651885986328,793.4775461494543,661.2528310478114,0.18178587204096427,76.2724401878242,17.307971320310685,8.653432121237573,8.654539199073112,15.789065196362701,23.01483514207057,28.360849024781036,-0.02132575034845098
2022-01-13,789.7283347956262,796.4617067122759,786.2654812940582,793.2874145507812,9372244,0.0,0.0,ICICIBANK.NS,0.0011533441665880773,0.001152679576156691,0.15560868342871004,731.3835693359375,726.9203063964844,,,746.1717953769822,729.7704304075348,731.3835693359375,803.3128197970098,659.4543188748653,0.19669364606147952,76.47157774750815,19.193665334390175,10.761478763868094,8.43218657052208,15.534841233005652,22.77636822035983,28.357148854203672,-0.020197002111625385
2022-01-14,789.7282065042635,790.6901166218083,780.6862279152089,788.7662963867188,7552844,0.0,0.0,ICICIBANK.NS,-0.005699218317515742,-0.005715520832801305,0.14902261725223287,735.7939270019531,727.5753674316406,,,750.2284145207667,732.0839937792675,735.7939270019531,810.5274720742267,661.0603819296795,0.20313716199529122,73.19858930816328,20.091670701742373,12.627517151442952,7.464153550299422,14.87869108422203,22.654130780830688,28.36606324345352,-0.025781113304747624
2022-01-17,788.76630537499,797.3273290028282,783.5238834325648,788.0929565429688,6722700,0.0,0.0,ICICIBANK.NS,-0.0008536620375826365,-0.000854026614518268,0.14804174026356076,741.0531707763672,728.2910290527344,,,753.8345613800241,734.2804236915695,741.0531707763672,814.9155192695077,667.1908222832267,0.19934426139964656,72.69953342038681,20.512557532482674,14.204525227650898,6.308032304831777,15.1810073959943,22.3264592138127,28.340982871576948,-0.026612766984615385
2022-01-18,789.7281812472054,804.1568325489204,787.034844746285,791.7481689453125,10835146,0.0,0.0,ICICIBANK.NS,0.004638047291245506,0.0046273246917405315,0.1533664121472269,745.9949829101563,729.1173083496094,,,757.4453811481468,736.5340607603438,745.9949829101563,819.5201941491366,672.469771671176,0.19711985448522865,73.74595267948752,20.90013472789383,15.543647127699487,5.356487600194342,15.507369613098652,20.372584651930996,28.337435786208243,-0.02209815096519546
2022-01-19,784.9186342315298,789.7281846863799,772.6542805716622,777.8004760742188,16416144,0.0,0.0,ICICIBANK.NS,-0.01761632475850683,-0.017773338948933706,0.13304833486528755,749.6406219482421,729.5415087890625,,,759.3839616172966,738.1523515569663,749.6406219482421,821.8016420259335,677.4796018705508,0.1925216376085702,63.71081658727166,19.852977432839225,16.405513188727433,3.447464244111792,16.081078236338094,20.225566244172256,28.51695886791605,-0.03932518751973688
2022-01-20,772.4138467583308,781.9848644471543,765.1033531374051,779.3876953125,13567654,0.0,0.0,ICICIBANK.NS,0.002040650895834384,0.0020385715960644897,0.13536049096485403,753.4377655029297,730.1061486816407,720.0488940429688,,761.2890791120778,739.769423861105,753.4377655029297,823.319969473503,683.5555615323564,0.185502259563339,64.30606565411325,18.932926073296585,16.910995765641264,2.021930307655321,16.562037258153662,20.22569259217176,28.32974704639586,-0.03736478560304353
2022-01-21,772.413824277016,780.4457502732224,765.1994983964711,773.856689453125,12078277,0.0,0.0,ICICIBANK.NS,-0.007096604029856124,-0.007121904694490787,0.12730328712933336,757.1603607177734,730.7419714355469,720.9227893066407,,762.4859943826538,741.1061793745175,757.1603607177734,822.7218172033856,691.5989042321612,0.17317720231276032,60.577152526165385,17.555108431615963,17.039818298836206,0.5152901327797572,15.87495519664076,20.406199423283038,28.36651422572556,-0.04419622654481443
2022-01-24,782.0330134870532,785.5920930641793,753.4642680419524,768.0372314453125,29612316,0.0,0.0,ICICIBANK.NS,-0.007520071981189536,-0.00754849028392177,0.1188258852654891,760.1639282226563,731.1623278808594,721.6865466308594,,763.0146836267164,742.1622990635683,760.1639282226563,821.6109150438081,698.7169414015045,0.16166772597279463,56.84236766986916,15.811333191138942,16.794121277296753,-0.9827880861578109,17.180404791260205,20.48653489832152,28.372903695359515,-0.051383939721089955
2022-01-25,758.9471085257047,773.6643220820446,756.1094618404804,771.1152954101562,19513184,0.0,0.0,ICICIBANK.NS,0.004007701500422511,0.003999692057270781,0.12330980544457915,763.331021118164,731.7077307128907,722.4729077148437,,763.7861704632345,743.297710685003,763.331021118164,819.7305121135965,706.9315301227315,0.14777203974447636,58.30657993532217,14.510484949315241,16.337394011700454,-1.8269090623852122,16.740676993203742,20.457825413442862,28.237462266524037,-0.04758216971298525
2022-01-27,756.9270331356204,770.9708962201908,751.2998241815523,764.3818359375,23984679,0.0,0.0,ICICIBANK.NS,-0.008732104670644225,-0.008770452900345003,0.11350094664587607,766.1662445068359,732.2964196777343,723.1414343261719,,763.8429005084026,744.1245391262775,766.1662445068359,816.1184165115781,716.2140725020938,0.1303951260261935,53.99123988495212,12.788798135830575,15.627674836526479,-2.838876700695904,16.884972289617362,20.47101867428752,28.22737061082708,-0.05589878189723936
2022-01-28,773.1352635204412,775.1552513002487,748.8470328468596,751.3961181640625,14072314,0.0,0.0,ICICIBANK.NS,-0.016988522179508303,-0.017134482585242243,0.09458421111687909,768.352182006836,732.6782995605469,723.6882800292968,,762.6574926660845,744.4096990885436,768.352182006836,810.7883485315102,725.9160154821617,0.11046019655683548,46.79781913505905,10.258259207318133,14.553791710684811,-4.295532503366678,17.578922994041243,20.638526546667592,28.276018472302688,-0.07193766638067892
2022-01-31,758.8990097108374,768.2776334895249,754.1375428195905,758.7546997070312,14824509,0.0,0.0,ICICIBANK.NS,0.009793212082261693,0.009745569378355889,0.10530370643824183,770.692025756836,733.1765673828126,724.3390124511719,,762.2857980985556,744.9722481324059,770.692025756836,804.2721729148178,737.1118785988541,0.08714284314802774,50.79823954991995,8.745749352711073,13.392183239090064,-4.646433886378992,17.44150701977239,19.93428617349265,28.311587362242847,-0.06284895512198631
2022-02-01,771.5000321945082,781.8886501819028,759.2356776527822,779.435791015625,20031583,0.0,0.0,ICICIBANK.NS,0.027256623671100932,0.02689177672467381,0.13543055360690204,772.8851776123047,734.2981555175782,725.237435913086,,763.9191307573241,746.3237596180222,772.8851776123047,802.2758912166968,743.4944640079126,0.0760545407150636,59.91981655546034,9.11084151571049,12.53591489441415,-3.42507337870366,18.214472143923988,19.33462072267484,28.551498606809915,-0.03730538176876726
2022-02-02,783.9568433629752,787.5159229828877,778.0410719197192,782.7544555664062,11214375,0.0,0.0,ICICIBANK.NS,0.004257777983811772,0.004248739294537499,0.1402649648201968,774.8522857666015,735.4890026855469,726.1300897216797,,765.7129712153319,747.7524143610962,774.8522857666015,801.0277186795649,748.6768528536381,0.06756238161462398,61.16403872033233,9.557791903698899,11.940290296271101,-2.3824983925722023,17.874370628294724,19.093132220159724,28.39804407952638,-0.03320644181812823
2022-02-03,783.0429251825383,787.227269450717,775.2995604216349,778.13720703125,9755335,0.0,0.0,ICICIBANK.NS,-0.005898718943497028,-0.0059161851052733465,0.13353886227160583,775.8574829101562,736.4268640136719,726.9833038330078,,766.8962317692288,748.9439748579649,775.8574829101562,800.8298082780451,750.8851575422674,0.06437348589903498,58.44556957753173,9.430718485173543,11.438375934051589,-2.007657448878046,17.998048029070755,18.887650831588626,28.402046443165062,-0.03890928529422651
2022-02-04,778.9549381178206,781.0711524897879,765.4881941093759,774.3858642578125,10314067,0.0,0.0,ICICIBANK.NS,-0.004820927131539698,-0.004832585284572675,0.1280741540158261,776.8194000244141,737.4657299804687,727.9226092529296,,767.609530101475,749.9416960109002,776.8194000244141,799.8385609289608,753.8002391198675,0.05926515456185363,56.25781164125815,8.924434548730915,10.935587656987455,-2.01115310825654,18.21103172513073,18.973683007598517,28.385442971280757,-0.043542633596622485
2022-02-07,767.6523850364191,774.3376723346677,751.684699997876,756.4461669921875,14659368,0.0,0.0,ICICIBANK.NS,-0.023166354260377386,-0.0234389119184692,0.1019407885319199,776.4899505615234,738.7008227539062,728.6820379638672,,766.5463526624952,750.1967733042841,776.4899505615234,800.5067469224067,752.4731542006401,0.06185990261307413,47.165309612331086,6.994983425784426,10.147466810746849,-3.152483384962423,18.846583060107385,20.317763836376983,28.505040502644462,-0.06570026378167071
2022-02-08,759.9090672441837,765.3919671929502,744.8070651784021,762.3138427734375,14642455,0.0,0.0,ICICIBANK.NS,0.007756898028290937,0.007726967971409622,0.11048843086177662,775.6122131347656,740.1263745117187,729.4337719726562,,766.143256482585,750.6719524991529,775.6122131347656,800.3804834534648,750.8439428160665,0.06386766453455925,50.01114294202825,5.871666985219235,9.292306845641328,-3.4206398604220922,19.093934075244004,20.175789266807318,28.45489563601985,-0.05845299599996592
2022-02-09,766.88290671573,773.616278113673,763.9490923486941,772.2214965820312,8855292,0.0,0.0,ICICIBANK.NS,0.01299681739025993,0.012913083494838934,0.12492124621168332,775.2346618652343,741.8279956054688,730.1609765625,,766.722136492056,751.5170326592657,775.2346618652343,799.9660915136013,750.5032322168673,0.06380372515558722,54.47050304684004,5.715016322952351,8.576848741103532,-2.861832418151181,18.537401715714378,20.380213885960412,28.4267557057576,-0.04621588152463107
2022-02-10,775.2515358819836,777.9929564623666,765.9690789864078,774.8186645507812,13159771,0.0,0.0,ICICIBANK.NS,0.003363242256587684,0.0033575992064394373,0.12870462888227574,774.3569183349609,743.3247277832031,730.9819665527343,,767.4932344024108,752.4308221452076,774.3569183349609,797.7363089943881,750.9775276755338,0.06038401699747971,55.588922080553566,5.734337421840678,8.008346477250962,-2.274009055410284,18.19042787044363,20.358824711186017,28.331962345527508,-0.04300807447371256
2022-02-11,766.4980724435595,767.0271699894278,757.8890236490712,760.6785278320312,13138408,0.0,0.0,ICICIBANK.NS,-0.018249607767190312,-0.018418185999972893,0.10810621212016214,772.7264739990235,744.6406188964844,731.7591900634766,,766.8442147290414,752.7542615839066,772.7264739990235,795.0725475561653,750.3804004418816,0.057836956048616175,48.59048326688677,4.556138346005696,7.317904851001909,-2.7617665049962135,18.31066994365497,21.267483356568587,28.483194966297287,-0.060472801750935556
2022-02-14,742.5945808847806,744.4703172806362,722.5387792245511,724.9916381835938,16170656,0.0,0.0,ICICIBANK.NS,-0.04691454844945708,-0.04805071350240592,0.05611990954450641,769.5377410888672,745.360126953125,732.1617492675781,,762.8582550580463,751.6655312544826,769.5377410888672,799.2375605563378,739.8379216213965,0.07718872741822,36.20269887542725,0.7343086896099749,6.001185618723523,-5.266876929113548,18.740093056887343,25.59765449637071,29.59928250359939,-0.10455029601277394
2022-02-15,724.2702555751805,748.3660929705321,714.8916316594186,746.4903564453125,18880659,0.0,0.0,ICICIBANK.NS,0.02965374651159003,0.029222577288919884,0.08743782162798253,767.4576110839844,746.6394665527343,732.8610577392578,,761.2994075711193,751.4625832227505,767.4576110839844,797.5109799800604,737.4042421879084,0.07831929337081575,45.25708288134881,-0.5533730167694557,4.690273891624928,-5.243646908394384,19.87720741899801,25.228175114543372,29.912433683009166,-0.07799685747685832
2022-02-16,746.153663654343,747.9331738250221,731.4364511160719,734.9473876953125,10549784,0.0,0.0,ICICIBANK.NS,-0.01546298441813243,-0.015583783253365667,0.07062278753646112,764.6175720214844,747.205068359375,733.3136358642578,,758.7896913924711,750.8149284961843,764.6175720214844,795.7227946344276,733.5123494085412,0.0813615165309572,41.82482164651467,-2.4767408292685786,3.2568709474462265,-5.733611776714805,19.640153953308452,25.459363605614254,29.90666626320351,-0.09225377770316281
2022-02-17,737.304035454159,738.0254679741728,717.8734411730534,721.7691650390625,16683808,0.0,0.0,ICICIBANK.NS,-0.017930838148258466,-0.018093543523459706,0.05142562361530745,761.8160064697265,747.1463891601562,733.5771978759766,,755.2639269778607,749.6758789488462,761.8160064697265,797.6548630110643,725.9771499283887,0.0940879588692706,38.25755935464921,-5.0066821953518,1.6041603188866211,-6.6108425142384215,19.20042597814634,25.233594200953004,30.075618437698488,-0.10853042829486043
2022-02-18,718.4026098742941,727.973628112869,717.1521383555117,720.3745727539062,8945567,0.0,0.0,ICICIBANK.NS,-0.001932186012796433,-0.0019340550921845517,0.04939407373186211,758.8653503417969,747.0290380859375,733.758999633789,,751.9411313374841,748.5268081176721,758.8653503417969,798.1631687607828,719.567531922811,0.10356993741059853,37.88926738109044,-7.043023308958141,-0.1252764066823311,-6.91774690227581,18.767567008995975,25.22461314489724,29.996124573414136,-0.11025291333214274
2022-02-21,717.8254596809992,733.8412873911825,711.8135211577078,725.713134765625,10967164,0.0,0.0,ICICIBANK.NS,0.007410814059288784,0.007383488894875437,0.05717093808720852,756.4581726074218,746.9607434082031,734.1177923583984,,749.443226902069,747.6321542607291,756.4581726074218,797.7375853064667,715.178759908377,0.10913865219212222,40.2601016152099,-8.132316689806544,-1.7266844633071738,-6.40563222649937,18.688553848896202,25.115393854100553,29.991089424377794,-0.10365916311305341
2022-02-22,710.27443940335,730.8111964986796,709.6491743559077,722.6830444335938,13156371,0.0,0.0,ICICIBANK.NS,-0.004175327945538432,-0.0041840689668365865,0.052756902726201815,754.190463256836,746.9088000488281,734.5198706054688,,746.8946380955475,746.6537577969199,754.190463256836,797.7136854946212,710.6672410190507,0.11541705804615468,39.342173123408635,-9.13479230881228,-3.2083060324081956,-5.926486276404084,19.523351783153593,24.102927507151694,30.002401109199685,-0.10740168005803483
2022-02-23,725.857382844603,727.588868099901,714.4106871732275,716.23828125,11624282,0.0,0.0,ICICIBANK.NS,-0.008917828131203565,-0.008957829957683053,0.043368597603751446,751.4466125488282,746.6385021972657,734.9407067871093,,743.9749850626382,745.4609940107662,751.4466125488282,797.3323527780302,705.5608723196261,0.12212641447291224,37.38954203096633,-10.330219645370448,-4.632688755000647,-5.697530890369801,19.612671204410113,24.16470327849466,29.776674212102083,-0.11536171846547834
2022-02-24,685.7458285467928,699.4049068862624,675.5495448514281,680.455322265625,28023104,0.0,0.0,ICICIBANK.NS,-0.049959573400524704,-0.051250740977722566,-0.008757652432035745,747.2502868652343,745.7756713867187,735.0854754638672,,737.9254933676846,742.911751981545,747.2502868652343,802.5416506144284,691.9589231160403,0.14798619611414285,28.832888029172466,-14.00356577224943,-6.506864158450403,-7.496701613799027,21.405941062850104,27.09714424648606,30.65539721873377,-0.15955786962471627
2022-02-25,697.336774399035,711.1401615558102,692.8157849557639,702.2424926757812,16935750,0.0,0.0,ICICIBANK.NS,0.0320185171564451,0.03151660987944909,0.022980457679764088,744.7926055908204,745.5621252441406,735.3726062011718,,734.5271123494081,741.3168790675935,744.7926055908204,803.5680040884316,686.0172070932091,0.15783024175162588,38.11874893094749,-14.983950815891603,-8.202281489938644,-6.78166932595296,21.976203565010728,29.100826377863655,31.12832655693855,-0.13264815885429604
2022-02-28,695.412979427951,716.382609702001,688.1505692791155,714.4107055664062,20547432,0.0,0.0,ICICIBANK.NS,0.01732765108568124,0.017179239305030375,0.040706306117909596,742.575405883789,745.8391564941406,735.8112377929688,,732.6112640843602,740.2617350087235,742.575405883789,802.4681183159603,682.6826934516178,0.16131078933563364,42.62173781443796,-14.61061783241712,-9.48394875843434,-5.1266690739827805,22.522427737034825,29.7348812928794,31.26192337879708,-0.11761898878240006
2022-03-02,689.689529087093,697.3367259843092,680.7918608248118,687.6213989257812,25252492,0.0,0.0,ICICIBANK.NS,-0.0374984675228035,-0.03821962063736503,0.0016814144971704081,737.9846862792969,745.9334228515625,736.0550817871094,,728.3265150216384,738.19740810351,737.9846862792969,800.0180584874971,675.9513140710966,0.16811560825456798,36.350275048503235,-16.28865641974585,-10.844890290696641,-5.443766129049207,24.11645697998903,31.34492204173311,31.811716017894287,-0.15070692447428172
2022-03-03,690.2666973388883,694.4510417005139,667.0366025373921,671.7018432617188,23190595,0.0,0.0,ICICIBANK.NS,-0.023151629208940316,-0.023423837764832367,-0.021509142196754927,732.4320556640625,745.5092211914063,736.0175671386719,,722.9336891397413,735.5897388940281,732.4320556640625,797.4034832663272,667.4606280617979,0.1774128456006967,33.22191645786336,-18.687669366840282,-12.41344610592537,-6.274223260914912,25.215782814786387,31.685769438958378,32.02384670246908,-0.17036944284857367
2022-03-04,664.6798706219661,679.6375607441131,658.9084100955814,661.8422241210938,18697223,0.0,0.0,ICICIBANK.NS,-0.014678564960827978,-0.014787361055090974,-0.035871983816596176,726.6173065185546,744.6483117675781,735.8699133300781,,717.1154543760606,732.697679491168,726.6173065185546,795.0875808609381,658.1470321761711,0.18846309805211078,31.418452378548665,-21.14079534667269,-14.158915954074835,-6.981879392597854,25.487176368130786,31.59762974526728,26.235232789492574,-0.18254722887520874
2022-03-07,638.2273787606059,641.5940642551984,617.690620727726,628.8487548828125,27799873,0.0,0.0,ICICIBANK.NS,-0.04985095848500076,-0.05113642088757912,-0.08393468952558114,719.3404510498046,743.1563903808594,735.2970959472656,,708.7091020433703,728.6251726437815,719.3404510498046,796.7819737018596,641.8989283977497,0.2153125756768908,26.27773952442135,-25.453797061028922,-16.417892175465653,-9.03590488556327,25.91659456712276,34.05199406870642,27.350001368915827,-0.2232980330319996
2022-03-08,618.7967657944257,643.950738808451,618.5082045017328,639.6702270507812,26716975,0.0,0.0,ICICIBANK.NS,0.017208386092750327,0.017061998822789595,-0.06817068397676218,713.5016540527344,741.96169921875,734.8777038574219,,702.1339710916952,725.1367434048404,713.5016540527344,796.5683098807966,630.4349982246721,0.2328422235778668,30.305644446805672,-27.679606355902706,-18.670235011553064,-9.009371344349642,25.342885495380237,34.76124058806281,27.505602396923695,-0.20993224570541563
2022-03-09,639.3817244774972,648.8084327366437,632.9369143672521,642.0269775390625,33728639,0.0,0.0,ICICIBANK.NS,0.003684321058910589,0.0036775505727454213,-0.06473752560442747,707.4873107910156,740.6429211425781,734.4688928222656,,696.409495515254,721.8775369003001,707.4873107910156,793.0540066515298,621.9206149305014,0.2418889909554567,31.187424604649834,-28.920034039648726,-20.7201948171722,-8.199839222476527,25.29822804255462,34.87277910057365,26.628508960305613,-0.20702138244030197
2022-03-10,667.5175450881378,674.2989997486787,647.9907812312059,650.828369140625,35959638,0.0,0.0,ICICIBANK.NS,0.013708756655832266,0.01361564167987886,-0.051916239933607056,701.4176544189453,739.5040197753906,733.9812042236329,,692.0684358605274,719.0912950273716,701.4176544189453,784.8452639240203,617.9900449138703,0.23788283337175614,34.51937081179396,-28.86020074058274,-22.34819600185431,-6.512004738728432,26.16394200030439,35.21954441292184,26.737057026943646,-0.19615063153889778
2022-03-11,648.9527104489741,658.6198957779757,645.0569273475875,652.0789184570312,20546724,0.0,0.0,ICICIBANK.NS,0.0019214732726808847,0.0019196296042407162,-0.050094522328376634,695.2806671142578,738.39205078125,733.3314343261719,,688.2599103935278,716.4633586912798,695.2806671142578,773.8924901785851,616.6688440499304,0.22612975387508896,35.000953995661405,-28.384672703360934,-23.555491342155634,-4.8291813612053005,26.359761905520884,35.267181716198586,26.735481459037512,-0.1946060564621383
2022-03-14,652.271263506728,671.8461707138538,651.4536633454682,669.6337890625,24648981,0.0,0.0,ICICIBANK.NS,0.026921389587333477,0.02656538428489515,-0.024521746892836704,690.7284301757812,737.6311791992188,732.837974243164,,686.485994076287,714.6269049803474,690.7284301757812,763.7396966323626,617.7171637191999,0.2114036812933874,41.50466446524462,-26.288247409906262,-24.10204255570576,-2.1862048542005006,26.242957700871663,36.25687089237465,27.159991299966457,-0.17292373233687675
2022-03-15,674.779975540424,681.1285590962989,661.7941884131315,670.7880249023438,27714580,0.0,0.0,ICICIBANK.NS,0.0017236821956962967,0.001722198360402704,-0.022840332395666962,688.0182495117188,736.807783203125,732.3714483642578,,684.9909493930543,712.9077332125826,688.0182495117188,759.686071911008,616.3504271124295,0.20833116694259582,41.916184477762144,-24.254092000061974,-24.132452444577005,-0.1216395554849683,26.112411168042772,36.07324340589979,27.005947922843298,-0.1714981156998228
2022-03-16,679.9742710103129,684.3028664465384,674.5394554784743,681.0323486328125,14621688,0.0,0.0,ICICIBANK.NS,0.015272073069521719,0.015156628859398658,-0.007917078551423984,684.7453491210938,735.7169750976562,731.914541015625,,684.6139397968408,711.657718131023,684.7453491210938,750.9394697503199,618.5512284918677,0.1933393800021852,45.57579793728382,-21.566769577952186,-23.61931587125204,2.052546293299855,26.136458355008568,35.334981785346045,27.13798385477586,-0.15884517438455403
2022-03-17,690.4590053994817,697.3847693335497,688.9199728409461,692.67138671875,18329844,0.0,0.0,ICICIBANK.NS,0.017090286693874468,0.016945890602705314,0.009037903000228775,682.6315490722657,734.7021569824219,731.5374719238281,,685.3813156941656,710.9131561148554,682.6315490722657,744.6436141292105,620.6194840153208,0.18168531806425497,49.471077186262974,-18.287072111290627,-22.55286711925976,4.265795007969132,24.398150090877518,35.79607314322513,27.303993250489096,-0.14446959726085
2022-03-21,693.5372528709495,695.3649057315828,678.6276447995212,683.6776733398438,12866839,0.0,0.0,ICICIBANK.NS,-0.012984098305995229,-0.01306912853962918,-0.004063544326801449,680.7269744873047,733.2150451660157,730.2778515625,,685.219064041373,709.8450979668157,680.7269744873047,739.9551689032153,621.4987800713941,0.1740145363286619,46.690217592597484,-16.226556107963802,-21.287604917000568,5.061048809036766,23.401894493868685,35.89063412989555,27.337596019242362,-0.15557788811378276
2022-03-22,681.657642004896,693.5372087115915,672.8561407680419,690.8438720703125,11761758,0.0,0.0,ICICIBANK.NS,0.010481838167189395,0.010427284584918246,0.006375700426369146,679.250439453125,731.9289721679687,729.2082080078125,,685.7547600441292,709.0999518532274,679.250439453125,735.7253370339912,622.7755418722587,0.1662859360866518,49.14329041601258,-13.85561112277901,-19.80120615815626,5.945595035377249,22.862539316773262,36.13544017560326,27.383825654170934,-0.14672679219219523
2022-03-23,697.384873358634,699.1162999228361,687.0443390295231,690.9400634765625,7140403,0.0,0.0,ICICIBANK.NS,0.00013923754720690518,0.00013922785455933897,0.006515825710465162,677.5117858886719,730.4870703125,728.0856591796875,,686.2485984662657,708.387799367868,677.5117858886719,729.9615085800621,625.0620631972816,0.15483043626346213,49.17709651923337,-11.832461052146755,-18.207457136954357,6.374996084807602,21.323476184753158,35.66397381502337,27.317070947839454,-0.14660798452364268
2022-03-24,675.6938543592543,685.5534342394253,671.4133420838435,677.377197265625,17727969,0.0,0.0,ICICIBANK.NS,-0.019629584283612167,-0.019824803511354565,-0.013241661523107906,675.2464935302735,728.4372424316406,727.176654663086,,685.4037031138237,707.1716973246428,675.2464935302735,723.2027635788186,627.2902234817284,0.14204078216777902,44.66843644561416,-11.1944671497929,-16.804859139522065,5.610391989729166,20.76006777258153,35.84450491245762,27.471650840963463,-0.16335971501839747
2022-03-25,678.1466448950605,679.2047225589896,670.1147187552602,672.6156616210938,15263007,0.0,0.0,ICICIBANK.NS,-0.007029371026589293,-0.00705419344750529,-0.02017795199784278,673.0653625488281,726.2941052246093,726.1878112792969,,684.1857944002303,705.8165586696016,673.0653625488281,716.9684045115645,629.1623205860918,0.1304569939432928,43.171970872156656,-10.946879703355194,-15.633263252288693,4.686383548933499,19.928700140809934,35.503137097502716,27.48507559556364,-0.16924076999732457
2022-03-28,675.2609204687872,686.226719584466,669.1528145441226,683.2928466796875,13806166,0.0,0.0,ICICIBANK.NS,0.015874124954004643,0.015749448719141527,-0.004624134375167843,673.2072387695313,724.1124914550782,725.2879443359375,,684.1007517601786,704.9332758464677,673.2072387695313,717.2290121963603,629.1854653427023,0.13078223433036967,47.425374351795234,-9.776408910693021,-14.461892383969559,4.685483473276538,17.99457882987962,35.9219600251001,27.564395399093872,-0.15605319417356942
2022-03-29,687.0923501854091,689.6414353510589,678.9641983645424,688.0542602539062,11489374,0.0,0.0,ICICIBANK.NS,0.006968335168962669,0.006944168524018481,0.0023119782756022556,672.4978271484375,722.0078283691406,724.4640673828125,,684.4772763786287,704.2713536663672,672.4978271484375,714.9798390070777,630.0158152897974,0.12634096392184554,49.24959480496767,-8.368133458547732,-13.243140598885194,4.875007140337463,16.939914735579503,35.791789952711866,27.58918949376325,-0.1501722899657953
2022-03-30,693.5853300756726,703.8777808406234,691.7095934649486,703.0601806640625,20154520,0.0,0.0,ICICIBANK.NS,0.021809210809360824,0.02157479217160359,0.02417161150656244,671.9303009033204,720.2937060546875,723.934536743164,,686.2470767867653,704.2238566858847,671.9303009033204,712.3057824660485,631.5548193405922,0.12017758838513083,54.596493354417326,-5.972366921059006,-11.788985863319956,5.81661894226095,16.93648632253133,33.97583009354535,27.838613916767663,-0.13163821828602298
2022-03-31,711.7173438627146,711.7173438627146,700.0781958150764,702.4829711914062,16046383,0.0,0.0,ICICIBANK.NS,-0.0008209958244415061,-0.0008213330260867756,0.023330770890004127,672.6733795166016,718.5815063476563,723.4362677001953,,687.7933524443501,704.1555866664934,672.6733795166016,714.774922099485,630.5718369337181,0.12517677632237675,54.35925145517375,-4.073325894679442,-10.245853869591853,6.172527974912411,15.462709596675763,32.727338413010074,27.738359156135335,-0.1323511396829147
2022-04-01,697.3848704935536,710.1782639619197,695.5572176936425,708.2063598632812,12658848,0.0,0.0,ICICIBANK.NS,0.008147369981322372,0.008114359341239111,0.03166822529371682,674.4986053466797,716.9106701660156,723.0139892578125,,689.7374483890103,704.3144405173479,674.4986053466797,719.4888599413301,629.5083507520293,0.1334035511356655,56.38313519359392,-2.0824869526692282,-8.613180486207328,6.5306935335381,15.538286585096403,32.58686947535839,27.77327723993426,-0.12528208340403874
2022-04-04,713.7373460775223,721.240233660798,697.3848731889537,718.162109375,17192197,0.0,0.0,ICICIBANK.NS,0.01405769571688209,0.013959802679372418,0.046171103285671755,677.314599609375,715.7179028320312,722.6297058105469,,692.4445589591045,704.8574863549028,677.314599609375,725.8777552661561,628.751443952594,0.1433991107966334,59.72844687009333,0.2952100364807393,-6.831502381669716,7.126712418150455,15.78563323534345,32.46369103118352,27.811304984897777,-0.1129855650944276
2022-04-05,718.3544725194936,726.6750186186015,709.8896751272518,713.544921875,12290391,0.0,0.0,ICICIBANK.NS,-0.006429171686624158,-0.006449927821911149,0.039445089649063236,681.5494079589844,714.4010473632812,722.2535980224609,,694.454117332047,705.198170100789,681.5494079589844,726.9883931360808,636.1104227818879,0.13334025280183645,57.52488067527631,1.7863911814102948,-5.107923669053714,6.894314850464009,15.60355986449932,32.513530373894696,27.758641979274202,-0.1186883331849494
2022-04-06,704.4068467381728,716.5269508116409,704.21445295091,713.3526000976562,13518142,0.0,0.0,ICICIBANK.NS,-0.00026953002039220575,-0.0002695663501362698,0.03916492799285365,685.2335266113281,713.1909655761718,721.9664685058593,,696.2539728335336,705.5179516692936,685.2335266113281,728.2597222011074,642.2073310215488,0.12558111627303428,57.42983811925614,2.9189958548130335,-3.502539764280365,6.421535619093398,15.517678172823341,32.435215762382036,26.98658204553876,-0.11892587313647797
2022-04-07,709.0238985712276,728.9354490279135,709.0238985712276,720.0377807617188,15087175,0.0,0.0,ICICIBANK.NS,0.009371495475235303,0.00932785544785791,0.048903457413561835,689.134066772461,712.2309765625,721.6966522216796,,698.5190973981227,706.0873567317417,689.134066772461,729.7444105706295,648.5237229742925,0.11785905168892857,59.9093965248896,4.306390043873648,-1.9407538026495623,6.24714384652321,15.771901726819676,32.53451857136151,27.010141996106945,-0.11066889094322961
2022-04-08,721.2882748754262,727.2040455555474,715.2763366681216,725.5687866210938,15480705,0.0,0.0,ICICIBANK.NS,0.007681549506366014,0.007652196626194693,0.0569606612490825,692.8710876464844,711.3200463867188,721.5138885498047,,701.0952582765009,706.8513343744614,692.8710876464844,732.3800631765155,653.3621121164533,0.11404423199193812,61.887340340357525,5.78552396375585,-0.39549824936848,6.181022213124329,15.428362295059978,32.49111497510497,27.014986036923478,-0.1038374500014587
2022-04-11,723.6449383056867,736.2940792869986,723.0197319825954,730.6668701171875,13216391,0.0,0.0,ICICIBANK.NS,0.007026326917720649,0.007001757305027386,0.06438721239418865,696.8004852294922,710.6457470703125,721.4710833740235,,703.9116022613282,707.7852769526075,696.8004852294922,734.8316988597102,658.7692715992742,0.10915954978903991,63.66669988575339,7.285142396813512,1.1406298798679186,6.144512516945594,14.89931082083523,28.763847301557497,26.865778485680288,-0.09754071895375072
2022-04-12,728.1660046833707,739.6127592847214,721.6731109824291,734.7550659179688,14020000,0.0,0.0,ICICIBANK.NS,0.0055951569285268565,0.0055795621809973306,0.07034262588025131,700.0565490722656,710.3129260253907,721.4956127929687,,706.8490749905321,708.842915735563,700.0565490722656,739.4219213201894,660.6911768243418,0.11246340684932349,65.07482883192841,8.703159439336218,2.6531357917615788,6.05002364757464,15.318431350048042,27.397434045834334,26.84493671177425,-0.09249131765469139
2022-04-13,740.2860194551491,743.1236661071316,731.7250544446566,733.2160034179688,16119956,0.0,0.0,ICICIBANK.NS,-0.0020946606173816162,-0.002096857487266606,0.06810062133471506,703.1779479980469,709.8021520996094,721.4893597412109,,709.3602110312404,709.7987230956574,703.1779479980469,742.671571223164,663.6843247729297,0.11232895837406685,64.06815438332845,9.592185932032521,4.040945819815768,5.551240112216753,14.737852083602045,27.007516540866007,26.80427293734622,-0.09439224035153199
2022-04-18,722.3945086883281,733.8412627362319,720.6630821938585,728.9354858398438,17651530,0.0,0.0,ICICIBANK.NS,-0.0058380034780622925,-0.0058551112362960405,0.061865046192442597,705.5731048583984,708.7921459960937,721.5451507568359,,711.224522917774,710.5491843797431,705.5731048583984,745.2217789985405,665.9244307182564,0.1123871470358812,61.231068013040506,9.837938210026437,5.200344297857902,4.637593912168534,15.029864707790905,24.5301529461927,26.77212268186149,-0.0996791816021199
2022-04-19,732.7830989067962,748.2698866683684,728.165942191112,737.1116943359375,31088359,0.0,0.0,ICICIBANK.NS,0.011216642151360645,0.011154202098762243,0.07377560642862124,707.7951202392578,707.8792907714844,721.6841467285157,,713.689967814742,711.5908514368489,707.7951202392578,749.3353701265287,666.2548703519869,0.11737930567599539,64.46770477050342,10.570599068997467,6.2743952520858155,4.296203816911651,15.246296096141837,23.459283048028805,26.189459985488,-0.08958060516073071
2022-04-20,737.5927299898312,740.6708543734512,725.0878973835263,726.771240234375,15984202,0.0,0.0,ICICIBANK.NS,-0.014028340862070054,-0.014127668060416801,0.05871231621226447,709.9497985839844,706.8519714355468,721.6394177246094,,714.9358032832785,712.1861608014578,709.9497985839844,750.6855395779326,669.2140575900362,0.114756680191182,57.88576043949818,10.19927891257953,7.059371984184558,3.1399069283949714,15.596704667813867,23.416918761605995,25.959156063664107,-0.1023522787589755
2022-04-21,730.1379030043821,735.0917638654281,722.5869316518666,733.3121948242188,8953098,0.0,0.0,ICICIBANK.NS,0.009000018475874727,0.008959759682546788,0.06824074661881108,712.0732147216797,706.030498046875,721.7481140136719,,716.6859358109871,713.0146327239191,712.0732147216797,753.0423687956824,671.1040606476771,0.11507006085045847,60.62434404732554,10.313913014717286,7.710280190291105,2.6036328244261817,15.359655498302752,17.215284512505917,25.99931632836428,-0.09427343268297945
2022-04-22,728.1660170073909,729.9455273825204,717.488837335936,719.1721801757812,14411607,0.0,0.0,ICICIBANK.NS,-0.019282393976588597,-0.019470724238214252,0.047642507680661916,713.4848205566407,705.2850183105469,721.9929205322265,,716.9227209885865,713.2561051730119,713.4848205566407,753.3178209976016,673.6518201156797,0.1116575974521347,52.65328667139585,9.158210210935977,7.99986619442008,1.1583440165158967,15.65852760120593,18.221298611742796,26.195283064067247,-0.11173800918904946
2022-04-25,719.1721486751737,733.1679296456452,715.6611531360037,723.548828125,35417460,0.0,0.0,ICICIBANK.NS,0.006085674710260669,0.006067231779216379,0.054018119195048175,715.7934020996094,704.5097180175782,722.3180462646484,,717.5537788111021,713.6597413672075,715.7934020996094,752.0021694398253,679.5846347593935,0.10117100055408756,54.64124135913201,8.497512292686793,8.099395414073422,0.3981168786133704,15.864651189874817,18.23124551100759,26.199681615748705,-0.1063323356554855
2022-04-26,738.7470771144278,739.276116013522,723.0198679021836,725.0398559570312,18727514,0.0,0.0,ICICIBANK.NS,0.002060714873791003,0.002058594513367961,0.056190150010518636,718.4146118164062,703.5660852050781,722.6970404052735,,718.2667385392858,714.10602037073,718.4146118164062,748.5419565626618,688.2872670701507,0.08387174829332308,55.32936673409395,8.00197611777969,8.079911554814677,-0.07793543703498607,15.321857449838685,18.00652761242757,26.181801454277405,-0.10449074140734468
2022-04-27,720.4707043268018,721.432614479441,704.6472705738188,708.6392211914062,21441480,0.0,0.0,ICICIBANK.NS,-0.022620321670422716,-0.022880085921901366,0.03229878907214867,719.6819305419922,702.2424963378907,722.7836120605468,,717.349832125202,713.891636089188,719.6819305419922,745.3980660560467,693.9657950279377,0.07146528048769454,46.900922991262135,6.214232169038723,7.706775677659486,-1.4925435086207628,15.579517584971743,19.551911015484468,26.418694645964635,-0.12474744889555231
2022-04-28,710.9476783787253,723.2601737082988,706.6672257213766,718.6911010742188,18649559,0.0,0.0,ICICIBANK.NS,0.014184763674119916,0.014085101266645087,0.046941703436217175,721.2137725830078,701.4027478027343,723.0216833496094,,717.4775720251084,714.0798504023264,721.2137725830078,742.2150739805359,700.2124711854797,0.058238769684922954,51.752042179526626,5.5446199814000465,7.274344538407599,-1.7297245570075521,15.88526402255684,18.51001467955392,26.407767826294776,-0.11233219830296513
2022-04-29,721.5287701571733,731.0036202312174,711.909668788805,714.98779296875,19560317,0.0,0.0,ICICIBANK.NS,-0.0051528509257084965,-0.005166172644967167,0.041546968910503024,721.8101531982422,701.2026708984375,723.2813989257812,,717.2404502102172,714.1154559931665,721.8101531982422,741.2610693595071,702.3592370369773,0.05389482559944757,49.94176088952402,4.661387905960282,6.751753211918135,-2.090365305957853,15.826864092965877,18.639507907472368,26.256553850570874,-0.11690621815666133
2022-05-02,704.1182599395875,715.4687884533765,703.2525172833952,712.7754516601562,10903446,0.0,0.0,ICICIBANK.NS,-0.0030942364755736085,-0.0030990335232794464,0.03832417628827711,722.3247772216797,700.5283728027343,723.5839196777343,,716.8152122530686,714.0629068036367,722.3247772216797,740.0946231916403,704.5549312517192,0.049201817604290855,48.84259246449313,3.7397926666144485,6.149361102857398,-2.4095684362429495,15.847475684576994,18.27644857219197,25.90550095065768,-0.1196387191477932
2022-05-04,717.7773924713242,718.546908877988,693.6815540562385,696.6634521484375,12212165,0.0,0.0,ICICIBANK.NS,-0.022604593738731582,-0.022863994114904793,0.014853280114177414,721.7476318359375,699.7626940917969,723.483881225586,,714.8959970050084,713.3805752485308,721.7476318359375,742.0215831420093,701.4736805298656,0.056180167171453466,41.652655504565445,1.6898386842365198,5.257456619133222,-3.5676179348967025,16.67540479295888,18.95816729369465,26.083213507862844,-0.1395389282447667
2022-05-05,702.9639815852682,714.6992980873166,698.8277793545566,701.0401611328125,9121547,0.0,0.0,ICICIBANK.NS,0.006282386381656346,0.006262734456709172,0.021228980540545894,720.8915344238281,699.3481140136719,723.2472515869141,,713.5763935886089,712.8966374400713,720.8915344238281,743.1516831367995,698.6313857108568,0.06175727595625821,44.061560306670835,0.4136311391412164,4.288691523134822,-3.8750603839936053,16.68227605271508,18.607631045950672,25.94372491154271,-0.13413317932562627
2022-05-06,688.968151359041,695.4610449320581,683.2447741711288,691.8538818359375,12455025,0.0,0.0,ICICIBANK.NS,-0.013103784641996685,-0.013190396690439136,0.007847015909376864,719.806982421875,698.7777001953125,722.903369140625,,711.5075829454973,712.0714313379485,719.806982421875,745.4333670136266,694.1805978301234,0.07120348987315639,40.30069534413593,-1.3237689171842248,3.1661994350710128,-4.489968352255238,17.139188574087125,18.8071142231928,26.035110427383778,-0.14547931167239359
2022-05-09,678.4352121990091,692.5753030449099,677.6176120614932,683.2928466796875,13055889,0.0,0.0,ICICIBANK.NS,-0.012374050910189283,-0.012451246957738943,-0.004624134375168065,718.3039947509766,697.9292944335938,722.4450189208984,,708.8204652058964,710.9428593905657,718.3039947509766,748.6209993886209,687.9869901133322,0.08441274128833078,37.120775137460946,-3.3528256812746804,1.8623944118018745,-5.215220093076555,17.266296462733074,19.152325921312563,26.099726140858497,-0.15605319417356942
2022-05-10,678.1467034450756,692.5753567098644,678.1467034450756,684.2067260742188,12797419,0.0,0.0,ICICIBANK.NS,0.001337463722870913,0.0013365701149559523,-0.0032928552642735864,716.5124420166015,697.1597680664063,722.0342840576172,,706.4762995743081,709.8943835742384,716.5124420166015,750.4202059209846,682.6046781122185,0.09464668557310943,37.68601979092804,-4.8314316196020854,0.5236292055210825,-5.355060825123168,16.860918518985393,18.256644569406706,26.01710804292276,-0.15492444593674382
2022-05-11,690.6514625149543,692.3828889797495,680.2147612521699,686.9962158203125,13516852,0.0,0.0,ICICIBANK.NS,0.00407696919628231,0.004068680877212561,0.000770689062528529,714.5838134765625,696.5749267578125,721.6067144775391,,704.621053502499,708.9964162113395,714.5838134765625,750.6423805207892,678.5252464323357,0.10092186910530797,39.47451639307714,-5.712301117240372,-0.7235568590312085,-4.988744258209164,16.617002143103587,18.14742727799991,26.027157118378437,-0.15147909893429673
2022-05-12,680.5994400906422,683.6294802142668,666.8922219596041,669.2969970703125,16685166,0.0,0.0,ICICIBANK.NS,-0.025763196859630577,-0.02610088051544723,-0.025012363211137534,711.5153198242188,696.3517602539063,721.0637158203125,,701.2568576518146,707.4395762450247,711.5153198242188,751.986138903526,671.0445007449115,0.1137595156469875,33.002202604493405,-7.749247078441272,-2.1286949029132214,-5.620552175528051,17.159799403614084,19.121990145322805,26.376382206127623,-0.1733397099479636
2022-05-13,675.6457004720367,675.6457004720367,649.289339360527,651.5498046875,15717043,0.0,0.0,ICICIBANK.NS,-0.026516169145381796,-0.026874063599427934,-0.05086530030288705,707.3550567626953,695.3379064941406,720.4500158691407,,696.5228526075941,705.2478204976708,707.3550567626953,754.3479691460957,660.3621443792949,0.13286937566678242,28.037994918204475,-10.672564849766673,-3.837468892283912,-6.8350959574827606,17.912156805273145,20.3881808068269,26.733447676366524,-0.19525957402475375
2022-05-16,650.9246575326262,664.6318781658691,650.0108310816752,656.9846801757812,9025623,0.0,0.0,ICICIBANK.NS,0.008341458241842181,0.008306860542736159,-0.04294813283948018,703.543490600586,694.1893859863281,720.0142712402344,,692.7573123759929,703.3551483281849,703.543490600586,753.9469390232133,653.1400421779587,0.14328452781106676,31.4391604464615,-12.407737539349569,-5.551522621697044,-6.856214917652524,17.706033274884028,19.385704431608037,26.752767962383757,-0.1885468653659589
2022-05-17,659.9665016898597,684.8799969740317,659.0527340554225,682.9561767578125,12765052,0.0,0.0,ICICIBANK.NS,0.03953135798399798,0.038769994271706014,-0.005114572869504008,701.2445251464844,694.0960815429687,720.0147521972656,,691.8238708885472,702.5551886587585,701.2445251464844,750.9611757240302,651.5278745689386,0.14179547588527808,44.852636246933876,-11.554004306247066,-6.752018958607049,-4.8019853476400165,18.53739532394917,22.85047097883265,27.001207100728656,-0.1564690210135033
2022-05-18,685.2165936580715,689.6894988291708,679.2046559067712,680.4070434570312,11835013,0.0,0.0,ICICIBANK.NS,-0.003732499079051821,-0.0037394822355718087,-0.008827981810030638,698.409292602539,694.270185546875,719.8897033691406,,690.7365539903076,701.6866339449653,698.409292602539,745.9327302174677,650.8858549876104,0.1360905077245986,43.94388728296655,-10.95680509283875,-7.59297618545339,-3.3638289073853596,17.829699433891108,22.70341706061543,26.937410044061476,-0.15961749961572202
2022-05-19,666.6999898670267,672.0867226473617,659.4856627856045,664.0066528320312,16661023,0.0,0.0,ICICIBANK.NS,-0.02410379313781419,-0.02439904365220884,-0.0327189871004715,695.2710632324219,694.3134741210938,719.4808929443359,,688.1908491180908,700.208987626811,695.2710632324219,743.196308115269,647.3458183495748,0.1378606055026518,38.53445700642242,-11.672343364751441,-8.408849621313001,-3.26349374343844,18.13887319707,23.159211932523014,26.989579155802705,-0.17987390556162366
2022-05-20,668.3352008943386,684.7839006802468,667.2771231494877,682.5233764648438,11695528,0.0,0.0,ICICIBANK.NS,0.027886352574687967,0.027504608951506006,-0.0057450477359539676,692.7316223144531,695.3869665527344,719.2716784667969,,687.6510898177816,699.5154342479103,692.7316223144531,737.4443635405156,648.0188810883907,0.12909109324813214,46.5365672690233,-10.622814560187976,-8.851642609087996,-1.77117195109998,18.25910865462737,24.73608292308544,27.424631350136053,-0.15700358013641322
2022-05-23,682.5233822341426,698.2987332656113,680.5033942640471,683.9662475585938,17438451,0.0,0.0,ICICIBANK.NS,0.002114024432721129,0.0021117930273469813,-0.003643168474513847,690.9713256835937,696.2728869628907,719.1172930908203,,687.3001524597637,698.9056622208784,690.9713256835937,734.0431008911703,647.8995504760171,0.12467022467239057,47.114342327062616,-9.56437561397513,-8.994189210065423,-0.5701864039097071,18.657613499740428,24.754881023125343,27.36176737407564,-0.15522146510812515
2022-05-24,683.9661397033761,690.0261613683929,679.1565893802945,681.1766357421875,13779981,0.0,0.0,ICICIBANK.NS,-0.004078581108883261,-0.004086921205712749,-0.007706890625280516,688.8527160644531,697.0558801269531,718.8494006347656,,686.7169603914231,698.2104062805375,688.8527160644531,729.2636754798322,648.4417566490741,0.11732830102276297,46.07754888214385,-8.848651734188593,-8.965081714890058,0.11642998070146504,17.657914725908206,24.55794862935184,27.084361139561274,-0.15866696288172524
2022-05-25,684.9281174017736,693.3929150641945,684.4952460878859,686.1785888671875,10457589,0.0,0.0,ICICIBANK.NS,0.007343107297786311,0.007316277945875417,-0.0004203758522879353,686.9096527099609,697.7628845214844,718.6334521484375,,686.6656869129245,697.7385703035434,686.9096527099609,723.5561826751064,650.2631227448155,0.10669970882071433,48.275489844663,-7.788043867014721,-8.729674145314991,0.9416302783002699,17.242231396131633,24.54686853143406,27.12278139695578,-0.15248896411699328
2022-05-26,695.4610201927924,705.0801214402721,688.198610493012,700.7515258789062,14028733,0.0,0.0,ICICIBANK.NS,0.02123781949503445,0.021015440065901874,0.020808515776275627,686.515267944336,698.7363366699219,718.5641937255859,,688.0071953858751,697.8567254241458,686.515267944336,722.3376698514583,650.6928660372137,0.10436010262200564,54.14048920108855,-5.705817156846592,-8.124902747621311,2.419085590774719,17.321241796945987,25.321417551062357,27.228306089994476,-0.13448967771686038
2022-05-27,705.6092160303642,712.9678525503654,703.3968343106686,711.6211547851562,8110620,0.0,0.0,ICICIBANK.NS,0.015511388138066406,0.015392316291588186,0.03664267287912493,686.1617706298828,699.576083984375,718.6036315917969,,690.2561439000923,698.3965069677148,686.1617706298828,720.7661006960636,651.5574405637019,0.10086347432155768,57.96870706022806,-3.142326492178313,-7.128387496532712,3.986061004354399,17.12543006037759,25.715071425443092,27.36934326087306,-0.12106441117042364
2022-05-30,720.2302846863976,723.3084091643542,715.9497724209845,719.9898071289062,7628515,0.0,0.0,ICICIBANK.NS,0.011759982523673829,0.011691371316390323,0.04883357259547805,686.4118713378906,700.5601196289062,718.6839514160156,,693.0879213504555,699.2433030524674,686.4118713378906,721.9530375777643,650.8707050980169,0.10355638567439164,60.68953395863101,-0.43049884437914443,-5.788809766101998,5.358310921722854,16.92961585426395,25.973192624601666,27.441347905982933,-0.11072814400635289
2022-05-31,712.7753397044143,727.8773390758449,712.2943846843708,724.1739501953125,20272212,0.0,0.0,ICICIBANK.NS,0.005811392084967615,0.005794571083478867,0.05492875571770761,686.9817962646484,701.4229516601563,718.5699633789062,,696.0484955261562,700.2209754894417,686.9817962646484,724.6074280874586,649.3561644418382,0.10953894856426599,62.01354795896906,2.032836210839264,-4.224480570713746,6.25731678155301,17.173532044542128,25.98371208196763,27.46407565206379,-0.10556023658104699
2022-06-01,719.5087838235635,726.8192773943211,715.8535370381848,723.981689453125,10102092,0.0,0.0,ICICIBANK.NS,-0.0002654897240306209,-0.0002655249726663089,0.054648682973480245,688.3477081298828,702.0491577148438,718.3756573486328,,698.7087997096771,701.1527681938999,688.3477081298828,729.2904464196267,647.4049698401388,0.11895946715934601,61.910362973532244,3.9242963093021217,-2.594725194710573,6.519021504012695,16.52079965135841,25.761735143838614,27.44888598595398,-0.10579770114699909
2022-06-02,722.4426101312393,723.11595898177,714.8916388990363,721.192138671875,10949759,0.0,0.0,ICICIBANK.NS,-0.003853068139550775,-0.0038605103295891894,0.05058504973469602,689.3553070068359,702.7994470214844,718.00724609375,,700.8500700870293,701.9386258597029,689.3553070068359,732.543549274004,646.1670647396678,0.12530038378812347,60.34153747204589,5.138959898946382,-1.047988175979182,6.186948074925564,15.287491754399777,25.463519769752445,27.307023277977155,-0.10924312353502266
2022-06-03,727.3483154345685,728.1659155015277,712.9677482938922,715.9496459960938,8563791,0.0,0.0,ICICIBANK.NS,-0.0072692038565973505,-0.007295753259207755,0.04294813283948096,690.5600952148437,703.3015625,717.6152673339843,,702.2881249355116,702.4880776297574,690.5600952148437,735.3562439700823,645.7639464596051,0.12973859643975477,57.39782769564067,5.6138512169932255,0.28437970261529943,5.329471514377926,15.328714620359888,25.39295394844776,27.32507589999437,-0.11571821685671245
2022-06-06,712.0058968143595,722.346430811289,711.4287155046086,718.306396484375,9107831,0.0,0.0,ICICIBANK.NS,0.003291782461882997,0.0032863764064517613,0.046381291211815556,692.3107727050781,703.8488891601562,717.1679797363281,,703.813674606832,703.1084038593503,692.3107727050781,738.6221851443089,645.9993602658473,0.1337879295400169,58.38078125344045,6.109944439975607,1.449492650087361,4.660451789888246,14.116028799533458,24.791262104373242,27.31253412508971,-0.1128073535915988
2022-06-07,712.7754907384287,714.6512274561245,704.4549436444573,707.2445068359375,9938912,0.0,0.0,ICICIBANK.NS,-0.015399959825748377,-0.015519770855425826,0.03026706136473889,693.4626617431641,704.4462353515624,716.4417388916015,,704.1404205334135,703.2706039760793,693.4626617431641,740.0704355610434,646.8548879252847,0.1344204277724799,52.2831218121675,5.546562526596631,2.2689066253892154,3.2776559012074156,14.356500936499035,25.11869673090668,27.400099097692625,-0.1264700847039876
2022-06-08,708.5430400104985,712.7754684354117,698.779686566501,701.7135009765625,9369224,0.0,0.0,ICICIBANK.NS,-0.007820500273829745,-0.007851240761646082,0.022209857529218224,694.1985260009766,705.0281921386719,715.6611486816406,,703.9092853375229,703.2095411133532,694.1985260009766,740.841138677848,647.5559133241052,0.1343783109006653,49.4992370863602,4.600737910220232,2.7352728823554187,1.8654650278648135,13.861815307747886,25.189579022233765,27.413214444316182,-0.1333015256457585
2022-06-09,697.3848570007303,706.1382158596396,694.6434365642413,704.8396606445312,7444368,0.0,0.0,ICICIBANK.NS,0.00445503708225381,0.004445142779990092,0.026763840350356283,695.9756591796875,705.4591284179687,714.7858099365235,,703.9978925096189,703.2734673694779,695.9756591796875,741.3136107829689,650.637707576406,0.13028602654500615,51.0845942443707,4.05665742463259,2.9995497908108533,1.0571076338217367,13.198781839689511,24.376387913938053,27.395325260175724,-0.12944035180337754
2022-06-10,697.1443292193943,700.5590982551531,690.651436191135,692.5752563476562,7990818,0.0,0.0,ICICIBANK.NS,-0.01740027552601109,-0.017553439652687616,0.008897866628114759,698.0269317626953,705.5495483398438,713.7786883544921,,702.9100223989558,702.8539296823477,698.0269317626953,738.3350049304868,657.7188585949038,0.11549145551161856,45.10254220659911,2.60579678774468,2.9207991901976187,-0.31500240245293876,12.941130800534657,24.490491670814645,27.40232065073185,-0.14458832954382606
2022-06-13,675.501409220141,675.5494929860281,656.118896030366,661.794189453125,16622521,0.0,0.0,ICICIBANK.NS,-0.044444364150196924,-0.04546229004789718,-0.03594195754666196,698.2674072265625,704.724228515625,712.5089672851562,,698.9942287850672,701.2437437910056,698.2674072265625,737.5898455855262,658.9449688675987,0.1126285945814023,34.25927234586089,-1.016082800124309,2.133422792133233,-3.149505592257542,14.76875853833407,27.513905643796367,28.299315314588934,-0.18260655732390854
2022-06-14,656.4075670911068,668.1909674562671,654.7242241817981,659.3894653320312,13348598,0.0,0.0,ICICIBANK.NS,-0.0036336434490017444,-0.0036402611671748322,-0.039445000737080016,697.0890716552734,703.8623583984376,711.2219323730469,,695.2223465514447,699.6023995377125,697.0890716552734,739.6245017069001,654.5536416036467,0.12203728843610803,33.58005783007057,-4.033988301133149,0.8999405734799567,-4.933928874613106,14.858077392081352,27.515484563159532,27.883885631281775,-0.18557667365214547
2022-06-15,661.3131703875983,669.8260509877281,659.9664728110403,661.0726928710938,9199591,0.0,0.0,ICICIBANK.NS,0.00255270614342451,0.002549453523243613,-0.03699298608936441,696.1223541259766,702.9196850585937,709.9151776123047,,691.9699985818876,698.0914306488255,696.1223541259766,741.0648834302348,651.1798248217184,0.12912249991076993,34.55807647004053,-6.21819823982014,-0.5236871891800627,-5.694511050640077,14.25343832655365,26.87244523166847,27.87502376969503,-0.18349769022362905
2022-06-16,673.3371360739453,673.3852198415971,650.5398527248025,652.6560668945312,13237239,0.0,0.0,ICICIBANK.NS,-0.012731770752787197,-0.012813514314070235,-0.04925377062380076,695.5548248291016,701.6095642089844,708.6637335205078,,688.2258146116632,696.3096516780688,695.5548248291016,742.4492303584852,648.6604192997179,0.13484028535322337,32.01921392739004,-8.530022933618852,-2.1249543380678206,-6.405068595551032,15.01265550122047,26.952274839450073,27.927416320487385,-0.19389321045082308
2022-06-17,645.6822128521729,666.2671143326384,644.4317413514729,660.68798828125,16335613,0.0,0.0,ICICIBANK.NS,0.012306514555110448,0.012231405001556084,-0.03755339831376614,694.4630554199218,700.5524255371093,707.4767364501953,713.762815246582,685.6031644849571,694.9127237017229,694.4630554199218,743.5980862673856,645.328024572458,0.14150509653174637,36.79154849221071,-9.603350284707403,-3.6206335273957375,-5.982716757311666,15.737521115646725,27.06829133223905,28.021813404252686,-0.1839728455122627
2022-06-20,659.8704104290523,661.601837081696,651.7903411029278,659.8223266601562,10981042,0.0,0.0,ICICIBANK.NS,-0.0013102427113071968,-0.0013111018298062932,-0.038814436958647947,693.255859375,699.4818200683594,706.3363928222657,713.6295910644532,683.1478465968809,693.5366297000929,693.255859375,744.6129049854757,641.8988137645243,0.14816187967535177,36.494188994228,-10.403892010636582,-4.977285224043907,-5.426606786592675,15.325274086167733,26.867501832075586,27.783337596508773,-0.18504203914365905
2022-06-21,664.2469821821254,681.0323245215084,662.3712458174364,669.5855712890625,13319648,0.0,0.0,ICICIBANK.NS,0.014796778215016015,0.014688373939976105,-0.02459198735884982,692.6763061523437,698.4727758789063,705.3518762207032,713.5192114257812,681.8562013294695,692.5973725075035,692.6763061523437,744.862211471622,640.4904008330655,0.15067905414336713,42.17106767449491,-10.133699865276412,-6.008568152290408,-4.125131712986004,16.057006765111712,27.25081363804992,27.873605451427103,-0.172983286942306
2022-06-22,667.8060844523557,672.2789898849275,659.0045835858111,660.4474487304688,6838249,0.0,0.0,ICICIBANK.NS,-0.0136474305158657,-0.01374141275268148,-0.03790380043598862,691.3897491455078,697.1703491210938,704.2451977539063,713.359052734375,679.8172725105171,691.3365911829139,691.3897491455078,745.483966627368,637.2955316636477,0.1564796630228188,38.68536502733765,-10.535494145064263,-6.91395335084518,-3.621540794219083,16.355889318327968,27.471079781142294,27.843573915229836,-0.18426994006922054
2022-06-23,663.910423327564,679.1085925519565,660.8322989846943,672.51953125,14960412,0.0,0.0,ICICIBANK.NS,0.018278642067187212,0.01811359586886215,-0.020317988369956907,689.9781494140625,696.00740234375,703.3265747070312,713.2340045166015,679.122249533325,690.5986672639762,689.9781494140625,744.5153713096331,635.4409275184919,0.15808391016986337,45.136938915912765,-9.767212492114027,-7.484605179098949,-2.2826073130150775,16.603244790745983,27.006211360981432,28.029823227577065,-0.1693595022803006
2022-06-24,683.8219212330318,688.0062067307631,679.6375770249666,686.2747802734375,10856736,0.0,0.0,ICICIBANK.NS,0.02045330787326116,0.020246948054679543,-0.0002802505681918088,688.7108306884766,695.0377966308594,702.675361328125,713.1818206787109,679.8034429371452,690.4291030682688,688.7108306884766,742.3001836056097,635.1214777713434,0.1556222162603775,51.41050988545676,-7.95669033488889,-7.579022210256938,-0.37766812463195176,16.929599088894747,26.377031982035167,28.11973364502267,-0.15237015644844076
2022-06-27,701.0882122028712,701.0882122028712,688.8238573904828,690.0262451171875,8285225,0.0,0.0,ICICIBANK.NS,0.005466418046508048,0.005451531409790077,0.005184635511552793,687.2126525878906,694.1740014648437,701.9880767822266,713.1635446166993,680.7770431447683,690.413304717246,687.2126525878906,738.756408633048,635.6688965427333,0.15000816952672505,52.98938514074714,-6.1482533827480665,-7.292868444755164,1.1446150620070972,16.998311881003037,26.32881730086025,27.04272465221346,-0.1477366573748918
2022-06-28,683.9662446708984,689.9781834973959,680.0705200533961,683.2448120117188,8339931,0.0,0.0,ICICIBANK.NS,-0.009827790107196699,-0.009876401594271755,-0.004694108105233741,685.1661956787109,693.2601879882812,701.0261669921875,713.1318014526368,681.0120687511445,690.1321873562449,685.1661956787109,733.6928042445683,636.6395871128535,0.14164916153748058,49.836840378291825,-5.20229028184599,-6.8747528121733295,1.6724625303273397,16.70973639492309,23.95688071302264,26.603581748249184,-0.15611252262226918
2022-06-29,678.0985749210753,679.7819176908649,674.250934304413,675.9823608398438,9570557,0.0,0.0,ICICIBANK.NS,-0.010629354287362558,-0.010686249405048,-0.015273567054482573,682.7662292480469,692.0376013183594,699.9584460449219,713.0442678833008,680.5330489500683,689.577292198739,682.7662292480469,727.8344915032047,637.6979669928891,0.1320166707858208,46.63685451665176,-4.981206575114015,-6.496043564761467,1.5148369896474518,16.531100567202195,24.136099371226617,26.54059086476936,-0.16508250159798576
2022-06-30,675.982305803216,684.7838064813714,674.4913569277157,680.2628173828125,11970404,0.0,0.0,ICICIBANK.NS,0.006332201535038218,0.006312237380608386,-0.009038080824192218,680.7197631835937,691.1074328613281,698.9797021484375,712.9815029907227,680.5073126103296,689.2120186765458,680.7197631835937,721.999069421856,639.4404569453314,0.12128135091952379,48.72654373800986,-4.409766037065992,-6.078788059222373,1.6690220221563807,16.25283093150643,23.095919812726144,26.40708808759712,-0.15979563573297434
2022-07-01,676.6556907124173,679.8299823900704,667.6617957970091,677.0885620117188,9884899,0.0,0.0,ICICIBANK.NS,-0.004666219128815707,-0.004677139915059128,-0.013662126287378284,678.776708984375,689.9829602050781,698.0067291259766,712.9646691894532,680.1817173152238,688.7365890034152,678.776708984375,716.5863210266203,640.9670969421296,0.1114051544249899,47.24890428811207,-4.165019422476689,-5.6960343318732365,1.5310149093965473,14.548878164971663,21.675210514226134,26.41518984247953,-0.16371621340963158
2022-07-04,678.0022588120788,693.6332967454169,678.0022588120788,692.67138671875,8303732,0.0,0.0,ICICIBANK.NS,0.023014455687646818,0.02275361755161398,0.009037903000228553,677.4949584960938,689.4529443359374,697.3689813232422,713.0255096435546,681.3712096393691,688.8908947961735,677.4949584960938,711.1747206919025,643.815196300285,0.09942439208867684,54.53751921584894,-2.682727432451543,-5.093372951988898,2.410645519537355,14.76873469777375,22.689752707533458,26.6760966812843,-0.14446959726085
2022-07-05,695.5091176817302,704.2625352158726,690.7476507282008,692.0462646484375,11460367,0.0,0.0,ICICIBANK.NS,-0.0009024799959960195,-0.0009028874762479033,0.008127266477569117,676.7350463867188,688.8228930664062,696.6663055419922,713.0500387573243,682.3878815449947,689.0146347903799,676.7350463867188,708.2016732140321,645.2684195594054,0.09299541081941193,54.2139050364876,-1.540682449494284,-4.382834851489975,2.8421524019956914,14.988613185771962,22.65244520045334,26.66852201486638,-0.1452416963352885
2022-07-06,695.4609984979778,704.0220218253087,694.4990884032364,698.2986450195312,12163533,0.0,0.0,ICICIBANK.NS,0.009034627727193989,0.008994059640070088,0.017235321031827677,676.5643035888672,688.2880688476563,695.9270770263672,713.0440267944336,683.9031923520935,689.3787136228956,676.5643035888672,707.4927044314055,645.635902746329,0.09142782342632362,56.96448580238677,-0.1295948412268899,-3.5321868494373585,3.4025920082104686,14.212212475777433,22.701277171777136,26.674224863788353,-0.13751927326495006
2022-07-07,707.9178207765542,715.6611861154397,705.0801739551308,713.7373657226562,10374018,0.0,0.0,ICICIBANK.NS,0.02210905149714737,0.021868190097995323,0.03972542912923749,677.0091888427735,688.3900317382812,695.3162640380859,713.1491152954102,686.7445421969089,690.3339548817097,677.0091888427735,709.847134392681,644.1712432928659,0.09700886218704995,62.892427747903426,2.2090138520093205,-2.383946709148023,4.592960561157343,13.892724483973357,22.77112157890749,25.566079816970927,-0.11845064246226782
2022-07-08,722.6830384310603,728.6468927274638,716.1901453275482,726.9154663085938,9797700,0.0,0.0,ICICIBANK.NS,0.01846351503902932,0.018295133793733796,0.05892241522642627,678.7261993408204,688.5545190429688,694.9786334228515,713.3689117431641,690.5703444932599,691.7685239572738,678.7261993408204,717.9594887628073,639.4929099188334,0.11560858991472651,67.06292777563209,5.067327674340504,-0.8936918324503176,5.961019506790821,14.256869557261878,22.953186977692756,25.193208739654715,-0.10217414264172318
2022-07-11,726.2421828202414,742.1617844896639,726.2421828202414,740.1898803710938,12440573,0.0,0.0,ICICIBANK.NS,0.0182612898992367,0.01809655503634169,0.07825970443167596,682.6459838867188,689.0585607910157,695.1306158447265,713.6461825561523,695.2960145768631,693.6674006793844,682.6459838867188,729.6515583688081,635.6404094046295,0.13771581637222258,70.64221167619344,8.307927629308324,0.9466320599014109,7.361295569406913,13.87898411498119,23.297435166617372,25.211334621152893,-0.08577868438147303
2022-07-12,736.1978684255724,738.2179148531969,728.8392914180108,730.9555053710938,10219829,0.0,0.0,ICICIBANK.NS,-0.012475683935817106,-0.012554158647558752,0.0648076771584587,686.2242858886718,689.4221618652343,694.9752673339843,713.9181625366211,698.6921565572659,695.1296792947455,686.2242858886718,736.5539328182783,635.8946389590653,0.14668570601353395,65.3240550803219,10.015536680872174,2.760412984095564,7.25512369677661,13.741568590264519,23.572390902655872,24.480015510239664,-0.09718422056251662
2022-07-13,735.6207927617427,735.6207927617427,721.3364504106216,724.5107421875,8674121,0.0,0.0,ICICIBANK.NS,-0.008816902172891994,-0.008856001045133661,0.05541937203600811,689.3961883544922,689.9791076660156,694.8709008789062,714.092268371582,701.151069474431,696.2818778395595,689.3961883544922,741.0307937635864,637.761582945398,0.1497966083402345,61.825805758214,10.7251576874703,4.353361924770511,6.371795762699789,13.428939913809756,23.723742987775307,24.19883682792891,-0.10514425896996013
2022-07-14,721.4325422829062,730.5706878184897,720.2782384731875,723.7411499023438,7044542,0.0,0.0,ICICIBANK.NS,-0.0010622234293347077,-0.0010627879884689904,0.05429828085125776,692.9504425048829,690.4331274414062,694.890620727539,714.2339093017578,703.3025057056608,697.3587120381001,692.9504425048829,743.7155666030695,642.1853184066962,0.14651877243827277,61.40293739478501,11.097512565191664,5.702192052854742,5.395320512336922,13.057923761276836,23.69677029171566,24.056577586564387,-0.10609479570395693
2022-07-15,724.5587569197754,730.0897397970256,715.8534825680827,722.5868530273438,6358018,0.0,0.0,ICICIBANK.NS,-0.0015949029223442102,-0.0015961761339560886,0.05261677744210558,696.0453857421875,691.0477868652343,694.9127435302735,714.3358715820312,705.1391102124877,698.3480509004233,696.0453857421875,746.0708362556935,646.0199352286814,0.14374192125464436,60.731980910243905,11.170695552691996,6.795892752822192,4.374802799869803,13.016696996956066,23.597672696601386,22.46475645387312,-0.10752048772658737
2022-07-18,730.3303106238806,743.7008857282622,728.9836128758354,742.5946655273438,8045363,0.0,0.0,ICICIBANK.NS,0.027689145486352817,0.02731273364541659,0.0817628365340759,700.1840026855468,692.2338232421876,695.0815588378906,714.5996755981446,708.7063059567597,700.0832122583417,700.1840026855468,751.2757766774848,649.0922286936088,0.1459381356785535,67.38462583889532,12.696796092155864,7.976073420688927,4.7207226714669375,13.813718971036565,24.880656119135967,22.737163093775177,-0.08280849266765959
2022-07-19,738.5547008848939,752.2138385963596,737.9294944294027,750.915283203125,12825591,0.0,0.0,ICICIBANK.NS,0.011204790529800723,0.011142481869369357,0.09388376252036323,704.25048828125,693.5679943847656,695.3638812255859,714.9418759155274,712.7262085516517,702.076626805196,704.25048828125,757.9669509598506,650.5340256026494,0.15254930900991676,69.68477888069842,14.411519052001495,9.263162546951442,5.148356505050053,14.191609432440218,24.527917159678854,22.78994162027552,-0.07253155395228862
2022-07-20,759.4280377870839,759.4761215508933,750.5784529637742,753.2717895507812,8152179,0.0,0.0,ICICIBANK.NS,0.003138178700537564,0.0031332648953412284,0.0973165652447685,708.8917053222656,694.893505859375,695.7342163085938,715.3374615478516,716.5876924563306,704.0842802461993,708.8917053222656,762.7130296320233,655.0703810125078,0.15184639319567245,70.32311642864819,15.778712543408687,10.566272546242892,5.212439997165795,14.091982220544748,24.34714805294449,22.70259735526996,-0.06962099222948093
2022-07-21,755.0033236534806,758.8990481398317,750.386107821899,756.0614013671875,8312338,0.0,0.0,ICICIBANK.NS,0.0037033270794195605,0.0036964866467291044,0.10138028739553517,713.068798828125,696.6287939453125,696.4902770996093,715.7878762817382,720.3470933049837,706.1225987215323,713.068798828125,767.9611796430283,658.1764180132216,0.15396096675416143,71.09894051381912,16.892594283644257,11.831536893723165,5.061057389921093,13.799976415696838,24.342824804211606,22.70498784620499,-0.06617549445588085
2022-07-22,759.0433046266951,773.2796223541096,759.0433046266951,769.5762329101562,12267898,0.0,0.0,ICICIBANK.NS,0.017875309490115177,0.017717424860241842,0.12106780089904245,717.2338714599609,698.9893225097657,697.1636145019531,716.2681103515625,725.0355827911906,708.6109765328509,717.2338714599609,776.0659931290601,658.4017497908618,0.1640528257522021,74.56775595409489,18.650891675762068,13.195407850130945,5.4554838256311236,13.848082576641405,23.98690772815821,22.47023346097352,-0.049483092409825846
2022-07-25,772.4138476869208,786.6501061139277,766.738554338088,770.3938598632812,21034148,0.0,0.0,ICICIBANK.NS,0.0010624378952468483,0.0010618739075388148,0.12225886581385859,721.2522521972656,701.2575061035157,697.7234460449218,716.7673419189454,729.3554187028183,711.0338347026717,721.2522521972656,783.158071711565,659.3464326829663,0.17166204840457897,74.76508838409168,19.881153131080737,14.532556906320902,5.348596224759834,14.304987382939114,19.212129257195944,22.470441204795254,-0.04847322722712928
2022-07-26,771.0671058836498,772.2214097355484,761.4961474412256,765.968994140625,7374145,0.0,0.0,ICICIBANK.NS,-0.005743640951968998,-0.005760199090771128,0.11581301383345988,725.388461303711,702.9177624511718,698.5069219970703,717.2810018920899,732.8424258873713,713.1881546806306,725.388461303711,787.6551657821534,663.1217568252686,0.171678232561166,71.53038884005987,20.265486599610426,15.67914284497881,4.586343754631617,14.21566631989994,19.305444589231996,22.384416560184103,-0.05393845536612249
2022-07-27,764.718588281616,773.1833860702128,764.3819432048724,770.0090942382812,9536564,0.0,0.0,ICICIBANK.NS,0.00527449561086879,0.0052606341789051695,0.12169836467747475,730.0897979736328,704.7098034667969,699.489994506836,717.7537808227539,736.382108587458,715.4164268201464,730.0897979736328,790.8298196399787,669.3497763072869,0.16639055040881295,72.69210500658431,20.657944036025242,16.6749030831881,3.9830409528371433,13.604159303430793,19.290620331684924,22.236818112669468,-0.04894845790133943
2022-07-28,776.2134437176873,784.4377641441448,774.6262684115555,783.572021484375,11124518,0.0,0.0,ICICIBANK.NS,0.017613983195238214,0.017460654856831025,0.14145594082303004,735.255258178711,707.1011108398437,700.7072924804687,718.2886029052735,740.876386006212,718.0891952383515,735.255258178711,795.7242920222869,674.786224335135,0.16448446487377144,76.20278061610034,21.811949682066825,17.702312402963845,4.10963727910298,13.56981236779194,18.843476233526058,22.270728863972064,-0.03219665202100815
2022-07-29,789.391518265425,792.0367709439709,777.2233324599823,787.4195556640625,11095993,0.0,0.0,ICICIBANK.NS,0.004910249567613212,0.004898233610384555,0.14706077436290577,740.7718078613282,709.1990344238282,702.2930004882812,718.7950482177735,745.3090688307692,720.8080329021049,740.7718078613282,798.9864691318996,682.5571465907567,0.15717299349888111,77.10209584711427,22.774441736096605,18.716738269590397,4.057703466506208,13.490800711689515,18.75624481407864,22.227383803839988,-0.027444496050059643
2022-08-01,789.4396960078215,793.5758980373424,786.169177913593,792.036865234375,7974903,0.0,0.0,ICICIBANK.NS,0.005863849249233555,0.005846723799980999,0.15378696582347895,745.7400817871094,711.3604467773438,703.8166668701172,719.3471853637695,749.7593351549222,723.6013204445468,745.7400817871094,803.6297734699014,687.8503901043174,0.1552543388684801,78.16835643450823,23.63732554202977,19.700855724078274,3.9364698179514974,13.209095795308551,18.630309428123493,22.237720155716094,-0.02174157718838486
2022-08-02,788.7662874861472,790.6901076995281,781.2634003960286,786.6019897460938,11106772,0.0,0.0,ICICIBANK.NS,-0.006861897124792238,-0.00688554819711348,0.14586979836007208,750.4678680419922,713.4689538574219,705.2624169921875,719.8656549072266,753.2681594017004,726.0719349269605,750.4678680419922,805.25531989108,695.6804161929044,0.14600878780334986,73.81146500401141,23.610451555681152,20.48277489039885,3.1276766652823014,12.958318830110361,18.81569410136851,21.99363108863458,-0.028454285847179715
2022-08-03,786.6020290378756,796.4616081239511,780.638174336426,793.3834838867188,11073975,0.0,0.0,ICICIBANK.NS,0.008621252207630326,0.00858430143555318,0.15574863088884072,755.2221099853516,715.6130517578125,706.6879681396484,720.3345861816406,757.0886664955116,728.7116035136177,755.2221099853516,807.3877855403034,703.0564344303998,0.13814657930489777,75.63624478421767,23.86130535473785,21.158480983266653,2.7028243714711984,13.353389147411999,17.938031848568315,21.97249579244957,-0.020078345214225832
2022-08-04,792.6139378476455,798.3373147962578,777.560021005119,789.0067749023438,11113742,0.0,0.0,ICICIBANK.NS,-0.00551651133816633,-0.005531783478692218,0.14937293046247224,758.9855804443359,717.3781567382813,708.0572467041015,720.6943405151367,760.1284863437813,731.0761200386657,758.9855804443359,809.3800652785351,708.5910956101368,0.1327943142337342,72.14245219717527,23.43678034550453,21.61414085571423,1.8226394897903013,13.820606044711708,17.87050984739871,21.879507943237748,-0.025484094133366282
2022-08-05,791.7482532411908,808.8703015771094,791.7482532411908,806.2731323242188,16056522,0.0,0.0,ICICIBANK.NS,0.02188366180253909,0.02164765144924647,0.17452541895770635,762.9534637451172,719.2711962890625,709.4236401367187,721.1308071899414,764.5232145323945,734.0250224812365,762.9534637451172,815.1794058115213,710.7275216787132,0.13690465945338803,76.71256179700177,24.214462707018356,22.134205225975055,2.0802574810433008,13.7312841857008,17.979684717259058,22.122322300385324,-0.004158117628185823
2022-08-08,809.5631921761261,815.0789944859878,804.2893695647675,809.9019165039062,12142951,5.0,0.0,ICICIBANK.NS,0.004500688456809732,0.004490590645250069,0.17981159195303897,766.4390655517578,721.0694384765625,710.8147790527344,721.593113708496,768.8449956725385,737.0005869527138,766.4390655517578,821.4966353391895,711.3814957643261,0.14367109470808584,77.54627601288465,24.837285372600945,22.674821255300234,2.1624641173007113,13.481661382433897,17.981774844661988,21.868501610596496,0.0
2022-08-10,814.9338149348046,825.4331460989276,814.9338149348046,821.3204956054688,23658553,0.0,0.0,ICICIBANK.NS,0.014098718460690884,0.014000255914169915,0.19644542342464444,770.9573150634766,723.0123693847656,712.217660522461,722.0661007690429,773.8426623328176,740.3072500371355,770.9573150634766,828.5282190915716,713.3864110353816,0.14934913490860366,79.97562580897261,25.953089664306276,23.330474937101442,2.6226147272048337,13.955487168712637,17.55128516221445,21.962739818726092,0.0
2022-08-11,832.2552912138466,838.4968549181506,830.3682985968268,831.9166259765625,22787391,0.0,0.0,ICICIBANK.NS,0.012901334409392007,0.012818821124488478,0.2118811659348323,776.3276092529297,725.1710681152343,713.610112915039,722.5737924194336,779.3735160131741,743.8997745837797,776.3276092529297,835.6667681827307,716.9884503231287,0.15287143783770318,81.92948033881973,27.376808957617754,24.139741741204706,3.237067216413049,14.574302811194716,16.902134411977627,22.015782838786276,0.0
2022-08-12,836.0293076257171,848.899473062235,830.7554261885765,846.1416015625,10792853,0.0,0.0,ICICIBANK.NS,0.01709903990587902,0.01695449669643528,0.23260317035233524,782.4476318359375,727.6700573730469,715.2347521972656,722.7563018798828,785.7323813035862,747.90925799471,782.4476318359375,844.1514391972617,720.7438244746133,0.15771996706422933,84.16347479113111,29.315028006724333,25.17479899430863,4.140229012415702,14.640433231675884,17.151544495259603,22.06921067590433,0.0
2022-08-16,852.9638133694502,855.9152333962162,848.0770282021615,850.8348999023438,13804836,0.0,0.0,ICICIBANK.NS,0.005546705576439104,0.005531379252681395,0.23944005723086503,788.8600341796875,730.3677624511719,716.8346624755859,723.0214352416992,791.9326211701344,751.9455576773622,788.8600341796875,851.0246488755408,726.6954194838343,0.15760619628929853,84.82984089805667,30.87389547109194,26.314618289665297,4.559277181426644,13.916296092952775,16.78088669577208,22.031884625588905,0.0
2022-08-17,853.3024149715411,856.8828520268717,850.0123299157488,854.70556640625,9058040,0.0,0.0,ICICIBANK.NS,0.004549256858587425,0.0045389402663238545,0.24507858841203056,794.4655792236329,733.0957458496093,718.4723175048828,723.2789883422852,797.9109969069074,755.9753619412403,794.4655792236329,859.2287816479733,729.7023767992924,0.16303589259997464,85.37635444411336,32.05216223156526,27.46212707804529,4.59003515351997,13.6409575084385,16.158031072382695,22.032259593330572,0.0
2022-08-18,852.0928448500796,858.9634262899489,846.7705909046541,856.4957885742188,13137856,0.0,0.0,ICICIBANK.NS,0.0020945483899164064,0.002092357881654628,0.24768646576470843,799.7446044921875,736.080771484375,720.2635034179688,723.7200790405274,803.4905008752228,759.917339456259,799.7446044921875,866.734863449582,732.754345534793,0.16752913012756424,85.63413399719853,32.752848644405844,28.520271391317404,4.23257725308844,13.883199831292384,16.052356878349013,21.99793597641075,0.0
2022-08-19,856.3990149386066,858.237635318903,836.3679753190374,842.2708740234375,10787199,0.0,0.0,ICICIBANK.NS,-0.016608271448083856,-0.01674773511154833,0.22696455025918771,804.1945587158203,738.8919189453125,721.9600555419922,724.0739334106445,807.1838697464814,763.1468898314424,804.1945587158203,870.0001247848597,738.3889926467809,0.16365583516038992,74.41002930682328,31.793816625977456,29.174980438249413,2.618836187728043,14.414699123721098,17.454280647985733,22.195691399545954,-0.016608271448083838
2022-08-22,837.5776246806269,839.3678728471355,822.1430760971803,824.7074584960938,13848023,0.0,0.0,ICICIBANK.NS,-0.02085245503438249,-0.021072937934269204,0.2013793271461266,807.6268615722656,741.2892749023438,723.3742016601562,724.3310729980469,808.8527829607302,765.5610297790759,807.6268615722656,869.9294063542817,745.3243167902496,0.1542854695563919,63.36648648919377,29.27904538285111,29.195793427169754,0.08325195568135513,14.794296226740292,18.48914180469701,22.49643252157304,-0.03711440324889632
2022-08-23,818.0304586656986,839.9484930837893,815.5628798591476,835.9810180664062,13254855,0.0,0.0,ICICIBANK.NS,0.013669767933068622,0.013577179476303573,0.21780190374780029,810.9471008300782,744.1573901367187,724.8534692382813,724.6587683105469,811.436424399366,768.3225979472065,810.9471008300782,871.7717179627159,750.1224836974404,0.1500088404542743,66.77509741074826,27.87443397139134,28.93152153601407,-1.05708756462273,16.007074305375454,18.233862456222063,22.57902762686926,-0.02395198059521435
2022-08-24,829.3523071984492,847.0608858274338,829.3523071984492,845.0771484375,10494109,0.0,0.0,ICICIBANK.NS,0.010880785776850255,0.010822015950894074,0.23105254538112052,814.681265258789,747.8230493164062,726.2736389160157,725.1040878295898,814.6403028791883,771.3325803193749,814.681265258789,874.1785926671207,755.1839378504574,0.14606283449867216,69.26038990194807,27.18191481570375,28.58160019195201,-1.3996853762482608,16.502439576135323,17.880117136590712,22.624309393522147,-0.013331811188151896
2022-08-25,845.0771471360761,852.9637834319626,838.6904660215745,844.1578369140625,9827829,0.0,0.0,ICICIBANK.NS,-0.0010878433112730956,-0.0010884354422774902,0.22971335310380203,818.590707397461,751.5184167480469,727.6903875732422,725.5633276367188,817.4514965967954,774.1884727348529,818.590707397461,874.7951931031297,762.3862216917922,0.13732011662912522,68.70106012408837,26.25624202444112,28.116528558449836,-1.860286534008715,16.391716977768397,17.23421169371835,22.593560678519474,-0.014405151577796833
2022-08-26,845.8996983939115,849.1414112105084,839.2710376950179,842.706298828125,5976725,0.0,0.0,ICICIBANK.NS,-0.0017195102887912483,-0.0017209903434974145,0.22759884834087596,822.2255676269531,755.1510888671875,729.0353869628906,726.0246881103516,819.856715856922,776.8754463071381,822.2255676269531,874.464148749333,769.9869865045731,0.12706630194715818,67.7704372740929,25.115991163753847,27.51642107951064,-2.400429915756792,15.612651243793518,16.86325852672771,22.54344009131419,-0.016099892060238468
2022-08-29,822.578553999964,833.1746899177208,819.6271339840993,828.1911010742188,7755134,0.0,0.0,ICICIBANK.NS,-0.017224503690183912,-0.017374571175628347,0.206454067447563,824.4565216064453,758.6617895507812,730.1356768798828,726.3826913452149,820.650466829998,778.887824925455,824.4565216064453,873.4550764631567,775.4579667497339,0.11886267758847537,59.14280899117712,22.77850259266154,26.56883738214082,-3.7903347894792816,15.84233968445495,17.989816748630833,22.61237084361985,-0.03304708310021922
2022-08-30,832.6908149001724,861.9632113565701,831.3360357366329,858.6246948242188,12544701,0.0,0.0,ICICIBANK.NS,0.03674706684305784,0.03608799095593657,0.25078771570713765,828.0167785644531,762.6205236816406,731.586474609375,726.920036315918,824.2670599723048,782.0147609999163,828.0167785644531,876.0218132091888,780.0117439197174,0.1159518403188951,68.26508881920958,23.115303896305363,25.878130684973733,-2.76282678866837,17.483945781678603,20.151194420150752,23.336193529008042,0.0
2022-09-01,835.109967295738,857.0763710637874,835.109967295738,846.0931396484375,15877583,0.0,0.0,ICICIBANK.NS,-0.014594915859421853,-0.014702469416761394,0.23253257423839346,830.7195922851563,766.3459399414063,732.9138800048828,727.4401742553711,826.3457342271746,784.527638593976,830.7195922851563,876.2165963392648,785.2225882310478,0.10953636937574725,62.11517521368481,22.116089075778063,25.125722363134603,-3.0096332873565395,18.054195634068556,19.892795844654863,23.228874296355198,-0.014594915859421865
2022-09-02,845.8513119492113,852.8186382751104,838.9807893180364,844.206298828125,8401284,0.0,0.0,ICICIBANK.NS,-0.0022300627813818252,-0.0022325530744150067,0.2297839492177436,833.5998077392578,769.8383544921875,734.1555651855468,727.9261087036133,828.046740379646,786.8679782110014,833.5998077392578,874.3868235353441,792.8127919431715,0.09785754607286108,61.22087189644297,20.930676041826928,24.28671309887307,-3.356037057046141,17.815730608667998,19.876536029116682,23.228259824944043,-0.016792431062148224
2022-09-05,843.3836943531853,857.2699740492576,843.3836943531853,853.9314575195312,8744999,0.0,0.0,ICICIBANK.NS,0.011519884067325847,0.01145403543276929,0.24395091774059008,836.6272064208985,773.7080346679687,735.4391918945313,728.476540222168,830.5119515358256,789.4979185760418,836.6272064208985,873.6612691097166,799.5931437320803,0.08853181537629007,64.09060392644483,20.539203548537785,23.537211188806012,-2.998007640268227,17.51160438169756,19.99355391533908,23.28488335018352,-0.005465993853866874
2022-09-06,853.9797928845436,861.1890392092437,849.7219663261209,855.0926513671875,9879326,0.0,0.0,ICICIBANK.NS,0.0013598209053327093,0.0013588971861856671,0.24564246820374147,839.9315002441406,777.3594970703125,736.6834497070313,729.0772665405274,832.8529705673839,792.0702610384396,839.9315002441406,870.261712911177,809.6012875771041,0.07222068146800173,64.42908242493993,20.09106018069076,22.84798098718296,-2.7569208064922,17.63256445665517,20.010813381639725,22.911867288774634,-0.0041136057212451185
2022-09-07,850.1575143125283,854.1250483069637,844.303046547282,847.8834838867188,8814960,0.0,0.0,ICICIBANK.NS,-0.008430861227660125,-0.0084666019634088,0.23514062941503577,842.0120178222656,780.5916711425781,737.8147338867187,729.6551733398437,834.2844480263682,794.259014875627,842.0120178222656,868.021756067342,816.0022795771893,0.06177996915613288,60.60939350393726,18.93590247033808,22.065565283813985,-3.129662813475907,17.912498935853932,19.899366425383977,22.88921618413037,-0.012509785709924155
2022-09-08,856.8828858383836,871.6884168302877,856.8828858383836,869.7530517578125,12163106,0.0,0.0,ICICIBANK.NS,0.025793128757318318,0.025466097527237466,0.2669987707029329,845.0045745849609,784.1862072753906,739.1801043701172,730.3347320556641,837.6624102865057,797.2195653415952,845.0045745849609,869.165457431201,820.8436917387207,0.057185211945408,67.00071111506293,19.55965153062948,21.564382533177085,-2.0047310025476044,18.74193447573066,20.921181239252498,23.20126043688486,0.0
2022-09-09,880.7362997186498,882.4781165024692,868.688640114694,872.1239013671875,9936230,0.0,0.0,ICICIBANK.NS,0.0027258882329683765,0.0027221797374066756,0.27045246774317744,847.5447448730469,787.9637890625,740.6119885253906,731.0785696411133,840.9444570560945,800.1569902837753,847.5447448730469,871.9029369273633,823.1865528187304,0.05747942442369816,67.61419189124081,20.014569406755072,21.254419907892682,-1.2398505011376102,18.164778503438495,20.71666443825175,23.183485171147474,0.0
2022-09-12,875.8010507589318,879.5266638893588,873.623765094288,877.881591796875,6016978,0.0,0.0,ICICIBANK.NS,0.006601917939253132,0.006580220722159075,0.2788398906809395,849.8429931640625,792.0017736816407,742.0196875,731.8519171142578,844.4622794123593,803.2050138725243,849.8429931640625,876.5528356142077,823.1331507139173,0.06285829892107807,69.11581687049181,20.60220322538396,21.12397657139094,-0.5217733460069809,17.255847403146642,20.725006301407827,22.805383134483016,0.0
2022-09-13,884.4134833949648,884.4134833949648,876.0430056649864,880.5911254882812,10400475,0.0,0.0,ICICIBANK.NS,0.0030864455032715288,0.0030816922083615416,0.28278696031093586,851.5654693603516,796.00833984375,743.5578863525391,732.5986520385742,847.9031218957805,806.2397633476521,851.5654693603516,881.5167749441745,821.6141637765287,0.07034410544222897,69.82488283427934,21.04396228686778,21.107973714486313,-0.06401142761853151,16.11190915352784,20.348160748156893,22.797335038335095,0.0
2022-09-14,869.2207866727828,892.4451661664057,869.0272383644723,888.4292602539062,14712947,0.0,0.0,ICICIBANK.NS,0.008900992229825988,0.008861611908594684,0.2942050370771856,853.4451873779296,800.2351538085937,745.1090570068359,733.4285855102539,851.7627541203639,809.4628808733876,853.4451873779296,887.6238877478271,819.2664870080322,0.08009583011395473,71.8390723499631,21.775516891420807,21.241482349873213,0.5340345415475944,16.51971980873847,20.396869927374766,22.66405448643338,0.0
2022-09-15,890.2679573802188,906.3798956687386,886.1553064901472,887.9454956054688,16253099,0.0,0.0,ICICIBANK.NS,-0.0005445167894394531,-0.0005446650925445746,0.29350032070552,855.1071838378906,804.1406359863281,746.7967901611328,734.3948553466797,855.2087294998977,812.5406304707241,855.1071838378906,892.6145444431568,817.5998232326244,0.08772551865820072,71.5217536937588,22.06192725760343,21.40557133141926,0.6563559261841689,16.94481064932442,20.43353359030757,22.52458193762118,-0.0005445167894394245
2022-09-16,885.3327596651574,887.9454552145844,875.9462274246139,879.7201538085938,11966860,0.0,0.0,ICICIBANK.NS,-0.009263340866734526,-0.00930651242413925,0.28151818632359427,856.2684020996094,807.8941137695313,748.3585034179688,735.3382748413086,857.5431508626306,815.175121582013,856.2684020996094,895.3613048977064,817.1754993015123,0.0913099273597845,66.16994965046804,21.37875224722552,21.400207514580515,-0.02145526735499459,17.096874553993302,20.554901695784682,22.616591773170892,-0.009802813611545735
2022-09-19,875.7043112274364,883.0103024654416,866.4145235666459,870.14013671875,11235656,0.0,0.0,ICICIBANK.NS,-0.010889846104319423,-0.01094957449621254,0.2675626504946438,857.661865234375,811.3309436035156,749.8095062255859,736.2532733154297,858.7428638013087,817.330612371689,857.661865234375,896.6405933672089,818.6831371015411,0.09089532766431702,60.49241271046509,19.835650778967874,21.08729616745799,-1.2516453884901146,16.633775557905437,20.93299852239975,22.732844467915612,-0.020585908584246044
2022-09-20,879.8169338004462,892.6870991353413,878.0266857521228,887.1229248046875,12090663,0.0,0.0,ICICIBANK.NS,0.019517302293373895,0.019329282240370754,0.29230205392013797,860.7826385498047,814.7986547851563,751.5943432617188,737.1889776611329,861.4457267540114,820.0675658004341,860.7826385498047,898.6301094612378,822.9351676383716,0.08793734728478324,66.05308022563085,19.755373170761345,20.820911568118664,-1.0655383973573187,15.83197928177972,21.285089496816415,22.385876255205396,-0.0014703876916946762
2022-09-21,882.5264794881863,887.3648922046785,876.3817189633032,885.6714477539062,8917640,0.0,0.0,ICICIBANK.NS,-0.0016361622613921822,-0.0016375022366757713,0.29018763806919434,863.2671600341797,817.9737744140625,753.2641467285156,738.1429150390625,863.7529382778108,822.6402670535115,863.2671600341797,900.7818533330939,825.7524667352656,0.08691328718546137,65.20831646578446,19.35155780790751,20.527040816076433,-1.1754830081689214,14.936868261272187,20.650074521016755,21.829891797138863,-0.0031041441602360532
2022-09-22,876.7203576495209,882.2361597916347,866.3661429375974,874.2044067382812,11125669,0.0,0.0,ICICIBANK.NS,-0.012947285412334142,-0.013031832071449978,0.2734832104836473,864.7235229492187,820.6540649414062,754.8563128662109,739.0688558959961,864.748316226427,824.6623901784044,864.7235229492187,901.5195467561553,827.9274991422822,0.0851047134266461,58.809288600919835,17.899897966158278,20.0016122460928,-2.101714279934523,15.327400822646107,21.168499544145256,21.98657902888293,-0.016011239332166576
2022-09-23,872.5594145057854,875.6560106463846,850.351086965395,853.7379760742188,15927517,0.0,0.0,ICICIBANK.NS,-0.023411493360487867,-0.023689896173049046,0.24366906675671673,865.2025299072266,823.1097143554688,756.2659381103516,739.924928894043,863.6997124024072,825.8026092331422,865.2025299072266,901.1100011800258,829.2950586344273,0.08300362061273572,49.47697040129536,14.925920453510571,18.98647388757636,-4.060553434065788,16.143018250140205,22.171273799995603,21.56624613191155,-0.03904788566933624
2022-09-26,841.8837928319115,849.528508368895,831.4328334230806,833.2230224609375,14208640,0.0,0.0,ICICIBANK.NS,-0.02402956666823708,-0.024322986745364514,0.21378423800386193,864.7283660888672,825.2839599609375,757.6315338134766,740.5577075195313,860.7971705032196,826.0936058303107,864.7283660888672,902.1069631168117,827.3497690609228,0.08645165000659434,42.24108341522203,10.789264616006108,17.34703203326231,-6.557767417256201,16.917166090712726,23.06983233788715,21.997436454261578,-0.06213914856562832
2022-09-27,836.9970288789647,846.577050634224,821.175383834994,824.9977416992188,12493809,0.0,0.0,ICICIBANK.NS,-0.009871643653610596,-0.009920691382568233,0.20180219253391862,864.5686981201172,827.309091796875,758.8711096191406,741.0591806030274,857.3877010933147,826.0506307663463,864.5686981201172,902.6255768880012,826.5118193522333,0.08803667967770125,39.73211477612993,6.769192607157379,15.231464148041324,-8.462271540883945,17.960884803521612,22.669224781983967,21.638834331561235,-0.07139737668766026
2022-09-28,816.724071662099,835.3519607373306,816.724071662099,822.0463256835938,11411458,0.0,0.0,ICICIBANK.NS,-0.0035774837511022284,-0.003583898249174916,0.19750276471808959,862.739779663086,829.29828125,760.1730340576172,741.5382015991211,854.0218558161985,825.8935991944736,862.739779663086,905.2541010405333,820.2254582856386,0.09855653437946234,38.84063621936382,3.306981150463571,12.846567548525774,-9.539586398062204,17.591095955783228,22.60331826017688,21.230590399546717,-0.07471943748379108
2022-09-29,830.2716815832371,833.7553153634176,813.9178218057762,816.6273803710938,13803629,0.0,0.0,ICICIBANK.NS,-0.006592019382841596,-0.006613842701979454,0.18960880328206153,861.2664916992187,830.778935546875,761.5063793945312,741.9756991577149,850.460477202379,825.530218064145,861.2664916992187,908.0387325142364,814.494250884201,0.10861270295733737,37.19068021683138,0.12445538424515235,10.302145115669651,-10.177689731424499,18.02309718220224,22.59417590285237,21.2810141913441,-0.08081890488646454
2022-09-30,816.6273637143701,839.0291803007915,810.4341714951942,834.1423950195312,13175031,0.0,0.0,ICICIBANK.NS,0.021447988482186764,0.02122121717276106,0.21512351919316308,860.763296508789,832.4434777832031,763.0057360839844,742.5200100708008,848.9063741373459,825.8679504937679,860.763296508789,908.5146354450396,813.0119575725384,0.11095115028702437,45.28163153370749,-0.973185633107505,8.04707896591422,-9.020264599021726,19.536829059589813,23.532577810676788,21.500048806423106,-0.06110431934542569
2022-10-03,831.9166422617177,833.1262453651974,818.3690875027453,820.9334106445312,8232026,0.0,0.0,ICICIBANK.NS,-0.01583540706463038,-0.01596212667456188,0.1958815436329331,859.113394165039,833.7967102050782,764.3451080322266,742.9759112548828,846.2422823761254,825.6744391271311,859.113394165039,910.0337788487034,808.1930094813747,0.11854170829952707,40.99290996856824,-2.875778509858492,5.862507470759678,-8.73828598061817,20.065602615790347,23.488417151809713,21.696392021324684,-0.0759721146398141
2022-10-04,837.0454198204252,844.4482150774257,832.3037516206572,839.6098022460938,8975095,0.0,0.0,ICICIBANK.NS,0.02275019064810535,0.022495264234691923,0.2230880767431329,858.3392517089844,835.4676782226562,766.0482360839844,743.5559759521484,845.6106176018368,826.2209239553257,858.3392517089844,909.982653043883,806.6958503740858,0.1203333093111488,48.430121318011395,-2.8437869492412347,4.121248586759496,-6.96503553600073,20.07252237514471,23.644651420448103,21.735631133383624,-0.054950304083704174
2022-10-06,844.8352463345713,862.8825496852432,844.8352463345713,856.8345336914062,12116698,0.0,0.0,ICICIBANK.NS,0.020515162399525888,0.02030756097171828,0.248179927266442,858.7868041992188,837.2128442382813,768.1010833740235,744.2755496215821,846.6795619913196,827.4214576704661,858.7868041992188,910.2033268615461,807.3702815368914,0.11974222801495187,54.16761892250903,-1.4122618568324015,3.0145464980411165,-4.426808354873518,20.29024796518457,24.050594322646333,21.838909969139745,-0.035562456096358726
2022-10-07,848.851120372951,855.9151909732008,844.5932936497752,854.0281982421875,9705750,0.0,0.0,ICICIBANK.NS,-0.003275236161559114,-0.0032806114877001994,0.24409184323252675,858.0005615234375,838.8855310058593,770.0715185546875,745.0428948974609,847.3794321104499,828.4648592615141,858.0005615234375,909.1914355188968,806.8096875279781,0.11932596851583997,53.130468241050075,-0.4984696765997114,2.3119432631129513,-2.8104129397126627,20.307531669525726,23.89116809985564,21.796629507876684,-0.038721216815717205
2022-10-10,843.8192448433513,861.0439836709703,842.5612692495802,853.254150390625,7357588,0.0,0.0,ICICIBANK.NS,-0.0009063492905219128,-0.0009067602733882457,0.24296426147306893,857.0570739746094,840.6312341308594,771.7744982910157,745.8946252441406,847.9389290895142,829.4369883254009,857.0570739746094,907.8459202888897,806.268227660329,0.11851916950815578,52.830002023701056,0.16139752689480247,1.8818341158693215,-1.720436588974519,20.442312778282478,23.89020412502433,21.792284519601868,-0.03959247115885003
2022-10-11,854.7056245622693,854.7056245622693,837.4808867374292,842.4644165039062,11130051,0.0,0.0,ICICIBANK.NS,-0.012645392796248545,-0.012726026258124324,0.22724649015504306,855.2862152099609,842.0803405761719,773.3950720214843,746.6423876953126,847.417546938504,829.9478678618129,855.2862152099609,905.4841898313691,805.0882405885527,0.11738286839823625,48.695980544198314,-0.18417129924387154,1.468633032846683,-1.6528043320905546,20.06215387887168,24.18511194618548,21.92544890907652,-0.05173720160552074
2022-10-12,839.9000717968735,843.5288813192437,833.6585076058656,840.287109375,14557532,0.0,0.0,ICICIBANK.NS,-0.002584449961627766,-0.0025877954177823334,0.22407473301065406,853.2710144042969,843.2146423339843,775.1578765869141,747.319384765625,846.7384576467417,830.3533283133105,853.2710144042969,902.4166371624171,804.1253916461767,0.11519346591758019,47.88173456880882,-0.6265056057982292,1.0496053051177008,-1.67611091091593,19.982668198300455,23.639774975509237,21.917246708472586,-0.054187939358444355
2022-10-13,834.4809545241243,837.4808056192348,823.0139408776964,826.0137329101562,11563124,0.0,0.0,ICICIBANK.NS,-0.016986308971775332,-0.01713223113112249,0.2032822213911918,850.1502380371094,843.9865258789063,776.5927801513672,747.932229309082,844.7646743384955,830.1831481014221,850.1502380371094,897.7996382385497,802.500837835669,0.11209642265455778,42.826234657171064,-2.1045410841310286,0.41877602726795493,-2.5233171113989834,19.83751560408579,21.53410386244808,22.090647104632804,-0.07025379524973335
2022-10-14,855.2378190572801,855.2378190572801,840.4806602874627,842.125732421875,8199540,0.0,0.0,ICICIBANK.NS,0.019505728379301868,0.019317929829046267,0.22675311756529126,847.8592498779296,844.9883032226562,778.174375,748.6458340454102,844.5133465369125,830.65148474144,847.8592498779296,892.1445664980755,803.5739332577838,0.10446384025773578,49.32983643820699,-1.9532750040083329,-0.05563417898730261,-1.8976408250210302,20.117455780238238,21.954945037484862,22.289731739952845,-0.05211841831818783
2022-10-17,843.8192292043151,858.8183095399423,840.4807124138534,856.5926513671875,8936947,0.0,0.0,ICICIBANK.NS,0.017179048672111064,0.01703315729522217,0.24782756908060932,846.7028747558594,846.3881164550781,779.92853515625,749.3889678955078,845.6637565207482,831.6687853934301,846.7028747558594,888.6302808350915,804.7754686766273,0.09903688136483908,54.35095143760038,-0.6584459370038758,-0.17619653059061724,-0.48224940641325853,19.834059671306154,22.502411344808912,22.241775856107594,-0.03583471449107844
2022-10-18,867.0919241532964,871.5916715685945,862.3503151667695,867.9144897460938,8097552,0.0,0.0,ICICIBANK.NS,0.013217295713237487,0.013130709383852244,0.2643204750602781,846.5915924072266,847.8787365722657,781.7458941650391,750.1896731567383,847.7828739707811,833.0901855641227,846.5915924072266,888.2681407653806,804.9150440490725,0.09845726967273455,57.86954869234857,1.2666915324650745,0.11238108202052113,1.1543104504445534,19.09101348574737,22.57934980716526,22.251240057807582,-0.02309105679606898
2022-10-19,870.9626189074545,871.5432638427761,856.93122271231,863.26953125,5529462,0.0,0.0,ICICIBANK.NS,-0.005351861906871314,-0.005366234422554931,0.25755400647172566,845.3989227294921,849.3639916992188,783.37107421875,750.967633972168,849.2577937116591,834.2736893165101,845.3989227294921,883.3943663993005,807.4034790596838,0.08988760843729147,55.963677079395346,2.3900168888283133,0.5679082433820797,1.8221086454462336,18.80416720397841,22.6444319842552,22.286849122760803,-0.028319338555683988
2022-10-20,860.9471461376742,864.4307795695652,851.6573585482091,859.9310913085938,8107159,0.0,0.0,ICICIBANK.NS,-0.0038672046453118725,-0.003874701615650304,0.2526907877761677,844.1119049072265,850.4371508789062,784.8541735839843,751.7289025878906,850.2742982447005,835.2798619436506,844.1119049072265,877.8712221168482,810.3525876976048,0.07998777653380469,54.57255811454918,2.9765641454811202,1.0496394238018878,1.9269247216792325,18.29959059424374,22.52783866762287,22.061131588711344,-0.032077026523381215
2022-10-21,859.3021074302151,880.591123605288,857.0764493698978,877.833251953125,17022807,0.0,0.0,ICICIBANK.NS,0.02081813394755705,0.0206043978976607,0.27876947239096284,844.2933471679687,851.7957775878906,786.4326080322265,752.5582797241211,852.8989605026457,836.948622336179,844.2933471679687,878.76514119681,809.8215531391274,0.08165833390603097,60.27508764190515,4.830281345038088,1.805767808049128,3.02451353698896,17.936709553514657,22.085560903225243,20.795282134544543,-0.011926676410627215
2022-10-24,895.1064043163051,903.3317064100225,887.9455294567113,896.3643798828125,4390050,0.0,0.0,ICICIBANK.NS,0.02111007744176563,0.02089034673226661,0.30576439498330177,846.4246673583984,853.2966552734375,788.1545123291015,753.3622378540039,857.0385242531378,839.2786520438901,846.4246673583984,887.9122373159637,804.9370974008332,0.09803015332018515,65.15163804951473,7.70584455452331,2.985783157343964,4.720061397179346,18.63136290637977,22.882048079668436,20.975501166523983,0.0
2022-10-25,911.6052651866606,912.7664959710066,893.1225535103204,895.1546630859375,15838120,0.0,0.0,ICICIBANK.NS,-0.0013495815139744627,-0.001350493019298683,0.30400215949422615,849.5212493896485,854.561416015625,789.8662420654297,754.1209497070313,860.6686327134045,841.4698681631862,849.5212493896485,895.8253707016313,803.2171280776656,0.10901227331335324,64.59418317068585,9.774461175827696,4.343518761040711,5.430942414786985,18.354872765507757,22.829318498039548,20.990666787929758,-0.0013495815139744332
2022-10-27,896.1223975772693,903.5251925773455,890.509850700247,894.5257568359375,16080842,0.0,0.0,ICICIBANK.NS,-0.0007025671383221743,-0.0007028140542708939,0.30308601042866434,852.9976501464844,855.5290991210937,791.5995782470703,754.8034121704102,863.8931207250743,843.5504912483922,852.9976501464844,901.9157048402449,804.0795954527239,0.11469680997447027,64.28622679428669,11.233613173421418,5.721537643516852,5.512075529904566,17.622200939646973,22.822024694030105,20.823781681201663,-0.0020512004806743605
2022-10-28,888.3325603625174,897.5255443749835,871.8819573928411,878.5105590820312,9854094,0.0,0.0,ICICIBANK.NS,-0.017903562453644994,-0.01806577020880275,0.27975612865848376,855.8208618164062,856.0826123046875,793.2251873779297,755.4202273559571,865.2852577114511,844.9214743006918,855.8208618164062,903.7246028197227,807.9171208130898,0.11194805628281804,56.85295654219866,10.971239411413421,6.7714779970961665,4.199761414317255,18.579511435397787,23.294538984446895,21.07790812955445,-0.01991803913840864
2022-10-31,883.1071176224569,887.4133170073659,875.3656568181832,879.3331909179688,9000840,0.0,0.0,ICICIBANK.NS,0.000936393794511714,0.0009359556513375476,0.2809544843558478,858.95615234375,856.5751647949219,794.8354553222656,756.0017175292969,866.6231561120718,846.2709533837223,858.95615234375,904.1929552653464,813.7193494221535,0.10532971397471964,57.127178321664275,10.706270605739292,7.5584365188247915,3.1478340869145,18.119864704525828,23.296978397194636,21.067471414628624,-0.019000296472144896
2022-11-01,891.2356151901904,891.2356151901904,870.4788129913081,879.236328125,9823761,0.0,0.0,ICICIBANK.NS,-0.00011015482409759692,-0.00011016089158581238,0.28081338103994646,861.2108489990235,857.0299755859374,796.5553735351563,756.498556213379,867.8244105894936,847.5637131774979,861.2108489990235,905.7296550671443,816.6920429309026,0.10338654261001148,57.08117597647725,10.368938234837742,8.120536862027382,2.24840137281036,18.372155016957404,23.138767504018844,20.984297893284243,-0.019108358321926804
2022-11-02,890.8484571244436,890.9936331198194,873.1882520693943,875.4623413085938,7690974,0.0,0.0,ICICIBANK.NS,-0.004292346318826912,-0.004301584883511376,0.2753156864387354,863.9372955322266,857.6938049316407,798.2928619384766,756.9770053100586,868.5518325627412,848.6577770257761,863.9372955322266,904.5802912359042,823.294299828549,0.09408783696191643,55.21554129047223,9.685423175587971,8.433514124739501,1.2519090508484698,18.9389412553179,22.9450664685319,20.830501858565906,-0.023318684949251784
2022-11-03,871.9303065516453,884.316630763821,868.0595765439247,879.2847290039062,9022366,0.0,0.0,ICICIBANK.NS,0.004366136057433412,0.004356632138956287,0.280883888241906,865.9210418701172,858.7853503417969,800.0373126220703,757.4115612792968,869.5740131761854,849.858833966095,865.9210418701172,905.421379024767,826.4207047154673,0.09123311536428667,56.75712562643202,9.344450302290852,8.615701360249773,0.7287489420410793,18.866361664074525,22.252352375364175,20.675259465550052,-0.019054361442987264
2022-11-04,877.0106512647051,883.8812325567034,871.1078115500653,876.04296875,7099336,0.0,0.0,ICICIBANK.NS,-0.0036868151430068385,-0.0036936281967576657,0.2761615061263023,866.8814636230469,859.5865893554687,801.8719897460937,757.825339050293,870.1901041832153,850.88566278115,866.8814636230469,906.3856395297778,827.377287716316,0.09114089426166071,55.02711973203638,8.712214893529449,8.635004066905708,0.07721082662374101,17.69131415403982,22.271773583769008,20.494267207407518,-0.022670926677685752
2022-11-07,880.8330562747467,890.3647059309873,874.2528266341956,887.8487548828125,11100219,0.0,0.0,ICICIBANK.NS,0.013476263783793518,0.013386266590073121,0.29335939521358356,868.5724914550781,860.442021484375,804.1325354003907,758.3207513427734,871.8718804403198,852.3351958047447,868.5724914550781,908.6513189436506,828.4936639665056,0.09228666088982482,59.829268711159685,9.059361374256582,8.719875528375884,0.33948584588069863,17.53233430909002,22.281405674291584,20.567488820346096,-0.00950018228202386
2022-11-09,890.2679352862438,892.1065557341796,876.4784591146905,881.074951171875,11590409,0.0,0.0,ICICIBANK.NS,-0.007629456789441047,-0.007658709980516344,0.2834917655945839,869.9635314941406,861.1803637695313,806.3493902587891,758.785661315918,872.7483633671346,853.4622450348282,869.9635314941406,909.7337770216883,830.193285966593,0.09142968432077439,56.126110611163064,8.687741239774255,8.71344867065556,-0.02570743088130456,17.577268338953022,21.248360968785125,20.532267289578748,-0.017057157841252446
2022-11-10,878.2202700516638,883.4457793492138,874.7366365617335,881.2684936523438,10009741,0.0,0.0,ICICIBANK.NS,0.0002196663067215443,0.00021964218361101502,0.2837737054904397,871.9037353515625,861.9516076660157,808.5513482666015,759.2332629394531,873.5598043466783,854.5526861570838,871.9037353515625,909.7656925486223,834.0417781545028,0.08684893907879247,56.20951074264081,8.313019551772527,8.633362846878953,-0.3203432951064258,17.15563274302547,19.870182531221463,20.409564600864694,-0.0168412384173971
2022-11-11,895.9773177319772,898.0094275096842,874.3012044773703,877.2526245117188,17921457,0.0,0.0,ICICIBANK.NS,-0.004556918997502768,-0.004567333403323914,0.2779236527033957,873.7520111083984,862.9328381347656,810.7973138427734,759.7305236816406,873.9115015052536,855.44287981805,873.7520111083984,908.6048873769331,838.8991348398637,0.07977750168339433,53.9192123313824,7.604344684692592,8.42755921444168,-0.8232145297490892,17.936690029522456,19.65404553542558,20.441026069278728,-0.021321413255614142
2022-11-14,875.7527248604484,877.2526210297223,862.4470895379831,866.0275268554688,12641308,0.0,0.0,ICICIBANK.NS,-0.012795741320805853,-0.012878311943241783,0.2615716722156638,875.7527008056641,863.0808947753907,812.8507092285156,760.1637228393555,873.1606467767026,855.8579640155958,875.7527008056641,902.78330116992,848.7221004414081,0.06173112646843955,48.02839447737665,6.0670065036078995,7.955448672274925,-1.8884421686670256,17.31460865368999,20.063699294973862,20.571206201174338,-0.03384433128780718
2022-11-15,871.4465218331568,884.1231988683949,869.7530773449218,882.2362060546875,15176911,0.0,0.0,ICICIBANK.NS,0.018716124714963867,0.018543133206549205,0.2851834049697177,877.7582244873047,863.8037561035156,815.074848022461,760.7056204223633,874.0249857555583,856.8924048798739,877.7582244873047,899.7698184376939,855.7466305369155,0.05015411610240635,55.57574307316762,6.086399642540641,7.581638866328069,-1.4952392237874275,16.785838479120603,20.47862057445681,20.464030424863246,-0.01576164129812038
2022-11-16,883.0587131853342,888.4293396104207,878.7525139570553,884.0747680664062,13008311,0.0,0.0,ICICIBANK.NS,0.0020839793233387027,0.0020818108506075877,0.2878617006123727,879.1323303222656,864.6011254882812,817.2197399902344,761.2858081054687,874.982107880401,857.9583799067968,879.1323303222656,898.8971458152731,859.3675148292581,0.044964369552334134,56.35007491388964,6.178898933037658,7.301090879669987,-1.122191946632329,16.07390156431197,19.688594957311334,20.454941303643643,-0.01371050890934884
2022-11-17,883.4941722971123,892.4936082418244,880.9297899025129,890.0744018554688,12584194,0.0,0.0,ICICIBANK.NS,0.006786342067181206,0.006763418500856044,0.2966015706479499,880.2403259277344,865.323984375,819.5160095214844,761.8806036376953,876.4194692113599,859.2178317479213,880.2403259277344,899.841150676792,860.6395011786767,0.044535166526026314,58.8695034361633,6.6595583496994095,7.172784373675872,-0.5132260239764621,15.9702213116129,18.985596873350254,20.43901162984813,-0.007017211045541635
2022-11-18,890.0744758164335,892.2033894258603,881.1234114431263,890.606689453125,10874061,0.0,0.0,ICICIBANK.NS,0.0005980259588935777,0.0005978472126295428,0.2973769720455395,881.6071838378906,866.0342651367188,821.6968811035156,762.5117279052735,877.770633043909,860.4487673442038,881.6071838378906,900.0005532457196,863.2138144300616,0.04172690455573962,59.0950833049672,7.002712648609986,7.138770028662695,-0.1360573800527094,14.929963525940869,18.020640733062542,20.178343574076806,-0.00642338156101232
2022-11-21,884.5101788391943,894.9127657321499,884.5101788391943,891.6226806640625,9245704,0.0,0.0,ICICIBANK.NS,0.0011407855150531443,0.0011401353137040068,0.29885700090281264,883.191763305664,866.9090490722656,823.7503601074219,763.2128607177734,879.0898756743998,861.6712737489041,883.191763305664,899.0014241020765,867.3821025092516,0.03580119619150227,59.551090288791556,7.272810470582044,7.165578117046565,0.10723235353547889,14.812458290496076,17.147318370473606,19.99873990006452,-0.005289923746601703
2022-11-22,893.8967609871374,896.5578880157866,890.6550480500273,893.848388671875,11256509,0.0,0.0,ICICIBANK.NS,0.0024962442702274323,0.00249313382770665,0.302099265249161,883.9925201416015,867.3909558105469,825.7885815429687,763.8883291625976,880.495448340826,862.9331213929422,883.9925201416015,900.2746790501683,867.7103612330347,0.03683777529239417,60.58764280994253,7.579093899011468,7.248281273439547,0.33081262557192126,13.75146098813015,17.092556338591113,19.81675109946219,-0.002806884418216654
2022-11-23,897.0417039012154,901.7349405392831,893.8483633697614,897.4771728515625,10959704,0.0,0.0,ICICIBANK.NS,0.004059731186716542,0.004051512713747491,0.3073854382444936,884.0481597900391,867.8980212402344,827.9309051513671,764.4785360717774,882.1127554370865,864.287790077594,884.0481597900391,900.5148876392227,867.5814319408555,0.03725301086106991,62.284637237774696,8.022163768679093,7.403057772487457,0.6191059961916361,13.042974996637051,17.090482724827936,19.663184491147106,0.0
2022-11-24,897.5739874507686,910.2506649996778,897.5739874507686,908.5087890625,10844395,0.0,0.0,ICICIBANK.NS,0.01229180701709276,0.012216876156143898,0.32345556774835216,884.7158660888672,868.5105651855469,830.2561694335938,765.1073077392579,884.6266634014116,866.0219469005315,884.7158660888672,903.9322444304562,865.4994877472782,0.0434407906044239,66.94432413501372,9.157892580616704,7.754024734113306,1.4038678465033971,12.79414913436698,16.791939908166558,19.640727934321873,0.0
2022-11-25,909.911871692526,912.4278817096287,897.5255471136236,900.2350463867188,9815055,0.0,0.0,ICICIBANK.NS,-0.00910694841413584,-0.00914867016725602,0.3114029261644671,885.0013305664063,868.9034436035156,832.4558917236328,765.7177969360351,886.113176066679,867.3636370764605,885.0013305664063,904.9855869223887,865.0170742104239,0.04516209335683686,60.87011020913127,9.283331492407228,8.059886085772092,1.2234454066351361,12.94621439075034,17.07011912101612,19.729052897252345,-0.009106948414135887
2022-11-28,894.1386819766326,913.2987847778865,894.0903096613513,907.1056518554688,9381474,0.0,0.0,ICICIBANK.NS,0.0076320128796658615,0.007603036408514741,0.32141157018738586,886.4310852050781,869.2769714355469,834.7560626220703,766.3813958740234,888.1124594751351,868.922147459951,886.4310852050781,908.4482881615911,864.4138822485652,0.04967606241249814,63.80694332825303,9.82389937815583,8.41268874424884,1.4112106339069896,13.167399806446301,16.11039149062533,19.73519080531154,-0.0015444398820611987
2022-11-29,903.3800210752162,919.201666001015,903.3800210752162,916.1534423828125,13096845,0.0,0.0,ICICIBANK.NS,0.009974351398689407,0.009924935875955415,0.33459179353072876,888.2720977783204,869.8411303710938,836.990883178711,767.1799322509765,890.7830292758663,870.7743551039848,888.2720977783204,913.685930276339,862.8582652803017,0.05722082808090416,67.28871624481484,10.857229024406251,8.901596800280322,1.9556322241259299,13.181224685468433,15.49599681236827,19.315848391935393,0.0
2022-11-30,917.411440468021,927.2334420907079,910.5892902230893,922.104736328125,20858573,0.0,0.0,ICICIBANK.NS,0.006495957631108107,0.006474949826462701,0.34326124527632906,890.4155181884765,870.6888220214844,839.2914678955078,767.97888671875,893.766048995129,872.7873112304218,890.4155181884765,919.5755700530891,861.255466323864,0.06549762727392221,69.3755912617146,12.017835768252553,9.524844593874768,2.492991174377785,13.748011048335448,14.937340423339679,19.27115693892261,0.0
2022-12-01,925.1044966394636,926.0721791673291,905.9927667141189,909.8151245117188,15920653,0.0,0.0,ICICIBANK.NS,-0.013327782986284453,-0.013417394996224189,0.3253585509054,892.1331573486328,871.4823217773437,841.4066326904297,768.6668548583984,895.2945323776614,874.2393823394922,892.1331573486328,921.6296602940879,862.6366544031778,0.06612578560159546,60.75577751380555,11.8098197586379,9.981839626827394,1.8279801318105058,13.488810292685182,15.260456153629063,19.448412104607847,-0.013327782986284403
2022-12-02,898.251360173674,904.2993763342832,896.1708189893614,900.525390625,14228874,0.0,0.0,ICICIBANK.NS,-0.010210573155402747,-0.010263058634360427,0.31182588046424176,893.1951904296875,871.75037109375,843.2745129394531,769.2953884887695,895.7927093535984,875.2702061938259,893.1951904296875,922.2703985040072,864.1199823553678,0.06510381691673132,55.17513293365738,10.771198019302687,10.139711305322454,0.6314867139802338,13.405865331872446,15.516101594929552,19.55649587284925,-0.023402271838506346
2022-12-05,906.7186113167917,906.7186113167917,898.3965644431103,903.428466796875,10984608,0.0,0.0,ICICIBANK.NS,0.0032237582661163167,0.0032185730982670054,0.3160548899900937,894.5644653320312,872.1055114746093,845.0396429443359,770.0091381835938,896.5199243481961,876.374451707671,894.5644653320312,922.805978833959,866.3229518301034,0.06314025337781669,56.51923965276536,10.066298766932505,10.125028797644465,-0.05873003071195981,12.707749250497825,15.440650668663592,19.372960512129353,-0.02025395683967528
2022-12-06,895.1063668137049,899.7028589676131,890.4615023443921,892.8323364257812,18220912,0.0,0.0,ICICIBANK.NS,-0.01172879841683816,-0.011798123371758274,0.3006191474799058,894.8136444091797,872.4780700683593,846.5660675048828,770.8483416748047,896.1687254984423,877.0198589515185,894.8136444091797,922.8931456517074,866.734143166652,0.06276055672143406,50.559944746535024,8.554036260208477,9.810830290157266,-1.2567940299487894,12.942759164720501,14.805681008287703,19.505593885163243,-0.03174520067959759
2022-12-07,892.20333473078,903.0413913903666,890.8969868787426,892.3485107421875,15675663,0.0,0.0,ICICIBANK.NS,-0.0005418998213377879,-0.0005420467021114778,0.299914342196258,895.3773223876954,873.2502807617187,848.1799975585938,771.577632446289,895.8048955216561,877.6209825511526,895.3773223876954,922.7390239641167,868.0156208112741,0.06111770064369303,50.29915795514781,7.233137532200999,9.295291738566013,-2.0621542063650136,12.984229605599962,13.469791123567926,19.468663020074487,-0.032269897782358795
2022-12-08,895.1064136361404,903.3800881334345,893.9451826924048,901.783447265625,10136870,0.0,0.0,ICICIBANK.NS,0.010573152092325788,0.01051764721793775,0.3136585342432947,896.4030700683594,874.6214892578125,849.952724609375,772.4118127441407,896.3742814020342,878.5685301870143,896.4030700683594,923.0669984285075,869.7391417082113,0.05949093493870955,55.156646955594226,6.8684609576296225,8.809925582378735,-1.9414646247491127,12.980772420493745,13.813672087943516,19.51578320332859,-0.022037940227289755
2022-12-09,901.8801321809183,904.5896314951109,895.1547266788406,899.8480224609375,9575331,0.0,0.0,ICICIBANK.NS,-0.0021462190402319337,-0.0021485254689746812,0.3108391352847386,897.5328399658204,876.1184948730469,851.7137933349609,773.30220703125,896.7051138838345,879.4030200801094,897.5328399658204,922.6501841123064,872.4154958193343,0.055969749580288504,53.990935839610245,6.350079771393553,8.3179564201817,-1.9678766487881472,12.911652272159083,13.828946879583565,19.342644858785544,-0.024136861020598414
2022-12-12,895.1547131011699,903.718738934402,895.1547131011699,900.2350463867188,8493863,0.0,0.0,ICICIBANK.NS,0.0004300992124457448,0.00043000674629160157,0.31140292616446774,899.2432159423828,877.6822692871094,853.4902752685547,774.201509399414,897.0412979317283,880.2199622882117,899.2432159423828,919.5196948558411,878.9667370289245,0.04509676259766735,54.19938998580756,5.902448787408844,7.834854893627129,-1.9324061062182851,13.101736976978568,12.715408742805428,19.3355387303941,-0.023717143053068608
2022-12-13,899.46086108799,905.654052557013,897.8157890669073,902.7993774414062,10415140,0.0,0.0,ICICIBANK.NS,0.002848512802273051,0.002844463477560301,0.31513847418858565,900.2713745117187,879.4057092285157,855.0923223876953,775.086940612793,897.5896864564595,881.1054295491213,900.2713745117187,918.9383156518908,881.6044333715466,0.04146958721262571,55.633694498330684,5.689038399334208,7.405691594768545,-1.7166531954343363,13.098285999877419,12.728665339020445,19.323122521955565,-0.0209361888364155
2022-12-14,905.7507787072823,905.7991510175465,890.2678594131407,891.9613037109375,12319827,0.0,0.0,ICICIBANK.NS,-0.0120049636733075,-0.012077605207726922,0.29935028458058266,900.6657012939453,880.5620874023438,856.5027825927734,775.9333319091797,897.053650004505,881.5311501044866,900.6657012939453,918.1902833006227,883.1411192872679,0.03891473158465042,48.69305037425154,4.592428499701782,6.843038975755193,-2.250610476053411,13.295271675326733,13.26692350267523,19.405343657393217,-0.03268981432328437
2022-12-15,886.3971966272971,890.1711821157284,875.752688807537,879.4298706054688,8929748,0.0,0.0,ICICIBANK.NS,-0.014049301301898076,-0.014148926949992771,0.28109532093580314,900.1334747314453,881.7320166015625,857.7643634033203,776.749289855957,895.3751948236444,881.4487469868781,900.1334747314453,919.5561782555183,880.7107712073723,0.0431551632492453,42.145923299426684,2.6812673505540943,6.010684650714974,-3.3294173001608796,13.388577411569267,13.862033716225946,19.539161821718874,-0.04627984657425149
2022-12-16,876.2365593751624,884.1715681914225,870.5756400158575,872.8496704101562,9157260,0.0,0.0,ICICIBANK.NS,-0.007482347842906689,-0.007510481030243945,0.27150972012464125,899.2456237792969,882.3968139648438,858.93224609375,777.7112615966797,893.2299067842646,881.1115282975949,899.2456237792969,921.8626991270711,876.6285484315227,0.050302330641811645,39.167842425118195,0.6284468636977181,4.934237093311523,-4.305790229613805,12.987681201499965,13.976553246148764,19.561107276474925,-0.05341591250697324
2022-12-19,878.6557188314514,881.1716697316784,872.0271172648877,877.1558227539062,7015083,0.0,0.0,ICICIBANK.NS,0.004933440991879534,0.004921311449100356,0.27778263829947747,898.5222808837891,882.8032397460937,860.0080419921875,778.5858282470704,891.6990416385162,880.9564025899992,898.5222808837891,923.0135812117203,874.0309805558579,0.054514619946522576,42.05348922103814,-0.6435393349213427,3.8186818076649502,-4.4622211425862925,12.510746025856529,14.01332487844599,19.25682905995772,-0.04874599576747426
2022-12-20,876.7203441907743,882.9619081225438,866.7532262625047,880.30078125,6384331,0.0,0.0,ICICIBANK.NS,0.003585404570672468,0.0035789923301184456,0.2823640060111623,897.8449005126953,883.32869140625,861.1071112060547,779.4152786254883,890.613493030086,880.930691949215,897.8449005126953,923.5974227518822,872.0923782735084,0.05736519130304453,44.13768768800693,-1.3818960568299872,2.7785662347659628,-4.16046229159595,12.479641025315143,13.474538765472065,19.252738847652253,-0.04533536531282856
2022-12-21,880.8330193559941,886.2520178769291,858.3344006248467,863.4147338867188,11341147,0.0,0.0,ICICIBANK.NS,-0.019182133792160827,-0.01936849801193955,0.2577655280776048,896.1417785644531,883.5319030761718,862.0815686035156,780.2942453002929,888.023135016432,880.2437916330387,896.1417785644531,926.1503828422343,866.133174286672,0.06697289423522364,36.538600044320226,-3.291667682099046,1.564519451392961,-4.856187133492007,13.039512796663164,14.408020625926255,19.41629839205478,-0.06364787006204227
2022-12-22,871.3981042199335,874.6398170181222,857.7053730160692,861.866455078125,9788367,0.0,0.0,ICICIBANK.NS,-0.0017932040626919,-0.0017948137777500223,0.25551009782274225,893.8096618652344,883.9199438476562,863.0001422119141,781.245068359375,885.5320226413552,879.5231117681401,893.8096618652344,926.8663342748542,860.7529894556145,0.07396803552254291,35.92781480996969,-4.873925040677932,0.27683055297878245,-5.150755593656714,13.274522688069997,14.409458076100115,19.308717825035497,-0.06532694050555728
2022-12-23,854.5120629604986,860.8988032205845,847.0125232068142,850.4962158203125,11059215,0.0,0.0,ICICIBANK.NS,-0.013192576635067899,-0.013280371691132317,0.23894668464111413,891.322720336914,884.1241259765625,863.6693841552734,782.1883383178711,882.1952791345892,878.3848021231273,891.322720336914,929.4405529781696,853.2048876956584,0.08553093457967131,31.732658039873698,-6.965069692145903,-1.1715494960461545,-5.793520196099749,13.741085902186382,14.82168758136703,19.23503848920615,-0.07765768647167112
2022-12-26,852.6250513893447,868.0112272022727,846.9641322283046,864.3340454101562,6943159,0.0,0.0,ICICIBANK.NS,0.016270301187051084,0.016139358248178266,0.2591047203549235,889.1841400146484,884.8905322265625,864.4385290527343,783.3657647705078,880.4942092560718,877.833792055952,889.1841400146484,928.3583008489868,850.00997918031,0.08811259461666299,40.79352320167306,-7.420184426816718,-2.4212764822002675,-4.99890794461645,14.318238082292469,15.199042398847459,19.40351335755121,-0.06265089923300364
2022-12-27,868.688659551625,873.5754447437527,859.495675087415,871.5433349609375,4994381,0.0,0.0,ICICIBANK.NS,0.008340860329480781,0.008306267576401408,0.26960673696759385,886.9536346435547,885.4788842773437,865.23359375,784.5251303100586,879.6417450374877,877.5871074639906,886.9536346435547,924.7168088929751,849.1904603941342,0.08515253283695388,44.89690423513484,-7.117095272701022,-3.3604402403004183,-3.7566550324006034,14.456478449772021,14.362016756296528,19.437651366983555,-0.05483260130354167
2022-12-28,867.0435181778438,874.7366058492067,866.84996986572,869.898193359375,8980300,0.0,0.0,ICICIBANK.NS,-0.0018876188200512845,-0.0018894026175628187,0.26721020339683,884.3433074951172,885.7449951171875,866.0665557861328,785.6644863891602,878.7137877348102,877.2855814206724,884.3433074951172,918.962390416274,849.7242245739603,0.07829331126893388,44.14502192904759,-6.929762128459174,-4.07430461793217,-2.855457510527004,14.231839777789146,14.349248636207207,19.438609098570502,-0.056616717073419996
2022-12-29,868.8821594099194,893.5096323243187,860.6084266035422,878.7041015625,11994220,0.0,0.0,ICICIBANK.NS,0.010122918141855619,0.010072024578736403,0.2800380685543402,882.7877563476562,885.9607873535156,866.9197619628907,786.8038650512696,878.7128652422093,877.3412096615284,882.7877563476562,915.3207410018098,850.2547716935027,0.0737051107023771,49.0623370080763,-6.001553886670422,-4.459754471679821,-1.5417994149906011,15.908004128111015,14.527929500857251,19.296450391696897,-0.04706692532395926
2022-12-30,879.1396186174463,879.1396186174463,859.8343394505747,862.0599975585938,9688527,0.0,0.0,ICICIBANK.NS,-0.018941648245763165,-0.019123339275215624,0.2557920377185978,880.8644866943359,885.9365966796875,867.6502941894531,787.8537704467774,877.1268778437698,876.7419464418055,880.8644866943359,913.5299800647615,848.1989933239104,0.07416689823201067,41.60647262873747,-6.533666223054411,-4.874536821954739,-1.6591294010996718,16.675236509085266,15.484953110903332,19.239023684935795,-0.06511704842622641
2023-01-02,865.1081661717191,877.6880388341714,865.1081661717191,873.2850952148438,4315403,0.0,0.0,ICICIBANK.NS,0.013021248739113478,0.012937201097009588,0.27214401820632994,879.3573181152344,886.2036767578124,868.3204138183594,788.872026977539,876.7609937838721,876.6063836485912,879.3573181152344,910.3795393733762,848.3350968570926,0.0705565772162632,47.4109062094233,-5.98065623228058,-5.0957607040199075,-0.8848955282606727,17.23164920804755,16.004410098541836,19.22681780598724,-0.05294370497182773
2023-01-03,869.4627704497066,876.6720172537239,867.7693259886192,872.2206420898438,5846855,0.0,0.0,ICICIBANK.NS,-0.0012189067817974797,-0.001219650252878204,0.2705933932351152,878.3267333984375,886.0914245605469,868.9436010742188,789.8791900634766,876.3285793368218,876.4343937835423,878.3267333984375,908.8292283267654,847.8242384701095,0.06945591832394105,46.93446631884102,-5.564144309511562,-5.189437425118239,-0.3747068843933228,16.75817775524033,15.977280669625635,19.14931622155438,-0.05409807831258153
2023-01-04,869.9465903334593,878.5589884345696,865.8823119142538,870.0433349609375,12454582,0.0,0.0,ICICIBANK.NS,-0.00249628021149495,-0.0024994011137883907,0.2674216360907262,877.211474609375,885.5650036621093,869.4308294677735,790.8242449951172,875.7299846343567,876.1837640257932,877.211474609375,907.1817716295398,847.2411775892103,0.0683308367198698,45.91800534110321,-5.348096570508346,-5.221169254196261,-0.1269273163120852,16.50589644216285,15.918050964729344,19.1539124418668,-0.05645931456170483
2023-01-05,871.7851926344346,873.8173022704675,843.8191446066974,850.7380981445312,16547196,0.0,0.0,ICICIBANK.NS,-0.02218882214329354,-0.022438697263838205,0.23929904282694703,874.6592071533203,884.6766723632812,869.6190441894531,791.6145785522461,873.3498049686591,875.1858947755476,874.6592071533203,904.5125866830729,844.8058276235677,0.06826288292765792,38.049565169977285,-6.657900320797353,-5.50851546751648,-1.149384853280873,17.677484262748937,16.54353125637926,19.521003750187653,-0.07739537101585649
2023-01-06,850.5446171070525,850.5446171070525,832.6908616598616,841.9805908203125,14804613,0.0,0.0,ICICIBANK.NS,-0.010294010980957502,-0.010347360749874817,0.22654168487139636,871.765835571289,883.6257690429687,869.5774340820312,792.4060931396484,870.3622607640547,873.8837259929894,871.765835571289,902.5427881443633,840.9888829982148,0.07060830171878754,35.11035330891721,-8.30683090519733,-6.068178555052651,-2.2386523501446796,18.313390264025998,16.590513611296345,19.379983854293048,-0.08689267319770153
2023-01-09,845.9964872549142,850.35105882214,834.4326687249722,845.1255493164062,16811853,0.0,0.0,ICICIBANK.NS,0.0037351912031959866,0.0037282326987141605,0.2311230525830812,869.0103607177734,882.9580688476562,869.5203405761719,793.1775015258789,867.9587644357072,872.7559543586136,869.0103607177734,898.9107388175712,839.1099826179757,0.06881477932000961,36.99266439933483,-9.253183467016584,-6.705179537445438,-2.548003929571146,18.292655138106607,16.42800440578816,18.381561338692922,-0.08348204274305582
2023-01-10,847.1092921682771,850.0123396958412,828.9168137454193,833.5133056640625,13470142,0.0,0.0,ICICIBANK.NS,-0.013740258665397742,-0.0138355297254809,0.2142071033916555,865.5460571289062,882.0416711425781,869.30841796875,793.8903677368164,864.6782445526934,871.2170269588273,865.5460571289062,895.0149351964045,836.077179061408,0.0680931484229717,33.16699038440527,-10.815511224560396,-7.52724587486843,-3.288265349691966,17.805362902273714,16.325238403261828,18.363038753613935,-0.09607523654724816
2023-01-11,835.0132596375089,842.7062883246897,827.2233681992996,838.3033447265625,15558460,0.0,0.0,ICICIBANK.NS,0.00574680575576858,0.005730355860384097,0.22118491576212174,862.8631591796875,881.2230114746094,869.1264935302735,794.6949984741211,862.1663493311571,869.926294322268,862.8631591796875,891.9742403690868,833.7520779902882,0.06747554552468052,36.10250198129954,-11.53419212107417,-8.328635124109578,-3.2055569969645923,17.70168262536922,16.288396154160573,18.385341878356908,-0.09088055651385606
2023-01-12,837.52917383229,841.254727699147,827.3201356345016,832.8359375,16659001,0.0,0.0,ICICIBANK.NS,-0.006521991425843421,-0.006543352540583053,0.2132203582121519,860.5334625244141,880.3704833984375,869.0321441650391,795.4960998535156,859.3729767758089,868.4717705253163,860.5334625244141,891.4630595313322,829.6038655174959,0.07188470490429216,34.25314688095109,-12.401963860107571,-9.143300871309176,-3.2586629887983953,17.636015496321686,16.03523292586726,18.312653118753556,-0.09680982572934023
2023-01-13,836.755068178072,846.6254414742714,830.5618765632579,845.2222900390625,11223103,0.0,0.0,ICICIBANK.NS,0.014872500070354455,0.014762988909206501,0.23126397807501764,859.1520935058594,879.6892346191406,869.2372924804688,796.3057470703125,858.0252923246901,867.560026192522,859.1520935058594,890.2330380189823,828.0711489927365,0.07235260147314275,41.55715213642365,-11.952423978911042,-9.70512549282955,-2.247298486081492,17.2800490632535,16.675698503349885,18.484284148384532,-0.08337712979895635
2023-01-16,848.8994826102181,849.0930309249112,833.2230141225258,837.2872924804688,8319812,0.0,0.0,ICICIBANK.NS,-0.009388059983873598,-0.009432405583331263,0.21970479799286657,857.1586669921875,878.91412109375,869.2503552246094,797.0519122314453,856.0502447204785,866.3728601645983,857.1586669921875,888.4907744621427,825.8265595222323,0.07310690231926632,38.598812109004214,-12.09700166664868,-10.183500727593376,-1.9135009390553037,17.407923859399766,16.729178386105783,18.49724441496241,-0.09198244028699416
2023-01-17,838.9323684728654,839.9000509881896,830.3683427746539,837.1905517578125,12624859,0.0,0.0,ICICIBANK.NS,-0.00011554065554919557,-0.00011554733088492467,0.2195638725009299,855.0031555175781,877.90095703125,869.1714892578125,797.7225640869141,854.2540834859388,865.2284559133517,855.0031555175781,885.5536250023507,824.4526860328054,0.07146282276883256,38.56276937392082,-12.080134423616414,-10.562827466797986,-1.5173069568184285,17.52542901868898,16.508238466054905,17.97201540656832,-0.09208735323109363
2023-01-18,836.5131783943544,843.8191697140958,830.9006315092457,841.3999633789062,11313898,0.0,0.0,ICICIBANK.NS,0.005028020935323951,0.005015422650042029,0.22569586518382923,853.9024169921875,877.1074572753906,869.1439105224609,798.4171490478516,853.0298815709833,864.2940052257264,853.9024169921875,884.7616314718751,823.0432025124998,0.07227808205154672,41.138337696795375,-11.593460477978283,-10.768954069034045,-0.824506408944238,16.09809562469423,16.632098774814068,17.987331755675246,-0.08752234943569412
2023-01-19,839.9484532522791,842.416031941814,834.1423579533002,838.1582641601562,6694679,0.0,0.0,ICICIBANK.NS,-0.0038527446634677442,-0.0038601856023625486,0.22097357198020773,852.717007446289,876.2452526855469,869.0984301757812,799.066908569336,851.6135370556665,863.2690742035472,852.717007446289,884.1050083111014,821.3290065814766,0.07361879871216118,39.75610464635862,-11.338641108071101,-10.882891476841456,-0.4557496312296454,15.310123826240101,16.21186699488528,17.958218150361446,-0.0910378928344393
2023-01-20,845.2707580197049,848.1738058434703,837.5776694741946,842.2225341796875,8127162,0.0,0.0,ICICIBANK.NS,0.004849048435504821,0.004837329668118317,0.22689413196921104,852.3033233642578,875.5446508789063,869.2387445068359,799.6872106933594,850.7191558293828,862.4437196928077,852.3033233642578,884.0308166889599,820.5758300395557,0.0744511782482922,42.37051522287859,-10.685565747092028,-10.843426330891571,0.15786058379954326,14.950702047218531,16.347043152374614,17.97046716937554,-0.08663029155075497
2023-01-23,853.4959878330195,854.7539633041429,836.6582882575105,843.5288696289062,16882379,0.0,0.0,ICICIBANK.NS,0.0015510573467274469,0.0015498556996695538,0.22879711512625867,851.2630645751954,875.094677734375,869.0877862548828,800.3371304321289,850.0343666674327,861.7019608667723,851.2630645751954,882.6925870814786,819.8335420689122,0.07384209139149585,43.223393435550406,-9.94791509228935,-10.664324083171127,0.7164089908817779,15.607343745899081,16.365648176752394,17.90435417690611,-0.08521360275418652
2023-01-24,850.5929389316187,853.2056935599804,839.9484311634187,842.6095581054688,11504090,0.0,0.0,ICICIBANK.NS,-0.0010898400239008899,-0.0010904343313790277,0.22745792284894017,849.8163757324219,874.3021447753906,869.0529504394531,800.983415222168,849.3272420424837,860.9532391898584,849.8163757324219,879.9524053621849,819.6803461026589,0.07092362653941567,42.74398031059144,-9.329952506011182,-10.39744976773914,1.067497261727958,15.64881416563093,16.301537521323535,17.904613708944414,-0.08621057358322516
2023-01-25,845.077098119616,848.4639868002098,820.5947431838545,827.6588134765625,14918485,0.0,0.0,ICICIBANK.NS,-0.017743383617106923,-0.017902684620320894,0.2056786660499741,847.7044067382812,873.1738256835938,868.8874755859375,801.5215203857422,847.2635821790627,859.6475754363959,847.7044067382812,877.8350913743939,817.5737221021686,0.07108771500208826,35.79128559286862,-9.932121532674614,-10.304384120726235,0.3722625880516208,15.496748876529873,16.680487967527526,18.077272163044153,-0.10242428992139406
2023-01-27,812.0308667721081,815.7564211082152,786.8226881223743,790.7902221679688,39718683,0.0,0.0,ICICIBANK.NS,-0.04454563971079828,-0.045568281707700935,0.151970938585116,843.3087127685546,871.1881420898437,868.2560632324219,801.8476275634765,841.885166939911,856.9472870729281,843.3087127685546,879.4491611991845,807.1682643379248,0.08571107563203496,24.994385764864816,-13.23180401940499,-10.889868100461987,-2.341935918943003,17.124526652924057,20.44271597226387,19.444522251845303,-0.14240737411571958
2023-01-30,774.1459969831512,799.5476625091609,770.2752669982355,796.8865356445312,36301441,0.0,0.0,ICICIBANK.NS,0.007709141192779656,0.007679577606510519,0.16085164520064765,840.0500396728515,869.3137390136719,867.6740020751953,802.1787258911132,837.5995830070176,854.5919634875008,840.0500396728515,880.5603525934873,799.5397267522158,0.09644738053083621,28.818111296082193,-15.179919946554492,-11.747878469680488,-3.4320414768740033,18.078384182478178,20.65561821708415,19.190682882220393,-0.13579607147689096
2023-01-31,799.3057860504701,811.2082695992232,787.7903400840028,805.01513671875,27291226,0.0,0.0,ICICIBANK.NS,0.010200449763709818,0.010148776274156958,0.17269285409063673,836.6365417480469,867.5815881347656,867.2453186035157,802.5300262451171,834.496302408135,852.6477742024518,836.6365417480469,876.8595831883858,796.4135003077079,0.09615415878512311,33.67338769057913,-15.884795644850215,-12.575261904714434,-3.3095337401357803,18.244270151392357,20.885374496943797,19.28362948365098,-0.12698080271839035
2023-02-01,816.191876185139,846.915797809219,796.5479318096759,820.5464477539062,39237711,0.0,0.0,ICICIBANK.NS,0.019293191303783486,0.019109437393390747,0.1953178416651873,834.05283203125,866.1155493164063,866.7532525634765,802.9666784667969,833.167744822018,851.38889865545,834.05283203125,871.1704086804536,796.9352553820463,0.08900533688928944,41.83676705428762,-15.017060389772041,-13.063621601725956,-1.9534387880460855,20.73605199954614,21.77796261529191,19.47117401005868,-0.11013747633336078
2023-02-02,801.6282311010465,832.7875613023073,799.402514032967,830.1748657226562,16798190,0.0,0.0,ICICIBANK.NS,0.011734153496253619,0.011665842181453055,0.2093438846960971,832.0594085693359,864.7695031738281,866.3337622070312,803.4728753662109,832.882708717317,850.5569757953406,832.0594085693359,865.0965214706546,799.0222956680173,0.07941046651494156,46.25314958966193,-13.39799731333153,-13.130496744047072,-0.26750056928445787,22.12537022845292,21.530969981481533,19.19294527760811,-0.09969569289009281
2023-02-03,836.7067208592392,844.4481810776783,824.5622578914393,835.8841552734375,14914366,0.0,0.0,ICICIBANK.NS,0.0068772132071373004,0.006853673041918542,0.21766080043189984,831.3167114257812,863.3170104980469,865.9137878417969,803.9667376708984,833.1685607702808,849.9815710689915,831.3167114257812,863.234680953675,799.3987418978875,0.07678895200639393,48.7386836430747,-11.521374969467274,-12.808672389131114,1.2872974196638403,22.398395819540458,21.657111843803705,18.800946940386588,-0.09350410821879399
2023-02-06,833.6585076979579,839.7548958836825,822.1914932310632,826.110595703125,8463833,0.0,0.0,ICICIBANK.NS,-0.011692480960014517,-0.011761375574720088,0.2034233247070938,830.5232116699219,861.834521484375,865.3689825439453,804.4634344482422,832.4963736210279,849.0454543879771,830.5232116699219,862.1123076538795,798.9341156859643,0.07607035068999891,44.90987287667238,-10.699446261570529,-12.386827163618998,1.687380902048469,22.51935195170002,21.58754929399227,18.83075033354879,-0.10410329417377714
2023-02-07,827.3685698899242,828.3362524278072,819.8206579069681,825.1912841796875,9337066,0.0,0.0,ICICIBANK.NS,-0.0011128189472682237,-0.0011134385900157056,0.2020841324297753,829.526498413086,860.1962341308594,864.7366027832031,804.9228298950195,831.8006508170907,848.1099967327501,829.526498413086,860.426062773291,798.6269340528809,0.07449928222743232,44.55531734024947,-10.006889403845094,-11.910839611664217,1.9039502078191237,22.446772402221686,20.966547606818477,18.821692145110767,-0.10510026500281577
2023-02-08,824.9493177646199,832.8843259474374,824.3687318991716,831.3359985351562,8082983,0.0,0.0,ICICIBANK.NS,0.007446412090473142,0.007418824432030184,0.21103534624726628,829.4176330566406,858.4998852539062,864.1705078125,805.4836489868164,831.7563982188112,847.4521928818641,829.4176330566406,860.2733661046184,798.5619000086629,0.07440336886561137,47.536726031715496,-8.860072607711118,-11.300686210873597,2.440613603162479,22.1322763910371,20.93179535010811,18.826697284958243,-0.09843647279637145
2023-02-09,830.7554820497575,836.9486740907996,824.0784487262168,832.9811401367188,6299265,0.0,0.0,ICICIBANK.NS,0.0019789129839935526,0.0019769575150713516,0.21343187981803013,829.1515228271485,856.7174133300781,863.7031176757813,806.030810546875,831.873040306231,846.8847006173487,829.1515228271485,859.7755198226328,798.5275258316642,0.07386827655110849,48.337705839875916,-7.729363564373671,-10.586421681573611,2.8570581171999407,22.46060148932774,20.95536657214892,18.485308595295944,-0.09665235702649314
2023-02-10,827.9007483266255,834.0455676189112,824.465487275508,826.2556762695312,8656405,0.0,0.0,ICICIBANK.NS,-0.008073968956948563,-0.008106739958202847,0.20363466848900758,828.822509765625,855.0462243652344,863.264273071289,806.5368896484375,831.3380532551167,846.0757192703755,828.822509765625,859.4212186679127,798.2238008633373,0.07383657789637124,45.293291862825534,-7.291900735615741,-9.927517492382037,2.6356167567662965,22.388026058908274,20.751623793882555,18.341497364189674,-0.1039459578531939
2023-02-13,825.8203066835285,831.5295982555967,821.9011451301623,823.1591796875,9394365,0.0,0.0,ICICIBANK.NS,-0.0037476251854772213,-0.003754665126954619,0.19912389689126475,827.7193542480469,853.4989001464844,862.6246356201171,807.109489440918,830.5591129153437,845.1770314435961,827.7193542480469,857.4058429643867,798.0328655317071,0.07173080722102698,43.921684814044845,-7.1130745915871785,-9.364628912223065,2.2515543206358863,21.783224493108428,20.12946107215831,17.94824950103363,-0.10730403254909197
2023-02-14,826.3041477973615,839.2710584470253,824.562271968352,837.335693359375,13402934,0.0,0.0,ICICIBANK.NS,0.017222080518201732,0.017075461485364072,0.2197753051948259,827.7217742919922,852.1770446777343,862.1412780761718,807.7027124023438,831.204501529061,844.869527989313,827.7217742919922,857.4115548382478,798.0319937457367,0.0717385514514252,51.20683240822695,-5.7610179796593,-8.643906725710313,2.8828887460510124,21.987125661891543,20.426684651496295,17.849044344342435,-0.09192995071937846
2023-02-15,838.4001911703535,845.0287930620101,832.7875850885544,842.657958984375,12070288,0.0,0.0,ICICIBANK.NS,0.006356191032114156,0.006336075643069349,0.2275284300508995,827.9951446533203,851.1735571289063,861.8258135986329,808.3410632324219,832.2953070009956,844.782799793041,827.9951446533203,858.1490719233566,797.841217383284,0.07283600022234842,53.641739087362424,-4.211493541770892,-7.757424088922429,3.5459305471515368,20.87083740168443,20.547546693820617,17.874692697247546,-0.08615808401560945
2023-02-16,847.6415602493975,849.4317493814649,836.9002482690221,841.3516235351562,10715685,0.0,0.0,ICICIBANK.NS,-0.00155025587225599,-0.0015514587622429711,0.2256254468938519,827.9927276611328,850.1536193847656,861.7019500732422,808.9839440917968,833.1578133375824,844.6482438613592,827.9927276611328,858.1421382787452,797.8433170435204,0.07282530295350959,52.94338153431018,-3.0536935360494226,-6.816677978347828,3.7629844422984053,18.84907852727404,20.543656504463865,17.875854225141122,-0.0875747728121779
2023-02-17,839.5129712878102,839.5129712878102,827.5137432933884,834.7713623046875,9990618,0.0,0.0,ICICIBANK.NS,-0.007821059645454875,-0.007851804542477038,0.21603975717070778,827.8233825683594,848.8133776855469,861.7174334716797,809.6744836425781,833.3114846677829,844.2609151728623,827.8233825683594,857.7697425542041,797.8770225825148,0.07234963548126587,49.450988834744905,-2.6367064669198044,-5.980683676062223,3.3439772091424187,17.74661315090564,19.66116156772105,17.797993463963124,-0.09471090493603157
2023-02-20,834.7714155382524,838.5453422271993,822.7721277159786,824.5623168945312,9013430,0.0,0.0,ICICIBANK.NS,-0.012229750409705642,-0.012305149176608528,0.20116789445223104,826.9403717041016,847.3076635742187,861.7130792236328,810.2920944213868,832.47823059414,843.4884211227317,826.9403717041016,856.1309652913429,797.7497781168603,0.07059902886852014,44.54183965989932,-3.0943560441450018,-5.403418149678779,2.309062105533777,17.200562079191375,19.752264904906028,17.9098728039272,-0.10578236461729214
2023-02-21,826.7879086540337,831.6746932125201,819.4818589086323,826.5943603515625,11704445,0.0,0.0,ICICIBANK.NS,0.0024643903988776916,0.002461358768584177,0.20412804107875915,826.0936462402344,845.8348498535156,861.7585595703125,810.9657968139649,831.9178619996088,842.825908935627,826.0936462402344,854.2213013396678,797.9659911408011,0.06809798193570324,45.69737859540037,-3.255549755721745,-4.973844470887372,1.7182947151656274,14.473774100930282,19.73133464968512,17.686386189923603,-0.10357866326214786
2023-02-22,823.7398157469175,826.4976875402137,807.7730527985192,812.1276245117188,13880984,0.0,0.0,ICICIBANK.NS,-0.017501614496487572,-0.01765657849349336,0.18305385629938797,824.5695495605469,844.0214147949218,861.7135620117188,811.609970703125,830.0330774769526,841.6220546444935,824.5695495605469,852.2285660442438,796.9105330768499,0.06708716444461915,39.402777612267876,-4.498782448531983,-4.878832066416295,0.38004961788431135,13.433506978337643,19.976546962383075,17.618824686925304,-0.11926748392415978
2023-02-23,809.514854112909,817.1595701542185,806.611806359904,812.6114501953125,11743574,0.0,0.0,ICICIBANK.NS,0.0005957508019562852,0.0005955734128968891,0.18375866158303578,823.8171813964843,842.4344177246094,861.4982525634765,812.2519943237305,828.3738748787011,840.4843838817804,823.8171813964843,851.9371578051586,795.6972049878101,0.06826751624919251,39.701923767119055,-5.382961199495071,-4.97965789303205,-0.40330330646302137,12.76649559320018,19.88568941065099,17.36863293942338,-0.11874278682139859
2023-02-24,816.6756388111917,818.2722794616959,808.5470823740111,812.56298828125,8246139,0.0,0.0,ICICIBANK.NS,-5.963725228197436e-05,-5.963903065360939e-05,0.183688065469094,824.9058197021484,841.097080078125,861.4145483398438,812.8798281860352,826.8680761551344,839.3894271915636,824.9058197021484,849.0464439359893,800.7651954683075,0.05852940701171779,39.68079338349979,-6.01821545963935,-5.18736940635351,-0.8308460532858399,12.206623767133433,19.81671566696665,17.212556988027508,-0.11879534258014621
2023-02-27,806.6118061869664,830.5619501441226,806.6118061869664,828.723388671875,14422574,0.0,0.0,ICICIBANK.NS,0.019888181745525646,0.019692995547158382,0.20722946884515303,826.4976623535156,840.2145544433594,861.3056842041016,813.6769601440429,827.0447725853002,838.9711511711837,826.4976623535156,846.7433665143626,806.2519581926686,0.048991558193149216,49.35973812351667,-5.1581893877407765,-5.181533402630963,0.02334401489018667,13.309091584013231,20.20962460319062,17.53347921360279,-0.10126978419837641
2023-02-28,827.2718200485879,830.2716122720615,822.5301520177766,827.223388671875,19600146,0.0,0.0,ICICIBANK.NS,-0.001810012871006239,-0.001811652923612519,0.20504436796828518,827.6080749511718,839.2159057617188,861.0095727539062,814.5553280639648,827.0617836411644,838.5104546025833,827.6080749511718,845.1480323351485,810.0681175671951,0.04238711031187444,48.58052118388071,-4.545255121863079,-5.0542777464773865,0.5090226246143077,13.253796313014593,20.04119235292078,17.525314874457408,-0.10289649745653956
2023-03-01,836.0777546418046,836.0777546418046,824.3203875920912,828.6265869140625,11015843,0.0,0.0,ICICIBANK.NS,0.0016962748652940007,0.0016948378159423083,0.20708845444123392,828.0120819091796,838.182421875,860.755556640625,815.4135375976563,827.2108125242976,838.1228519481316,828.0120819091796,845.2365709285881,810.7875928897712,0.041604438862035145,49.385479007440196,-3.9013021464070334,-4.823682626463317,0.9223804800562831,13.174306433381073,20.04971604049382,17.158986883098567,-0.1013747633336078
2023-03-02,825.4331963782566,833.9971631259353,823.5945759500078,826.40087890625,12327141,0.0,0.0,ICICIBANK.NS,-0.0026860205102775536,-0.002689634336025651,0.20384619009488558,827.8233825683594,837.4421447753906,860.4870239257813,816.1307611083985,827.1336759892454,837.6631667308029,827.8233825683594,845.0307894611207,810.6159756755982,0.04157265246452567,48.09925201916371,-3.529870657468905,-4.564920232664434,1.0350495751955293,13.233056921418536,19.99735009572767,16.764659562648323,-0.1037884891503468
2023-03-03,829.0620699895568,844.786912285828,822.3850364048458,840.480712890625,12823098,0.0,0.0,ICICIBANK.NS,0.01703753510404038,0.016894024058940832,0.2243567618184925,828.0532104492188,837.0144299316406,860.4671868896485,816.9311294555664,828.4048223608054,837.7736587370705,828.0532104492188,845.8273849969903,810.2790359014473,0.04293002991469357,55.920392632435124,-2.075458994647306,-4.067027985061009,1.991568990413703,14.145444261100513,20.602395372602295,17.029297412300544,-0.08851925407360083
2023-03-06,843.5772118992917,848.5123689804957,837.3840203291142,839.7064819335938,13904231,0.0,0.0,ICICIBANK.NS,-0.0009211763520051708,-0.000921600895680671,0.22322891332308759,828.7330047607422,836.7986352539062,860.4613806152344,817.8096286010742,829.4811708915471,837.8494557251695,828.7330047607422,847.2200338532924,810.245975668192,0.04461516311369172,55.42577913280707,-0.9740727369332944,-3.448436935435466,2.4743641985021716,13.78947782480453,20.55645374467805,17.029358440202714,-0.08935888858205622
2023-03-08,838.6421317777392,845.4159098393197,833.6585428645134,843.9159545898438,16144568,0.0,0.0,ICICIBANK.NS,0.005013028655628471,0.0050005052634555115,0.22936099491796957,829.66923828125,836.3902734375,860.6404028320312,818.6165914916992,830.8559121961467,838.0873576414313,829.66923828125,849.2643836462959,810.0740929162042,0.04723604169208273,57.62056790592609,0.2357356567821398,-2.711602416991945,2.947338073774085,13.75491775347243,20.60384642357975,16.801987458157196,-0.08479381859552479
2023-03-09,839.1743316818115,841.6902827242536,826.5460860285978,828.2879028320312,10624440,0.0,0.0,ICICIBANK.NS,-0.018518493071277398,-0.01869210708477514,0.20659508185148256,829.5168334960938,835.5251647949219,860.5020245361328,819.3381997680664,830.6113398757548,837.7030652959646,829.5168334960938,849.1048084991709,809.9288584930167,0.04722743219211432,48.14287153479506,-0.06577740183365677,-2.1824374139602876,2.116660012126631,14.100515428386943,21.298611424178574,17.071691550028536,-0.10174205792465384
2023-03-10,817.4014008412539,818.030359014257,809.2244720910029,815.4176635742188,17273189,0.0,0.0,ICICIBANK.NS,-0.01553836439456302,-0.015660350067082843,0.18784656779298659,828.6386596679688,834.4355541992187,860.0902746582032,820.0094049072266,829.1643230851323,836.8291279735432,828.6386596679688,849.126823228852,808.1504961070856,0.049450175469951424,42.013935553270265,-1.3279417343999285,-2.011538278048216,0.6835965436482874,14.47376903547698,21.152421421321677,17.25322103571777,-0.11569951714893084
2023-03-13,814.2564801205943,827.6588595926465,797.3220357740603,801.6282348632812,16413159,0.0,0.0,ICICIBANK.NS,-0.016910878102019966,-0.0170554997727251,0.16775903928113656,827.4072875976562,832.8940368652344,859.427412109375,820.586653137207,826.5418384925752,835.4487007927487,827.4072875976562,851.1933600979759,803.6212150973366,0.05749543872010488,36.63286899321824,-3.401695091734382,-2.2895696407854493,-1.1121254509489327,15.514026843145952,17.309009598859767,17.45403014468922,-0.13065381481998262
2023-03-14,800.2734847719724,807.4827317254363,791.8062622910114,803.5151977539062,15456802,0.0,0.0,ICICIBANK.NS,0.0023539127098570756,0.0023511465972755508,0.17050784212575087,826.4250885009766,831.7231408691406,858.8298687744141,821.100471496582,824.3488250888925,834.1964065559314,826.4250885009766,852.465272624668,800.3849043772851,0.06301886156656941,37.80673924014165,-4.83713791783839,-2.7990832961960375,-2.038054621642353,15.762857923898602,17.184637139159268,17.440022088722987,-0.1286074497854216
2023-03-15,809.4180845479008,816.6757037068646,795.6286081458696,799.2090454101562,12914488,0.0,0.0,ICICIBANK.NS,-0.005359142373146275,-0.005373554089320954,0.16423492395091466,824.5187561035157,830.2416198730468,858.2226483154296,821.538410949707,821.9545603575842,832.8243531776658,824.5187561035157,852.6908691817202,796.3466430253111,0.06833589380389464,36.16047011664733,-6.250159260095643,-3.489298488975959,-2.7608607711196838,15.921842781609437,16.998958306943535,17.44972035346386,-0.13327736652492056
2023-03-16,802.886228653789,804.4344971185735,784.1131634393323,797.273681640625,14987868,0.0,0.0,ICICIBANK.NS,-0.0024215989304000596,-0.0024245357432364748,0.16141561390434078,822.2495422363281,828.7426806640625,857.4170526123047,821.9248303222656,819.6040004797785,831.430209195821,822.2495422363281,851.5580628492748,792.9410216233814,0.07128862737517455,35.414080682156495,-7.44038837014466,-4.279516465209699,-3.160871904934961,16.619954916247057,15.970649007231655,17.279277281635125,-0.1353762211270973
2023-03-17,804.91834909519,811.3050894882914,792.1933587502203,809.2245483398438,11104490,0.0,0.0,ICICIBANK.NS,0.014989666628185017,0.014878431780040682,0.1788248467735356,820.6431884765625,827.5263049316407,856.545654296875,822.3500833129883,818.6154812283561,830.559398966175,820.6431884765625,849.0513157995438,792.2350611535812,0.06923381006967952,43.20932805116586,-7.334767812323548,-4.890566734632469,-2.444201077691079,17.29042160556036,16.220530253217472,17.452259060435825,-0.12241579892299086
2023-03-20,809.9503044168963,810.7244386539869,798.3381136725679,809.4180908203125,14838651,0.0,0.0,ICICIBANK.NS,0.00023917030305842246,0.00023914170640104655,0.17910678666939117,819.3755249023437,826.6999047851563,855.6882885742187,822.7772653198242,817.7395392847328,829.7303280584941,819.3755249023437,847.3890974339447,791.3619523707428,0.0683778601635428,43.328621725249825,-7.152990279265964,-5.343051443559169,-1.8099388357067951,16.464434535864843,16.06078450920338,17.452294308674006,-0.12220590684365999
2023-03-21,815.7563608240233,826.8847097557864,811.9340030740609,824.8526000976562,18755854,0.0,0.0,ICICIBANK.NS,0.0190686487643259,0.018889120729340222,0.20159075984002284,819.3900390625,826.3573449707031,854.9915570068359,823.2955676269531,818.4169736478684,829.5390446090495,819.3900390625,847.4152250911928,791.3648530338072,0.06840499564958748,51.98976876494749,-5.697813520082036,-5.414003858863743,-0.2838096612182932,17.15908872737834,16.744873251398793,17.756627149601016,-0.10546755959386181
2023-03-22,829.9329340902065,834.6745429845437,823.4978217289552,832.4005126953125,17431520,0.0,0.0,ICICIBANK.NS,0.009150619876524102,0.009109006619883314,0.21258606013046255,819.6803466796875,826.1028442382812,854.5304565429688,823.8778219604492,819.7487392714345,829.651259043805,819.6803466796875,848.1367292044926,791.2239641548825,0.06943287743831954,55.5661537611343,-3.8906727349245784,-5.10933763407591,1.2186648991513316,17.117614027797988,16.948422303683248,17.710281774525495,-0.09728203326448573
2023-03-23,829.3039121932823,839.4162062490099,825.2396338332466,827.8040161132812,17920621,0.0,0.0,ICICIBANK.NS,-0.0055219771154967345,-0.00553727959040548,0.20589018765585188,820.4641662597656,825.9886584472656,854.0151647949219,824.4253100585937,820.5159084944676,829.5788181445688,820.4641662597656,848.9082019332666,792.0201305862647,0.06933644842325831,52.97799594390219,-2.797155633610828,-4.646901233982893,1.8497456003720654,17.387184402071966,16.89292374187196,17.432593515852584,-0.10226682121854697
2023-03-24,824.9493447241754,832.2069635927165,821.7076319212885,824.8526000976562,17295696,0.0,0.0,ICICIBANK.NS,-0.0035653559999413442,-0.003571727029477947,0.20159075984002262,821.0762237548828,825.7196435546875,853.4713275146485,825.0133505249023,820.9289267423903,829.3934762603761,821.0762237548828,849.3349939819418,792.8174535278238,0.0688334880721017,51.32490501020008,-2.143975642276814,-4.146316115641678,2.002340473364864,16.5370026728181,16.910413591580177,17.43316193924003,-0.10546755959386181
2023-03-27,827.3201714323708,828.7233228804927,816.7724084776924,821.2721557617188,17047675,0.0,0.0,ICICIBANK.NS,-0.004340708067736676,-0.004350156292237229,0.1963750051346671,821.5116821289063,825.4883679199219,852.9294256591797,825.6111437988282,820.9616152204217,829.074993103566,821.5116821289063,849.4850592513128,793.5383050064997,0.06810220166295124,49.31457350058829,-1.893411657149386,-3.69573522394322,1.802323566793834,16.595757369348014,16.794963926406446,17.397074629558396,-0.10935046377478494
2023-03-28,827.9007821657716,831.1425541001529,820.7883391486262,827.1266479492188,24469018,0.0,0.0,ICICIBANK.NS,0.007128565295227984,0.007103277181170391,0.20490344247634829,821.4318450927734,825.126455078125,852.4078448486329,826.2225787353516,821.5487611945928,828.9985874112386,821.4318450927734,849.3275656931145,793.5361244924324,0.06791974469212474,52.58491458724843,-1.208498483962444,-3.1982878759470648,1.9897893919846208,16.495532224828043,16.88794014361798,17.446542627926856,-0.10300141040063904
2023-03-29,829.3522700129644,834.2390547971538,820.5947552511751,823.497802734375,34881515,0.0,0.0,ICICIBANK.NS,-0.004387290898970719,-0.004396943301966054,0.19961718056903321,821.2455657958984,824.8506652832032,851.8823931884766,826.8771914672851,821.7343841983816,828.7828703650871,821.2455657958984,849.027974226709,793.4631573650878,0.06765919863174102,50.41360573625645,-0.9475940664506197,-2.748149114047776,1.8005550475971561,16.22942015230895,16.141753811558353,17.45399961205688,-0.10693680414917786
2023-03-31,834.0939446257819,852.5282844810888,830.7554281804934,848.8994750976562,25739021,0.0,0.0,ICICIBANK.NS,0.030846071815779696,0.030379894000783638,0.23662065827230871,822.2592102050781,825.08484375,851.492900390625,827.8127178955078,824.3215357125982,829.5717568251878,822.2592102050781,852.5422791717314,791.9761412384249,0.07365820556537245,62.18448693082335,1.2939612533597256,-1.9397270405662757,3.233688293926001,16.941352367000768,18.442874048988582,18.233876656621252,-0.07938931267393375
2023-04-03,851.7542203344012,858.4311947113953,840.7709875930993,855.2378540039062,26416933,0.0,0.0,ICICIBANK.NS,0.007466583608761068,0.007438846654658809,0.24585398980962014,823.701058959961,825.3616015625,851.2345294189453,828.7919598388672,827.265946978437,830.5782704400395,823.701058959961,857.3710181903184,790.0310997296035,0.08175286134236742,64.45206081500685,3.5410452342980534,-0.84357258559341,4.384617819891464,16.03587974555146,18.54865115404599,18.266921234927864,-0.07251549600589471
2023-04-05,857.947266823772,859.060125305607,845.7544911485221,856.0119018554688,21068934,0.0,0.0,ICICIBANK.NS,0.0009050673423056654,0.0009046580158186831,0.24698157156907796,824.4776184082032,825.7186743164062,850.9819635009766,829.7666558837891,830.0036569667257,831.5756677504485,824.4776184082032,860.4170034167903,788.538233399616,0.08718098394950813,64.73020417094594,5.322974731918066,0.3897368779088852,4.933237854009181,15.866534368598602,18.375536132957997,18.14061424282515,-0.0716760600708351
2023-04-06,853.4960068359375,861.3342118450829,844.4965709573414,846.7222290039062,26042745,0.0,0.0,ICICIBANK.NS,-0.010852270665193342,-0.010911586082822028,0.23344899003990216,824.8284057617187,825.8086682128907,850.6766595458985,830.7369866943359,831.5959019226476,832.1696505447018,824.8284057617187,861.5226775252348,788.1341339982026,0.08897431637221416,58.78535673545653,5.917356136687545,1.4952607296646172,4.422095407022928,15.56585903479478,18.2941500989804,18.166131644196774,-0.08175048273192512
2023-04-10,851.6090667881962,854.2701939584161,836.4648694207223,840.3839721679688,30906205,0.0,0.0,ICICIBANK.NS,-0.007485638877573697,-0.007513796880713856,0.2242158363265554,824.651806640625,825.7457702636718,850.4202239990234,831.6354666137695,832.4328609936306,832.4917808044378,824.651806640625,860.9915713971905,788.3120418840595,0.08813359641956622,55.06917933286745,5.809989385572521,2.358206460846198,3.451782924726323,15.386144096112828,18.449132461924556,18.147911674729784,-0.0886241670177003
2023-04-11,845.4642830137524,856.9796702925302,837.0454327447134,853.3992919921875,39504022,0.0,0.0,ICICIBANK.NS,0.015487348944367207,0.015368644003406604,0.24317569416696516,825.9073760986328,825.9615649414062,850.1318548583985,832.6033514404297,834.4296639458742,833.3116832039574,825.9073760986328,864.4448916889997,787.3698605082658,0.0933216404299668,60.579970118660825,6.697918562151472,3.226148881107253,3.4717696810442185,15.444894582523236,18.108252505336175,18.263524304400185,-0.07450937147284006
2023-04-12,854.8991446182802,863.1728184534817,851.8509210177381,861.3826293945312,22686032,0.0,0.0,ICICIBANK.NS,0.009354750440098591,0.009311265744156402,0.25480529253909334,828.2056243896484,826.6360412597656,849.9049334716797,833.562336730957,836.9966130362225,834.4125046231956,828.2056243896484,869.4934106194246,786.9178381598722,0.09970419184294603,63.53435955156254,7.954107441286055,4.171740593143014,3.7823668481430417,15.368864043546425,18.238629133459913,18.301741549171567,-0.06585163760831848
2023-04-13,862.3018181294501,872.5109153520875,857.8505024300003,869.946533203125,34439635,0.0,0.0,ICICIBANK.NS,0.0099420437751494,0.009892946805892958,0.2672806216868062,831.6215393066407,828.2191674804687,849.7036547851562,834.6098321533203,840.1347006711655,835.8059959400556,831.6215393066407,874.9071573775929,788.3359212356885,0.10409931928180047,66.44001755657197,9.530816326293234,5.243555739773058,4.287260586520176,15.168420756875946,18.369975626300146,18.26096084268872,-0.056564293696936226
2023-04-17,887.655223609611,887.655223609611,864.285724614147,872.1723022460938,29957514,0.0,0.0,ICICIBANK.NS,0.002558512457970785,0.0025552450369436272,0.2705229749451368,835.05439453125,829.7248828125,849.519310913086,835.6080960083008,843.1859008211586,837.2321255991159,835.05439453125,879.819325625992,790.289463436508,0.1072144075593312,67.17216061910273,10.835070489469445,6.361858689712335,4.4732117997571095,16.03933345258134,17.60216839458347,18.19222960536752,-0.0541505016890653
2023-04-18,878.6074008266793,878.6074008266793,865.2049618009515,867.8660888671875,26699379,0.0,0.0,ICICIBANK.NS,-0.0049373425042466,-0.004949571448678848,0.26424996785831834,838.4872467041016,830.9819018554688,849.2817449951172,836.5160525512696,845.5363949207805,838.4334574919815,838.4872467041016,882.1957289987307,794.7787644094725,0.10425556850491641,64.25165094307626,11.389929857863308,7.36747292334253,4.022456934520778,15.984038210435942,17.68050772786679,18.198849351325475,-0.0588204846196962
2023-04-19,866.9467798245536,867.9144623295201,858.5763025315322,863.0760498046875,24377956,0.0,0.0,ICICIBANK.NS,-0.005519329679942175,-0.00553461745814139,0.2572721554878519,841.7773651123047,831.8324938964844,848.9740216064453,837.381301574707,847.2068382430574,839.3998336611072,841.7773651123047,882.206908703601,801.3478215210083,0.0960575688226126,61.07088482546593,11.312737587569472,8.156525856187919,3.1562117313815534,15.901097362333076,17.802470789655118,18.118702387064864,-0.0640151646530883
2023-04-20,863.4147591759163,870.236909372004,860.4633391974846,865.4953002929688,16999919,0.0,0.0,ICICIBANK.NS,0.002803055986582814,0.0027991347510702156,0.260796359730056,844.5909027099609,832.5389025878907,848.6542028808594,838.2925540161133,848.9485965335251,840.4231852937293,844.5909027099609,883.276239710178,805.9055657097439,0.09160727844946225,62.091610972173335,11.316327869594488,8.788486258869234,2.527841610725254,15.745572774598722,17.763520309607838,18.126143852326816,-0.061391546757018446
2023-04-21,865.6404154507798,871.5916867731976,853.8831078765245,857.028076171875,29578071,0.0,0.0,ICICIBANK.NS,-0.009783096590157858,-0.009831265497788276,0.24846186716229735,846.971401977539,832.9617810058594,848.1393957519531,839.1977825927735,849.7180707847965,841.074357485029,846.971401977539,882.253300487249,811.689503467829,0.08331308100210366,56.5071294980775,10.514731689218024,9.133735344938993,1.3809963442790316,16.27088448496632,17.436162839223616,18.101233871294045,-0.07057404391543315
2023-04-24,875.7527238646078,877.204247716317,866.0758981865458,875.5108032226562,30881665,0.0,0.0,ICICIBANK.NS,0.02156606949604134,0.021336812083647686,0.27538628255267694,849.5043121337891,833.94978515625,847.8921533203124,840.1740225219727,852.1745214931641,842.424806337485,849.5043121337891,885.3689760840826,813.6396481834955,0.08443668487145997,64.097807600463,11.24128006831063,9.55524428961332,1.6860357786973097,16.73744677057084,18.442585947609885,18.471300827056766,-0.050529979155088736
2023-04-25,877.0107332480105,886.3972663306375,873.9141370989526,883.9296875,41383839,0.0,0.0,ICICIBANK.NS,0.009615968468184244,0.00957002930828027,0.28765035683045825,852.0807708740234,835.1245532226562,847.6603936767578,841.208228149414,855.1988230176246,844.0524487360151,852.0807708740234,890.1101384520879,814.051403295959,0.08926235370634118,66.9290817876078,12.35399928125321,10.114995287941298,2.2390039933119112,15.555493019497353,18.56751976246474,18.544509731394125,-0.041399905373157804
2023-04-26,881.9942148102741,887.3164684901113,876.478412820458,885.381103515625,30371555,0.0,0.0,ICICIBANK.NS,0.0016420039242375228,0.0016406573096899683,0.28976468376941966,854.9596252441406,836.2054553222656,847.352670288086,842.1717767333985,858.0733259221961,845.6731802959998,854.9596252441406,893.9559842509208,815.9632662373605,0.09122386099962189,67.40629964072755,13.200783995987422,10.732153029550522,2.4686309664368995,15.068196487451457,17.56032093659354,18.540111388478508,-0.03982588025600612
2023-04-27,880.1072370809303,890.1711587440801,879.1879268899205,888.6712036132812,25835108,0.0,0.0,ICICIBANK.NS,0.0037160270132172712,0.0037091396420008576,0.2945574841750005,858.1505554199218,837.3192565917968,847.0183349609375,843.1549014282226,860.9874095118233,847.3593772888345,858.1505554199218,897.2181026472707,819.083008192573,0.09105056678133086,68.51539912916675,13.976241156392803,11.380970654918979,2.5952705014738235,14.902310608671078,16.729329835538355,18.44182032306902,-0.03625784728964525
2023-04-28,885.5261979194149,890.7033345320275,880.8329616007633,887.9938354492188,20381002,0.0,0.0,ICICIBANK.NS,-0.0007622258505827206,-0.0007625164924055609,0.2935707389954969,861.4866394042969,838.5540197753907,846.8001220703125,844.1033773803711,863.5594500772895,848.9528854519868,861.4866394042969,898.6429629286096,824.3303158799841,0.08626093969375002,68.00234747192579,14.370484591983086,11.978873442331802,2.3916111496512844,14.404648611779846,15.68776865157788,18.28806532799879,-0.03699243647173731
2023-05-02,894.1386692839658,895.880486047962,889.0099636211668,892.300048828125,17515017,0.0,0.0,ICICIBANK.NS,0.004849373055307193,0.004837652721367403,0.29984374608231557,864.7453094482422,839.9368371582032,846.7178686523438,844.9961907958984,866.2966499583215,850.6527742118354,864.7453094482422,900.6231500603068,828.8674688361776,0.08297897709316683,69.5627401469387,14.859114167563575,12.554921587378157,2.3041925801854184,13.6961719018548,15.689106374512537,18.25828445217428,-0.03232245354110641
2023-05-03,889.8324772678072,893.9935004213415,882.091016865825,893.0258178710938,18715142,0.0,0.0,ICICIBANK.NS,0.0008133688257911942,0.0008130382206249546,0.3009009984637785,868.2217102050781,841.0506396484375,846.6138421630859,845.8267425537109,868.8422849976331,852.314462198473,868.2217102050781,900.571819536315,835.8716008738412,0.07452038794007045,69.82978351000642,15.130505078724468,13.07003828564742,2.0604667930770475,13.122475188119065,15.48531767219051,18.241755856932933,-0.031535374791398646
2023-05-04,890.2679527423538,894.0419383409981,882.3329439597278,891.9130249023438,20485002,0.0,0.0,ICICIBANK.NS,-0.0012460927181285886,-0.001246869737218635,0.29927995520258666,870.3723876953125,842.0357409667969,846.6046490478516,846.5853582763672,871.0394983218913,853.8673470103896,870.3723876953125,903.031510139698,837.713265250927,0.07504632018684476,68.83260919040133,15.081936067697029,13.472417842057343,1.609518225639686,13.150124969942397,15.448296340991115,18.234767217753863,-0.032742171508636224
2023-05-05,895.1063543921246,911.9924266199449,893.606458259458,896.9933471679688,19002035,0.0,0.0,ICICIBANK.NS,0.005695983939892901,0.005679823162017684,0.30668063296084536,872.4601623535157,843.1485754394531,846.6510974121094,847.4155474853516,873.5112934500892,855.5585627028438,872.4601623535157,906.360580413963,838.5597442930683,0.07771224297278825,70.87728220152687,15.277277381469617,13.8333897499398,1.443887631529817,13.537195598193396,15.093638970702667,17.95869661058261,-0.027232686451813783
2023-05-08,897.0417142320913,911.2666593771053,897.0417142320913,907.5894775390625,18623913,0.0,0.0,ICICIBANK.NS,0.011812941985075431,0.011743713844571313,0.32211637547103344,875.0390411376953,844.6049377441407,846.7091577148437,848.3309411621094,876.7568347918962,857.5989907356367,875.0390411376953,911.4269897890978,838.6510924862929,0.08316874320051387,74.61751226764633,16.101497900421805,14.287011380036201,1.8144865203856035,12.887467970598575,15.249523583720102,18.05383711950332,-0.015741442611891476
2023-05-09,910.5893181947338,914.4600485590047,901.686626544379,904.20263671875,21507610,0.0,0.0,ICICIBANK.NS,-0.003731688063964733,-0.00373866818236197,0.31718264957351594,877.9130615234375,846.197744140625,846.7527038574219,849.2332485961914,879.3707206896918,859.4265846957588,877.9130615234375,913.9623462897213,841.8637767571537,0.08212495370265405,71.45849182124147,16.293586527605385,14.68832640955004,1.6052601180553445,12.842538184091284,14.69626486364316,17.917505074328975,-0.01941438852235182
2023-05-10,904.3960428952724,910.5892345341686,898.2512826316067,905.7991943359375,25910923,0.0,0.0,ICICIBANK.NS,0.0017657077654420483,0.0017641507360553954,0.31950840920637336,881.1838226318359,847.7818408203125,846.808345336914,850.1493103027344,881.8877181798105,861.2451184071384,881.1838226318359,914.6757327896299,847.6919124740419,0.07601571726036356,72.05901243151516,16.385762139133362,15.027813555466706,1.3579485836666567,13.056809048703704,14.587841627631896,17.724968860230618,-0.017682960893484964
2023-05-11,909.6699796963557,916.3953853081388,903.670336005355,908.8474731445312,20027372,0.0,0.0,ICICIBANK.NS,0.003365292029022582,0.00335964210601442,0.32394894033810373,883.9562316894531,849.7162377929687,846.8688262939453,850.9805743408203,884.4553138907362,863.1118774164479,883.9562316894531,916.9400733339919,850.9723900449144,0.07462777106395573,73.21766751253973,16.514414706809248,15.325133785735215,1.1892809210740332,13.267628986436875,14.369812678044724,17.682808790873498,-0.014377177191806808
2023-05-12,909.3796019336227,917.3629823177167,904.8798548193457,913.3955078125,13873480,0.0,0.0,ICICIBANK.NS,0.00500417815129417,0.004991698866869069,0.3305742166987726,886.5568756103515,851.7319189453125,847.083168334961,851.7929754638672,887.2115228356661,865.0837844908028,886.5568756103515,920.2412373661873,852.8725138545158,0.07598917268031047,74.89068704355587,16.78981860420754,15.61807074942968,1.171747854777859,12.894382457986726,14.235440219177326,17.69375941247083,-0.009444944996493194
2023-05-15,913.2504258746985,918.3307593696306,907.8797994211587,915.185791015625,10453762,0.0,0.0,ICICIBANK.NS,0.0019600306634006692,0.001958112309579138,0.3331821829634325,888.8188385009765,853.784375,847.4407275390626,852.6025454711914,889.875738852805,867.0485690604037,888.8188385009765,923.8553724493273,853.7823045526258,0.07883841437798753,75.53845455060379,16.95706853883769,15.885870307311283,1.071198231526406,12.199724486846005,14.05201152131514,17.62199253468393,-0.007503426714899703
2023-05-16,919.2984223538758,921.4273357760685,912.5246445049526,915.766357421875,19612293,0.0,0.0,ICICIBANK.NS,0.000634369995633044,0.0006341688680424083,0.33402791373901697,890.9985412597656,855.525234375,847.8698944091797,853.4010702514648,892.3415120498593,868.9590705647752,890.9985412597656,927.0830718487057,854.9140106708255,0.08099795660253464,75.75687225002395,16.94117485576919,16.096931217002865,0.8442436387663257,11.94397891823393,14.038488419834435,17.311775984554835,-0.006873816668039029
2023-05-17,916.6856415758675,917.7501277880057,905.5572925692524,908.9925537109375,19273344,0.0,0.0,ICICIBANK.NS,-0.007396868924086197,-0.007424361415160262,0.3241602841200173,893.0548645019531,857.1606176757813,848.18826171875,854.0981518554687,893.9273255413905,870.529011080311,893.0548645019531,928.2656530012798,857.8440760026265,0.07885470400290208,68.11480519202908,16.195300308267292,16.116605035255752,0.07869527301154022,12.040748886026782,14.210287172309041,17.23832225710912,-0.014219840871223565
2023-05-18,917.3146504805366,921.4756734760364,911.6536723389962,915.9114990234375,21550141,0.0,0.0,ICICIBANK.NS,0.00761166335659591,0.007582840813003781,0.3342393464329132,895.6966369628906,858.9063159179688,848.5443688964843,854.8257400512696,896.0210563492044,872.3087164898454,895.6966369628906,929.3298454998295,862.0634284259517,0.07509955301603387,71.29951600676718,15.978302493321053,16.088944526868815,-0.11064203354776225,12.147883736808158,11.670256433993817,17.27662138932424,-0.006716414156323861
2023-05-19,920.7016009331666,925.1045448518862,911.1698920993472,923.45947265625,15427412,0.0,0.0,ICICIBANK.NS,0.008240942100694593,0.008207170947891178,0.34523473563533535,898.5948455810546,860.8474877929688,849.1448162841797,855.6131924438477,898.6342388546373,874.314628496371,898.5948455810546,931.2455566993594,865.9441344627498,0.07267059516058542,74.31362471166713,16.22831859769508,16.11681934103407,0.11149925666100913,12.438189438327786,11.700654811063476,17.315479242952907,0.0
2023-05-22,920.3144745564015,923.4110705194826,915.572865513465,919.6370849609375,15509525,0.0,0.0,ICICIBANK.NS,-0.0041392045980293,-0.004147794818028115,0.33966653383216494,901.7252960205078,862.430615234375,849.7225225830078,856.361332397461,900.6345099123802,876.0919797302756,901.7252960205078,929.1893876712397,874.2612043697759,0.06091454187197894,70.28794183292055,15.934342241123318,16.08032392105192,-0.14598167992860311,12.43818633433077,11.854018192867906,16.89765180509887,-0.00413920459802934
2023-05-23,921.2337828236806,927.8623846317511,914.4600050088006,922.5885620117188,16579935,0.0,0.0,ICICIBANK.NS,0.0032093932476706666,0.003204254137842077,0.3439660505599762,904.0791839599609,864.0882568359375,850.4434460449219,857.0564151000976,902.725372017079,877.9153751138616,904.0791839599609,930.1158909834988,878.042476936423,0.05759828892308844,71.56867194844654,15.75787640180738,16.015834417203013,-0.25795801539563357,12.545321767718908,11.166611288473094,16.79462928199779,-0.0009430956856462278
2023-05-24,916.1050779412483,923.0239727062751,908.1700692529853,910.2506103515625,18049620,0.0,0.0,ICICIBANK.NS,-0.01337318948898858,-0.013463415900383958,0.32599293789907,905.395230102539,865.4149499511718,850.902611694336,857.6705703735352,903.442061382268,879.1834235545558,905.395230102539,929.7501400457297,881.0403201593483,0.05379951016625619,59.9377608368785,14.455818686982639,15.70383127115894,-1.2480125841763012,12.769958130006021,11.756685248573268,16.960978658613037,-0.01430367297732446
2023-05-25,906.7185078782338,911.169823779576,902.7994055425181,909.4763793945312,19328582,0.0,0.0,ICICIBANK.NS,-0.0008505690061907378,-0.00085093094525854,0.3248650894036653,906.5999938964844,867.0387194824219,851.2819421386719,858.2577679443359,904.0167583358169,880.3713826071039,906.5999938964844,929.0994871429034,884.1005006500654,0.04963488506042935,59.28664270816588,13.209187310567927,15.204902479040738,-1.9957151684728114,11.933602167110068,11.149449531447505,16.78254153843966,-0.015142075722606008
2023-05-26,909.4280061165383,921.6692134262162,905.3153554715091,919.9757690429688,10957182,0.0,0.0,ICICIBANK.NS,0.011544433573335233,0.01147830505761169,0.34015990642191674,908.1652221679688,869.1298815917969,851.7827178955079,858.9246368408203,905.5366641174504,881.9244958006672,908.1652221679688,929.750062030852,886.5803823050855,0.04753505053046614,64.86135532306992,12.919507915695931,14.747823566371776,-1.8283156506758456,12.082212577507969,11.289630205748791,16.85660346479166,-0.003772448836612919
2023-05-29,923.0239830690742,926.6527926566437,916.2018328569751,917.5082397460938,12108079,0.0,0.0,ICICIBANK.NS,-0.002682167704745053,-0.002685771161368813,0.3365653728017177,909.6409423828125,871.4474816894531,852.1707592773438,859.5452606201172,906.6768141773211,883.3199367397035,909.6409423828125,929.3755092446348,889.9063755209901,0.043389794681245326,62.688859820859626,12.348480321493525,14.267954917396128,-1.919474595902603,11.916322419296746,11.131108608171612,16.819715830745572,-0.006444498200920558
2023-05-30,914.7986250754225,921.5240302432906,914.1212945775248,919.25,18483624,0.0,0.0,ICICIBANK.NS,0.001898359250035897,0.0018965596432882754,0.3391026540404536,910.9884399414062,873.762177734375,852.7426593017578,860.1964767456054,907.8742604461477,884.7289588283426,910.9884399414062,929.3715830746359,892.6052968081766,0.040358674879369505,63.615268848499724,11.899314445190612,13.794226822955025,-1.8949123777644132,11.563806973811309,11.128841556865353,16.658954350911433,-0.00455837292365611
2023-05-31,918.8144953138968,921.233701462696,910.1053531782201,918.475830078125,27254425,0.0,0.0,ICICIBANK.NS,-0.0008421756017134019,-0.0008425304308183936,0.3379748944570311,912.2609405517578,876.1475134277343,853.1945666503906,860.757490234375,908.8839337444313,886.0523655440203,912.2609405517578,928.8439682276454,895.6779128758702,0.036355886652031315,62.86808565364366,11.35004199055652,13.305389856475326,-1.9553478659188066,11.449756901075034,10.97637181704647,16.569376005148005,-0.00539670957490965
2023-06-01,923.4110568080118,923.4110568080118,902.6542546695372,905.8475952148438,21650700,0.0,0.0,ICICIBANK.NS,-0.013749120499128575,-0.0138445150598434,0.31957891640833247,912.9576690673828,878.3189916992187,853.5308361816407,861.2372186279297,908.5947586463753,886.8286490605233,912.9576690673828,926.9020665268915,899.013271607874,0.03054774154809048,52.115279029203215,9.782974557056718,12.600906796591605,-2.817932239534887,12.040733661082438,11.696233744699564,16.753327485800458,-0.019071630063793955
2023-06-02,912.5245963573434,914.121296105405,904.8315086794461,907.8313598632812,12494376,0.0,0.0,ICICIBANK.NS,0.0021899540926275662,0.0021875596383563803,0.3224687336568659,913.4995697021484,880.2911279296875,853.9087164306641,861.6697729492188,908.5220540003663,887.6522847782786,913.4995697021484,925.5447993218191,901.4543400824776,0.026371615311429567,53.461860988050184,8.601977314080955,11.801120900089476,-3.199143586008521,11.957792766617226,11.69228404691069,16.740403723701327,-0.016923441965477768
2023-06-05,912.524632867169,921.0402273846815,912.524632867169,916.1534423828125,10751684,0.0,0.0,ICICIBANK.NS,0.009166991676498704,0.009125229834585745,0.3345917935307281,913.927767944336,882.4258349609376,854.5628698730469,862.09095703125,909.2488528939326,888.7699772333584,913.927767944336,925.6940236197572,902.1615122689147,0.025748765029618564,58.707876845297754,8.242536172976315,11.089403954666844,-2.846867781690529,12.265376784494679,11.37197136144006,16.777466705781777,-0.007911587340614252
2023-06-06,915.911451953909,917.1694273442739,907.7828956332198,911.6536254882812,11894330,0.0,0.0,ICICIBANK.NS,-0.004911641092378294,-0.004923742844057493,0.32803675763607165,914.3003173828125,884.16185546875,855.2596002197265,862.4185171508789,909.4778788552991,889.6673752041398,914.3003173828125,925.2107696848406,903.3898650807845,0.023866233215928956,55.091664003834694,7.508030954906189,10.373129354714715,-2.8650983998085255,12.064926533944734,9.966465756997483,16.79428720592923,-0.012784369555504443
2023-06-07,913.8309715647682,915.2824953565665,903.6219327083176,909.8151245117188,16486469,0.0,0.0,ICICIBANK.NS,-0.002016666116561372,-0.002018702325704097,0.3253585509053989,914.5011138916016,885.7101477050782,855.9064959716796,862.7134182739258,909.5099974892438,890.4574830201233,914.5011138916016,924.8880675718517,904.1141602113514,0.022716109411937448,53.63793529246471,6.700341250824636,9.6385717339367,-2.938230483112065,12.006172454169741,9.696560968109301,16.801197615794504,-0.014775253867161579
2023-06-08,906.3314429874264,919.7822539132716,904.9767228695448,907.5894775390625,17608140,0.0,0.0,ICICIBANK.NS,-0.0024462628864855285,-0.0024492598761544936,0.3221163754710328,914.4382141113281,887.3058569335938,856.6472576904297,862.9778378295898,909.3270908273219,891.1293259424345,914.4382141113281,924.9833528547944,903.8930753678618,0.023063644061975884,51.85408839031291,5.813634274015271,8.873584241952415,-3.0599499679371434,12.068378046397438,9.744606806860695,16.80727021847986,-0.017185372598473494
2023-06-09,910.9763299208923,913.4922807980292,905.9443691039659,907.7345581054688,12253128,0.0,0.0,ICICIBANK.NS,0.0001598526316100024,0.00015983985653948704,0.32232771925294657,914.1551666259766,888.96349609375,857.3415698242187,863.2340316772461,909.1754210442882,891.7805115174555,914.1551666259766,925.1139335337041,903.196399718249,0.02397572602072546,51.96623078887017,5.064241966723898,8.11171578690671,-3.0474738201828124,12.044185514345893,9.707979366543576,16.509887944997605,-0.017028267093898465
2023-06-12,907.6861909387297,913.0084447235517,903.1380713464422,905.7024536132812,10520125,0.0,0.0,ICICIBANK.NS,-0.0022386549834884084,-0.0022411645175761607,0.319367483714436,913.6809997558594,890.6521020507812,858.0702349853516,863.5511895751953,908.8446622413351,892.3264700310174,913.6809997558594,925.2553698433749,902.1066296683439,0.025335691758082365,50.20240210334378,4.2572938808170875,7.340831405688787,-3.0835375248716996,11.791899353928686,9.737032183963343,14.607596950420243,-0.01922880166239699
2023-06-13,905.6540879403527,915.6695783292494,903.9122121660633,913.0568237304688,13528776,0.0,0.0,ICICIBANK.NS,0.008120073085644552,0.008087282679585571,0.33008084410902017,913.545523071289,892.3707055664063,858.7485803222656,863.9929364013672,909.2458204783954,893.1394250780547,913.545523071289,925.0804814186451,902.0105647239329,0.02525316594749701,56.02036484581359,4.163226827066637,6.705310489964358,-2.5420836628977206,11.570718118921272,9.90354900066639,14.61266353438322,-0.011264867851600401
2023-06-14,915.4760554275856,916.3469933389074,905.9927783452874,909.4280395507812,13489262,0.0,0.0,ICICIBANK.NS,-0.003974324582408095,-0.003982243198080677,0.32479467111368754,913.5672973632812,894.0893103027344,859.4699877929687,864.3601715087891,909.2631746757655,893.7781942730636,913.5672973632812,925.0676604010924,902.06693432547,0.025176827303261224,52.74582008598383,3.7526077270072165,6.114769937372929,-2.362162210365713,11.712417887247138,9.999132971699629,14.567636184077436,-0.015194422192788349
2023-06-15,910.2989610606047,912.4762467370247,894.4773163743614,896.6546020507812,19366819,0.0,0.0,ICICIBANK.NS,-0.014045572540637208,-0.014145145062911684,0.3061871714591107,912.6044525146484,895.0444128417969,860.0646282958984,864.6180587768555,908.0623582352908,893.8909945780722,912.6044525146484,926.2944776175906,898.9144274117062,0.030002100176521836,43.17825516252054,2.3691691702425715,5.365649783946859,-2.9964806137042874,11.829923059244006,10.858573283039773,14.475878777712643,-0.0290265803743037
2023-06-16,899.2673651712831,907.4442943791796,897.0417071602234,904.009033203125,11249387,0.0,0.0,ICICIBANK.NS,0.008202078186542616,0.008168623948282676,0.31690062076567727,911.6319305419922,896.0198364257812,860.6907189941406,864.9173147583008,907.6763272798464,894.2877804065056,911.6319305419922,924.8297256599697,898.4341354240148,0.028954218639820877,48.92292852934985,1.8449577527908332,4.661511377715653,-2.81655362492482,11.854118239867562,10.992277659729785,14.413839106831361,-0.0210625804694791
2023-06-19,903.3315910727284,903.7670599993269,889.0099022447912,893.3161010742188,19351375,0.0,0.0,ICICIBANK.NS,-0.011828346549833224,-0.011898858015136128,0.3013238638515703,910.3158813476563,896.7659204101562,861.2422973632813,865.1703637695313,906.3086866888343,894.2496753346512,910.3158813476563,925.2832910878373,895.3484716074753,0.032883991253723543,42.23680707069562,0.5602282074352161,3.841254743659566,-3.28102653622435,12.396717903622427,10.972939839633147,14.536758282699184,-0.03264179151828557
2023-06-20,891.187294543562,898.541658614634,885.2360229801786,895.6386108398438,15212286,0.0,0.0,ICICIBANK.NS,0.0025998745156750047,0.002596500688346321,0.30470714260183773,908.9683837890625,897.744248046875,861.7764581298828,865.5076013183593,905.2924889889305,894.3041433936784,908.9683837890625,924.1348254043967,893.8019421737283,0.03337066918018073,44.02614535127458,-0.26743921240813506,3.0195159524460258,-3.286955164854161,12.552238428620958,10.96459684499815,14.385485643111773,-0.030126781564524956
2023-06-21,898.0093805496068,898.396477183526,890.267920372455,894.8160400390625,9210553,0.0,0.0,ICICIBANK.NS,-0.0009184181999589702,-0.0009188402043581104,0.3035088758164557,908.1966552734375,898.8328894042969,862.2893298339844,865.6885580444336,904.2947319460859,894.3242177719287,908.1966552734375,924.6080309761429,891.7852795707321,0.03614057728007007,43.51204116278444,-0.9784670358531002,2.2199193547862004,-3.1983863906393006,11.650220905234985,10.94836620075141,14.384737401854416,-0.031017530779988842
2023-06-22,894.5258054552514,905.3154308434969,890.9453680771945,895.8321533203125,27291569,0.0,0.0,ICICIBANK.NS,0.0011355555061414169,0.0011349112506667618,0.3049890824976933,907.5144439697266,899.6815466308594,862.8215557861328,865.937253112793,903.4887720769647,894.3833524993163,907.5144439697266,924.8122559313131,890.2166320081401,0.03812129289297245,44.376123746159244,-1.443332025679183,1.487269078693124,-2.930601104372307,12.013097715259514,10.900992310815807,14.342625102721948,-0.02991719740171157
2023-06-23,896.1224249124842,901.7834033389462,889.3002746615077,893.6548461914062,8767733,0.0,0.0,ICICIBANK.NS,-0.002430485577947006,-0.0024334440025971,0.3018173253533043,906.1983978271485,900.3269909667969,863.4815161132813,866.1844958496093,902.5522077069115,894.3547836244963,906.1983978271485,923.5093751636333,888.8874204906637,0.03820571163664049,42.86310184134715,-1.9647825775560932,0.7968587474432804,-2.7616413249993736,11.961259226405096,10.789681239686825,14.351954355380128,-0.032274969662841144
2023-06-26,897.1384485290017,901.6865682253899,893.3645221055212,897.4771728515625,11749040,0.0,0.0,ICICIBANK.NS,0.004277184504114073,0.004268063349797026,0.3073854382444927,905.1968444824219,900.8776037597656,864.5483856201172,866.4022244262695,902.0688710540211,894.4772302608519,905.1968444824219,922.0648600362007,888.328828928643,0.037269276084195176,46.32310148552887,-2.04602082533836,0.2282828328869524,-2.274303658225312,11.885224541320424,10.86009788656509,14.283837099332095,-0.028135831158839813
2023-06-27,899.9447553905696,909.5732084032469,892.3968434482118,905.8475952148438,13422726,0.0,0.0,ICICIBANK.NS,0.0093266131066998,0.00928338880041608,0.31957891640833225,904.526724243164,901.5511096191407,865.6379962158203,866.6559991455078,902.428749545528,894.9231269257144,904.526724243164,920.055768882808,888.99767960352,0.034336287084579954,53.0308443217532,-1.4186265480359452,-0.10109904329762714,-1.3175275047383181,12.279210420376574,11.233699615812673,14.329322028361153,-0.019071630063793955
2023-06-28,913.4923004032572,913.4923004032572,904.1057681310743,907.1539916992188,25708001,0.0,0.0,ICICIBANK.NS,0.0014421813241831671,0.0014411423794750686,0.3214819884773623,903.9606323242188,902.3368676757813,866.659384765625,866.9523516845703,902.8787726077843,895.4027686815382,903.9606323242188,918.113066444201,889.8081982042365,0.0313120585430677,53.997087916823745,-0.8066976762047489,-0.2422187698790515,-0.5644789063256974,11.89213907955201,11.04157111607197,14.067647807085015,-0.01765695348831061
2023-06-30,910.1054076065767,911.7504796986727,900.5737584353333,904.3960571289062,13843218,0.0,0.0,ICICIBANK.NS,-0.003040205516977923,-0.003044836329901066,0.3174644116454064,903.8880554199219,903.1632678222657,867.497880859375,867.1255667114258,903.0232758955102,895.7554466598664,903.8880554199219,918.0146091948543,889.7615016449895,0.03125730822578376,51.58448094347123,-0.5380792645531756,-0.30139086881387633,-0.23668839573929923,12.15133976307173,10.829344281817766,14.052865041525584,-0.020643478237880337
2023-07-03,906.7184853671359,915.1857070821438,906.2346441262783,912.089111328125,12350359,0.0,0.0,ICICIBANK.NS,0.008506288963312292,0.008470314350357987,0.32867114462974234,904.100942993164,904.0951440429687,868.3170233154297,867.3253927612304,903.8866887938544,896.3959825292098,904.100942993164,918.6010988768336,889.6007871094945,0.03207640915773093,57.3138028332655,0.2921996466732253,-0.18267276571645602,0.4748724123896813,12.217002375652303,10.847997612164963,14.105400539205846,-0.012312788665667325
2023-07-04,916.6373175188082,920.5564201279725,911.5569840092028,914.1697387695312,14041699,0.0,0.0,ICICIBANK.NS,0.0022811668460513967,0.0022785689350571215,0.3317020651941769,904.0017578125,905.2379772949218,869.0998791503906,867.5068334960938,904.8660268867761,897.0929925778499,904.0017578125,918.1783146354893,889.8252009895108,0.0313640027809097,58.73603279504733,1.1053491348782245,0.07493161440248011,1.0304175204757444,12.02000737247971,10.814735818750098,14.028896665310175,-0.010059709344902431
2023-07-05,911.6053679395459,933.5717744448986,910.5893130372112,927.0399169921875,13817767,0.0,0.0,ICICIBANK.NS,0.014078543269195887,0.0139803610145708,0.35045049034069065,904.7710723876953,906.2685595703125,870.1091723632812,867.7390774536133,906.9778259444344,898.267381770569,904.7710723876953,922.0306932110423,887.5114515643484,0.038152459445456685,66.23108110886466,2.7565163797535206,0.6112485674726883,2.1452678122808324,12.922024973484522,11.5445909747915,14.014536291644855,0.0
2023-07-06,923.8465943019188,932.7492860755926,923.1692046662566,928.3947143554688,16334427,0.0,0.0,ICICIBANK.NS,0.001461422899325493,0.0014603560601557995,0.3524240696116798,905.7000518798828,907.1578601074219,871.141206665039,867.9389047241211,909.0175296026282,899.4488457935064,905.7000518798828,925.8592752731362,885.5408284866295,0.044516334853709226,66.91238886840276,4.12682764184342,1.3143643823468347,2.8124632594965853,12.320678619675432,10.80765081538415,14.013264455837696,0.0
2023-07-07,922.2014392920128,924.1851766406033,913.2987483173766,915.8147583007812,8593807,0.0,0.0,ICICIBANK.NS,-0.013550223692754493,-0.013642865806610324,0.3340984209409761,906.1113159179688,907.766533203125,871.9859942626953,868.0782510375976,909.664884716738,900.0906462839878,906.1113159179688,926.7624403253308,885.4601915106068,0.04558187066992008,55.67908014450113,4.149874698755525,1.8814664456285728,2.2684082531269523,12.628269598939271,11.564266150659627,13.877859369187112,-0.013550223692754479
2023-07-10,915.4276604061656,922.1046933935976,910.9279130803762,917.7501220703125,12069184,0.0,0.0,ICICIBANK.NS,0.0021132699074670747,0.00211104009352936,0.33691773098754996,906.612094116211,908.3481115722657,872.8336840820313,868.2684008789063,910.4349073218403,900.7831747461966,906.612094116211,927.9047356867554,885.3194525456665,0.04697188954069947,56.8784783730457,4.275027483378381,2.3601786531785347,1.9148488301998459,12.35524455285981,11.077148737708777,13.877774084887124,-0.011465589065256776
2023-07-11,917.750137644119,921.9111607222271,911.4602011815253,914.41162109375,16977595,0.0,0.0,ICICIBANK.NS,-0.0036377014791687534,-0.003644334004845617,0.33205442338000957,907.0475524902344,908.8764672851562,873.7152435302735,868.4897583007812,910.8136419667841,901.3176236225712,907.0475524902344,928.6162992479323,885.4788057325364,0.04755813892773858,54.15593814524042,4.058044231224585,2.699751768787745,1.35829246243684,12.151339117591695,11.100263149516982,13.901255809498112,-0.015061582154123326
2023-07-12,917.7501246070915,920.4112515342325,910.8311709714633,913.87939453125,21511161,0.0,0.0,ICICIBANK.NS,-0.0005820426493086117,-0.0005822121018870275,0.3312791108944022,907.0886810302734,909.3080541992188,874.622445678711,868.623540649414,911.1056184014951,901.8102420895782,907.0886810302734,928.7087514718191,885.4686105887276,0.04766914391873929,53.71452244469573,3.799340769637297,2.919669568957656,0.879671200679641,12.25501938557014,11.08494172728953,13.545807683418754,-0.015634858320252184
2023-07-13,917.0727487171628,928.2494701654196,911.7504947834543,924.814208984375,23222286,0.0,0.0,ICICIBANK.NS,0.011965270820810892,0.011894252905679137,0.3472082259943421,907.8579895019532,909.9438220214844,875.497230834961,868.8192544555664,912.4111984570075,902.7123584383937,907.8579895019532,930.8781884150123,884.837790588894,0.05071321545716187,60.78644456849951,4.425648432521825,3.22086534167049,1.2047830908513353,12.407084572403205,11.62592446758881,13.657010159497727,-0.003856662813488215
2023-07-14,928.7333276529091,933.8136610419978,920.6047706053051,929.0236206054688,12871569,0.0,0.0,ICICIBANK.NS,0.00455162948427934,0.004541302144423699,0.35334021867724164,909.4764404296875,910.6860339355469,876.3608874511718,869.0933505249023,913.993333899718,903.7441726410241,909.4764404296875,933.7001599146279,885.2527209447471,0.053269592060011445,63.122326546245226,5.201704099056542,3.6170330931477004,1.5846710059088416,12.458924698064218,10.897419724637112,13.667849633911032,0.0
2023-07-17,931.7815569904748,942.3292614154661,922.0563000505355,937.3941040039062,16290763,0.0,0.0,ICICIBANK.NS,0.009009979092869713,0.008969631404695902,0.3655337857530634,911.1456939697266,911.4940490722656,877.3213122558594,869.5116311645507,916.2219786715455,905.0637777925097,911.1456939697266,938.2168323473911,884.0745555920621,0.05942219462119077,67.29438872792258,6.418177110615375,4.177261896641236,2.240915213974139,13.31256150128293,11.1458946280522,13.711126410837254,0.0
2023-07-18,946.393481874633,956.0219345303666,939.7648803965843,943.9259033203125,29709508,0.0,0.0,ICICIBANK.NS,0.006968039684170035,0.006943875083971095,0.3750488793622657,913.6761840820312,912.2207775878907,878.4128576660156,870.0651455688477,918.8604476857138,906.5877827151686,913.6761840820312,943.0901126484589,884.2622555156036,0.06438589311809587,70.13383523841246,7.819167853052818,4.905643087923552,2.9135247651292655,13.416237613527594,11.025035206049964,13.488467960109235,0.0
2023-07-19,948.3288481005554,948.3288481005554,936.2811891871556,941.9905395507812,15994261,0.0,0.0,ICICIBANK.NS,-0.002050334420025446,-0.0020524392331817717,0.37222956931569184,915.9937805175781,912.9765356445313,879.5871398925781,870.6501095581054,921.063313577625,907.9761261204868,915.9937805175781,946.6995995529576,885.2879614821986,0.06704372821839313,68.24329525076881,8.673314853654574,5.659177441069756,3.0141374125848177,13.606318087900231,10.92198761287573,13.495116478181043,-0.002050334420025448
2023-07-20,944.5065612098798,965.8923814574687,940.6842032435259,963.4247436523438,26487838,0.0,0.0,ICICIBANK.NS,0.02275416068592806,0.022499145954933804,0.4034535014338829,919.4242156982422,914.1290466308594,880.955443725586,871.3570016479492,925.097735489503,910.1505817099714,919.4242156982422,955.0963090045326,883.7521223919517,0.07759659294855493,75.9692888062726,10.953528188682071,6.71804759059222,4.235480598089851,14.608565012943327,12.543976423908749,13.951623697686664,0.0
2023-07-21,963.1344078710805,969.0856790406557,956.84447144192,964.7794799804688,16903003,0.0,0.0,ICICIBANK.NS,0.0014061672559801952,0.0014051795286357785,0.4054269917928901,922.87158203125,915.2476867675781,882.4819622802735,872.0977621459961,928.8769492505473,912.2928914460695,922.87158203125,962.0934731857344,883.6496908767656,0.0849996725831705,76.36074644094626,12.723263720207228,7.919090816515222,4.804172903692006,14.712247701907481,12.476419914758333,13.533819361079393,0.0
2023-07-24,972.4726020590396,976.1014116649148,958.1024805821794,959.9411010742188,21687719,0.0,0.0,ICICIBANK.NS,-0.005015010172426115,-0.0050276275377613535,0.3983787611324465,926.1858947753906,916.1785986328125,883.9552587890626,872.7267556762695,931.8354399004209,914.161448686389,926.1858947753906,966.2070280134024,886.1647615373788,0.08642138357703515,71.85853111894063,13.57884664588687,9.051041982389552,4.527804663497317,15.355068770762175,12.634369815387691,13.265482921486505,-0.005015010172426086
2023-07-25,966.714856111477,966.714856111477,956.3122688209883,962.5538330078125,29325327,0.0,0.0,ICICIBANK.NS,0.0027217627526001653,0.002718065463602331,0.402184816358524,929.4397277832031,917.1259594726563,885.4551672363282,873.434857788086,934.7610011487438,916.0591892480135,929.4397277832031,970.2079310375266,888.6715245288797,0.08772640556598385,72.79144433514385,14.302853518020697,10.10140428951578,4.2014492285049165,14.456506333819423,12.57495599637582,12.88054599904597,-0.0023068970877171916
2023-07-26,961.0055423866522,965.5052899891136,958.0057500267827,964.247314453125,12780537,0.0,0.0,ICICIBANK.NS,0.0017593628400196515,0.0017578169741120015,0.40465176821926496,932.3597137451172,918.0955786132813,886.8104064941406,874.0580453491211,937.5692214634469,917.9489196482139,932.3597137451172,974.3601483145186,890.3592791757159,0.09009491497802571,73.40681267545526,14.842192424668838,11.049561916546391,3.7926305081224463,14.307896230461917,12.443100146014789,12.880555446463251,-0.000551592916709343
2023-07-27,970.1501646578101,973.9725226845534,955.2962605896712,958.2476806640625,25932395,0.0,0.0,ICICIBANK.NS,-0.006222090224296095,-0.006241528099095867,0.39591189818368755,934.9143981933594,919.0806811523438,888.1206494140625,874.5651110839843,939.5385985301722,919.5292632174628,934.9143981933594,976.6743728576681,893.1544235290506,0.08933432781654932,67.5757276474626,14.617006337876205,11.763050800812355,2.8539555370638503,14.56363166308978,12.551105107047643,12.895431215185843,-0.006770251080110536
2023-07-28,956.070362346762,966.4245774762064,945.4742265790718,964.00537109375,12584130,0.0,0.0,ICICIBANK.NS,0.006008561821613245,0.005990582398401997,0.40429932112144984,937.8948638916015,920.04255859375,889.4744372558594,875.1149969482422,941.868767345751,921.2734243106506,937.8948638916015,978.9872004705909,896.8025273126121,0.08762674402221415,70.03567471215749,14.733305861556573,12.357101812961199,2.3762040485953744,15.261743847655014,11.66938533061524,12.889796825332287,-0.0008023687306600066
2023-07-31,963.8118175386905,967.1019618260334,956.6509430604292,966.0374755859375,14303116,0.0,0.0,ICICIBANK.NS,0.002107980466832693,0.002105761793408147,0.40725955665996016,940.5922821044921,920.8941186523438,890.8708032226563,875.6789135742188,944.1705490829116,923.0288773018384,940.5922821044921,981.6347608013908,899.5498034075935,0.08726943539249496,70.87551402614642,14.818628002146738,12.849407050798307,1.9692209513484311,15.261748078005187,11.541004668973894,12.70523267186506,0.0
2023-08-01,969.2792731138692,971.2630105764858,958.4412164810167,962.40869140625,15508569,0.0,0.0,ICICIBANK.NS,-0.0037563596355166817,-0.0037634324720062294,0.40197338366462754,943.0042297363282,921.74955078125,892.0900830078125,876.2786349487304,945.9075150184676,924.5731837373056,943.0042297363282,983.1690457468093,902.8394137258471,0.08518480563276269,67.25067969327674,14.427126918449972,13.16495102432864,1.2621758941213308,15.49329904462661,10.905599826976308,12.738472861442753,-0.003756359635516736
2023-08-02,953.4092491126727,961.9732162053438,945.9097092186121,955.0543212890625,15787996,0.0,0.0,ICICIBANK.NS,-0.007641628949174861,-0.00767097579641342,0.3912600232700434,944.4049499511718,922.3988659667968,893.2435614013672,876.8524710083008,946.7786394251909,925.7685224648254,944.4049499511718,984.1776308610921,904.6322690412516,0.08422802297251114,60.4976386272992,13.369310197732943,13.205822859009501,0.16348733872344212,15.493299530746087,11.295180920986036,12.504494728714583,-0.011369283878157325
2023-08-03,944.9904430606667,951.2320077214216,929.0236799605615,933.813720703125,30994707,0.0,0.0,ICICIBANK.NS,-0.02224020153876538,-0.02249124395849247,0.3603181199596903,944.6759002685546,922.8701281738281,894.1425390625,877.3914709472656,945.5438852611846,926.0840204349548,944.6759002685546,984.0612900491001,905.2905104880092,0.08338391985939066,46.0995361174663,10.693772717976913,12.703412830802984,-2.0096401128260712,16.409138880160974,13.311832011213696,13.06285285831951,-0.03335663025212102
2023-08-04,937.3457361804816,944.458179377576,930.1848616052202,939.1359252929688,20582882,0.0,0.0,ICICIBANK.NS,0.005699428560373088,0.005683248267254359,0.3680711559037817,945.8419586181641,923.4633190917968,895.2510192871093,877.8765219116211,944.9336033594498,926.5958598411514,945.8419586181641,982.9443046195703,908.7396126167579,0.0784535844774981,49.35218375897275,8.900250868150238,11.942780438272436,-3.0425295701221984,15.980592909262766,13.367855939287915,13.031556075805561,-0.027847315422884565
2023-08-07,939.5713262813622,949.7803647470605,936.910199431587,944.1194458007812,16686062,0.0,0.0,ICICIBANK.NS,0.005306495442880532,0.005292465606892234,0.3753308192581215,947.1604248046875,923.9461926269531,896.538037109375,878.3141558837891,944.8560645443384,927.2830592905487,947.1604248046875,981.8555574298329,912.4652921795422,0.07326136463587943,52.25740937693421,7.79118836685052,11.112462023988053,-3.3212736571375334,15.569331108477993,13.352757548129587,13.019696555530553,-0.02268859163239206
2023-08-08,944.2162714278614,954.7156037290013,940.8777547355696,948.232177734375,23784778,0.0,0.0,ICICIBANK.NS,0.004356156365475039,0.004346695780908089,0.3813219753610668,948.8514526367187,924.5606713867187,898.0040765380859,878.7157443237305,945.1775991338658,928.1045933471694,948.8514526367187,979.9346892414891,917.7682160319483,0.06551760345287902,54.57325495297038,7.161557463191798,10.322281111828804,-3.1607236486370063,15.697201828480265,13.354015776438413,12.989865999919603,-0.018431270319780223
2023-08-09,951.2078418442472,951.5492947573501,940.1342034996886,949.0126342773438,19317331,8.0,0.0,ICICIBANK.NS,0.000823064816080743,0.0008227262839781813,0.38245889287866563,950.6081146240234,925.1559240722656,899.4590509033203,879.1444598388672,945.5428405761019,928.9245165209018,950.6081146240234,976.9841803069381,924.2320489411087,0.05549303709309646,55.019151658362915,6.6489023487878285,9.587605359220609,-2.9387030104327803,14.711981331603031,13.167514275796677,12.957121269956474,-0.0176233756338154
2023-08-10,947.8906587198094,949.9395549383418,936.0853435299007,940.6220703125,24858441,0.0,0.0,ICICIBANK.NS,-0.008841361707721651,-0.008880678460117397,0.3702360737606689,951.3985076904297,925.5988488769531,900.8731811523437,879.5479147338867,945.0741957890921,929.3832441205723,951.3985076904297,975.3566338063096,927.4403815745499,0.05036401869925037,49.404576093195516,5.502145776503312,8.77051344267715,-3.2683676661738374,14.827195889439126,13.51013981196287,13.036215437544282,-0.02630892270304743
2023-08-11,939.9391281743053,940.0366691362146,926.8654236423497,929.64599609375,17162177,0.0,0.0,ICICIBANK.NS,-0.011668952457285497,-0.01173756899406553,0.35424685416069823,951.4296264648438,926.0748168945313,902.196904296875,879.8069784545899,943.6048434371547,929.3935481195205,951.4296264648438,975.2666958021615,927.592557127526,0.05010789799743231,43.194810828218834,3.6654029884427928,7.749491351830279,-4.084088363387486,14.524175574254473,13.971466163219521,12.244546756482361,-0.03767087759210865
2023-08-14,925.8897886538025,939.4513172807983,922.9628451701761,936.182861328125,19026691,0.0,0.0,ICICIBANK.NS,0.007031563909102978,0.007006957742816382,0.3637693274644309,951.3690643310547,926.6418469238281,903.4664874267578,880.0060708618164,942.8979879981995,929.6597956963285,951.3690643310547,975.3619251343688,927.3762035277406,0.050438597812058214,47.43253080102476,2.7060478542321107,6.740802652310645,-4.034754798078534,14.95888163283543,13.908607883480848,12.23829620547349,-0.030904198866306475
2023-08-16,931.2070262658186,936.42671801736,923.5481555397309,933.2070922851562,17930805,0.0,0.0,ICICIBANK.NS,-0.003178619440594277,-0.003183681982143491,0.3594344237676663,950.8331237792969,926.982919921875,904.7043774414062,880.1963330078125,941.9750455493382,929.7989053664787,950.8331237792969,975.977274265802,925.6889732927918,0.052888671750441464,45.758994671945224,1.6861949011608885,5.729881102080694,-4.043686200919805,15.3430975267853,13.951668924353019,12.258580946021429,-0.033984585619588316
2023-08-17,933.6462023482969,934.4754791838435,923.4019001385633,928.4752807617188,27077611,0.0,0.0,ICICIBANK.NS,-0.005070483885683541,-0.005083382408743148,0.3525414334283088,950.1573608398437,927.3193530273437,905.7406042480469,880.3660806274414,940.6893536648031,929.7469985192332,950.1573608398437,976.9730403853773,923.3416812943101,0.0564447125302092,43.15181612929774,0.4904824670998096,4.682001375084517,-4.191518907984707,14.800048737528016,13.453964312216742,12.13802614787854,-0.03888275121152612
2023-08-18,924.8166022554632,931.7436780317744,922.9628475581766,927.4996337890625,13257508,0.0,0.0,ICICIBANK.NS,-0.0010508055441775799,-0.0010513580273922775,0.35112017539133245,948.3611053466797,927.6730432128907,906.6915954589844,880.6110260009766,939.4331898671135,929.6588665690305,948.3611053466797,976.2271444871685,920.4950662061908,0.05876672711140391,42.61269880700388,-0.5297482009046917,3.639651459886675,-4.169399660791367,13.930797278703958,13.451353800075042,12.057338251198285,-0.039892698545157756
2023-08-21,927.548427427032,935.9389751584126,925.3044492708552,931.9388427734375,13358017,0.0,0.0,ICICIBANK.NS,0.004786211037345334,0.004774793545820733,0.35758692168757045,946.7190734863282,928.1600305175781,907.732943725586,880.874054260254,938.7194425248587,929.7482774005758,946.7190734863282,974.38114694194,919.0570000307164,0.05843776518359385,45.923192932660015,-0.9689122730844701,2.717938713292446,-3.6868509863769163,13.943904930272042,12.883807593940903,11.827184248895986,-0.03529742238189871
2023-08-22,933.1096469094867,933.6462413283504,926.1825113015468,928.8167724609375,16872719,0.0,0.0,ICICIBANK.NS,-0.003350080680411094,-0.003355704764964639,0.3530388959692461,945.1628570556641,928.5816748046875,908.7725854492187,881.1219564819336,937.7763310901995,929.7117477950998,945.1628570556641,973.1924960275202,917.133218083808,0.0593117657187101,44.00072703322934,-1.5509989953270633,1.8641511715685446,-3.415150166895608,13.5611860682245,12.925788014956002,11.764153539834608,-0.03852925384951993
2023-08-23,930.7680634965125,944.4759040942181,926.7191010359882,943.3051147460938,14707331,0.0,0.0,ICICIBANK.NS,0.01559870871707969,0.015478299399251608,0.37414455559034954,944.2004211425781,929.3337280273438,909.9929150390625,881.4611703491211,938.3028819145704,930.2448210088643,944.2004211425781,971.0111324483406,917.3897098368155,0.056790297283110434,53.68946238247101,-0.8336094473243065,1.3245990477899743,-2.158208495114281,13.651030416123929,13.585093434070828,11.92471932633857,-0.023531551740325323
2023-08-24,948.8175418923399,958.4764795059389,943.2075667089148,945.35400390625,28389740,0.0,0.0,ICICIBANK.NS,0.0021720322811009662,0.0021696768291144214,0.3771292419239909,943.2557556152344,929.9796716308593,911.1751885986328,881.7915167236329,938.9744173423494,930.8373379852324,943.2557556152344,968.3701155504615,918.1413956800073,0.053250371992368796,54.8783855381328,-0.09860813685577341,1.0399576108608248,-1.1385657477165982,12.882335521018433,13.579388203169183,11.923398165818206,-0.021410630749228655
2023-08-25,939.5000885244812,948.9150543418253,936.8170569956474,946.7686767578125,10275758,0.0,0.0,ICICIBANK.NS,0.0014964477282763955,0.0014953291661487858,0.37919004384961097,942.6818054199218,930.726484375,912.4078973388672,882.1451452636719,939.7167277628697,931.4620963684708,942.6818054199218,966.8608177535531,918.5027930862906,0.051298353685442354,55.72360302413957,0.5912227257367704,0.950210633836014,-0.35898790809924364,12.726955490577163,13.189207317450164,11.882385911612632,-0.01994622291069791
2023-08-28,946.3296741533865,951.2566840430246,941.5489757166163,946.9150390625,10481574,0.0,0.0,ICICIBANK.NS,0.0001545914100038459,0.0001545794619831808,0.37940325478315295,941.8272888183594,931.7316931152344,913.3880529785156,882.4404766845703,940.4022812199773,932.0680941211779,941.8272888183594,963.9541425646521,919.7004350720667,0.04698707291451196,55.81581950626946,1.1366265457974123,0.9874938162282937,0.1491327295691186,12.501065705643937,13.142463940493618,11.832133732975302,-0.019794715015418046
2023-08-29,949.5979999303318,953.4518206829681,942.134329925956,944.1831665039062,13209913,0.0,0.0,ICICIBANK.NS,-0.0028850239418506396,-0.002889193645150146,0.3754236433676368,940.7345733642578,932.53517578125,914.2775061035156,882.7560177612305,940.7623655327325,932.5431949989319,940.7345733642578,959.769861063118,921.6992856653976,0.040468987188992424,53.57298116420983,1.333057066289939,1.0566064662406227,0.2764506000493163,12.321040117328257,12.937035548561932,11.846654502938796,-0.0226226307305271
2023-08-30,946.8174880873403,952.134780892738,932.133999542189,935.5487670898438,13936165,0.0,0.0,ICICIBANK.NS,-0.009144835155273645,-0.00918690584303794,0.36284562088037386,939.3915771484375,933.3798291015624,915.0728747558594,883.0274191284179,940.2658323476954,932.6610605711245,939.3915771484375,955.5628822192996,923.2202720775754,0.034429316728495224,47.12728970834802,0.7829800898697385,1.0018811909664458,-0.21890110109670724,12.93430369539165,13.054740502786174,11.830683353664421,-0.031560585656991436
2023-08-31,936.6219035202087,942.6709318902067,930.8167871042523,935.40234375,36675400,0.0,0.0,ICICIBANK.NS,-0.00015651064380028945,-0.00015652289286919061,0.36263232103484944,938.4089782714843,934.1751037597656,915.9596759033203,883.3181677246093,939.8026429574387,932.7685618722569,938.4089782714843,952.8709806048843,923.9469759380844,0.03082238697255098,47.023964616973934,0.3314047554234776,0.8677859038578523,-0.5363811484343747,12.791441793785461,13.043761821597563,11.30844122532417,-0.03171215673321178
2023-09-01,933.597414127154,949.3540905448681,929.5972223729281,945.1100463867188,16268147,0.0,0.0,ICICIBANK.NS,0.010378103819796758,0.010324621015485766,0.3767738607307598,938.9737945556641,935.1809838867188,917.0069366455078,883.7135803222657,940.3081099507035,933.2525416571377,938.9737945556641,953.5619494669643,924.3856396443639,0.031072549619350173,54.19436035628892,0.7482333532401526,0.8438753937343123,-0.0956420404941597,13.220029043913298,11.559905919841777,11.326045091137999,-0.021663164968341926
2023-09-04,945.1100680190779,945.4515209412026,937.1585143582263,943.7929077148438,9512956,0.0,0.0,ICICIBANK.NS,-0.0013936352458748802,-0.0013946072586666358,0.37485514015284616,939.2066436767578,936.1401989746093,917.9108728027344,884.0213638305664,940.6399954520501,933.6658893456752,939.2066436767578,953.9534966409636,924.459790712552,0.03140278673173686,53.14333736608214,0.9612106984656066,0.8673424546805713,0.09386824378503533,12.63463864908145,11.545864279587624,11.330809980909988,-0.02302660966397975
2023-09-05,940.6220495025765,946.3783955216684,938.8171248357994,944.8173828125,16623486,0.0,0.0,ICICIBANK.NS,0.0010854871755041628,0.001084898460290099,0.37634752777565805,939.2415405273438,937.1634497070313,918.745220336914,884.3250769042969,941.037841867331,934.1032028149625,939.2415405273438,954.0405544119061,924.4425266427814,0.03151269028465951,53.89234415248209,1.1988438320197474,0.9336427301484066,0.2652011018713408,12.254832092527156,11.483285919554369,11.319760851637438,-0.021966117577961172
2023-09-06,939.1098712979502,945.8906360915063,927.6460085088062,934.182861328125,30802100,0.0,0.0,ICICIBANK.NS,-0.011255636991688855,-0.011319461045919467,0.3608558596286069,938.5390747070312,937.8975634765625,919.3875836181641,884.5456192016602,940.384986577883,934.1063266782238,938.5390747070312,952.8674849840519,924.2106644300105,0.03053343363779148,45.72199203625816,0.5230237033498497,0.8515189247886953,-0.3284952214388456,12.767049845200006,11.850790396279717,11.493156140596037,-0.03297451192407572
2023-09-07,934.0852438880298,945.8905586551218,931.4509828721614,942.1343383789062,13462347,0.0,0.0,ICICIBANK.NS,0.00851169228204074,0.00847567208021335,0.37243904594597765,938.1951599121094,938.6232983398437,920.0872039794922,884.8032574462891,940.5515915113137,934.4211506664859,938.1951599121094,951.775763674679,924.6145561495398,0.028950487793694905,51.627130556724836,0.6218804760685543,0.8055912350446671,-0.18371075897611278,13.171245938725908,12.143876778072364,11.547799069353106,-0.02474348854068328
2023-09-08,943.9393249350013,951.2566840430246,937.8415256783153,946.9150390625,13086915,0.0,0.0,ICICIBANK.NS,0.005074330155314888,0.005061499129654127,0.37940325478315295,938.5098083496093,939.4185192871093,920.8776934814454,885.0797192382812,941.1576341352362,934.9111070741727,938.5098083496093,952.6088722876464,924.4107444115723,0.030045640040418025,54.81039803555996,1.0736118428320651,0.8591953566021467,0.21441648622991838,13.369862544236762,12.142462366629712,11.571699303095848,-0.019794715015418046
2023-09-11,951.2078643033275,958.086169598933,945.7442007229635,954.427490234375,7894110,0.0,0.0,ICICIBANK.NS,0.007933606355341905,0.007902300768899476,0.39034689721188,939.7488830566406,940.4191479492188,921.7912078857422,885.3826147460937,942.4214299542018,935.6764554333964,939.7488830566406,954.8856033086942,924.612162804587,0.03221439370658184,59.338624514895734,2.0145813906984813,1.0902725634214137,0.9243088272770676,13.718308176320047,12.242714360298882,11.630293158264948,-0.012018152136924724
2023-09-12,965.9888674492851,970.9159365012332,958.7203389445621,966.379150390625,20959591,0.0,0.0,ICICIBANK.NS,0.01252233436121486,0.012444578383629544,0.4077572859368448,941.2586975097656,941.5049487304688,922.8000463867188,885.7271246337891,944.7031176148136,936.880482686621,941.2586975097656,960.3935940333607,922.1238009861705,0.040658102972581725,65.29653202879435,3.6822588393465594,1.608669818606443,2.0735890207401164,13.627711262650637,12.781237489126521,11.767287231849815,0.0
2023-09-13,965.6962280273438,970.6232377499122,956.671485433468,965.6962280273438,21997553,0.0,0.0,ICICIBANK.NS,-0.000706681599044412,-0.000706931416186678,0.4067624497669524,942.883154296875,942.535478515625,923.8867279052735,886.0130618286133,946.7024614636259,938.010511915669,942.883154296875,964.4958825770836,921.2704260166663,0.04584391646348942,64.71304486218116,4.892402534072858,2.265416361699726,2.626986172373132,13.533628371180644,12.732928125605719,11.622785580981672,-0.0007066815990444356
2023-09-14,968.1353562233099,968.720780666579,958.3301071739512,963.6473999023438,11464188,0.0,0.0,ICICIBANK.NS,-0.002121607256543978,-0.0021238610535651383,0.4037778523452933,944.6417602539062,943.2676281738281,924.7680938720703,886.3301235961914,948.3162651244561,939.0158800720092,944.6417602539062,967.0282495541828,922.2552709536296,0.047396780964371985,62.89714863554534,5.621327657757888,2.9365986209113584,2.6847290368465297,13.411676667355632,12.538623884722277,11.608452784415487,-0.0028267895547798554
2023-09-15,966.2328420296343,973.2087481037405,964.5254582610313,968.28173828125,13307980,0.0,0.0,ICICIBANK.NS,0.004809163994398569,0.004797636907563511,0.4105288502489264,946.6808654785157,944.0653686523438,925.6116143798828,886.6360040283203,950.2177387584364,940.163560786097,946.6808654785157,969.9066354185724,923.455095538459,0.04906779208707644,65.271024784128,6.498052936936574,3.6488894841164017,2.8491634528201724,13.401222372711945,10.610382103780823,11.627265988978944,0.0
2023-09-18,965.9889473337481,971.9892056473607,963.257145164905,966.0865478515625,16713222,0.0,0.0,ICICIBANK.NS,-0.002267098864824235,-0.002269672624169409,0.40733104189372527,948.3882507324219,945.0708044433594,926.4186688232422,886.8856695556641,951.7290539101627,941.1801485141546,948.3882507324219,972.0671235542633,924.7093779105804,0.04993497716479446,63.2080574233224,6.935779170541082,4.306267421401338,2.629511749139744,13.216548781672202,10.569955971951682,11.629838732779607,-0.0022670988648242777
2023-09-20,957.6471152335464,971.7452382810216,956.7690679161975,963.1107788085938,25741856,0.0,0.0,ICICIBANK.NS,-0.0030802302853574215,-0.003084983958778521,0.4029961381969607,950.1029510498047,945.978017578125,927.1630645751953,887.0906997680664,952.8130277100133,942.0401732315836,950.1029510498047,972.7590944652472,927.4468076343621,0.04769197567570741,60.42022927599237,6.962303570415429,4.837474651204156,2.1248289192112733,12.857647996977562,10.550083285487668,11.623903118031976,-0.005340345963598332
2023-09-21,956.0861166419703,958.574006734418,934.1340401518692,935.93896484375,19742813,0.0,0.0,ICICIBANK.NS,-0.028212553075624758,-0.02861817443851066,0.36341403518318227,949.7346435546875,946.408564453125,927.6425158691407,887.2213189697266,951.2059741037026,941.800910157551,949.7346435546875,973.0849456255582,926.3843414838168,0.04917226559931458,42.1426260849706,4.73619019340174,4.817217759643673,-0.08102756624193308,14.080690416318289,13.402519034076127,12.582078156538156,-0.03340223424528287
2023-09-22,933.2071092502335,937.4999833370895,924.328738198691,927.1580810546875,12701888,0.0,0.0,ICICIBANK.NS,-0.009381897878916079,-0.00942618509926179,0.3506226239384127,948.8248474121094,946.6741381835938,927.9910961914062,887.354482421875,948.915698575225,941.2266815652819,948.8248474121094,974.2220311452065,923.4276636790123,0.05353397690283332,38.128501116880365,2.2376412317318,4.3013024540612985,-2.0636612223294986,13.610288771065322,13.645725068135764,12.68530595948986,-0.042470755773582086
2023-09-25,927.1581334740866,937.7927187843896,918.5724443637747,933.060791015625,8997098,0.0,0.0,ICICIBANK.NS,0.006366454741162153,0.006346274474060434,0.35922130174610634,948.139453125,946.8390698242188,928.3914459228515,887.5026440429688,947.4057073790725,940.9064505633346,948.139453125,974.4921731572101,921.78673309279,0.055588278592043364,42.11965354012593,0.7254598913332302,3.586133941515685,-2.860674050182455,14.390807902325223,13.572846531363126,12.661915062295929,-0.036374689176875315
2023-09-26,935.5974971770788,935.5974971770788,924.0360346784909,925.5971069335938,10521409,0.0,0.0,ICICIBANK.NS,-0.007999140199543842,-0.008031304963309067,0.34834869999123286,947.0735565185547,946.7705395507812,928.7282867431641,887.6664678955078,945.3286978128365,940.306084146482,947.0735565185547,975.2931774370066,918.8539356001028,0.05959330344347772,38.71859754189237,-1.0629585202674434,2.65631544915906,-3.7192739694265033,14.676535888948008,13.343913103159691,12.67688100883721,-0.04408286313797849
2023-09-27,923.2555077433504,923.4506492144903,911.6453345707359,920.1334228515625,15152973,0.0,0.0,ICICIBANK.NS,-0.0059028750642187156,-0.005920365895992389,0.34038956607218296,945.8710693359375,946.4253259277343,928.9596875,887.8053924560547,942.9291478165246,939.5149993898185,945.8710693359375,976.5515799052905,915.1905587665844,0.06487250020426723,36.40139480853495,-2.887876991509529,1.5474769610253423,-4.4353539525348715,14.369903373244986,13.268647208338095,12.642111298211823,-0.04972552256862062
2023-09-28,922.4750324374734,924.1824161569504,911.9868181606855,919.6456298828125,25991282,0.0,0.0,ICICIBANK.NS,-0.0005301328662079552,-0.0005302734363186246,0.3396789815096859,945.0759124755859,945.9397204589844,929.0802490234375,887.8947033691406,940.7116699180759,938.7358084287595,945.0759124755859,977.6488217035751,912.5030032475968,0.0689318366874166,36.19313509941064,-4.323658401055127,0.37324988860924857,-4.696908289664376,14.209619245623871,13.245102499605569,12.623133180675067,-0.050229294301025545
2023-09-29,923.6457967074638,932.7193094608657,920.718853267733,928.7191772460938,10447334,0.0,0.0,ICICIBANK.NS,0.00986635185167728,0.009817997198126758,0.3528967257095572,944.7417541503906,945.6742932128906,929.3254144287109,888.0390591430664,939.5695277588395,938.3429993627726,944.7417541503906,977.8649852848378,911.6185230159435,0.07012123892890695,42.753966681363664,-4.675470161308567,-0.6364941213743147,-4.038976039934252,14.185227903719863,13.497773469917245,12.719368298230908,-0.040858522340183584
2023-10-03,928.4264195210825,928.4264195210825,916.133281102177,917.401611328125,11131636,0.0,0.0,ICICIBANK.NS,-0.012186208915733188,-0.01226106955956056,0.33641004356864923,943.356332397461,944.7538305664062,929.4414385986328,888.1248919677735,937.458297622581,937.5217684594531,943.356332397461,978.66076776943,908.0518970254919,0.07484856815927818,37.5654765909997,-5.800650215803216,-1.6693253402600952,-4.131324875543121,14.202651280001808,13.95436043510639,12.68525828936066,-0.052546820766691156
2023-10-04,912.2307137467868,912.7185376578814,902.4742355248961,907.4012451171875,17334739,0.0,0.0,ICICIBANK.NS,-0.01090075064993612,-0.010960599158817941,0.3218421709176371,941.5367492675781,943.6062658691407,929.4269763183594,888.1479013061523,934.5957211934959,936.3405714656388,941.5367492675781,980.3257196028289,902.7477789323273,0.0823950214697935,33.676469881546,-7.413847275715057,-2.8182297273510875,-4.595617548363969,14.091146246885428,14.193452738927684,12.817782163701025,-0.06287477162600269
2023-10-05,912.425857939374,920.9627764089626,911.7916630335349,917.938232421875,10478856,0.0,0.0,ICICIBANK.NS,0.011612268950905724,0.011545364003180538,0.33719175771698184,940.1927917480468,942.7662084960938,929.4724035644531,888.277785949707,933.0092936914368,935.6189111109815,940.1927917480468,980.3419296374668,900.0436538586268,0.08540618103394089,40.648607320206054,-7.752702426260953,-3.8051242671330607,-3.9475781591278922,14.063273316551918,14.620490175571563,12.819515955176852,-0.051992621433444894
2023-10-06,922.9628794283824,923.4994738438675,915.1576965156688,922.182373046875,6355755,0.0,0.0,ICICIBANK.NS,0.0046235579640281355,0.004612902152455726,0.343374341317807,939.5927673339844,941.958779296875,929.5423693847656,888.491548461914,931.9781583919547,935.091988049644,939.5927673339844,980.4721364201454,898.7133982478234,0.08701507824959691,43.23695140846651,-7.591273421118785,-4.562354097930206,-3.028919323188579,13.916923590521264,13.908754762165678,12.834391682956598,-0.04760945436831614
2023-10-09,917.3529458957726,919.1091002211714,913.4991247477328,915.7431030273438,6725306,0.0,0.0,ICICIBANK.NS,-0.006982642704670194,-0.0070071354368317065,0.33399403827376317,938.2732055664062,940.9886950683593,929.5421368408203,888.706015625,930.4319626429441,934.333208244848,938.2732055664062,980.4890804033646,896.0573307294478,0.08998631653660831,40.36098130299382,-7.891961428093964,-5.228275563962958,-2.663685864131006,13.854202168931652,13.99629899896273,12.884874568021958,-0.05425965726376812
2023-10-10,917.4992699211415,934.1828244813858,917.4504398891626,928.0362548828125,11452715,0.0,0.0,ICICIBANK.NS,0.013424236354965702,0.013334929655837147,0.3519018895396653,937.3292663574218,940.3844665527344,929.7325738525391,888.9604177856445,930.203799999122,934.0862688973173,937.3292663574218,979.5757831685719,895.0827495462718,0.09014231887866957,47.53569419013888,-7.0569560271045475,-5.5940116565912765,-1.462944370513271,14.547606524044957,14.596876678358257,13.078470291302352,-0.04156381537245069
2023-10-11,931.6461674042404,938.6220138894535,927.5972049567132,929.8899536132812,12233117,0.0,0.0,ICICIBANK.NS,0.0019974421481010474,0.001995449913008653,0.3546022353539293,936.1023895263672,939.702158203125,929.8723583984375,889.2083636474609,930.1739098671371,933.9217075136296,936.1023895263672,977.6780363628517,894.5267426898828,0.0888271353682158,48.54099495247148,-6.1744549620513,-5.710100317683281,-0.46435464436801865,14.265366421753258,14.615187790096007,12.868418722692581,-0.0396493945410105
2023-10-12,929.6460320781218,936.7194790060307,925.3044467752193,931.011962890625,7836818,0.0,0.0,ICICIBANK.NS,0.001206604365370234,0.0012058770033562963,0.35623670432444765,934.3340301513672,939.0016479492188,929.9478833007812,889.5463497924804,930.2537244408027,933.8075998813549,934.3340301513672,973.4215883931882,895.2464719095461,0.08366934518159135,49.17580612099901,-5.323167576001538,-5.632713769346933,0.3095461933453949,13.010958819902319,14.60681705615969,12.865432326174798,-0.038490631308177696
2023-10-13,926.8166882827292,934.0852766849174,921.548166066008,928.1337890625,6650442,0.0,0.0,ICICIBANK.NS,-0.003091446665399178,-0.0030962350578949394,0.35204397088737194,932.455908203125,938.3161499023438,930.0328503417969,889.8776864624024,930.0518258333452,933.5850974963018,932.455908203125,968.7051490288906,896.2066673773594,0.07775003730872193,47.555167642153386,-4.825139558109299,-5.471198927099406,0.6460593689901071,12.965663497081673,14.396725358564208,12.789855084432315,-0.04146308623977013
2023-10-16,925.4020425542179,931.597382962648,923.1092937854471,928.2314453125,5763024,0.0,0.0,ICICIBANK.NS,0.00010521785883765844,0.00010521232382700049,0.35218623005904304,930.6851104736328,937.7796923828125,930.0892791748047,890.2663626098633,929.8784562599313,933.3751503518391,930.6851104736328,963.8474158897367,897.5228050575289,0.07126428701374053,47.61824629352589,-4.372169079041555,-5.251392957487837,0.8792238784462816,12.199078836837812,14.397033784508611,12.76086075969936,-0.04136223103808746
2023-10-17,932.1340040397615,937.5488378388338,928.3289535059158,930.6705322265625,7747527,0.0,0.0,ICICIBANK.NS,0.0026276710688695193,0.0026242247770738095,0.355739330695493,928.8045501708984,937.7168286132812,930.2934783935547,890.5980450439453,929.9538920662771,933.269086895946,928.8045501708984,956.8628410983436,900.7462592434533,0.06041807379665062,49.259758600926794,-3.7728813535328527,-4.95569063669684,1.1828092831639871,12.038788124533946,14.073014328546135,12.76134946902199,-0.03884324630706072
2023-10-18,926.0849317410963,927.4996330037417,916.2308529331116,920.7676391601562,12000153,0.0,0.0,ICICIBANK.NS,-0.010640600216184182,-0.010697616219684835,0.3413134504802051,926.5386047363281,937.349462890625,930.406390991211,890.8441665649414,929.0790108371227,932.778834043562,926.5386047363281,948.59821746227,904.4789920103863,0.04761725547791833,43.32356817596397,-4.0503325100294205,-4.774619011363356,0.7242865013339355,12.073638619576311,14.37737025150541,12.884061981658304,-0.049070531068192744
2023-10-19,913.2063753381311,921.9872058702285,911.2550796643318,912.9624633789062,8612676,0.0,0.0,ICICIBANK.NS,-0.008476813746809309,-0.008512946269800906,0.32994338618439434,924.0311889648438,936.7263232421875,930.3362579345703,891.0594879150391,927.5441015553879,932.0017214684775,924.0311889648438,938.7747581995692,909.2876197301183,0.03191141037402014,39.30334350749713,-4.84418624185696,-4.788532457462077,-0.05565378439488278,11.969104920264304,14.535618153141245,12.965483363609112,-0.057131383062679994
2023-10-20,909.303786581178,917.108969298613,907.3524909018192,910.0355224609375,6586576,0.0,0.0,ICICIBANK.NS,-0.003205981664499147,-0.003211131834228056,0.3256796120734653,922.7360168457031,935.9623901367188,930.2615307617187,891.2161450195313,925.876617832107,931.1403018995544,922.7360168457031,937.6254698319669,907.8465638594394,0.03227240015440636,37.88365228066313,-5.644435179145489,-4.95971300179876,-0.6847221773467291,11.732161978745776,14.231031012593629,12.97142615748658,-0.06015420256061271
2023-10-23,919.060255373007,921.7920573857958,902.8645252231158,907.3037109375,11856890,0.0,0.0,ICICIBANK.NS,-0.0030018735049485157,-0.0030063881644399547,0.32170008956993157,921.7432983398437,935.1282116699218,930.1420678710938,891.4423635864258,924.1077695564302,930.2055336265327,921.7432983398437,937.9780674723455,905.5085292073419,0.03522622656816129,36.5564123801939,-6.425009081407666,-5.252772217720541,-1.1722368636871243,12.185135980086004,13.96273226694329,12.909741710583575,-0.06297550075868326
2023-10-25,903.4986624227306,911.0599331166206,889.2054574209906,893.7909545898438,12593434,0.0,0.0,ICICIBANK.NS,-0.0148933110101509,-0.015005329980274651,0.30201559907382225,919.7798065185547,934.1915893554688,929.8952191162109,891.5448928833008,921.2204538453267,928.7775109192115,919.7798065185547,939.3976747955709,900.1619382415385,0.04265774946999875,30.80698401289007,-8.041291031638025,-5.810475980504038,-2.2308150511339866,12.679928829543233,14.374135257650888,13.131413029283195,-0.0769308980500151
2023-10-26,892.034835673972,894.2788138653154,877.1074351720209,886.5224609375,21693345,0.0,0.0,ICICIBANK.NS,-0.008132207665582425,-0.008165454435447705,0.2914273378383263,917.82607421875,933.3291186523437,929.7019677734374,891.6164019775391,917.9158830922003,927.120450135615,917.82607421875,942.2087999535646,893.4433484839354,0.05313147320546339,28.2346429385435,-9.795793010134844,-6.6075393864302,-3.188253623704644,12.93777507250891,14.173500032924224,12.990875620109184,-0.08443748767675505
2023-10-27,893.6934385485141,895.7911052641983,889.1078817029663,890.5225830078125,8645505,0.0,0.0,ICICIBANK.NS,0.004512149715961256,0.0045020004868736516,0.29725445133393813,916.3455322265625,932.4159130859375,929.5288800048828,891.7187982177734,915.3069973698776,925.685239660015,916.3455322265625,943.568873316656,889.1221911364689,0.059417196096205056,31.618644741528456,-10.73967179668,-7.4339658684801595,-3.30570592819984,13.003979858116029,13.619050888149301,12.938730576067552,-0.08030633254683085
2023-10-30,886.9614255083601,903.7425802279794,886.083378183647,902.376708984375,7687791,0.0,0.0,ICICIBANK.NS,0.01331142657441009,0.013223608004241933,0.3145227587111965,915.4820861816406,931.7993054199219,929.3911126708985,891.9769912719727,914.0755413331632,924.7711796335193,915.4820861816406,943.3524648065,887.6117075567812,0.060886780955164796,40.56308150595316,-10.411160263259603,-8.029404747436049,-2.3817555158235546,13.645119411343899,14.38074736299553,12.979155553542157,-0.06806389782157807
2023-10-31,906.6695650029363,908.3281783124116,891.8397052839899,893.0592651367188,17211107,0.0,0.0,ICICIBANK.NS,-0.010325448069402277,-0.010379125322474217,0.30094972223007654,913.6990905761719,931.0909851074218,929.2051690673828,892.2323846435547,912.073991219216,923.5275751434488,913.6990905761719,942.5492711994265,884.8489099529173,0.06315028858146693,36.519618656271824,-10.778405605113562,-8.579204918971552,-2.19920068614201,13.505744523799592,14.5712622547811,13.089675716469234,-0.0776865556486225
2023-11-01,891.5469815954225,895.2544314664859,887.1565663286538,891.7908935546875,12927203,0.0,0.0,ICICIBANK.NS,-0.0014202546589526799,-0.0014212641765620918,0.299102042326016,912.4185546875,930.3768103027344,929.0249267578125,892.4657113647461,910.1422676321181,922.28299939487,912.4185546875,942.8091570197082,882.0279523552917,0.06661548513251553,35.99362261179195,-11.044483242966294,-9.0722605837705,-1.9722226591957934,13.296677109877587,14.411013449851145,13.090943766883928,-0.0789964756149772
2023-11-02,897.6447821752898,902.279109409575,890.5713353440126,897.5472412109375,9747311,0.0,0.0,ICICIBANK.NS,0.006454817713270389,0.0064340745916111105,0.30748750920016765,911.9258544921875,929.6889782714844,928.9245043945313,892.7858810424805,908.9427413062914,921.3129696621668,911.9258544921875,942.9714029402276,880.8803060441473,0.068087878625457,40.20302691461259,-10.66788974741803,-9.391386416500007,-1.2765033309180236,13.317587240931223,14.653410198434733,13.13424149006196,-0.07305156575179232
2023-11-03,905.9377853890679,911.7429019177837,904.2304016776113,911.0599365234375,7146961,0.0,0.0,ICICIBANK.NS,0.015055135475954717,0.014942931684401944,0.32717191078429475,911.5819396972656,929.3338415527344,928.957758178711,893.1496640014649,909.1443789460195,920.9108899312363,911.5819396972656,942.4991788006118,880.6647005939194,0.06783205712393504,48.727398934710884,-9.173330661904174,-9.347775265580841,0.17444460367666714,13.436055104355278,15.499428314113342,13.364427643378276,-0.05909623149496153
2023-11-06,918.0846246991575,924.6702476712292,914.5723162669136,922.42626953125,10338367,0.0,0.0,ICICIBANK.NS,0.012475944284396911,0.012398760984854183,0.3437296335990563,911.5941345214844,928.9162646484375,929.1249963378906,893.5976156616211,910.4093209065177,920.9703165822173,911.5941345214844,942.5291658596667,880.6591031833021,0.06787018513325725,54.59128449613215,-6.991124407252528,-8.87644509391518,1.8853206866626522,13.80192810225462,13.876385265719303,13.504077500117994,-0.04735756850211367
2023-11-07,920.6212426036691,927.3044657799691,907.791509730304,925.0116577148438,15704942,0.0,0.0,ICICIBANK.NS,0.002802812830674961,0.002798892274807423,0.3474958562570658,912.0575622558594,928.5094177246094,929.2445446777343,893.9965625,911.8000196501678,921.1288005482027,912.0575622558594,943.5273722236095,880.5877522881092,0.06900838558898313,55.828741107778434,-4.995505926344208,-8.100257260400987,3.104751334056779,14.530182639635418,13.642073836740535,13.425051150734744,-0.044687490072066086
2023-11-08,925.3532028172963,925.3532028172963,911.3526206284945,912.9624633789062,17606074,0.0,0.0,ICICIBANK.NS,-0.013025991873122922,-0.013111574113363429,0.32994338618439456,911.3038726806641,927.8332934570312,929.2798889160156,894.3749383544922,911.9107285767143,920.8085520317597,911.3038726806641,941.8714741417249,880.7362712196033,0.06708541986361599,49.111500571488556,-4.336247622785891,-7.347455332877968,3.0112077100920773,14.498818560731909,14.003533619356363,13.606292825299635,-0.057131383062679994
2023-11-09,911.2550412038593,919.4016764786073,910.2793934081378,914.5234375,9406117,0.0,0.0,ICICIBANK.NS,0.0017097900337725846,0.0017083300067822814,0.3322173101315744,910.535546875,927.1854614257812,929.4585772705078,894.7616027832031,912.1595579979795,920.562076952083,910.535546875,939.8843151014962,881.1867786485038,0.06446484890616849,49.95162844505923,-3.6457966274574574,-6.607123591793866,2.9613269643364086,14.383829765344249,13.844878435892753,13.598393602607867,-0.0555192756982836
2023-11-10,912.1332534052325,918.523735295646,909.6941336341723,915.7431030273438,9560455,0.0,0.0,ICICIBANK.NS,0.001333662405282876,0.0013327738674958007,0.33399403827376406,909.772103881836,926.61666015625,929.57591796875,895.1333184814453,912.500848000776,920.3730975824853,909.772103881836,937.6348938472454,881.9093139164265,0.06125224074583922,50.63735956746185,-2.966002197284297,-5.878899312891953,2.912897115607656,14.317624284249957,13.751871483717935,13.526520234188673,-0.05425965726376812
2023-11-13,917.987093425993,917.987093425993,909.3038036701303,911.6941528320312,11470096,0.0,0.0,ICICIBANK.NS,-0.004421491335208638,-0.004431295036682578,0.3280957951923167,908.9501220703125,926.1395678710937,929.7596984863281,895.5009979248047,912.424019889467,920.0327468079578,908.9501220703125,935.4697127023919,882.4305314382332,0.058352136136305896,48.272786974563175,-2.7225923066347377,-5.24763791164051,2.525045605005772,13.585892683763007,13.808011838122264,13.54213152004263,-0.05844123999453365
2023-11-15,921.401875563048,921.401875563048,915.8894412581842,918.1821899414062,19492138,0.0,0.0,ICICIBANK.NS,0.007116462345646335,0.00709125982537136,0.33754713891021404,908.4476593017578,925.7951647949219,929.9851342773437,895.8807962036133,912.9724170372707,919.960175950446,908.4476593017578,933.7834402788793,883.1118783246362,0.055778185386255244,52.130221732759985,-1.9832956450458141,-4.594769458321571,2.611473813275757,12.718267472004909,13.6550465647747,13.386495712930024,-0.05174067253274138
2023-11-16,916.1333033243815,923.1579795407855,911.2550642225477,913.2063598632812,19706373,0.0,0.0,ICICIBANK.NS,-0.00541921868299633,-0.005433955915534966,0.3302986784656434,907.5744506835938,925.1570910644531,930.1690374755859,896.2291836547852,912.9946973064145,919.695320417616,907.5744506835938,930.8013535215518,884.3475478456357,0.051184567437885284,49.10575506934125,-1.7784052680384548,-4.0314966202649485,2.2530913522264937,12.341948659500856,13.280826575143093,13.413672293093978,-0.05687949719647753
2023-11-17,903.9864967116965,915.5479593765705,897.7423862479302,899.4009399414062,10956653,0.0,0.0,ICICIBANK.NS,-0.015117524941396399,-0.015232959589924752,0.31018785501443236,906.5061157226562,924.2692517089844,930.2047253417969,896.5131405639648,911.7000537478423,918.8994623597255,906.5061157226562,929.1358218037676,883.8764096415448,0.04992731033716472,41.85084227936581,-2.6988989519794586,-3.7649770866078507,1.066078134628392,12.951729288210995,13.62994382192072,13.460494376359536,-0.07113714492035213
2023-11-20,899.5473366065142,904.1816639914177,895.1569211892373,899.0107421875,10562301,0.0,0.0,ICICIBANK.NS,-0.0004338418346901962,-0.00043393597128687367,0.30961944071162417,905.8085296630859,923.3531188964844,930.2582843017578,896.8699002075195,910.4915478849526,918.11951254905,905.8085296630859,928.460383359376,883.1566759667958,0.050014661939020245,41.66348300156009,-3.4204536653277273,-3.696072402351826,0.2756187370240988,12.334982199485856,13.157148176475566,13.45503260829521,-0.07154012448557544
2023-11-21,901.8888706577264,905.4499494794524,899.5472920649286,903.5474243164062,8989572,0.0,0.0,ICICIBANK.NS,0.005046304694722004,0.005033614772756522,0.3162281794435864,905.4841247558594,922.74041015625,930.3189868164062,897.4336862182618,909.8302027831863,917.5480581085542,905.4841247558594,928.0668201281557,882.9014293835631,0.049879826172292314,44.759928915083016,-3.5848942120516085,-3.673836764291783,0.08894255224017433,11.61717750402376,13.17246458809521,13.470550895267387,-0.06685483305690604
2023-11-22,900.7668766589127,902.6694018743736,892.4738699417713,900.279052734375,12197979,0.0,0.0,ICICIBANK.NS,-0.003617266226511595,-0.0036238243537596005,0.31146703170370227,905.1328918457032,921.9033044433594,930.2633013916015,897.9506488037109,908.9205694452043,916.8708422115276,905.1328918457032,927.8147218496284,882.4510618417779,0.0501182317166125,42.98956005603171,-3.933600701503792,-3.725789551734185,-0.20781114976960735,11.829726735223955,13.067500955479083,13.483213391705245,-0.07023026755372179
2023-11-23,900.52294921875,902.8156978051427,896.1325339733714,900.52294921875,5534614,0.0,0.0,ICICIBANK.NS,0.00027091209512675185,0.00027087540507147914,0.3118223239849507,905.4694915771485,920.9754626464844,930.1969909667969,898.4281878662109,908.1207960903038,916.2297483686735,905.4694915771485,927.6365926210347,883.3023905332623,0.04896266798625207,43.170198138051056,-4.142520303301239,-3.809135702047596,-0.33338460125364344,11.470826004238875,12.384776523779879,13.327254343135362,-0.06997838168751933
2023-11-24,899.0594483982376,907.7427376445077,897.7911181670157,906.76708984375,7452002,0.0,0.0,ICICIBANK.NS,0.006933905049745892,0.006909976080579526,0.3209183754215994,906.481723022461,920.0222546386718,930.2207012939454,898.8592910766602,907.99187168587,915.8586637206374,906.481723022461,926.7756593348876,886.1877867100344,0.04477516931011247,47.73592578168065,-3.7608874593724977,-3.7994860535125765,0.038598594140078824,11.167680202142142,12.56894055174476,13.357538696229513,-0.06352970009192951
2023-11-28,906.2793237215551,908.3769308976238,899.2546471984909,902.9620971679688,14231987,0.0,0.0,ICICIBANK.NS,-0.004196218321550371,-0.00420504715277639,0.31537551353338267,907.1036987304688,918.7539135742187,930.1294311523437,899.2232272338867,907.5128455413079,915.3529160126897,907.1036987304688,926.0563534981139,888.1510439628236,0.041787184407185755,45.34519346719619,-3.7225604308939637,-3.7841009289888543,0.061540498094890594,10.847106812952225,12.591186123984095,13.281330437912734,-0.06745933392199152
2023-11-29,908.2306003744137,918.1821607285481,903.4499021267856,916.7186889648438,11680078,0.0,0.0,ICICIBANK.NS,0.015234960404230558,0.015120073787504322,0.3354152073987582,907.8207977294921,917.7743627929688,930.1549206542969,899.6273999023438,908.3895925340256,915.4064757363036,907.8207977294921,927.1028254601714,888.5387699988129,0.042479810506444955,54.26363476798362,-2.552717852923365,-3.5378243137757566,0.9851064608523914,10.540471635160388,13.418381406973406,13.481386543319882,-0.053252113798958264
2023-11-30,916.0845371003845,917.9382322384056,905.5963229827007,912.1819458007812,23950292,0.0,0.0,ICICIBANK.NS,-0.004948893503180729,-0.004961179829207894,0.32880637975481375,908.7769317626953,916.7450537109376,930.0063409423828,900.057756652832,908.7507690356214,915.2800235819694,908.7769317626953,926.8345398161327,890.7193237092579,0.039740463082425015,51.291140800850904,-1.9689891584508814,-3.224057282710782,1.2550681242599007,10.421994997082038,13.482370220602272,13.500818805532724,-0.05793746826212872
2023-12-01,913.1575988110403,928.8167345798552,910.2794258014757,923.6458129882812,16986046,0.0,0.0,ICICIBANK.NS,0.01256752256528837,0.012489206728318991,0.3455061839172815,910.369677734375,915.8523352050781,929.9588519287109,900.550029296875,910.1693446501605,915.6080937547661,910.369677734375,927.724719963595,893.0146355051551,0.03812746108242805,57.610107313944944,-0.5747167115456477,-2.6941891684777555,2.1194724569321077,11.094496833361323,13.984156727838624,13.109775111535296,-0.0460980761366003
2023-12-04,940.2318186642837,970.6232126126973,937.987840581793,967.0621337890625,33131257,0.0,0.0,ICICIBANK.NS,0.047005378241596674,0.045934068686664574,0.4087522110187207,913.8454223632813,915.8718469238281,930.4713256835937,901.2286599731445,915.5877055205322,917.6258992463071,913.8454223632813,943.7177533801203,883.9730913464423,0.06537720775486651,72.27803282065821,3.9876216706965124,-1.357827000642902,5.3454486713394145,13.819339545000064,19.241760822856772,15.324475335993547,-0.0012595554000144223
2023-12-05,978.0869688482517,991.0143028504854,970.8183804617602,988.7703247070312,31378461,0.0,0.0,ICICIBANK.NS,0.02244756583831231,0.022199327266208678,0.44037526902543145,917.7309417724609,916.3850378417969,931.181527709961,902.0076058959961,922.5574787763892,920.4158767153551,917.7309417724609,962.552761177223,872.9091223676988,0.09767965176851379,76.63198368826357,9.248367864818874,0.7634119724494532,8.48495589236942,14.909973781111505,19.895888713023403,15.749463441146158,0.0
2023-12-06,989.3068784993693,991.502086070004,975.8917211232683,978.8186645507812,18786590,0.0,0.0,ICICIBANK.NS,-0.010064683281426956,-0.010115674635939213,0.42587834813629044,920.5505615234375,917.2426318359375,931.8255981445312,902.7704208374023,927.9156869453789,922.706182120666,920.5505615234375,973.0529670036752,868.0481560431998,0.11406740199767068,71.11764503935585,12.470775977495009,3.1048847734585645,9.365891204036444,15.331591082234288,20.171322939851912,15.840636102732669,-0.010064683281426996
2023-12-07,972.0866896120442,977.7942651351568,964.0864250614673,974.6721801757812,11841945,0.0,0.0,ICICIBANK.NS,-0.0042362130240977125,-0.004245211195595927,0.41983802370713663,923.0335876464844,918.1929138183593,932.4335260009766,903.5279858398437,932.3686863006553,924.7440643973372,923.0335876464844,980.8524101372154,865.2147651557534,0.12527999688105657,68.89316415828247,14.522563910759914,5.388420600918835,9.134143309841079,15.53368566588259,20.20377128660697,15.856063680302032,-0.01425826016312456
2023-12-08,970.2817634001109,988.1848771958599,969.0622036170539,986.2335815429688,16116363,0.0,0.0,ICICIBANK.NS,0.01186183580729927,0.011792035662651875,0.43667990921731104,926.6971435546875,919.2563696289062,933.0477197265625,904.2724752807617,937.4986763237328,927.1554180108914,926.6971435546875,990.7755592640791,862.6187278452959,0.13829419062110257,71.56393112703734,16.88686779761474,7.6881100402580165,9.198757757356724,15.627764269465859,19.687489219423433,15.938226346305415,-0.0025655534967780583
2023-12-11,982.574942236379,995.1608235299625,980.1846526032307,992.3314208984375,11714606,0.0,0.0,ICICIBANK.NS,0.006182956522255756,0.0061639204723271885,0.4455628386324,930.5875427246094,920.5910559082031,933.6807977294922,905.020842590332,942.7208424737046,929.7113396927559,930.5875427246094,1000.7162380879428,860.4588473612761,0.15071917932193224,72.88620277704365,19.033237027380324,9.957135437682478,9.076101589697846,16.052866278362387,19.396422160814755,15.940000047462727,0.0
2023-12-12,992.3313863725926,996.1364367379356,984.0383797983786,990.9655151367188,12380856,0.0,0.0,ICICIBANK.NS,-0.0013764612638004214,-0.0013774094568063,0.443573077380633,934.3486633300781,922.0076977539062,934.2165118408203,905.7689120483399,947.3155732035154,932.1134642199702,934.3486633300781,1009.0450772325423,859.6522494276139,0.15988980737927408,72.07770004691594,20.38900121184747,12.043508592515476,8.345492619331996,16.457069824619857,19.453599818486072,15.939915108506922,-0.0013764612638004403
2023-12-13,990.0873978964831,995.8437438660465,984.6237939125858,989.2093505859375,15887040,0.0,0.0,ICICIBANK.NS,-0.0017721752411726799,-0.0017737474014189354,0.4410148129140756,938.2244232177734,923.3989721679687,934.6693463134766,906.541101989746,951.3054567637462,934.3525185872631,938.2244232177734,1015.9539414922384,860.4949049433084,0.16569493684225495,70.98739862101135,21.07876342967984,13.85055955994835,7.228203869731489,16.46752665167884,19.292526269232365,15.928957076203062,-0.0031461971744010065
2023-12-14,997.3559845806298,1014.6737333957984,996.3803367600569,1008.4783935546875,16317672,0.0,0.0,ICICIBANK.NS,0.019479236581555037,0.01929194454891564,0.46908468137235415,942.7392333984375,924.9941564941406,935.3342248535156,907.4606823730469,956.7504983628834,937.2594156448092,942.7392333984375,1025.8690362335267,859.6094305633483,0.17635799994324705,75.38679807608843,22.916093228284353,15.66366629361555,7.252426934668803,17.809042292970958,19.418663065744358,16.187827668983594,0.0
2023-12-15,1018.234945315164,1018.2836562511309,1000.7219942122084,1012.1371459960938,14306067,0.0,0.0,ICICIBANK.NS,0.003627992889872367,0.003621427598097596,0.47441451015099356,947.6857727050781,926.8888671875,935.8213488769532,908.3883963012695,962.0254171850939,940.1957972272126,947.6857727050781,1035.0804542228664,860.2910911872899,0.18443809970540867,76.12703484455461,24.386310863790072,17.408195207650458,6.9781156561396145,18.352616761644565,19.348251400236872,15.723921261866883,0.0
2023-12-18,1004.8685091425787,1004.8685091425787,993.209564351382,996.5755615234375,8592711,0.0,0.0,ICICIBANK.NS,-0.015374976142527919,-0.015494396728640492,0.4517454222332251,952.5445037841797,928.672353515625,936.1393096923828,909.3106359863282,965.3159071220791,942.4067683760841,952.5445037841797,1039.439885794947,865.6491217734125,0.18244897044822037,66.9098542809183,24.01890414320451,18.73033699476127,5.288567148443239,19.052995186328776,20.15455803016064,15.93742426853455,-0.01537497614252793
2023-12-19,1000.5268676099422,1000.5268676099422,987.9409865576811,990.7216186523438,10094256,0.0,0.0,ICICIBANK.NS,-0.0058740582220829785,-0.00589137836172604,0.4432177850993848,957.1300476074218,930.1280212402344,936.447114868164,910.2011868286132,967.7354986963901,944.3014683869178,957.1300476074218,1041.7809336924486,872.4791615223951,0.17688481580247556,63.7813810144846,22.990348971909725,19.582339390190963,3.408009581718762,18.864839292877473,20.03075444282394,15.95590645828588,-0.021158720859586602
2023-12-20,997.1120339024774,997.1120339024774,977.5990782488085,982.1358642578125,16490281,0.0,0.0,ICICIBANK.NS,-0.008666162353669349,-0.00870393190835513,0.43071062546201055,961.0594696044922,931.3270910644532,936.642935180664,911.049051208496,969.1069620831922,945.7851701857765,961.0594696044922,1042.4717480643756,879.6471911446088,0.16942193700747207,59.394994713797,21.237599139885447,19.91339134012986,1.3242077997555874,19.377056892732046,20.087235469972324,16.01743656646564,-0.029641518303090753
2023-12-21,972.2818028712693,986.2823845261098,965.1108153630744,979.940673828125,18064916,0.0,0.0,ICICIBANK.NS,-0.002235118897064625,-0.00223762050359378,0.4275128171068092,965.0425506591797,932.6110424804688,936.7998687744141,911.8051376342773,970.1387441541382,947.1246017011628,965.0425506591797,1041.5832144350006,888.5018868833588,0.15862650558473143,58.29118486593316,19.447223264109084,19.820157724925707,-0.37293446081662296,19.5652183487789,20.126456500103444,16.023541273554077,-0.031810384882458416
2023-12-22,978.5259862915714,984.965238040039,967.4523478809576,970.0866088867188,20881976,0.0,0.0,ICICIBANK.NS,-0.010055777053228576,-0.010106677898491291,0.41315806647735687,968.5207336425781,933.4520495605469,936.9182580566406,912.5194537353516,970.1337788905744,948.0250725711846,968.5207336425781,1038.7810858215032,898.260381463653,0.14508796712008015,53.48597625785312,17.036807089595413,19.26348759785965,-2.226680508264238,17.460610529826422,19.95139586741169,16.04466120065795,-0.04154628379733164
2023-12-26,970.6720445389727,973.2087050634708,965.7938054158475,970.8671264648438,14339699,0.0,0.0,ICICIBANK.NS,0.0008045854576024247,0.0008042619522366443,0.4142950729069381,971.7257354736328,934.2715930175781,936.9868756103516,913.2306564331054,970.2036215166952,948.9208393905438,971.7257354736328,1035.6912006158052,907.7602703314604,0.1316533314021877,53.81076582946693,15.016416251526607,18.414073328593044,-3.3976570770664374,16.27937700026931,19.954660045087444,15.914381294880936,-0.04077512587549008
2023-12-27,973.6478046781592,980.4285692907043,967.8426879365178,977.8430786132812,12996468,0.0,0.0,ICICIBANK.NS,0.007185280002051986,0.007159588869610996,0.424457179011297,975.4697845458984,935.2082153320313,937.104931640625,913.9878674316407,970.9311888592272,950.055044850259,975.4697845458984,1030.6510825533783,920.2884865384185,0.11313789290391589,56.719574624513726,13.818847917285098,17.495028246331458,-3.6761803290463604,16.063342457944373,20.007893322206833,15.91617966751385,-0.03388282656997242
2023-12-28,983.4530114256305,987.0629203019365,974.7697219298256,981.4041748046875,24915990,0.0,0.0,ICICIBANK.NS,0.003641786979211803,0.0036351717290340497,0.42964474861826507,978.7040588378907,936.273623046875,937.2948864746094,914.6924847412109,971.9286160921281,951.2844224955307,978.7040588378907,1026.470925769856,930.9371919059254,0.09761248357074044,58.16784467516589,13.007178429461305,16.59745828295743,-3.590279853496124,15.889125235287013,19.909969620937034,15.912059262938982,-0.030364433627382018
2023-12-29,979.5992158632049,983.9896312060448,969.501284394201,972.3306274414062,12280140,0.0,0.0,ICICIBANK.NS,-0.009245474592653902,-0.009288479263840077,0.41642700441839375,981.7114929199219,937.1556066894532,937.4676495361329,915.35560546875,971.9669028872975,952.1097638659573,981.7114929199219,1018.0504973324485,945.3724885073952,0.07403194253016813,53.27605086433828,11.499209343873531,15.577808495140651,-4.07859915126712,15.558101894789713,20.146065320197266,15.969485620488957,-0.03932917462041367
2024-01-01,967.4035679755073,980.3796718566513,966.8669735931653,975.0624389648438,7683792,0.0,0.0,ICICIBANK.NS,0.0028095500093687775,0.0028056106006600834,0.4204065269219277,984.28232421875,938.0434448242188,937.88013671875,916.011337890625,972.2617158470638,953.009868771796,984.28232421875,1008.617218633227,959.9474298042729,0.04944698043580591,54.51627311813108,10.404629249127424,14.543172645938007,-4.138543396810583,15.453568133129295,20.023934461758493,15.97150663793086,-0.0366301218939682
2024-01-02,972.7208216223713,973.3550164890929,956.3787215600095,958.3300170898438,16263825,0.0,0.0,ICICIBANK.NS,-0.017160359384537083,-0.01730930478195381,0.39603184044780537,983.8457183837891,938.7946923828125,938.0720776367187,916.6615484619141,970.9348873939953,953.2185020391705,983.8457183837891,1009.7445639303166,957.9468728372615,0.05264818469520377,46.3934116828522,8.093700885732346,13.253278293896875,-5.1595774081645285,15.923972452077676,20.186110445515375,16.22896959609918,-0.05316189522250541
2024-01-03,960.720498665219,963.9401248241994,951.3542430995774,960.0863037109375,16826752,0.0,0.0,ICICIBANK.NS,0.0018326532507320081,0.0018309759906747088,0.3985902827383274,982.4115173339844,939.7371691894531,938.2317462158203,917.3848916625976,969.9016889479898,953.4878275949261,982.4115173339844,1010.2652058856634,954.5578287823055,0.05670472721506113,47.28132112632678,6.331011204575816,11.868824876032663,-5.537813671456847,16.021539007160634,20.17114678774287,16.21857501722634,-0.05142666929186802
2024-01-04,962.3790429363942,965.0620744677926,957.9886277031968,963.1107788085938,22789140,0.0,0.0,ICICIBANK.NS,0.00315021169030949,0.003145260169629514,0.4029961381969629,981.626123046875,940.7986743164063,938.3805322265625,918.1923043823242,969.2549356013807,953.8651982307563,981.626123046875,1010.7626650190788,952.4895810746713,0.05936382760834986,48.852459952768484,5.1191069185301785,10.518881284532167,-5.399774366001989,14.707900718213125,20.15595151370622,16.021250528554297,-0.048438462496355424
2024-01-05,963.9400163911056,973.9891767169987,959.8422837638905,969.501220703125,14875499,0.0,0.0,ICICIBANK.NS,0.006635209609466175,0.006613293498098402,0.41230531165517137,981.3675750732422,942.0426245117187,938.5854180908203,919.0222344970703,969.2783913253563,954.4783755826139,981.3675750732422,1010.8536105379127,951.8815396085716,0.06009172549331457,52.10067656189126,4.6210506983313735,9.339315167292009,-4.718264468960635,14.463988640654966,20.117505154720615,16.05354141903336,-0.04212465223871281
2024-01-08,969.7938939733564,973.89162656188,956.4275074685884,958.0861206054688,8393164,0.0,0.0,ICICIBANK.NS,-0.011774198787885548,-0.011844063609452705,0.39567654816655673,979.9602020263671,943.3285278320312,938.76005859375,919.8166198730469,968.2124607806052,954.6198557795886,979.9602020263671,1011.108435027102,948.8119690256323,0.06357040405585122,46.42863197494052,3.267567888980011,8.12496571162961,-4.857397822649599,14.359455601267817,20.534595905077786,16.179341282107064,-0.05340286699726917
2024-01-09,962.2326408633471,970.7695590966088,951.6468860736289,955.8909301757812,14660414,0.0,0.0,ICICIBANK.NS,-0.002291224538666925,-0.0022938534099341073,0.3924787398113556,978.1381774902344,944.7158972167969,939.0225079345703,920.6097061157227,967.0389816753839,954.6697018343413,978.1381774902344,1010.4797632776243,945.7965917028445,0.0661288691754654,45.40492330940724,1.994794737530242,6.8989315168097365,-4.9041367792794945,14.82636931346201,20.52179663779269,16.184638620355578,-0.055571733576636834
2024-01-10,950.5736686217577,970.7208201257515,950.5736686217577,968.8670654296875,9409181,0.0,0.0,ICICIBANK.NS,0.01357491199494909,0.013483598332273021,0.4113815161591323,977.0332550048828,946.2827868652344,939.3493499755859,921.4079187011719,967.2130848900795,955.2264611910216,977.0332550048828,1009.0378341745294,945.0286758352362,0.06551379700885751,52.124767924235556,2.010008388557594,5.921146891159308,-3.9111385026017143,14.871669017056645,20.71304222347664,16.330770307886873,-0.04275120297439735
2024-01-11,971.0622694484135,974.1843544018284,962.8180334077583,967.0133666992188,6451345,0.0,0.0,ICICIBANK.NS,-0.0019132642615389273,-0.0019150968895136483,0.4086811703448685,975.9234558105469,947.5755200195313,939.6874127197266,922.1958950805664,967.1940641099975,955.6886927795783,975.9234558105469,1007.6887130321965,944.1581985888973,0.06509784559951402,51.15608526524958,1.8511484342133144,5.10714719977011,-3.2559987655567957,14.171294147844833,20.385679781362285,16.256525342408455,-0.0445826728871476
2024-01-12,970.5744738257089,984.1360028238887,967.598759779006,979.0626220703125,12255743,0.0,0.0,ICICIBANK.NS,0.012460277992043078,0.012383287616180344,0.4262337293295222,974.4526672363281,949.2955871582031,940.1932861328125,922.9669451904297,968.3244029633609,956.6053174576464,974.4526672363281,1002.3610359222863,946.54429855037,0.057280090915261934,56.778730124971844,2.6667839590255653,4.6190745516212015,-1.9522905925956362,14.143418859672588,20.504435414170167,16.3804900417066,-0.03267790739290671
2024-01-15,979.0625946865415,987.0141482984905,974.9160914205547,985.2579345703125,12388044,0.0,0.0,ICICIBANK.NS,0.006327800040920151,0.006307863572697832,0.43525865118033513,973.1087066650391,951.1649279785156,940.770869140625,923.7312322998047,969.9371202592611,957.7289495012803,973.1087066650391,995.3994893496948,950.8179239803834,0.04581355100818882,59.3686096628624,3.7696369034338204,4.449187021983725,-0.6795501185499049,14.477930090409188,20.315531317022447,16.325676276656875,-0.026556886615724494
2024-01-16,981.5993048814522,991.0631011947543,980.1358330664721,984.4774780273438,11505126,0.0,0.0,ICICIBANK.NS,-0.0007921342377305018,-0.0007924481418362012,0.4341217336627363,972.5038024902344,952.9035327148438,941.296255493164,924.514599609375,971.3219162371737,958.7779114042633,972.5038024902344,992.6684548326427,952.3391501478261,0.04146955989431374,58.889877195612584,4.528478011397965,4.465045219866573,0.06343279153139214,14.359457717130308,15.2547666422083,16.323996024690242,-0.02732798423431912
2024-01-17,963.8425433060156,983.2578999623713,952.9640458633737,957.84228515625,41914771,0.0,0.0,ICICIBANK.NS,-0.027055157142308883,-0.027427886113433147,0.39532134479729053,970.8598358154297,953.8391796875,941.5865106201172,925.179548034668,970.0381418485142,958.741220178851,970.8598358154297,990.1112552063785,951.608416424481,0.03965849380261855,45.426904836132756,2.9466603255116297,4.161368240995584,-1.2147079154839542,15.732331559405955,15.840865349804561,16.963089256643617,-0.053643778468785985
2024-01-18,950.2322029973618,970.086612247944,946.5247532036159,962.3302001953125,17902484,0.0,0.0,ICICIBANK.NS,0.004685442591762845,0.004674500072673234,0.40185904285539964,969.8695526123047,954.6372583007812,941.7767614746094,925.8848382568359,969.3040521672569,958.8819644932221,969.8695526123047,988.7119689598642,951.0271362647452,0.0388555683531011,47.60060694218827,2.031774616602661,3.735449516117,-1.703674899514339,16.380439576011977,15.684332636110677,16.86750768790258,-0.049209680721443924
2024-01-19,967.1596680050709,986.2824009262613,963.500988695396,974.8673095703125,23271148,0.0,0.0,ICICIBANK.NS,0.013027866497856477,0.012943733770569428,0.4201222753145326,969.6158843994141,955.6343713378906,942.07189453125,926.6235415649414,969.8338862056431,959.5088407707551,969.6158843994141,988.0189004362269,951.2128683626013,0.03795939471064202,53.207648585660266,2.2919409815132212,3.446747809196244,-1.1548068276830228,17.126118323687894,16.120813180699656,16.945859686010692,-0.03682291137442859
2024-01-23,1033.3085624484331,1033.6013044278507,996.331546511633,1003.9904174804688,50797448,0.0,0.0,ICICIBANK.NS,0.029873919890690326,0.029436386875973084,0.46254689440226393,971.3110748291016,957.4549304199219,942.6441119384766,927.5260046386719,973.086889184198,961.2532163279989,971.3110748291016,995.2961613252539,947.3259883329492,0.04938703391263696,63.088497108221716,4.792866929971069,3.7159716333512094,1.0768952966198597,19.986852427452455,18.002435391841896,17.632277075000992,-0.008049036188280003
2024-01-24,1004.3805964528723,1010.7223072563087,972.379419549497,974.8673095703125,34578943,0.0,0.0,ICICIBANK.NS,-0.029007356447924293,-0.029436386875973043,0.42012227531453283,971.511083984375,958.6618078613282,942.9236346435547,928.1558438110352,973.2564530304945,961.7871023375014,971.511083984375,995.5472427970479,947.474925171702,0.049482006348492764,51.39981361334966,4.374451393280765,3.8476675853371205,0.5267838079436444,21.82663856903743,19.85735560600489,18.275615794774875,-0.03682291137442859
2024-01-25,974.086809350288,990.380080339403,964.0864191743161,985.3555297851562,28315035,0.0,0.0,ICICIBANK.NS,0.010758613107528125,0.010701151003823616,0.43540082144002445,971.8867065429688,960.0540563964844,943.3353582763672,928.8064321899415,974.408746054748,962.7113543942722,971.8867065429688,996.5657114582614,947.2077016276762,0.05078576494389262,54.657922493470565,4.833448794570472,4.044823827183791,0.7886249673866814,23.19951102621536,20.121369469487462,18.24457624611593,-0.02646046172387083
2024-01-29,995.1608069755424,1006.8685811752547,985.4043284757821,991.6484985351562,14078922,0.0,0.0,ICICIBANK.NS,0.006386495594510988,0.006366188347093044,0.4445680024625087,972.3989227294921,961.6531433105469,943.8963555908203,929.4846151733399,976.0506272433583,963.8461443605814,972.3989227294921,998.3044271611877,946.4934182977966,0.05328163951268001,56.540491607055024,5.639983310742537,4.36385572389554,1.2761275868469966,23.72566520028609,20.201634458224877,18.272288871868305,-0.02024295575158801
2024-01-30,990.233827264166,998.9170576629135,983.4530625914942,992.1363525390625,16085742,0.0,0.0,ICICIBANK.NS,0.0004919626305357472,0.0004918416565956377,0.445278675936988,973.389208984375,963.1322265625,944.4636956787109,930.2116857910156,977.5826010810445,964.9555642891494,973.389208984375,1000.756689276241,946.0217286925091,0.05623132050214716,56.69061573769329,6.246527387134847,4.740390056543402,1.5061373305914456,23.58279919872378,19.35563293945577,18.267471616710555,-0.019760951898813564
2024-01-31,992.0387268414895,1013.6981211276084,978.8187103188384,1003.1123657226562,25627447,0.0,0.0,ICICIBANK.NS,0.01106300878453248,0.011002261325335947,0.46126780662497646,974.7917053222657,964.9303466796875,945.0437188720703,931.0253277587891,980.0140072373885,966.4519094434046,974.7917053222657,1005.2236019254294,944.3598087191019,0.062437742210994664,60.0354887316003,7.5261338845706405,5.29753882214885,2.2285950624217907,24.70828046913736,19.610769653314904,18.340147747238454,-0.008916558698728295
2024-02-01,1008.7709929318956,1008.7709929318956,992.6240933363141,1000.1853637695312,13058880,0.0,0.0,ICICIBANK.NS,-0.002917920317946021,-0.002922185746912281,0.457003943602065,976.88447265625,966.94603515625,945.6076434326172,931.7592581176758,981.9350888118782,967.7747900052135,976.88447265625,1008.2909211365854,945.4780241759145,0.06429920703916626,58.73279780625015,8.209413646875646,5.879913787094209,2.3294998597814374,24.42254818996506,19.10019054311404,18.34320942477838,-0.011808461208881101
2024-02-02,1011.8443169459497,1024.4301974773407,996.770605964979,999.0633544921875,14774650,0.0,0.0,ICICIBANK.NS,-0.0011218013360194679,-0.001122431026107053,0.45536947463154664,978.8333251953125,968.9470874023438,946.150103149414,932.4476617431641,983.566352210003,969.0017925341144,978.8333251953125,1010.684946898717,946.9817034919079,0.06508078726692115,58.211363943263514,8.56168720892913,6.416268471461192,2.1454187374679368,25.58635322698589,19.018553540119047,18.335459306032067,-0.012917015797340083
2024-02-05,997.5999136860917,1001.4536750045531,987.453152358168,998.5755615234375,12948430,0.0,0.0,ICICIBANK.NS,-0.00048825028618726396,-0.0004883695191701831,0.4546588900690496,980.6065643310546,970.8476501464844,946.7940301513672,933.0908068847656,984.9958007160443,970.1615481807546,980.6065643310546,1012.7203995659684,948.4927290961409,0.06549789977557612,57.970401906771684,8.701203669339407,6.873255511036835,1.8279481583025712,25.36334512139411,18.828437200264826,17.682601891441475,-0.013398959346867594
2024-02-06,998.6243361843565,1009.6979749138608,991.9411722900987,1001.4049682617188,12886927,0.0,0.0,ICICIBANK.NS,0.0028334428032312786,0.0028294361707632905,0.4587805828322722,982.2017517089844,972.8701684570312,947.3867364501953,933.7369702148437,986.5585785775371,971.3867803407924,982.2017517089844,1015.1515379319363,949.2519654860324,0.06709372319000835,59.02978639315658,8.93706008132608,7.286016425094685,1.651043656231396,25.76754124609599,18.818913374295565,17.60176811209393,-0.010603481728568452
2024-02-07,1002.9660000480089,1006.4295975899541,988.3312821484757,997.2584838867188,16410895,0.0,0.0,ICICIBANK.NS,-0.004140666869466014,-0.004149263168340758,0.4527402584031184,984.1603698730469,974.8048791503907,947.8901708984375,934.3839321899414,987.5776171784116,972.4013569504365,984.1603698730469,1015.7012799014889,952.6194598446049,0.06409709432317552,56.771404698533985,8.689227347625206,7.56665860960079,1.122568738024416,26.279758911324297,18.59947126394842,17.597466343946625,-0.01470024311254003
2024-02-08,999.1609693476559,1003.2099318661822,961.2570730572876,965.2084350585938,20565502,0.0,0.0,ICICIBANK.NS,-0.03213815610092685,-0.03266592513625067,0.40605186520445824,984.6262451171875,975.9737060546875,947.9979803466797,934.8945941162109,985.4472188812861,972.1192815821289,984.6262451171875,1014.6476816454862,954.6048085888889,0.06098037032260006,43.05876539967531,5.839334816725568,7.221193851025746,-1.3818590343001782,27.02543224310462,20.93199323404111,18.3851691813884,-0.04636596050559448
2024-02-09,964.7693393163379,989.0629942650385,961.5009428835466,986.0872802734375,12799837,0.0,0.0,ICICIBANK.NS,0.02163143675135437,0.021400797337286125,0.4364667871957524,985.487255859375,977.6362097167969,948.1950616455078,935.4975540161133,985.5081771091101,972.6670462366901,985.487255859375,1014.5790079285177,956.3955037902322,0.05904034150857464,51.309589212440784,5.205516813168288,6.818058443454255,-1.6125416302859676,27.311160267187745,21.77142374200921,18.68713543075364,-0.025737486096332626
2024-02-12,985.7946468678402,987.5508011511549,961.2570787394588,971.8428344726562,8050066,0.0,0.0,ICICIBANK.NS,-0.014445420892997718,-0.014550771774746242,0.4157164198558976,985.7287292480469,978.7386926269531,948.2565277099609,936.0716278076172,984.2067159056382,972.634724206728,985.7287292480469,1014.2494037398759,957.2080547562178,0.05786718728099917,46.37266710944673,3.5133045605961115,6.157107666882627,-2.6438031062865157,27.478411815812553,22.16291169072962,18.860242236096983,-0.039811118169941186
2024-02-13,981.5017091699309,1002.0391434670632,975.9405046734194,994.9656372070312,18706292,0.0,0.0,ICICIBANK.NS,0.023792738819669257,0.023514102634547233,0.44940019087624616,986.5238800048828,980.3943664550782,948.5697100830079,936.668901977539,985.2313750771996,973.5104462851714,986.5238800048828,1015.1485853380216,957.899174671744,0.05803144944245462,54.09422088190648,3.992013645675115,5.724088862641125,-1.7320752169660096,25.440005682731755,23.046187444282594,19.193264939523523,-0.016965594887008297
2024-02-14,984.9652512089306,1010.4784061393933,983.013955556177,997.7950439453125,17878720,0.0,0.0,ICICIBANK.NS,0.0028437230719080553,0.002839687340644243,0.453521883639469,987.1507354736328,981.8773510742187,948.8648431396484,937.2382287597657,986.4279149694008,974.4627834483142,987.1507354736328,1016.2045979810428,958.0968729662229,0.05886408521687407,54.949016662058696,4.547285248199046,5.488728139752709,-0.9414428915536632,24.662974459617796,23.046439528370012,19.06885798619295,-0.014170117268709159
2024-02-15,997.9413639559355,1001.6488733670452,982.0870866412254,991.8923950195312,10069878,0.0,0.0,ICICIBANK.NS,-0.005915692768368563,-0.0059332597938456175,0.4449232947437576,987.5214813232421,982.3739562988281,949.1229016113281,937.7707852172852,986.9483416408418,975.1462976275777,987.5214813232421,1016.6209147831731,958.4220478633111,0.0589342794263854,52.74257431790078,4.4596396065451245,5.2829104331111925,-0.823270826566068,24.182126285384438,22.506049136245675,18.998847510670764,-0.020001983976824258
2024-02-16,998.2828945562029,1001.2097785647912,992.136324995411,998.3316650390625,7159395,0.0,0.0,ICICIBANK.NS,0.006491903811203681,0.006470922161932695,0.4543035977878016,989.5459503173828,982.5651831054688,949.4751104736329,938.319087524414,988.0324676787676,976.0555277221457,989.5459503173828,1015.4047848016753,963.6871158330903,0.052264039837662236,54.87148793639414,4.853823226675786,5.197092991824112,-0.3432697651483263,23.311007153610262,22.557063694722927,18.937545653725703,-0.013639931121631348
2024-02-19,998.4291584000189,1020.5276050243264,998.4291584000189,1018.3323974609375,9388255,0.0,0.0,ICICIBANK.NS,0.020034156104917766,0.019836113112893853,0.48343934308982606,992.346060180664,983.3554577636719,950.2990447998047,938.9707803344727,990.9181752770695,977.7134441824905,992.346060180664,1017.9230932735791,966.769027087749,0.05154861619193316,60.781317146612686,6.702842344743203,5.498242862407931,1.2045994823352721,23.791860361742017,23.19266601277182,19.194779182170034,0.0
2024-02-20,1015.6983130621115,1027.0158050957184,1008.0882116597372,1023.2107543945312,11293528,0.0,0.0,ICICIBANK.NS,0.0047905349429686606,0.004779096845639446,0.49054581109867224,994.763232421875,984.3262292480468,951.2595715332031,939.6253338623047,993.993659002542,979.4976524261,994.763232421875,1022.4366859634696,967.0897788802805,0.055638271780954485,62.08550905606478,8.464275057649957,6.091449301456336,2.3728257561936204,22.652444835114245,23.166526580291784,19.15416597026642,0.0
2024-02-21,1031.0647512783883,1038.08936853922,1022.4790020950211,1026.332763671875,15946325,0.0,0.0,ICICIBANK.NS,0.0030511888816016075,0.00304654345179643,0.49509374790501437,995.8803497314453,985.128212890625,952.1922912597656,940.2918685913086,997.0735737329546,981.3343234553462,995.8803497314453,1026.7422850135217,965.0184144493691,0.06197920320528211,62.934998180429076,9.996905130539858,6.872540467273041,3.1243646632668174,22.614121038586916,22.801589408920314,19.046681492374997,0.0
2024-02-22,1030.284129893754,1040.0406083965356,1014.9665062834417,1036.8209228515625,13432573,0.0,0.0,ICICIBANK.NS,0.0102190630085357,0.01016720140290744,0.5103722051185235,998.9780303955079,986.0180029296876,953.3045294189453,941.0164080810547,1000.8590355537744,983.5102685297076,998.9780303955079,1033.2120566977474,964.7440040932682,0.06853809645580669,65.7141796367329,11.920421103627632,7.882116594543959,4.038304509083673,22.429443224353502,22.86629011461423,19.10614011470044,0.0
2024-02-23,1043.9431665127322,1043.9431665127322,1031.8939397655,1035.455078125,13142759,0.0,0.0,ICICIBANK.NS,-0.0013173390857179612,-0.0013182075396339864,0.5083825327787388,1001.4830078125,986.9077941894532,954.4577459716797,941.7087167358399,1004.153896751034,985.5473198863857,1001.4830078125,1038.7200999486292,964.2459156763707,0.07436390202458808,65.03033785594758,13.182647758445,8.942222827324168,4.240424931120833,22.29006494584259,22.663717718789194,19.111087516295488,-0.0013173390857179322
2024-02-26,1027.4547652461576,1036.4307972587308,1024.9181045612984,1028.5279541015625,7875941,0.0,0.0,ICICIBANK.NS,-0.006689931963037132,-0.006712409864381928,0.4982915562602155,1003.3269805908203,987.6941662597657,955.5465692138672,942.3134091186523,1006.4752355463226,987.2328349536475,1003.3269805908203,1042.133007607774,964.5209535738667,0.07735469646017558,61.532974413889235,13.468751081478445,9.847528478155024,3.621222603323421,21.8440570939619,22.783161870811046,19.14371037221075,-0.007998458139899316
2024-02-27,1025.1618901176007,1040.235600463148,1021.0153871121286,1034.3817138671875,10580973,0.0,0.0,ICICIBANK.NS,0.005691395885042638,0.005675261082235051,0.5068189266581089,1005.4392486572266,988.2122326660157,956.6031945800781,942.9643045043945,1009.132995386405,989.0818105973158,1005.4392486572266,1046.2288100307958,964.6496872836574,0.08113779410947809,63.32782396885008,14.006382656822552,10.67929931388853,3.3270833429340225,21.92419265892912,22.600917378274534,19.157369453258838,-0.0023525846466007434
2024-02-28,1037.1135865360943,1038.9185111032964,1016.7713542133081,1020.72265625,7730332,0.0,0.0,ICICIBANK.NS,-0.013205045520498504,-0.013293007352267251,0.4869213141404398,1006.3197631835938,988.3839428710937,957.6364050292968,943.5389218139649,1010.2367726115093,990.3226280738917,1006.3197631835938,1047.6544855641314,964.9850408030562,0.08215027448088873,56.68191367725594,13.178375646312816,11.179114580373387,1.9992610659394288,20.509499664721528,22.976692585423233,19.308324883883206,-0.015526564179750088
2024-02-29,1017.6495772588014,1034.869667204587,1013.2103317291641,1026.57666015625,20944844,0.0,0.0,ICICIBANK.NS,0.005735156235050942,0.005718772837580115,0.49544904018626257,1007.6393280029297,988.98396484375,958.8281591796875,944.1275677490235,1011.7929523776751,991.7443548222194,1007.6393280029297,1049.825737751125,965.4529182547345,0.08373315446471451,58.68317501006472,12.846457352579364,11.512583134814584,1.3338742177647802,20.087877100002313,23.003378666112006,19.220633961802893,-0.009880455216063507
2024-03-01,1029.3084513108604,1063.40729502092,1028.3328034897127,1060.431640625,14909562,0.0,0.0,ICICIBANK.NS,0.03297852151011993,0.03244639757876265,0.5447667385253334,1010.7077423095703,990.3781652832031,960.2530932617187,944.8627484130859,1016.4252084012298,994.4379738733088,1010.7077423095703,1058.783822735972,962.6316618831685,0.0951334958937646,67.91505390822027,15.140691235593522,12.238204754970372,2.90248648062315,20.84051370378616,23.108021501008285,19.865632267292977,0.0
2024-03-04,1054.6752013263406,1068.3342696136383,1053.7970945454895,1065.748779296875,11424581,0.0,0.0,ICICIBANK.NS,0.0050141267651548915,0.005001597894988831,0.5525123947748942,1014.0664031982421,992.0504235839844,961.6887573242187,945.6155633544922,1021.1226913436723,997.234476046782,1014.0664031982421,1067.6445488828326,960.4882575136517,0.10566989600604364,69.0834608623451,17.18978364499253,13.228520532974803,3.9612631120177273,19.72200413762486,23.10968329345295,19.855274738590975,0.0
2024-03-05,1059.748545239955,1072.7247080376237,1050.2848096430214,1061.5535888671875,9222544,0.0,0.0,ICICIBANK.NS,-0.003936378357810799,-0.00394414628680477,0.5464011185838693,1017.0738342285156,993.6826818847657,963.1468621826172,946.3444995117187,1024.9732530125784,999.7567941966018,1017.0738342285156,1074.288595097799,959.8590733592322,0.11250856908079393,67.01002329111293,18.264643889931335,14.23574520436611,4.028898685565226,19.363107552723868,23.02547185464288,19.86233317300854,-0.003936378357810803
2024-03-06,1053.9923671118995,1086.4326564967669,1053.9923671118995,1070.3831787109375,21796484,0.0,0.0,ICICIBANK.NS,0.00831761103381723,0.008283210329976469,0.5592634815905098,1020.7300689697265,995.68861328125,964.5703314208985,947.1514526367188,1029.2980078409935,1002.526456334419,1020.7300689697265,1081.8272980250515,959.6328399144015,0.11971280343880425,69.11133078594747,19.602981517918238,15.309192467076535,4.293789050841703,20.28300059979869,21.64072791810286,19.68818902513467,0.0
2024-03-07,1068.285589791398,1068.3344198240536,1056.3339033595764,1061.4560546875,9963926,0.0,0.0,ICICIBANK.NS,-0.008340119875751784,-0.008375093266120629,0.5462590372361629,1025.5424499511719,997.5003918457031,965.8859924316406,947.8791754150391,1032.3606789692321,1004.8374209757162,1025.5424499511719,1083.2967626321451,967.7881372701987,0.11263173491009175,64.62912686596039,19.716005589053566,16.190555091471943,3.525450497581623,20.620992871663052,19.799323081568758,19.691273385101564,-0.008340119875751818
2024-03-11,1061.456016908724,1061.456016908724,1050.5288087704587,1052.4312744140625,13310362,0.0,0.0,ICICIBANK.NS,-0.008502264633173606,-0.008538615072472845,0.5331123337101449,1028.8596496582031,998.9921557617188,967.100185546875,948.5240344238281,1034.2721642496922,1006.7038466007494,1028.8596496582031,1084.6603008460952,973.058998470311,0.10847087103946505,60.366767817659166,18.859947895463165,16.724433652270186,2.1355142431929792,19.8160861525043,19.922899141402333,19.766014835835602,-0.01677147460266937
2024-03-12,1050.821543798178,1068.1392927948118,1029.9426563996108,1050.6263427734375,21785435,0.0,0.0,ICICIBANK.NS,-0.0017150114069252043,-0.0017164837225877186,0.5304830285697342,1032.7988250732421,1000.3765991210937,968.3251110839843,949.1789807128906,1035.8297050614774,1008.4262974310509,1032.7988250732421,1082.4346882813716,983.1629618651127,0.09611913182532801,59.521288725620025,17.83033609131303,16.945614140078757,0.8847219512342726,21.192446363877146,19.915930233060998,19.68085975673587,-0.018457722739340092
2024-03-13,1050.9190113988607,1063.1146084324603,1047.016420348109,1057.5533447265625,24855870,0.0,0.0,ICICIBANK.NS,0.006593211754846395,0.006571571600890721,0.540573827264293,1035.9282104492188,1002.0810534667969,969.618330078125,949.8538046264648,1037.8986231248189,1010.3528483053848,1035.9282104492188,1083.3640173454214,988.4924035530163,0.09158126290553001,61.73622867687347,17.373046815475163,17.03110067515804,0.34194614031712334,21.22729076674517,19.954157378892297,19.58992477361042,-0.011986206659026508
2024-03-14,1053.6996058624843,1070.383159135781,1048.8701969746664,1057.2119140625,14231421,0.0,0.0,ICICIBANK.NS,-0.00032284959029726945,-0.00032290171744603466,0.540076453635338,1038.8990539550782,1003.72404296875,970.8837438964844,950.5886111450195,1039.7379841665029,1012.1904587272325,1038.8990539550782,1083.645307816868,994.1528000932885,0.08614167794540027,61.5574327279764,16.789551668150352,16.982790873756503,-0.19323920560615093,20.97292362731807,19.78720952143645,19.585430974425346,-0.012305186507414714
2024-03-15,1045.894380788199,1059.797361129833,1043.9430853016538,1054.041015625,66192734,0.0,0.0,ICICIBANK.NS,-0.0029993025951773333,-0.0030038095172107097,0.535457298331178,1042.0064849853516,1005.6382629394532,972.2164776611328,951.3114343261718,1041.1001776387407,1013.8316570369489,1042.0064849853516,1081.3085803665476,1002.7043896041555,0.0754354141697085,59.82457970874813,15.888114265196009,16.763855552044404,-0.8757412868483954,21.244712847385706,19.78891944922702,19.587987847701633,-0.015267582124766168
2024-03-18,1048.8702225929605,1058.3827887115601,1034.2355054874226,1054.870361328125,8769440,0.0,0.0,ICICIBANK.NS,0.0007868248871067962,0.000786515502682251,0.5366654343465949,1044.8334197998047,1007.5339440917969,973.635556640625,951.9859072875977,1042.4116237043963,1015.4410179895441,1044.8334197998047,1078.660434976071,1011.0064046235384,0.06475102066078191,60.14062524473085,15.066957390023163,16.424475919640155,-1.3575185296169927,22.147183599293214,19.771949109631134,19.460981519585523,-0.014492770151241154
2024-03-19,1052.1872820317788,1062.2365016265157,1049.0652568302282,1057.5533447265625,16708715,0.0,0.0,ICICIBANK.NS,0.0025434247626974216,0.0025401957319745624,0.5405738272642933,1046.794467163086,1009.4227954101563,975.1107348632812,952.6861328125,1043.853692373174,1017.0924817831527,1046.794467163086,1078.6422836119395,1014.9466507142323,0.06084827050178107,61.20389730446782,14.465924811457853,16.032765698003693,-1.5668408865458403,21.715114416812355,19.759804153322424,19.37609646581393,-0.011986206659026508
2024-03-20,1053.6995510243776,1063.4560283486774,1041.503954369003,1058.0899658203125,18725251,0.0,0.0,ICICIBANK.NS,0.0005074175183936713,0.0005072888256568108,0.5413555414126259,1048.538427734375,1011.1945703125,976.6185974121094,953.3803326416015,1045.209527939568,1018.7002262551982,1048.538427734375,1078.725267049201,1018.3515884195492,0.05757888984584372,61.42553735619468,13.87298387776491,15.600809333955938,-1.7278254561910291,21.701179923218508,19.762669561161356,19.375846750786767,-0.011484871151870787
2024-03-21,1065.4073702120015,1073.212552411357,1052.870320123813,1055.455810546875,19992607,0.0,0.0,ICICIBANK.NS,-0.0024895380908326326,-0.0024926421436274808,0.5375182780807632,1049.994580078125,1013.1419641113281,978.2352459716797,954.0652325439453,1046.1853643783593,1020.141621717617,1049.994580078125,1078.4301623010506,1021.5589978551993,0.05416329333968539,59.624820049677275,13.040200288212418,15.088687524807234,-2.0484872365948164,21.607101124084302,19.724485401426588,19.23081240371319,-0.013945817218502564
2024-03-22,1054.821699696048,1067.0660087880365,1052.431290998509,1063.7489013671875,17214415,0.0,0.0,ICICIBANK.NS,0.007857354838963326,0.007826646578675536,0.5495991047630358,1051.3409790039063,1015.2991235351562,980.0075103759766,954.854739074707,1047.858082186819,1021.8517111156394,1051.3409790039063,1079.7001282961262,1022.9818297116865,0.05394852832444284,63.275029332489005,12.90068534430634,14.651087088707056,-1.7504017444007172,20.02167847585984,16.922269343223785,19.258529831093586,-0.006198039613944289
2024-03-26,1054.675246883473,1062.626800085145,1050.7238257477718,1057.3094482421875,13367635,0.0,0.0,ICICIBANK.NS,-0.006053546205052385,-0.006071943198154293,0.5402185349830448,1052.4336975097656,1017.0679711914063,981.6753790283203,955.6021295166015,1048.7582122873303,1023.2422106107982,1052.4336975097656,1079.8851916092642,1024.982203410267,0.0521676456473286,58.82767029203376,12.130673838746816,14.14700443871501,-2.016330599968194,19.913671372378904,16.203236736039717,19.3027070853071,-0.012214065699812935
2024-03-27,1057.3095684040516,1065.8953174560265,1053.2607249476644,1057.3583984375,26907245,0.0,0.0,ICICIBANK.NS,4.6296943051027384e-05,4.629587138063603e-05,0.540289842392845,1053.8752197265626,1018.8748718261719,983.2251959228515,956.308154296875,1049.5772776349654,1024.5801003294926,1053.8752197265626,1078.967616959269,1028.7828224938562,0.04761929451043898,58.85134668772277,11.393052032720789,13.596213957516166,-2.2031619247953778,19.21329238050461,15.42131408133494,19.27723821246954,-0.012168334230666109
2024-03-28,1058.5778569174774,1078.1396428341293,1058.5778569174774,1066.67578125,22070566,0.0,0.0,ICICIBANK.NS,0.008811943827436997,0.008773345237101948,0.5538627899619826,1055.489923095703,1020.6271350097657,984.9613610839843,957.0832650756836,1051.205706550683,1026.230911345983,1055.489923095703,1079.4304070195733,1031.5494391718328,0.04536373754029585,63.190404049060234,11.428574864521352,13.162686138917206,-1.734111274395854,18.38050345277332,14.21863590854769,19.292756567491438,-0.003463617080943218
2024-04-01,1069.3589072693567,1076.0907823680045,1067.7977753821392,1072.8712158203125,10848191,0.0,0.0,ICICIBANK.NS,0.00580817027930669,0.0057913678876845886,0.5628878896367604,1058.0973510742188,1022.3794006347656,986.7721643066407,957.8985455322265,1053.2690883858859,1028.0599428939959,1058.0973510742188,1076.9028376169297,1039.2918645315078,0.035545853174320706,65.77474039182783,11.820388674366995,12.894226646007164,-1.0738379716401685,18.04948386467642,14.253299553741938,19.266248994361774,0.0
2024-04-02,1067.7976947713503,1067.7976947713503,1052.967895743458,1054.870361328125,14380396,0.0,0.0,ICICIBANK.NS,-0.016778206206626733,-0.01692055479069217,0.5366654343465951,1059.5120361328125,1023.7872583007812,988.3453955078126,958.6349499511718,1053.421590570861,1029.111331852197,1059.5120361328125,1071.2697021211072,1047.7543701445177,0.02219449253490297,53.92778848692643,10.55669442145745,12.426720201097222,-1.8700257796397715,18.690632018948786,15.128760547158308,19.30965062020468,-0.0167782062066267
2024-04-03,1048.8213958942579,1057.2607732714453,1046.1383644163889,1050.9677734375,15477184,0.0,0.0,ICICIBANK.NS,-0.003699590047929191,-0.0037064504568845736,0.5309804021986897,1059.0388427734374,1025.6497680664063,989.7444738769532,959.3511160278321,1053.1878937010172,1029.9684472084834,1059.0388427734374,1071.3875770666932,1046.6901084801816,0.023320644710096993,51.75150858365644,9.134998814125993,11.768375923702978,-2.633377109576985,16.75675862322417,15.15984796449493,19.328291579219133,-0.02041572376985175
2024-04-04,1058.3339827305892,1059.358460590309,1037.5526363294593,1052.57763671875,21419689,0.0,0.0,ICICIBANK.NS,0.0015317912898360486,0.0015306192942406858,0.5333255446436873,1058.3802856445313,1027.454716796875,991.0459875488282,960.0854919433593,1053.1297739884203,1030.855082091239,1058.3802856445313,1070.6267319110823,1046.1338393779804,0.023141863907816685,52.60125620617888,8.045454325813353,11.023791604125053,-2.9783372783117006,17.164446921545487,14.135365024439956,19.320573096045532,-0.01891520510786201
2024-04-05,1043.9432619814309,1059.5536285157325,1041.4553121759684,1057.0169677734375,15340637,0.0,0.0,ICICIBANK.NS,0.004217580632366769,0.004208711567756657,0.5397924687638898,1058.1534545898437,1029.0977099609374,992.3660406494141,960.8052926635742,1053.4999829203266,1031.8810383925018,1058.1534545898437,1070.3202178145175,1045.98669136517,0.02299621698894289,54.957096360262,7.454271186046981,10.309887520509438,-2.855616334462457,16.920543648591888,14.123481568537033,19.30318108045184,-0.014777400878215297
2024-04-08,1052.089788769452,1065.1634932016668,1050.0897822238517,1060.675537109375,8023461,0.0,0.0,ICICIBANK.NS,0.0034612210091993223,0.0034552447698486485,0.5451220308065823,1057.6680725097656,1030.2314123535157,993.8431713867187,961.5615301513672,1054.1833690335693,1033.0102344206143,1057.6680725097656,1068.4796251794953,1046.8565198400358,0.02044413167181032,56.86008717371476,7.197996237973939,9.687509264002339,-2.4895130260283995,16.86478901642303,14.128847265103472,19.303137243189948,-0.011367327719397094
2024-04-09,1065.3586857606263,1088.0913296616127,1061.7976661736764,1080.091064453125,12298463,0.0,0.0,ICICIBANK.NS,0.018304869551967418,0.01813935222467277,0.5734052880223677,1058.5998229980469,1032.3358874511719,995.49884765625,962.4787124633789,1056.6507685973365,1034.8565414807128,1058.5998229980469,1073.2989423209963,1043.9007036750975,0.027770870547323943,65.25047085837932,8.463999571173417,9.442807325436554,-0.978807754263137,17.098253968430186,14.76078197123621,19.480178561594492,0.0
2024-04-10,1083.8959718279336,1089.3596952702449,1078.2372855450287,1082.3837890625,10598000,0.0,0.0,ICICIBANK.NS,0.0021227141718238585,0.002120464397285878,0.5767451777252754,1060.0974487304688,1034.2764526367187,997.1652545166015,963.3705862426758,1059.1015324511616,1036.7203551113712,1060.0974487304688,1077.921577324022,1042.2733201369156,0.03362733985427235,66.0892117709399,9.542322099400508,9.462710280229345,0.07961181917116278,16.9519086062108,14.739301588232614,19.451764870098074,0.0
2024-04-12,1076.6275082635652,1084.7741447920198,1069.115066719454,1077.505615234375,12216657,0.0,0.0,ICICIBANK.NS,-0.004506879978635081,-0.0045170665802559615,0.5696389764523759,1061.4414123535157,1035.993594970703,998.823369140625,964.2915338134766,1060.854302240039,1038.319777076979,1061.4414123535157,1080.2830826289264,1042.599742078105,0.03550204477821041,62.62566303464365,9.889275203894158,9.548023264962307,0.34125193893185113,16.502408898560184,14.64692853704171,19.354274934015773,-0.00450687997863512
2024-04-15,1073.4077256256494,1079.2129018387545,1050.3824599986701,1052.08984375,10526597,0.0,0.0,ICICIBANK.NS,-0.023587600031993006,-0.023870240863506316,0.5326149600811905,1061.1682373046874,1037.192664794922,1000.1624456787109,965.0737899780273,1060.0195919076543,1038.8597796916074,1061.1682373046874,1080.40161198448,1041.9348626248948,0.036249435299051946,48.39508106735051,8.020937316024401,9.242606075174727,-1.221668759150326,17.108709580884497,16.29988166167962,19.786684550619473,-0.027988173528299895
2024-04-16,1044.4797084070326,1048.4310101922226,1036.8207785700372,1041.06494140625,11278092,0.0,0.0,ICICIBANK.NS,-0.0104790502534019,-0.010534342110485147,0.5165546108953842,1060.360888671875,1037.9517163085939,1001.4410314941406,965.8050344848633,1058.2143870979967,1038.9462566215934,1060.360888671875,1081.5496970810752,1039.1720802626749,0.03996527717226469,43.75085833807525,5.5862537432230965,8.511335608784401,-2.925081865561305,17.154020108772734,16.117138621017705,19.802870504568126,-0.038173934304797805
2024-04-18,1047.8457510924395,1051.7971723738806,1024.8691974587614,1029.7474365234375,16564216,0.0,0.0,ICICIBANK.NS,-0.010871084437369505,-0.010930606448073022,0.5000680176664585,1059.1462097167969,1038.542957763672,1002.7444964599609,966.4746109008789,1055.5032489480386,1038.5855185785285,1059.1462097167969,1084.2787860456488,1034.013633387945,0.047458181124156666,39.55453692586951,2.712256209855468,7.351519728998615,-4.639263519143147,18.147084344180126,16.38343113490088,18.343850701551773,-0.048630026679033274
2024-04-19,1027.308320425271,1045.8944589628718,1022.5764523362437,1041.2601318359375,11284433,0.0,0.0,ICICIBANK.NS,0.011180115535289303,0.01111807999172614,0.5168389514147618,1058.4656982421875,1039.3868933105468,1004.1669903564454,967.2126373291015,1054.146761604029,1038.6904053729368,1058.4656982421875,1084.7943392472432,1032.1370572371318,0.04974869010640619,45.30186142343605,1.3480314868768346,6.150822080574259,-4.8027905936974244,18.91018535262769,13.563868026121128,18.061454011338448,-0.03799360046049978
2024-04-22,1052.52893245238,1062.1877507445827,1044.2846367847953,1060.187744140625,10346714,0.0,0.0,ICICIBANK.NS,0.018177602047736663,0.018014364648132067,0.5444114462440854,1058.5974182128907,1040.6191369628907,1005.7333935546875,968.0261901855469,1054.7220932741811,1039.5334382657873,1058.5974182128907,1084.933198963151,1032.2616374626305,0.0497559890042429,53.18331267597848,1.7737272696820128,5.27540311839581,-3.5016758487137976,18.92064067491454,14.536662907952183,18.205245921317893,-0.020506630962294776
2024-04-23,1073.2126398224318,1073.2126398224318,1056.3338843025326,1063.7000732421875,9848215,0.0,0.0,ICICIBANK.NS,0.0033129312435218328,0.003307455577147583,0.5495279751772002,1058.8779235839843,1041.8650390625,1007.3676037597656,968.8154525756836,1055.5771389854199,1040.4811494413325,1058.8779235839843,1085.3102774304211,1032.4455697375474,0.049925214715915996,54.493669330601634,2.367221987734638,4.693766892263576,-2.326544904528938,19.453765989335587,14.5237100829119,18.188139122777866,-0.017261636777187218
2024-04-24,1065.6513328508768,1071.6515907716011,1062.4804774315448,1070.041748046875,5461309,0.0,0.0,ICICIBANK.NS,0.005961901257896862,0.00594419944737862,0.5587661079615556,1059.6072204589843,1043.3207043457032,1009.0627917480468,969.6298913574219,1056.9547208007966,1041.6403886023343,1059.6072204589843,1086.4438096108834,1032.7706313070853,0.05065384348791881,56.8424325910768,3.311122426608563,4.417237999132573,-1.1061155725240104,18.687179793850003,14.423702108699091,18.115359784137,-0.011402647693305701
2024-04-25,1063.4561708666527,1098.2380410085623,1063.407340834438,1086.6278076171875,19905338,0.0,0.0,ICICIBANK.NS,0.015500385476161727,0.01538148163070859,0.5829275835021359,1060.7511657714845,1045.749091796875,1010.8613989257813,970.5410501098632,1059.7807290690243,1043.4046011127207,1060.7511657714845,1090.1584629299182,1031.3438686130507,0.05544617457393184,62.320159961385976,5.336016440718822,4.600993687449823,0.735022753268999,20.38062917378343,14.86973123935836,18.257794733791343,0.0
2024-04-26,1085.066791491599,1092.7256033742926,1075.8956777866083,1080.9202880859375,14190059,0.0,0.0,ICICIBANK.NS,-0.005252506415941771,-0.005266349322346497,0.5746132462138198,1061.931707763672,1047.645751953125,1012.6409808349609,971.3852059936523,1061.7940204039685,1044.8758045234351,1061.931707763672,1092.6248334701452,1031.2385820571988,0.057806213868705436,59.52053934755727,6.4063618573638905,4.962067321432637,1.4442945359312533,20.025207839985903,14.721707434258871,18.28402935841476,-0.005252506415941755
2024-04-29,1081.017770192159,1135.1173934530657,1080.9202292309824,1131.8978271484375,28578063,0.0,0.0,ICICIBANK.NS,0.04716123808978501,0.04608292011735842,0.648873956417839,1065.6586791992188,1050.8468518066406,1014.7927722167968,972.4738464355469,1068.470573427251,1048.2884328616706,1065.6586791992188,1109.359478225278,1021.9578801731595,0.08201650280537835,71.73424317849727,11.238528911204185,6.217359639386947,5.021169271817238,22.603696974437273,19.87228190763304,19.838900062343097,0.0
2024-04-30,1131.702618945696,1141.0689331118688,1118.8241156136564,1122.38525390625,29568491,0.0,0.0,ICICIBANK.NS,-0.008404091795239377,-0.00843960528709769,0.6350166683293239,1068.4441528320312,1053.395244140625,1016.8948052978516,973.4505731201172,1073.6053049014415,1051.1941905496933,1068.4441528320312,1118.9844998887818,1017.9038057752807,0.09460550076068584,67.63335943029435,14.137502624537547,7.801388236417068,6.336114388120478,23.115918868751358,20.082145991686023,19.67436784538372,-0.00840409179523941
2024-05-02,1115.16550183226,1127.361100058772,1105.6529352155806,1111.701904296875,25118334,0.0,0.0,ICICIBANK.NS,-0.009518433685932415,-0.009564023502253759,0.6194538705964372,1070.3856872558595,1055.6733813476562,1018.7753662109375,974.3671090698242,1077.2335524629113,1053.5670420691906,1070.3856872558595,1124.4992030101826,1016.2721715015365,0.10111031266319244,63.25944365441155,15.395434167574422,9.320197422648539,6.075236744925883,22.708231175248063,20.35205798527779,19.752495176491884,-0.0178425316907283
2024-05-03,1113.5069115913466,1129.2148177723732,1107.7992765304286,1114.2386474609375,19933604,0.0,0.0,ICICIBANK.NS,0.002281855553415646,0.0022792560747045697,0.623149230404558,1073.3541015625,1058.1203063964845,1020.2471313476562,975.359228515625,1080.7578472246282,1055.9463207120043,1073.3541015625,1130.3220923899082,1016.3861107350921,0.1061494817870054,63.857146921542956,16.407907803638864,10.737739498846604,5.670168304792259,23.443454855014377,20.302347651505162,19.554997247873484,-0.015601390217338203
2024-05-06,1113.7508047401204,1130.2391574450266,1110.3847483382629,1118.3851318359375,14970524,0.0,0.0,ICICIBANK.NS,0.0037213611145590075,0.0037144539809419327,0.6291895548337119,1076.7249694824218,1060.5213757324218,1021.5432794189453,976.3624035644531,1084.341398139991,1058.394901540394,1076.7249694824218,1136.0453536415323,1017.4045853233113,0.11018669732833564,64.86335637456172,17.344945356924427,12.05918067046217,5.285764686462256,23.743121357457092,20.305789020040375,19.520995283681554,-0.011938087509667019
2024-05-07,1119.9948918245757,1124.6780491020515,1098.8722113377237,1104.3358154296875,15097728,0.0,0.0,ICICIBANK.NS,-0.01256214519160026,-0.012641716026746618,0.6087234391012522,1079.3128784179687,1062.241444091797,1022.7984509277344,977.3120245361329,1086.2456283580575,1060.1965060066407,1079.3128784179687,1138.7136272540715,1019.9121295818658,0.11007141677614575,58.881891496688766,16.760685204077845,12.999481577185305,3.7612036268925397,23.52707820918877,20.739853396981474,19.588772408695277,-0.02435026471266077
2024-05-08,1099.1160631064367,1104.4332959114815,1088.8717613334063,1095.6524658203125,19913090,0.0,0.0,ICICIBANK.NS,-0.007862961146466452,-0.007894037232690545,0.596074109204189,1081.2446533203124,1063.6902783203125,1024.0082537841797,978.2208898925782,1087.141517640177,1061.5869358032553,1081.2446533203124,1140.1028629080822,1022.3864437325425,0.10887121505207288,55.476744357057335,15.419237705753858,13.483432802899017,1.9358049028548407,23.54796888048251,20.916687243044343,19.640738486208868,-0.03202176067378542
2024-05-09,1093.262260852585,1101.3600666593375,1082.9691282557828,1088.5302734375,12229853,0.0,0.0,ICICIBANK.NS,-0.006500411950864482,-0.006521631636415376,0.5856989699902526,1082.6373901367188,1064.934228515625,1025.031220703125,979.0394702148437,1087.273780097065,1062.643537279108,1082.6373901367188,1140.759891210186,1024.5148890632515,0.10737205569101457,52.780621211887144,13.624376168486606,13.511621476016536,0.11275469247006953,22.938180558227902,21.011029083755055,19.591399067234594,-0.038314017988878304
2024-05-10,1090.7742298713763,1101.408814608253,1084.969173156462,1089.847412109375,8573656,0.0,0.0,ICICIBANK.NS,0.001210015655068064,0.0012092841761331568,0.587617690568166,1083.1252075195312,1065.9947583007813,1026.0063806152343,979.8435891723633,1087.5188879077612,1063.7103558999027,1083.1252075195312,1141.3214466796203,1024.928968359442,0.10745985552928741,53.2332771066062,12.167952964469578,13.242887773707146,-1.0749348092375683,22.44686876002525,20.91371057294712,19.59119353357519,-0.03715036289538525
2024-05-13,1085.3106792591882,1103.1162523100456,1079.7494151217084,1100.53076171875,9707983,0.0,0.0,ICICIBANK.NS,0.009802610430296399,0.009754876535689063,0.6031804883010525,1084.0325561523437,1067.2962719726563,1027.1020330810547,980.6592724609375,1088.758113984998,1065.1542933829946,1084.0325561523437,1142.7437111645522,1025.321401140135,0.10831991101927319,56.84672882794532,11.740447540252944,12.942399727016305,-1.2019521867633607,22.621098637146115,20.961031746066137,19.618104799392253,-0.02771192299989636
2024-05-14,1098.4818990233766,1100.4331946539014,1091.3109114007254,1093.26220703125,8944262,0.0,0.0,ICICIBANK.NS,-0.006604590203501792,-0.006626497019684988,0.5925921381535741,1084.8203857421875,1068.59095703125,1028.1425616455078,981.4059539794922,1089.1870752274983,1066.2565645064556,1084.8203857421875,1143.5856111770852,1026.0551603072897,0.108340931286414,53.80093537130243,10.691885394752717,12.492296860563588,-1.8004114658108712,22.07403397986936,21.087153545087993,19.659673784141475,-0.034133487308232825
2024-05-15,1094.7743968933958,1100.335660935582,1086.3838494464303,1096.9696044921875,10743423,0.0,0.0,ICICIBANK.NS,0.003391132920440798,0.003385395995323926,0.597992829782102,1087.0643737792968,1069.84271484375,1029.0274737548827,982.1808493041992,1089.928268490802,1067.4609974470727,1087.0643737792968,1143.9650742890672,1030.1636732695265,0.1046869014977446,55.12173458703645,10.044264304481203,12.002690349347112,-1.9584260448659094,22.41551241909045,20.975302890422178,19.581753277509,-0.030858105580292363
2024-05-16,1105.4089352594046,1108.8725325190837,1085.7008977331961,1103.5064697265625,14265565,0.0,0.0,ICICIBANK.NS,0.005959021296128908,0.005941336549800816,0.6075153030858349,1090.1864501953125,1071.4983911132813,1029.9411669921874,982.8812579345703,1091.2214305132554,1068.8745453796018,1090.1864501953125,1143.1779563278694,1037.1949440627557,0.09721549212625634,57.43255537706542,9.94386364784259,11.59092500904621,-1.647061361203619,21.5827220342164,20.97834225175036,19.595186853397838,-0.025082968392474658
2024-05-17,1103.5065025670874,1116.1410940609796,1093.3109114992967,1102.9698486328125,8641784,0.0,0.0,ICICIBANK.NS,-0.0004862872203033053,-0.00048640549627923844,0.6067335889375023,1093.8475708007813,1073.0262548828125,1031.0051098632812,983.5722097778321,1092.3403274770228,1070.211616095414,1093.8475708007813,1138.759035755176,1048.9361058463867,0.08211649621622505,57.17230056777437,9.709074400572035,11.214554887351374,-1.505480486779339,22.01131181807344,20.297431980508833,19.34379744840151,-0.02555705808580139
2024-05-21,1094.8719034888254,1106.1895131432295,1089.0668467710689,1093.65234375,10452900,0.0,0.0,ICICIBANK.NS,-0.008447651487809904,-0.008483535126866346,0.5931604635444003,1096.4671813964844,1073.6906689453126,1032.0344171142578,984.240765991211,1092.4652814077826,1071.1308603171626,1096.4671813964844,1133.963260304241,1058.9711024887279,0.0683943478545354,52.70629097841698,8.671201245812881,10.705884159043677,-2.034682913230796,19.363133400221823,20.450526503089563,19.41719121524709,-0.03378881245384878
2024-05-22,1097.603764437141,1098.481871268217,1071.3588150501846,1084.042236328125,17527411,0.0,0.0,ICICIBANK.NS,-0.008787168497187303,-0.00882600332846465,0.5791610941081786,1097.6599060058593,1074.0565380859375,1033.053480834961,984.8482080078124,1091.6630866382914,1071.6371887881808,1097.6599060058593,1131.6506804086848,1063.6691316030337,0.061933162023764574,48.498308958436,6.992617398649145,9.96323080696477,-2.970613408315625,19.711579023066115,20.662645388033933,19.491451023388926,-0.042279072962684204
2024-05-23,1088.383958228494,1109.311556039796,1084.3349960118126,1106.8724365234375,13787687,0.0,0.0,ICICIBANK.NS,0.021060249711895906,0.020841547933050816,0.6124186210854077,1099.8185241699218,1074.9629150390624,1034.322798461914,985.5613336181641,1093.1115961511625,1073.0189632091713,1099.8185241699218,1129.9984351112614,1069.6386132285822,0.05488161960923072,57.23364835930395,7.4190122074928695,9.45438708707039,-2.035374879577521,19.965947227957503,21.44777376174524,19.749131037776237,-0.02210923108496979
2024-05-24,1102.4819339811972,1107.3601726271318,1096.7744185849785,1104.3843994140625,6312670,0.0,0.0,ICICIBANK.NS,-0.00224780835376992,-0.002250338467151951,0.6087942130391577,1101.5356567382812,1075.642939453125,1035.6657763671874,986.2920172119141,1094.185196461915,1074.2489803152455,1101.5356567382812,1128.296383269783,1074.7749302067793,0.0485880350178443,56.11657607529842,7.4700591719929434,9.0575215040549,-1.587462332061957,19.192390999400978,21.469106824167884,19.631133430505255,-0.024307342124411446
2024-05-27,1104.3358239678098,1119.8486485845435,1094.2378925514201,1102.2869873046875,11599857,0.0,0.0,ICICIBANK.NS,-0.0018991685417575344,-0.0019009742489228924,0.6057388416795921,1102.3186157226562,1076.4595581054687,1036.979974975586,986.9834252929687,1094.956795589798,1075.348510001106,1102.3186157226562,1128.1427510599885,1076.4944803853239,0.04685421250987872,55.13955329496981,7.257609426941826,8.697539088632286,-1.43992966169046,19.60355863699809,20.879981842304947,19.629011167896703,-0.02616034692667258
2024-05-28,1104.9211184411913,1107.5553198262376,1097.6037600409186,1099.5062255859375,9311718,0.0,0.0,ICICIBANK.NS,-0.0025227202632134293,-0.002525907683752033,0.6016880117662582,1103.2479125976563,1077.4010571289064,1038.1966064453125,987.6507690429687,1095.3900746370496,1076.2958713965895,1103.2479125976563,1127.091515279868,1079.4043099154446,0.04322437850994094,53.80210355864374,6.786625251095984,8.315356321125027,-1.5287310700290426,18.471110209926028,20.897054047251135,19.53694171123909,-0.028617071952601384
2024-05-29,1087.896192626463,1096.1891994265106,1071.7491729237856,1075.1639404296875,19268547,0.0,0.0,ICICIBANK.NS,-0.022139288154805814,-0.022388040516395903,0.5662277793396671,1100.4112182617187,1077.8918090820312,1039.1342041015625,988.2145452880859,1093.4637761411102,1076.2514819469072,1100.4112182617187,1123.3867786911592,1077.4356578322781,0.04175813559177307,43.7891351347419,4.398445382899581,7.531974133479938,-3.133528750580357,19.342218644502932,21.873967848498605,19.925721571328197,-0.05012279850530175
2024-05-30,1070.2857077875317,1093.7012565449618,1070.1881668205704,1086.5789794921875,15255387,0.0,0.0,ICICIBANK.NS,0.01061702186360347,0.010561057058189159,0.5828564539162995,1098.6209045410155,1078.4723217773437,1040.2766876220703,988.8721685791015,1092.8080812221651,1076.6564818506436,1098.6209045410155,1119.9048540828512,1077.3369549991799,0.03874666767009634,48.61830779727412,3.3878409625701806,6.703147499297987,-3.3153065367278067,19.708086595991272,20.890695872855712,19.8987439757239,-0.040037931489294104
2024-05-31,1090.774348346767,1103.0674880238118,1084.188725045031,1093.7501220703125,26197718,0.0,0.0,ICICIBANK.NS,0.006599743519312806,0.0065780605610764025,0.5933029005400361,1097.7233154296875,1079.2030859375,1041.463564453125,989.6718505859375,1092.8977993981791,1077.3268206827875,1097.7233154296875,1118.1826695198206,1077.2639613395545,0.037275976200112935,51.44071940009158,3.129505956150524,5.988419190668495,-2.8589132345179706,19.882309562204828,20.648988255757835,19.900766305961824,-0.03370242804885453
2024-06-03,1141.5079429889547,1144.4348864325161,1108.6286592786682,1131.75146484375,25699977,0.0,0.0,ICICIBANK.NS,0.03474408094374093,0.034154131353698255,0.6486607454842963,1098.5989562988282,1080.757294921875,1043.197778930664,990.6349282836914,1096.5981484882334,1079.4611204538057,1098.5989562988282,1123.1286520649162,1074.0692605327401,0.04465632454035527,63.03000379394372,5.922888996225083,5.975313151779813,-0.052424155554729346,21.833590074623853,22.389395949253377,20.67153916967694,-0.0001293069932435748
2024-06-04,1129.702743807571,1131.1662156790471,1027.8939077680864,1045.35791015625,43476837,0.0,0.0,ICICIBANK.NS,-0.07633615451023734,-0.07940707711553871,0.522808324082044,1094.9475952148437,1080.5670458984375,1044.050494995117,991.1411206054687,1091.7181257899492,1078.123739657823,1094.9475952148437,1127.5038489594601,1062.3913414702272,0.05946632311335135,39.78360801140318,1.1521461152724441,5.010679744478339,-3.858533629205895,28.593426271598073,32.00010957059641,23.98701466926297,-0.07645559070486548
2024-06-05,1058.5778828175676,1095.8964118662052,1025.454687026523,1081.6519775390625,42172104,0.0,0.0,ICICIBANK.NS,0.03471927368626093,0.03413015677359691,0.5756791230575649,1093.8134033203125,1081.0490185546876,1045.235906982422,991.8082196044921,1090.7594450041504,1078.2621019276755,1093.8134033203125,1126.5724207866342,1061.0543858539909,0.059898731112419015,48.39441714666051,0.29650796711189287,4.06784538900505,-3.771337421893157,32.62842008235025,33.1405735335341,24.63240815530999,-0.04439079959713161
2024-06-06,1090.7741517877903,1090.7741517877903,1069.8952667444207,1083.3592529296875,18574162,0.0,0.0,ICICIBANK.NS,0.0015783962180786482,0.0015771518599893434,0.5781661690263045,1093.1987426757812,1081.554404296875,1046.3744873046876,992.4799526977539,1090.0546648065824,1078.4619902022644,1093.1987426757812,1126.2722772562195,1060.125208095343,0.06050781672047193,48.7655623303258,-0.24104990090813772,3.2060663310224125,-3.44711623193055,32.46465224359896,33.133331369703775,24.554015395171977,-0.04288246964925451
2024-06-07,1083.3594059306379,1100.8235264178431,1076.724952853582,1094.3841552734375,17197635,0.0,0.0,ICICIBANK.NS,0.010176589449839346,0.010125156609699804,0.5942265182121109,1093.491436767578,1082.3329711914062,1047.7374676513673,993.2487631225586,1090.466997231997,1079.0863888325066,1093.491436767578,1126.4945497855847,1060.4883237495715,0.06036281932955171,51.20600908630654,0.22001292394406846,2.6088556496067437,-2.388842725662675,32.555251600925985,33.21253989472887,24.1222372699573,-0.033142277487630906
2024-06-10,1088.8228833488845,1105.6039769227384,1087.9447765589168,1096.4329833984375,10851455,0.0,0.0,ICICIBANK.NS,0.001872128827091979,0.0018703785780400414,0.5972111156337703,1093.8207153320313,1082.9866528320313,1049.1428881835936,994.0826980590821,1091.0351863907058,1079.7666474429352,1093.8207153320313,1126.8021495691053,1060.8392810949574,0.06030500935806898,51.666762654703874,0.7421764927148615,2.2355198182283673,-1.4933433255135058,32.59357545747319,32.92790886743118,23.57921441690811,-0.0313321952736191
2024-06-11,1092.4816621333332,1101.5552346286859,1083.9447435857408,1090.9693603515625,12250002,0.0,0.0,ICICIBANK.NS,-0.004983088916150846,-0.00499554590380574,0.5892520706267026,1093.3426452636718,1083.6598510742188,1050.3639111328125,994.8566305541992,1091.0289172441207,1080.2059695177834,1093.3426452636718,1126.1914720583786,1060.493818468965,0.06008880553046566,50.30264119946297,0.7069765785513482,1.9298111702929637,-1.2228345917416155,31.914106516395528,32.92390356399595,23.549737217486992,-0.03615915307478334
2024-06-12,1093.701262866966,1105.7993202810974,1084.9204320321733,1092.28662109375,16096514,0.0,0.0,ICICIBANK.NS,0.0012074223072249257,0.0012066939591344685,0.5911709690285807,1093.2938659667968,1084.3584155273438,1051.6166436767578,995.6520281982422,1091.148698563133,1080.6797205599783,1093.2938659667968,1126.1460929419823,1060.4416389916114,0.06009770656882685,50.641004928353055,0.776422214084505,1.699133379051272,-0.922711164966767,31.60050426905647,29.813932234377262,23.533642272466185,-0.034995390135591165
2024-06-13,1094.872014336748,1095.8476622265855,1078.0909182705975,1080.3836669921875,12494254,0.0,0.0,ICICIBANK.NS,-0.010897280870879489,-0.01095709114587293,0.5738315320654868,1092.4645690917969,1084.6325732421874,1052.6298541259766,996.4115701293945,1090.123457461138,1080.6681106161434,1092.4645690917969,1125.7604812782486,1059.1686569053452,0.060955591839709215,47.494275141472706,-0.12754033272017296,1.333798636696983,-1.461338969417156,32.11271783433038,29.876339629536417,23.620137627136888,-0.045511316410977096
2024-06-14,1086.8716106071388,1086.8716106071388,1072.6758879821507,1078.7249755859375,11377979,0.0,0.0,ICICIBANK.NS,-0.0015352799722230248,-0.001536459722171839,0.5714152600346536,1091.2254943847656,1084.7496484375,1053.564524536133,997.1676968383789,1089.037887758738,1080.5919092424099,1091.2254943847656,1124.635487018687,1057.8155017508443,0.06123389309696786,47.05547894638924,-0.9666369094024958,0.8737115274770874,-1.8403484368795833,31.29735830517786,29.770160115485083,23.563042040366174,-0.04697672377060486
2024-06-18,1086.8228143148967,1107.4090780810202,1074.3833049204777,1095.506103515625,18306176,0.0,0.0,ICICIBANK.NS,0.015556447017992081,0.01543668593710483,0.595860898270647,1090.8523071289062,1085.56236328125,1054.6748107910157,997.9855331420898,1089.653908307013,1081.1767796060656,1090.8523071289062,1123.8744353408304,1057.830178916982,0.060543719798031144,51.897528372978115,-0.27436747612273393,0.6440957267571231,-0.918463202879857,32.945516403408114,30.13704371914977,23.6803821638407,-0.03215106766702899
2024-06-19,1100.4818894098034,1137.166342002539,1098.7257948267247,1116.580078125,34309514,0.0,0.0,ICICIBANK.NS,0.01923674778419371,0.019054060704020707,0.6265600718693363,1091.9986938476563,1086.874609375,1056.262188720703,998.9243496704102,1092.2183054325355,1082.565144253867,1091.9986938476563,1126.9647931153215,1057.0325945799912,0.06404055144876075,57.19222235397255,1.9522503390310249,0.9057266492119036,1.0465236898191213,33.938601105176836,30.651905967087906,23.870013787107318,-0.013532801862538362
2024-06-20,1125.9464849282854,1131.751542182319,1107.8481690931235,1128.6295166015625,15475933,0.0,0.0,ICICIBANK.NS,0.010791378704155585,0.010733567314835508,0.6441128975899368,1094.2280578613281,1088.3956469726563,1057.9251818847656,999.8509716796875,1095.6860398295858,1084.3715902282863,1094.2280578613281,1132.579875623067,1055.8762400995893,0.07009839948117871,59.90941778010359,4.635712376509218,1.6517237946713665,2.9839885818378518,33.96647848837714,30.55872914052493,23.91999688317604,-0.0028874607482097343
2024-06-21,1135.2151467086508,1141.410486972395,1122.629265145151,1130.4344482421875,69259425,0.0,0.0,ICICIBANK.NS,0.0015992242042897065,0.001597946806977037,0.6467422027303475,1095.4061584472656,1089.8639965820312,1059.4808532714844,1000.7763739013672,1098.9954120593575,1086.1779768170668,1095.4061584472656,1136.7261118776905,1054.0862050168407,0.07544225146405201,60.31576272695357,6.829294418497739,2.687237919436641,4.1420564990610975,33.95951126326736,30.445548137413798,23.918903234526148,-0.0012928542410375102
2024-06-24,1126.531878313925,1147.0204843368606,1124.580582502217,1141.6055908203125,12210295,0.0,0.0,ICICIBANK.NS,0.009882167511345852,0.0098336582168301,0.6630155850257315,1097.2672180175782,1091.48259765625,1060.857005004883,1001.7505584716797,1103.0535243223055,1088.351608738763,1097.2672180175782,1143.366346918671,1051.1680891164854,0.08402534614016756,62.82707519667524,9.361231387330918,4.022036613015497,5.339194774315421,31.942021082727347,30.454587495678965,23.94100288599069,0.0
2024-06-25,1141.7519447999034,1176.631356914064,1139.2152841020384,1168.77734375,27309845,0.0,0.0,ICICIBANK.NS,0.02380134886179297,0.023522512545647842,0.7025975991275277,1100.5917358398438,1093.2563232421876,1062.7961053466797,1002.8598699951172,1109.3129356963716,1091.5055591313603,1100.5917358398438,1156.7153168288635,1044.468154850824,0.10198801092431015,68.1127926763212,13.405809230382374,5.898791136488873,7.507018093893501,27.196200778181783,31.115140570760353,23.534250555546055,0.0
2024-06-26,1172.728745333667,1193.0709797006668,1164.7771913357117,1188.339111328125,25403461,0.0,0.0,ICICIBANK.NS,0.016736949670295154,0.01659843038502646,0.7310938894528904,1105.033380126953,1095.3754296875,1064.8259411621093,1004.0806497192383,1116.8392381374908,1095.3029533351548,1105.033380126953,1173.4987799516714,1036.5679803022347,0.12391553242826499,71.2790823598798,17.98234815375872,8.315502539942843,9.666845613815878,24.185633887129857,31.320334080317842,23.43408834537716,0.0
2024-06-27,1198.4370480300415,1204.9251302431871,1179.6558263643078,1190.19287109375,20516632,0.0,0.0,ICICIBANK.NS,0.0015599585572447783,0.0015587430857871656,0.7337943241791367,1110.7848266601563,1097.6291748046874,1066.8113848876953,1005.3538702392578,1123.8252984190394,1099.0241265805898,1110.7848266601563,1187.5127120075074,1034.0569413128053,0.13815076242633242,71.56720918321363,21.510906799772783,10.95458339190883,10.556323407863953,24.49923523252341,31.19747386364726,23.264930084193004,0.0
2024-06-28,1197.119858680918,1197.119858680918,1167.2162295895332,1170.3870849609375,12507092,0.0,0.0,ICICIBANK.NS,-0.01664082067187278,-0.016780834599298897,0.7049425637485609,1114.9752319335937,1099.9951196289062,1068.593892211914,1006.5287939453125,1128.2597542801725,1101.8226739680545,1114.9752319335937,1195.2108928361504,1034.739571031037,0.14392366503677706,64.16124696940716,22.4503597591347,13.253738665354003,9.196621093780696,24.913882055889385,31.71311753900542,23.19401617397945,-0.016640820671872787
2024-07-01,1170.3870597440186,1185.7535123666644,1163.0209904215824,1182.3387451171875,8636894,0.0,0.0,ICICIBANK.NS,0.010211715687762357,0.01015992837890598,0.7223529524735259,1119.4046630859375,1102.820595703125,1070.3861560058594,1007.7149374389649,1133.4101343598882,1104.980166954295,1119.4046630859375,1204.3496068594977,1034.4597193123773,0.15176807203819723,66.41951364385295,23.883962634243062,15.379783459131815,8.504179175111247,25.276262168836556,31.778949016444635,23.235124077897463,-0.006599036313622685
2024-07-02,1187.3634506753801,1187.3634506753801,1156.6793729867939,1161.6063232421875,16153925,0.0,0.0,ICICIBANK.NS,-0.017535094710057098,-0.017690655683362127,0.6921513303277562,1120.8974060058595,1105.4577734375,1072.0003656005858,1008.8040045166016,1136.095485682012,1107.2008005342125,1120.8974060058595,1207.7830264903012,1034.0117855214178,0.15502867616411897,59.42441655155926,23.081105447968866,16.920047856899224,6.161057591069643,26.210089786382355,32.298115082299226,23.427677319751574,-0.024018416296925353
2024-07-03,1167.70405183156,1186.24136013032,1150.7277562015904,1172.33837890625,22330897,0.0,0.0,ICICIBANK.NS,0.009238978343461435,0.009196560050669619,0.7077850798225138,1127.2464294433594,1108.0793383789062,1073.7331158447266,1009.9416094970703,1139.547189798606,1109.7552153723316,1127.2464294433594,1209.3144804878139,1045.178378398905,0.14560800354006026,61.67452360033837,23.045172144768003,18.14507271447298,4.900099430295022,27.255426620654166,32.21083287982264,23.447539553684845,-0.015001343581475396
2024-07-04,1199.0711636260962,1204.8762204814082,1184.729188396717,1202.9737548828125,15275791,0.0,0.0,ICICIBANK.NS,0.026131854529188203,0.02579625167780896,0.7524126710955539,1133.312518310547,1110.93505859375,1075.7770977783202,1011.2855639648437,1145.5878150447209,1113.4108443727428,1133.312518310547,1219.0438720929587,1047.581164528135,0.1512934030062835,67.25650540418806,25.19824388375514,19.555706948329416,5.642536935425724,28.31121930773775,32.731165148574284,23.60278665541538,0.0
2024-07-05,1195.1685483777583,1212.339925743088,1191.1195862106667,1203.364013671875,9535575,0.0,0.0,ICICIBANK.NS,0.000324411723430007,0.0003243591133247733,0.7529811743103445,1139.3127563476562,1113.7283374023436,1077.796688232422,1012.5917123413086,1151.090310152069,1116.9384196393755,1139.3127563476562,1227.0968035755184,1051.528709119794,0.1540999988611999,67.32179938547664,26.629095732131645,20.970384705089863,5.658711027041782,28.812977658268697,32.32391205876007,23.59947119515519,0.0
2024-07-08,1198.9736190942626,1209.3154620742414,1187.2658453589734,1204.973876953125,6617190,0.0,0.0,ICICIBANK.NS,0.0013378024130352717,0.0013369083526823433,0.7553263167553423,1144.8422424316407,1116.4269799804688,1079.873842163086,1013.8820065307617,1156.2220784188362,1120.3907905144245,1144.8422424316407,1234.619726702137,1055.0647581611443,0.15683817550234586,67.60874322595447,27.575090168741326,22.291325797820157,5.283764370921169,28.028966483606236,32.29006324446245,23.59887475870106,0.0
2024-07-09,1204.8762530735444,1219.7548826422453,1199.3639380524303,1217.8524169921875,13366874,0.0,0.0,ICICIBANK.NS,0.01068781679452413,0.01063110580056154,0.7740869228434302,1150.9132141113282,1119.0514721679688,1082.4002819824218,1015.1991311645507,1162.091634473441,1124.21281508218,1150.9132141113282,1243.2910190620817,1058.5354091605748,0.16052957567627285,69.88676809909778,29.02935578266306,23.63893179478874,5.390423987874321,26.50973120524202,32.32628885462112,23.603686364612358,0.0
2024-07-10,1222.2429000724055,1222.2429000724055,1206.2422507799674,1212.9254150390625,18226503,0.0,0.0,ICICIBANK.NS,-0.004045647801310448,-0.004053853573630658,0.7669095919846951,1157.0110168457031,1121.6915747070314,1084.668663330078,1016.431862487793,1166.932946908262,1127.6917405706854,1157.0110168457031,1248.8271523641222,1065.194881327284,0.15871263830958576,67.91878503560564,29.44488161175218,24.80012175818143,4.644759853570751,25.945250934045053,32.354085468319944,23.61862667980833,-0.0040456478013104
2024-07-11,1215.998657353838,1227.1698965417374,1195.2174298923792,1208.291015625,11307116,0.0,0.0,ICICIBANK.NS,-0.0038208445108005584,-0.0038281625839489235,0.7601585051690796,1162.8112365722657,1123.2194384765626,1087.0331451416016,1017.6448364257812,1170.8718105955704,1130.8524964551684,1162.8112365722657,1252.0312519265276,1073.5912212180037,0.15345571585163667,66.03514908080382,29.065186150096224,25.65313463656439,3.4120515135318357,26.886054135624654,31.51827717758364,23.594051949487643,-0.007851034520916697
2024-07-12,1205.8031641621653,1222.389177096727,1200.144359168967,1202.876220703125,12208290,0.0,0.0,ICICIBANK.NS,-0.004481366534927145,-0.0044914379583609314,0.7522705897478474,1168.9358642578125,1124.8292578125,1089.1122509765626,1018.8409805297852,1173.9198496534327,1133.676956229598,1168.9358642578125,1250.8494006430774,1087.0223278725475,0.14015060858325867,63.80846504003171,28.00452730574193,26.1234131703999,1.881114135342031,26.87211957084727,31.55049802305169,23.60918617002016,-0.012297217692477241
2024-07-15,1203.071361476852,1208.2910537479374,1194.241819735426,1199.998046875,15612671,0.0,0.0,ICICIBANK.NS,-0.0023927431423015344,-0.0023956103267110634,0.7480778563107715,1174.9995178222657,1126.5951806640626,1091.1342810058593,1019.9995620727539,1176.4034874840581,1136.2777833137316,1174.9995178222657,1246.0268323871126,1103.9722032574189,0.12089760631815114,62.60015459503339,26.62478896212974,26.22368832874587,0.4011006333838729,25.203059656596256,31.583600626070158,23.483750814990305,-0.014660536751475722
2024-07-16,1200.0467517768816,1214.6814682619654,1199.0711040112092,1209.7056884765625,12320605,0.0,0.0,ICICIBANK.NS,0.008089714501488432,0.008057168170326348,0.7622193070946996,1180.7094970703124,1128.504521484375,1093.3124139404297,1021.2176577758789,1179.5751256738204,1139.1573090063916,1180.7094970703124,1242.603150041382,1118.815844099243,0.10484145867318909,65.0070757633741,26.0147797441864,26.181906611833973,-0.16712686764757478,24.297100791296334,30.191058030564445,23.497914524140715,-0.006689421806745292
2024-07-18,1204.8275385430438,1225.8526779859858,1201.7053940039573,1219.8525390625,10999632,0.0,0.0,ICICIBANK.NS,0.008387867133795135,0.008352884460152544,0.7770005685032184,1185.8731201171875,1130.5338696289064,1095.527622680664,1022.5013665771485,1183.4110698060756,1142.3218278321212,1185.8731201171875,1242.2230617390207,1129.5231784953542,0.0950353636757781,67.37081975038959,26.049822942178025,26.155489877902788,-0.10566693572476282,24.216956512949846,18.84365804600075,22.93150230003032,0.0
2024-07-19,1213.706011208785,1220.0477226821429,1210.0473315126171,1218.2427978515625,7958817,0.0,0.0,ICICIBANK.NS,-0.0013196195108752251,-0.001320490975454109,0.7746556038821852,1190.3537841796874,1132.8120092773438,1097.5267266845703,1023.9128857421875,1186.7283772389792,1145.2991207740602,1190.3537841796874,1241.5545027356595,1139.1530656237153,0.08602605248364249,66.60218824893231,25.65200195577563,26.05479229347736,-0.40279033770172745,22.795296661388484,16.71707508621496,22.929775568833932,-0.0013196195108751778
2024-07-22,1209.8032741772045,1214.974255165563,1202.8761986042646,1210.92529296875,9958965,0.0,0.0,ICICIBANK.NS,-0.006006606315027918,-0.006024718539830053,0.7639959463249069,1194.3783264160156,1135.1174658203124,1099.4038720703124,1025.3317218017578,1189.0328454037192,1147.872696154244,1194.3783264160156,1237.8127557828445,1150.9438970491867,0.07273144263620905,63.07910033868985,24.464255756908187,25.736684986163528,-1.2724292292553407,22.26915932583248,16.956378971443023,22.946517132746784,-0.007318299391015659
2024-07-23,1210.9253291470568,1218.2426878788428,1182.972994972106,1196.8759765625,19369832,0.0,0.0,ICICIBANK.NS,-0.011602133086018984,-0.01166996299022425,0.7435298305924474,1197.141845703125,1137.2843798828126,1101.1093041992187,1026.6507977294923,1189.7798102759841,1149.7943934251562,1197.141845703125,1232.7704761641232,1161.5132152421268,0.05952282194274522,56.86011450484395,22.134147246676775,25.01617743826618,-2.882030191589404,22.596703269986083,17.41037826663858,23.022585194394804,-0.018835524593536778
2024-07-24,1195.1685807983697,1203.6079582700647,1172.777510944099,1193.21728515625,20122521,0.0,0.0,ICICIBANK.NS,-0.0030568676102581405,-0.003061549373506191,0.7382000907257904,1198.3638427734375,1139.35177734375,1102.6732678222656,1027.9888986206054,1190.1071888360093,1151.4972519244147,1198.3638427734375,1231.4844783608437,1165.2432071860312,0.055276426749914925,55.33025338935539,19.764461239054754,23.965834198423895,-4.201372959369142,22.262192084074382,17.49765706700144,22.97656952157107,-0.021834814498742725
2024-07-25,1176.143415035895,1188.5829244027202,1161.6062390935692,1168.728515625,14154461,0.0,0.0,ICICIBANK.NS,-0.02052331108163863,-0.020736840841066657,0.7025264695416926,1197.3833129882812,1140.715732421875,1104.0060021972656,1029.2318740844726,1188.071124720675,1152.1729877558103,1197.3833129882812,1232.832808522048,1161.9338174545144,0.059211607760419435,46.34252678809339,15.729113535558326,22.31849006585078,-6.589376530292455,22.19599240461171,18.646612999158002,23.210205531703856,-0.04191000289001376
2024-07-26,1161.020907069825,1190.2903417018374,1157.0694857554495,1177.802001953125,19309265,0.0,0.0,ICICIBANK.NS,0.007763553474412044,0.007733572167478353,0.7157441248295815,1196.76376953125,1142.4065283203124,1105.4987426757812,1030.5226559448242,1187.0931130285273,1153.1780471360971,1196.76376953125,1233.1627735370196,1160.3647655254806,0.060829054041344,49.60866788149461,13.112078050041873,20.477207662689,-7.365129612647127,23.05317214846647,18.707986542346084,23.229849032498944,-0.034471819964151024
2024-07-29,1185.5583771757993,1212.486231027865,1174.826252016832,1183.16796875,28458261,0.0,0.0,ICICIBANK.NS,0.004555915839824287,0.004545569069362516,0.7235609106649781,1197.402813720703,1144.1304956054687,1106.9866052246093,1031.7948999023438,1186.7192897639056,1154.354122493505,1197.402813720703,1232.268463685124,1162.537163756282,0.05823545688202045,51.48928704424084,11.340323063133837,18.64983074277797,-7.309507679644131,24.168198026735386,18.271439388960058,23.219396022650297,-0.03007295483492898
2024-07-30,1183.4607897362628,1200.876079269409,1175.0702424166864,1179.9971923828125,23972277,0.0,0.0,ICICIBANK.NS,-0.002679903826789176,-0.002683501197558773,0.7189419331847828,1197.2857360839844,1145.6603100585937,1108.5793505859374,1033.1078778076171,1186.0790900133252,1155.3597330773994,1197.2857360839844,1232.3793543317017,1162.192117836267,0.05862195997172674,50.29482962055694,9.570022060474457,16.833869006317265,-7.263846945842808,24.554976045514504,18.299650160439747,23.227566298854338,-0.03267226603497317
2024-07-31,1189.3148299701952,1194.827264609521,1181.509646508537,1185.314697265625,22297629,0.0,0.0,ICICIBANK.NS,0.004506370792352943,0.004496247504958018,0.7266881229062374,1198.4711547851562,1147.30720703125,1110.1667309570312,1034.4974450683594,1186.0062907040206,1156.534437555369,1198.4711547851562,1229.9006100205406,1167.0416995497717,0.05244924771012727,52.29357572371963,8.498162438666668,15.166727692787147,-6.6685652541204785,24.471363397962396,17.92023219130484,23.221922770764607,-0.028313128588000117
2024-08-01,1182.97292613369,1192.875774860644,1177.5093224180825,1180.63134765625,8725046,0.0,0.0,ICICIBANK.NS,-0.003951144468366863,-0.003958970861948521,0.7198657286808217,1198.8858032226562,1149.046787109375,1111.3687280273436,1035.8109106445313,1185.4943913661377,1157.4794144220702,1198.8858032226562,1229.0572386318463,1168.7143678134662,0.05033245923521314,50.37233616162549,7.187940687058926,13.570970291641503,-6.3830296045825765,23.28664809747691,17.309628784000708,23.239061567466514,-0.032152403794964333
2024-08-02,1167.8504929230744,1172.3872793090957,1161.118498843589,1167.4114990234375,10735395,0.0,0.0,ICICIBANK.NS,-0.011197270561260408,-0.011260431927808129,0.7006079267877432,1197.1076904296874,1150.7141723632812,1112.3853552246094,1037.037056274414,1183.7722111430235,1157.8689079358494,1197.1076904296874,1230.3046638762337,1163.9107169831411,0.05546196672520018,45.311773258208156,5.0249249999958465,11.861761233312373,-6.836836233316527,23.091507446398413,17.50226553007811,23.33279226182487,-0.0429896551917376
2024-08-05,1153.2156685567127,1159.9476620150213,1138.5809519506631,1144.0445556640625,14306771,0.0,0.0,ICICIBANK.NS,-0.02001602980519024,-0.02021906439536739,0.6665685078382169,1194.1417175292968,1151.4576147460937,1113.2102648925782,1038.1785635375977,1179.9886249069318,1157.3267764742109,1194.1417175292968,1234.7562087317915,1153.527226326802,0.06802289980543837,38.037651919350836,1.4089608176461752,9.771201150179134,-8.36224033253296,24.14731552213147,18.54780801007019,23.601393975498716,-0.06214520277729522
2024-08-06,1146.3862463365044,1158.776926636575,1133.215000102,1138.4346923828125,13575619,0.0,0.0,ICICIBANK.NS,-0.004903535665176761,-0.004915597442578277,0.6583964297215716,1190.8147583007812,1152.1386206054688,1113.8907800292968,1039.2305557250977,1176.0311075236823,1156.5859104314109,1190.8147583007812,1238.054046305136,1143.5754702964266,0.07933943995078156,36.52180022354458,-1.8876265478577352,7.439435610571761,-9.327062158429495,24.858141399547094,18.389831468470845,23.614890862854846,-0.06674400722423385
2024-08-07,1150.2400266838533,1151.069422664435,1133.312559694185,1143.8983154296875,15753644,0.0,0.0,ICICIBANK.NS,0.00479924152297162,0.004787761877781802,0.6663554747286393,1187.1170532226563,1152.9708471679687,1114.7152026367187,1040.3005975341796,1172.9708416099684,1156.0883576862452,1187.1170532226563,1236.951560904045,1137.2825455412676,0.08395887759526895,39.06861408581815,-4.013066929651359,5.148935102527137,-9.162002032178496,24.401682755848633,17.024156161413615,23.595106118578645,-0.0622650863121423
2024-08-08,1138.5322506611303,1145.8008988559393,1130.6783566530576,1136.239501953125,10806438,0.0,0.0,ICICIBANK.NS,-0.0066953621429939325,-0.006717876631481459,0.6551986213663705,1183.2827575683593,1153.7055126953126,1115.5532849121093,1041.3267352294922,1169.4726187855072,1155.3099711869072,1183.2827575683593,1236.4457412486702,1130.1197738880485,0.08985677064974822,36.837468892378936,-6.2435245211568144,2.8704431777903467,-9.11396769894716,24.76755068680263,16.281634415086323,23.600719151979096,-0.0685435611534117
2024-08-09,1147.8984979263976,1152.1912530849597,1140.5323091971482,1143.0689697265625,8687307,0.0,0.0,ICICIBANK.NS,0.006010588226952107,0.005992596698652383,0.6651473387132225,1180.0216552734375,1155.06361328125,1116.4777111816406,1042.4014111328124,1166.9579855417983,1154.8299319139526,1180.0216552734375,1234.705393755955,1125.3379167909202,0.09268260160843557,40.12131024222638,-7.375081905553088,0.8213381611216595,-8.196420066674747,24.80934724998383,16.403591646673366,23.615631122419504,-0.06294496004816155
2024-08-12,1152.3189994398172,1159.4533399572713,1137.5582949209468,1154.09033203125,10860455,10.0,0.0,ICICIBANK.NS,0.009641904903886944,0.009595718385486457,0.6812025310040559,1177.5823608398437,1156.4138403320312,1117.4430810546876,1043.5307055664061,1165.7324947312698,1154.800927996984,1177.5823608398437,1232.325930855829,1122.8387908238583,0.09297620588838072,45.083345196312166,-7.298386203432074,-0.8026067117890873,-6.4957794916429865,23.8540152592401,16.03132295779763,23.623834694182975,-0.05390996446323799
2024-08-13,1164.3243778306348,1170.2779103089574,1145.0370803987933,1149.7113037109375,13117927,0.0,0.0,ICICIBANK.NS,-0.003794354912067588,-0.003801571737916713,0.6748234519223602,1175.0680236816406,1157.5330639648437,1118.3680749511718,1044.625909423828,1164.2066670150477,1154.6013348877275,1175.0680236816406,1230.095237416216,1120.0408099470653,0.09365792043624487,43.53951931042484,-7.504448682269185,-2.1429751058851068,-5.361473576384078,23.454756872397134,15.735539554694128,23.622982060835472,-0.05749976583683511
2024-08-14,1148.3827912230433,1151.3841824712085,1134.6061339161688,1143.1181640625,13431801,0.0,0.0,ICICIBANK.NS,-0.005734604528247034,-0.0057511105065487155,0.6652190017709518,1171.7386474609375,1157.7603979492187,1119.258846435547,1045.7376620483399,1162.198238162424,1154.1510144632089,1171.7386474609375,1225.9939959355127,1117.4832989863623,0.09260656989020903,41.24919557989071,-8.106321323600469,-3.335644349428179,-4.770676974172289,22.395257050422774,15.005242653395975,23.4609728091874,-0.06290463194754105
2024-08-16,1151.33488320732,1173.9679621079767,1147.0543031789523,1168.3096923828125,10961370,0.0,0.0,ICICIBANK.NS,0.022037554044968433,0.021798236747277475,0.7019163555191876,1169.1615051269532,1160.21943359375,1120.3932397460937,1047.0143981933593,1162.7802814215088,1154.7062567345658,1169.1615051269532,1218.464609324415,1119.8584009294914,0.08433925335594805,51.70311778288449,-6.475913625888097,-3.9636982047201634,-2.5122154211679337,22.225895771786263,16.14188255204565,23.70889589689326,-0.04225334212879534
2024-08-19,1171.9999545311712,1176.67417769156,1154.58237101426,1157.140869140625,6686394,0.0,0.0,ICICIBANK.NS,-0.009559813904657655,-0.00960580225366676,0.6856463518791309,1166.1064086914062,1161.7292114257812,1121.3891149902345,1048.2499249267578,1162.2431945376152,1154.801731730882,1166.1064086914062,1209.8644311282958,1122.3483862545165,0.07504979324484544,47.654498535704015,-6.0156893506937195,-4.374096433914875,-1.6415929167788441,21.113883462233925,14.32026701823276,23.778212246090018,-0.05140922194585187
2024-08-20,1155.4679086606573,1170.8191375512558,1151.3349594196018,1160.6341552734375,10427061,0.0,0.0,ICICIBANK.NS,0.003018894437119668,0.003014346725716648,0.6907351402737698,1163.5918518066405,1163.2747094726562,1122.4145568847657,1049.5165771484376,1162.0899527029317,1155.0304542227468,1163.5918518066405,1201.952700129158,1125.231003484123,0.06593523023207307,48.99966085203698,-5.307893211662531,-4.560855789464407,-0.7470374221981242,20.662336410729022,14.367300981486355,23.77470067859621,-0.04854552652288115
2024-08-21,1158.223268928432,1159.846970432822,1146.513086110094,1156.1075439453125,17234142,0.0,0.0,ICICIBANK.NS,-0.0039001190061123125,-0.003907744303077519,0.6841410720188861,1161.5534301757812,1164.5091772460937,1123.42107421875,1050.8281600952148,1161.5201994879203,1155.0726930353965,1161.5534301757812,1196.6621737189553,1126.444686632607,0.06045136216912727,47.30332920434704,-5.053960465529599,-4.659476724677445,-0.394483740852154,20.611693334774372,14.368221631069874,23.78635926196506,-0.0522563121983398
2024-08-22,1163.1435847596479,1173.5744592109102,1157.829706794536,1172.098388671875,8564142,0.0,0.0,ICICIBANK.NS,0.013831623892006206,0.013736839992379192,0.7074354779081315,1160.4974853515625,1166.0224853515624,1124.5045690917968,1052.2560397338866,1162.5276460768685,1155.7403673740819,1160.4974853515625,1192.7506270039453,1128.2443436991798,0.05558502635205958,53.43601500468751,-3.5217923760922076,-4.431939854960397,0.9101474788681898,20.76172639356267,14.623520115472846,23.70622787423344,-0.039147477962644374
2024-08-23,1173.968043848346,1185.7766075752363,1169.589082848793,1184.300537109375,7518309,0.0,0.0,ICICIBANK.NS,0.010410515495483663,0.010356699259969019,0.7252107614084327,1161.2760864257812,1167.8891088867188,1125.7744799804686,1053.7249295043946,1164.601254746631,1156.860374030368,1161.2760864257812,1195.0803853320895,1127.4717875194729,0.05821922848743478,57.50046081863312,-1.3078506372046377,-3.8071220114092457,2.499271374204608,20.52420324454712,14.977960324776909,23.757651107003415,-0.029144507893099914
2024-08-26,1186.3178499958535,1195.5677952382332,1181.889638715724,1193.9442138671875,10920226,0.0,0.0,ICICIBANK.NS,0.008142930325228726,0.008109955554648482,0.7392590324349164,1162.0831970214845,1169.9222607421875,1127.1403381347657,1055.1827670288085,1167.3958222819222,1158.3146422592629,1162.0831970214845,1198.2379596336814,1125.9284344092875,0.06222405195232936,60.43949129486934,1.2109195336263383,-2.803513702402129,4.014433236028467,19.441889633813894,15.165193207192415,23.76723101723189,-0.021238899265007858
2024-08-27,1193.9442695051366,1212.8379237983015,1189.6144386937667,1206.7860107421875,16295325,0.0,0.0,ICICIBANK.NS,0.010755776296620612,0.010698344384269101,0.7579661135096631,1163.2640991210938,1172.4503076171875,1128.5414404296876,1056.751400756836,1171.1472688019473,1160.2154802389855,1163.2640991210938,1203.617605309756,1122.9105929324314,0.06937978438284391,64.00879939226661,4.194932158538222,-1.4038245302140586,5.598756688752281,19.27485810309674,15.445242637603842,23.443462063276694,-0.01071156381766815
2024-08-28,1203.1451193533376,1206.8352956977394,1197.8804917932434,1204.325927734375,12291305,0.0,0.0,ICICIBANK.NS,-0.0020385412044174878,-0.0020406218576843682,0.754382427151304,1164.480535888672,1174.9623266601564,1129.8559875488281,1058.3140759277344,1174.3071410812263,1161.9453017093929,1164.480535888672,1208.2776973778853,1120.6833743994587,0.07522180086211495,62.83913566799481,6.288782355113199,0.13469684685139294,6.154085508261806,18.646139598400023,15.440508043344343,23.36237889049717,-0.01272826905787953
2024-08-29,1199.504093644897,1215.2980967161698,1197.5852499624118,1202.4071044921875,10806748,0.0,0.0,ICICIBANK.NS,-0.0015932757055203695,-0.0015945463190617406,0.751587212251932,1165.33515625,1177.1003466796874,1131.3313549804689,1059.8383752441407,1176.9833280727464,1163.5320390734241,1165.33515625,1211.4498045459918,1119.220507954008,0.07914400942710229,61.889174350634306,7.704527722225748,1.6486630219262641,6.055864700299484,18.831161352034037,15.262714532737462,23.272115648321737,-0.014301265121536687
2024-08-30,1210.3777397050092,1215.8392482869917,1199.4548426639624,1209.5904541015625,21211148,0.0,0.0,ICICIBANK.NS,0.005974141023067814,0.0059563665987332195,0.7620514412721273,1166.7831115722656,1178.9605541992187,1132.9175817871094,1061.3310278320312,1180.0887686469193,1165.338251427469,1166.7831115722656,1216.5907207236426,1116.9755024208887,0.08537595146412447,64.07848352891463,9.2989597852727,3.1787223745955515,6.120237410677149,18.862065244262226,15.160981866104853,23.22916426387499,-0.008412561873113185
2024-09-02,1219.2341641068904,1219.4309254466023,1202.997389524353,1210.3284912109375,12516759,0.0,0.0,ICICIBANK.NS,0.0006101545418719656,0.0006099684732727023,0.7631265649620316,1168.9289611816407,1180.5945336914062,1134.4950903320312,1062.7705389404298,1182.968742224445,1167.1025745562326,1168.9289611816407,1222.412853435986,1115.4450689272953,0.09150922601879909,64.30536423942704,10.501062398546992,4.64319037938584,5.857872019161152,18.471957450399714,15.159328802726746,23.063301002484817,-0.007807540294076913
2024-09-03,1207.6224463883482,1230.9935629487222,1200.930998773239,1227.79541015625,19114907,0.0,0.0,ICICIBANK.NS,0.014431552320012475,0.014328408633508179,0.7885712182310851,1173.11650390625,1182.5417529296874,1136.2028747558593,1064.2844577026367,1187.2379486941406,1169.4826857562332,1173.11650390625,1231.3046142240833,1114.9283935884168,0.09920261137590018,69.2546756357239,12.716582910014495,6.257868885511571,6.458714024502924,18.816367040779646,15.626035792114601,23.161813264716038,0.0
2024-09-04,1220.070629288316,1223.859186152754,1213.1331701237295,1216.62646484375,13505843,0.0,0.0,ICICIBANK.NS,-0.009096747894731583,-0.00913837595146265,0.772301036767064,1177.0260925292969,1184.0421704101564,1137.762384033203,1065.802777709961,1190.0368549941034,1171.3314614067242,1177.0260925292969,1235.9058233861217,1118.146361672472,0.10004830178454058,63.21844054044969,13.416501258343487,7.689595360077955,5.7269058982655325,18.665237860599696,15.473435823914281,23.220379690125238,-0.009096747894731609
2024-09-05,1218.2502546691317,1224.9909529744998,1211.65718744667,1216.23291015625,9142811,0.0,0.0,ICICIBANK.NS,-0.0003234802947924553,-0.0003235326258286918,0.7717277323052296,1180.642822265625,1184.9912817382813,1139.1238024902343,1067.3113250732422,1192.5317173904984,1173.0923025341565,1180.642822265625,1239.840116132608,1121.445528398642,0.10027976751408164,63.01003733629017,13.780581057509153,8.907792499564195,4.872788557944958,17.414092680767776,15.437668318498341,23.101563818583866,-0.009417285570833458
2024-09-06,1206.3923063523205,1214.21555165295,1185.7765708665058,1188.8763427734375,10170479,0.0,0.0,ICICIBANK.NS,-0.022492868885859996,-0.02274969189179425,0.7318764927210459,1183.2746643066407,1185.0020263671875,1140.1887280273438,1068.6769912719726,1192.1835864745879,1173.7112845043243,1183.2746643066407,1238.7214092828635,1127.827919330418,0.09371745487124539,50.53840403796454,11.72649482908082,9.47153296546752,2.2549618636132998,18.01155929594235,15.681396661020663,23.419204467380357,-0.03169833268708802
2024-09-09,1183.710090812365,1218.5453765912819,1181.299103730193,1215.2979736328125,13863250,0.0,0.0,ICICIBANK.NS,0.022224036183391416,0.021980681244431505,0.7703657785604434,1186.8861145019532,1185.5041284179688,1141.566651611328,1070.1950103759766,1194.384956680133,1175.3421350583828,1186.8861145019532,1240.6913485917903,1133.0808804121161,0.09066621208626253,58.9826987131304,12.09124118785121,9.99547460994426,2.09576657790695,19.28028034804483,16.775905184295333,22.38123024471163,-0.010178761396287568
2024-09-10,1217.216888818786,1221.5467196441462,1207.4256692162026,1217.5614013671875,15545130,0.0,0.0,ICICIBANK.NS,0.0018624467278662848,0.0018607145243835458,0.7736629905118497,1190.05966796875,1186.4476147460937,1143.2213671875,1071.6919064331055,1196.5922371265192,1176.9977925606888,1190.05966796875,1243.2034576593253,1136.915878278175,0.08931281535031521,59.61871333946584,12.419777542475003,10.480335196450408,1.9394423460245953,19.28027900980198,16.74581309928454,22.326381385992757,-0.008335272069277498
2024-09-11,1211.8538609951502,1219.5294755207808,1206.83524540051,1216.62646484375,11993242,0.0,0.0,ICICIBANK.NS,-0.0007678762831900832,-0.0007681712511921812,0.7723010367670637,1193.4054260253906,1187.133369140625,1144.976982421875,1073.2090069580079,1198.5002588138746,1178.5518581404167,1193.4054260253906,1244.228480421384,1142.5823716293974,0.08517315790201874,59.21030229788991,12.461060062974866,10.8764801697553,1.5845798932195656,18.939372927992913,16.718355690964568,22.257517204490306,-0.009096747894731609
2024-09-12,1218.2502705064035,1236.9471648033514,1206.7860981365827,1232.174560546875,15376442,0.0,0.0,ICICIBANK.NS,0.012779679016041934,0.01269870804381087,0.7949504751367451,1197.8582458496094,1188.5447338867189,1147.0012536621093,1074.872875061035,1201.7073351693982,1180.6547092151798,1197.8582458496094,1245.6447305370891,1150.0717611621296,0.07978654378020505,63.66775617957762,13.591701466316863,11.419524429067613,2.1721770372492504,19.93748306658758,17.03495052724753,22.342440694072632,0.0
2024-09-13,1232.0267776590285,1235.9137150505585,1222.2355585854264,1230.403076171875,9877288,0.0,0.0,ICICIBANK.NS,-0.001437689457095881,-0.0014387239241972466,0.7923698937626318,1200.9629150390624,1189.7060278320312,1148.8926831054687,1076.529836730957,1204.4402628839198,1182.6056255664228,1200.9629150390624,1248.7345717260514,1153.1912583520734,0.07955559008320448,62.82536043380633,14.181325447951622,11.971884632844414,2.2094408151072074,19.937483062489214,16.982492415315452,22.34275042010456,-0.0014376894570958872
2024-09-16,1231.042802375231,1245.4098646133787,1224.8432581989914,1242.7037353515625,8973335,0.0,0.0,ICICIBANK.NS,0.009997259774380707,0.009947617754815067,0.810288681202356,1205.2410583496094,1190.5006274414063,1150.7178430175782,1078.2256182861329,1208.0844031189333,1184.9624141854479,1205.2410583496094,1251.798317464464,1158.6837992347548,0.07725800376998027,66.17227870243094,15.462920177834803,12.670091741842493,2.792828435992311,19.74770601319296,16.7217429291567,22.269203228625347,0.0
2024-09-17,1239.849987924078,1251.9538142521255,1238.3247871252927,1247.8699951171875,11513121,0.0,0.0,ICICIBANK.NS,0.004157273868790279,0.00414865628130507,0.8178145470316853,1209.602850341797,1191.3907470703125,1152.559542236328,1079.9635729980469,1211.873507118767,1187.4293781435554,1209.602850341797,1254.8924288981125,1164.3132717854814,0.07488338597006126,67.49591545291051,16.70292628451284,13.476658650376564,3.2262676341362777,20.08157910050274,15.350072625066332,22.21823863654041,0.0
2024-09-18,1241.8672616672682,1274.6852037097235,1241.8672616672682,1267.796875,12466597,0.0,0.0,ICICIBANK.NS,0.01596871465840577,0.015842556023137052,0.8468427088351334,1215.1873168945312,1192.64720703125,1154.5370935058593,1081.7999426269532,1217.199542155075,1190.5810446869455,1215.1873168945312,1260.2463764158315,1170.128257373231,0.07415985814672721,72.04031127670507,19.07370295379269,14.59606751105979,4.4776354427329,21.160514478266837,15.612479952255354,22.305817585854474,0.0
2024-09-19,1267.7968764476732,1279.2610475522447,1264.8447355687065,1271.388671875,13172268,0.0,0.0,ICICIBANK.NS,0.002833101221360934,0.0028290955539530213,0.8520750011691958,1220.1518310546876,1193.7179321289063,1156.3847021484376,1083.6230505371093,1222.3604116522108,1193.7499712433398,1220.1518310546876,1267.0627725745271,1173.240889534848,0.07689361327973447,72.7790628761968,21.000310032814923,15.876916015410817,5.123394017404106,21.019936361160326,15.610200437642465,22.306266974663117,0.0
2024-09-20,1274.340862241716,1340.616403523679,1270.9459481482343,1317.09765625,73257767,0.0,0.0,ICICIBANK.NS,0.0359520148213921,0.03532082502462266,0.9186608290615605,1226.7916870117188,1195.801376953125,1158.7464758300782,1085.6937283325196,1231.3830063758096,1198.5871353612479,1226.7916870117188,1287.8084182210025,1165.774955802435,0.09947366265239603,80.01561111073806,25.91674099891111,17.884881012110878,8.031859986800232,24.822573464960005,17.89789191636325,22.990164960172827,0.0
2024-09-23,1309.7664484410157,1310.553734024932,1287.62539277616,1300.8116455078125,11380409,0.0,0.0,ICICIBANK.NS,-0.012365074575074853,-0.01244215819864863,0.8949364448259394,1232.13505859375,1197.6517895507814,1160.435614013672,1087.6141931152345,1237.9952577217146,1202.5959396807211,1232.13505859375,1299.4339401547584,1164.8361770327417,0.1092394556775575,72.60904440512616,28.174129178112253,19.94273064531115,8.231398532801101,24.780409129128348,18.586566516423645,23.072003243074857,-0.012365074575074813
2024-09-24,1299.9260678444703,1310.1601805182468,1294.4645590257803,1297.5643310546875,13886037,0.0,0.0,ICICIBANK.NS,-0.002496375600832934,-0.0024994967418453615,0.8902059717199469,1236.673974609375,1199.5455517578125,1162.1874047851563,1089.541105041504,1243.6685028010454,1206.3201903228376,1236.673974609375,1308.8430636737617,1164.5048855449882,0.1167148182077376,71.19396853207661,29.362620425634532,21.826708601375827,7.535911824258704,24.854222090553062,18.621100524542967,23.083264135428742,-0.014830582305436017
2024-09-25,1289.8395992053097,1306.568398126912,1289.1999446337225,1302.7305908203125,8728019,0.0,0.0,ICICIBANK.NS,0.003981505688759102,0.003973600471149594,0.8977318375492762,1241.5942077636719,1201.6002026367187,1164.0976916503905,1091.436528930664,1249.293463564785,1210.1009903423464,1241.5942077636719,1317.783306653183,1165.4051088741608,0.12272785812482324,72.12474300163652,30.371281066100437,23.53562309432075,6.8356579717796855,25.142414088078745,18.47481423745917,23.075967351551256,-0.010908124664493722
2024-09-26,1298.9419832399822,1312.0789860913483,1295.8914616978661,1307.84765625,11100869,0.0,0.0,ICICIBANK.NS,0.00392795368877108,0.0039202594205851714,0.9051860403208762,1246.8662353515624,1203.5630419921874,1166.0337817382813,1093.1404565429686,1254.8700533443293,1213.9341929269603,1246.8662353515624,1326.1667352854085,1167.5657354177163,0.12719969101013762,73.05348079636275,31.223629738165982,25.073224423089798,6.150405315076185,24.12321302406003,18.232204960454432,23.074584507283678,-0.007023017584236173
2024-09-27,1311.7346011418329,1311.7346011418329,1283.0496081575457,1285.7557373046875,17117379,0.0,0.0,ICICIBANK.NS,-0.016891813690790847,-0.017036107607808448,0.8730039926814805,1250.6744995117188,1204.8811059570312,1167.7074877929688,1094.625383605957,1257.8115470548396,1216.7507240790283,1250.6744995117188,1329.7528165910128,1171.5961824324247,0.12645707114068025,63.254853326317,29.77328112106261,26.01323576268436,3.7600453583782496,23.511693032859917,18.479002139110364,23.225615104495567,-0.023796199770446978
2024-09-30,1271.4871691598821,1276.1122623682022,1250.625419751032,1252.69189453125,12622212,0.0,0.0,ICICIBANK.NS,-0.02571549308638421,-0.026051916438934695,0.8248387714569099,1252.7926696777345,1205.570087890625,1169.1910485839844,1095.9947497558594,1257.323961100212,1218.1601817438213,1252.7926696777345,1329.5562749553146,1176.0290644001543,0.12254797962272025,52.010809800693146,25.660099947717754,25.94260859969104,-0.2825086519732878,25.012354970410765,19.985038731399452,23.615773971389405,-0.04889976184615202
2024-10-01,1249.542987688833,1259.8262312755362,1247.3780121127852,1254.069580078125,10972413,0.0,0.0,ICICIBANK.NS,0.0010997800439911387,0.0010991757289537205,0.8268456927212595,1254.106378173828,1206.4329736328125,1170.7752197265625,1097.391736755371,1257.0140200504895,1219.5683934432059,1254.106378173828,1329.9626739172504,1178.2500824304057,0.1209726655786263,52.390564499096676,22.255000155272683,25.20508691080737,-2.950086755534688,24.994782759159357,19.99032301085155,23.387987513299695,-0.04785376078439514
2024-10-03,1233.6012439093365,1245.5574384870451,1228.2382360313827,1236.307373046875,17648551,0.0,0.0,ICICIBANK.NS,-0.014163653527217712,-0.014264915363374327,0.8009708832818656,1255.0904235839844,1207.2216015625,1172.2529907226562,1098.6421057128907,1255.0419584310978,1220.2248240158988,1255.0904235839844,1329.3942626736991,1180.7865844942696,0.11840396148914241,47.20410478441115,17.91664049596102,23.7473976278381,-5.830757131877082,24.685516857728903,20.49791042340091,23.52659173654837,-0.061339630223888345
2024-10-04,1227.2048887996382,1244.2289485494368,1216.4787533567373,1219.97216796875,13488887,0.0,0.0,ICICIBANK.NS,-0.013212899505619657,-0.013300966469144505,0.7771748359885153,1255.2773864746093,1207.75669921875,1173.55423828125,1099.7803094482422,1251.7019783870646,1220.2149159356184,1255.2773864746093,1329.1873228719137,1181.367450077305,0.11775873156590055,42.98918344773521,13.01036924102641,21.599991950475765,-8.589622709449355,25.69066248112657,20.675817532463732,23.646893328096745,-0.0737420553596479
2024-10-07,1221.7435594913184,1242.8020684792546,1205.4575341441214,1214.215576171875,20667247,0.0,0.0,ICICIBANK.NS,-0.0047186255129572086,-0.004729793371466857,0.7687890134664344,1256.5443481445313,1208.6664404296876,1174.6910864257814,1100.896559753418,1248.131844842761,1219.9796477095892,1256.5443481445313,1326.4203189258133,1186.6683773632494,0.11121926716627846,41.580150050487255,8.558942909448888,18.99178214227039,-10.432839232821504,26.889085904036993,20.56865383288645,23.65963525969669,-0.07811271972880712
2024-10-08,1221.202267135771,1227.8938344569156,1210.1317389284563,1216.8724365234375,12219259,0.0,0.0,ICICIBANK.NS,0.00218812903054566,0.002185738562684806,0.7726593520557106,1256.6230712890624,1209.4478491210937,1175.927188720703,1102.0348751831054,1245.1547583361587,1219.8577962905247,1256.6230712890624,1326.3066672664552,1186.9394753116696,0.11090612224063388,42.516616856506076,5.185763641705762,16.230578442157466,-11.044814800451704,27.184305075581733,20.45887685314786,23.327586326195703,-0.07609551140795487
2024-10-09,1223.2195743635768,1244.9177369185495,1212.9854623508438,1224.302001953125,14765997,0.0,0.0,ICICIBANK.NS,0.006105459542590674,0.006086896742443631,0.7834822520124818,1256.9601013183594,1210.2705297851562,1177.2005126953125,1103.1139932250976,1243.1687815377745,1220.0320788655288,1256.9601013183594,1325.909560360911,1188.0106422758079,0.10970826992874967,45.1637690726332,3.0765342366773893,13.599769601061451,-10.523235364384062,27.121043113099613,20.304352530511373,23.28976242214571,-0.07045464993163827
2024-10-10,1226.8606284171833,1234.6837542167523,1218.2502169484444,1223.6624755859375,9118195,0.0,0.0,ICICIBANK.NS,-0.0005223599783119592,-0.0005224964558144232,0.7825506322620008,1257.3119018554687,1211.1438354492188,1178.4020727539062,1104.171619873047,1241.3110381137901,1220.1744473643682,1257.3119018554687,1325.4620254782158,1189.1617782327216,0.10840607413669595,44.97178885315659,1.3379275084416804,11.147401182537498,-9.809473674095818,27.265130633440304,20.292247221008274,23.275526343540818,-0.07094020722053995
2024-10-11,1217.2661601929808,1221.0055869072553,1202.5054549359925,1203.489501953125,8472512,0.0,0.0,ICICIBANK.NS,-0.01648573363594641,-0.016623135549990516,0.7531639773459415,1255.8776489257812,1211.5073315429688,1179.4072692871093,1105.2061895751954,1237.7089870508698,1219.5201357796136,1255.8776489257812,1327.3801848916828,1184.3751129598795,0.11386863366357632,39.29731803685367,-1.64871585912897,8.588177774204206,-10.236893633333176,23.799885295904605,20.883183691544914,22.76778849097927,-0.08625643949616967
2024-10-14,1201.5213486036762,1218.1517663968125,1197.9788035414683,1212.099853515625,11833929,0.0,0.0,ICICIBANK.NS,0.007154488301332362,0.007129016370168206,0.7657069685121805,1254.9624877929687,1212.1367016601562,1180.5917443847657,1106.3130807495118,1235.270021952275,1219.2291443182808,1254.9624877929687,1328.283269942565,1181.6417056433722,0.11684936061880467,42.62501257470495,-3.2830241750702953,6.213937384349306,-9.496961559419601,23.135649537440617,20.91474690979315,18.679289765496847,-0.0797190718821272
2024-10-15,1219.1849221736488,1238.2263267782284,1215.691627570544,1235.470947265625,11657338,0.0,0.0,ICICIBANK.NS,0.019281492100022612,0.019097959566400896,0.7997524334765029,1254.600848388672,1213.497890625,1182.1060314941406,1107.5797561645509,1235.2891576964037,1219.8660777671962,1254.600848388672,1328.246841856599,1180.9548549207448,0.11740147244840987,50.54915272656773,-2.6616910274453858,4.4388117019903675,-7.100502729435753,23.880710378164686,21.63781036621159,18.07580545113575,-0.06197468243682102
2024-10-16,1228.5826203359522,1234.9296751311315,1221.7926723383464,1223.3179931640625,7869727,0.0,0.0,ICICIBANK.NS,-0.009836697599777455,-0.009885397537156707,0.7820488130339309,1253.3732482910157,1215.083359375,1183.2704870605469,1108.7966427612305,1234.1490467885615,1220.001446998446,1253.3732482910157,1328.2990379430605,1178.4474586389708,0.11955862270749236,46.92023418716993,-3.1140253155854225,2.9282442984752097,-6.042269614060633,23.61712619488534,21.449205963162413,18.17580830822556,-0.07120175382662519
2024-10-17,1229.5175181191341,1236.897870871355,1204.867212000474,1211.60791015625,8459497,0.0,0.0,ICICIBANK.NS,-0.009572394972728882,-0.009618504835967082,0.7649903379348875,1250.5638000488282,1216.5468237304688,1184.3427221679688,1110.0042492675782,1232.0022718711984,1219.6722886909088,1250.5638000488282,1327.4017618285952,1173.7258382690611,0.12288531265140878,43.6672498014892,-4.367068484231595,1.4691817419338489,-5.836250226165443,24.748778657556695,21.46710557210001,18.206663426980715,-0.08009257748897464
2024-10-18,1208.3604278039818,1248.6572232672752,1205.7035490362575,1244.327392578125,11018126,0.0,0.0,ICICIBANK.NS,0.027005008920464535,0.026646808169643897,0.8126539177553529,1249.2107360839843,1218.5554052734376,1185.763126220703,1111.3715505981445,1233.1760928909057,1220.6391555100154,1249.2107360839843,1325.4554192248365,1172.9660529431321,0.12206856847846732,53.39079500935809,-2.6889291384434273,0.6375595658583938,-3.326488704301821,25.7679701751803,22.853253311824595,18.71179332456161,-0.055250469338062796
2024-10-21,1244.3274858742436,1252.0522311372122,1230.6000776735575,1238.9644775390625,7742775,0.0,0.0,ICICIBANK.NS,-0.004309890685562312,-0.00431920503661375,0.8048415775190711,1245.3040771484375,1220.6099047851562,1187.1577087402343,1112.6771575927735,1233.7273676193015,1221.3577955895857,1245.3040771484375,1314.5922743862313,1176.0158799106437,0.11127916226927255,51.81218530378117,-1.7713154189225406,0.15578456890220688,-1.9270999878247475,24.790958454465958,21.822978584351134,18.70555221797933,-0.059322236540452045
2024-10-22,1246.3938747133964,1264.4019824079978,1239.653176958133,1247.279541015625,20090801,0.0,0.0,ICICIBANK.NS,0.0067113009511610144,0.006688880428944081,0.8169544125149699,1242.6274719238281,1222.6941162109374,1188.8788647460938,1114.006534423828,1235.018050799904,1222.374334625901,1242.6274719238281,1306.8369741144625,1178.4179697331938,0.10334473306183323,54.07926380434386,-0.3688914534304786,0.050849364435669786,-0.41974081786614836,25.718764576336266,20.988009086470992,18.72591847221515,-0.05300906497181006
2024-10-23,1240.8832443668052,1247.7223228428932,1223.2196490881518,1231.6331787109375,14055447,0.0,0.0,ICICIBANK.NS,-0.01254439104480709,-0.012623736174041235,0.7941618258537944,1239.3309143066406,1224.2449731445313,1190.3294067382812,1115.3030471801758,1234.695682029526,1222.7374265508042,1239.3309143066406,1298.2135915279757,1180.4482370853054,0.09502333322214883,49.372257212072235,-0.5140652090067306,-0.06213355025281029,-0.4519316587539203,25.62385955547906,21.345900603518686,18.75890306995381,-0.06488848957669117
2024-10-24,1230.3047750515273,1240.3420065108755,1221.251590602818,1232.764892578125,12223031,0.0,0.0,ICICIBANK.NS,0.0009188725074555926,0.0009184506025445488,0.7958104318294978,1235.8326293945313,1225.906044921875,1191.7195544433594,1116.5915594482422,1234.511797319869,1223.13066051266,1235.8326293945313,1286.6115924596413,1185.0536663294213,0.08217773484422085,49.71319568493126,-0.5316678690244316,-0.1560404140071346,-0.37562745501729705,25.005303892290353,21.342998002458497,18.75205787075213,-0.06402924131835801
2024-10-25,1227.3526156126327,1248.657257098042,1214.5107542672154,1235.4217529296875,13546055,0.0,0.0,ICICIBANK.NS,0.002155204425075885,0.0021528853035418503,0.7996807704187743,1232.2113342285156,1227.7521166992187,1192.7562573242187,1117.9770181274414,1234.5984597588993,1223.6126641368571,1232.2113342285156,1270.046485888077,1194.3761825689542,0.061410166598167115,50.555029453784115,-0.32745695787048135,-0.19032372277980394,-0.1371332350906774,24.77687307055417,21.03283279835268,18.602178633043124,-0.06201203299750576
2024-10-28,1264.9924978474703,1286.9367953731105,1260.1706432204314,1272.2252197265625,24096412,0.0,0.0,ICICIBANK.NS,0.029790204607939685,0.0293550966483083,0.853293628798524,1231.5348083496094,1229.8304272460937,1195.024930419922,1119.5377127075196,1238.1819607082004,1225.5190388658652,1231.5348083496094,1265.6385911828663,1197.4310255163525,0.055384196373563614,60.435591837229204,2.772158138172699,0.40217264941069675,2.369985488762002,27.187797850194443,22.705910851930515,18.968841726503477,-0.034069179540716005
2024-10-29,1280.5894733227,1314.0470695956533,1278.5229987539544,1310.6029052734375,20656117,0.0,0.0,ICICIBANK.NS,0.030165795294581077,0.029719755593277237,0.9091997050256115,1234.4303588867188,1232.89966796875,1197.3144396972657,1121.2751733398438,1245.0791935239374,1228.855661077927,1234.4303588867188,1282.90396627749,1185.9567514959474,0.0785359936132609,67.68685279081117,8.23050775119782,1.9678396697681213,6.262668081429698,27.894196086007664,24.093919277462124,19.50635618360635,-0.0049311081420144315
2024-10-30,1302.878217992093,1309.6681662645217,1284.771729306591,1291.21728515625,15055031,0.0,0.0,ICICIBANK.NS,-0.014791375815806695,-0.014901859034529485,0.8809600146811505,1236.287744140625,1235.5113305664063,1199.3930200195311,1122.8837536621095,1249.4732974889196,1231.3012149633514,1236.287744140625,1290.443637634388,1182.1318506468617,0.0876104996598641,61.550297923445505,10.866766296200012,3.7476249950544993,7.119141301145513,28.56545599304614,24.56003923116396,19.701465026771235,-0.019649546084104196
2024-10-31,1286.3953474845157,1297.908648500615,1267.9937179678298,1271.6346435546875,23497314,0.0,0.0,ICICIBANK.NS,-0.015166031175916972,-0.015282211587267846,0.8524333164578428,1238.0541076660156,1237.8218725585937,1201.1655249023438,1124.4514962768556,1251.5839018761358,1232.8829180453647,1238.0541076660156,1294.4700272395942,1181.638188092437,0.09113643616099147,56.02473681428806,11.24622518465344,5.2473450329742874,5.998880151679153,29.19102098467759,24.596748334305524,19.84698543008092,-0.034517571631516974
2024-11-01,1269.3713115804678,1275.521605000899,1265.7303859247397,1271.19189453125,1007022,0.0,0.0,ICICIBANK.NS,-0.00034817313737212086,-0.00034823376371163157,0.8517883489382791,1240.6150939941406,1239.8037426757812,1202.913114013672,1126.0280010986328,1253.4513297480514,1234.3852308487328,1240.6150939941406,1298.2127442879219,1183.0174437003593,0.0928533766397224,55.90254311527331,11.380040913797984,6.473884209139027,4.906156704658957,28.449467857592953,24.58461211639104,19.47890492986946,-0.03485372667767968
2024-11-04,1269.5189366152897,1271.1918884914494,1249.7888674900407,1256.82470703125,14309121,0.0,0.0,ICICIBANK.NS,-0.011302139009703116,-0.011366493538154613,0.8308591796020302,1242.7455505371095,1241.2542260742186,1204.5716674804687,1127.4677893066407,1253.7726037750226,1235.2652103068708,1242.7455505371095,1299.3756789864883,1186.1154220877306,0.0911371252544876,51.94342549452717,10.209094793739723,7.220926326059166,2.9881684676805573,28.112078841779084,22.307391859710044,19.40273053054137,-0.04576194402346542
2024-11-05,1252.6918064806564,1280.540384084737,1242.9497173467564,1276.013671875,16431920,0.0,0.0,ICICIBANK.NS,0.015267813193357904,0.015152433052960539,0.8588123955395384,1245.7026123046876,1242.895615234375,1206.4089379882812,1129.0127908325196,1255.8908007369253,1236.8631891918956,1245.7026123046876,1302.8185239259549,1188.5867006834203,0.09170071742178743,56.38620897509906,10.70608753856618,7.917958568560569,2.7881289700056113,29.8201068282578,22.570220409091664,19.554991791209257,-0.031192815642822613
2024-11-06,1279.507133687592,1294.0218271864514,1272.077530661039,1281.5736083984375,12037405,0.0,0.0,ICICIBANK.NS,0.004357270338073649,0.0043478049212999454,0.8669117436546665,1248.5661926269531,1244.3913671875,1208.4208374023438,1130.5253457641602,1258.336782418974,1238.6165389647012,1248.5661926269531,1306.894339400471,1190.2380458534353,0.09343220586614921,57.60907314245557,11.416990322979927,8.61776491944444,2.7992254035354875,29.09965237501004,22.606088332140274,19.337700150481368,-0.02697146083511034
2024-11-07,1276.4565194695,1282.016408736549,1254.905867336954,1258.30078125,9909035,0.0,0.0,ICICIBANK.NS,-0.018159571167762456,-0.018326479929110205,0.833009426981838,1250.2981079101562,1245.4708642578125,1210.2165954589843,1131.8905599975585,1258.3333537362146,1239.388470034713,1250.2981079101562,1307.5600119097778,1193.0362039105346,0.09159720171909007,51.14479787573307,9.987335463337786,8.891679028223109,1.0956564351146767,27.968000029908417,23.144735204768484,19.540123038445596,-0.04464124184033905
2024-11-08,1249.739603368689,1254.6598380276207,1232.7155433996181,1238.7674560546875,11195808,0.0,0.0,ICICIBANK.NS,-0.0155235739231665,-0.015645326261423707,0.8045545696402243,1252.0620056152343,1246.1980712890625,1211.649208984375,1133.1620098876954,1256.4699349094024,1239.3641165453002,1252.0620056152343,1305.2836483719484,1198.8403628585202,0.08501438829391239,46.43515897394352,7.1952057376295215,8.552384370104392,-1.35717863247487,28.263220343246076,23.465300286095882,19.489610765573612,-0.059471824145775065
2024-11-11,1241.8673121816607,1255.545589486218,1226.7622147783625,1249.0509033203125,8387780,0.0,0.0,ICICIBANK.NS,0.008301354072035805,0.008267087341882957,0.8195348160651179,1253.9095581054687,1246.9872802734376,1212.9739172363281,1134.6180529785156,1255.7633604723462,1239.7439905364772,1253.9095581054687,1303.7480437771076,1204.0710724338298,0.07949295122519012,49.09289458465383,5.745975042236751,7.991102504530864,-2.2451274622941133,28.502211046026087,23.182499386350436,19.478728894155413,-0.0516641667432832
2024-11-12,1255.7915869540607,1274.34084864136,1244.3274155266408,1250.330078125,13486168,0.0,0.0,ICICIBANK.NS,0.0010241174329141955,0.00102359338241831,0.8213982333900445,1254.6525146484375,1247.7873120117188,1214.1909228515624,1136.058052368164,1255.2459050106943,1240.159131226223,1254.6525146484375,1303.7714792042839,1205.5335500925912,0.0782989138145709,49.429026018491335,4.647099125226305,7.322301828669953,-2.675202703443648,28.89583671459593,21.954324582149276,19.00063291030255,-0.05069295948418783
2024-11-13,1250.330002060316,1255.8898912252891,1230.058659378344,1233.6995849609375,12260404,0.0,0.0,ICICIBANK.NS,-0.013300882267026415,-0.013390131278761548,0.7971720299263536,1255.1715942382812,1247.9053955078125,1215.22357421875,1137.3522137451173,1253.193874529765,1239.905815686408,1255.1715942382812,1303.1013221386265,1207.2418663379358,0.07637159432281801,45.246173999341856,2.4065490332818626,6.339151269592334,-3.932602236310472,29.37732356737362,22.287490411472007,19.140466104315248,-0.06331958066534787
2024-11-14,1233.7488030417599,1247.4762092717035,1223.219549242433,1236.897705078125,9506892,0.0,0.0,ICICIBANK.NS,0.0025923005536949706,0.0025889463381207046,0.8018308399746168,1256.436083984375,1248.3108203125,1216.176495361328,1138.5167501831054,1251.6418583915136,1239.7878505645144,1256.436083984375,1300.7225703317558,1212.1495976369943,0.070495406669539,46.18922252604633,0.8788279274790511,5.247086601169678,-4.368258673690627,28.67090622440532,21.917669184645625,19.14345331858617,-0.060891423495671414
2024-11-18,1239.8991689148563,1242.4576669848584,1229.468295169204,1233.45361328125,6195554,0.0,0.0,ICICIBANK.NS,-0.0027844596871149374,-0.002788343506223397,0.796813714637707,1255.8923950195312,1248.655234375,1216.8232580566407,1139.80968170166,1249.9096445714883,1239.5394491024258,1255.8923950195312,1301.0629554019026,1210.7218346371599,0.07193380668838097,45.28466669923065,-0.6028620614613374,4.077096868643475,-4.679958930104813,25.91907260813613,21.572614710216932,19.070296731154627,-0.06350633346877159
2024-11-19,1236.996341503432,1240.8832791422965,1221.054707873685,1229.173095703125,11537317,0.0,0.0,ICICIBANK.NS,-0.0034703514846723404,-0.0034763871222876787,0.7905781394954343,1255.4028259277343,1249.4611694335938,1217.2315979003906,1141.02876953125,1247.9347351554538,1239.132925439708,1255.4028259277343,1301.5476226414066,1209.258029214062,0.07351392837525542,44.127981870497685,-2.098325853199867,2.842012324274807,-4.940338177474674,24.348124136673327,21.549621839312614,19.06690219071518,-0.06675629565480445
2024-11-21,1228.6318816632047,1236.8486497660301,1212.887130281342,1230.5999755859375,9593870,0.0,0.0,ICICIBANK.NS,0.001160845358396223,0.0011601720984066185,0.7926567238175133,1254.56884765625,1249.7672094726563,1217.6356689453125,1142.223526916504,1246.2838056726428,1238.7982999552466,1254.56884765625,1301.9189635010755,1207.2187318114245,0.07548428439504717,44.635638396821534,-3.13224779791949,1.6471602998359476,-4.779408097755438,24.214577245090577,21.544671437622032,19.055235160908417,-0.06567294403236282
2024-11-22,1237.931065448711,1260.9577881469831,1235.962971544977,1257.6612548828125,11604338,0.0,0.0,ICICIBANK.NS,0.021990313533031047,0.021752013784572206,0.8320778072313566,1255.8702514648437,1250.5692065429687,1218.5084106445313,1143.5511514282227,1247.3673722640876,1239.5380236778963,1255.8702514648437,1301.9806544924236,1209.7598484372638,0.07343179436537624,53.30170851739332,-1.747870941206429,0.9681540516274724,-2.7160249928339013,24.246211675680602,22.381845346792954,19.380246268147662,-0.045126799129240724
2024-11-25,1275.3249381508517,1290.2824048083883,1269.420656029783,1280.1959228515625,22717581,0.0,0.0,ICICIBANK.NS,0.01791791540151233,0.01775928167642772,0.8649048223903162,1258.2418029785156,1251.840595703125,1219.486982421875,1144.9365692138672,1250.4939008914662,1241.1324510964714,1258.2418029785156,1304.2273832526985,1212.2562227043327,0.07309498089369726,59.04993673780327,1.1543108892378768,1.0053854191495533,0.14892547008832357,25.8769210220675,22.905406402801358,19.58925076142332,-0.028017461896867223
2024-11-26,1289.691969633128,1293.2837651950626,1281.6719625867895,1284.132080078125,7646955,0.0,0.0,ICICIBANK.NS,0.00307465221244807,0.003069935135774477,0.8706387561284836,1260.6773193359375,1252.87974609375,1220.7122399902344,1146.35630279541,1253.6975370044813,1242.8187110565364,1260.6773193359375,1306.733615626447,1214.6210230454278,0.07306595523550756,59.976664655087234,3.7289409808586242,1.5500965314913675,2.178844449367257,25.282979257945417,22.255168699742654,19.55430936865398,-0.025028953635627578
2024-11-27,1277.7849738450245,1289.9379297411074,1277.1453192983001,1279.9498291015625,21938082,0.0,0.0,ICICIBANK.NS,-0.0032568697888990528,-0.0032621849329356064,0.8645463292777051,1261.0635498046875,1253.8706811523436,1221.7883544921874,1147.7607351684571,1256.1977552994413,1244.274833332812,1261.0635498046875,1307.6540586251954,1214.4730409841795,0.0738908183139919,58.4627572950485,5.369979396609551,2.3140731045150043,3.055906292094547,23.51168952257589,22.26070892297629,19.522383957548925,-0.028204307381582968
2024-11-28,1280.294297193127,1289.593492566128,1261.8434173872402,1265.8287353515625,22803745,0.0,0.0,ICICIBANK.NS,-0.011032536923663683,-0.011093846711182739,0.8439756530540672,1258.8248413085937,1254.3331811523437,1222.416904296875,1149.0970010375977,1257.1149914948815,1245.120084392371,1258.8248413085937,1299.2932347485641,1218.3564478686233,0.06429551135629337,53.54798863056194,5.468027891609836,2.9448640619339708,2.523163829675865,23.926387997824122,21.93670639667329,19.616977510730546,-0.03892567924265297
2024-11-29,1262.6306978559342,1282.4592691846208,1262.6306978559342,1279.3594970703125,11397228,0.0,0.0,ICICIBANK.NS,0.0106892515084136,0.01063252534163774,0.8636863725849533,1258.231951904297,1254.9629711914063,1223.1768591308594,1150.4867736816407,1259.2335158353987,1246.4628064581725,1258.231951904297,1297.0144844159217,1219.449419392672,0.06164607797938783,57.25597237324294,6.561909808087421,3.668273211164661,2.89363659692276,23.40624727847353,21.870181340571484,19.659044792001815,-0.0286525141097999
2024-12-02,1279.1626909163074,1289.6428152581445,1268.58418590124,1283.8369140625,9626400,0.0,0.0,ICICIBANK.NS,0.0034997332668735837,0.003493623451403896,0.8702087777821077,1258.8420654296874,1255.2837719726563,1223.965489501953,1151.9196658325195,1261.5766966189324,1247.9284577367737,1258.8420654296874,1298.8761038586954,1218.8080270006794,0.06360454504726602,58.43824373372685,7.701333066150482,4.474885182161826,3.226447883988657,23.082918100368,21.61735856547939,19.5538878591696,-0.025253056999736043
2024-12-03,1283.1480184509742,1291.8569303693412,1275.4232736408442,1287.527099609375,11509276,0.0,0.0,ICICIBANK.NS,0.0028743413641207916,0.0028702183437378645,0.8755843962316285,1259.6588256835937,1255.6065405273437,1224.662236328125,1153.5312591552733,1264.0481635704032,1249.4813456533464,1259.6588256835937,1301.384524106678,1217.9331272605093,0.06624920585213322,59.43412579782834,8.800652892404969,5.340038724210455,3.460614168194514,22.200795387556678,20.284136369508303,19.54548155614017,-0.02245130154192012
2024-12-04,1281.819549984778,1298.9419911656362,1280.9338836934899,1295.0550537109375,11570281,0.0,0.0,ICICIBANK.NS,0.005846831576474365,0.005829805191433759,0.8865506223038582,1261.5703430175781,1255.1656884765625,1225.4835327148437,1155.0760980224609,1267.0012007266446,1251.268549890899,1261.5703430175781,1306.1542528527664,1216.9864331823899,0.07068002205655376,61.46277919822067,10.162171569026214,6.304465293173607,3.857706275852607,21.343272127372902,20.257250058080057,19.22171938155371,-0.016735738944234038
2024-12-05,1295.2518809925427,1321.4767579162362,1287.7238973177443,1315.1788330078125,19210697,0.0,0.0,ICICIBANK.NS,0.015538937313291035,0.015419444300068424,0.9158656141621879,1263.5286010742188,1255.4530322265625,1226.5524108886718,1156.7927780151367,1271.5895466581844,1253.774835503327,1263.5286010742188,1313.8544002236438,1213.202801924794,0.07965913728686358,66.31265936775208,12.718395985286179,7.587251431596121,5.131144553690058,21.90910275248338,20.61097694118977,19.340410200058418,-0.0014568572292890678
2024-12-06,1321.0831368877882,1325.6097291981625,1305.5351457750585,1307.552490234375,8942672,0.0,0.0,ICICIBANK.NS,-0.005798711613990926,-0.005815589420162425,0.9047560619744999,1264.8275451660156,1255.6527954101562,1227.5991735839843,1158.3557122802733,1275.014588903536,1255.8837631398387,1264.8275451660156,1318.353720164828,1211.3013701672032,0.08463790214465448,63.07309780483903,13.96782770287632,8.863366685852162,5.104461017024159,21.61038299490006,20.291870093185675,19.368639315041285,-0.007247120948344638
2024-12-09,1301.008440803049,1307.8476391384686,1299.1879779810015,1301.205322265625,8000764,0.0,0.0,ICICIBANK.NS,-0.004854235693140141,-0.004866055762337324,0.8955099271117382,1266.9727722167968,1255.6222900390626,1228.6112463378906,1159.872763671875,1277.5089444618302,1257.6610791839873,1266.9727722167968,1322.787688606446,1211.1578558271476,0.08810752308747873,60.42721429391855,14.28122288350528,9.946937925382786,4.334284958122494,21.30111794788669,20.389187076666346,19.384333985308587,-0.012066177408304837
2024-12-10,1297.957930171136,1310.750540551898,1294.2677540997624,1309.2252197265625,8218214,0.0,0.0,ICICIBANK.NS,0.00616343733283653,0.006144521039426927,0.907192783761261,1270.4956604003905,1255.6498413085938,1229.6064416503907,1161.4594277954102,1280.5295421060905,1259.6832023425197,1270.4956604003905,1327.6919298273206,1213.2993909734605,0.09003772497562865,62.56413281623676,15.003775339474487,10.958305408201127,4.0454699312733595,21.062133318138404,20.42691484497595,19.39441324431708,-0.005977109203771313
2024-12-11,1303.567008056277,1310.01256393174,1295.005847236935,1306.3223876953125,8138066,0.0,0.0,ICICIBANK.NS,-0.0022172136524044594,-0.0022196753099482467,0.9029641298833382,1273.3592346191406,1256.0611743164063,1230.4711401367188,1162.9993814086913,1282.9860035907782,1261.5121900034135,1273.3592346191406,1331.756942773549,1214.961526464732,0.09172228318095195,61.274375476340026,15.167329547903591,11.80011023614162,3.3672193117619713,20.422504547432464,18.676548995717432,19.383594283444808,-0.008181070328047286
2024-12-12,1300.467319981326,1317.392879799611,1300.467319981326,1308.04443359375,9076896,0.0,0.0,ICICIBANK.NS,0.0013182395974056238,0.0013173714824261497,0.9054726925517929,1276.2449523925782,1257.1682250976562,1231.3691564941407,1164.4479415893554,1285.3725207339185,1263.3369838697013,1276.2449523925782,1335.548031476096,1216.9418733090604,0.09293369422906195,61.77776726928,15.25999443189994,12.492087075293284,2.7679073566066563,19.463057922949556,16.49958382069543,19.269780491991593,-0.0068736153414971956
2024-12-13,1304.206657466483,1325.658929951843,1292.5457246301107,1323.44482421875,13536684,0.0,0.0,ICICIBANK.NS,0.011773598992114165,0.011704829426070264,0.9279069639243218,1280.7322143554688,1258.5557299804686,1232.4943518066407,1165.9491119384766,1288.9984543991404,1265.6941540794678,1280.7322143554688,1340.0619288575622,1221.4024998533755,0.09264967935853967,66.03050402581857,16.387213243499218,13.271112308934473,3.116100934564745,19.498204736960734,16.226082553450865,19.004741107579026,0.0
2024-12-16,1323.4448020295467,1328.9061906725217,1318.672198220594,1324.6256103515625,9071006,0.0,0.0,ICICIBANK.NS,0.0008922065440162275,0.0008918087643411378,0.9296270551337895,1285.1186096191407,1260.3220947265625,1233.7718481445313,1167.440576171875,1292.3915168707997,1268.0051915803342,1285.1186096191407,1343.7708911273746,1226.4663281109067,0.0912791723179796,66.33974288901594,17.17780678177428,14.052451203502436,3.1253555782718436,19.294358316134126,15.497934127587873,18.97252061479969,0.0
2024-12-17,1320.591043814433,1326.5937063526414,1304.8955425723648,1312.47265625,9879257,0.0,0.0,ICICIBANK.NS,-0.009174633199441895,-0.00921697935256145,0.9119234346912177,1289.069561767578,1262.1721044921876,1234.9644018554689,1168.8188348388671,1294.3040063354854,1269.7490137242428,1289.069561767578,1343.5666880307397,1234.5724355044165,0.0845526539133154,60.25943822895987,16.631992767685233,14.568359516338996,2.0636332513462374,19.930469268810516,15.793155039898776,19.052950281725874,-0.009174633199441949
2024-12-18,1304.108322781897,1313.6535308964567,1286.5922376487658,1293.1854248046875,8510595,0.0,0.0,ICICIBANK.NS,-0.014695339635051874,-0.01480438577049835,0.8838270704622153,1292.2701782226563,1263.7515014648438,1236.2089709472657,1170.1074865722655,1294.1974747611237,1270.668088668574,1292.2701782226563,1338.9080314495402,1245.6323249957725,0.07217972528164034,52.09834723301358,14.476239760807857,14.549935565232769,-0.07369580442491142,19.881270559439308,16.053431150615154,19.1980405022056,-0.023735148483601046
2024-12-19,1265.4844508567164,1282.2132499737959,1263.9591299468714,1266.3701171875,11517304,0.0,0.0,ICICIBANK.NS,-0.020735856670544783,-0.020953863518330663,0.8447643023370186,1294.0586853027344,1264.741455078125,1237.0946520996094,1171.2966973876953,1291.5472502303023,1270.4995407673553,1294.0586853027344,1332.8164989027914,1255.3008717026773,0.05990116837860404,43.31501709987754,10.483175233127895,13.736583498811795,-3.2534082656839,20.5525365258057,16.653093400223383,19.539176734217357,-0.04397883651713573
2024-12-20,1263.4671101390386,1277.0470069229707,1252.1014392500044,1267.84619140625,58491181,0.0,0.0,ICICIBANK.NS,0.0011655946383417604,0.0011649158603134473,0.8469145497168269,1294.5679321289062,1265.6123388671874,1237.941434326172,1172.4640197753906,1289.2900065327735,1270.3954878512336,1294.5679321289062,1331.5385713899839,1257.5972928678286,0.05711656892393389,43.87592882973712,7.352988999738727,12.459864598997182,-5.106875599258455,20.83017497695297,16.602817171796918,19.487058655537663,-0.04286450337483883
2024-12-23,1273.9964575675247,1286.149413849784,1266.5177244802055,1276.1121826171875,6827512,0.0,0.0,ICICIBANK.NS,0.00651971135534124,0.006498549964901957,0.8589558994789606,1294.3637451171876,1266.6613330078126,1238.9025842285157,1173.7409674072267,1288.0349756836702,1270.6196719597024,1294.3637451171876,1331.7117810344791,1257.015709199896,0.05770871759686097,47.03656203280175,5.476164451947625,11.063124569587272,-5.586960117639647,21.05860587988736,15.818966089135778,19.48984742457383,-0.03662425620889157
2024-12-24,1276.1122805813325,1283.689394924585,1269.6667242632777,1276.5550537109375,7138516,0.0,0.0,ICICIBANK.NS,0.0003470471481916704,0.00034698694125949637,0.8596010448224889,1293.9848937988281,1268.1226440429687,1239.8149877929689,1174.990859375,1286.9416497815052,1270.8524320283782,1293.9848937988281,1331.919052662727,1256.0507349349293,0.05863153278788787,47.20809962359484,3.9786401846388344,9.646227692597584,-5.66758750795875,20.773931821970287,15.071668054311441,19.454815215209937,-0.0362899194043718
2024-12-26,1286.149397655659,1291.8076677677632,1268.6333134333681,1276.6533203125,7338444,0.0,0.0,ICICIBANK.NS,7.69779581983876e-05,7.697499554740164e-05,0.8597441931139829,1293.820068359375,1269.4137133789063,1240.7752075195312,1176.0719677734376,1285.9618088796951,1271.0799178434418,1293.820068359375,1332.0385785931553,1255.6015581255947,0.05907855530830216,47.24892476894113,2.7678644883292236,8.270555051743912,-5.5026905634146885,20.018324231677656,14.915297306279655,19.136501255016512,-0.03621573497007234
2024-12-27,1277.834372258314,1294.9566951975391,1277.834372258314,1286.6907958984375,4756066,0.0,0.0,ICICIBANK.NS,0.007862334610527322,0.007831587515245307,0.8743661242502301,1294.8631713867187,1270.4381103515625,1241.9680004882812,1177.1766778564454,1286.0312362148134,1271.6921091397162,1294.8631713867187,1330.9439565196171,1258.7823862538203,0.05572910857331455,51.384522146696625,2.5884187389494855,7.134127789185028,-4.545709050235542,19.89180933610159,15.056369303610118,19.084798685355526,-0.02863814058604597
2024-12-30,1284.1320718868315,1305.3383325760412,1268.8793435378464,1273.9964599609375,14207425,0.0,0.0,ICICIBANK.NS,-0.009865879182446524,-0.009914869456201842,0.8558738545247067,1294.59501953125,1271.4516796875,1243.26751953125,1178.2388922119142,1284.8850670477775,1271.7824758385875,1294.59501953125,1331.2363167248643,1257.9537223376358,0.056606578336569575,46.4271746924331,1.4056761113563425,5.988437453619292,-4.582761342262949,21.877475613296433,14.803661354574832,19.17258702344083,-0.03822147933346069
2024-12-31,1266.3701041548643,1269.3713754212274,1259.6785365277274,1261.203857421875,8449607,0.0,0.0,ICICIBANK.NS,-0.010041317178742237,-0.010092071248392976,0.8372384365076893,1293.4633666992188,1272.4435986328126,1244.4952111816406,1179.1929956054687,1282.6297137500726,1271.36762805754,1293.4633666992188,1332.8023717069427,1254.1243616914949,0.06082739723524276,42.02691643623201,-0.5574857066699224,4.679252821561449,-5.236738528231371,21.722842540516044,15.142970120659733,19.245407893541156,-0.047879002515174865
2025-01-01,1261.2039030056599,1272.3728127979782,1246.8859706361397,1263.1719970703125,4705399,0.0,0.0,ICICIBANK.NS,0.0015605246026291208,0.0015593082493797715,0.8401054922887554,1292.2456115722657,1272.8204907226564,1245.6879479980469,1180.2015753173828,1280.7765978758096,1271.0462307639232,1292.2456115722657,1333.8036027660255,1250.687620378506,0.0643190285524692,42.92320362074184,-1.9322197436338229,3.356958308522395,-5.289178052156218,22.47142293101844,15.108592895273915,19.123618032235235,-0.04639319427392008
2025-01-02,1264.5988495821298,1272.7664882086394,1258.0057823459824,1270.0111083984375,7433222,0.0,0.0,ICICIBANK.NS,0.005414236021687557,0.0053996317361554086,0.8500682577288103,1290.9934143066407,1273.4414233398438,1247.0256640625,1181.2894744873047,1279.7513131636788,1271.0056377299825,1290.9934143066407,1333.688629639962,1248.2981989733194,0.06614319617773086,46.04483934483876,-2.4417008376597096,2.197226479285974,-4.638927316945684,22.316790505616446,15.10788843106996,19.071491596933367,-0.0412301419558316
2025-01-03,1265.6811494083963,1267.4524819820733,1242.1132728120124,1244.86865234375,11194997,0.0,0.0,ICICIBANK.NS,-0.01979703633174812,-0.01999562297703117,0.8134423892143392,1287.4779052734375,1273.3932055664063,1248.0436608886719,1182.2606860351561,1276.4291549903521,1269.9806579109145,1287.4779052734375,1333.2555597208013,1241.7002508260737,0.07111213988195234,37.84936739471569,-4.8187072964567506,0.7940397241374292,-5.612747020594179,21.94426409595165,16.280213659703627,19.340041768833544,-0.06021094366931694
2025-01-06,1247.8208957681682,1257.3661039966464,1236.9471279387867,1243.933837890625,7504047,0.0,0.0,ICICIBANK.NS,-0.0007509342060827429,-0.0007512162984043654,0.8120806132935177,1284.29697265625,1273.63921875,1248.9420959472657,1183.1925885009766,1273.3343628856162,1268.9592139885503,1284.29697265625,1332.9521503834685,1235.6417949290317,0.07576935671908848,37.581530824700145,-6.7006923439521415,-0.704906689480485,-5.995785654471657,22.671762924946798,14.943076108496637,19.263593372445587,-0.06091666341821784
2025-01-07,1246.2955634538516,1268.387371227451,1246.2955634538516,1258.8421630859375,7539758,0.0,0.0,ICICIBANK.NS,0.011984821653049371,0.011913572386245172,0.8337980762647887,1282.1788146972656,1274.1607641601563,1250.0334045410157,1184.2007397460939,1271.954153380885,1268.5624668943303,1282.1788146972656,1331.4196261818424,1232.9380032126887,0.07680802540198431,44.34547274757416,-6.9095527804665835,-1.9458359076777048,-4.963716872788879,22.868575036128895,14.402911544793303,19.355834227625284,-0.049661917111934545
2025-01-08,1260.1213925757818,1264.500353533012,1232.3711960120443,1243.58935546875,7566309,0.0,0.0,ICICIBANK.NS,-0.012116536976960357,-0.012190540597031643,0.8115787940654478,1278.897021484375,1274.3241162109375,1251.0381164550781,1185.1484814453124,1269.2527440559197,1267.5831291913664,1278.897021484375,1329.2836492093047,1228.5103937594454,0.07879700535457893,39.61551091339617,-8.211196718360952,-3.1989080698143546,-5.012288648546598,23.230565341362958,14.742347481196397,19.46883018233832,-0.06117672363386139
2025-01-09,1237.9311554007072,1244.5734728084612,1228.1890658447487,1242.260986328125,8684920,0.0,0.0,ICICIBANK.NS,-0.001068173456763244,-0.0010687443606158813,0.8096437136827919,1275.6939514160156,1273.7248315429688,1251.7776293945312,1186.0854345703126,1266.6821004627964,1266.5901039810433,1275.6939514160156,1326.878269341252,1224.5096334907792,0.08024545051487,39.22313322959173,-9.243395100084399,-4.407805475868363,-4.835589624216036,22.313287634641274,14.727219505611613,19.44788677251576,-0.06217954973826718
2025-01-10,1238.9151869887507,1244.7702186556908,1223.2688154875007,1229.9111328125,7854524,0.0,0.0,ICICIBANK.NS,-0.009941432316995402,-0.009991178327580163,0.7916532631853381,1271.787286376953,1272.11099609375,1252.50533203125,1186.947223510742,1263.1801035437204,1265.1517129548258,1271.787286376953,1324.4800114407708,1219.0945613131353,0.08286405380561389,35.6844198344493,-10.931933199831292,-5.7126310206609485,-5.219302179170343,22.06727588430012,14.66560068901192,19.524197151255283,-0.07150282827003834
2025-01-13,1215.1997021699149,1224.1052557235084,1205.3592318634503,1210.1318359375,9669336,0.0,0.0,ICICIBANK.NS,-0.01608189107921132,-0.01621260803455472,0.7628400905550781,1266.1216369628905,1270.489287109375,1253.0003088378905,1187.707432861328,1258.1278875812234,1262.9940707188523,1266.1216369628905,1319.786066507093,1212.457207418688,0.084769785109952,30.879299456840556,-13.708117123281454,-7.31172824118505,-6.396388882096404,22.418719568548063,14.875463560881544,19.564359305297277,-0.08643481865315533
2025-01-14,1213.6743510380347,1224.9908916090162,1207.868449677033,1220.5135498046875,10342698,0.0,0.0,ICICIBANK.NS,0.008578994088809022,0.008542403642902131,0.7779634852714656,1260.916033935547,1269.466865234375,1253.6443688964844,1188.5327215576172,1254.5455696977438,1261.3281679379047,1260.916033935547,1310.746914017659,1211.0851538534348,0.07903917269825006,35.76827753112765,-14.898801232040569,-8.829142839356155,-6.069658392684413,22.64013180216778,15.10409407150917,19.557427905330407,-0.07859734836263894
2025-01-15,1214.3138943569554,1224.5480063080474,1210.3777066929133,1218.49609375,5355382,0.0,0.0,ICICIBANK.NS,-0.0016529567041762006,-0.0016543243444169919,0.7750245886087057,1256.2172058105468,1268.41294921875,1254.1083459472657,1189.3064575195312,1251.112286274149,1259.6484787540653,1256.2172058105468,1303.221327023489,1209.2130845976046,0.07483438532051281,35.24654700564355,-15.822823153726858,-10.227878902230296,-5.594944251496562,21.996985036506285,15.043365788561532,19.559527838766304,-0.08012038705290861
2025-01-16,1225.2369076646085,1235.4710205893364,1219.8738995113004,1229.173095703125,11895924,0.0,0.0,ICICIBANK.NS,0.008762442496032863,0.008724275094509317,0.7905781394954339,1253.0165893554688,1267.8599169921874,1254.557071533203,1190.165775756836,1249.0228395530992,1258.453365693244,1253.0165893554688,1298.1000113623923,1207.9331673485453,0.07195981663756523,40.21657605572645,-15.51472822826031,-11.285248767436299,-4.229479460824011,21.902095890384658,15.19498024114678,19.234023428948753,-0.07205999484118679
2025-01-17,1223.51473271735,1229.0746219251816,1198.569166937447,1205.9002685546875,9790533,0.0,0.0,ICICIBANK.NS,-0.01893372644568403,-0.019115264558679273,0.7566758228226054,1249.993096923828,1266.4576489257813,1254.6766320800782,1190.908485107422,1244.915928029441,1256.3924599231045,1249.993096923828,1299.2256210791934,1200.7605727684627,0.07877247366649334,34.07695842526006,-16.953059119257205,-12.418810837800482,-4.534248281456723,21.483877299490587,15.081876459235863,19.147120308199472,-0.08962935705687033
2025-01-20,1204.3752079938956,1221.9404238041425,1195.8631769905248,1213.28076171875,7676418,0.0,0.0,ICICIBANK.NS,0.00612031803667179,0.0061016649600531495,0.7674272375456119,1247.264825439453,1265.0917919921876,1254.7415795898437,1191.6415100097656,1241.9030550474704,1254.7018050915613,1247.264825439453,1298.3446187099182,1196.1850321689878,0.08190689295269442,37.34375089404111,-17.29800199661736,-13.394649069563858,-3.9033529270535006,22.323828969519695,15.27333631175289,19.172178468745056,-0.08405759919080909
2025-01-21,1217.216791341657,1219.1848851844006,1173.6727150709557,1177.0677490234375,20520898,0.0,0.0,ICICIBANK.NS,-0.02984718281036014,-0.030301676398907535,0.7146745136825783,1242.3126037597656,1263.4671313476563,1254.4689978027343,1192.1624926757813,1235.7282639975624,1251.6573323045761,1242.3126037597656,1300.3478192260764,1184.2773882934548,0.09343093725471602,29.594506338214956,-20.25991549734772,-14.767702355120633,-5.492213142227087,23.754209537491583,17.210596570837634,19.813323862368726,-0.11139589947152115
2025-01-22,1181.840346118592,1188.236651072606,1172.787162540538,1181.299072265625,10377123,0.0,0.0,ICICIBANK.NS,0.003594800083256189,0.0035883542325146575,0.7208384257671216,1237.5498046875,1262.317763671875,1254.2579174804687,1192.7946362304688,1230.5445314516635,1248.8981848520684,1237.5498046875,1299.2704489506436,1175.8291604243564,0.09974652176318517,31.386141198271005,-22.01207931481258,-16.216577747059024,-5.795501567753558,23.80340829959237,17.10390313463809,19.701060504832142,-0.10820154537695968
2025-01-23,1178.150279677383,1188.6304043313805,1167.0797508434964,1182.5784912109375,8770650,0.0,0.0,ICICIBANK.NS,0.0010830609922165557,0.0010824749048008984,0.7227021987399773,1232.8460632324218,1260.9883154296874,1253.9877978515624,1193.452689819336,1225.9763371430229,1246.2974125524163,1232.8460632324218,1296.3326334770984,1169.3594929877452,0.10299188542358648,31.950028301819884,-23.031945417589895,-17.579651281165198,-5.4522941364246975,23.350038149696584,17.14983123897732,19.70178904466256,-0.10723567325783846
2025-01-24,1183.9070048715128,1198.569330226456,1182.824577120033,1189.90966796875,9216792,0.0,0.0,ICICIBANK.NS,0.006199315151001583,0.006180178445751478,0.7333817725812899,1228.0070068359375,1259.7799072265625,1253.7836096191406,1194.139349975586,1222.5414162692825,1244.086128451096,1228.0070068359375,1288.9142466147496,1167.0997670571255,0.09919689291634355,35.234529604865656,-22.983690281905183,-18.660459081313196,-4.323231200591987,23.033742646672213,17.320433388156285,19.655427806987127,-0.1017011458407921
2025-01-27,1175.9361728164579,1214.9536606503923,1174.0664594794448,1208.3604736328125,16164687,0.0,0.0,ICICIBANK.NS,0.015506055762669169,0.015387065351559814,0.7602596870049296,1224.7252075195313,1259.273125,1253.5892602539063,1194.896067504883,1221.1908503039044,1242.6851223797908,1224.7252075195313,1282.1737449588452,1167.2766700802174,0.09381457503543339,42.726888838633094,-21.212102014000266,-19.17078766785061,-2.0413143461496546,24.207576063395177,17.629825067198063,19.821079192603968,-0.08777207371665767
2025-01-28,1227.4509517938643,1243.8353577059515,1216.28204282006,1227.0081787109375,18066499,0.0,0.0,ICICIBANK.NS,0.015432236890422724,0.01531437099885989,0.7874244314834511,1223.0154235839843,1259.0753344726563,1253.693077392578,1195.7277307128907,1221.7448815807647,1242.07034027513,1223.0154235839843,1277.8695679704058,1168.1612791975629,0.08970311138951002,49.131840194885484,-18.094805934463466,-18.955591321173184,0.8607853867097184,24.446556531407413,18.393571956174256,19.808825871588112,-0.07369435626019402
2025-01-29,1232.0268875547777,1235.7663143361442,1223.2197146425951,1231.6824951171875,7666777,0.0,0.0,ICICIBANK.NS,0.0038095234305288717,0.0038022855721819536,0.794233666735487,1221.4409484863281,1259.039912109375,1253.8475732421875,1196.485687866211,1222.691320965186,1241.662973798348,1221.4409484863281,1273.1600883637293,1169.721808608927,0.08468545277034337,50.62247672772945,-15.07339139034525,-18.179151335007596,3.1057599446623456,24.17242744068145,18.368048083054354,19.81385301679931,-0.070165573206536
2025-01-30,1230.058696999526,1239.7515355072983,1219.72620394473,1235.5693359375,11921041,0.0,0.0,ICICIBANK.NS,0.003155716538735698,0.003150747716018893,0.7998957595919607,1219.7188598632813,1259.1678369140625,1254.3145031738281,1197.2516156005859,1223.9177985815968,1241.4240076077267,1219.7188598632813,1266.7056864705373,1172.7320332560253,0.07704533914073085,51.885085448273074,-12.224348347147043,-16.988190737435488,4.7638423902884455,24.0669937545656,18.025618675433737,18.852652025659985,-0.06723127932761809
2025-01-31,1234.4870409428568,1235.963111537846,1219.332692143045,1232.814208984375,10195417,0.0,0.0,ICICIBANK.NS,-0.0022298440670143194,-0.002232333871234618,0.7958822727111903,1219.1161376953125,1259.2121215820312,1254.4896655273437,1198.028158569336,1224.7650757628137,1241.0863684460267,1219.1161376953125,1265.04188905668,1173.190386333945,0.07534270106240766,50.89170405989111,-10.072665510735078,-15.605085692095408,5.5324201813603295,23.50117364354784,17.078646914476327,18.75017697170122,-0.06931120812530589
2025-02-01,1231.1904328305643,1241.2276642201673,1214.117241339197,1235.520263671875,3011914,0.0,0.0,ICICIBANK.NS,0.002195022305696348,0.0021926167637374536,0.799824274358196,1218.695458984375,1258.7693017578124,1254.6692541503905,1198.9453106689452,1225.7893793732005,1240.8680898274324,1218.695458984375,1263.811023402219,1173.5798945665308,0.07403911138791325,51.86647107110095,-8.056218293338361,-14.095312212343998,6.039093919005637,24.21460085418976,17.091744606715316,18.752661136807713,-0.06726832546747943
2025-02-03,1226.9589513144845,1239.8991931084147,1218.0533982313877,1233.0108642578125,6176831,0.0,0.0,ICICIBANK.NS,-0.0020310467483590777,-0.002033112120858666,0.7961687471181431,1217.4038940429687,1257.8256005859375,1254.8330981445313,1199.905040283203,1226.4771398384019,1240.5599633345062,1217.4038940429687,1259.0237966794543,1175.783991406483,0.06837484723047335,50.85831940965913,-6.584751984609966,-12.593200166797192,6.008448182187227,24.762850515753534,16.95245560228441,18.73918477653427,-0.06916274710213022
2025-02-04,1242.6546259748302,1260.0722101946521,1239.8992462672875,1247.9683837890625,14839077,0.0,0.0,ICICIBANK.NS,0.012130890298564623,0.012057900741493177,0.8179578731471435,1217.6228454589843,1257.1023266601562,1254.9910363769532,1200.9961450195312,1228.52392497656,1240.8504896268419,1217.6228454589843,1259.8642027248368,1175.3814881931319,0.06938331918358435,56.30961254144652,-4.1636614156248015,-10.907292416562715,6.7436310009379135,25.483309022718053,17.37789303915959,18.84456331684522,-0.05787086250140881
2025-02-05,1249.9364358288246,1257.366038635732,1244.9670706142904,1247.476318359375,6840709,0.0,0.0,ICICIBANK.NS,-0.0003942931856922849,-0.00039437093968967916,0.8172410647458859,1217.883612060547,1256.4528564453126,1255.1617687988282,1202.0272259521485,1230.3289148225424,1241.1103260477255,1217.883612060547,1260.8239871887308,1174.943236932363,0.07051638547879414,56.0891795583952,-2.258599534992072,-9.177553840248587,6.918954305256515,24.182954683844027,17.376607369530692,18.6380936565541,-0.0582423376003667
2025-02-06,1254.6598163131562,1258.5960039721779,1243.0480146698765,1252.101318359375,8396554,0.0,0.0,ICICIBANK.NS,0.0037074852098857303,0.0037006294265136104,0.8239784591162282,1218.9931213378907,1256.1783081054687,1255.2557446289063,1202.9867938232421,1232.4024770641456,1241.5413453540648,1218.9931213378907,1264.32228025561,1173.6639624201714,0.07437147613756642,57.762821325854645,-0.3713447905074645,-7.416312030300363,7.044967239792898,23.43086486160715,17.239637995786975,18.14434484165586,-0.05475078499572357
2025-02-07,1251.707841237699,1254.6599823726938,1229.616033126662,1236.8487548828125,7382039,0.0,0.0,ICICIBANK.NS,-0.012181572891040382,-0.012256376353355357,0.8017595325648164,1220.3289672851563,1255.3280932617188,1255.1455322265624,1203.8525372314452,1232.8259320944949,1241.3573221983295,1220.3289672851563,1266.1308097241697,1174.527124846143,0.07506474674760516,50.87598764893365,-0.10522326187060571,-5.954094276614411,5.848871014743805,21.968849085363363,17.357528408832366,18.25852451803813,-0.06626540720849687
2025-02-10,1237.143764104477,1244.8193782805915,1229.4190196551453,1242.4576416015625,5740361,0.0,0.0,ICICIBANK.NS,0.004534820200616574,0.004524568883726237,0.8099301880897447,1221.426171875,1254.5005078125,1254.8921398925781,1204.7146166992188,1233.7432377618347,1241.4004719788484,1221.426171875,1268.2857800216968,1174.566563728303,0.07672933366862965,53.090852584741434,0.5519081955301317,-4.652893782185503,5.2048019777156345,21.965339806318948,17.20592830213752,18.117928180137575,-0.0620310887150915
2025-02-11,1235.815414286521,1241.7196963503554,1228.48431210643,1232.764892578125,6586627,0.0,0.0,ICICIBANK.NS,-0.007801271205466032,-0.007831860314826073,0.7958104318294965,1222.1396118164062,1253.405263671875,1254.5059020996093,1205.4453021240233,1233.6500620300528,1241.061821806271,1222.1396118164062,1269.2452265398724,1175.03399709294,0.07708712534643321,48.980914429595586,0.28725447856959363,-3.6648641300344837,3.9521186086040774,21.424102378265257,17.324781610248365,18.027577036187175,-0.06934843857432078
2025-02-12,1237.1437132102558,1249.49354984024,1224.7939967031841,1231.8299560546875,8809352,0.0,0.0,ICICIBANK.NS,-0.00075840618845191,-0.0007586939239146862,0.7944484780847105,1222.2724548339843,1252.14076171875,1253.6532250976563,1206.1998504638673,1233.4767186038275,1240.6997878552284,1222.2724548339843,1269.476468687145,1175.0684409808237,0.07723975725129491,48.590177986598896,0.0020493140832513745,-2.931481441210937,2.9335307552941883,22.04615338694649,17.225899032099083,18.009280144299783,-0.07005425047779844
2025-02-13,1232.5681139223714,1245.8034979804984,1226.0241773689,1228.976318359375,7263785,0.0,0.0,ICICIBANK.NS,-0.0023165841042315227,-0.002319271536431551,0.790291487264517,1223.4262573242188,1250.4167114257812,1252.934871826172,1206.6852429199218,1233.0481090567368,1240.2400439534301,1223.4262573242188,1270.0700541976523,1176.7824604507853,0.0762510966136188,47.34862351443046,-0.4490659934917858,-2.4349983516671068,1.985932358175321,20.53844763270727,16.284091915311073,18.011141325674558,-0.07220854801893924
2025-02-14,1232.125182860914,1243.3433423047895,1224.5971995418054,1239.99755859375,10368438,0.0,0.0,ICICIBANK.NS,0.008967821486656424,0.008927849372993358,0.8063465017313858,1224.7620971679687,1249.0656127929688,1252.3592041015625,1207.2733044433594,1233.7099613935952,1240.2305347236386,1224.7620971679687,1271.7117803574831,1177.8124139784543,0.07666743328859817,52.406637195470466,0.08180090381119953,-1.9316385005714456,2.013439404382645,19.34353753912478,16.506793401815308,18.044171970217214,-0.0638882799007274
2025-02-17,1231.1904296875,1238.0787586965241,1213.5759643398394,1231.1904296875,8386151,0.0,0.0,ICICIBANK.NS,-0.00710253729550725,-0.007127880384978809,0.7935168583342296,1227.4682312011719,1247.6653149414062,1251.6438024902343,1207.8707470703125,1233.4700059930146,1239.876020800653,1227.4682312011719,1268.7385976719825,1186.1978647303613,0.06724469997960658,48.404903398102505,-0.20577293160749832,-1.5864653867786562,1.380692455171158,20.334608579150604,16.22174660480666,18.085233603950254,-0.0705370483054939
2025-02-18,1232.912442887429,1237.537415485285,1217.3153228151366,1223.2196044921875,8135042,0.0,0.0,ICICIBANK.NS,-0.006474079884892903,-0.006495127632450728,0.7819054869184716,1229.5642578125,1245.9452026367187,1250.7975219726563,1208.4156518554687,1232.4937772786502,1239.2228280042425,1229.5642578125,1264.7748961481077,1194.3536194768924,0.05727336023617081,45.051938548547525,-1.064584380275619,-1.482089185478049,0.41750480520242994,20.34866294397776,15.956616740694193,17.901413625235605,-0.07655446570481249
2025-02-19,1215.150440982361,1244.2782088063445,1210.6238487061553,1241.52294921875,10683412,0.0,0.0,ICICIBANK.NS,0.014963253253418074,0.014852408147167488,0.808568589992888,1232.5114807128907,1244.6492138671874,1250.3551940917969,1209.0313409423827,1233.3536984158025,1239.313028836184,1232.5114807128907,1260.2342571270724,1204.788704298709,0.044985830717206285,53.08787678161574,-0.2652144615258294,-1.238714240687605,0.9734997791617757,21.56465870864835,16.57173943456264,18.03396898230626,-0.06273671630941563
2025-02-20,1235.323399403501,1243.8354301295267,1226.8606190775215,1230.009521484375,8398849,0.0,0.0,ICICIBANK.NS,-0.00927363263129366,-0.009316900470165417,0.7917965893007972,1234.5164733886718,1243.088515625,1250.128370361328,1209.6597094726562,1233.0352053747142,1238.948185410623,1234.5164733886718,1253.7741117410174,1215.2588350363262,0.031198673760074718,48.30253459564103,-0.5543551767971167,-1.1018424279095074,0.5474872511123907,20.840686435150847,16.537906962779918,17.816001402203266,-0.07142855168116212
2025-02-21,1221.3007691973355,1224.843314551203,1205.0148626007026,1213.28076171875,7786428,0.0,0.0,ICICIBANK.NS,-0.013600512413462273,-0.013693846610505519,0.7674272375456124,1234.7624877929688,1240.885234375,1249.7204821777343,1210.2478509521484,1231.153829788432,1237.9416197756477,1234.7624877929688,1252.6932181387265,1216.8317574472112,0.029043205512028904,42.3317951895172,-2.109060445828163,-1.3032860314932386,-0.8057744143349246,21.065605292768378,16.34198317478718,17.88591451492701,-0.08405759919080909
2025-02-24,1207.1304651110468,1212.2475818317712,1190.9429392289517,1198.9136962890625,11522480,0.0,0.0,ICICIBANK.NS,-0.011841501063063808,-0.011912170075588062,0.746498246033328,1233.357763671875,1238.37099609375,1249.3465454101563,1210.7997680664062,1228.0833408837302,1236.4111129722523,1233.357763671875,1257.2554368763908,1209.4600904673594,0.03875221595617008,37.98867945902101,-4.4491901872286235,-1.9324668626403159,-2.5167233245883076,20.728210760836856,16.49642460061559,17.92418557497901,-0.09490373210369639
2025-02-25,1207.0320830347105,1212.0015686679765,1201.5214435997075,1204.6212158203125,11059417,0.0,0.0,ICICIBANK.NS,0.004760575802008171,0.004749280096214643,0.7548125833216439,1232.0046997070312,1236.2139672851563,1249.1930358886718,1211.373637084961,1225.8488527824522,1235.164450338843,1232.0046997070312,1259.145991778193,1204.8634076358694,0.04406037099958466,40.5961150212057,-5.776621444382954,-2.7012977789888435,-3.0753236653941105,20.77741821494203,16.563500106924934,17.350658133358554,-0.09059495271226124
2025-02-27,1205.6052412387521,1215.1504493679895,1199.0120540726923,1202.9482421875,12008162,0.0,0.0,ICICIBANK.NS,-0.0013887964206850123,-0.0013897616922480358,0.7523755058869539,1230.3736450195313,1234.4092236328124,1249.0803625488281,1211.8857244873047,1223.6678422495995,1233.9010696270257,1230.3736450195313,1260.3822421978284,1200.3650478412342,0.0487796488485752,40.06434116353671,-6.884257830874731,-3.5378897893660213,-3.3463680415087094,20.81959007158459,16.339115543025986,17.33842973495445,-0.09185793118688736
2025-02-28,1196.6011747582393,1205.4575979266801,1180.9548031360748,1184.8909912109375,20215075,0.0,0.0,ICICIBANK.NS,-0.015010829513102175,-0.01512463230003271,0.7260708959251487,1227.9774841308595,1232.7796411132813,1248.7605480957031,1212.3438684082032,1219.974808817346,1231.9791057675711,1227.9774841308595,1264.1796482179975,1191.7753200437214,0.0589622603915434,34.77018516730931,-9.114075501260913,-4.653126931745,-4.460948569515914,20.780936181911265,15.993927763615634,17.47131180100151,-0.10548989695551689
2025-03-03,1191.188847446512,1197.5851526992194,1184.9401732626818,1186.9573974609375,8158881,0.0,0.0,ICICIBANK.NS,0.0017439631707285574,0.0017424442326830565,0.7290810999977086,1225.5493408203124,1231.161865234375,1248.3871020507813,1212.7938073730468,1216.830293450069,1230.2135485790757,1225.5493408203124,1265.8982679965156,1185.2004136441092,0.06584627127161763,35.81543021581949,-10.59237801508175,-5.84097714841235,-4.7514008666694,20.58763638639953,15.885577913214064,17.355856391436774,-0.10392990427996265
2025-03-04,1187.8923015092375,1197.2407475483415,1187.0066352283177,1191.0904541015625,9574490,0.0,0.0,ICICIBANK.NS,0.0034820598022020643,0.003476011468342555,0.735101863790758,1223.4533203125,1229.4614306640624,1248.0613818359375,1213.231727294922,1214.3788801787825,1228.6793095799576,1223.4533203125,1266.4393526652225,1180.4672879597774,0.07026999990770853,37.95687066422917,-11.300178850702878,-6.932817488870455,-4.3673613618324225,20.324066428704636,13.293881435502296,17.366464412166575,-0.10080973461970064
2025-03-05,1197.5852173719204,1206.3923901078597,1191.9761974350436,1196.305908203125,9052846,0.0,0.0,ICICIBANK.NS,0.004378722105951693,0.004369163395444434,0.7426993926778167,1220.8701965332032,1227.8564477539062,1247.9895458984374,1213.6984075927735,1212.6576447525294,1227.409764427925,1220.8701965332032,1263.862455862388,1177.8779372040183,0.07042887843648932,40.647890982543245,-11.309899077338514,-7.808233806564067,-3.5016652707744473,19.65280806222188,13.312034087547591,17.379428952955514,-0.0968724303272234
2025-03-06,1208.3604997504162,1208.3604997504162,1189.7128566225836,1198.6185302734375,11949475,0.0,0.0,ICICIBANK.NS,0.0019331360435945744,0.0019312699406798962,0.7460682676869526,1218.4273071289062,1226.295751953125,1247.8547326660157,1214.2232385253906,1211.3205862307111,1226.2806964218667,1218.4273071289062,1260.5985993858737,1176.2560148719388,0.06922250020206726,41.852243071106436,-11.004144228468704,-8.447415890944994,-2.55672833752371,19.57197395623861,13.317798685286947,16.622510540345573,-0.09512656187032506
2025-03-07,1191.7792822265046,1198.4215993904008,1187.0559287614878,1195.17431640625,6620284,0.0,0.0,ICICIBANK.NS,-0.002873486251211088,-0.0028776226386309734,0.7410509645260781,1215.58095703125,1224.4654223632813,1247.4517663574218,1214.7788989257813,1209.7828462474292,1225.0608383820386,1215.58095703125,1255.8228920796469,1175.339021982853,0.06621020972009588,40.53308422586334,-10.913941459033367,-8.940721004562668,-1.9732204544706988,19.058863866879,13.238774544785025,15.789098290789862,-0.09772670325387674
2025-03-10,1188.7287844485525,1206.2448692222129,1188.7287844485525,1195.469482421875,7363437,0.0,0.0,ICICIBANK.NS,0.0002469648247733769,0.00024693433398103806,0.7414809428724538,1213.5119934082031,1222.8948828125,1247.17328125,1215.2218841552735,1208.4196687402336,1223.9003930502674,1213.5119934082031,1253.4033018511425,1173.6206849652638,0.06574522321926597,40.70556995901179,-10.69534836539151,-9.291646476728436,-1.4037018886630737,18.42275604686113,12.4170115467223,15.61606716743485,-0.09750387348724807
2025-03-11,1197.7819082260587,1228.0906025562624,1197.7819082260587,1225.5321044921875,10927950,0.0,0.0,ICICIBANK.NS,0.0251471263067371,0.02483614015002983,0.785274184103643,1212.6657165527345,1222.1814477539062,1247.3125231933593,1215.827622680664,1210.0494245261339,1223.9643817342642,1212.6657165527345,1250.6437216968254,1174.6877114086435,0.062635571577057,55.01670840944527,-8.004043772280738,-9.034125935838897,1.0300821635581592,19.308400865735344,13.737506524858963,16.018337635181414,-0.07480868940249091
2025-03-12,1227.0573656262773,1231.9776006544478,1215.5933141089804,1224.105224609375,11548372,0.0,0.0,ICICIBANK.NS,-0.0011642941686980102,-0.0011649724857117872,0.7831955997815641,1212.232733154297,1221.4001123046876,1247.1103015136719,1216.4367138671876,1211.3880721531093,1223.9699049842686,1212.232733154297,1249.4354442330787,1175.0300220755153,0.06137882613015767,54.34624502027353,-5.91808279941506,-8.410917308554131,2.4928345091390707,18.07482418325521,13.693087469474202,16.01890299316657,-0.0758858842503497
2025-03-13,1231.0919570840585,1235.5692985318378,1225.4336872491594,1230.10791015625,8132940,0.0,0.0,ICICIBANK.NS,0.004903733295305912,0.004891749157233284,0.7919399154162559,1212.146630859375,1220.6020483398438,1247.0217358398438,1217.0897222900392,1213.170913867694,1224.2106110694444,1212.146630859375,1249.16588805427,1175.1273736644798,0.061080493485593516,56.73493968603109,-3.737493642582649,-7.476232575359835,3.738738932777186,17.681200102573616,13.73927191134272,15.935029003798052,-0.0713542750922859
2025-03-17,1236.9964228158067,1253.626722273369,1234.7330664957105,1248.7557373046875,11164812,0.0,0.0,ICICIBANK.NS,0.015159505108839566,0.015045748037796704,0.8191048377187422,1213.1356018066406,1220.6797900390625,1247.0364978027344,1217.957681274414,1216.5599446712174,1225.173165039454,1213.1356018066406,1252.995745964035,1173.2754576492462,0.06571424348281166,63.18010431316616,-0.4988863694900374,-6.0807633341858764,5.581876964695839,17.575782476391232,14.414110077539782,15.932064405597787,-0.05727646548124549
2025-03-18,1248.7557373046875,1248.7557373046875,1248.7557373046875,1248.7557373046875,0,0.0,0.0,ICICIBANK.NS,0.0,0.0,0.8191048377187422,1213.5735107421874,1220.7762280273437,1247.2077233886719,1218.7685650634767,1219.62621063631,1226.0979717949535,1213.5735107421874,1254.8437159600192,1172.3033055243557,0.06801434746642096,63.18010431316616,2.04416931591868,-4.455776804164966,6.499946120083646,15.980223727119924,14.40529402888154,15.913523987379538,-0.05727646548124549
2025-03-19,1284.771625690972,1297.2690935608202,1281.3767118900164,1292.1519775390625,11278014,0.0,0.0,ICICIBANK.NS,0.03475158426742553,0.0341613827085194,0.8823216127780065,1216.6215881347657,1221.4424243164062,1247.8015942382813,1219.7605743408203,1226.5334265318102,1228.6883249613893,1216.6215881347657,1270.4610098668754,1162.782166402656,0.08850643825029003,73.73869997968796,7.475104822432058,-2.069600478845561,9.54470530127762,18.51061543263555,17.482940983721605,16.671271743042347,-0.024515329130531706
2025-03-20,1298.9420363179743,1303.1242360561191,1290.1348637421092,1300.6148681640625,10886735,0.0,0.0,ICICIBANK.NS,0.0065494545317477115,0.0065281000438685965,0.8946497925950221,1220.4913513183594,1222.5829345703125,1248.453525390625,1220.6048913574218,1233.588801925358,1231.5089737144353,1220.4913513183594,1286.1548984553606,1154.8278041813583,0.10760182293151398,75.23044020409023,12.320027279701435,0.8083250728638383,11.511702206837597,18.285685219686457,17.26485657099415,16.484308852593912,-0.018126436632255227
2025-03-21,1295.005932648197,1327.47948567053,1290.676101553966,1321.673583984375,60494318,0.0,0.0,ICICIBANK.NS,0.01619135405551586,0.016061672028247584,0.9253267381981378,1224.4988830566406,1224.1711865234374,1248.948009033203,1221.9864697265625,1241.9778287881215,1235.0448407838448,1224.4988830566406,1303.9110545243518,1145.0867115889293,0.1297055841643229,78.50277166600343,17.655405084826498,4.17774107525637,13.477664009570127,19.164298742969226,17.7738451365616,16.64087872236368,-0.002228574130017022
2025-03-24,1334.3185449313019,1351.0965951268047,1323.592528220555,1336.4835205078125,9352280,0.0,0.0,ICICIBANK.NS,0.011205441875285826,0.011143125997325858,0.9469008750539507,1229.8225830078125,1226.3026342773437,1249.206815185547,1223.2606274414063,1250.9783708566636,1239.0228282240005,1229.8225830078125,1323.741078364235,1135.90408765139,0.15273503130300842,80.45806762241375,22.81576263105535,7.905345386416166,14.910417244639184,20.35921657540835,17.968664511068507,16.733747962908065,0.0
2025-03-25,1337.3198832805363,1342.0433569660177,1308.8317704607064,1322.263916015625,16419207,0.0,0.0,ICICIBANK.NS,-0.010639565901107817,-0.01069657078105461,0.9261866948908897,1235.2717407226562,1228.5452758789063,1249.5172814941407,1224.455150756836,1257.7674703956122,1242.2871846079856,1235.2717407226562,1337.4337892000833,1133.109692245229,0.1654082176568865,73.54163257642959,25.464441687771796,11.417164646687294,14.047277041084502,21.996947748116018,17.86640438686209,16.67609627619585,-0.010639565901107853
2025-03-26,1322.608385783058,1336.3357930453642,1310.2585481884407,1314.58837890625,10859639,0.0,0.0,ICICIBANK.NS,-0.005804845021033067,-0.0058217586195317235,0.9150054796454721,1241.0554748535155,1230.4267724609374,1249.9468188476562,1225.556171875,1263.1789854918636,1245.1225255608588,1241.0554748535155,1347.5561195721243,1134.5548301349068,0.17162914450891775,70.04157989883086,26.63713096065908,14.461157909481653,12.175973051177426,22.766612666017895,18.004258402208997,16.710062309576735,-0.01638264989099393
2025-03-27,1311.8822515956433,1329.9394896015347,1311.8822515956433,1315.326416015625,15109614,0.0,0.0,ICICIBANK.NS,0.0005614206859101412,0.0005612631482773568,0.9160806033353763,1246.5907348632813,1232.36337890625,1250.3881640625,1226.650639038086,1268.1454074465078,1247.875619304183,1246.5907348632813,1356.5689864916149,1136.6124832349478,0.1764464447754704,70.18849933708968,27.311222314687257,17.031170790522776,10.280051524164481,22.724440871593515,17.772550983029134,16.699502898223223,-0.015830426763622653
2025-03-28,1314.6867654992452,1336.2865486646785,1306.027104024632,1326.8397216796875,8266544,0.0,0.0,ICICIBANK.NS,0.008753192761792539,0.008715105664465017,0.9328524262035027,1252.7853088378906,1234.3167114257812,1251.0883142089845,1227.8299908447266,1273.735342135382,1250.972250769889,1252.7853088378906,1366.3125399620244,1139.2580777137568,0.181239722917,72.45767187777898,28.446557903555686,19.31424821312936,9.132309690426325,24.059929666457574,17.847528933765837,16.73686081150649,-0.007215800778793536
2025-04-01,1318.6230094191676,1330.7759661157215,1294.4154767036698,1297.416748046875,14288024,0.0,0.0,ICICIBANK.NS,-0.022175228214878162,-0.02242479495403654,0.8899909825467591,1258.4115966796876,1236.147041015625,1251.3023449707032,1228.855641479492,1275.9907141269528,1252.7936036042806,1258.4115966796876,1368.8835771083006,1147.9396162510745,0.1755736846673899,59.90782457200277,26.664756745737577,20.784349919651007,5.8804068260865705,25.40595856919981,19.194361477907307,17.17650051466028,-0.02923101696464886
2025-04-02,1301.0577695360655,1316.605640115626,1301.0577695360655,1310.0125732421875,8042214,0.0,0.0,ICICIBANK.NS,0.00970838800583862,0.009661564417459344,0.9083397483328592,1264.56435546875,1238.0816772460937,1251.5867346191405,1230.0037860107423,1279.2308911855466,1255.0374847665516,1264.56435546875,1371.9437684383217,1157.184942499178,0.1698283088641516,62.87248334044348,25.969681988147386,21.821416333350285,4.1482656547971,24.446513707368645,19.219314152143927,16.864465651046043,-0.019806415013308248
2025-04-03,1300.8608684683468,1311.7346357410256,1300.172083625529,1308.3397216796875,4591008,0.0,0.0,ICICIBANK.NS,-0.0012769736693135636,-0.0012777896949591084,0.9059028487221337,1270.4268188476562,1240.7071166992187,1252.0871240234376,1231.151859741211,1282.0031607564172,1257.1277685670668,1270.4268188476562,1373.638003506187,1167.2156341891255,0.16248269184390918,62.21448909530792,24.995710107691593,22.456275088218547,2.5394350194730464,24.102104105227877,19.0555805526536,16.60732768014418,-0.021058096412166338
2025-04-04,1308.3397764539347,1317.196199721689,1301.0085540085365,1313.998046875,8648542,0.0,0.0,ICICIBANK.NS,0.004324813426934915,0.0043154882979737465,0.9141455229527207,1276.31142578125,1243.3610961914062,1252.8394299316406,1232.2443194580078,1285.0502927677107,1259.357975559535,1276.31142578125,1375.0525296579083,1177.5703219045915,0.1547288567384209,63.60205471085327,24.399151697186426,22.84485041001212,1.5543012871743045,24.439502090277138,18.889800049758996,16.61456670778336,-0.016824355323340524
2025-04-07,1274.5868794921314,1303.8622778051142,1244.8194576780902,1267.009765625,19185012,0.0,0.0,ICICIBANK.NS,-0.03575978013190306,-0.036414824679905186,0.8456960999114647,1279.7309875488281,1245.0497216796875,1253.0190185546876,1232.9964678955077,1283.3321473255478,1259.6580457581806,1279.7309875488281,1371.6440395866828,1187.8179355109735,0.14364433296079376,47.87838091136717,19.90535669810447,22.25695166763059,-2.351594969526122,27.70091473883362,21.510389912610535,17.66886319183092,-0.05198250020801987
2025-04-08,1279.113469327377,1289.1508208042862,1266.8128818235116,1279.1627197265625,13085762,0.0,0.0,ICICIBANK.NS,0.009591839330115759,0.00954612969975415,0.8633997203540367,1283.9304077148438,1246.8347827148436,1253.307344970703,1233.7491339111327,1282.9350589827873,1260.4229349334112,1283.9304077148438,1366.8074035578616,1201.053411871826,0.12909889094460086,51.2362007853781,17.127201892702715,21.231001712645018,-4.103799819942303,29.296481808888952,21.440028875470205,17.642950707404122,-0.04288926866787725
2025-04-09,1284.1320386492785,1284.2796697185806,1264.008326268558,1280.04833984375,13005622,0.0,0.0,ICICIBANK.NS,0.0006923435959553803,0.0006921040366931204,0.8646898332171289,1288.1593505859375,1248.2685400390626,1253.7708325195313,1234.4972033691406,1282.660133350498,1261.1925586553853,1288.1593505859375,1359.9160874139243,1216.4026137579508,0.11140972084757553,51.48150056426061,14.826050850608226,19.95001154023766,-5.123960689629435,27.27919517988109,20.96629132579316,17.553381317263838,-0.04222661918241932
2025-04-11,1284.2796640863085,1303.8622226242683,1284.2796640863085,1290.7252197265625,13064247,0.0,0.0,ICICIBANK.NS,0.008340997406485195,0.00830640351951399,0.8802432062798922,1291.4190063476562,1249.542880859375,1254.3091076660157,1235.2428015136718,1283.4282368148852,1262.350702226804,1291.4190063476562,1356.840383343922,1225.9976293513905,0.10131704222208726,54.45599015917576,13.705913804284592,18.701191993047047,-4.995278188762455,28.052374498917402,20.63253032174658,17.598825903223997,-0.034237833897019246
2025-04-15,1329.4474418665204,1332.6948448810174,1314.8834988213314,1328.66015625,15202603,0.0,0.0,ICICIBANK.NS,0.029390404668372394,0.028966786907249274,0.9355043149874163,1296.6467529296874,1251.4824340820312,1255.261173095703,1236.0422155761719,1287.7360386658486,1264.9510729728117,1296.6467529296874,1355.8323931618575,1237.4611126975174,0.09129030724589254,63.109613481359986,15.698269586906008,18.10060751181884,-2.402337924912832,28.421391715909603,22.048680470039137,18.263099614650642,-0.005853693021848801
2025-04-16,1335.35175670462,1338.0086355110902,1321.4767182608662,1334.7613525390625,14039073,0.0,0.0,ICICIBANK.NS,0.0045919916092633795,0.004581480581212107,0.9443921345615316,1301.8794250488281,1253.4662744140626,1256.3170556640625,1236.7743267822266,1292.2146399871071,1267.6887309950177,1301.8794250488281,1354.4284557908773,1249.330394306779,0.08072795334341847,64.28499211564674,17.567039552623783,17.99389391997983,-0.42685436735604654,27.500599295037773,22.00471194878317,18.25373684137446,-0.001288581521825007
2025-04-17,1340.271938683508,1386.4237644145942,1338.4022254639915,1384.2587890625,17490424,0.0,0.0,ICICIBANK.NS,0.037083360579238,0.03641231230321847,1.0164967291949112,1308.6545776367188,1256.495166015625,1257.8536437988282,1237.7446563720703,1300.980749422859,1272.2601058211935,1308.6545776367188,1366.9872579520081,1250.3218973214296,0.0891490868745998,72.06199654660597,22.779494837575612,18.951014103498988,3.8284807340766243,28.81851539291066,23.32360575770117,19.09618574172834,0.0
2025-04-21,1413.0915548092914,1413.0915548092914,1382.2908342910866,1387.3095703125,16882426,0.0,0.0,ICICIBANK.NS,0.002203909611486754,0.0022014845651006916,1.0209409057179153,1315.5822692871093,1259.5309521484376,1259.150126953125,1238.829268798828,1309.2025418885391,1276.771849526735,1315.5822692871093,1376.8009646312498,1254.3635739429687,0.09306707269217586,72.46004674020045,26.84709910826382,20.530231104451957,6.316868003811862,29.155906511573612,23.317890168301666,19.066708425674047,0.0
2025-04-22,1390.2616620074302,1396.1659440599142,1376.5833845612567,1393.902587890625,16135274,0.0,0.0,ICICIBANK.NS,0.004752376628267552,0.004741119737028354,1.030545178045359,1320.6697998046875,1262.7487866210938,1260.2871936035156,1239.8870880126954,1317.269212936357,1281.3652118155148,1320.6697998046875,1390.0568083455635,1251.2827912638115,0.10507851175386541,73.3439330193267,30.25395742790397,22.47497636914236,7.778981058761609,29.26485804677119,23.312111457403333,19.054811498541387,0.0
2025-04-23,1406.2031056627204,1407.0887719511927,1388.7855225220842,1401.676513671875,13990764,0.0,0.0,ICICIBANK.NS,0.005577094015597028,0.005561599609246617,1.0418697194062352,1325.722882080078,1265.82294921875,1261.462637939453,1241.0874389648438,1325.3080034825969,1286.0833020843916,1325.722882080078,1403.2074953322824,1248.2382688278738,0.11689413270234857,74.38774401380479,33.1985162030162,24.61968433591713,8.578831867099069,28.410844103132767,23.31032016069504,19.0504219950403,0.0
2025-04-24,1393.7057666784372,1398.5275007158652,1376.4849447649922,1380.3226318359375,15678099,0.0,0.0,ICICIBANK.NS,-0.015234529242412864,-0.015351766914251545,1.0107627954567437,1328.6553344726562,1268.4798754882813,1262.466365966797,1242.1273602294923,1330.5474918972006,1289.7789620746482,1328.6553344726562,1409.8453136950716,1247.465355250241,0.12221375569103429,66.66542758206674,33.423732462097405,26.380493961153185,7.04323850094422,27.613064067049272,24.051376150980623,19.23302314652901,-0.015234529242412868
2025-04-25,1387.5061560869792,1392.2296293483562,1366.2507666566128,1382.38916015625,11705093,0.0,0.0,ICICIBANK.NS,0.0014971342732850168,0.0014960146850788417,1.0137731773532686,1330.950616455078,1271.0856323242188,1263.6319702148437,1243.0244372558593,1335.4847936361577,1293.4107345484365,1330.950616455078,1415.5944990488001,1246.306733861356,0.12719312279093709,67.02222098729078,33.384137973116594,27.78122276354587,5.602915209570725,28.09806196869158,23.962980091590225,19.233213226147058,-0.013760203104994071
2025-04-28,1383.1763860592027,1412.1073907727903,1381.4051736009749,1406.00634765625,10948561,0.0,0.0,ICICIBANK.NS,0.01708432631034995,0.016940030355029,1.048177135430202,1335.1377380371093,1274.4687841796874,1264.898438720703,1244.0376489257812,1342.2011321142618,1297.8262487879588,1335.1377380371093,1426.026972957918,1244.2485031163008,0.13614960064634524,70.86080444424888,34.8566627982957,29.196310770495835,5.660352027799867,29.46518090128578,24.170452264869702,19.34012470395311,0.0
2025-04-29,1406.0063095097996,1415.354755397171,1399.9051464358704,1406.9903564453125,10786910,0.0,0.0,ICICIBANK.NS,0.0006998608439447995,0.0006996160555495727,1.0496105744087525,1339.7578369140624,1277.7594384765625,1266.1299731445313,1245.0477313232423,1348.3715344315046,1302.1071941862865,1339.7578369140624,1435.5126424332648,1244.00303139486,0.14294345273584613,71.01220249585158,35.69161984053153,30.495372584502974,5.196247256028556,29.412463990439214,23.475124129275954,19.340110300738306,0.0
2025-04-30,1410.1393895834246,1410.828174453101,1377.665837694902,1404.235107421875,14192027,0.0,0.0,ICICIBANK.NS,-0.001958257219614845,-0.001960177112122288,1.0455969097040176,1344.203271484375,1281.1888427734375,1267.2970532226564,1245.9796447753906,1353.6918747163018,1306.1122103916036,1344.203271484375,1443.3765430530243,1245.0299999157255,0.14755695611294634,69.9168071820698,35.71925441203166,31.540148950008714,4.179105462022946,26.839874530531297,23.49353450505962,19.272901845564288,-0.001958257219614847
2025-05-02,1404.136620262742,1423.5222971739024,1401.8732642232824,1407.2855224609375,8842434,0.0,0.0,ICICIBANK.NS,0.0021722965213872847,0.0021699404966714587,1.0500405527551284,1348.2255615234376,1284.6979541015626,1268.4193579101564,1246.9514453125,1358.7960316443623,1310.0797912570677,1348.2255615234376,1450.8974002319849,1245.5537228148903,0.15230661936498588,70.46009473313367,35.57718635108631,32.34755643022424,3.229629920862074,26.790666956948826,23.504732290849923,19.094165025568092,0.0
2025-05-05,1417.0276759030696,1423.719243532893,1403.251017942901,1406.5968017578125,4565705,0.0,0.0,ICICIBANK.NS,-0.000489396566746847,-0.0004895163603325928,1.0490372699469184,1353.6845642089843,1288.2503637695313,1269.3335375976562,1247.9429742431641,1363.3484859408813,1313.8647720610186,1353.6845642089843,1456.591581673354,1250.7775467446145,0.15203987721393983,70.15204908661863,35.00550076176478,32.87914529653235,2.126355465232429,26.80472996694664,23.3308322793988,18.73848259883286,-0.0004893965667468999
2025-05-06,1406.2030986214052,1410.8280712604956,1397.740318833432,1408.7615966796875,6301690,0.0,0.0,ICICIBANK.NS,0.0015390301749369506,0.0015378470817191535,1.052190800134937,1358.6220153808595,1291.62564453125,1270.3456286621094,1248.972401123047,1367.6735441064818,1317.5862161637115,1358.6220153808595,1462.1802633031496,1255.0637674585694,0.1524460030088057,70.5873250464631,34.331366054363116,33.169589448098506,1.1617766062646098,26.038577798842734,23.311703990122687,18.738546846925132,0.0
2025-05-07,1402.2669857299177,1418.9957848579238,1398.3307976997987,1412.5010986328125,10480453,0.0,0.0,ICICIBANK.NS,0.00265446045799278,0.0026509436000301152,1.0576382594661515,1363.8300842285157,1295.2518579101563,1271.4585864257813,1250.034916381836,1371.9428350137514,1321.3083684174019,1363.8300842285157,1467.2175952479502,1260.4425732090813,0.15161347768320882,71.36418266777869,33.71026504562951,33.27772456760471,0.432540478024805,24.516817941962035,21.428108226195835,18.718865416800867,0.0
2025-05-08,1415.6500090207114,1425.7857413048096,1403.3494213569647,1412.5994873046875,15306490,0.0,0.0,ICICIBANK.NS,6.965564272487512e-05,6.96532168832418e-05,1.0577815855816097,1368.76015625,1299.0394555664063,1272.4923291015625,1251.0493853759765,1375.8148971366977,1324.8884122953345,1368.76015625,1471.5442972980009,1265.976015201999,0.15018575837215958,71.38559715164591,32.84733355055323,33.19164636419441,-0.3443128136411815,24.938560991792087,21.41873426788169,18.719279835251314,0.0
2025-05-09,1392.6232842813388,1397.2483773146432,1364.8732065732167,1366.742919921875,13491197,0.0,0.0,ICICIBANK.NS,-0.03246254001571891,-0.03300113649772908,0.9909807685160572,1373.7468139648438,1301.5438549804687,1273.0965344238282,1251.7838372802735,1374.9508993067145,1326.5297655355912,1373.7468139648438,1464.7475027868702,1282.7461251428174,0.13248538653113884,51.90349688910403,28.138845282556304,32.18108614786679,-4.0422408653104895,24.657408767216307,23.339952166415152,19.54782965857022,-0.03246254001571896
2025-05-12,1386.9158758891217,1429.8203013758846,1381.601998025975,1425.39208984375,9925445,0.0,0.0,ICICIBANK.NS,0.04291163251478736,0.042016448090675215,1.0764170035986274,1381.058282470703,1305.4515063476563,1274.270010986328,1252.8195837402343,1379.7548222150037,1330.4067194300287,1381.058282470703,1463.1202330002413,1298.9963319411647,0.11883922868588874,65.04355855427863,28.807754407864422,31.50641979986632,-2.698665392001896,26.96288454834522,26.157272969289693,20.74768330375088,0.0
2025-05-13,1417.126034216079,1424.8016487219365,1404.6286855985884,1407.777587890625,12475424,0.0,0.0,ICICIBANK.NS,-0.012357653784269229,-0.012434644528631566,1.0507573611563856,1387.4447448730468,1309.3414428710937,1275.113338623047,1253.8038452148437,1382.4236570412534,1333.4408711343658,1387.4447448730468,1455.0075070001783,1319.8819827459154,0.09739164370587393,59.762669186283325,27.59838955641385,30.724813751175827,-3.1264241947619773,27.047230601666943,26.235635183724682,20.78953696143295,-0.0123576537842692
2025-05-14,1407.088799803615,1417.7164351068907,1394.6898318883327,1403.44775390625,8026837,0.0,0.0,ICICIBANK.NS,-0.0030756520217534167,-0.0030803915600414416,1.0444499451324192,1393.0808715820312,1313.4321240234376,1275.9015600585938,1254.8367041015624,1384.4259519807767,1336.1862390862045,1393.0808715820312,1443.2355034038917,1342.9262397601708,0.0720053413193494,58.50524123440157,25.990970058017638,29.77804501254419,-3.7870749545265525,27.384613015199047,26.174923829866582,20.71548359576613,-0.015395297963176936
2025-05-15,1403.152601872172,1433.2644152009339,1392.9184893353395,1427.6553955078125,18209264,0.0,0.0,ICICIBANK.NS,0.017248694534003794,0.017101624570260585,1.079714037726069,1398.0306335449218,1317.8928076171876,1277.0533874511718,1256.0088946533203,1388.5430418404944,1339.7732648282283,1398.0306335449218,1440.3425827434594,1355.7186843463842,0.060530789788560135,63.170873083549644,26.36649633309662,29.09573527665468,-2.729238943558059,28.467067083678444,26.522366220438258,20.887288653930508,0.0
2025-05-16,1430.115536446277,1435.4292940858757,1423.915992369514,1430.8043212890625,6439208,0.0,0.0,ICICIBANK.NS,0.002205662368634842,0.002203233466295927,1.0843011847166029,1402.832781982422,1322.4499291992188,1278.4295764160156,1257.3192736816407,1392.567925597501,1343.3431101796336,1402.832781982422,1435.6443013353926,1370.0212626294513,0.04677894582218539,63.74197807663324,26.61143554161299,28.598875329646344,-1.9874397880333525,27.433812728294033,26.463981978514727,20.876928301180044,0.0
2025-05-19,1423.4240376832488,1436.413410510274,1420.7671587350164,1425.8841552734375,6005334,0.0,0.0,ICICIBANK.NS,-0.003438741372539522,-0.0034446674330129096,1.0771338119998846,1404.9140502929688,1327.2697924804688,1280.024716796875,1258.5596844482423,1395.7408998523522,1346.5800139088026,1404.9140502929688,1438.0439989090403,1371.7841016768973,0.04716295435889883,62.12104420829071,26.107583381322684,28.100616939981613,-1.9930335586589294,26.358386628539897,25.475240629559387,20.583798641885913,-0.003438741372539501
2025-05-20,1427.0649116587983,1435.724573309837,1412.5994688048465,1415.25634765625,11352383,0.0,0.0,ICICIBANK.NS,-0.0074534860198017805,-0.007481402047710997,1.061651924170886,1406.3113891601563,1331.835771484375,1281.498818359375,1259.7201263427735,1397.599513928914,1349.273203467526,1406.3113891601563,1438.6632812674015,1373.959497052911,0.046009571360387934,58.65153719460949,24.56750278050663,27.393994108086616,-2.826491327579987,26.906636310232038,25.5840522624733,20.6358940804629,-0.010866596781595388
2025-05-21,1419.88149736354,1428.1475165201844,1415.5516663650185,1421.6527099609375,5510460,0.0,0.0,ICICIBANK.NS,0.004519578601629437,0.004509395975519753,1.0709697220913768,1407.6988952636718,1336.4470166015626,1282.9542236328125,1260.928403930664,1399.8902945033924,1352.1116154868755,1407.6988952636718,1440.1899877922704,1375.2078027350733,0.046161991940062895,60.096042194305774,23.591166507529124,26.63342858797512,-3.0422620804459974,25.458695746355993,25.560820251363005,20.566373545433855,-0.006396130618252528
2025-05-22,1418.11006923761,1422.2431385993382,1405.0223165661077,1419.0941162109375,7245933,0.0,0.0,ICICIBANK.NS,-0.0017997319120717226,-0.0018013533753075306,1.0672425317935947,1408.569775390625,1340.9027807617188,1284.3796142578126,1262.0973010253906,1401.719229904111,1354.7383802211525,1408.569775390625,1441.3139224178694,1375.8256283633805,0.046492758256386504,59.20505506002908,22.35328113402784,25.777399097185665,-3.4241179631578262,25.142394966542447,25.59271404251276,20.445993175385347,-0.008184351209936842
2025-05-23,1419.1925334305297,1428.639480716087,1411.5170389146704,1426.67138671875,5203706,0.0,0.0,ICICIBANK.NS,0.005339512313703443,0.005325307659345533,1.0782805987475181,1410.8872131347657,1345.463837890625,1285.879794921875,1263.3275012207032,1404.0956257912196,1357.5592824367448,1410.8872131347657,1441.718529719964,1380.0558965495675,0.043704863575446236,61.04694317953257,21.733144302032997,24.968548138155132,-3.235403836122135,24.90341041021564,22.85201579792135,20.450876169718192,-0.0028885393402984638
2025-05-26,1434.7404521515875,1448.1234666381572,1431.7883113035389,1437.2989501953125,5608725,0.0,0.0,ICICIBANK.NS,0.007449202090612506,0.007421593806403455,1.0937621309285874,1413.6327026367187,1350.3063305664064,1287.3858764648437,1264.6769384765626,1407.2578471630382,1360.6863282311986,1413.6327026367187,1443.544483347658,1383.7209219257795,0.04231902764437678,63.533811913158246,21.847393793021638,24.344317269128435,-2.4969234761067973,25.50086237395447,22.81537930999773,20.379393450409623,0.0
2025-05-27,1429.3282240162364,1439.660717201896,1412.7961868700127,1423.3255615234375,14842959,0.0,0.0,ICICIBANK.NS,-0.009721977929487924,-0.009769544904715297,1.073406621702102,1414.4986633300782,1354.8634521484375,1288.8791674804688,1266.0733435058594,1408.7881056735523,1363.1427687524629,1414.4986633300782,1444.4835259490821,1384.5138007110743,0.04239645239170772,58.26656754442188,20.573246078027978,23.590103030908345,-3.0168569528803673,25.94368688636577,23.143547566821816,20.248625929741657,-0.00972197792948793
2025-05-28,1424.5063806110309,1434.7404932016627,1419.487765050342,1430.6075439453125,8618343,0.0,0.0,ICICIBANK.NS,0.005116174836402809,0.005103131682379908,1.0840145324856856,1415.6795227050782,1358.9649609375,1290.573204345703,1267.534207763672,1410.86614741372,1365.788446211006,1415.6795227050782,1446.2733635711638,1385.0856818389925,0.043221421763065405,60.12199732554891,19.921428134657845,22.856368051658247,-2.9349399170004027,25.43057318661405,23.105524622767053,20.224487566529252,-0.0046555424319281065
2025-05-29,1433.3627849687755,1439.5623288964678,1421.9478642011566,1433.264404296875,15545514,0.0,0.0,ICICIBANK.NS,0.0018571552784039103,0.001855432897695771,1.0878848710749618,1417.1309875488282,1363.14814453125,1292.2741284179688,1268.9810382080077,1412.9993147359253,1368.4345622143735,1417.1309875488282,1448.1896354183098,1386.0723396793467,0.04383313630478552,60.80665972917504,19.395663014653337,22.164227044257267,-2.7685640296039296,23.279729184031225,21.76772461923333,20.215818295583574,-0.002807033218725479
2025-05-30,1436.6102684488903,1437.5943154688398,1421.2591589622632,1422.7352294921875,11803975,0.0,0.0,ICICIBANK.NS,-0.007346289193481237,-0.007373406063138461,1.0725466650093507,1417.9034729003906,1367.0006909179688,1293.8013696289063,1270.413516845703,1413.926544712712,1370.5640001468369,1417.9034729003906,1448.6984752568133,1387.108470543968,0.04343737489186052,56.65526839038299,17.92277140613146,21.315935916632107,-3.3931645105006467,19.940998830643156,21.947960152398473,20.240345943287767,-0.01013270113440628
2025-06-02,1418.9958296640707,1436.7086763589064,1409.9426449581042,1427.3602294921875,9458990,0.0,0.0,ICICIBANK.NS,0.0032507805416828184,0.003245508177726515,1.0792840593796926,1418.9416442871093,1370.5727807617188,1295.6262854003905,1271.8349731445312,1415.2059432631381,1372.7913032584192,1418.9416442871093,1449.5309827960643,1388.3523057781542,0.04311571040586866,58.01132186240037,16.933494260923453,20.439447585490377,-3.5059533245669243,20.36975791318891,19.310085741617062,19.93795159589011,-0.006914859780405768
2025-06-03,1431.6899803606145,1431.7883610343827,1409.1552804132207,1414.961181640625,11167345,0.0,0.0,ICICIBANK.NS,-0.008686698420884098,-0.008724647714823352,1.0612219458245096,1419.2516235351563,1373.8968896484375,1297.3365588378906,1273.139327392578,1415.1826326324226,1374.4450239792902,1419.2516235351563,1449.53067731784,1388.9725697524727,0.04266904230451079,53.205595001575354,14.97634744662264,19.346827557716832,-4.370480111094192,20.34164915623205,19.512583304644856,20.00415931928912,-0.015541490899754746
2025-06-04,1414.4691895072294,1417.1260683724902,1403.6446724484365,1408.1712646484375,8025388,0.0,0.0,ICICIBANK.NS,-0.004798659553553741,-0.0048102100865070945,1.0513308434421842,1419.0351318359376,1376.217275390625,1298.8298498535157,1274.4316271972657,1414.5148833006144,1375.7676216525902,1419.0351318359376,1449.5781734549357,1388.4920902169395,0.043047618672388696,50.72732241229231,12.73065388679197,18.02359282353186,-5.2929389367398905,18.422754160407717,19.537858337176793,19.3095858134938,-0.020265572129525927
2025-06-05,1408.072806574806,1435.724501880477,1404.5302615748733,1431.591552734375,11385668,0.0,0.0,ICICIBANK.NS,0.016631704306069972,0.016494912152743933,1.0854479714642356,1419.9847351074218,1378.8368090820313,1300.7098718261718,1275.873994140625,1416.1412327704963,1377.9567954205033,1419.9847351074218,1450.8643958181501,1389.1050743966935,0.043492947420159814,57.99513633924211,12.69441377826115,16.95775701447772,-4.263343236216571,19.82853548821072,20.047837334712558,19.461428462692577,-0.003970918826707506
2025-06-06,1425.4904326139017,1438.0862820195339,1419.0941272375726,1436.413330078125,11580994,0.0,0.0,ICICIBANK.NS,0.0033681236345242116,0.003362464210315399,1.0924720180654948,1423.4682556152343,1381.1316040039062,1302.651395263672,1277.2145123291016,1418.0719087045563,1380.2492085443316,1423.4682556152343,1442.5077625335412,1404.4287486969274,0.026750869706016513,59.325348991198204,12.905998053663097,16.147405222314795,-3.2414071686516976,20.06752856011813,19.473238792048477,19.46143310430926,-0.0006161697377342093
2025-06-09,1441.6289396983907,1443.40027245163,1410.5330766960358,1411.9107666015625,11022031,0.0,0.0,ICICIBANK.NS,-0.01705815656502563,-0.017205322909672707,1.0567783027733983,1422.794189453125,1382.6401489257812,1304.4713916015626,1278.4883618164063,1417.485133266176,1381.4908382720662,1422.794189453125,1442.490170998301,1403.098207907949,0.02768633958611606,50.56260730038836,10.97007186043561,15.111938549938959,-4.141866689503349,20.763392220875534,20.194496209387598,19.714820267369358,-0.01766381558290294
2025-06-10,1416.0435714397854,1418.7004501751119,1393.902514902332,1400.200439453125,12905272,0.0,0.0,ICICIBANK.NS,-0.008293956973374428,-0.008328543205088669,1.0397194720264258,1422.41533203125,1384.1988793945313,1306.3720776367188,1279.6861932373047,1415.8389719506472,1382.2245481223038,1422.41533203125,1443.5653430081593,1401.2653210543408,0.02973816507827769,46.99029003930292,8.394148354066374,13.768380510764443,-5.374232156698069,21.613875535793063,19.74886036692703,19.65457518954862,-0.025811269629847176
2025-06-11,1399.1180802484353,1411.6154291671444,1395.9690577575766,1408.1712646484375,7136877,0.0,0.0,ICICIBANK.NS,0.0056926315481129475,0.005676489751701902,1.0513308434421837,1422.6515075683594,1386.070537109375,1308.2486547851563,1280.9465118408202,1415.1087141123414,1383.2420664174465,1422.6515075683594,1443.0000129500568,1402.303002186662,0.028606451085800563,49.60044449803956,6.91616415976705,12.397937240564966,-5.481773080797916,21.50141477696002,19.818523407314046,19.529264673337266,-0.020265572129525927
2025-06-12,1407.679242298958,1413.5835243358638,1397.3467487343728,1402.4637451171875,7953247,0.0,0.0,ICICIBANK.NS,-0.004053143019272509,-0.004061379266097289,1.0430165061538679,1421.3919250488282,1387.8132836914062,1310.088331298828,1282.0983386230469,1413.9044313508982,1383.995857739005,1421.3919250488282,1443.480592466316,1399.3032576313403,0.03108033333836344,47.786013784421115,5.224081946244496,10.963166181700872,-5.739084235456376,21.438152905536754,19.84673535362114,19.548451711687605,-0.024236575886590117
2025-06-13,1381.2083238229704,1398.822788875249,1381.2083238229704,1393.5089111328125,7573103,0.0,0.0,ICICIBANK.NS,-0.006385073422077503,-0.006405545192410762,1.029971695759559,1419.5271545410155,1389.1466674804688,1311.731689453125,1283.1443804931641,1411.9620008539378,1384.3689186564093,1419.5271545410155,1444.3926483467037,1394.6616607353274,0.03503348805430649,45.00435305615669,3.1244970799589282,9.395432361352483,-6.270935281393555,21.424105860880314,19.92140879193629,19.590970272300115,-0.030466896992131967
2025-06-16,1394.000986381205,1406.2031934701922,1391.639249505445,1404.13671875,5451137,0.0,0.0,ICICIBANK.NS,0.00762665206679447,0.0075977161853943535,1.045453583588558,1418.4397827148437,1391.2810668945312,1313.714053955078,1284.1953430175781,1411.216735891658,1385.144126503217,1418.4397827148437,1444.026363166371,1392.8532022633162,0.036077076747742666,48.81269918442693,2.291718694582869,7.97468962799856,-5.6829709334156915,20.54549254894203,20.051461652605298,19.608501540402663,-0.023072605348251406
2025-06-17,1404.1366513466178,1406.990411596049,1395.1818479070278,1400.49560546875,6970098,0.0,0.0,ICICIBANK.NS,-0.0025931330137790587,-0.0025965010068886548,1.0401494503728022,1417.7017456054687,1393.0907275390625,1315.5862023925781,1285.163890991211,1410.195675851381,1385.746145286179,1417.7017456054687,1444.4979059116433,1390.905585299294,0.03780225338543352,47.596626700092884,1.3226813651474458,6.644287975428338,-5.3216066102808925,20.299480801634918,20.059992355297947,19.6202133386065,-0.025605908027388
2025-06-18,1394.3945278693373,1409.1552321163663,1387.7029605615166,1390.064697265625,6751745,0.0,0.0,ICICIBANK.NS,-0.007448012091143763,-0.007475887028025252,1.0249543925986853,1416.1223449707031,1394.7252270507813,1317.716171875,1286.0925848388672,1408.278439795595,1385.915500265765,1416.1223449707031,1445.5340099615348,1386.7106799798714,0.04153831071910692,44.199464651485464,-0.2837044489347136,5.258689490555729,-5.5423939394904425,20.57360986303052,20.152073760282764,19.668451485076268,-0.032863207005939095
2025-06-19,1385.538241229197,1392.1313083904192,1382.2908379271437,1388.78564453125,8849883,0.0,0.0,ICICIBANK.NS,-0.0009201389956100536,-0.0009205625833553436,1.0230911530977234,1414.6069213867188,1396.2209790039062,1319.7910375976562,1287.0244775390624,1406.4219831037526,1386.028054942843,1414.6069213867188,1446.4006720871835,1382.8131706862541,0.0449506505585279,43.78676513350756,-1.641068430812993,3.8787379062819847,-5.519806337094978,20.109703717080443,20.15187125639717,19.58807452387145,-0.03375310728326219
2025-06-20,1388.7856250535913,1410.4346597691706,1387.7030772194692,1404.33349609375,12408178,0.0,0.0,ICICIBANK.NS,0.01119528533703118,0.011133081955986206,1.0457402358194758,1413.4900268554688,1398.9674536132814,1322.0085876464843,1287.9981927490235,1406.2230795789906,1386.7459153801335,1413.4900268554688,1445.0679843499631,1381.9120693609746,0.04468083522986635,49.90941814720542,-1.445544150309388,2.8138814949637103,-4.259425645273098,19.82152879914468,17.98907537412428,19.656182649028032,-0.022935697613278624
2025-06-23,1394.394668602004,1400.4957122573712,1389.3760526760818,1397.4451904296875,5514384,0.0,0.0,ICICIBANK.NS,-0.004905035508462108,-0.004917104677775477,1.0357058073216918,1411.4973388671874,1401.3331030273437,1324.0839428710938,1288.933776245117,1405.3870901362,1387.1654947938416,1411.4973388671874,1441.7513546413281,1381.2433230930467,0.04286797423000658,47.44390023774708,-1.8253766427710616,1.886029867416756,-3.7114065101878175,19.273268998895123,12.926368620125746,19.680276467210227,-0.027728232710536198
2025-06-24,1404.9238929302046,1412.993150628414,1393.9026142728064,1401.38134765625,11188438,0.0,0.0,ICICIBANK.NS,0.002816680935695315,0.0028127215231405966,1.0414397410598593,1410.400128173828,1403.7597631835938,1326.014151611328,1289.801705932617,1405.0055908523952,1387.7229792198184,1410.400128173828,1440.4388750309893,1380.361381316667,0.04259606370860878,48.994457247356934,-1.7881687410963423,1.1511901457141365,-2.9393588868104787,19.67392188686326,12.469924108651336,19.549021567362093,-0.02498965335929711
2025-06-25,1399.3147727333048,1406.104720760603,1392.7217061711412,1403.05419921875,7527388,0.0,0.0,ICICIBANK.NS,0.0011937161610562352,0.0011930042484110828,1.043876640670585,1409.0224609375,1406.0063427734376,1327.7746118164061,1290.733844604492,1404.8197440301433,1388.324203533502,1409.0224609375,1437.6533741730273,1380.3915477019727,0.04063939934140942,49.67401526981319,-1.6051924115383827,0.5999136342636326,-2.2051060458020153,18.401691478567404,12.443413848026013,19.542150848805974,-0.023825767751315084
2025-06-26,1402.0701682033073,1424.4079863300926,1399.0195265038492,1416.1419677734375,13617435,0.0,0.0,ICICIBANK.NS,0.009328056294600096,0.009284818651615668,1.0629420370339786,1408.1663391113282,1407.7559790039063,1329.6192065429686,1291.733389892578,1405.898051053314,1389.4150962487938,1408.1663391113282,1434.6916808510755,1381.6409973715809,0.037673591539600426,54.75315705110795,-0.39950358018222687,0.4000301913744608,-0.7995337715566877,18.85857041030184,11.678726112701177,19.523331020574147,-0.014719959559561362
2025-06-27,1415.9451910518737,1442.6128395732899,1414.1738584793554,1438.8734130859375,22532899,0.0,0.0,ICICIBANK.NS,0.016051671251746003,0.015924205394335818,1.0960557044238555,1408.9732482910156,1409.8382202148437,1331.6522473144532,1292.9833752441407,1409.0385617230877,1391.3546380855446,1408.9732482910156,1438.2081233192978,1379.7383732627334,0.041498126474355745,61.93825756086949,2.3630118377482177,0.7926265206492122,1.5703853170990054,18.542269363040436,12.585327752516037,19.667534207851098,0.0
2025-06-30,1438.4799818113797,1438.5783624887893,1419.291064922364,1422.7352294921875,6325073,0.0,0.0,ICICIBANK.NS,-0.011215846680451613,-0.011279218580727106,1.0725466650093516,1408.7419982910155,1410.6077490234375,1333.5514575195311,1294.0205615234374,1410.3430062725258,1392.585249513256,1408.7419982910155,1437.4325858829354,1380.0514106990956,0.040732210194237485,55.23244899847396,3.2130703903262656,1.276715294584623,1.9363550957416427,18.16972742666855,12.977415632453921,19.77639109624072,-0.011215846680451617
2025-07-01,1422.6366689959384,1424.506382279972,1406.7935366641375,1409.1552734375,7761449,0.0,0.0,ICICIBANK.NS,-0.009544963653943195,-0.00959080877945722,1.052764282420736,1408.4517028808593,1411.0446630859376,1335.2878076171876,1294.978530883789,1410.2298888596663,1393.2350543730304,1408.4517028808593,1436.9944455442783,1379.9089602174404,0.04053066584397232,50.297662520770956,2.7591531563275566,1.5732028669332099,1.1859502893943468,18.317332727116177,13.094843582392555,19.826425860977036,-0.02065375548548173
2025-07-02,1409.352049520214,1427.8521809615802,1399.905222450911,1405.0223388671875,13372280,0.0,0.0,ICICIBANK.NS,-0.0029329163706924843,-0.0029372257981006727,1.0467436964516512,1408.294256591797,1411.2670581054688,1337.0079223632813,1295.9205102539063,1409.7339317175256,1393.6973008237817,1408.294256591797,1436.8782228714792,1379.7102903121147,0.040593741181417765,48.866688260227775,2.042383868738625,1.667039067294293,0.37534480144433213,19.153774363486054,13.043872286852274,19.787446083681402,-0.02352609611859457
2025-07-03,1409.253631009119,1423.030288484485,1400.9876124993152,1403.152587890625,10177738,0.0,0.0,ICICIBANK.NS,-0.0013307624546881058,-0.0013316487053902052,1.0440199667860437,1406.8723083496093,1411.2965795898438,1338.5597644042969,1296.775400390625,1409.1071370673446,1394.0680963950306,1406.8723083496093,1433.3265941340342,1380.4180225651844,0.037607230773428466,48.198608307153265,1.3083835356737836,1.5953079609701912,-0.2869244252964076,19.21000684141125,13.040080450376761,19.747102808031634,-0.024825550927862653
2025-07-04,1404.2350901711065,1421.35753225384,1398.4291887589882,1419.7830810546875,5066503,0.0,0.0,ICICIBANK.NS,0.011852234252771598,0.011782546620034844,1.0682461702497341,1406.0407958984374,1412.0857885742187,1340.28283203125,1297.7223004150392,1410.1238936375678,1395.0765271659975,1406.0407958984374,1429.45638540034,1382.6252063965348,0.033307126749391895,54.19676403588525,2.045050723304257,1.6852565134370046,0.35979420986725263,19.807463950704427,13.417879188060294,19.694293109130516,-0.01326755492014211
2025-07-07,1414.0754516482682,1417.9132587357801,1406.7934802735126,1412.796142578125,5177477,0.0,0.0,ICICIBANK.NS,-0.0049211309599296316,-0.004933279597972586,1.0580680599885621,1406.0850646972656,1412.6939282226563,1341.8897802734375,1298.572762451172,1410.3783935366685,1395.7714140449045,1406.0850646972656,1429.550675184704,1382.6194542098272,0.033377227419012015,51.49877793980542,2.0415435904308197,1.7565139288357676,0.28502966159505205,19.89182374300112,13.289321249284281,19.639844415796926,-0.01812339450479166
2025-07-08,1409.1552578612602,1421.947868442403,1407.1871639257,1418.9957275390625,5315847,0.0,0.0,ICICIBANK.NS,0.004388166681729588,0.004378566752131247,1.0670992056781357,1407.0248291015625,1412.9537158203125,1343.71125,1299.4283911132814,1411.199092013087,1396.6821714368325,1407.0248291015625,1430.9980989393268,1383.0515592637983,0.03407654128331497,53.701180236349146,2.510084168790854,1.907227976826785,0.6028561919640691,19.413854668847794,13.069492347847017,19.475196976482188,-0.01381475629898778
2025-07-09,1413.2883371129633,1415.7484547587683,1403.8415093776578,1409.0570068359375,8827347,0.0,0.0,ICICIBANK.NS,-0.007004052591730869,-0.0070286961051422335,1.0526211341292409,1407.0691162109374,1412.995048828125,1345.3772436523439,1300.1346917724609,1410.9950839009775,1397.1674590995426,1407.0691162109374,1431.054572865083,1383.0836595567919,0.034092791004802094,49.79725137390424,2.055736996956739,1.936929780852776,0.11880721610396305,19.793408075857023,13.123622516799612,19.395804217613428,-0.020722049611058592
2025-07-10,1413.8788169776346,1416.0436723886824,1399.4132536015054,1401.38134765625,7795964,0.0,0.0,ICICIBANK.NS,-0.0054473730604578385,-0.0054622640997387265,1.0414397410598588,1407.0149963378906,1412.9379736328126,1347.063408203125,1300.7846551513671,1410.0794899729083,1397.3327096311782,1407.0149963378906,1431.049041536185,1382.980951139596,0.03416316849621239,46.95803889222433,1.0640364919042895,1.7623511230630788,-0.6983146311587893,19.35761066424813,13.18155955873746,19.42791008472963,-0.02605654193670772
2025-07-11,1399.3148113378843,1405.2190932422636,1392.032839631232,1399.2164306640625,7158015,0.0,0.0,ICICIBANK.NS,-0.0015448450172454997,-0.0015460395206827809,1.0382860330478754,1407.3003723144532,1412.776591796875,1348.7372729492188,1301.1952490234376,1409.0449128958755,1397.4065810442326,1407.3003723144532,1430.788520774394,1383.8122238545122,0.033380433803640946,46.15865404783533,0.10223745874668566,1.4303283901998003,-1.3280909314531146,19.231097106631232,13.034416293807698,19.428642869818834,-0.02756113363497562
2025-07-14,1402.1686636122888,1402.1686636122888,1393.5090015352046,1400.2989501953125,5846154,0.0,0.0,ICICIBANK.NS,0.0007736612489150918,0.0007733621273203039,1.0398629759658493,1407.1084838867187,1412.650634765625,1350.4504992675782,1301.692685546875,1408.2119640672506,1397.5200072854514,1407.1084838867187,1430.7675406606506,1383.4494271127867,0.03362790722230723,46.64773192732761,-0.5661190571458974,1.0310389007306608,-1.5971579578765582,18.486034658165277,12.99179864334756,19.221407953858098,-0.02680879536713013
2025-07-15,1398.429159387504,1410.9266282871913,1396.3626847243358,1407.9744873046875,6041457,0.0,0.0,ICICIBANK.NS,0.0054813560406543615,0.005466388080200992,1.051044191211267,1407.4824279785157,1412.634892578125,1352.1302685546875,1302.244736328125,1408.1893472327208,1397.929986894049,1407.4824279785157,1430.936931361946,1384.0279245950853,0.03332830722031353,50.1083054873132,-0.47101514426685753,0.7306280917311572,-1.2016432359980147,18.570386727693403,12.874396192696057,19.23055635542979,-0.02147438787890408
2025-07-16,1403.2510104989537,1406.3999128239755,1396.4610622300193,1403.6446533203125,5649093,0.0,0.0,ICICIBANK.NS,-0.0030752219045273588,-0.003079960115936235,1.0447367751873005,1408.16142578125,1412.457763671875,1353.8548107910156,1302.749306640625,1407.756519241063,1398.154091459785,1408.16142578125,1430.2386616083895,1386.0841899541106,0.03135611503473899,48.208681668314284,-0.7365356996615446,0.43719533345261685,-1.1737310331141615,17.579312816866604,12.829738268492994,19.247266206728806,-0.02448357127543988
2025-07-17,1398.3308611520058,1400.495716617636,1387.0143200519017,1396.0675048828125,12927394,0.0,0.0,ICICIBANK.NS,-0.0053981956327595615,-0.0054128185394199235,1.0336988860573415,1408.5255187988282,1412.1271240234375,1355.583289794922,1303.190405883789,1406.6432797783723,1398.0722645351977,1408.5255187988282,1429.4683551448875,1387.582682452769,0.02973724801794012,44.99404314950021,-1.5406159452024895,0.04163307772159558,-1.582249022924085,16.735837972186346,11.891244446952898,19.28109208479479,-0.02974959980066599
2025-07-18,1393.213729649599,1406.2031014317106,1386.0301388149505,1403.05419921875,11297246,0.0,0.0,ICICIBANK.NS,0.005004553369734044,0.004992072216928688,1.0438766406705842,1408.4615539550782,1412.853349609375,1357.1986022949218,1303.7768981933593,1406.301462582218,1398.267634522788,1408.4615539550782,1429.466023785631,1387.4570841245254,0.029826117399613064,48.41007873163732,-1.5956933307775216,-0.2858322039782279,-1.3098611267992937,16.778024718842534,11.9505201888553,19.288586685067337,-0.024893929890862594
2025-07-21,1424.9000530820128,1444.2857308931439,1414.07553610418,1442.4161376953125,13867136,0.0,0.0,ICICIBANK.NS,0.028054467531247296,0.02766814960918443,1.101216511524152,1410.7101013183594,1413.1938305664062,1359.3226684570313,1304.7255194091797,1409.7409554501319,1399.998948372691,1410.7101013183594,1435.9503199046503,1385.4698827320685,0.03578370717371769,62.528901934100794,1.5193231069254125,0.07519885820250019,1.4441242487229122,18.45793086588248,13.63638227006142,19.7637396693791,0.0
2025-07-22,1450.5836983181339,1458.3576938551728,1446.25386737522,1450.0916748046875,8930165,0.0,0.0,ICICIBANK.NS,0.005321305626571071,0.005307197506732602,1.1123977267695695,1413.1456176757813,1414.0401123046875,1361.6907775878906,1305.7056298828124,1413.5838811029466,1401.963369017083,1413.1456176757813,1443.4817135966575,1382.809521754905,0.0429341400368497,64.56537405235738,4.55484238613667,0.9711275637893343,3.5837148223473356,17.600402126538988,13.421125272192972,19.768016245719128,0.0
2025-07-23,1459.243275244324,1466.2299847038992,1449.1075434082761,1464.852294921875,11974174,0.0,0.0,ICICIBANK.NS,0.010179094448753201,0.010127636370005199,1.1339000227436884,1416.2355224609375,1415.268203125,1364.3501635742186,1306.8483544921876,1418.4665871809398,1404.4296014055062,1416.2355224609375,1453.938286322777,1378.532758599098,0.05324363534721235,68.15020886218718,8.058676561406628,2.3886373633127933,5.670039198093835,17.248956791571363,13.613184349931778,19.432379066147636,0.0
2025-07-24,1463.9666816111749,1464.9507286163912,1454.5198543856832,1459.7353515625,6700578,0.0,0.0,ICICIBANK.NS,-0.003493146289979987,-0.003499261570681563,1.1264459977960533,1418.4151916503906,1415.9098022460937,1366.9013049316407,1308.0471704101562,1422.3969456934694,1406.5984543528393,1418.4151916503906,1460.8399228619674,1375.990460438814,0.059819905287694534,65.66994086069857,10.303819803261604,3.9716738513025556,6.332145951959048,16.35628041556109,13.594819763948829,19.447214026748274,-0.0034931462899799753
2025-07-25,1476.0704664133914,1476.0704664133914,1450.0916021799312,1453.5357666015625,8696077,0.0,0.0,ICICIBANK.NS,-0.004247060917104917,-0.0042561052974283324,1.1174148521064793,1419.1483093261718,1416.3644311523437,1369.4071801757811,1309.2437713623046,1425.3625476847162,1408.4391332645541,1419.1483093261718,1463.5234834366515,1374.773135215692,0.06253775425564873,62.692889051466835,11.45085892973134,5.467510866988313,5.983348062743026,17.284084947867182,13.502645756542615,19.46922010573715,-0.007725371601998988
2025-07-28,1453.5358600374882,1469.969517693696,1453.5358600374882,1464.6556396484375,7507479,0.0,0.0,ICICIBANK.NS,0.0076502232021946615,0.007621108638997653,1.133613548336736,1421.2443298339845,1417.1398608398438,1372.2048266601562,1310.4826873779298,1429.1047469193563,1410.6437021423535,1421.2443298339845,1470.0698547477377,1372.4188049202312,0.06870813679088743,65.69673160361394,13.106097588913144,6.99522821137328,6.110869377539864,17.40358827468364,13.503585692998064,19.36501254526123,-0.0001342492168795682
2025-07-29,1456.2911765714125,1466.0332658775797,1451.8629650797843,1462.4906005859375,9776027,0.0,0.0,ICICIBANK.NS,-0.0014781898242098856,-0.0014792834246202752,1.130459662500788,1423.9110961914062,1418.0845458984375,1374.9601586914061,1311.6736303710939,1432.2843520304593,1412.6769138460236,1423.9110961914062,1475.6931356605544,1372.129056722258,0.07273212436879212,64.60602199713858,14.08087008797088,8.4123565866928,5.668513501278079,17.333308462997252,13.478475640304168,19.370582764032545,-0.0016122405952631942
2025-07-30,1463.9667199639605,1464.754005637929,1453.7327269399423,1458.7513427734375,7238625,0.0,0.0,ICICIBANK.NS,-0.0025567739108900422,-0.0025600480393005087,1.1250125588175024,1426.5975463867187,1418.8265185546875,1377.636767578125,1312.8490747070311,1434.805017815505,1414.4837541961183,1426.5975463867187,1479.8086858825866,1373.3864068908508,0.07459866958364098,62.67078194278208,14.385826606885303,9.607050590731301,4.778776016154001,16.93265559948366,13.26989177365162,18.564449429860673,-0.004164892371461166
2025-07-31,1446.4507928310486,1470.6583264040125,1440.6448911712775,1457.767333984375,12406146,0.0,0.0,ICICIBANK.NS,-0.000674555532673371,-0.0006747831476217389,1.1235791198389515,1429.3282836914063,1419.5999829101563,1380.2513818359375,1314.1204638671875,1436.991905069683,1416.1811494819324,1429.3282836914063,1483.0762756658169,1375.5802917169958,0.0752073440198078,62.143243622309065,14.382315182897173,10.562103509164476,3.8202116737326968,18.134597143891046,13.265960908619778,18.547232826931847,-0.004836638452942358
2025-08-01,1456.7831967694258,1461.408169601032,1446.3523226373668,1448.12353515625,4416771,0.0,0.0,ICICIBANK.NS,-0.0066154581758712805,-0.006637437307622494,1.1095306709885033,1430.7453063964845,1420.0290258789062,1382.7464318847656,1315.3005822753905,1438.0520603160228,1417.4337920573957,1430.7453063964845,1484.9263150393517,1376.5642977536172,0.07573816024506706,57.072736002258694,13.446357150088716,11.138954237349326,2.3074029127393896,18.591467492932534,13.156298634954855,18.42219348598714,-0.011420100049416378
2025-08-04,1453.240679444368,1455.2087734738848,1437.987950715613,1439.8575439453125,6140054,0.0,0.0,ICICIBANK.NS,-0.0057080704858827325,-0.005724423780415674,1.0974893212263694,1432.0983764648438,1420.0801977539063,1385.1932641601563,1316.322515258789,1438.22401113786,1418.3131548765298,1432.0983764648438,1485.7409704650217,1378.4557824646658,0.0749146774854888,53.075300512563096,11.900426547442066,11.291248699367873,0.609177848074193,18.78124457831942,13.18993684995145,18.376368507295638,-0.01706298379926117
2025-08-05,1429.820201520808,1438.184600497358,1418.0116382597967,1421.357421875,14799343,0.0,0.0,ICICIBANK.NS,-0.012848578075037143,-0.012931834978389872,1.070539565921036,1432.2164611816406,1420.0408349609374,1387.4521435546876,1317.3127124023438,1436.6176693033021,1418.4325378960775,1432.2164611816406,1485.7478927732905,1378.6850295899908,0.07475326955463713,45.40940461651387,9.077816747196039,10.848562308933506,-1.770745561737467,19.519278907665676,13.774048058701243,18.419293019962552,-0.029692326794760363
2025-08-06,1419.291123395121,1430.8044259536912,1418.6022183790183,1420.5703125,7805252,0.0,0.0,ICICIBANK.NS,-0.0005537730080317216,-0.0005539263969349707,1.0693929569973672,1432.7921264648437,1419.8400903320312,1389.4025256347657,1318.3575244140625,1435.0893496077497,1418.5163721942706,1432.7921264648437,1485.516458094164,1380.0677948355235,0.07359662390022757,45.11086854146173,6.700130067547889,10.018875860656383,-3.3187457931084943,19.202984215255828,13.77580026752957,18.38634506517074,-0.030229656993667538
2025-08-07,1418.110163604165,1424.8017315172433,1406.301599138448,1417.322998046875,7432535,0.0,0.0,ICICIBANK.NS,-0.0022859230722696022,-0.0022885397829091507,1.0646624838913747,1433.589208984375,1419.5212622070312,1391.3347033691407,1319.2225024414063,1433.3973161257616,1418.4695732080984,1433.589208984375,1484.7736269260706,1382.4047910426796,0.07140737056462232,43.83059628712134,4.5018703471464505,8.915474757954398,-4.413604410807947,19.083496341115488,13.534505142933417,18.394123739500554,-0.032446477395548526
2025-08-08,1422.8336344297813,1424.5064663430474,1409.1553565946745,1412.9931640625,5415511,0.0,0.0,ICICIBANK.NS,-0.00305493807010937,-0.0030596139187958732,1.0583550678674083,1434.2780456542969,1419.3264208984374,1393.163555908203,1320.0926458740234,1431.454063548308,1418.2548120651336,1434.2780456542969,1483.860473139834,1384.6956181687597,0.06913921277086608,42.114337777371475,2.382883862640938,7.608956578891706,-5.226072716250768,17.234894774971135,12.678920698243587,18.357398796237025,-0.03540229348662133
2025-08-11,1405.1207239838918,1415.4532174004985,1397.7403715434584,1413.681884765625,8492484,0.0,0.0,ICICIBANK.NS,0.00048741969928922657,0.00048730094889355344,1.0593583506756188,1434.9471923828125,1419.0528540039063,1394.8128173828125,1320.9246575927734,1429.7614750928146,1418.0754815828,1434.9471923828125,1482.9343596722556,1386.9600250933695,0.06688353068903893,42.500019976817825,0.7504945777347984,6.237264178660325,-5.486769600925527,17.361415467626834,12.272559413058234,17.94251646339372,-0.03493212956257755
2025-08-12,1419.0368204237539,1421.8134608053708,1408.2279203629066,1410.112060546875,5913947,11.0,0.0,ICICIBANK.NS,-0.0025251962674345263,-0.002528389953117413,1.0541580666551824,1435.0540710449218,1418.9558715820312,1396.4263806152344,1321.817052001953,1427.8901022789157,1417.7631905617834,1435.0540710449218,1482.7971941304672,1387.3109479593763,0.06653843091888757,40.976047815356765,-0.8217678433052242,4.825457774267216,-5.64722561757244,17.108779692401203,11.972254529957436,17.89142584121573,-0.037369115346827145
2025-08-13,1412.6902784003407,1415.7643381003145,1403.368838463484,1408.922119140625,9009465,0.0,0.0,ICICIBANK.NS,-0.0008438630088650756,-0.0008442192616870934,1.0524246386483704,1435.3179443359375,1418.970888671875,1397.59408203125,1322.6978381347656,1426.0836276943166,1417.4164818786007,1435.3179443359375,1482.3836595716252,1388.2522291002497,0.06558228498629012,40.455300831466694,-2.139156600535671,3.4325348993066385,-5.571691499842309,17.249110078552803,11.942299794657556,17.89009345237886,-0.038181443941577006
2025-08-14,1400.1956576735638,1419.1359571615956,1400.1956576735638,1415.3677978515625,7577793,0.0,0.0,ICICIBANK.NS,0.004574900644521929,0.004564467594577939,1.0618142774505555,1436.282958984375,1418.6464135742187,1398.741611328125,1323.597568359375,1425.063072471197,1417.3361413285209,1436.282958984375,1480.6757005618306,1391.8902174069194,0.061816150222720176,44.564986566696525,-2.6327357399370612,2.2194807714578983,-4.85221651139496,16.746355453879346,12.002486037421717,17.89150355189816,-0.03378121960955228
2025-08-18,1437.8779693374279,1440.2579294966365,1419.0368097392131,1422.606689453125,6908844,0.0,0.0,ICICIBANK.NS,0.005114495053901047,0.0051014604487976895,1.0723594163746388,1437.2605834960937,1418.3702807617187,1399.7509423828126,1324.3494757080077,1424.8291312313806,1417.5428294902702,1437.2605834960937,1479.3748979187633,1395.146269073424,0.058603589225591654,48.83588348481486,-2.411978918090881,1.2931888335481425,-3.7051677516390233,17.350382636232244,11.591585157962694,16.794539782025907,-0.02883949843625912
2025-08-19,1419.1358802007367,1426.474039895735,1414.3760811646432,1424.29248046875,6709554,0.0,0.0,ICICIBANK.NS,0.0011850014681662469,0.0011842999081049079,1.074815165325611,1436.3544006347656,1418.6179150390626,1400.6290319824218,1324.9179235839845,1424.7780216349397,1417.8075216855048,1436.3544006347656,1478.780415831745,1393.9283854377863,0.059074578221405556,49.80573528020373,-2.0770552995222715,0.6191400069340598,-2.6961953064563313,17.20235820289627,11.496828174785502,16.736435832781403,-0.027688671816081072
2025-08-20,1420.6234166864958,1423.8958770531979,1411.1036970512757,1418.64013671875,5817858,0.0,0.0,ICICIBANK.NS,-0.003968527410984968,-0.003976422911821375,1.0665812044692893,1434.7818237304687,1418.986708984375,1401.5927941894531,1325.5550378417968,1424.1934611667311,1417.840173255436,1434.7818237304687,1477.3950527566171,1392.1685947043202,0.05940029114022787,46.61510779600925,-2.2418798257201615,0.04693604040321553,-2.288815866123377,17.357179968573956,11.49343057283742,16.758984311172807,-0.03154731597399015
2025-08-21,1428.0606770004104,1435.6963772945633,1424.3916575816534,1433.911376953125,6238645,0.0,0.0,ICICIBANK.NS,0.010764703351546778,0.01070717640453909,1.0888273380872833,1433.2347778320313,1419.5015112304689,1402.7860241699218,1326.366421508789,1425.1189769559114,1418.4704165376984,1433.2347778320313,1473.4293625362789,1393.0401931277838,0.0560893237115659,55.00231453682644,-1.1272487682817882,-0.18790092133378525,-0.939347846948003,16.431666064508118,11.702105832192467,16.793108619900572,-0.021122210120440965
2025-08-22,1432.2257038615987,1433.9114434457279,1417.450243616132,1424.3917236328125,6657207,0.0,0.0,ICICIBANK.NS,-0.006638941201889681,-0.006661076998594644,1.0749597362088221,1431.467596435547,1419.9400708007813,1403.8766772460938,1327.1324206542968,1425.049714734664,1418.7026246590754,1431.467596435547,1469.8221271789944,1393.1130656920996,0.05358770375096557,49.75467080786499,-1.0005187315298372,-0.35042448337299564,-0.6500942481568415,16.532048412074605,11.760644087719882,16.152037351999983,-0.0276209222112871
2025-08-25,1423.8958843891958,1423.8958843891958,1412.0953443103494,1421.2183837890625,6738427,0.0,0.0,ICICIBANK.NS,-0.0022278561375354,-0.002230341501061233,1.0703370244253705,1429.8517272949218,1420.4942602539063,1404.8204638671875,1327.954389038086,1424.684826073178,1418.8012818798593,1429.8517272949218,1466.9955564187821,1392.7078981710615,0.05195479840994592,48.10699508555112,-1.1429708129885512,-0.5089337492961068,-0.6340370636924444,16.180302452373976,11.77297302821254,16.147304434502765,-0.029787242907749704
2025-08-26,1415.9627825871721,1415.9627825871721,1401.2864621426106,1404.7572021484375,8720155,0.0,0.0,ICICIBANK.NS,-0.01158244350649218,-0.011650042486474319,1.0463574628005645,1426.8568054199218,1420.506669921875,1405.8938684082032,1328.598106689453,1422.7869571279648,1418.2505336550976,1426.8568054199218,1461.7775757010704,1391.9360351387731,0.048947827348199115,40.59668945532307,-2.554695955685702,-0.9180861905740259,-1.636609765111676,16.04358930672655,12.285755277316559,15.063653452304818,-0.041024677356048755
2025-08-28,1396.2290622275916,1399.9973424915918,1384.6269231275805,1387.4034423828125,12990789,0.0,0.0,ICICIBANK.NS,-0.012353565256034371,-0.012430504852170813,1.0210776523466847,1423.1024475097656,1420.2448266601561,1406.6677770996093,1329.127255859375,1419.4170985808073,1417.0408438012826,1423.1024475097656,1458.0379741915658,1388.1669208279654,0.049097697418668027,34.48457455125474,-5.015980582057637,-1.737665068870748,-3.2783155131868886,16.609880124311125,12.691982983323896,15.20531878174571,-0.052871441583257434
2025-08-29,1380.4619594997932,1393.254139151069,1380.4619594997932,1386.1143798828125,8519507,0.0,0.0,ICICIBANK.NS,-0.0009291187124245148,-0.0009295506107593437,1.0191998312806265,1419.4705993652344,1420.1658203125,1407.4455236816407,1329.766323852539,1416.2454110857602,1415.8280412946758,1419.4705993652344,1453.9006944043058,1385.040504326163,0.048511177412857986,34.07418952885857,-6.990006507767021,-2.788133356650003,-4.2018731511170175,16.202169215202584,12.668773521827404,15.185232209134927,-0.05375143644995404
2025-09-01,1386.4117998354175,1400.5922996421114,1386.4117998354175,1399.2039794921875,4927348,0.0,0.0,ICICIBANK.NS,0.009443376246108581,0.00939906630717,1.0382678950034885,1416.542431640625,1420.3741870117187,1408.2975830078126,1330.5685064697266,1414.622417600658,1415.1761173024213,1416.542431640625,1446.989666533723,1386.0951967475269,0.04298810146877762,41.66569221104207,-7.412765238469547,-3.713059733013912,-3.6997055054556345,16.139798501697296,12.887135768487704,15.239247940183652,-0.04481565524201109
2025-09-02,1402.0798141390458,1402.0798141390458,1378.3795940317052,1382.54443359375,7163073,0.0,0.0,ICICIBANK.NS,-0.011906445480868166,-0.011977894908322998,1.0139993694362257,1413.2634765625,1419.9384057617187,1409.4529296875,1331.2359741210937,1411.5673715047621,1413.896443431493,1413.2634765625,1443.514631838786,1383.012321286214,0.04281035458422275,35.98597145945064,-8.988477133471179,-4.768143213105366,-4.220333920365813,16.567468091004475,13.255382051262051,15.154826409775774,-0.05618850556705086
2025-09-03,1377.387925122752,1388.2959648465462,1372.6280048233573,1385.321044921875,9813382,0.0,0.0,ICICIBANK.NS,0.002008334242761034,0.0020063202356278924,1.0180441533347637,1410.5366516113281,1419.6959228515625,1410.5145129394532,1331.9109289550781,1409.067721354011,1412.7758395683709,1410.5366516113281,1440.5250790585787,1380.5482241640775,0.042520593014003995,37.51481161508146,-9.899080396730596,-5.794330649830412,-4.104749746900184,16.716212346770526,10.179814250171436,15.15643778847199,-0.05429301662406969
2025-09-04,1398.1132401473494,1403.2697196534332,1390.180120261188,1393.75,10564859,0.0,0.0,ICICIBANK.NS,0.006084477752664519,0.0060660420611453846,1.030322898089624,1409.1562805175781,1419.5432958984375,1411.6515295410156,1332.7111810302733,1407.608890748867,1412.0297282127485,1409.1562805175781,1439.5858249377702,1378.726736097386,0.04318831749309654,42.040212312009636,-9.827310691949606,-6.600926658254251,-3.2263840336953544,17.112867710679648,10.22541582892819,14.916636692066565,-0.04853888352317945
2025-09-05,1399.2040313658385,1399.699851362779,1376.098771088494,1391.0726318359375,6621077,0.0,0.0,ICICIBANK.NS,-0.0019209816423766402,-0.0019228290939379707,1.026422685074297,1407.681396484375,1419.3036645507811,1412.6550036621093,1333.4820556640625,1406.0340089476356,1411.207881296011,1407.681396484375,1438.6364713680787,1376.7263216006713,0.04398022870944046,41.02388001165265,-9.872667948391836,-7.255274916281769,-2.6173930321100674,17.44578062398346,9.629028803775016,14.919333513436426,-0.050366622861366644
2025-09-08,1390.4775686686341,1398.807368933041,1385.9160488487796,1390.973388671875,5880943,0.0,0.0,ICICIBANK.NS,-7.134290603616478e-05,-7.134545106233271e-05,1.0262781141910864,1406.363916015625,1418.80029296875,1413.2781359863282,1334.2696545410156,1404.599664159468,1410.4143717813392,1406.363916015625,1437.8298912526345,1374.8979407786153,0.044747984328488734,40.98432824934257,-9.803612057570717,-7.764942344539558,-2.038669713031159,16.58872265535399,9.624830529891915,14.915958680044472,-0.050434372466160615
2025-09-09,1387.304306420236,1395.7332460946977,1383.5360261458507,1391.9649658203125,6470679,0.0,0.0,ICICIBANK.NS,0.0007128656497046304,0.0007126116816769207,1.0277225782554416,1405.3125061035157,1417.8621240234374,1413.8501721191406,1335.0836138916015,1403.3963595557389,1409.6908656652206,1405.3125061035157,1437.2475871922068,1373.3774250148247,0.04544908118299874,41.59026173985744,-9.558686193290441,-8.123691114289734,-1.434995079000707,16.595812742336516,9.613159409567086,14.911767290209651,-0.04975745974815147
2025-09-10,1398.2123094765393,1401.8813288190768,1390.3783297737682,1392.163330078125,7452347,0.0,0.0,ICICIBANK.NS,0.00014250664541370917,0.00014249649230629435,1.0280115421978984,1404.2365783691407,1417.2506860351561,1413.929217529297,1335.8914306640625,1402.3265472245375,1409.0035113284716,1404.2365783691407,1436.4332980151776,1372.0398587231039,0.04585654602934449,41.71917716118473,-9.24203788369232,-8.347360468170251,-0.894677415522068,16.475399572896112,9.236214940198211,14.911648834352583,-0.04962204387141075
2025-09-11,1386.3126886500647,1396.2290884258164,1384.3294086949145,1389.882568359375,10192026,0.0,0.0,ICICIBANK.NS,-0.001638286018223134,-0.0016396294762747465,1.0246890792435206,1403.2251037597657,1416.8652319335938,1413.9549475097656,1336.5525372314453,1401.1414063802363,1408.253670427723,1403.2251037597657,1435.9119473570154,1370.538260162516,0.04658816822713528,40.60937119872604,-9.070570337968093,-8.49200244212982,-0.5785678958382725,16.107073798259584,9.236036231466874,14.911412126008322,-0.05117903478896373
2025-09-12,1393.3532613043915,1407.8311802789096,1388.39506158368,1405.847900390625,7770038,0.0,0.0,ICICIBANK.NS,0.011486820825514554,0.011421348203671858,1.0479463199241668,1403.0713928222656,1416.8817431640625,1414.0744006347657,1337.1807971191406,1401.5896439050352,1408.1593265046995,1403.0713928222656,1435.6742400422588,1370.4685456022723,0.046473539959236004,50.529938225086646,-7.559273604916598,-8.305456674687175,0.7461830697705771,16.319568002947708,9.986492958004078,15.03048447621623,-0.040280098366092865
2025-09-15,1410.1120532176328,1414.8719735471493,1404.4597537449094,1407.5338134765625,5845637,0.0,0.0,ICICIBANK.NS,0.0011992144281534056,0.0011984959448840286,1.0504022466991034,1402.6796936035157,1416.9693676757813,1414.1329736328125,1337.7978057861328,1402.1557552927998,1408.1347965820273,1402.6796936035157,1434.8458244620201,1370.5135627450113,0.045863829076856294,51.452149626242615,-6.154574851597317,-7.875280310069203,1.720705458471886,16.184985180074623,10.00998499989114,15.031838885642589,-0.03912918841306759
2025-09-16,1402.1788926034542,1412.987792293879,1401.8813521978338,1409.71533203125,8213151,0.0,0.0,ICICIBANK.NS,0.00154988713862525,0.001548687303133754,1.0535801387702706,1402.0351257324219,1416.7680126953126,1414.4269006347656,1338.4466333007813,1402.8757149821759,1408.19677836435,1402.0351257324219,1433.0147134708943,1371.0555379939494,0.04419231325932542,52.68136685384507,-4.8098655179776415,-7.262197351650891,2.4523318336732496,15.554593640759858,9.901663333591694,13.993348608633882,-0.03763994710030858
2025-09-17,1408.2279494348236,1414.1777894755733,1404.5589298296168,1407.33544921875,7484283,0.0,0.0,ICICIBANK.NS,-0.0016882009852803304,-0.0016896276024007198,1.0501132827566466,1401.187274169922,1416.658798828125,1414.6763635253906,1339.1541668701173,1403.3004515761354,1408.163000750797,1401.187274169922,1430.4845422727674,1371.8900060670765,0.04181777645704279,51.1595353521343,-3.8913532385838607,-6.588028529037485,2.6966752904536246,14.80377797112411,9.799238207959954,12.003956921037302,-0.03926460428980831
2025-09-18,1419.1358927633355,1420.821753289835,1403.4680543540285,1409.814453125,8130537,0.0,0.0,ICICIBANK.NS,0.001761487574001075,0.0017599379742313517,1.0537245318295172,1400.7459899902344,1416.4751733398436,1414.7144445800782,1339.8064416503905,1403.9208326760272,1408.2277635890011,1400.7459899902344,1429.1898341412236,1372.3021458392452,0.04061242274366605,52.69254689415117,-2.9296199076361518,-5.856346804757219,2.9267268971210676,15.12960077716202,9.122339455782091,11.82737806997313,-0.03757228082836184
2025-09-19,1404.26135906907,1406.145499251229,1388.494259091765,1390.4775390625,13457344,0.0,0.0,ICICIBANK.NS,-0.013715928375991449,-0.013810860778461637,1.025555793246927,1398.5742980957032,1416.103583984375,1414.54931640625,1340.3396447753905,1402.6405189985485,1407.5316763526678,1398.5742980957032,1422.6538660288313,1374.494730162575,0.034434449375932125,41.698036739557665,-3.6852850019633934,-5.422134444198455,1.7368494422350613,15.618334653871752,9.922250285626895,12.038949338629125,-0.0507728704915888
2025-09-22,1392.1634074537787,1398.1132473992611,1385.5193468847744,1389.783447265625,8847948,0.0,0.0,ICICIBANK.NS,-0.0004991751232047426,-0.0004992997525828716,1.0245446861842749,1396.8438842773437,1415.8716259765624,1414.4047998046874,1340.8509265136718,1401.4160359763653,1406.8356673688622,1396.8438842773437,1417.8953226258343,1375.792445928853,0.030141433248829435,41.36440458561362,-4.290701900095883,-5.195847935377941,0.9051460352820584,14.825026111525046,9.91085532646443,11.676685412266018,-0.05124670106091048
2025-09-23,1379.3712163938944,1391.568436605077,1379.3712163938944,1382.6436767578125,12827524,0.0,0.0,ICICIBANK.NS,-0.0051373259063201004,-0.005150567334878289,1.0141439403194377,1394.9151489257813,1415.5401708984375,1414.1583813476564,1341.2888696289062,1399.628192241265,1405.8869618547035,1394.9151489257813,1413.4859453806016,1376.344352470961,0.026626417340325836,37.996584550483874,-5.285688833443146,-5.213816114990982,-0.07187271845216436,14.577116124953168,9.973219180608702,11.697198109891438,-0.05612075596225689
2025-09-24,1374.8096433544556,1379.2720231049968,1364.9923836933056,1371.1405029296875,9735678,0.0,0.0,ICICIBANK.NS,-0.008319695104019198,-0.008354496928802833,0.9973868768403722,1393.2343139648438,1414.957001953125,1413.803818359375,1341.5686779785156,1396.9150789734956,1404.52435562235,1393.2343139648438,1414.0088806111528,1372.4597473185347,0.029822071475097557,33.29333983599432,-6.922633330663075,-5.555579558125401,-1.3670537725376741,14.555874577306652,10.205703330017016,11.761983484589175,-0.06397354348766299
2025-09-25,1365.488259405882,1379.867039189023,1360.331779903573,1364.29833984375,21613389,0.0,0.0,ICICIBANK.NS,-0.004990125425744507,-0.00500261767755713,0.9874196658012027,1392.0790588378907,1414.0834790039062,1413.3591857910155,1341.8524072265625,1393.8087228659008,1402.946864807503,1392.0790588378907,1416.4732630185551,1367.6848546572262,0.03504715342967487,30.847471839197922,-8.67206287430713,-6.1788762213617465,-2.4931866529453837,14.265458792389852,10.262602151659644,11.727374275386083,-0.06864443290747471
2025-09-26,1356.563442311047,1361.2241016242142,1345.655402935739,1348.233642578125,18342280,0.0,0.0,ICICIBANK.NS,-0.011775061800240016,-0.011844936904533893,0.9640176764133812,1390.1850219726562,1412.9752587890625,1412.7165112304688,1342.087548828125,1389.46823902897,1400.8012482494883,1390.1850219726562,1421.4452617523727,1358.9247821929396,0.04497277597676699,26.0150567103952,-11.2253859410946,-7.188178165308317,-4.037207775786284,14.676288565514824,10.719580827281403,11.850916127071018,-0.07961120226798676
2025-09-29,1348.233693764239,1355.076033842118,1334.9456938107846,1336.829833984375,20563163,0.0,0.0,ICICIBANK.NS,-0.008458332616551045,-0.008494307312809755,0.947405361641491,1387.0663146972656,1411.7905053710938,1411.9588146972656,1342.225571899414,1384.4550575961514,1398.2925653371308,1387.0663146972656,1426.0335616639982,1348.099067730533,0.0561865666462203,23.232736659537622,-14.00763363404917,-8.552069259056488,-5.455564374992683,15.242939999978132,10.749122319424542,11.922774246499461,-0.08739615685575168
2025-09-30,1342.3830124406416,1345.2587926353076,1331.3758327091439,1336.730712890625,20166871,0.0,0.0,ICICIBANK.NS,-7.414638066127743e-05,-7.414912964004541e-05,0.9472609685822448,1384.7756286621093,1410.4640356445314,1411.658692626953,1342.3776135253906,1379.9098819099108,1395.878375045111,1384.7756286621093,1429.7806591343376,1339.770598189881,0.06499974369957623,23.209501322976266,-16.035733268383638,-10.048802060921918,-5.986931207461719,15.412937205753499,10.559296775553605,11.880294438052681,-0.08746382312769842
2025-10-01,1336.7306701838102,1367.8681892333634,1335.8381700071102,1360.530029296875,20952632,0.0,0.0,ICICIBANK.NS,0.01780412178514612,0.01764748486487285,0.9819302400143448,1383.5360778808595,1408.8263134765625,1411.0100720214843,1342.6400415039063,1378.0641816610503,1394.4921654079253,1383.5360778808595,1429.8251524903783,1337.2470032713406,0.0669141561966625,38.98745912077134,-15.543435852410767,-11.14772881921969,-4.395707033191076,16.850818598278597,12.002009425004276,12.203267754079434,-0.07121691790131224
2025-10-03,1360.4309257938526,1360.4309257938526,1349.9195661151996,1353.786865234375,12163695,0.0,0.0,ICICIBANK.NS,-0.004956277272310516,-0.004968600349096083,0.9721072442104568,1381.5379211425782,1406.9002172851563,1410.4701647949219,1342.7917517089843,1375.7520562870814,1392.8958791266095,1381.5379211425782,1429.3942002224096,1333.6816420627467,0.06927971841736011,36.68737426186948,-15.51851579813092,-12.021886215001937,-3.4966295831289838,16.22041463302472,12.023073602654478,12.128009703506505,-0.07582022438202443
2025-10-06,1359.5383926525742,1361.1249923873581,1347.73785285358,1352.001953125,14314283,0.0,0.0,ICICIBANK.NS,-0.001318458728779226,-0.001319328660218845,0.9695071022002388,1379.5843872070313,1404.6432104492187,1409.9557067871094,1342.9286334228516,1373.4901417002166,1391.2921957539975,1379.5843872070313,1428.9673123979892,1330.2014620160735,0.07159101777156754,36.08059543800822,-15.464528507370233,-12.710414673475597,-2.7541138338946354,16.432908899563163,11.445446328623401,12.090963810757474,-0.07703871727414924
2025-10-07,1352.2002408686599,1371.5372203120692,1352.2002408686599,1364.3974609375,16126464,0.0,0.0,ICICIBANK.NS,0.009168261764599617,0.009126488384768374,0.9875640588604486,1378.2555908203126,1402.7364526367187,1409.3231274414063,1343.188257446289,1372.6241721037675,1390.2375002709975,1378.2555908203126,1427.7781907762449,1328.7329908643803,0.07186272312011056,43.11667772641669,-14.257181391305721,-13.019768017041624,-1.2374133742640971,17.034967977493448,11.792402185617403,12.194467138054211,-0.06857676663552796
2025-10-08,1360.8276403806535,1370.0498198860423,1352.8945202642897,1358.8443603515625,8100832,0.0,0.0,ICICIBANK.NS,-0.0040700021400815745,-0.004078307140698067,0.9794746688873375,1376.599560546875,1400.8426245117187,1408.6035278320312,1343.5165521240235,1371.311809079748,1389.0063967447452,1376.599560546875,1426.406171258955,1326.7929498347949,0.07236179952330317,40.942341195042125,-13.591761544933206,-13.134166722619941,-0.45759482231326487,17.573285118621747,11.815612301429779,12.154780429516412,-0.07236766118864307
2025-10-09,1358.3484255020637,1367.173924045517,1353.687645197864,1364.69482421875,7909575,0.0,0.0,ICICIBANK.NS,0.004305470175902881,0.004296228157179756,0.9879972380381872,1375.2261352539062,1398.843408203125,1407.9916345214845,1344.0081756591796,1370.6816200453673,1388.0530017437259,1375.2261352539062,1424.7397349163496,1325.712535591463,0.07200793875736179,44.138535927886025,-12.448825669681355,-12.997098512032224,0.5482728423508689,17.297040826610782,11.527562108358824,12.165227028343354,-0.06837376781968772
2025-10-10,1358.8443421746942,1373.4214017735967,1358.8443421746942,1368.7607421875,7673816,0.0,0.0,ICICIBANK.NS,0.0029793605842078907,0.002974931085331183,0.9939201986507122,1374.1700439453125,1396.9688110351562,1407.526678466797,1344.512748413086,1370.498679296999,1387.2964425454425,1374.1700439453125,1423.2666561531598,1325.0734317374652,0.07145638550945041,46.313129443523735,-11.08714939760739,-12.61510868914726,1.5279592915398688,16.815388367015593,11.055073802255006,12.09855526577455,-0.06559811734431549
2025-10-13,1361.6207839903618,1374.8096436760768,1361.6207839903618,1367.8681640625,8923018,0.0,0.0,ICICIBANK.NS,-0.0006521067542991643,-0.0006523194683885556,0.9926199498216386,1372.2710571289062,1395.1511474609374,1406.9888330078124,1344.9715283203125,1370.2481540365704,1386.5345492716015,1372.2710571289062,1419.094064072472,1325.4480501853404,0.06824163010699923,45.89078809634488,-9.965162546009651,-12.085119460519739,2.1199569145100874,16.857885450674758,11.054272911114287,12.075162143226867,-0.06620744712322511
2025-10-14,1377.3878684808556,1377.3878684808556,1363.6040491867466,1372.52880859375,10610855,0.0,0.0,ICICIBANK.NS,0.0034072322565121826,0.003401440792201474,0.9994092687896405,1370.5208068847655,1393.446376953125,1406.5231799316407,1345.4513970947266,1370.4653592324923,1385.9853045391367,1370.5208068847655,1414.3126790785345,1326.7289346909965,0.06390544670869933,48.53013760844373,-8.600760605130972,-11.388247689441986,2.7874870843110138,16.971213956598067,10.719716078393365,11.74865053073446,-0.0630257990161724
2025-10-15,1374.9088107982643,1388.692630514965,1373.9171708337506,1386.7093505859375,8988550,0.0,0.0,ICICIBANK.NS,0.010331689873028127,0.010278682754661117,1.020066545284033,1369.3705078125,1392.2180932617186,1406.1235595703124,1346.0016772460938,1372.0124060280586,1386.0136985017564,1369.3705078125,1409.9157462770813,1328.8252693479185,0.059217338526372065,55.62291037051091,-6.302559032642648,-10.371109958082119,4.068550925439471,16.8649660177915,10.622176898294681,11.869736641178436,-0.05334527215257911
2025-10-16,1389.287635646356,1407.0380158006922,1387.7010358612888,1405.451416015625,12185032,0.0,0.0,ICICIBANK.NS,0.013515496539897365,0.013424976916258642,1.0473687476871816,1369.2763061523438,1391.529970703125,1405.8050842285156,1346.5954803466798,1375.197073645922,1386.7759619336728,1369.2763061523438,1409.4572662989456,1329.095346005742,0.05868933825271543,62.899839289137,-2.9350561819414906,-8.883899202853993,5.948843020912502,16.921637869884698,11.301599282812518,11.754121201115291,-0.040550763453879854
2025-10-17,1400.1956466119625,1427.5648857493748,1399.1048668479334,1424.5899658203125,17037215,0.0,0.0,ICICIBANK.NS,0.01361736847435413,0.013525485310454902,1.075248522327315,1370.0150817871095,1391.5946215820313,1405.8177282714844,1347.3484478759765,1379.9011586149118,1388.2588640468744,1370.0150817871095,1413.7228775485908,1326.3072860256282,0.06380629869339376,68.56794954348476,1.2634706078072213,-6.85442524072175,8.11789584852897,17.622858012272577,11.823558970538208,11.888680718122952,-0.027485589667393607
2025-10-20,1429.944862993793,1432.9197829584125,1377.5862231965677,1378.6771240234375,23330227,0.0,0.0,ICICIBANK.NS,-0.032228811727195716,-0.032759595397946324,1.0083657284140868,1369.4250610351562,1390.7567578125,1405.2984240722656,1347.9358142089843,1379.784583891914,1387.8831095361513,1369.4250610351562,1412.28006879328,1326.5700532770325,0.06258832115388542,49.163058044408,0.875953270021455,-5.308349538573109,6.184302808594564,20.137373707309102,15.200634264363453,13.032744551299235,-0.058828573499987914
2025-10-21,1372.9255110082336,1375.999570643796,1364.3974316467445,1370.4464111328125,3415560,0.0,0.0,ICICIBANK.NS,-0.0059700075871318425,-0.005987899327182814,0.9963757697777191,1368.4582092285157,1389.8192260742187,1404.670244140625,1348.472186279297,1378.895234105333,1387.1993174419028,1368.4582092285157,1410.2383448888988,1326.6780735681325,0.061061617196095756,46.61614357652185,-0.09422063855026863,-4.265523758568541,4.171303120018273,20.165711739489762,15.290357709467328,13.052715224001044,-0.06444737405698467
2025-10-23,1373.4214191916344,1378.1813396780694,1348.7295586366392,1352.2994384765625,21124942,0.0,0.0,ICICIBANK.NS,-0.0132416506831885,-0.01333010304420907,0.9699404592019409,1366.9409973144532,1388.6053515625,1403.9658862304686,1348.8836279296875,1376.3623011883074,1385.8306947373796,1366.9409973144532,1408.755987042757,1325.1260075861494,0.061180387171728946,41.51014030955517,-2.3008764125620473,-3.8725942893672425,1.5717178768051951,19.98155186914526,15.72676806025326,13.194025311318361,-0.07683563512546177
2025-10-24,1356.66265330236,1370.0497932383416,1356.66265330236,1366.182373046875,10570263,0.0,0.0,ICICIBANK.NS,0.010266168997269176,0.01021382979493508,0.9901642008706661,1366.6930908203126,1387.655361328125,1403.3541076660156,1349.490196533203,1375.3927842224566,1385.0601723181442,1366.6930908203126,1408.4620140431218,1324.9241675975034,0.06112407167835876,46.351466818519846,-2.8960463961350342,-3.677284710720801,0.7812383145857669,20.491544124866955,16.056205428207775,13.246210985428025,-0.06735827374340317
2025-10-27,1370.5456319928564,1375.206412664237,1362.5133721313011,1366.083251953125,11499836,0.0,0.0,ICICIBANK.NS,-7.255333966060817e-05,-7.255597178146966e-05,0.99001980781142,1366.7823364257813,1386.77478515625,1402.8653283691406,1350.1009436035156,1374.506162101568,1384.3159793626533,1366.7823364257813,1408.5373406006577,1325.027332250905,0.061099712898058434,46.32198593761694,-3.3372513833803623,-3.6092780452527133,0.272026661872351,20.441965624806794,16.053633586564665,13.24040770688656,-0.0674259400153499
2025-10-28,1361.521728041381,1364.298368477702,1344.8621275230646,1351.7044677734375,26477914,0.0,0.0,ICICIBANK.NS,-0.0105255548365224,-0.010581340282637209,0.9690737451985352,1366.955877685547,1385.6304321289062,1402.3006604003906,1350.5652551269532,1372.3345721655555,1383.0370965552331,1366.955877685547,1408.4140811733596,1325.4976741977343,0.060657705438170145,42.135357490812275,-4.7919189702467975,-3.8458062302515303,-0.9461127399952671,20.56238399930617,15.88915574510828,13.297723507585458,-0.0772417994228367
2025-10-29,1353.191921020162,1360.2325408166014,1347.043801434495,1358.9434814453125,16129382,0.0,0.0,ICICIBANK.NS,0.0053554706997449575,0.0053411811619669325,0.979619061946583,1368.0615600585938,1384.5019458007812,1401.5741796875,1351.142025756836,1371.059230192199,1382.0922489038637,1368.0615600585938,1407.2544349139987,1328.868685203189,0.057296946277368144,44.83841865258198,-5.299535858266154,-4.136552155854456,-1.1629837024116982,20.279058267902865,15.990384276853797,13.330541199837304,-0.07229999491669632
2025-10-30,1351.0103759765625,1358.7450954369456,1349.9195961737937,1351.0103759765625,9324401,0.0,0.0,ICICIBANK.NS,-0.005837700814689262,-0.005854806795643493,0.968062638135883,1368.7755432128906,1383.07001953125,1400.7201501464845,1351.685772705078,1369.1498155049956,1380.8733519263226,1368.7755432128906,1406.0379478383616,1331.5131385874197,0.05444633316285865,42.49561837866064,-6.269688148571504,-4.563179354397866,-1.7065087941736383,19.960315869607566,16.02646461707884,13.222293859454437,-0.07771562999215838
2025-10-31,1345.6554843440952,1350.6136843601014,1332.07006472016,1334.0533447265625,15926798,0.0,0.0,ICICIBANK.NS,-0.01255137010901397,-0.012630803923524609,0.943360755566917,1367.451708984375,1381.2652368164063,1399.9415759277344,1352.2064837646485,1365.807294478478,1379.0372732126066,1367.451708984375,1407.7085269605343,1327.1948910082158,0.058878595436556276,37.933194120156216,-8.311027186291767,-5.312748920776646,-2.998278265515121,20.271976702286143,16.35133392859934,13.357345661703784,-0.08929156246588561
2025-11-03,1329.2933430972657,1340.3005222505137,1326.715103456384,1335.14404296875,11071450,0.0,0.0,ICICIBANK.NS,0.0008175821802771654,0.0008172481420231621,0.9449496126905186,1366.5195678710938,1379.5953149414063,1399.2910119628907,1352.8315447998048,1362.8869848108848,1377.3159700657886,1366.5195678710938,1408.915157778289,1324.1239779638986,0.06204900523048272,38.391370334494944,-9.728647060498588,-6.195928548721035,-3.532718511777553,20.300302352887197,16.33610421081082,13.347557780705444,-0.08854698347592972
2025-11-04,1331.375810196628,1338.5156906678078,1322.0543701938611,1325.7235107421875,15211183,0.0,0.0,ICICIBANK.NS,-0.00705581714285719,-0.007080827134017838,0.9312264038713034,1365.2056457519532,1377.4315576171875,1398.466534423828,1353.357594604492,1359.3476063281516,1375.292736366824,1365.2056457519532,1410.989147767064,1319.4221437368424,0.06707194942765317,35.924643170408416,-11.479945577617173,-7.252731954500263,-4.22721362311691,20.491552437161317,16.023624322925027,13.389183938282745,-0.09497802929482911
2025-11-06,1318.88116976713,1330.979129069885,1306.386530263507,1309.3614501953125,24221853,0.0,0.0,ICICIBANK.NS,-0.012341985651076581,-0.01241878047726421,0.9073912353057436,1362.4538452148438,1375.1309521484375,1397.5355114746094,1353.8119213867187,1354.5870200297861,1372.7071957326473,1362.4538452148438,1414.6136924667996,1310.293997962888,0.07656750712715825,32.07039994641019,-14.026455563969193,-8.60747667639405,-5.418978887575143,21.093607928958672,16.321698119989982,13.425431281555362,-0.10614779747118142
2025-11-07,1309.3614221413634,1333.0616413002483,1307.576421800604,1331.7724609375,7719245,0.0,0.0,ICICIBANK.NS,0.0171159848480682,0.01697115662862865,0.9400381147885748,1361.1002502441406,1373.3420336914062,1396.9181469726564,1354.3249182128907,1352.4142048781398,1371.1019120151907,1361.1002502441406,1415.0295616447854,1307.1709388434958,0.07924370213137716,41.35172585139758,-14.073965886504084,-9.700774518416058,-4.373191368088026,21.46193323502221,17.193174054426397,13.464461444608574,-0.09084863671628582
2025-11-10,1331.6733731274833,1338.3173126722259,1329.7892329275433,1336.730712890625,8542340,0.0,0.0,ICICIBANK.NS,0.0037230473662404062,0.003716133979326222,0.9472609685822444,1359.7020446777344,1371.98150390625,1396.2440869140626,1354.9790704345703,1350.9205389745669,1369.754021853443,1359.7020446777344,1414.678813544418,1304.7252758110508,0.08086590600033082,43.200761604585644,-13.555271927711146,-10.471674000275076,-3.0835979274360703,20.038223295253733,17.113426334089407,13.369696785418869,-0.08746382312769842
2025-11-11,1337.7222802082897,1349.0269997439532,1334.9456399539874,1346.944580078125,8305184,0.0,0.0,ICICIBANK.NS,0.0076409310334562,0.0076118869752008385,0.9621398553473224,1358.6112365722656,1371.1723266601562,1395.7085766601563,1355.647389526367,1350.541876222525,1368.8595339406854,1358.6112365722656,1413.696834942967,1303.5256382015643,0.08109103897842117,46.91370866015123,-12.179630310534549,-10.813265262326972,-1.3663650482075766,17.09163758297666,17.235192967463455,13.35549478526291,-0.08049119713468338
2025-11-12,1358.5467300041707,1358.5467300041707,1344.0688109600715,1347.53955078125,9736761,0.0,0.0,ICICIBANK.NS,0.0004417187699663483,0.0004416212409496859,0.9630065693507284,1357.5948059082032,1370.400830078125,1395.2833251953125,1356.4997485351562,1350.2559404662131,1368.0234561697273,1357.5948059082032,1412.7114073734513,1302.478204442955,0.08119742536636507,47.130514703975024,-10.91558716052532,-10.833729641966642,-0.08185751855867807,17.105796630648538,16.89296944762914,13.349785719891589,-0.08008503283730845
2025-11-13,1347.5395638924115,1378.7762225869417,1347.142883699029,1374.3138427734375,18296626,0.0,0.0,ICICIBANK.NS,0.01986902126669654,0.019674208527996128,1.0020095886238232,1357.6840576171876,1369.90302734375,1395.1386071777345,1357.4648223876952,1352.5471692573774,1368.270137997324,1357.6840576171876,1412.908158546255,1302.4599566881202,0.08135044470653771,55.86570364172961,-7.665004850907508,-10.199984683754817,2.534979832847309,17.261622191111574,17.6337689033116,13.77382703067768,-0.061807222791200385
2025-11-14,1362.513368521827,1369.653128146561,1351.8036080349211,1361.521728515625,9694498,0.0,0.0,ICICIBANK.NS,-0.009308000734386312,-0.009351590875457741,0.9833748819026642,1356.4246765136718,1369.4825732421875,1394.7104895019531,1358.3595385742187,1353.4018891867343,1368.0054944882377,1356.4246765136718,1409.9855038273333,1302.8638492000102,0.07897353718353957,51.48859543253503,-6.051355405523509,-9.370258828108556,3.3189034225850467,17.60161361802138,17.88314857484054,13.704788158043932,-0.07053992185045588
2025-11-17,1363.6041374139656,1370.9422976111398,1362.1166774165574,1367.4715576171875,7660717,0.0,0.0,ICICIBANK.NS,0.004369984684746253,0.004360464028344948,0.9920421997606892,1354.52568359375,1369.1255834960937,1394.4107531738282,1359.247348022461,1354.7418576086823,1367.984555787412,1354.52568359375,1403.241636823647,1305.809730363853,0.07193064527303253,53.32054953938506,-4.243508585162999,-8.344908779519445,4.1014001943564455,17.36786565820559,17.174776045489438,13.70673484814103,-0.06647819554385932
2025-11-18,1368.6614140079962,1371.2397747243117,1357.6542347453071,1361.9183349609375,9529560,0.0,0.0,ICICIBANK.NS,-0.004060941981072319,-0.004069209997507276,0.9839526319636134,1351.3921020507812,1368.4889501953126,1394.016123046875,1360.0151373291017,1355.4253316422305,1367.7466647746091,1351.3921020507812,1387.5850657615363,1315.1991383400261,0.05356397104264717,51.37065500222727,-3.221737429708128,-7.320274509557182,4.098537079849054,16.82246676884446,17.153245033142543,13.697377743591002,-0.07026917342982165
2025-11-19,1362.0175118520117,1372.4297316368286,1360.133371680989,1371.5372314453125,10393918,0.0,0.0,ICICIBANK.NS,0.007062755700877554,0.007037931259273258,0.9979648047252854,1351.035107421875,1368.0982421875,1393.7009533691407,1360.7377825927733,1356.959798290143,1367.8953144479701,1351.035107421875,1386.2217537114782,1315.8484611322717,0.05208842626857931,54.47607973360552,-1.6171701390203452,-6.179653635449815,4.562483496429469,16.75872538125397,17.258057398983873,13.708145761209797,-0.06370271173418154
2025-11-20,1368.5623301618334,1376.6938507345087,1363.9016706145442,1371.4381103515625,10131863,0.0,0.0,ICICIBANK.NS,-7.22700714770319e-05,-7.227268308447568e-05,0.9978204116660392,1351.0846923828126,1367.7075366210938,1393.253914794922,1361.4365606689453,1358.3386851531354,1368.0342476206602,1351.0846923828126,1386.3891128893736,1315.7802718762516,0.0522608548606928,54.437501149271554,-0.34950833027301087,-5.013624574414455,4.664116244141444,17.027889299000094,17.063109596271666,13.68006415437467,-0.0637703780061283
2025-11-21,1361.5216431243439,1364.4965629563708,1353.1918433847088,1358.0509033203125,11483595,0.0,0.0,ICICIBANK.NS,-0.009761437231621262,-0.00980939238939745,0.9783188131175093,1351.372265625,1367.0292553710938,1392.4456896972656,1362.0489685058594,1358.3112773595333,1367.6427439226072,1351.372265625,1386.8117872121695,1315.9327440378304,0.05244968020825711,49.353910345820665,-0.4202683477899427,-4.094953329089552,3.6746849812996096,16.97831470688946,17.2661997200864,13.771664859742513,-0.07290932469560595
2025-11-24,1361.8192653055182,1365.488284898759,1350.1178648436169,1356.960205078125,15896003,0.0,0.0,ICICIBANK.NS,-0.000803135022053203,-0.0008034577077700623,0.976729955993908,1350.9111572265624,1366.3251928710938,1391.787939453125,1362.6696984863281,1358.182603808923,1367.223820830667,1350.9111572265624,1385.7746259534558,1316.047688499669,0.05161474689196965,48.95281337972331,-0.5579249922550389,-3.3875476617226497,2.8296226694676108,17.105814796961777,17.219901635162902,13.770729372190646,-0.07365390368556184
2025-11-25,1353.5886121834044,1365.3891524995797,1342.978112507823,1346.4488525390625,12235000,0.0,0.0,ICICIBANK.NS,-0.007746249668727279,-0.0077764077027513406,0.9614177122271268,1349.9294372558593,1365.4565185546876,1391.1608752441407,1363.224341430664,1357.0651036879838,1366.4091161917804,1349.9294372558593,1384.0927790070848,1315.7660955046338,0.050615003730376994,45.144996092763044,-1.497929973316559,-3.0096241240414314,1.5116941507248725,17.53079476251964,17.331704495099345,13.791028811684086,-0.08082961182726434
2025-11-26,1348.6304048295453,1365.4882848899147,1348.5312650391513,1363.5050048828125,9659004,0.0,0.0,ICICIBANK.NS,0.012667508544113248,0.01258794685217646,0.986263987855339,1350.519464111328,1364.6096606445312,1390.7457019042968,1363.8768121337891,1357.6784276113008,1366.2952294737815,1350.519464111328,1385.2153421841347,1315.8235860385214,0.05138152984064883,51.70903939085301,-0.8567259399083014,-2.5790444872148055,1.7223185473065041,17.13414001569637,17.745843808964405,13.957058329599786,-0.06918601308159036
2025-11-27,1367.471557668799,1382.3461576434415,1364.1990972544559,1380.5611572265625,15158741,0.0,0.0,ICICIBANK.NS,0.012509050045779624,0.012431458275430018,1.0111102634835514,1351.6003479003907,1364.0702075195313,1390.5197875976562,1364.5397760009766,1359.8577351937065,1366.8546776209494,1351.6003479003907,1388.667120790412,1314.5335750103695,0.054848717592595506,57.221724021464766,1.016009896478863,-1.8600336104760717,2.876043506954935,16.659563820052426,18.092429167005513,14.092272952778897,-0.05754241433591637
2025-11-28,1380.3628968845176,1386.8085569633604,1374.0163765969262,1377.189697265625,7683986,0.0,0.0,ICICIBANK.NS,-0.002442093885728691,-0.002445080660649442,1.0061989434055718,1352.9093139648437,1363.4196948242188,1390.0938537597656,1365.1883428955077,1361.508398248175,1367.2599725089758,1352.9093139648437,1391.6973770776083,1314.1212508520791,0.057340226299561876,55.86418477951571,2.2027262398248695,-1.0474816404158835,3.250207880240753,16.964142435891826,17.85154544350579,14.071194653165916,-0.05984398424342525
2025-12-01,1382.3461800316288,1388.2960201178482,1373.8181001180092,1378.478759765625,8867593,0.0,0.0,ICICIBANK.NS,0.0009360093983852291,0.0009355716147467322,1.00807676447163,1355.1305847167969,1362.8425610351562,1389.7506799316407,1365.820230102539,1363.1246231545988,1367.699924950413,1355.1305847167969,1394.4565071913746,1315.8046622422191,0.05804004856520348,56.291158748749865,3.210218659940665,-0.19594158034457387,3.4061602402852387,16.992468165168493,17.37971051951978,13.238166673538945,-0.058963989376728636
2025-12-02,1370.2482089901266,1370.2482089901266,1359.1417682907786,1361.521728515625,12126396,0.0,0.0,ICICIBANK.NS,-0.012301264078151686,-0.012377550888811307,0.983374881902664,1356.4494689941407,1361.8767065429688,1389.1759399414063,1366.443594970703,1362.9719665223156,1367.4576427372842,1356.4494689941407,1394.7078828634656,1318.1910551248159,0.05640964111651711,49.50643143356342,2.610283235131874,0.36530338275071567,2.2449798523811584,17.339544767364714,17.160933648877926,13.347882139072503,-0.07053992185045588
2025-12-03,1355.5718853340877,1382.544445020301,1355.5718853340877,1379.8670654296875,7955933,0.0,0.0,ICICIBANK.NS,0.013474141858950128,0.01338417287841892,1.0100991564208988,1359.1566467285156,1361.6644970703126,1388.8840405273438,1367.1306420898438,1364.581023561113,1367.9442867644373,1359.1566467285156,1395.8927688848112,1322.42052457222,0.05405723062859494,55.724007021282745,3.5739472204052163,1.0070321502816157,2.5669150701236005,17.00663196724333,15.016451700367133,13.434784196270751,-0.05801624490523805
2025-12-04,1375.4045960658268,1379.9661155774988,1368.3639767054422,1375.1070556640625,7373909,0.0,0.0,ICICIBANK.NS,-0.003449614738172402,-0.003455578377882781,1.0031650887457215,1362.4439270019532,1361.3709692382813,1388.6212976074219,1367.8423529052734,1365.583502809013,1368.2251796624619,1362.4439270019532,1391.3505185035783,1333.537335500328,0.042433440274101945,53.870464455950525,3.90850999428244,1.5873277190817807,2.321182275200659,16.22748226249621,14.945932509424264,13.434523339950788,-0.06126572594993196
2025-12-05,1369.4547830523452,1383.6352828825825,1369.4547830523452,1380.858642578125,4942638,0.0,0.0,ICICIBANK.NS,0.004182646645853216,0.004173923694261524,1.011543620485254,1364.8982360839843,1361.3352685546874,1388.4377197265626,1368.5874963378906,1367.0382780251189,1368.720609580723,1364.8982360839843,1391.0433681093136,1338.753104058655,0.03831074190606625,55.78428581140512,4.584906451356346,2.186843465536694,2.398062985819652,16.56747731497639,14.433051398542357,13.444271139097902,-0.057339332187228906
2025-12-08,1375.404670384236,1383.2386505394277,1371.7356508298087,1377.98291015625,7826227,0.0,0.0,ICICIBANK.NS,-0.0020825682899053843,-0.00208473985071939,1.0073544435274697,1366.9608459472656,1361.4721166992188,1388.2145593261719,1369.332529296875,1368.0806239423696,1369.083837054273,1366.9608459472656,1390.083674970689,1343.8380169238424,0.033831004146135275,54.56533931093789,4.833193893172165,2.7161135510637884,2.117080342108377,16.418724438591703,14.16583501129094,13.374970609345358,-0.05930248740215682
2025-12-09,1368.3640275890855,1372.7272676950297,1361.9183677427457,1363.7032470703125,10492030,0.0,0.0,ICICIBANK.NS,-0.010362728725219372,-0.010416795643425597,0.9865527739738309,1367.798779296875,1361.46021484375,1387.7718469238282,1369.9510577392577,1367.6637309069356,1368.8728335254903,1367.798779296875,1389.0024443715831,1346.5951142221668,0.03100407076778945,48.856482691062936,3.8335235356803423,2.9395955479870994,0.8939279876932429,16.687880328424903,14.50091771935692,13.472955732328835,-0.06905068053769686
2025-12-10,1366.3806948465074,1367.8681547535796,1346.5478960855444,1352.2001953125,8725381,0.0,0.0,ICICIBANK.NS,-0.008435157562706408,-0.008470934837624055,0.9697958883187301,1368.0318115234375,1361.5395458984376,1387.25740234375,1370.5561065673828,1366.191013231275,1368.2190045759612,1368.0318115234375,1388.3833101712098,1347.680312875665,0.029752961117342692,44.79107969208217,2.0889967787809383,2.769475794145867,-0.6804790153649289,17.297028796144236,14.381456030804246,13.531167900560767,-0.07690338473025574
2025-12-11,1352.299390595187,1355.1751707435094,1341.490611666704,1348.63037109375,6734750,0.0,0.0,ICICIBANK.NS,-0.0026400116130178564,-0.002643502589174979,0.9645956042982937,1366.7476379394532,1361.775556640625,1386.7830310058594,1371.1831604003905,1364.5185711229392,1367.4508228707766,1366.7476379394532,1388.6149004206077,1344.8803754582987,0.031998976071577055,43.57914680713156,0.41362377767723046,2.29830539085214,-1.8846816131749096,16.97119251828365,14.311758039006875,13.53462202286852,-0.07934037051450533
2025-12-12,1356.5634801370334,1359.240859638436,1351.90282069391,1354.5802001953125,3890885,0.0,0.0,ICICIBANK.NS,0.0044117567193278084,0.0044020534491631385,0.9732629221563185,1366.4005615234375,1362.1325463867188,1386.298291015625,1371.7484466552735,1363.5720596060223,1366.946092569778,1366.4005615234375,1388.8301881771765,1343.9709348696986,0.032830236294299486,46.192351301861464,-0.42907381654094934,1.7528295493735222,-2.1819033659144713,16.63119741039392,14.270060412185535,13.526894850027684,-0.0752786442079088
2025-12-15,1344.7629655399599,1358.5467856038574,1344.7629655399599,1353.786865234375,5342530,0.0,0.0,ICICIBANK.NS,-0.0005856685051376376,-0.0005858400759289357,0.9721072442104557,1365.716326904297,1361.9976831054687,1385.4119982910156,1372.3673333740235,1362.6401363325322,1366.430044438978,1365.716326904297,1388.832798508731,1342.5998552998628,0.03385252288347868,45.88716728776559,-1.1477032240907192,1.172722994680674,-2.3204262187713933,16.014967415546835,13.758501565063744,13.50038919018243,-0.07582022438202443
2025-12-16,1352.5969202535916,1357.257579696715,1344.1679805012782,1354.5802001953125,12359741,0.0,0.0,ICICIBANK.NS,0.0005860117137421739,0.0005858400759290915,0.9732629221563187,1365.3494201660155,1362.0135498046875,1384.4568835449218,1373.0738305664063,1361.8725233670825,1365.9653446647167,1365.3494201660155,1388.9476344004966,1341.7512059315345,0.034567289348702644,46.26946138208286,-1.6343667433889095,0.6113050470667574,-2.245671790455667,15.589979333017173,13.758238471869822,13.34289000386423,-0.0752786442079088
2025-12-17,1353.5885110391764,1353.5885110391764,1331.8715722565005,1341.0938720703125,9440391,0.0,0.0,ICICIBANK.NS,-0.009956094237207558,-0.010005987581554689,0.9536169305485429,1363.8272521972656,1361.7953881835938,1383.2192993164062,1373.7847314453124,1359.8936041959614,1364.9899927982694,1363.8272521972656,1389.5744537621626,1338.0800506323685,0.03775727684487267,40.9705038722893,-3.0728630064468234,-0.12552856363595882,-2.9473344428108645,15.866227560030243,13.921684406324847,13.43640180008645,-0.08448525716933318
2025-12-18,1335.0449336848067,1358.0509324595278,1334.2515732926577,1345.4571533203125,7314573,0.0,0.0,ICICIBANK.NS,0.003253524112569517,0.0032482428550260714,0.9599730703388067,1362.5282043457032,1361.41658203125,1382.0765173339844,1374.4889111328125,1358.5187041125662,1364.2239990932517,1362.5282043457032,1389.2613779399778,1335.7950307514286,0.03924054343830935,43.2355477219582,-3.8168035913906806,-0.8637835691869031,-2.9530200222037775,16.652454617204235,13.403359673238388,13.448735215445614,-0.08150660787812071
2025-12-19,1342.6805232986085,1349.0270433350909,1339.5073238052678,1342.7796630859375,14318512,0.0,0.0,ICICIBANK.NS,-0.0019900226683305933,-0.0019920053943239605,0.9560726794995149,1361.7646423339843,1361.0952880859375,1380.968956298828,1375.1880682373046,1357.0197478243158,1363.3830447400237,1361.7646423339843,1389.8732487253396,1333.656035942629,0.04128262038464864,42.16631423953449,-4.569755651380547,-1.604977985625632,-2.9647776657549145,16.298297440774522,12.514200576290419,13.444281915881579,-0.08333443054915513
2025-12-22,1346.647106277973,1359.8359665635035,1343.4739067302291,1357.059326171875,9375294,0.0,0.0,ICICIBANK.NS,0.010634405240484757,0.010578257666335786,0.9768743490531535,1361.769598388672,1360.942578125,1379.8929931640625,1376.0489099121094,1357.02351719075,1363.135055776567,1361.769598388672,1389.874672737004,1333.66452404034,0.04127728270859858,49.35925407404513,-3.9684799462108913,-2.077678377742684,-1.8908015684682073,16.135391155254492,12.834483814663427,13.572642263831552,-0.07358623741361509
2025-12-23,1349.7210845323889,1353.5885044694035,1345.6553850292898,1351.605224609375,9105467,0.0,0.0,ICICIBANK.NS,-0.004019059047245532,-0.004027157170230497,0.9689291743153239,1362.0274169921875,1360.5994677734375,1378.7841394042969,1376.8721490478515,1356.5074893258573,1362.6829055347164,1362.0274169921875,1389.6308570977271,1334.4239768866478,0.04053286998656358,46.95701629001775,-3.8872551742549604,-2.4395937370451395,-1.4476614372098209,15.023346973566763,12.717863693229244,13.581508551689971,-0.07730954902763067
2025-12-24,1352.3986889312134,1356.7618081188289,1346.2504482626368,1348.43212890625,8955140,0.0,0.0,ICICIBANK.NS,-0.002347649776244465,-0.0023504098265809507,0.9643068181798014,1361.2737731933594,1360.2107470703124,1377.680947265625,1377.658857421875,1355.7384073811327,1362.1240515492864,1361.2737731933594,1389.5228572569106,1333.0246891298082,0.041503898216275446,45.567550921573236,-4.03244277169847,-2.7581635439758054,-1.2742792277226647,14.945434186719288,12.737908176653933,13.585122575404062,-0.07947570305839882
2025-12-26,1345.159575111433,1350.6135947672478,1337.2264556120658,1339.110595703125,2812144,0.0,0.0,ICICIBANK.NS,-0.006912867917709731,-0.0069368724800111066,0.9507278245958677,1359.2012451171875,1359.5423828125,1376.4943798828126,1378.372880859375,1354.1548062689415,1361.221563084731,1359.2012451171875,1387.5741264083806,1330.8283638259943,0.041749345644171924,41.66698047732895,-4.843838064854026,-3.17529844815145,-1.6685396167025761,14.888765567072483,11.413657156387428,13.60077181152198,-0.0858391659381987
2025-12-29,1340.7964277815033,1344.3663075928198,1330.2850679288142,1332.070068359375,6057201,0.0,0.0,ICICIBANK.NS,-0.005257614543818345,-0.005271484435553557,0.9404716496142413,1356.945263671875,1358.4495971679687,1375.3338452148437,1379.0401385498046,1352.0514978966019,1360.0783672131486,1356.945263671875,1386.44842732584,1327.44210001791,0.043484677597281744,38.954698679074895,-5.985983702983276,-3.737435499117815,-2.248548203865461,15.072925563814383,11.211088816480611,13.588568559963237,-0.09064547123475113
2025-12-30,1332.0699716952038,1335.8381308143366,1326.9133714087848,1331.276611328125,18621277,0.0,0.0,ICICIBANK.NS,-0.0005956571280272271,-0.0005958346022136541,0.9393157938444139,1354.58515625,1356.9661010742188,1374.248035888672,1379.720650024414,1350.0729372710327,1358.9488865902065,1354.58515625,1384.385757726919,1324.7845547730808,0.04399959845923368,38.649355694990255,-6.875906530756993,-4.365129705445651,-2.510776825311342,14.56294106324635,11.107672763958757,13.5848627253882,-0.09118713474171401
2025-12-31,1331.574200056716,1338.7139594203709,1328.3017397359904,1331.67333984375,6150634,0.0,0.0,ICICIBANK.NS,0.00029800607345542574,0.00029796167846528305,0.9398937217293275,1353.0927368164062,1355.1077685546875,1373.3511950683594,1380.4016693115234,1348.3205946589105,1357.8792573060318,1353.0927368164062,1384.3830556849653,1321.802417947847,0.04625007291396718,38.907209028255394,-7.463133747501388,-4.984730513856799,-2.478403233644589,13.783795421556729,11.070646968040222,13.574675928841174,-0.09091630298823257
2026-01-01,1332.665031313395,1337.1274113505744,1324.8310510381634,1326.8143310546875,4179311,0.0,0.0,ICICIBANK.NS,-0.0036487993291453025,-0.0036554724349121223,0.9328154388188683,1350.4401000976563,1354.0705126953126,1372.4136352539062,1380.9080804443358,1346.272379077556,1356.6610249040182,1350.4401000976563,1381.163345424484,1319.7168547708286,0.04550108564549587,36.86363341634541,-8.225775330716488,-5.632939477228737,-2.5928358534877507,13.684638366957122,10.848954471489447,13.4446420227674,-0.094233366972026
2026-01-02,1326.8142878641993,1345.5563076202234,1325.12854832495,1344.06884765625,8226205,0.0,0.0,ICICIBANK.NS,0.013004469576272104,0.01292063747425784,0.9579506783895373,1348.8881896972657,1353.5429614257812,1371.68109375,1381.5078985595703,1346.0625189421935,1356.1672140315568,1348.8881896972657,1377.4228416107014,1320.35353778383,0.042308402032698963,47.42418175503661,-7.353116838458618,-5.976974949474713,-1.3761418889839048,14.385871991999077,11.591308489073452,13.605035464580398,-0.08245435234961129
2026-01-05,1342.878760280637,1364.0007394532674,1341.2921605842894,1360.0341796875,6920565,0.0,0.0,ICICIBANK.NS,0.011878358805123668,0.011808364831651683,0.9812079190701835,1347.8469665527343,1353.69765625,1371.15150390625,1382.1575299072265,1347.3931532988895,1356.3188597435546,1347.8469665527343,1372.7595105580112,1322.9344225474574,0.03696642812350346,54.93527940265085,-5.312026098858269,-5.843985179351424,0.5319590804931558,15.02335476379054,11.80729733431855,13.76135438152467,-0.07155541592674043
2026-01-06,1360.5299848190614,1401.7821817231495,1354.5801452353044,1399.4022216796875,17260416,0.0,0.0,ICICIBANK.NS,0.02894636221659752,0.028535329367543282,1.0385566811219804,1348.9179321289062,1354.3620532226562,1371.0087072753906,1382.9107623291015,1352.3463979065846,1358.0084033488931,1348.9179321289062,1380.2895432342705,1317.5463210235419,0.04651374313906942,67.32959249891623,-0.5118744362748657,-4.777563030736112,4.265688594461246,17.459957427533986,14.464202827091748,14.485188699046992,-0.04468032269811759
2026-01-07,1396.2290239898057,1417.9459627064246,1392.4607438290054,1415.7642822265625,15813795,0.0,0.0,ICICIBANK.NS,0.01169217848406423,0.011624353137318367,1.0623918496875402,1351.5209838867188,1355.355673828125,1371.0652294921874,1383.745805053711,1358.386196413249,1360.2733397754685,1351.5209838867188,1394.5366648348008,1308.5053029386368,0.06365521728619718,70.91055724434166,4.559997074460398,-2.91005100969681,7.470048084157208,17.658285351720206,14.53201224290249,14.46341039001491,-0.03351055452176529
2026-01-08,1417.0535778936194,1430.1431776389843,1411.4012782421678,1423.00341796875,14861699,0.0,0.0,ICICIBANK.NS,0.0051132351854523694,0.005100206990366363,1.072937344259553,1355.0611450195313,1356.7816528320313,1371.2060424804688,1384.4000622558594,1364.540217513773,1362.7333428418717,1355.0611450195313,1408.6635390597119,1301.4587509793507,0.07911435470966584,72.35435268291877,9.059200715302495,-0.516200664696949,9.575401379999445,17.29703822528781,14.1983650003125,14.484599482520464,-0.028568666682777685
2026-01-09,1415.1693772847862,1417.549337423264,1389.7834182572258,1392.56005859375,12555636,0.0,0.0,ICICIBANK.NS,-0.02139373594650673,-0.021625899111944093,1.028589470082811,1357.2576293945312,1357.453984375,1370.9779650878907,1384.8597882080078,1367.2087738071043,1363.9030179693964,1357.2576293945312,1413.2954021183193,1301.2198566707432,0.08257499756886444,59.07530891350252,10.052448965645226,1.597529261371486,8.45491970427374,18.989915381123605,15.266290206618802,14.849927641684188,-0.04935121211792931
2026-01-12,1388.1967781468372,1412.3928169264516,1380.0652579976486,1401.286376953125,10923811,0.0,0.0,ICICIBANK.NS,0.006266385643852956,0.006246833487722842,1.0413013940154094,1359.5929382324218,1358.4595043945312,1370.7647619628906,1385.2578521728515,1370.454259821011,1365.3690320471896,1359.5929382324218,1418.9551457799473,1300.2307306848963,0.08732350084827749,61.2695189306749,11.412193658078877,3.560462140712964,7.851731517365913,20.08071934192625,15.33720703718073,14.748702089345098,-0.04339408020119882
2026-01-13,1408.1288141663404,1429.746614803746,1399.3031938675902,1424.9866943359375,14295581,0.0,0.0,ICICIBANK.NS,0.0169132575415063,0.016771820942584125,1.0758264502122277,1363.1529296875,1360.2781713867187,1370.7717041015626,1385.700368041992,1375.647825012909,1367.706979587925,1363.1529296875,1429.2112015290875,1297.0946578459127,0.09691982521246696,66.51986338909191,14.238090816214708,5.695987875813313,8.542102940401396,21.440682184324164,16.048087723111625,15.009244681151602,-0.027214757913912167
2026-01-14,1413.6818734015883,1431.8289327125644,1403.0713744699053,1406.5421142578125,13832255,0.0,0.0,ICICIBANK.NS,-0.01294368582628791,-0.013028185275863927,1.048957604810782,1365.751025390625,1361.7061328125,1370.6507238769532,1386.121759033203,1378.5901382743282,1369.2299260455677,1365.751025390625,1434.4252068486087,1297.0768439326414,0.10056617960560098,59.73328880663185,14.818492847653488,7.520488870181348,7.29800397747214,22.743982069071812,16.09590804325597,15.140830919302454,-0.03980618446392396
2026-01-15,1406.5421142578125,1406.5421142578125,1406.5421142578125,1406.5421142578125,0,0.0,0.0,ICICIBANK.NS,0.0,0.0,1.048957604810782,1369.0234375,1363.3225048828126,1370.37703125,1386.581527709961,1381.252231225136,1370.6931491127148,1369.0234375,1438.9759692185676,1299.0709057814324,0.10219332964278426,59.73328880663185,15.104352070602317,9.037261510265541,6.067090560336776,21.787757843701666,15.666290990135401,15.136815319227658,-0.03980618446392396
2026-01-16,1406.0463569783972,1417.0535365865687,1388.494256638521,1399.0057373046875,12530886,0.0,0.0,ICICIBANK.NS,-0.005358088376260062,-0.005372494414042502,1.0379791088849957,1371.7008666992188,1365.115390625,1370.1231713867187,1386.9999243164064,1382.9430413279506,1371.8034466888705,1371.7008666992188,1441.9540034412216,1301.4477299572159,0.10243215331788183,56.97858962529152,14.55499401744305,10.140808011701044,4.414186005742007,22.82190357827611,15.719735945958416,15.165004987781058,-0.04495098778590458
2026-01-19,1388.1968051292893,1388.2959449153948,1348.6303464892405,1369.05810546875,23302883,0.0,0.0,ICICIBANK.NS,-0.02140636813515462,-0.021638807541659838,0.994353377828449,1373.0147888183594,1365.861103515625,1369.6015686035157,1387.2110162353515,1381.6206664842173,1371.6957862488657,1373.0147888183594,1441.9612373688672,1304.0683402678517,0.10043074424543418,47.58715300098391,11.569731532842525,10.42659271592934,1.1431388169131846,25.782662964697188,16.91971954420598,15.585903675679539,-0.06539511852847525
2026-01-20,1363.207439020359,1376.1980196642805,1360.0342394881388,1364.29833984375,15012785,0.0,0.0,ICICIBANK.NS,-0.0034766717394878466,-0.0034827294071031597,0.9874196658012007,1373.3767395019531,1366.4124560546875,1369.1969799804688,1387.545424194336,1379.970921089887,1371.4056903114104,1373.3767395019531,1442.045954507811,1304.7075244960952,0.10000055051283369,46.28147731611893,8.71930547330794,10.085135267405061,-1.3658297940971202,26.193488714108703,16.9377894239209,15.595830598918653,-0.06864443290747471
2026-01-21,1356.0676290796277,1360.0341888721825,1328.3017105317451,1337.7222900390625,21766068,0.0,0.0,ICICIBANK.NS,-0.019479646810778295,-0.019671875591550272,0.9487054326465982,1372.6825927734376,1366.2280102539062,1368.7001684570312,1387.6839727783204,1375.9472419421895,1370.0847726536713,1372.6825927734376,1442.5486967263312,1302.816488820544,0.10179498788825253,39.727222260524556,4.266673613489047,8.921442936621858,-4.654769323132811,27.88636507122255,17.602553483947386,15.9254275801189,-0.08678691040968928
2026-01-22,1343.7713064680374,1346.6470866066866,1326.814287098488,1334.2515869140625,17179765,0.0,0.0,ICICIBANK.NS,-0.002594487025329162,-0.0025978585396207606,0.9436495416854083,1371.973565673828,1365.9622509765625,1368.1815405273437,1387.8135321044922,1371.976227177606,1368.6795496834907,1371.973565673828,1443.1513965105112,1300.795734837145,0.10375977003860862,38.95141982532244,0.4526561109130398,7.2276855714800945,-6.775029460567055,27.84386794357436,17.456905486275225,15.802287866257766,-0.08915622992199213
2026-01-23,1329.2934092663852,1343.8704687287582,1324.5334888848981,1332.169189453125,14056524,0.0,0.0,ICICIBANK.NS,-0.0015607232409247107,-0.0015619424381601915,0.9406160426734871,1371.6264953613281,1365.1193579101562,1367.511192626953,1387.9043878173827,1368.1850807276555,1367.2477708509273,1371.6264953613281,1443.5428964296023,1299.710094293054,0.1048629511189621,38.46605154642733,-2.706809890677505,5.240786479048575,-7.94759636972608,27.603039441780215,17.447601050518504,15.800477003831348,-0.09057780496280439
2026-01-27,1328.7975572308817,1357.6542560921293,1317.492837384778,1350.0186767578125,25263634,0.0,0.0,ICICIBANK.NS,0.0133988140890835,0.01330984382915093,0.9666179962475621,1372.52392578125,1364.889296875,1367.1859350585937,1388.3194323730468,1366.454947016242,1366.5721201021777,1372.52392578125,1442.7909814862428,1302.2568700762572,0.102391010291491,44.81387449769717,-3.7274374301175612,3.4471416972153475,-7.174579127332908,27.100138171744934,17.850548024345866,15.96882663178045,-0.07839262604301475
2026-01-28,1351.2086513775284,1368.859891948821,1351.2086513775284,1356.2659912109375,13242696,0.0,0.0,ICICIBANK.NS,0.004627576314816917,0.00461690200167341,0.97571867110729,1373.7733947753907,1364.665185546875,1366.8953845214844,1388.7049487304687,1365.4845702728796,1366.1679581848741,1373.7733947753907,1441.8054102099702,1305.7413793408111,0.09904401365365303,46.87937589957244,-3.986235204869672,1.9604663167983438,-5.946701521668016,26.625566479858467,17.900864334957834,15.989700562943456,-0.07412781758773074
2026-01-29,1347.6387612421634,1376.098780848474,1343.0772414479197,1372.0330810546875,23118234,0.0,0.0,ICICIBANK.NS,0.011625366960408945,0.011558311577178688,0.9986871256694438,1375.7913818359375,1364.86748046875,1366.6782153320312,1389.1648724365234,1366.1082379663853,1366.3979630032982,1375.7913818359375,1440.8967304245298,1310.6860332473452,0.09464421633709007,51.784244992630995,-2.885796263594557,0.9912138007197636,-3.8770100643143204,27.645540765839737,18.208989777461966,16.111488970492307,-0.06336421370875336
2026-01-30,1356.7617179329986,1370.347257745332,1341.8871188281207,1343.672119140625,24013717,0.0,0.0,ICICIBANK.NS,-0.020670756635300158,-0.020887387203531622,0.9573727505046232,1376.6342712402343,1364.3101782226563,1366.2042102050782,1389.4296069335937,1363.9714647448843,1365.5067534400562,1376.6342712402343,1439.466615831391,1313.8019266490776,0.09128400462462688,43.92731308598178,-4.253155351026635,-0.05766002962951611,-4.195495321397119,27.425966659771348,18.991143832276983,16.31678928036093,-0.08272518410309274
2026-02-02,1318.7820210502812,1343.0772003288644,1317.9886606539171,1341.4906005859375,12800245,0.0,0.0,ICICIBANK.NS,-0.001623549766056609,-0.0016248691512297441,0.9541948584334559,1376.5053588867188,1363.7112280273439,1365.7093823242187,1389.4937591552734,1361.8304300630798,1364.5649435242085,1376.5053588867188,1439.6289305259781,1313.3817872474594,0.09171569326880359,43.382072377941114,-5.45000334866495,-1.1361286934366028,-4.313874655228347,26.951388056764554,18.974107780693174,16.318207734343805,-0.08421442541585174
2026-02-03,1400.1956512153185,1405.15385111339,1361.918372212169,1378.08203125,24896698,0.0,0.0,ICICIBANK.NS,0.027276695526662786,0.026911315814524474,1.007498836586715,1377.4077514648438,1364.1118505859374,1365.5705529785157,1389.710362548828,1363.3782016046912,1365.095025395808,1377.4077514648438,1440.0540939255368,1314.761409004151,0.09096266867101611,53.751532431350455,-3.4066219451383404,-1.5902273437769505,-1.8163946013613899,29.324233027571445,20.542482742549993,16.938058623199186,-0.05923482113021007
2026-02-04,1375.4046132419246,1402.1788919423802,1375.3054734566974,1396.625732421875,11080683,0.0,0.0,ICICIBANK.NS,0.013456166433760686,0.01336643627927057,1.0345120750474068,1377.2689270019532,1364.9051611328125,1365.615177001953,1389.772197265625,1366.5446331110898,1366.331523710556,1377.2689270019532,1439.7220566946987,1314.8157973092077,0.09069126365711863,57.95421292361677,-0.28759058740911314,-1.3296999925033832,1.04210940509427,29.18965161635885,20.67398265766489,17.026201456574135,-0.04657572830825153
2026-02-05,1402.1788945018798,1402.1788945018798,1381.5527350454402,1384.8251953125,8982761,0.0,0.0,ICICIBANK.NS,-0.008449319553143098,-0.008485217404901158,1.017321832390603,1375.72197265625,1365.6726879882813,1365.5646032714844,1389.759775390625,1368.2856390350337,1367.0567657341617,1375.72197265625,1435.6415892525013,1315.8023560599988,0.08711006698622129,54.55665551165134,1.218018947242399,-0.8201562045542269,2.038175151796626,30.662948720390254,20.80763449431725,17.066204544954342,-0.05463151464949788
2026-02-06,1385.0235305539115,1398.7082108846507,1383.0402505668367,1394.344970703125,10851190,0.0,0.0,ICICIBANK.NS,0.006874351667523371,0.006850831043269012,1.0311896120930286,1374.2890502929688,1366.2894873046876,1365.4495739746094,1389.7619873046874,1370.7674801462804,1368.1268914192192,1374.2890502929688,1430.716792270754,1317.8613083151836,0.08211917567960836,56.7590090690431,3.143159281082035,-0.027493107426974528,3.1706523885090094,29.742140175373557,20.854454809865004,16.98006156693977,-0.04813271922580452
2026-02-09,1401.6831123688528,1402.1789323590788,1377.1896532716103,1384.626953125,7889742,0.0,0.0,ICICIBANK.NS,-0.006969593452346712,-0.006993994511863799,1.0170330462721102,1373.8923950195312,1366.3708032226561,1365.2205053710939,1389.676739501953,1372.0874299537775,1368.773952662583,1373.8923950195312,1429.8892437840598,1317.8955462550027,0.08151562519382381,53.88793775917358,3.840414159982629,0.7460883460549462,3.0943258139276826,27.928846480517954,20.856378789903133,16.959810790310197,-0.05476684719339137
2026-02-10,1389.2875574724217,1397.716496971719,1383.8335377964056,1394.7415771484375,16497628,0.0,0.0,ICICIBANK.NS,0.007304945206078495,0.007278393322141806,1.0317673621539774,1373.5651550292969,1366.7218408203125,1365.0707678222657,1389.7488342285155,1374.2449677818404,1369.7922908777145,1373.5651550292969,1428.9612218076677,1318.169088250926,0.08066026802665838,56.3621085711554,5.149795663440955,1.6268298095321478,3.522965853908807,27.765930694744497,20.83628090866879,16.99829704475581,-0.0478619708051703
2026-02-11,1395.6341511146452,1401.1873108684945,1388.6926711598828,1394.344970703125,8551341,0.0,0.0,ICICIBANK.NS,-0.0002843583727699661,-0.0002843988102780593,1.0311896120930282,1372.0330688476563,1367.0391650390625,1364.9408630371095,1389.80861328125,1376.1592537743436,1370.7551410669464,1372.0330688476563,1422.9553425231825,1321.11079517213,0.0742289305290503,56.23469544006274,6.085339111670464,2.5185316699598115,3.566807441710653,26.087217151644982,20.83360369467546,16.745381556143617,-0.04813271922580452
2026-02-12,1394.3449463736551,1421.0200859443291,1393.5517070225485,1418.045166015625,19646265,0.0,0.0,ICICIBANK.NS,0.01699736852104028,0.01685452957147286,1.0657144904658824,1372.608221435547,1368.1696337890626,1365.0231701660157,1389.8688073730468,1380.1483882735133,1372.6096518492477,1372.608221435547,1425.3972616717688,1319.8191811993252,0.0769178552362337,61.79304911154084,8.639580024965198,3.742741340960889,4.89683868400431,26.632615681186557,21.298036179159123,16.950912471070133,-0.03195348027136508
2026-02-13,1413.3845464564506,1422.4084462850303,1398.9065055547715,1402.77392578125,12228083,0.0,0.0,ICICIBANK.NS,-0.010769219909464223,-0.010827627674072401,1.0434683568478884,1372.4198120117187,1368.6277709960937,1365.1461340332032,1389.8477252197265,1382.303201369488,1373.7925645524635,1372.4198120117187,1424.723568196491,1320.1160558269464,0.07622121996053738,56.78830162847722,9.324090579078302,4.859011188584372,4.46507939049393,26.9301128873579,21.56578250028884,17.054205988379803,-0.04237858612491427
2026-02-16,1392.2625106722887,1402.1789103209517,1388.7917707952565,1399.7989501953125,5000042,0.0,0.0,ICICIBANK.NS,-0.0021207804987397605,-0.002123032538319454,1.0391346090068936,1372.45947265625,1369.1216088867188,1365.2462890625,1389.8255444335937,1383.9694631624238,1374.8124228129675,1372.45947265625,1424.8492429555827,1320.0697023569173,0.07634436038819829,55.83949479278318,9.516810589501574,5.790571068767813,3.7262395207337615,25.06016547868949,21.336172648203213,16.99563353693727,-0.04440949094463616
2026-02-17,1394.4440959690942,1401.782256054804,1381.9494563906167,1395.7332763671875,11756187,0.0,0.0,ICICIBANK.NS,-0.0029044698365845445,-0.0029086959942490535,1.0332120040422974,1373.793231201172,1369.4191015625,1365.3771850585938,1389.767783203125,1385.0898263247823,1375.6328484425449,1373.793231201172,1427.167363621855,1320.4190987804889,0.0777032980050652,54.49937308394966,9.235021111783453,6.4794610773709405,2.755560034412513,25.130992941059407,21.13710497403187,16.988185126378074,-0.047184974754313935
2026-02-18,1398.3115083316352,1400.4931889124357,1387.2051890014204,1396.4273681640625,4758071,0.0,0.0,ICICIBANK.NS,0.0004972954422077791,0.0004971718318082532,1.0342231111049496,1375.3996826171874,1369.7879907226563,1365.6300537109375,1389.7169360351563,1386.1695922142376,1376.448319804173,1375.3996826171874,1429.4996447273268,1321.299720507048,0.07866798690427923,54.699256678720886,8.96437262030986,6.976443385958724,1.9879292343511352,23.721454406092334,19.399468960847074,16.975052501353534,-0.046711144184992254
2026-02-19,1396.7249570846573,1400.4932375506726,1373.2231372171063,1377.189697265625,14323091,0.0,0.0,ICICIBANK.NS,-0.013776349086977557,-0.013872123616943498,1.0061989434055705,1377.3730529785157,1370.0577197265625,1365.7589672851564,1389.559076538086,1385.3143641238935,1376.4773934301124,1377.3730529785157,1428.4829705572706,1326.2631353997608,0.0742136162287068,48.358348114915486,7.115538971327851,7.0042625030325505,0.11127646829530047,23.51603569944944,19.469944214036683,17.131331873242452,-0.05984398424342525
2026-02-20,1376.8920792080073,1391.9649581225938,1372.4296994050287,1382.8419189453125,10337877,0.0,0.0,ICICIBANK.NS,0.004104170755059977,0.004095771619415219,1.0144327264379278,1379.8025695800782,1370.6705541992187,1366.1050500488282,1389.4107806396485,1385.0788931545048,1376.7269826660026,1379.8025695800782,1426.7301938021956,1332.8749453579608,0.0680207810257943,50.185510430876626,6.036823295190743,6.8107746614641895,-0.7739513662734465,23.076878573082094,19.44527966758513,17.143699359959186,-0.05598542341836339
2026-02-23,1388.29600959884,1396.5266700756697,1383.6353499865377,1387.7010498046875,10728445,0.0,0.0,ICICIBANK.NS,0.003513872983457844,0.003507713756063974,1.0215111871723512,1382.5791625976562,1371.4519677734374,1366.6137622070312,1389.2862884521485,1385.328622359284,1377.1573382400686,1382.5791625976562,1423.8732728154137,1341.2850523798988,0.05973489451435395,51.765516404778445,5.51050295315099,6.55072031980155,-1.0402173666505599,19.506985759003864,18.478041137228832,17.144277282024508,-0.05266827610172274
2026-02-24,1389.1884011120849,1389.1884011120849,1370.7439226377844,1373.2230224609375,18274784,0.0,0.0,ICICIBANK.NS,-0.010433102537313554,-0.010487908885035967,1.0004205536762556,1383.7393798828125,1371.82482421875,1366.9786853027344,1389.3186889648437,1384.175708083251,1377.0030513467693,1383.7393798828125,1422.4016063710121,1345.0771533946129,0.05588079236636871,46.983771528424874,3.8804036041519794,6.016656976671636,-2.136253372519657,18.904918615333695,18.61527556794471,17.148226803205706,-0.0625518851140035
2026-02-25,1380.164528913772,1395.634087902335,1376.5945282588896,1388.791748046875,16297015,0.0,0.0,ICICIBANK.NS,0.011337361325356232,0.011273575103321259,1.0231000442959526,1385.3656677246095,1372.524921875,1367.2613024902344,1389.1356872558595,1384.6153309369295,1377.465353178146,1385.3656677246095,1421.8362469038518,1348.8950885453671,0.05265119531819114,52.10702688941883,3.8009887352491205,5.573523328387134,-1.7725345931380136,19.03241189997355,18.225294585952952,17.103250038833988,-0.05192369711176685
2026-02-26,1393.3533088725535,1398.2123689746954,1380.4619891586024,1393.155029296875,27288792,0.0,0.0,ICICIBANK.NS,0.0031417822406680784,0.003136857155843923,1.0294561840862162,1386.4217651367187,1373.2964184570312,1367.6549841308595,1389.0625744628906,1385.4286355426386,1378.0806345945666,1386.4217651367187,1422.4877846986415,1350.355745574796,0.05202748610682146,53.46430305845977,4.043521017615831,5.2675228662328735,-1.2240018486170428,19.181156149850626,17.88657446764428,16.95497350338313,-0.04894504782055438
2026-02-27,1388.296016563106,1390.4775761692113,1365.1907558675261,1367.3724365234375,15096898,0.0,0.0,ICICIBANK.NS,-0.018506621467999862,-0.018680011562447665,0.9918978067014412,1387.6067810058594,1373.8219897460938,1367.8086889648437,1388.8821978759765,1383.7089975408098,1377.6607052584438,1387.6067810058594,1419.0153243594314,1356.1982376522874,0.04527009205130046,45.295641463080884,2.1307281285103272,4.640163918688364,-2.5094357901780366,19.39365574569922,18.65130767778989,16.36606302394891,-0.06654586181580607
2026-03-02,1343.672146415433,1367.6697850385044,1343.672146415433,1362.5133056640625,16928683,0.0,0.0,ICICIBANK.NS,-0.0035536264514219873,-0.003559955580589422,0.9848193459670176,1388.6579162597657,1374.1631127929688,1367.7898474121093,1388.5564874267577,1381.6903602192149,1377.0666895880759,1388.6579162597657,1414.4781104407555,1362.8377220787759,0.037187263873502185,43.93326490182859,0.22019644452029752,3.756170423854751,-3.5359739793344533,20.116132849110517,18.620919753965676,16.346251076595646,-0.06986300913244672
2026-03-04,1314.9145907457403,1364.4965888884906,1314.9145907457403,1353.9852294921875,20009132,0.0,0.0,ICICIBANK.NS,-0.006259077350968423,-0.006278747496540745,0.9723962081529114,1387.453076171875,1374.3872241210938,1367.7412561035155,1388.1723919677734,1379.0517763404503,1376.161534290198,1387.453076171875,1417.2879007619736,1357.6182515817763,0.04300660700168101,41.57007451666268,-1.959470597325435,2.613042219618714,-4.572512816944149,22.76522988012042,17.657935563636652,16.22756697749354,-0.07568480850528372
2026-03-05,1357.45594601842,1359.3400861254038,1336.3339667529167,1346.2503662109375,17590491,0.0,0.0,ICICIBANK.NS,-0.00571266444623697,-0.005729044124633221,0.9611285704607035,1384.934307861328,1374.171044921875,1367.5568115234375,1387.774223022461,1375.927832518592,1374.9885473066977,1384.934307861328,1419.6199530384563,1350.2486626841999,0.05008995008678959,39.49500042051341,-4.261882922092582,1.238057191276455,-5.499940113369037,22.44649705517088,17.70461895584809,16.163311427727507,-0.08096511103685229
2026-03-06,1327.8058801381828,1346.2503588188658,1299.4450020539286,1302.419921875,22778852,0.0,0.0,ICICIBANK.NS,-0.032557424262248946,-0.03309920908230816,0.8972792755593966,1380.8140441894532,1373.1873388671875,1366.8934033203125,1387.2100408935546,1368.9270791239642,1372.142718858396,1380.8140441894532,1431.4599292429918,1330.1681591359145,0.07335656132215565,30.27314576466226,-9.513644457787223,-0.9122831385362804,-8.601361319250943,24.111027299938737,19.267111367777222,17.050727632886602,-0.11088651982863433
2026-03-09,1262.060104122135,1271.9765035292385,1240.6407056127512,1267.7125244140625,16116652,0.0,0.0,ICICIBANK.NS,-0.02664839264050245,-0.0270098978797462,0.8467198324756018,1374.482421875,1371.5729467773438,1365.891846923828,1386.4403399658204,1359.2875977230212,1368.047417115481,1374.482421875,1445.5507447119862,1303.4140990380138,0.10341103197236728,25.246211310911676,-16.288536119870287,-3.987533734803082,-12.301002385067205,27.525103105385547,20.669847278263873,17.526664152172483,-0.13457996495020447
2026-03-10,1276.8355955325096,1304.006554800674,1274.8523156012538,1300.9324951171875,19136143,0.0,0.0,ICICIBANK.NS,0.026204656074120036,0.025867196714927623,0.8951124905508816,1370.2976989746094,1370.809384765625,1365.1758837890625,1385.8495318603516,1353.7299689034182,1365.4154593900578,1370.2976989746094,1448.3628512828702,1292.2325466663485,0.1139389672283283,36.17126944993583,-18.76084917658227,-6.94219682315892,-11.81865235342335,28.700905299844408,22.187670227555927,18.067881493558822,-0.11190193057207166
2026-03-11,1289.1319797351587,1295.5776396338345,1280.1080800869731,1283.777099609375,13224259,0.0,0.0,ICICIBANK.NS,-0.013186998996644439,-0.013274719501527256,0.8701216440394588,1364.7494750976562,1369.843525390625,1364.146561279297,1385.1350604248046,1347.067790875414,1362.213955084933,1364.7494750976562,1450.858284102248,1278.6406660930643,0.12618991335157725,33.45230940091352,-21.85256931364256,-9.924271321255649,-11.928297992386913,29.239220665501485,22.057661371498106,18.17182485323406,-0.12361327892253962
2026-03-12,1265.0350263567016,1269.7949465011072,1247.780588195275,1255.9119873046875,19676187,0.0,0.0,ICICIBANK.NS,-0.021705568913144013,-0.021944599974027777,0.8295295898187982,1357.8278259277345,1368.3362329101562,1362.6511669921874,1384.2281256103515,1338.38628577344,1358.0452504661,1357.8278259277345,1455.4106911602844,1260.2449606951845,0.14373378328121467,29.564900352039885,-26.248683003010683,-13.189153657606656,-13.059529345404027,29.86253574268247,22.72377534210775,18.40673314251093,-0.1426357512914508
2026-03-13,1241.434156276259,1251.747236619689,1238.2608356053079,1244.3099365234375,17344394,0.0,0.0,ICICIBANK.NS,-0.009237948915631566,-0.00928088338792195,0.8126284889284159,1349.141064453125,1366.58896484375,1360.8483666992188,1383.3330474853515,1329.426633463916,1353.5850420761917,1349.141064453125,1454.75452123869,1243.52760766756,0.1565639940377553,28.100669827862788,-30.319321049846167,-16.61518713605456,-13.704133913791608,29.727956669954942,22.40226409505975,18.46156955180982,-0.1505560384231092
2026-03-16,1244.5081652081492,1266.125965023717,1229.7327054112554,1262.258544921875,22740688,0.0,0.0,ICICIBANK.NS,0.014424547993713954,0.014321503928637819,0.838774835561737,1342.1152954101562,1365.2978491210938,1359.6841809082032,1382.4913024902344,1323.0296726503882,1350.0036108152383,1342.1152954101562,1451.3396617685714,1232.890929051741,0.16276450574991136,33.58099240796807,-31.73125023367561,-19.638399755578767,-12.092850478096842,31.349992990105257,22.32690352275305,18.602060165420355,-0.13830319323137283
2026-03-17,1268.2083924442081,1283.578812107693,1262.3576923623407,1277.9263916015625,22303102,0.0,0.0,ICICIBANK.NS,0.012412549507167192,0.012336145411261063,0.8615987192406802,1336.0216674804688,1363.975,1358.7589807128907,1381.7146124267579,1318.7341220743097,1347.1770531990157,1336.0216674804688,1445.2943691288092,1226.7489658321283,0.16357923573861186,38.02200509768016,-31.22599615272702,-21.95591903500842,-9.2700771177186,31.555406469499367,22.713930490766096,18.6161747587105,-0.12760733895718943
2026-03-18,1275.2490239961462,1286.2562036480494,1260.1761446052265,1278.521484375,12961135,0.0,0.0,ICICIBANK.NS,0.0004656706187058379,0.0004655622277916122,0.8624656110680511,1330.1610778808595,1362.34474609375,1358.021201171875,1380.9935437011718,1314.9043470553277,1344.484677951015,1330.1610778808595,1438.5185276852,1221.8036280765189,0.1629238016450907,38.191049598522426,-30.426818219599,-23.650098871926538,-6.776719347672461,31.817477441029755,21.027008915372498,18.384654537531762,-0.12720109132696725
2026-03-19,1257.0027465645267,1275.1498056385733,1233.3025281122907,1239.6490478515625,14422899,0.0,0.0,ICICIBANK.NS,-0.030404210643703133,-0.03087600633710134,0.8058388143124848,1322.3221618652344,1359.1496826171874,1356.755867919922,1380.0549877929689,1307.737175702588,1340.3734767706446,1322.3221618652344,1433.1502265938734,1211.4940971365954,0.16762641952897123,32.04298690159439,-32.554872402412684,-25.431053578023768,-7.123818824388916,33.77951861578806,21.972172280965317,19.043721367794312,-0.15373785319585637
2026-03-20,1247.8797225177066,1263.34928134462,1231.3192629188682,1234.9884033203125,16421006,0.0,0.0,ICICIBANK.NS,-0.0037596483773592038,-0.003766733619574542,0.7990494953444827,1315.2120971679688,1355.5341650390626,1355.4449194335937,1379.1551239013672,1300.8087211899904,1336.2407287922001,1315.2120971679688,1429.4134550871581,1201.0107392487794,0.17366226810884397,31.390511730506148,-34.222944931014354,-27.189431848621886,-7.033513082392467,34.06992897267399,21.92930053423383,18.996708335486087,-0.15691950130290908
2026-03-23,1216.3455695278035,1224.5762297429494,1207.9166297375125,1212.4781494140625,17049534,0.0,0.0,ICICIBANK.NS,-0.018227097392761182,-0.018395257446500394,0.7662580449784409,1306.6939086914062,1351.3236596679687,1354.05265625,1378.1766583251954,1292.3962857827592,1331.3872943067831,1306.6939086914062,1424.9964145547187,1188.3914028280938,0.18107148900967482,28.38424543533921,-36.93552406211529,-29.13865029132057,-7.796873770794722,34.28951004122603,22.082042979419757,19.2151701830344,-0.17228641166259864
2026-03-24,1226.757768953439,1243.4173686829902,1213.46976929413,1240.7398681640625,20617782,0.0,0.0,ICICIBANK.NS,0.023309054075455027,0.023041546990373724,0.8074278492600508,1299.345849609375,1348.287255859375,1352.8706201171874,1377.2223999023438,1287.476626961931,1327.8324932815783,1299.345849609375,1414.681919513475,1184.009779705275,0.1775294390462304,36.59453716815244,-36.385350386343816,-30.58799031032522,-5.797360076018595,32.957882978810126,23.49286921010185,19.329745366134503,-0.15299319087305324
2026-03-25,1248.3755838951454,1262.2585434912949,1243.9132040249544,1249.1688232421875,17290030,0.0,0.0,ICICIBANK.NS,0.0067934909600329,0.006770519180684543,0.8197065940149106,1293.1431396484375,1345.2449047851562,1351.8522045898437,1376.286177368164,1283.828264702908,1324.747643476112,1293.1431396484375,1405.0424063208952,1181.2438729759797,0.1730655535981569,38.84634981539564,-34.86725949013294,-31.443844146286768,-3.4234153438461696,32.85163697557765,23.472803453942166,19.3230293534787,-0.147239057772163
2026-03-27,1245.499833090769,1250.358893273775,1219.8163330232837,1223.4854736328125,23630905,0.0,0.0,ICICIBANK.NS,-0.020560351116284292,-0.020774657703313704,0.7822927875133463,1284.8778259277344,1341.2148803710938,1350.7465258789061,1375.3440509033203,1278.0813322200418,1320.7765779920612,1284.8778259277344,1391.3169302049694,1178.4387216504995,0.1656797278766665,34.79177958054535,-35.32933856319278,-32.22094302966797,-3.1083955335248064,31.690008125112108,23.957421954822085,19.579730253381104,-0.16477212216262072
2026-03-30,1206.3300855990337,1212.3790655174357,1190.3647054702,1195.8187255859375,23952775,0.0,0.0,ICICIBANK.NS,-0.022613058056771163,-0.022872654227932113,0.7419896972351425,1275.0110107421874,1337.0004125976564,1349.353272705078,1374.3221423339844,1270.246798254889,1315.8762700545662,1275.0110107421874,1375.6140175121534,1174.4080039722214,0.1578072752664382,31.03406020294885,-37.49578681433559,-33.2759117866015,-4.219875027734091,29.64297611799522,23.65528258160564,19.901017517136378,-0.18365917865479117
2026-04-01,1217.8330476356737,1223.6837477872427,1199.884388024768,1202.561767578125,25472333,0.0,0.0,ICICIBANK.NS,0.0056388496415988865,0.005623010842800156,0.7518125152150659,1266.7704772949219,1332.9208056640625,1348.1216552734375,1373.2940948486328,1263.800604857102,1311.432564075098,1266.7704772949219,1362.3955297773741,1171.1454248124696,0.15097455173829316,32.93524560958184,-38.22793765771371,-34.26631696082394,-3.961620696889767,29.04090410475906,23.8186096168767,19.885361423382754,-0.1790559555069262
2026-04-02,1186.001465486272,1211.883245832491,1177.67166509731,1205.635986328125,20851722,0.0,0.0,ICICIBANK.NS,0.0025563915574924323,0.002553129546729968,0.7562908339392713,1258.926611328125,1329.0534106445311,1347.0844006347656,1372.3099560546875,1258.2611173781518,1307.283678673256,1258.926611328125,1346.915758722726,1170.9374639335242,0.13978439505981258,33.830835231244365,-38.12067727679664,-35.03718902401848,-3.08348825277816,29.997130226542385,23.9063365511681,19.895126277180424,-0.17695730108241034
2026-04-06,1202.8592693089724,1224.0803886246306,1190.4637698313447,1221.10546875,10058414,0.0,0.0,ICICIBANK.NS,0.012830972695986542,0.012749353196088498,0.7788257536757575,1252.2826232910156,1326.0943579101563,1345.9777307128907,1371.4479388427735,1254.7224841754705,1303.9041410292068,1252.2826232910156,1329.4514391624493,1175.113807419582,0.12324504778104006,38.29615572839918,-36.368184907360956,-35.30338820068698,-1.0647967066739739,29.827137896484228,24.44678981154807,19.98374005397563,-0.16639686268496767
2026-04-07,1218.7254656803555,1239.9465842479708,1206.429106422035,1235.0875244140625,25600557,0.0,0.0,ICICIBANK.NS,0.01145032597255935,0.011385267148937233,0.7991938884037284,1246.7244812011718,1323.5101416015625,1344.961298828125,1370.6026928710937,1252.8524880077175,1301.2054501815542,1246.7244812011718,1310.193081022124,1183.2558813802195,0.1018165613621426,42.09944728526845,-33.46531966571433,-34.93577449369245,1.4704548279781164,30.96044690552396,24.837727312981432,20.09381138320898,-0.1568518350309623
2026-04-08,1299.048365281531,1322.3519046587187,1281.595525957938,1298.2550048828125,25148651,0.0,0.0,ICICIBANK.NS,0.05114413288136577,0.0498792212945894,0.8912120997115898,1246.5162353515625,1322.7207958984375,1344.474403076172,1370.091489868164,1257.176537233917,1301.0897464443485,1246.5162353515625,1309.2383383267247,1183.7941323764003,0.10063583802014793,55.45716977785107,-25.770622590954645,-33.102744113144894,7.332121522190249,34.594098379252145,29.33000588873166,21.869037089753864,-0.11372975324310608
2026-04-09,1289.032858674316,1297.065118454786,1265.2334987026684,1270.58837890625,22923062,0.0,0.0,ICICIBANK.NS,-0.02131062531822081,-0.021540975172309122,0.8509091872573504,1246.6600280761718,1321.4475317382812,1343.704891357422,1369.4941082763671,1258.4538554884248,1299.893614384031,1246.6600280761718,1309.5995434959627,1183.7205126563808,0.1009730223193541,50.01471495388278,-21.655355757396137,-30.813266441995147,9.15791068459901,35.42990116456115,29.806409117376308,22.03651161149426,-0.13261672640242933
2026-04-10,1278.2238983175278,1312.931296642674,1277.7280783414542,1310.848876953125,18174755,0.0,0.0,ICICIBANK.NS,0.03168649951098401,0.031194841365398695,0.9095580203142564,1247.1558471679687,1321.0211254882813,1343.0702416992187,1369.1044244384766,1263.443857532682,1300.3232325239956,1247.1558471679687,1312.0222820307172,1182.2894123052201,0.1040229815865382,56.6775327962945,-14.97269550790702,-27.64515225517752,12.672456747270502,36.59153392838979,31.38892253823431,22.58846013642545,-0.10513238672774408
2026-04-13,1293.9909710757174,1345.655387306946,1285.8594510059597,1339.8046875,30572141,0.0,0.0,ICICIBANK.NS,0.022089358320372066,0.02184892271506289,0.9517389316585183,1249.9572265625,1320.816845703125,1342.8530712890624,1368.781780395508,1270.7163175295693,1301.8715248759956,1249.9572265625,1325.4515208332257,1174.4629322917742,0.12079500428721412,60.731678659423004,-7.25649879578873,-23.567421563299764,16.310922767511034,37.63274678826672,32.01255773891449,22.89884568004352,-0.08536533536887701
2026-04-15,1346.647094004827,1353.3902942945808,1326.8142943876721,1336.829833984375,23827473,0.0,0.0,ICICIBANK.NS,-0.0022203635674509226,-0.002222832229531927,0.9474053616414881,1254.0031188964845,1320.4281225585937,1342.5466540527343,1368.4787036132811,1277.0128429062174,1303.2424389586772,1254.0031188964845,1338.925499641963,1169.080738151006,0.1354420566676256,60.109317433966446,-1.365660640294891,-19.127069378698792,17.7614087384039,37.24317403692078,31.812847517254504,22.90049037152533,-0.08739615685575168
2026-04-16,1340.697246754227,1355.4727065977952,1328.995846624469,1334.2515869140625,24017236,0.0,0.0,ICICIBANK.NS,-0.001928627716684117,-0.0019304899138274574,0.9436495416854072,1258.5002014160157,1319.6724926757813,1342.2699865722657,1368.1430548095702,1282.4641518593455,1304.4584839765355,1258.5002014160157,1350.4927467437772,1166.5076560882542,0.14619393024213273,59.53983738105446,3.0595593521643423,-14.689743632526167,17.74930298469051,37.20068020767264,31.788348005545984,22.811385399189923,-0.08915622992199213
2026-04-17,1335.7390510601572,1341.5897511433582,1322.8477313394578,1335.540771484375,18151993,0.0,0.0,ICICIBANK.NS,0.0009662229994376048,0.0009657565064619292,0.94552754057543,1262.1643127441407,1319.5098657226563,1341.9100219726563,1367.8054876708984,1287.5190680141102,1305.677397212137,1262.1643127441407,1360.4122214504039,1163.9164040378776,0.15568164574809915,59.74520388082466,6.594586213949015,-10.43287766323113,17.027463877180146,36.3294516744564,31.367780187084023,22.696007995161143,-0.08827615172244828
2026-04-20,1353.2910001768837,1364.893260297481,1341.6888611060856,1344.862060546875,21551520,0.0,0.0,ICICIBANK.NS,0.006979411831912863,0.006955168474704193,0.9591061785114345,1265.5110961914063,1319.577294921875,1341.6442614746093,1367.4490881347656,1292.980305398183,1307.2140506762446,1265.5110961914063,1370.3584038217848,1160.6637885610278,0.1656995469196906,61.27569620613151,10.032620789119846,-6.339777972760935,16.37239876188078,36.889009780590236,31.429999615648946,22.721611577600424,-0.08191285550834287
2026-04-21,1356.5634890022861,1381.4536282235813,1348.6303691835594,1376.79296875,23312455,0.0,0.0,ICICIBANK.NS,0.02374288720000073,0.023465408371019045,1.005621015520656,1270.4246704101563,1319.551513671875,1341.8316821289063,1367.138685913086,1300.9624638126415,1309.9426356987449,1270.4246704101563,1386.4537691513153,1154.3955716689973,0.182661910530593,66.03905475315695,15.15910071704866,-2.040002234799016,17.199102951847674,37.32108173960559,32.126340748523766,23.060343276013377,-0.060114815996906684
2026-04-22,1368.463107425001,1368.5622472083335,1353.588508431251,1356.166748046875,13613487,0.0,0.0,ICICIBANK.NS,-0.01498135244099319,-0.015094706457260751,0.9755741002240783,1276.250555419922,1318.742333984375,1341.8237475585938,1366.8058435058595,1306.2200146920923,1311.7553459869068,1276.250555419922,1397.3627844042799,1155.138326435564,0.18979381199095127,60.83351642925754,17.357423787204425,1.8394829696016723,15.517940817602753,36.61277403647249,32.39961301120804,23.19506944267542,-0.07419556719252471
2026-04-23,1337.1273930984762,1342.680552858981,1332.268332914358,1336.730712890625,20111792,0.0,0.0,ICICIBANK.NS,-0.014331596895618803,-0.01443528611073706,0.947260968582242,1281.3376708984374,1317.7804443359375,1341.7265661621093,1366.443720703125,1309.1257954729049,1312.7347721399938,1281.3376708984374,1403.6930862556421,1158.9822555412327,0.1909807510324934,56.32783427198532,17.331498330705926,4.937886041822523,12.393612288883403,36.32944496013046,31.19457987779156,23.254357730097638,-0.08746382312769842
2026-04-24,1325.1285758443225,1337.5240758015216,1312.931355466517,1315.1129150390625,14056743,0.0,0.0,ICICIBANK.NS,-0.01617214121220789,-0.016304337490023964,0.9157695892213091,1286.4694091796875,1316.1958032226562,1341.2426452636719,1365.9941735839843,1309.6959973363485,1312.8280326458396,1286.4694091796875,1405.2207771109272,1167.718041248448,0.1846159218149789,51.737818257910824,15.3891797161657,7.028144776691159,8.361034939474541,35.64238350297501,30.526802859200952,23.368485433805013,-0.1022214870413256
2026-04-27,1316.7986931874252,1324.7318126631535,1299.9408143015023,1303.114013671875,15385625,0.0,0.0,ICICIBANK.NS,-0.009123856385237494,-0.009165733679135214,0.8982903826220485,1289.588116455078,1314.5655444335937,1340.468173828125,1365.4939807128906,1309.0691417492558,1312.447090725292,1289.588116455078,1406.5454098908292,1172.630823019327,0.1813870521035082,49.334788582703396,12.734867533417855,8.169489328036498,4.565378205381357,35.01198204357253,29.739550156209205,23.412781677479032,-0.11041268925931265
2026-04-28,1303.3124724850059,1306.6839515728986,1275.943112231791,1281.1988525390625,16774778,0.0,0.0,ICICIBANK.NS,-0.016817531622625004,-0.016960552075848682,0.8663658240833774,1291.1896179199218,1312.2946899414062,1339.5082653808595,1364.8010595703124,1306.4148284911423,1311.2216696199496,1291.1896179199218,1406.6845753523503,1175.6946604874934,0.17889697350337794,45.205021386184875,8.76193353880808,8.287978170190815,0.47395536861726484,34.81365072322766,29.89999996568381,23.561493492266493,-0.12537335198878005
2026-04-29,1283.876190331697,1285.9587310592146,1265.5308513211887,1270.290771484375,11716030,0.0,0.0,ICICIBANK.NS,-0.008513964114992723,-0.008550414948991114,0.8504756524316828,1293.5298828125,1309.8136059570313,1338.4263854980468,1364.0885327148437,1302.9744421095454,1309.6165363597308,1293.5298828125,1405.0778696511607,1181.9818959738395,0.17247067628020107,43.26375608512015,4.679224558169153,7.566227447786483,-2.88700288961733,30.039614972754066,29.302363671688713,23.59953216746705,-0.132819891883964
2026-04-30,1250.4580524616338,1261.5643721523936,1248.474772441869,1252.8380126953125,17740110,0.0,0.0,ICICIBANK.NS,-0.013739184115041936,-0.01383444020542305,0.8250516267425216,1296.3808471679688,1306.509462890625,1337.3395483398438,1363.257744140625,1298.1995440700946,1307.3899275885772,1296.3808471679688,1400.0501864801931,1192.7115078557445,0.15993654879844452,40.283038385703385,0.034953578106296845,6.059972673850446,-6.025019095744149,29.23922160577992,29.461532115520022,23.70069972698117,-0.14473423905027222
2026-05-01,1252.8380126953125,1252.8380126953125,1252.8380126953125,1252.8380126953125,0,0.0,0.0,ICICIBANK.NS,0.0,0.0,0.8250516267425216,1298.8946594238282,1303.5107446289062,1336.0692578125,1362.476649169922,1293.8793982248771,1305.2506368084491,1298.8946594238282,1395.1589888140195,1202.630330033637,0.1482249983734521,40.283038385703385,-3.6041185980468526,4.127154419470987,-7.7312730175178395,26.214727481749637,29.159625786171407,23.649785251160406,-0.14473423905027222
2026-05-04,1253.7304875272214,1271.4807465048432,1253.7304875272214,1260.1761474609375,14597051,0.0,0.0,ICICIBANK.NS,0.0058572095444628935,0.005840122780677988,0.8357413365498154,1301.6216674804687,1300.7182885742188,1334.9199487304688,1361.7706231689453,1290.6695648187876,1303.4830097752133,1301.6216674804687,1389.4859310844831,1213.7574038764542,0.13500737702698531,42.224078322131895,-5.828792673865792,2.1359650008036315,-7.964757674669423,23.275213018074233,28.976749496250825,23.665950943280045,-0.13972476827218508
2026-05-05,1253.4328902069624,1256.11026963796,1235.0875512284588,1240.839111328125,24447935,0.0,0.0,ICICIBANK.NS,-0.015344708889922787,-0.015463657323612707,0.8075724201432608,1302.608349609375,1297.6204052734374,1333.5197534179688,1360.9787365722657,1285.9238073434863,1301.0263863067,1302.608349609375,1387.041820062555,1218.174879156195,0.12963753913983408,38.65819409304605,-9.047901539602208,-0.10080830727753631,-8.947093232324672,23.168969898472092,29.300644750247294,23.793039255538705,-0.15292544126825927
2026-05-06,1251.449645209005,1272.0758050555082,1241.6323852719695,1268.8033447265625,22909586,0.0,0.0,ICICIBANK.NS,0.0225365505835049,0.022286354587872623,0.8483088674231678,1304.294140625,1295.0679248046874,1332.4279577636719,1360.3212585449219,1284.2932870942554,1299.7627376172827,1304.294140625,1384.2805613458772,1224.3077199041227,0.12265089327557491,45.78832610533942,-9.236120333798226,-1.9278707125816743,-7.308249621216552,23.50895802376189,28.66851517583727,24.036625030271132,-0.13383530262740134
2026-05-07,1273.9597944081108,1283.1820943562475,1262.5559349914981,1268.3074951171875,25028552,0.0,0.0,ICICIBANK.NS,-0.00039080099483967956,-0.0003908773774493782,0.8475865464790078,1302.7967651367187,1292.8902807617187,1331.4740002441406,1359.6229235839844,1282.7708307154871,1298.5291986957104,1302.7967651367187,1384.3648257733314,1221.228704500106,0.12521993118098163,45.68691987617335,-9.31788522306124,-3.4058736146775876,-5.912011608383652,23.64353942096539,28.63722500113458,24.029823579922315,-0.13417380065282952
2026-05-08,1268.902517705381,1268.902517705381,1250.6563175253964,1254.226318359375,11137424,0.0,0.0,ICICIBANK.NS,-0.011102336627374032,-0.011164427564048722,0.8270740186917904,1301.978662109375,1290.31796875,1330.4942614746094,1358.8758319091796,1280.0523057291907,1296.7918308393835,1301.978662109375,1385.217984492614,1218.7393397261358,0.12786587799892296,42.788816962022366,-10.399044063157362,-4.804507704373544,-5.594536358783818,22.850233090028137,28.292987156019272,24.092489550541778,-0.14378649457878162
2026-05-11,1248.871386509416,1265.035045184508,1241.5332266149906,1255.8128662109375,18980488,0.0,0.0,ICICIBANK.NS,0.0012649613776545277,0.0012641619880713333,0.8293851967595516,1299.2268615722655,1287.680205078125,1329.5660864257814,1358.1745587158202,1277.7437876798333,1295.18481261866,1299.2268615722655,1384.8365998673678,1213.6171232771633,0.13178566550186813,43.22580726526956,-11.001035986035049,-6.043813360705846,-4.957222625329203,21.915251010943216,27.512187032070486,24.071543295067556,-0.14270341756339755
2026-05-12,1245.4998520747622,1249.3672723222166,1225.9645923052954,1229.93115234375,21110708,0.0,0.0,ICICIBANK.NS,-0.02060953073787042,-0.020824870961871328,0.7916824263155304,1293.7331848144531,1284.8143676757813,1328.3195959472657,1357.3089434814453,1273.190203362111,1292.6258455490558,1293.7331848144531,1382.4249696427248,1205.0413999861814,0.1371098552148399,38.111659510378004,-13.41195229124446,-7.517441146813569,-5.894511144430892,22.38980912429273,28.11131191648287,24.29171467284224,-0.160371897830596
2026-05-13,1227.9478864287817,1238.7566658178762,1216.940585355795,1225.2703857421875,19490295,0.0,0.0,ICICIBANK.NS,-0.0037894532492172006,-0.0037966514176839476,0.7848929295235636,1288.1552124023438,1281.5439404296876,1327.0344311523438,1356.2232147216796,1268.6264112078327,1289.9844549683944,1288.1552124023438,1379.4294244387827,1196.8810003659048,0.14171306556485097,37.25681930303593,-15.519803116348157,-9.117913540720487,-6.401889575627671,22.241070933547316,27.47754859818065,24.296941467977163,-0.1635536292704959
2026-05-14,1228.7410341788377,1246.193873036946,1225.6669745529443,1235.5833740234375,16535600,0.0,0.0,ICICIBANK.NS,0.00841690813820084,0.008381683483998367,0.7999162093478875,1283.2218017578125,1278.3925073242187,1325.844462890625,1355.1506732177734,1265.4794552855094,1287.851079245063,1283.2218017578125,1374.6713162790506,1191.7722872365744,0.14253111098325583,40.440224950397486,-16.171700815958275,-10.528670995768046,-5.643029820190229,21.97898285924402,26.70044562088016,24.34532129520098,-0.15651333700553413
2026-05-15,1236.178367000428,1247.4830869105315,1231.616847331383,1234.095947265625,11745614,0.0,0.0,ICICIBANK.NS,-0.0012038254876876042,-0.0012045506676418378,0.7977494243393726,1278.149560546875,1275.7269775390625,1324.7744836425782,1353.9968914794922,1262.490549759806,1285.7430348537125,1278.149560546875,1368.6287962835709,1187.670324810179,0.14157847959198624,40.12402218612184,-16.61680911609392,-11.74629861983322,-4.870510496260698,21.341500089065253,26.67581751835074,24.340418464700406,-0.15752874774897146
2026-05-18,1225.171187688256,1243.218986792355,1221.7004477797907,1240.6407470703125,13918850,0.0,0.0,ICICIBANK.NS,0.005303315207532133,0.005289302153365294,0.8072834562008038,1272.938494873047,1273.2895263671876,1323.726319580078,1352.9014184570312,1260.4096161703305,1283.974317685736,1272.938494873047,1359.143985961602,1186.7330037844918,0.135443293506734,42.26321607246089,-16.254083052110218,-12.647855506288622,-3.6062275458215964,20.682764351312162,26.701629342181494,24.25169762697562,-0.15306085714499998
2026-05-19,1240.6406985843882,1245.7972988767476,1219.518840596794,1230.4268798828125,38929053,0.0,0.0,ICICIBANK.NS,-0.008232735553478587,-0.008266811676174598,0.7924045694357258,1265.6201904296875,1270.818359375,1322.602791748047,1351.7858740234376,1257.5541174762814,1281.8744181640527,1265.6201904296875,1338.5288150901722,1192.7115657692027,0.11521406692434596,39.8692701359111,-16.59944567731236,-13.43817354049337,-3.16127213681899,21.100662818592713,26.59444030278639,24.188009303002687,-0.16003348313801502
2026-05-20,1219.7171565954964,1229.3360158332805,1213.0732172518474,1226.9561767578125,14953103,0.0,0.0,ICICIBANK.NS,-0.0028207309038392747,-0.00282471666218752,0.7873486784745356,1259.1596618652343,1268.4324755859375,1321.3017602539062,1350.5973767089845,1254.6400278840463,1279.7207616383178,1259.1596618652343,1320.221975390804,1198.0973483396647,0.0969889925398595,39.059630299632325,-16.957726665122664,-14.142084165419229,-2.8156424997034346,20.781924503482646,26.399504145433934,23.652654954459248,-0.16240280265031787
2026-05-21,1234.8892560806848,1237.8641758775068,1224.0803566089394,1232.41015625,14394386,0.0,0.0,ICICIBANK.NS,0.0044451298224843505,0.00443527941302666,0.7952936753884008,1253.9436340332031,1267.0322802734374,1320.1098095703126,1349.4469744873047,1252.5228972522323,1277.8654437799526,1253.9436340332031,1303.9225944461125,1203.9646736202938,0.07971484372412545,41.08435029353364,-16.61010540929965,-14.635688414195315,-1.9744169951043347,21.76648302266603,21.548108474485137,23.57044539632581,-0.1586795743691495
2026-05-22,1231.6168488886804,1260.1761285871792,1231.6168488886804,1253.73046875,11601085,0.0,0.0,ICICIBANK.NS,0.01729968906201962,0.017151753167287478,0.8263516977476304,1250.87451171875,1266.7526391601561,1319.16279296875,1348.4218701171876,1252.6379040615434,1276.918974170935,1250.87451171875,1291.7465393784694,1210.0024840590306,0.06534952511512866,48.31371235856905,-14.447697953491797,-14.598090322054613,0.1503923685628159,22.4748077290209,21.391189124051337,23.753748803106223,-0.1441249926042098
2026-05-25,1260.3744497717253,1282.6863499447102,1260.2753099809177,1281.0006103515625,13853923,0.0,0.0,ICICIBANK.NS,0.021751199545107625,0.02151801747194231,0.8660770379648852,1249.7688415527343,1266.3540014648438,1318.5816931152344,1347.5380364990235,1255.3391141844022,1277.079038334881,1249.7688415527343,1285.572836296142,1213.9648468093267,0.05729698733555264,55.78679541058173,-10.413462036098736,-13.761164664863438,3.3477026287647025,22.751042369180286,20.261888616669616,23.81717333787377,-0.12550868453267355
2026-05-26,1279.215515708668,1290.9169153575494,1265.5308361904704,1268.4066162109375,18400405,0.0,0.0,ICICIBANK.NS,-0.00983137247465371,-0.009880019524467735,0.847730939538254,1249.1292297363282,1266.046591796875,1317.94505859375,1346.639451904297,1256.5836381869292,1276.7389433496285,1249.1292297363282,1282.9724835183372,1215.2859759543192,0.05418695356148667,52.0443229838356,-8.138713063192881,-12.636674344529327,4.497961281336446,22.33314132915856,19.229384805188502,23.833943321985842,-0.13410613438088279
2026-05-27,1275.2490410953124,1282.587201311576,1256.1103406589523,1262.0601806640625,18366272,0.0,0.0,ICICIBANK.NS,-0.005003470863179094,-0.005016030134331038,0.8384858716192798,1248.7177001953125,1266.1695556640625,1317.2528942871095,1345.7504650878907,1257.105213660942,1276.1633055972534,1248.7177001953125,1281.6658226962752,1215.76957769435,0.052771130730042866,50.21613216533684,-6.770021825331469,-11.463343840689756,4.693322015358287,22.751048564006737,19.25216674007057,23.64909355978522,-0.13843860910811354
2026-05-28,1262.0601806640625,1262.0601806640625,1262.0601806640625,1262.0601806640625,0,0.0,0.0,ICICIBANK.NS,0.0,0.0,0.8384858716192798,1249.17880859375,1266.524560546875,1316.5567626953125,1344.9539788818358,1257.5771152802868,1275.6102418743833,1249.17880859375,1282.6241027429996,1215.7335144445005,0.05354764893410294,50.21613216533684,-5.620534139538904,-10.294781900459586,4.674247760920682,21.447748551150703,19.259558812689757,23.566738858300436,-0.13843860910811354
2026-05-29,1264.4401034217194,1277.0340036893715,1237.4675446174365,1245.896484375,31007884,0.0,0.0,ICICIBANK.NS,-0.01280738948641702,-0.012890111157263089,0.8149396669961768,1248.8317321777345,1266.1973193359374,1315.7475842285157,1344.080609741211,1256.464674241688,1274.4449964822506,1248.8317321777345,1282.2612061421892,1215.4022582132798,0.05353719496886871,45.49553332785238,-5.94529837299342,-9.424885194966354,3.4795868219729336,22.595222872751965,19.50100132054951,23.647194426792375,-0.14947296140772512
2026-06-01,1246.5906197801364,1251.3505402000205,1225.5679002002253,1229.3360595703125,9911975,0.0,0.0,ICICIBANK.NS,-0.013291974905118242,-0.013381103884753569,0.79081553448816,1247.289727783203,1265.2255126953125,1314.6002563476563,1343.1406750488281,1253.880996653938,1272.6760185641356,1247.289727783203,1281.3549783491044,1213.2244772173017,0.054622835107357486,41.22011593049358,-7.453050125812297,-9.030518181135543,1.577468055323246,22.30482045090576,19.553124085453256,23.723484582381083,-0.16077814546081814
2026-06-02,1222.692101166893,1227.3527606751832,1210.4948809348448,1216.3455810546875,17920892,0.0,0.0,ICICIBANK.NS,-0.0105670686339141,-0.010623296564058115,0.771891863824544,1246.0650512695313,1263.9819946289062,1313.1633703613281,1342.157437133789,1250.306195168295,1270.466981799059,1246.0650512695313,1282.7659167961144,1209.3641857429482,0.05890682109925337,38.18845771374379,-9.58567955589615,-9.141550456087664,-0.44412909980848525,22.092327463290513,17.951119169956346,23.532262666113247,-0.16964626039681435
2026-06-03,1209.7016025437176,1237.8642014111729,1203.5533622069204,1231.6168212890625,13934754,0.0,0.0,ICICIBANK.NS,0.012555017646492583,0.01247685693856786,0.7941379974425378,1244.2057250976563,1263.8213500976562,1311.4855163574218,1341.2471118164062,1248.5262547988443,1268.9434460927848,1244.2057250976563,1279.8076432995672,1208.6038068957455,0.05722834654070812,43.453596913607,-9.92908596184202,-9.299057557238536,-0.6300284046034843,23.048566885397236,18.266643511011075,23.64109748105659,-0.15922115454326516
2026-06-04,1221.8987381131592,1251.7471984286103,1221.8987381131592,1241.2357177734375,19461560,0.0,0.0,ICICIBANK.NS,0.00780997491923463,0.007779634932420292,0.8081501702042098,1242.8521362304687,1263.9462963867188,1309.7402307128907,1340.402730102539,1247.8319179392818,1267.856868511634,1242.8521362304687,1276.6063260596568,1209.0979464012805,0.054317305888958806,46.54236730435981,-9.317665210346604,-9.302779087860149,-0.014886122486455378,24.047296937990286,18.21520012692363,23.47843889141208,-0.15265469284762506
2026-06-05,1246.4914883012805,1254.4246083541127,1239.5500082550523,1251.548828125,10166393,0.0,0.0,ICICIBANK.NS,0.008308744426129167,0.008274416824264205,0.8231736278524986,1242.71826171875,1264.7277099609375,1308.0256848144531,1339.6158636474609,1248.1859093855405,1267.2173375160799,1242.71826171875,1276.3033220110483,1209.1332014264517,0.05405096444925215,49.71395838849467,-7.909749377451135,-9.024173145778347,1.114423768327212,23.572729872740005,17.987721189785105,23.524681638195815,-0.14561431724981605
2026-06-08,1235.98013161075,1243.516571470306,1232.7076711606426,1239.748291015625,10714196,0.0,0.0,ICICIBANK.NS,-0.009428746880817962,-0.009473478914753681,0.8059833851956948,1241.9150329589843,1264.7078784179687,1306.497567138672,1338.7377661132812,1247.382326683644,1266.1401200062583,1241.9150329589843,1274.9452928838268,1208.8847730341417,0.05319246333003105,46.327083024718206,-7.657895210802508,-8.75091755878318,1.0930223479806713,23.041494064483135,17.999034108935398,23.57055216433403,-0.1536701035910624
2026-06-09,1244.5081432866116,1269.2000023713417,1242.2273229706288,1264.3409423828125,22368579,0.0,0.0,ICICIBANK.NS,0.019836810056854892,0.019642624356053625,0.8418083345736576,1243.6355224609374,1265.0113208007813,1305.1281127929688,1337.9464373779297,1248.9974329407075,1266.0695640210251,1243.6355224609374,1277.6087229584082,1209.6623219634666,0.0546353009123505,53.44532050849485,-5.41149716250402,-8.083033479527348,2.671536317023328,23.905640401965393,18.43560144522777,23.703753722959437,-0.13688161819056055
2026-06-10,1260.6719575059049,1295.0818164605482,1260.6719575059049,1282.488037109375,25951584,0.0,0.0,ICICIBANK.NS,0.014353007261128425,0.014250977978239874,0.8682438229734002,1246.496405029297,1266.1913720703126,1303.703126220703,1337.2374151611327,1252.1870142901043,1266.7134257107643,1246.496405029297,1283.462659451706,1209.530150606888,0.0593122519619946,57.883972644824304,-2.1421977201227946,-6.8948663276464375,4.752668607523643,25.378928950970817,18.747137486871924,23.820275086220985,-0.12449327378923623
2026-06-11,1275.7448484381675,1321.8561080202699,1275.7448484381675,1305.9898681640625,35919374,0.0,0.0,ICICIBANK.NS,0.018325185401073085,0.018159302680630086,0.9024797374037974,1250.0167297363282,1268.394794921875,1302.6976037597656,1336.6741638183594,1257.3110956114335,1268.2536783559917,1250.0167297363282,1295.1210953268342,1204.9123641458223,0.07216601909003253,62.82701651472464,2.318421673229068,-5.052208727471337,7.370630400700405,26.63264179979964,18.9500641577323,23.942989110162117,-0.10844945071153751
2026-06-12,1318.881182108178,1333.0616823357286,1307.6756018402702,1329.5909423828125,18339846,0.0,0.0,ICICIBANK.NS,0.018071406826400516,0.017910059898595426,0.936860222717405,1254.7914794921876,1270.9353784179686,1301.9280920410156,1336.1525616455078,1264.194890542041,1270.6590612590041,1254.7914794921876,1311.519894959841,1198.0630640245342,0.09041887260919441,67.01391638890931,7.669494962698764,-2.5078679894373166,10.17736295213608,26.49806558386792,19.544019275140805,23.893504175272877,-0.09233787802904483
2026-06-15,1343.2755003149457,1351.3077599885314,1314.2205213660739,1316.501220703125,16172921,0.0,0.0,ICICIBANK.NS,-0.009844923925420912,-0.00989370562108192,0.9177919811705784,1258.5845031738281,1273.1526831054687,1301.103046875,1335.6131091308594,1269.1764457954778,1272.456793001911,1258.5845031738281,1321.1711095873934,1195.9978967602628,0.0994555490803166,62.789784457650356,10.730335326579507,0.13977267376604807,10.590562652813459,27.33386268782353,19.806793970643433,23.948808257132804,-0.10127374256983501
2026-06-16,1320.7653035280132,1326.1201835892518,1315.2121438922036,1323.145263671875,13069159,0.0,0.0,ICICIBANK.NS,0.005046742733137322,0.005034050611700275,0.92747058391522,1263.2204223632812,1275.1934790039063,1300.6439184570313,1335.1227435302735,1274.3163332122776,1274.444576165439,1263.2204223632812,1330.5789302825992,1195.861914443963,0.10664569179985421,64.02917885864217,13.53615573081288,2.8190492851754145,10.717106445637466,26.221804048139557,19.168260393700837,23.514307182025497,-0.09673810236106956
2026-06-17,1330.7808691866162,1334.7474291543856,1322.2527894658729,1325.6243896484375,8026424,0.0,0.0,ICICIBANK.NS,0.001873661225739287,0.001871908112030746,0.931082010812055,1268.1538330078124,1277.0042163085936,1300.2571789550782,1334.7270794677734,1279.2028147776264,1276.4516276745762,1268.1538330078124,1338.706448103731,1197.6012179118939,0.11126822828517827,64.504267161715,15.777954920512911,5.410830412242914,10.367124508269997,27.114278311604753,18.174278848289198,23.40144100240393,-0.09504569556677586
2026-06-18,1322.4510288431072,1335.6398887549333,1320.2694693470728,1331.078369140625,13467985,0.0,0.0,ICICIBANK.NS,0.004114272138304509,0.004105831663710065,0.9390270077259202,1273.0872436523437,1277.66068359375,1300.1907397460936,1334.4454541015625,1284.1433437645785,1278.5938528301074,1273.0872436523437,1346.842251500527,1199.3322358041603,0.11586795518677663,65.5812737696213,17.789619830104357,7.886588295815203,9.903031534289154,25.38598976417086,18.179923006238027,23.37459821965293,-0.0913224672856075
2026-06-19,1329.293324489997,1340.994724069171,1320.8643850956182,1335.2431640625,9057322,0.0,0.0,ICICIBANK.NS,0.0031288878389361674,0.003124003056021413,0.9450940057497625,1277.1628784179688,1278.953779296875,1300.200655517578,1334.191098022461,1289.0099933167614,1280.815394447064,1277.1628784179688,1355.2930172893812,1199.0327395465565,0.12234952987075966,66.41918546283728,19.495214213664894,10.208313479385142,9.286900734279753,24.982253976582115,17.77415288436416,23.350288179345963,-0.08847931720398297
2026-06-22,1341.6888318212496,1351.307690769155,1337.1273123310036,1341.0938720703125,4814845,0.0,0.0,ICICIBANK.NS,0.004381754698531193,0.004372182762476511,0.9536169305485414,1280.1675415039062,1279.5586791992187,1300.28990234375,1333.9005474853516,1293.9703627218614,1283.1792563146423,1280.1675415039062,1363.3760900375323,1196.9589929702802,0.12999634162865106,67.6120374861909,21.07606157219311,12.381863097946738,8.694198474246374,24.783921695952635,17.78363264972232,23.33676123460922,-0.08448525716933318
2026-06-23,1346.647075338441,1357.654254763427,1320.3686162099664,1327.11181640625,11884879,0.0,0.0,ICICIBANK.NS,-0.010425859035861351,-0.01048058904141533,0.9332487958205702,1283.102801513672,1279.3048217773437,1300.0608337402343,1333.6233843994141,1297.1266916441841,1284.9021018084309,1283.102801513672,1368.6727515563518,1197.532851470992,0.13337972599192108,61.948671495011396,20.959056497300253,14.097301777817442,6.861754719482811,24.99640736375321,16.867295877388024,23.362853398677476,-0.09403028482333853
2026-06-24,1329.3925787519856,1366.0832592753275,1329.3925787519856,1362.11669921875,16440708,0.0,0.0,ICICIBANK.NS,0.02637673960834097,0.02603487195059534,0.9842415959060682,1288.1056274414063,1279.8105590820312,1300.1193408203126,1333.5073626708984,1303.3162161750952,1287.9301252362866,1288.1056274414063,1379.9640613802042,1196.2471935026085,0.14262562321268377,68.95887126899272,23.42094851201591,15.962031124657138,7.458917387358774,25.64804897472652,18.09660838340126,23.790100588977495,-0.07013375755308095
2026-06-25,1370.3473528540349,1392.2625728462838,1368.562352417643,1375.9005126953125,17173209,0.0,0.0,ICICIBANK.NS,0.01011940715833548,0.010068548774397315,1.004320944515547,1293.7976440429688,1280.6435375976562,1300.1580151367189,1333.418115234375,1310.2290063198777,1291.379944352327,1293.7976440429688,1392.6989366491623,1194.8963514367754,0.15288525692029906,71.20820912528085,26.182439359145746,18.00611277155486,8.176326587590886,26.73885422676033,18.142671710735797,23.67730963680037,-0.06072406244296908
2026-06-26,1375.9005126953125,1375.9005126953125,1375.9005126953125,1375.9005126953125,0,0.0,0.0,ICICIBANK.NS,0.0,0.0,1.004320944515547,1300.2978454589843,1281.450732421875,1300.4802990722656,1333.3422546386719,1316.4834354984905,1294.6944764442087,1300.2978454589843,1402.960573334517,1197.6351175834516,0.1579064800177292,71.20820912528085,28.0476251868497,20.01441525461383,8.03320993223587,25.3930573007348,18.117995814705427,23.610003698894804,-0.06072406244296908
2026-06-29,1378.379593988644,1390.2792739367474,1371.6363935981306,1375.9996337890625,13249405,0.0,0.0,ICICIBANK.NS,7.204088728474112e-05,7.203829246464208e-05,1.0044653375747932,1307.6310241699218,1282.0734838867188,1300.8253894042969,1333.267385864258,1322.1516448594973,1297.882913987144,1307.6310241699218,1409.9030505456587,1205.358997794185,0.15642337094389255,71.22559872351167,29.19722915407533,21.85097803450613,7.3462511195691995,24.62099794237052,18.141064467962448,23.607556302115984,-0.060656396171022336
2026-06-30,1390.2792468566804,1390.2792468566804,1354.6793474953972,1363.7032470703125,18398057,0.0,0.0,ICICIBANK.NS,-0.008936329935560927,-0.008976498416851381,0.9865527739738293,1314.9989074707032,1281.811689453125,1300.6816015625,1333.1260772705077,1326.1089403081464,1300.4641035198174,1314.9989074707032,1410.5948697503488,1219.4029451910576,0.14539321931988053,65.90755186159558,28.78427572457599,23.237637572520104,5.546638152055888,24.706000828559077,18.181776297572537,23.649517701207444,-0.06905068053769686
2026-07-01,1359.935092537661,1373.5205118412996,1356.2659519824388,1368.264892578125,11948034,0.0,0.0,ICICIBANK.NS,0.0033450426385743803,0.0033394604284707665,0.99319787770655,1321.8313110351562,1282.05365234375,1300.3979931640624,1333.0065850830078,1330.1237929052872,1303.1229579926924,1321.8313110351562,1411.6959473955983,1231.966674674714,0.1359699011669909,66.89505310177464,28.49660272801816,24.289430603619717,4.2071721243984435,22.644807991184685,18.0831537331927,23.65651960453667,-0.06593661536974367
2026-07-02,1370.347360452637,1393.2542205810548,1365.2900205878914,1388.2960205078125,15779429,0.0,0.0,ICICIBANK.NS,0.014639802598416685,0.014533675223695482,1.0223779011757568,1329.184326171875,1283.0849584960938,1300.4327014160156,1332.99865234375,1335.6640050579088,1306.4630780913246,1329.184326171875,1415.268645232938,1243.100007110812,0.1295295428422493,70.88336568431924,29.544395027350447,25.340423488365865,4.203971538984582,22.70854983557735,18.358820632148262,23.669808336852984,-0.05226211180434781
2026-07-03,1402.1789477753737,1408.128787723501,1394.1466880553623,1399.6007080078125,12901785,0.0,0.0,ICICIBANK.NS,0.00814285089995792,0.008109876770905081,1.0388458228884008,1336.5869201660157,1284.7747143554689,1300.4852587890625,1332.9674163818358,1341.7532148626615,1310.115534166481,1336.5869201660157,1419.9821753144176,1253.1916650176138,0.12478837536139216,72.86985506243019,30.930425090618428,26.458423808816377,4.472001281802051,21.476087592236713,17.971976130869415,23.698306402294442,-0.04454482348852965
2026-07-06,1400.1956098660596,1419.6317286825692,1399.7989296759679,1414.9710693359375,12306949,0.0,0.0,ICICIBANK.NS,0.010981961669627172,0.010922097811533872,1.0612363495656405,1345.3480590820313,1287.01185546875,1300.7886999511718,1333.0046026611328,1348.7263438601162,1314.2275159378323,1345.3480590820313,1422.4895618774153,1268.2065562866474,0.11467887774412786,75.33393682084458,32.889988293535225,27.744736705760147,5.145251587775078,22.12772909064446,17.292153288752125,23.76035291582583,-0.034052051363033714
2026-07-07,1419.6317869331858,1421.0201071305735,1398.212387337131,1402.873046875,15664178,0.0,0.0,ICICIBANK.NS,-0.008550014006021511,-0.008586775064128464,1.0436127499071337,1352.2746643066407,1289.4453393554688,1300.8700146484375,1332.9703912353516,1353.8831727186766,1317.7038112687017,1352.2746643066407,1423.436109323442,1281.1132192898394,0.10524702842567606,69.9487825113938,33.085359514964466,28.81286126760101,4.272498247363455,22.864377669568007,17.210892642262156,23.73828691209744,-0.042310919852967525
2026-07-08,1398.5098849300493,1406.4430046152802,1364.397446073597,1369.05810546875,10573142,0.0,0.0,ICICIBANK.NS,-0.024104063786509533,-0.02439932098573158,0.9943533778284479,1356.6031677246094,1291.4206860351562,1300.6171459960938,1332.7790045166016,1355.3284044091597,1319.7177051588997,1356.6031677246094,1419.999266218312,1293.2070692309069,0.0934629964045196,57.56284990911636,30.16389879832127,29.083068773745065,1.0808300245762048,24.76974475055535,18.83682453474963,24.01291605249471,-0.06539511852847525
2026-07-09,1371.3389070760331,1391.8658055614053,1365.7857475821456,1369.1572265625,13948838,0.0,0.0,ICICIBANK.NS,7.240093999949515e-05,7.239831917793794e-05,0.9944977708876939,1359.7615356445312,1293.7470703125,1300.1282666015625,1332.575718383789,1356.6454350904303,1321.656509919825,1359.7615356445312,1418.6761978131608,1300.8468734759017,0.08665440317916305,57.58655787000831,27.539164035799104,28.774287826155877,-1.2351237903567736,25.194724679534406,18.835906282697863,24.00686976064273,-0.0653274522565285
2026-07-10,1378.081980498166,1396.4273194454097,1377.9828407138161,1389.48583984375,6409645,0.0,0.0,ICICIBANK.NS,0.014847537512027387,0.014738391863440465,1.0241111513586039,1362.756280517578,1296.4800268554689,1299.9953857421874,1332.5707598876952,1359.7730926859847,1324.3164836423318,1362.756280517578,1421.301543911546,1304.21101712361,0.08592183977568232,62.24507746819963,26.790567044454974,28.3775436698157,-1.5869766253607267,25.9951222635526,18.549542914813248,23.930647480144348,-0.05144986654244517
2026-07-13,1381.850313043882,1401.1872926666704,1374.710553603081,1397.716552734375,10091437,0.0,0.0,ICICIBANK.NS,0.005923567304255917,0.005906091956425886,1.0361011099949713,1366.8170471191406,1299.2308349609375,1299.974561767578,1332.6104254150391,1363.3867555477364,1327.1949177243728,1366.8170471191406,1423.075372220155,1310.5587220181262,0.0823201981853985,63.97058174021186,26.55533490810194,28.01310191747295,-1.4577670093710111,25.223058014276084,17.841747755277375,23.94008803567729,-0.04583106598544842
2026-07-14,1388.2959393084109,1399.9973392167874,1380.36281965522,1395.9315185546875,14133017,0.0,0.0,ICICIBANK.NS,-0.0012771074193801413,-0.0012779236160483467,1.0335007901607884,1370.4563598632812,1302.3326831054687,1299.976544189453,1332.6768646240234,1366.4862567864936,1329.8904706981107,1370.4563598632812,1424.1793957193752,1316.7333240071873,0.07840167323745123,63.29495732730263,25.92601543755859,27.59568462149008,-1.6696691839314894,23.841849206596798,17.36361134665892,23.915378691538926,-0.04704964221042044
2026-07-15,1401.0881343697583,1416.061873669893,1397.4189938599209,1404.3604736328125,12961648,0.0,0.0,ICICIBANK.NS,0.00603822964528522,0.0060200725909759925,1.0457795349156482,1374.3931640625,1305.0438256835937,1300.0558752441407,1332.842964477539,1370.0933250575715,1332.8108629700598,1374.3931640625,1425.7718337993704,1323.0144943256298,0.07476560722261254,65.16582245966067,25.809900981826104,27.238527893557286,-1.4286269117311825,23.126455027144775,17.20811303169001,23.910461401709476,-0.04129550910953019
2026-07-16,1408.2278901435363,1411.7977698077207,1394.4440704195183,1406.34375,10165264,0.0,0.0,ICICIBANK.NS,0.0014122274191163964,0.0014112311638238035,1.0486686408683235,1378.1564331054688,1307.80455078125,1300.3474157714843,1333.0531915283202,1373.54574648066,1335.6945055986848,1378.1564331054688,1427.1469181075245,1329.165948103413,0.07109568090418156,65.60998637878345,25.58300827250241,26.90742396934631,-1.3244156968439,24.366004983444945,17.199184376518343,23.243750743202586,-0.03994160034066468
2026-07-17,1410.2112272612976,1442.935347434669,1407.8312670387277,1432.2257080078125,11112550,0.0,0.0,ICICIBANK.NS,0.018403721001933215,0.01823642202690357,1.0863717669602737,1383.0055603027345,1311.3645385742188,1300.8412536621095,1333.4731518554688,1379.1343142451506,1339.4800429480624,1383.0055603027345,1433.2931089039207,1332.7180117015482,0.07272212064017805,70.83613105543306,27.178356694339527,26.961610514344954,0.21674617999457269,25.64805620459153,17.65025114994765,22.949287000036065,-0.022272953407771787
2026-07-20,1432.4239762420166,1467.6271961496604,1427.4657762550246,1447.99267578125,22236415,0.0,0.0,ICICIBANK.NS,0.011008717191209216,0.010948562346571867,1.1093400436984626,1388.3505004882813,1315.208134765625,1301.444169921875,1334.028966064453,1385.6922534390649,1343.7354403140698,1388.3505004882813,1442.4602256410003,1334.2407753355624,0.07794822004052815,73.48010192584609,29.37631249742799,27.444550910961564,1.9317615864664255,25.973879099831006,17.23119918391411,22.62391173096611,-0.01150943286164164
2026-07-21,1457.7107481698004,1461.5781682422519,1444.4227484323062,1450.868408203125,18269907,0.0,0.0,ICICIBANK.NS,0.001986013099357198,0.0019840435825681036,1.1135292206562464,1394.538330078125,1319.6268798828125,1302.2206237792968,1334.5996545410155,1391.8995062737374,1347.9367331724643,1394.538330078125,1447.4531053458713,1341.6235548103787,0.07588859212608655,73.94408573068878,30.992988006465566,28.154238330062366,2.8387496764032,25.966797667765636,16.685770360341074,22.491061271321648,-0.009546277646713728
2026-07-22,1454.1408592092237,1454.1408592092237,1426.374940373995,1428.6556396484375,8345136,0.0,0.0,ICICIBANK.NS,-0.01530998154560248,-0.015428389415892058,1.0811711272919076,1397.8652770996093,1323.6945849609374,1302.6192626953125,1334.9402825927734,1395.4000904046613,1351.1021804852476,1397.8652770996093,1450.563686109511,1345.1668680897076,0.07539840909310541,64.54978096290051,30.134458927913556,28.550282449632608,1.5841764782809484,25.952634727913146,17.387046629120135,22.329428423762252,-0.02471010585771583
2026-07-23,1420.5242697074934,1433.9114094220142,1414.673569622298,1422.606689453125,12409328,0.0,0.0,ICICIBANK.NS,-0.004234015551011994,-0.0042430043763786104,1.0723594163746366,1400.2005859375,1327.4350512695312,1302.913779296875,1335.284381713867,1397.9911950759436,1353.9062788761448,1400.2005859375,1452.9401531180768,1347.461018756923,0.07533144566607253,62.23115309926537,28.63587221058492,28.567400401823072,0.06847180876184922,25.910139912486557,16.957888913488116,22.27673875134911,-0.02883949843625912
2026-07-24,1416.0618385071728,1427.9615178223592,1403.5671994361867,1420.9208984375,10870914,0.0,0.0,ICICIBANK.NS,-0.0011850014681662469,-0.0011857041375703938,1.0699036674236644,1402.4516052246095,1331.1715502929687,1303.4492639160155,1335.6289764404296,1400.1749763484727,1356.5343031726686,1402.4516052246095,1454.6646108221812,1350.2385996270377,0.07445961828994387,61.56741672451863,27.00095202669536,28.25411072679753,-1.2531587001021727,26.221804034730535,16.370059987167114,22.17491167826308,-0.02999032505643717
2026-07-27,1423.6974916567503,1436.8863520032721,1416.8552725346733,1433.6138916015625,10608300,0.0,0.0,ICICIBANK.NS,0.008932934393476977,0.008893271762492681,1.0883939810855772,1405.3323181152343,1335.0310131835938,1304.1602697753906,1335.97505859375,1403.3596349440052,1359.5570321306645,1405.3323181152343,1457.7574054073332,1352.9072308231355,0.07460881190352033,64.62662641357426,26.424874960933266,27.88826357362468,-1.4633886126914142,26.023472582955996,16.064462697085045,22.133643624132016,-0.02132529226912843
2026-07-28,1430.2423604987887,1433.8122401392648,1405.7487808950839,1418.8385009765625,19486209,0.0,0.0,ICICIBANK.NS,-0.010306394707499389,-0.010359873358827185,1.066870168411743,1408.0890808105469,1338.7992456054687,1304.8088024902345,1336.275029296875,1404.8338126613914,1361.8817956148173,1408.0890808105469,1456.9762636142218,1359.201898006872,0.06943762787441503,58.76291474161319,24.493730714698586,27.209357001839464,-2.7156262871408785,25.024751204562968,16.496175069670453,22.219387867615183,-0.03141190009724943
2026-07-29,1430.4406700852692,1436.3905099608405,1416.557710375603,1425.879150390625,10856166,0.0,0.0,ICICIBANK.NS,0.004962262730547895,0.004949991284195239,1.077126521217334,1410.969793701172,1342.777705078125,1305.6050903320313,1336.5809509277344,1406.8381305403661,1364.391495802104,1410.969793701172,1456.6617704791065,1365.2778169232374,0.0647667681929293,60.59752192147492,23.263242375725213,26.420134076616616,-3.1568917008914035,24.57851846213282,16.51217759630345,21.5712479264751,-0.02660551146784977
2026-07-30,1419.13595728037,1430.143136895818,1410.7070174140658,1421.91259765625,14141173,0.0,0.0,ICICIBANK.NS,-0.002781829535335012,-0.0027857060139209813,1.071348309311984,1412.6506225585938,1346.56775390625,1306.8000170898438,1336.8467102050781,1408.2737940752122,1366.6472252865804,1412.6506225585938,1457.2918491464488,1368.0093959707388,0.06320207682632925,59.00484388762052,21.717656223921722,25.479638506077638,-3.761982282155916,24.01894893347872,16.573910839501497,21.564928053371126,-0.029313329005580802
2026-07-31,1422.309244666781,1429.8456841613988,1419.4334645695478,1423.4000244140625,8752440,0.0,0.0,ICICIBANK.NS,0.0010460746745364347,0.001045527919688461,1.073515094320499,1413.8405883789062,1349.9611450195312,1308.3568920898438,1337.124369506836,1409.714387440817,1368.872825252364,1413.8405883789062,1458.285503488976,1369.3956732688364,0.06287118289768419,59.43539765095115,20.377887370864983,24.459288279035107,-4.081400908170124,22.87148325692598,16.575366668559884,21.301264151402922,-0.028297918262143472
2026-08-03,1442.0,1460.0,1433.0,1460.0,7706747,12.0,0.0,ICICIBANK.NS,0.02571306376154081,0.02538804268527781,1.126831520151279,1416.0920349121093,1353.5411328125,1309.947567138672,1337.561725463867,1414.5034933988345,1372.4464399483497,1416.0920349121093,1465.105347475545,1367.0787223486736,0.06922334333513526,68.26694208850208,22.015640454432514,23.970558714114592,-1.9549182596820778,24.083301544380983,17.919394631138815,21.37344246703285,-0.0033124806771960497
2026-08-04,1452.0,1454.5999755859375,1430.800048828125,1454.5999755859375,11458963,0.0,0.0,ICICIBANK.NS,-0.0036986468589469412,-0.003705503765980531,1.118965121429762,1418.6783813476563,1357.265,1311.6557958984374,1337.9011785888672,1418.3222059880823,1375.6681472282553,1418.6783813476563,1470.1520004111912,1367.2047622841214,0.07256559307633652,65.98434145648906,22.617118666881424,23.69987070466796,-1.082752037786534,24.731129834143093,17.587770520743884,21.377515751638235,-0.006998875839890934
2026-08-05,1454.5999755859375,1454.5999755859375,1431.199951171875,1450.0999755859375,11723296,0.0,0.0,ICICIBANK.NS,-0.003093634040649107,-0.0030984292186756247,1.1124098187991587,1422.7304748535157,1361.0257958984375,1313.59767578125,1338.1244213867187,1421.348660235497,1378.5870424579682,1422.7304748535157,1470.3739744447757,1375.0869752622557,0.06697473686457078,64.06203902646088,22.471642979576472,23.454225159649663,-0.9825821800731909,25.1630101931331,16.22269399763574,21.058038203717338,-0.010070857919995466
2026-08-06,1460.0,1460.0,1448.300048828125,1457.5,14954726,0.0,0.0,ICICIBANK.NS,0.005103113260223502,0.005090136506921355,1.123189685356499,1427.1476135253906,1364.9345922851562,1315.7295764160156,1338.2889715576173,1424.7916449749735,1381.6816682439303,1427.1476135253906,1470.0198697210767,1384.2753573297045,0.06008103967575086,65.82520064714744,22.691894539879968,23.301759035695724,-0.6098644958157564,23.385035460076388,16.072717154900594,20.64839224130957,-0.005019137388365235
2026-08-07,1451.0,1455.0,1418.199951171875,1421.0,14395789,0.0,0.0,ICICIBANK.NS,-0.025042881646655246,-0.025361790127546822,1.0700188973527172,1428.723321533203,1368.4366625976563,1317.3169909667968,1338.5005859375,1424.4305359297377,1383.2235636069136,1428.723321533203,1467.9268955093976,1389.5197475570085,0.05487916853505841,52.217141701978875,19.694178303196168,22.580242889195816,-2.886064585999648,23.323508955325615,17.877203327276618,21.139674943289958,-0.029936325371435334
2026-08-10,1428.0999755859375,1441.9000244140625,1415.5,1431.800048828125,12749354,0.0,0.0,ICICIBANK.NS,0.007600315853712125,0.00757157896759896,1.0857516947957508,1430.4274963378907,1372.4859423828125,1318.8557275390624,1338.8073541259766,1425.1323943010127,1385.128523811667,1430.4274963378907,1466.8181640646947,1394.0368286110868,0.05088082803213657,55.17030404242516,17.982647502303507,21.660723811817356,-3.6780763095138482,23.983837855619672,17.97113428949127,21.160654966932185,-0.022563535046045566
2026-08-11,1432.0999755859375,1434.0,1412.199951171875,1429.5999755859375,10471914,0.0,0.0,ICICIBANK.NS,-0.0015365785494896311,-0.0015377602970294251,1.0825467734819663,1432.1109191894532,1376.7510302734374,1320.366512451172,1339.1938568115233,1425.5578782329103,1386.872502312619,1432.1109191894532,1464.6988322572563,1399.52300612165,0.04551031994958498,54.432284500111905,16.261269693084387,20.580832988070764,-4.319563294986377,23.5577042836837,17.72805254635343,21.08886974313635,-0.02406544295158278
2026-08-12,1429.4000244140625,1435.0,1418.5999755859375,1431.699951171875,8201733,0.0,0.0,ICICIBANK.NS,0.0014689253090374166,0.0014678474936134528,1.0856058791447882,1433.4778930664063,1380.7526928710938,1322.287021484375,1339.5214447021485,1426.1428375604307,1388.6304414835702,1433.4778930664063,1463.344532387363,1403.6112537454496,0.04167017777590949,55.05037258375152,14.894817670573275,19.443629924571265,-4.5488122539979905,23.35500318470843,17.7206610901636,21.026120531570065,-0.02263186798077011
2026-08-13,1429.0,1429.0,1406.4000244140625,1406.800048828125,11408206,0.0,0.0,ICICIBANK.NS,-0.017391844096501408,-0.017544858952809585,1.0493333468479555,1433.5007080078126,1384.0639794921874,1324.005137939453,1339.7250286865235,1424.300667204973,1389.3429751049252,1433.5007080078126,1463.2806444835899,1403.7207715320353,0.04154854798385628,46.92305108762955,11.668177093656368,17.888539358388286,-6.220362264731918,23.41968949696843,18.095906418227603,19.540500984179605,-0.039630102157737414
2026-08-14,1403.0,1417.800048828125,1401.0,1417.0,6097934,0.0,0.0,ICICIBANK.NS,0.007250462622866438,0.007224304382206365,1.0641919616810704,1432.7394226074218,1387.3730029296876,1326.0503564453124,1340.0515063476562,1423.605365566404,1390.4275643164967,1432.7394226074218,1463.4213856233407,1402.057459591503,0.042829788211007996,50.16851047099174,9.820882979085582,16.275008082527744,-6.454125103442163,23.188901594077443,18.06499566111474,19.199989632861193,-0.03266697610930603
2026-08-17,1418.0,1423.5999755859375,1407.0,1415.300048828125,5605603,0.0,0.0,ICICIBANK.NS,-0.0011996832546753433,-0.001200403450693475,1.061715585150206,1431.1047912597655,1390.8840380859374,1327.7959582519532,1340.3332891845703,1422.8143830199015,1391.4029558659722,1431.1047912597655,1461.8485478069276,1400.3610347126034,0.04296506689786027,49.6239022671374,8.126045240522217,14.645215514126638,-6.519170273604422,22.370081332774344,17.792249922928853,18.50145229137344,-0.03382746933976218
2026-08-18,1410.0,1416.5999755859375,1406.300048828125,1412.0,8345198,0.0,0.0,ICICIBANK.NS,-0.002331695551665902,-0.0023344181867995997,1.056908292091511,1429.1613708496093,1393.8372192382812,1329.4242700195311,1340.6382373046874,1421.784441779911,1392.2106830869147,1429.1613708496093,1459.5568449866769,1398.7658967125417,0.04253609810206116,48.522701397608365,6.442324652902471,13.004637341881805,-6.562312688979334,21.689161845101125,17.620955887065428,18.15834590318679,-0.0360802895316444
2026-08-19,1412.0,1416.0,1391.5,1402.0,10304210,0.0,0.0,ICICIBANK.NS,-0.007082152974504208,-0.007107350458651945,1.0423409529123928,1427.8285888671876,1396.2274584960937,1331.209415283203,1340.9779705810547,1419.9002092294431,1392.5945778678201,1427.8285888671876,1460.5648915044753,1395.0922862298999,0.04585466755958445,45.24611766371853,4.252032743480413,11.254116422201527,-7.002083678721114,22.050867596404537,16.208447233198193,18.198270704887218,-0.04290691637632114
2026-08-20,1407.800048828125,1413.0,1403.300048828125,1411.9000244140625,8425049,0.0,0.0,ICICIBANK.NS,0.007061358355251457,0.00703654371258103,1.0567626542645128,1427.2932556152343,1398.3456616210938,1333.3702282714844,1341.3617504882814,1419.1382868660735,1393.351654202967,1427.2932556152343,1460.731747373101,1393.8547638573677,0.046855811342642315,48.92333881000789,3.277281397408615,9.658749417242944,-6.38146801983433,22.092851911272323,16.305841358065102,18.225142035998534,-0.03614853913352172
2026-08-21,1417.0,1420.0,1411.199951171875,1420.0,4565280,0.0,0.0,ICICIBANK.NS,0.005736932818100282,0.005720539288190103,1.0685621634348057,1427.2472106933594,1400.1538427734374,1335.544610595703,1341.8331329345704,1419.2203547835902,1394.3966873714783,1427.2472106933594,1460.725161681455,1393.769259705264,0.04691261715177123,51.77693035906705,3.1223912852917692,8.351477790852709,-5.2290865055609395,20.107142857142858,15.844487765052248,18.244634097203114,-0.030618988055903008
2026-08-24,1420.5,1425.5,1408.699951171875,1415.0,5307113,0.0,0.0,ICICIBANK.NS,-0.0035211267605633756,-0.0035273405179684107,1.0612784938452466,1426.3165161132813,1402.123818359375,1337.638250732422,1342.3613256835938,1418.818416232772,1395.204660415734,1426.3165161132813,1460.0829223624369,1392.5501098641257,0.04734770419846106,49.922804288624285,2.566595427817674,7.1945013182457025,-4.627905890428028,19.221435546875,15.81410076440618,18.22766707696418,-0.03403230147824138
2026-08-25,1408.0,1424.9000244140625,1408.0,1422.699951171875,7983249,0.0,0.0,ICICIBANK.NS,0.005441661605565473,0.005426909259037061,1.072495273883582,1426.509588623047,1404.114912109375,1339.6541955566406,1342.8159631347655,1419.1880862269722,1396.2829071120534,1426.509588623047,1460.1398434818686,1392.8793337642253,0.04715040841931335,52.73011301290173,2.716135001310249,6.298828054858612,-3.582693053548363,18.757149832589285,15.869844870101751,17.82336468155064,-0.028775832140979177
2026-08-26,1423.0999755859375,1446.0,1423.0999755859375,1430.0,4177066,0.0,0.0,ICICIBANK.NS,0.005131123271714388,0.005118003917577958,1.0831295026139243,1426.7156311035155,1406.2024243164062,1341.6033203125,1343.2823095703125,1420.2177923005938,1397.6051460488356,1426.7156311035155,1460.3800997940298,1393.0511624130013,0.04719156075198522,55.289200245695454,3.384682607842251,5.7159989654553405,-2.3313163576130895,19.585728236607142,15.845398130251864,17.64793205226632,-0.023792361211226267
2026-08-27,1445.0,1453.800048828125,1433.0999755859375,1443.0,11539716,0.0,0.0,ICICIBANK.NS,0.009090909090909038,0.009049835519917856,1.102067043546778,1427.770001220703,1408.4408569335938,1343.050770263672,1343.7625866699218,1422.387526367204,1399.3853363998617,1427.770001220703,1462.1151096939943,1393.4248927474118,0.048110141610941744,59.49467401507077,4.906938623126962,5.554186896989665,-0.6472482738627034,18.478585379464285,16.032614392222378,17.519668809519306,-0.014917746313146506
2026-08-28,1435.0,1439.800048828125,1424.300048828125,1425.800048828125,3872940,0.0,0.0,ICICIBANK.NS,-0.01191957808168742,-0.011991185844218351,1.0770112912882803,1427.8900024414063,1410.2519946289062,1344.6028869628906,1344.1538891601563,1422.7125285063394,1400.4212074754798,1427.8900024414063,1462.187560342744,1393.5924445400685,0.04803949581927992,52.46349358725367,4.671593941925494,5.377668305976831,-0.7060743640513376,17.928580147879465,15.558845934574917,17.416409646562467,-0.026659511152851607
