Date,Open,High,Low,Close,Volume,Dividends,Stock splits,Ticker,Daily_Return,Log_Return,Cumulative_Return,SMA_20,SMA_50,SMA_100,SMA_200,EMA_20,EMA_50,BB_Middle,BB_Upper,BB_Lower,BB_Bandwidth,RSI_14,MACD,MACD_Signal,MACD_Hist,ATR_14,Volatility_30D_Ann,Volatility_90D_Ann,Drawdown
2021-08-30,341.3425916122061,346.03718480439164,341.3425916122061,345.3011779785156,12806265,0.0,0.0,KOTAKBANK.NS,,,,,,,,345.3011779785156,345.3011779785156,,,,,,0.0,0.0,0.0,,,,0.0
2021-08-31,346.9323556903133,350.02563036497037,345.93773868358016,348.8519592285156,22463045,0.0,0.0,KOTAKBANK.NS,0.010283142591019256,0.01023063076450621,0.010283142591019256,,,,,345.6393476213728,345.440424302045,,,,,,0.283253205128176,0.0566506410256352,0.2266025641025408,,,,0.0
2021-09-01,348.86189334266345,348.8817747543687,345.728856037616,347.44952392578125,36331770,0.0,0.0,KOTAKBANK.NS,-0.004020144550243798,-0.0040282470541280375,0.0062216583211287535,,,,,345.8117453646498,345.5192125225837,,,,,,0.3900720943394731,0.12333493168840279,0.2667371626510703,,,,-0.004020144550243758
2021-09-02,348.51378742288,355.75459790005203,346.92239416731763,353.3675231933594,28819220,0.0,0.0,KOTAKBANK.NS,0.01703268780083933,0.016889257946988083,0.023360317685755305,,,,,346.5313432530984,345.82698941163375,,,,,,0.9414079508862869,0.28694953552797964,0.6544584153583073,,,,0.0
2021-09-03,356.6696602870883,360.3397994249415,353.59629741657665,356.4408874511719,24225670,0.0,0.0,KOTAKBANK.NS,0.008697359140530825,0.008659754993071042,0.03226084989883593,,,,,347.4751093672006,346.24322070730193,,,,,,1.6078066060589435,0.5511209496341725,1.056685656424771,,,,0.0
2021-09-06,359.6535327550756,359.6535327550756,352.0944370748973,352.9995422363281,9509655,0.0,0.0,KOTAKBANK.NS,-0.00965474314535586,-0.00970165235303896,0.022294636534055945,,,,,348.0012458309271,346.508174492754,,,,,,1.837067967120504,0.8083103531314388,1.028757613989065,,,,-0.009654743145355828
2021-09-07,352.9995362869191,353.97427191048655,347.32028150388453,351.0699768066406,14614185,0.0,0.0,KOTAKBANK.NS,-0.005466198107406228,-0.0054811924345522164,0.016706571526621916,,,,,348.2935059238522,346.68706870114175,,,,,,1.8418279967279432,1.0150138818507397,0.8268141148772035,,,,-0.01506816651405347
2021-09-08,350.12506455100856,363.6319803756116,349.1105661406944,361.1156005859375,76247785,0.0,0.0,KOTAKBANK.NS,0.028614306101229836,0.02821256258514564,0.04579892457941659,,,,,349.5146577964318,347.25289348093764,,,,,,2.625928173296188,1.3371967401398295,1.2887314331563586,,,,0.0
2021-09-09,363.2341149738971,366.3571963503517,359.4147592518292,361.6128845214844,18214625,0.0,0.0,KOTAKBANK.NS,0.0013770768550014356,0.0013761295542400538,0.04723907007344019,,,,,350.66686986548444,347.8160303844885,,,,,,3.2499959398442684,1.7197565800807175,1.5302393597635509,,,,0.0
2021-09-13,363.7314896362156,367.96853788885346,357.0178241369251,366.029052734375,16358075,0.0,0.0,KOTAKBANK.NS,0.01221241941844653,0.012138449450335834,0.060028392828560984,,,,,352.1299349006169,348.5302665550723,,,,,,4.054187854380757,2.1866428349407254,1.8675450194400316,,,,0.0
2021-09-14,368.0082759785845,373.777042217469,367.0434963112113,371.5391540527344,20840400,0.0,0.0,KOTAKBANK.NS,0.0150537266842532,0.014941543786710568,0.07598577053175037,,,,,353.97843196272333,349.43257586870607,,,,,,5.077603415617375,2.7648349510760557,2.3127684645413193,,,,0.0
2021-09-15,372.782435971092,377.6461276251744,369.5996798128496,372.3249206542969,24070115,0.0,0.0,KOTAKBANK.NS,0.002114895813782658,0.002112662569795677,0.07826136833353758,,,,,355.7257166000161,350.3303148799057,,,,,,5.884242533911845,3.3887164676432135,2.4955260662686314,,,,0.0
2021-09-16,373.37922001710047,379.94369836314513,371.5889215378621,379.30712890625,20643915,0.0,0.0,KOTAKBANK.NS,0.01875299735425462,0.01857932775683258,0.09848200092109138,,,,,357.971565391086,351.46666052799765,,,,,,7.006153127786547,4.11220379967188,2.893949328114667,,,,0.0
2021-09-17,381.1372033644703,401.22844627646725,380.5404271614152,399.4281921386719,73192445,0.0,0.0,KOTAKBANK.NS,0.053046889180390355,0.051687761296619075,0.1567530538906059,,,,,361.9198155575228,353.3475049048869,,,,,89.99117036417061,9.410399769701598,5.171842993677824,4.238556776023774,8.648187637341206,,,0.0
2021-09-20,395.8576027832604,405.24679056397196,394.1369042861836,398.1352844238281,29405445,0.0,0.0,KOTAKBANK.NS,-0.00323689649426373,-0.0032421465760966097,0.15300876398573848,,,,,365.36890783050427,355.10388841543363,,,,,88.17696111354323,11.083689830762012,6.354212361094662,4.72947746966735,9.106422857741405,,,-0.0032368964942636885
2021-09-21,401.22850251749685,403.34704164098804,397.07101063050345,400.0250244140625,19334440,0.0,0.0,KOTAKBANK.NS,0.004746477049802689,0.004735248045731709,0.15848149362221808,,,,,368.6694903622717,356.86550159185043,,,,,88.54059857738986,12.419110705961884,7.567192030068107,4.851918675893778,9.217249902314965,,,0.0
2021-09-22,401.1290328692457,402.30270402382683,393.6296423770338,394.97235107421875,9559045,0.0,0.0,KOTAKBANK.NS,-0.012630893147859146,-0.012711341015539295,0.14384883766250356,,,,,371.1745247157904,358.359887846061,,,,,81.33727426982125,12.920790034567233,8.637911630967933,4.2828784035993,9.611545825889278,,,-0.012630893147859097
2021-09-23,398.64247324409126,408.19080231799495,396.03658161431764,402.6209411621094,14945535,0.0,0.0,KOTAKBANK.NS,0.01936487469841497,0.019179761491243605,0.16599932707776555,,,,,374.16942152020175,360.0956154270825,,,,,83.52263495458304,13.776742107755751,9.665677726325498,4.111064381430253,9.92484921953512,,,0.0
2021-09-24,403.81448273599773,408.26042172803596,400.6118149346492,403.4365234375,10574440,0.0,0.0,KOTAKBANK.NS,0.002025682700548481,0.002023633771866505,0.16836127174347815,,,,,376.9567645599445,361.79525887847143,,,,,83.74126303076137,14.355420613188016,10.603626303698002,3.7517943094900144,9.973158545378311,,,0.0
2021-09-27,404.0532181163738,409.3843812542805,402.9193704702827,404.4809265136719,9150320,0.0,0.0,KOTAKBANK.NS,0.0025887667960078353,0.0025854217110985577,0.17138588660950904,373.52542877197266,,,,379.57811331744233,363.46920662887146,373.52542877197266,417.62652916621425,329.42432837773106,0.23613439405842512,84.03341925176689,14.72852087721634,11.42860521840167,3.2999156588146707,9.895009624222565,,,0.0
2021-09-28,405.80373665464674,413.3230387585128,400.41289915049725,411.41339111328125,19496335,0.0,0.0,KOTAKBANK.NS,0.017139163172321004,0.016993944649370655,0.19146246045786341,376.83103942871094,,,,382.61004453609365,365.3493707262993,376.83103942871094,421.9242916655794,331.7377871918425,0.23932875755262314,85.85086859458568,15.40600662618499,12.224085499958335,3.181921126226655,10.34187742432353,,,0.0
2021-09-29,409.7623310371902,409.78221245041146,401.855113582809,403.9040222167969,17101570,0.0,0.0,KOTAKBANK.NS,-0.01825261174937476,-0.01842124582740362,0.16971515875317134,379.583642578125,,,,384.63804241044636,366.8613178435737,379.583642578125,424.20423641549195,334.9630487407581,0.2351028275839532,75.7873965643803,15.162195302424493,12.811707460451567,2.3504878419729263,9.98736765972032,,,-0.01825261174937472
2021-09-30,402.90939959478,404.80912171994055,397.2102332192981,398.9408874511719,22863740,0.0,0.0,KOTAKBANK.NS,-0.012287906266407522,-0.012364026804055028,0.15534180852401636,382.15821075439453,,,,386.0002181286107,368.11934018112663,382.15821075439453,424.8733527633713,339.44306874541775,0.2235469018166874,69.95112904294274,14.40246690162303,13.129859348685859,1.2726075529371705,10.034257045586028,,,-0.030316231633488844
2021-10-01,397.2500088356589,399.9951613657944,392.2570426100437,396.563720703125,16869890,0.0,0.0,KOTAKBANK.NS,-0.005958694189594271,-0.0059765180477007315,0.14845748000256886,384.3180206298828,,,,387.0062659928501,369.2348060839501,384.3180206298828,425.2340846421203,343.40195661764534,0.21292815749403365,67.27871259001668,13.453475885177966,13.19458265598428,0.25889322919368496,9.804785974430482,,,-0.03609428066979824
2021-10-04,396.852176635456,400.8107631591586,395.459718928448,396.0465393066406,10215265,0.0,0.0,KOTAKBANK.NS,-0.001304157111415516,-0.0013050082644064428,0.1469597110128651,386.2983032226563,,,,387.8672444036873,370.286246602487,386.2983032226563,425.3234870236917,347.27311942162083,0.20204688177748448,66.68183553323558,12.515391804936769,13.05874448577478,-0.5433526808380105,9.63357559926024,,,-0.03735136516839681
2021-10-05,396.8323138901428,397.43901570936737,392.9731949539706,394.3358154296875,13599035,0.0,0.0,KOTAKBANK.NS,-0.004319502147268062,-0.004328858148567127,0.14200541607831507,388.36511688232423,,,,388.4832987871159,371.2293669486517,388.36511688232423,424.2140494980855,352.51618426656296,0.1846145859007394,64.63904493753873,11.501332095988687,12.747262007817561,-1.245929911828874,9.377816523765379,,,-0.0415095280136166
2021-10-06,393.0825453523336,398.8413858312145,386.3291183044801,389.0444030761719,14896375,0.0,0.0,KOTAKBANK.NS,-0.013418543653585857,-0.01350938587260336,0.1266813665500368,390.26383819580076,,,,388.5367372908355,371.92799581639764,390.26383819580076,421.5246239890961,359.00305240250543,0.1602033431424992,58.65371367296724,10.153664591022562,12.228542524458561,-2.0748779334359995,9.67478014529762,,,-0.05437107425351197
2021-10-07,391.4812445237005,394.3159089520619,387.7514308951464,388.3879699707031,11110650,0.0,0.0,KOTAKBANK.NS,-0.0016872961036795697,-0.0016887211910054459,0.1247803214701686,391.62745666503906,,,,388.5225689746324,372.5734849989194,391.62745666503906,419.7571730338894,363.49774029618874,0.14365548630524042,57.936988382606145,8.929723425259283,11.568778704618705,-2.6390552793594217,8.577863051490349,,,-0.055966630255450664
2021-10-08,387.90061798747575,391.1132417251758,384.1210856458413,385.185302734375,9689170,0.0,0.0,KOTAKBANK.NS,-0.008246051587462166,-0.008280238337707082,0.11550532491476329,392.8060775756836,,,,388.2047340946079,373.06806608658434,392.8060775756836,417.3928876489403,368.21926750242693,0.12518548707291546,54.44160997385981,7.613548505307335,10.777732664756432,-3.1641841594490963,8.283739465886502,,,-0.06375117812264997
2021-10-11,387.7017009540404,398.8414236819906,386.9060194820308,392.9532775878906,11880835,0.0,0.0,KOTAKBANK.NS,0.020166851638346195,0.019966193956018542,0.13800155530410452,394.15228881835935,,,,388.6569763320634,373.8478783023218,394.15228881835935,415.26948188736947,373.03509574934924,0.10715245689587627,60.64364025005123,7.115260752858433,10.045238282376832,-2.9299775295184,8.810888747110145,,,-0.044869987035272986
2021-10-12,393.8683075684315,398.6424567309712,390.88445675351915,396.8720397949219,9454510,0.0,0.0,KOTAKBANK.NS,0.00997259071380241,0.009923192577802092,0.1493503790468229,395.41893310546874,,,,389.43936332852604,374.7507865961493,395.41893310546874,413.66953183384874,377.16833437708874,0.09231019154822351,63.35394732403431,6.956386584374059,9.427467942776278,-2.4710813584022198,8.745527199300076,23.706874595657105,,-0.0353448663375069
2021-10-13,398.6424786070392,402.22310585208606,396.7626682742033,399.70672607421875,8712390,0.0,0.0,KOTAKBANK.NS,0.007142569884141192,0.007117182547403211,0.1575596944505291,396.7880233764648,,,,390.4172073995444,375.7294508894069,396.7880233764648,411.5115403710798,382.06450638184987,0.07421351516270724,65.21979623299357,6.9787662799570285,8.937727610212429,-1.9589613302554003,8.191383366021975,23.66068723756962,,-0.028454749631227027
2021-10-14,399.4381630860051,402.91932232294164,394.86291916108576,401.3876037597656,8261780,0.0,0.0,KOTAKBANK.NS,0.0042052774594409925,0.004196459991474938,0.1624275541415594,397.8920471191406,,,,391.4620070528988,376.73565296275433,397.8920471191406,410.21157697189847,385.57251726638276,0.06192398135099706,66.31501633410011,7.050857238249932,8.56035353581993,-1.5094962975699975,8.220511678055484,23.51837721095663,,-0.02436913228902425
2021-10-18,401.3876121746001,407.186245965824,399.4282155774578,400.154296875,10833895,0.0,0.0,KOTAKBANK.NS,-0.0030726083048239206,-0.003077338457477259,0.1588558695849478,397.92835235595703,,,,392.2898441788132,377.65403115539146,397.92835235595703,410.2712006670805,385.58550404483356,0.062035530959515466,64.70501240372593,6.928603653646235,8.23400355938519,-1.3053999057389554,8.312870221224651,23.340251965155137,,-0.027366863795595553
2021-10-19,400.21396728962765,406.78837066249304,396.27529272469394,404.87872314453125,8476015,0.0,0.0,KOTAKBANK.NS,0.01180651140429223,0.011737358320786985,0.17253791462513357,398.26552429199216,,,,393.4887850326911,378.72166613535774,398.26552429199216,410.99455601584975,385.5364925681346,0.06392233797533113,67.9182020426109,7.130739793721091,8.01335080625237,-0.8826110125312798,8.141651530494906,23.408954598793333,,-0.015883459580805677
2021-10-20,406.20161081816025,406.7884312550105,397.48878580721714,400.9201965332031,8974465,0.0,0.0,KOTAKBANK.NS,-0.009777067514399995,-0.009825176874797965,0.1610739322706498,398.3102828979492,,,,394.19653850893036,379.59219673919483,398.3102828979492,411.0716188975567,385.54894689834174,0.06407736153212515,62.76244597708049,6.892066671864995,7.789093979374895,-0.8970273075098998,8.123177810303556,23.415344328689855,,-0.02550523343852184
2021-10-21,404.0134454702888,428.6799354130603,402.22311662317145,426.4420471191406,47477590,0.0,0.0,KOTAKBANK.NS,0.0636581813703263,0.061714081194415585,0.2349857872354928,399.88376770019534,,,,397.26753932895036,381.4294457737025,399.88376770019534,417.67958530007866,382.087950100312,0.0890049511248247,75.61505385770349,8.662461091262116,7.9637674017523405,0.698693689509776,9.563238551676038,28.838359693634807,,0.0
2021-10-22,428.66003685040533,437.95968132822196,422.2646266022446,431.9422607421875,29659130,0.0,0.0,KOTAKBANK.NS,0.012897915813423921,0.012815446065515865,0.2509145299500313,401.3498336791992,,,,400.56989374925865,383.41034047834904,401.3498336791992,424.20659915325757,378.49306820514084,0.11389946403878609,77.42355099013324,10.389568220648016,8.448927565531475,1.9406406551165407,10.131591120977943,28.150188915522612,,0.0
2021-10-25,428.08313585321923,434.23981729753535,420.7329322623598,428.5804443359375,33886310,0.0,0.0,KOTAKBANK.NS,-0.007783022667135042,-0.007813468464494355,0.24117863380878157,402.6070297241211,,,,403.2375652337043,385.1817171002153,402.6070297241211,428.5100543488963,376.7040050993459,0.12867646470318586,73.81985354990235,11.356136107609643,9.030369273947109,2.3257668336625343,10.714151178439725,28.40875602482625,,-0.007783022667135042
2021-10-26,428.5804282480504,445.58838378923707,422.45358432855244,439.8096618652344,53345005,0.0,0.0,KOTAKBANK.NS,0.02620095638450315,0.025863591492261664,0.27369870105858274,404.3734664916992,,,,406.7206220557548,387.3239894439415,404.3734664916992,435.1706301490461,373.57630283435236,0.15232039789623064,77.57456300198842,12.879782020157506,9.800251823189189,3.0795301969683173,12.04764965738886,28.96565511092573,,0.0
2021-10-27,437.63145378101746,448.1743994200384,432.9766537846842,435.2940979003906,22752840,0.0,0.0,KOTAKBANK.NS,-0.010267086779524592,-0.010320156877702649,0.26062152596384647,405.5675018310547,,,,409.4419054695297,389.2051701677238,405.5675018310547,439.23216587466885,371.90283778744055,0.16601263114832943,73.03826182691216,13.566527623731304,10.553506983297613,3.013020640433691,12.239469522290278,29.228930910144246,,-0.01026708677952464
2021-10-28,435.29412224786256,435.6422442671382,415.829460350495,417.4407653808594,15511445,0.0,0.0,KOTAKBANK.NS,-0.04101441440544562,-0.041879234874273114,0.20891787228953995,406.2443389892578,,,,410.2037016515611,390.3124484113762,406.2443389892578,440.3101133759267,372.17856460258895,0.16771076476499358,58.478057773356994,12.525774404190031,10.947960467476097,1.5778139367139339,13.185777083699403,32.180778825301374,,-0.050860402633058195
2021-10-29,413.2732872361011,417.1324057524433,400.8306198209122,404.0432434082031,23331725,0.0,0.0,KOTAKBANK.NS,-0.03209442652404293,-0.03262074452570949,0.17011834646374102,406.49945678710935,,,,409.61699134266985,390.8509109602714,406.49945678710935,440.41100859083116,372.58790498338755,0.1668467262994738,50.36417668748117,10.498877400700053,10.858143854120888,-0.35926645342083496,13.872776332314592,33.504405261638695,,-0.08132249370181123
2021-11-01,408.78758170414926,415.1133311726141,404.76932057728135,413.0644226074219,9832940,0.0,0.0,KOTAKBANK.NS,0.022327261614679905,0.02208165736715082,0.1962438849053736,407.3244918823242,,,,409.9453181297891,391.7220290640812,407.3244918823242,441.020453404435,373.6285303602134,0.16545021079579736,54.901704895712825,9.510845583080652,10.58868419991284,-1.0778386168321887,13.688059676371406,30.51219293250538,,-0.06081094067916981
2021-11-02,411.00556700027295,416.4461228491599,409.7821772429664,413.09423828125,7681030,0.0,0.0,KOTAKBANK.NS,7.218165544231603e-05,7.217905047197812e-05,0.19633023176929876,408.1768768310547,,,,410.24521528707106,392.56015491573487,408.1768768310547,441.5323820689739,374.8213715931355,0.1634365253459721,54.91637418073212,8.630739334332816,10.197095226796836,-1.5663558924640206,13.609912935567223,30.484531213477496,,-0.060743148458094726
2021-11-03,413.76069534334914,420.0466824227814,403.41668403042615,405.31640625,10336455,0.0,0.0,KOTAKBANK.NS,-0.018828226855961527,-0.01900773470010613,0.17380545477090137,408.7259063720703,,,,409.7758049025881,393.0604000660982,408.7259063720703,441.4781818525395,375.97363089160115,0.16026522894613976,50.318324990431925,7.222387560492393,9.602153693535948,-2.379766133043555,14.407738708029541,31.021082667498302,,-0.07842768953494189
2021-11-04,405.80370283415135,410.18001120582056,405.6047673090893,409.1853942871094,1025885,0.0,0.0,KOTAKBANK.NS,0.009545599382234204,0.009500328015328817,0.18501013139482558,409.7329559326172,,,,409.71957532016154,393.6927527806477,409.7329559326172,441.1484949615259,378.3174169037085,0.15334641050487122,52.45105628473734,6.345308862460968,8.950784727320952,-2.6054758648599847,14.179681693312732,30.863320875062506,,-0.06963072945748251
2021-11-08,408.7875825421042,423.2294102974249,408.7875825421042,421.48883056640625,10609980,0.0,0.0,KOTAKBANK.NS,0.030068121812441895,0.029624937736526764,0.22064116037458303,411.3879989624023,,,,410.84045677218484,394.7827950467559,411.3879989624023,441.5306606454108,381.2453372793938,0.14654127859360966,58.54539287188756,6.567298430585879,8.474087467973938,-1.9067890373880587,14.657095790952342,31.554067549511355,,-0.041656272900257384
2021-11-09,421.7176413922663,423.1001737013223,414.41715567659855,417.18218994140625,8887865,0.0,0.0,KOTAKBANK.NS,-0.01021768624144237,-0.010270245124138752,0.20816903198448533,412.9878433227539,,,,411.4444313597297,395.66120268968336,412.9878433227539,440.5618836440163,385.41380300149154,0.13353439219620322,55.84713559117046,6.3228311941528546,8.043836213209723,-1.721005019056868,14.526377225732675,31.742616215873404,,-0.051448328415217015
2021-11-10,414.75525682400945,416.01840938882754,410.38887396316085,412.9748840332031,7228940,0.0,0.0,KOTAKBANK.NS,-0.010085056384583568,-0.010136255084436257,0.19598457917481404,413.98892364501955,394.14124755859376,,,411.59018875720335,396.3401705855077,413.98892364501955,439.90429068065043,388.0735566093887,0.12519835945104832,53.264412106478446,5.723616435675979,7.579792257702974,-1.8561758220269953,14.347353692193536,31.910294063234502,,-0.06101452550684053
2021-11-11,412.36820195901055,413.3031443393611,407.30560522255547,408.6085510253906,7735765,0.0,0.0,KOTAKBANK.NS,-0.010572877859229446,-0.010629167848695012,0.18333958029767672,414.575749206543,395.40739501953124,,,411.30622325893546,396.8212835439345,414.575749206543,439.3662528756779,389.78524553740806,0.119594567297202,50.64667863106952,4.84060832017002,7.031955470196383,-2.1913471500263633,12.792910851975567,31.693829518020365,,-0.0709423042402473
2021-11-12,411.3736072110504,413.76068199807105,408.3996816689434,412.7063903808594,7172140,0.0,0.0,KOTAKBANK.NS,0.01002876553901122,0.009978811179294021,0.19520701550151398,415.225732421875,396.68448364257813,,,411.43957250864247,397.44422891008844,415.225732421875,439.0370971685002,391.4143676752498,0.11469118066330498,52.98214623341548,4.420522385435845,6.509668853244277,-2.0891464678084315,12.054764109343447,31.33936086256579,,-0.061625002437258714
2021-11-15,413.78051128965484,419.330490582512,413.7606298788675,417.2019958496094,9096640,0.0,0.0,KOTAKBANK.NS,0.010892987299279122,0.010834086067334898,0.20822639034138124,416.0164520263672,398.0795330810547,,,411.9883747315917,398.2190432998736,416.0164520263672,438.9261936689549,393.10671038377944,0.11013863288818064,55.47164577726317,4.399642703188988,6.087663623233219,-1.6880209200442309,11.563136621234666,31.211250771893745,,-0.051403295506846775
2021-11-16,417.71922300709946,418.50494851579623,411.7714029265285,414.32757568359375,7725535,0.0,0.0,KOTAKBANK.NS,-0.006889756507904576,-0.006913600462747954,0.19990200470550468,416.72511596679686,399.2987341308594,,,412.2111557746395,398.8507504521764,416.72511596679686,438.41317958065395,395.0370523529398,0.10408810404211445,53.52038539960885,4.103847124616152,5.690900323509806,-1.5870531988936536,10.391618487562031,31.23220609683925,,-0.05793889582500531
2021-11-17,411.7714478481027,414.1286853379511,406.8978305022036,408.4096374511719,7233815,0.0,0.0,KOTAKBANK.NS,-0.014283235246068116,-0.014386222487505148,0.1827635221000672,416.9016616821289,400.3381091308594,,,411.84910641049976,399.22560876586255,416.9016616821289,438.23833277362246,395.5649905906354,0.10235829238676392,49.64822977798477,3.353244722582474,5.2233692033243395,-1.8701244807418655,9.836761312278883,31.56355080182629,,-0.07139457619210747
2021-11-18,407.7929269830282,410.2695133387232,399.61717489133406,402.71044921875,13965995,0.0,0.0,KOTAKBANK.NS,-0.01395458801606575,-0.014052868661244527,0.1662585444287299,416.9911743164063,401.3323272705078,,,410.9787581065236,399.3622691757797,416.9911743164063,438.05887129371587,395.9234773390967,0.10104624881736111,46.1829188711087,2.2723162041853584,4.633158603496543,-2.360842399311185,9.182443778760737,31.83272340635251,,-0.08435288231083074
2021-11-22,406.59943088107474,406.59943088107474,386.11034428734393,388.9847717285156,13741645,0.0,0.0,KOTAKBANK.NS,-0.034083241487430804,-0.034677619794620036,0.12650867282218603,415.118310546875,402.0906231689453,,,408.8840927371895,398.9553084915733,415.118310546875,439.10587105492016,391.1307500388299,0.11556975396456991,39.10402540985639,0.3046137053177631,3.767449623860787,-3.462835918543024,9.459510995459567,33.17516322993178,,-0.11556110414030062
2021-11-23,385.5135493333572,396.4841734602663,384.45925775785855,394.4451904296875,16148125,0.0,0.0,KOTAKBANK.NS,0.014037615603581743,0.013940000736940107,0.14232216854536484,413.24345703125,402.7572149658203,,,407.5089591840941,398.77844111659743,413.24345703125,437.5537130950171,388.9332009674829,0.11765585467904324,42.85658038214356,-0.8049159766680987,2.85297650375501,-3.6578924804231088,9.527712991030764,33.409472539128096,,-0.10314569089536593
2021-11-24,393.77882692757856,402.8099360884283,391.87910478230356,400.1145324707031,9737415,0.0,0.0,KOTAKBANK.NS,0.014372952639731151,0.014270640938144369,0.15874071097318243,411.8201614379883,403.52724792480467,,,406.80472806853305,398.83083685597416,411.8201614379883,435.6786287005968,387.9616941753798,0.11586837895114119,46.54006056409224,-1.2127775763575528,2.0398256877324976,-3.2526032640900504,9.83249054102585,33.52446573008827,,-0.09025524638586624
2021-11-25,401.8252472346021,407.395108217425,400.4427151064632,404.8289794921875,15822140,0.0,0.0,KOTAKBANK.NS,0.011782743786816985,0.011713867765660378,0.1723938558859337,410.0711273193359,404.3032464599609,,,406.6165615374525,399.0660581358257,410.0711273193359,430.1137543634655,390.02850027520634,0.09775195427754034,49.45768904871132,-1.1424251917638344,1.4033755118332314,-2.545800703597066,9.164674637766325,33.204960031532075,,-0.07953595704262993
2021-11-26,398.2446603053771,399.2392773542683,388.9151475302491,390.7452392578125,13237765,0.0,0.0,KOTAKBANK.NS,-0.03478935784696413,-0.03540891943933447,0.13160702649593592,407.843684387207,404.6873681640625,,,405.10500703462964,398.7397515131585,407.843684387207,425.885562183973,389.80180659044106,0.08847447435099665,42.07090631073208,-2.197775961086279,0.6831452172493293,-2.8809211783356083,9.953976566774742,34.6792841903495,,-0.1115583100183372
2021-11-29,396.4543274939132,406.7983378377082,385.35439854523634,401.7456970214844,20859500,0.0,0.0,KOTAKBANK.NS,0.02815250618169096,0.027763508346676624,0.16346460030460763,407.0589309692383,405.2757836914063,,,404.7850727476634,398.8576317291713,407.0589309692383,424.7041728287452,389.4136891097314,0.08669625214949697,48.53636576762229,-2.1220424577714425,0.12210768224517499,-2.2441501400166173,10.454127390856964,35.59308475995895,,-0.08654644984905649
2021-11-30,402.4220431870285,405.72417890292905,387.28397127365986,390.267822265625,21329080,0.0,0.0,KOTAKBANK.NS,-0.02857000047780367,-0.028986066777954306,0.1302244161179973,406.3701599121094,405.49499755859375,,,403.4024774636597,398.5207764560911,406.3701599121094,425.5221448853939,387.21817493882486,0.09425881554603695,43.12765331340326,-2.9541382125332802,-0.4931414967105161,-2.4609967158227644,11.151069505467351,36.54436661327606,,-0.1126438182133204
2021-12-01,393.66940696858615,395.04198332175855,385.9114063027893,388.5670471191406,12928465,0.0,0.0,KOTAKBANK.NS,-0.004357969193080957,-0.00436749282001191,0.12529893293128724,405.1452911376953,405.2777746582031,,,401.9895793356103,398.13043412915187,405.1452911376953,425.5848019556905,384.7057803197001,0.10089965878955998,42.37412856381016,-3.7080740638465386,-1.1361280101377207,-2.571946053708818,11.31801672266191,36.553573062749614,,-0.11651088911683667
2021-12-02,387.413273423691,394.0573076309965,387.02535822807056,390.73529052734375,9664645,0.0,0.0,KOTAKBANK.NS,0.005580101102959256,0.0055645900143422794,0.13157821474809595,404.02734375,405.12977478027346,,,400.91774230625157,397.8404284977084,404.02734375,425.0731126281339,382.9815748718661,0.10417992348139885,43.72405562225605,-4.083542005231379,-1.7256108091564526,-2.3579311960749267,11.391903171670505,36.41237071431855,,-0.11158093055474506
2021-12-03,391.22262211925806,395.8376592737154,378.9888459429182,380.7791442871094,17458620,0.0,0.0,KOTAKBANK.NS,-0.02548054010375511,-0.0258107911253896,0.10274499066667153,402.8004806518555,404.7448571777344,,,398.9997805901428,397.1713585286653,402.8004806518555,426.2530265863562,379.34793471735475,0.11644745754298642,39.18485894922558,-5.1253984456486705,-2.4055683364548965,-2.719830109193774,12.21246124321833,37.023175473308854,,-0.13421832828268565
2021-12-06,381.93293239487303,383.22592236843053,373.3792200257857,375.0104064941406,15406680,0.0,0.0,KOTAKBANK.NS,-0.01514982603306414,-0.015265757027370505,0.08603859589923846,401.091731262207,404.34561828613283,,,396.7150782952854,396.3023015861349,401.091731262207,427.39253647852183,374.7909260458922,0.13114608537826525,36.800938949076894,-6.3434428488831145,-3.1931432389405403,-3.150299609942574,12.442647110432059,31.632324515170783,,-0.14733476999181844
2021-12-07,380.34152967491366,390.6457774416957,379.9834821292568,385.3444519042969,36722375,0.0,0.0,KOTAKBANK.NS,0.027556689711003335,0.027183838334437747,0.11596622450060745,399.2845123291016,404.0000885009766,,,395.6321614961436,395.8725819907687,399.2845123291016,424.6340395875743,373.93498507062884,0.12697475847787923,43.43932113973457,-6.401092900192339,-3.8347331711909005,-2.566359729001438,13.078491778881155,32.58698988254826,,-0.12383813882112173
2021-12-08,391.87911959301,391.87911959301,381.02784388269544,382.0224609375,25627975,0.0,0.0,KOTAKBANK.NS,-0.008620835074646171,-0.008658209427116259,0.10634566373031218,397.5265258789062,403.5718072509766,,,394.3359995381776,395.3294399886797,397.5265258789062,422.52414368218433,372.5289080756281,0.12576578505300967,41.91514430403466,-6.638315520077242,-4.3954496409681685,-2.2428658791090736,13.322886816661468,32.59725298152298,,-0.1313913857250399
2021-12-09,383.12651270175695,385.2947706589726,375.18945744831535,381.2068786621094,23272265,0.0,0.0,KOTAKBANK.NS,-0.0021349066057245736,-0.0021371887675455856,0.10398371906459958,395.93812561035156,403.1063262939453,,,393.08560707379013,394.7756140543044,395.93812561035156,420.8396286830939,371.0366225376092,0.12578482071841837,41.529872751558436,-6.813584073065726,-4.879076527387681,-1.9345075456780458,13.283813585466334,31.35544597945365,,-0.13324578399344475
2021-12-10,380.93832955460266,381.9329466030481,375.6668713391632,377.3079833984375,15274610,0.0,0.0,KOTAKBANK.NS,-0.010227767340808547,-0.01028043034422729,0.09269243043796638,394.3730972290039,402.4242181396484,,,391.5829762475661,394.09060893054493,394.3730972290039,419.8494404539114,368.8967540040964,0.12919919438680144,39.653430449513266,-7.184278042189362,-5.340116830348017,-1.844161211841345,12.267884204763053,31.354826798501,,-0.1421107444564247
2021-12-13,379.943702554053,381.13725512224545,370.44512213152274,372.6034240722656,20425550,0.0,0.0,KOTAKBANK.NS,-0.012468751081802232,-0.012547138233411605,0.0790679205138658,392.3679489135742,401.7982061767578,,,389.7753998499184,393.2479742302203,392.3679489135742,418.08034993867886,366.6555478884695,0.13106269814494081,37.454360399685314,-7.768128157497188,-5.825719095777852,-1.942409061719336,12.172685439642695,29.50836955845326,,-0.15280755203955013
2021-12-14,372.6034058013268,372.7824295717862,361.25482248991636,366.0986022949219,50556260,0.0,0.0,KOTAKBANK.NS,-0.017457761676613504,-0.017611945502857322,0.060229809924655875,389.81277923583986,401.1413604736328,,,387.52046674944256,392.1832929778556,389.81277923583986,415.2898144416441,364.3357440300356,0.13071421237522057,34.59740803798171,-8.655938068737328,-6.391762890369747,-2.264175178367581,12.215312280767348,28.570786106379014,,-0.1675976358902704
2021-12-15,367.13299784084734,374.3240892012333,365.3725367947628,371.46954345703125,26528735,0.0,0.0,KOTAKBANK.NS,0.014670750252639975,0.01456417588233761,0.07578417667646442,387.66987762451174,400.63947692871096,,,385.99180738826055,391.3709890750782,387.66987762451174,411.6294281488742,363.7103271001493,0.12360800726214338,38.75167593398234,-8.824421318814302,-6.878294576058659,-1.9461267427556432,12.334667756463675,28.059683570028614,,-0.15538566869670947
2021-12-16,375.1495891951617,376.15416196152,368.1872710039541,370.14666748046875,15272310,0.0,0.0,KOTAKBANK.NS,-0.003561196334567085,-0.0035675524890633127,0.07195309800969896,385.75672912597656,400.1214794921875,,,384.48274644466136,390.5386627380347,385.75672912597656,408.8378574567412,362.67560079521195,0.11966675673064933,38.109598610225724,-8.961389227189386,-7.2949135062848045,-1.6664757209045815,11.767029113294212,28.04058883820271,,-0.1583935061574696
2021-12-17,369.0028984723178,369.9875595665055,356.0728777711314,356.82879638671875,14675630,0.0,0.0,KOTAKBANK.NS,-0.03597998378427314,-0.03664322087789404,0.03338424292580866,383.462646484375,399.3713391113281,,,381.8490369153335,389.21670719484587,383.462646484375,408.4874685536884,358.4378244150616,0.130520259528502,32.30619230677881,-10.0289704480424,-7.841724894636323,-2.1872455534060773,11.240589857356033,29.268973024296375,,-0.1886744941586628
2021-12-20,354.0836509146342,354.0836509146342,342.6256740369448,346.6240234375,16345895,0.0,0.0,KOTAKBANK.NS,-0.02859851293548399,-0.029015418224931786,0.0038309902871696,381.34460906982423,398.5229315185547,,,378.49427372696846,387.54640587102836,381.34460906982423,411.12102785379636,351.5681902858521,0.1561654108949004,28.699742992590203,-11.565160181719136,-8.586411952052886,-2.97874822966625,10.937940908820659,29.80954387109515,,-0.21187719713235437
2021-12-21,350.3140469428804,351.69657914985254,342.34718537055704,345.4404296875,11321155,0.0,0.0,KOTAKBANK.NS,-0.0034146327720225855,-0.0034204759358040524,0.00040327609016310717,378.89437103271484,397.66398071289063,,,375.34628858035245,385.8951911187331,378.89437103271484,412.00957134433696,345.7791707210927,0.1747991147050472,28.305065622828224,-12.731348674694118,-9.415399296581134,-3.3159493781129843,10.95357067741539,27.869538821774633,,-0.2145683470834045
2021-12-22,347.71810926748225,352.09441799678183,344.76409556337717,350.5826110839844,17269195,0.0,0.0,KOTAKBANK.NS,0.014885870195148199,0.014776163014055432,0.0152951494008422,376.4177749633789,396.9719268798828,,,372.9878431045079,384.5103840585469,376.4177749633789,410.25179170953743,342.5837582172204,0.17976843282414157,32.63918588653803,-13.089740018761859,-10.150267441017279,-2.9394725777445796,10.974883036735301,28.517648980034398,,-0.20287651345092728
2021-12-23,355.0584080513596,355.8142963746807,351.5672924670888,353.2084045410156,9598245,0.0,0.0,KOTAKBANK.NS,0.007489799476683823,0.007461890198547568,0.02289950647950434,373.8367462158203,396.1770294189453,,,371.10408705084194,383.28285545001626,373.8367462158203,406.3968523139018,341.27664011773885,0.17419425151578938,34.80646511436666,-13.011895126302306,-10.722592978074285,-2.289302148228021,10.145088176728093,28.732838895117634,,-0.1969062183785197
2021-12-24,354.0836241701877,354.0836241701877,344.137454951924,347.7976379394531,11357850,0.0,0.0,KOTAKBANK.NS,-0.015318906719090197,-0.015437453399246535,0.007229804356741365,371.68936614990236,395.19554138183594,,,368.88442523070967,381.8912782927393,371.68936614990236,405.2050360694435,338.1736962303612,0.1803423663512842,32.48693904996975,-13.23424993801791,-11.224924370063011,-2.0093255679548996,10.152192953558012,28.84498733165472,,-0.20920873710586058
2021-12-27,346.74336830249234,353.8747854372755,342.34717822856425,352.78070068359375,8269165,0.0,0.0,KOTAKBANK.NS,0.014327477247007891,0.01422580889487082,0.021660866461170825,369.2411163330078,394.25702087402345,,,367.35073717860337,380.7496870139493,369.2411163330078,400.5963028566389,337.88592980937676,0.16983583429182753,36.67250225233876,-12.860132606490197,-11.551966017348448,-1.3081665891417487,9.858781257926308,29.06819590680606,,-0.1978786932796121
2021-12-28,355.07826824054536,356.01321064680985,351.20919354923575,353.06915283203125,6428355,0.0,0.0,KOTAKBANK.NS,0.0008176528587833243,0.0008173187627885459,0.0224962303893399,367.3811828613281,393.29065185546875,,,365.99058628845364,379.6641758695604,367.3811828613281,397.88631502624065,336.8760506964156,0.1660680164799133,36.91630876841784,-12.397456091526351,-11.72106403218403,-0.6763920593423212,9.426834214159133,28.732648995444503,,-0.1972228365000812
2021-12-29,352.89005335938174,354.0836057447845,348.9314976426154,350.94061279296875,7059540,0.0,0.0,KOTAKBANK.NS,-0.006028677447432296,-0.006046923292484876,0.016331930425107055,365.4998611450195,392.30637817382814,,,364.55725547935987,378.5377616312627,365.4998611450195,395.13212926685736,335.86759302318166,0.16214653559105266,35.82039574152415,-12.063476761362722,-11.789546578019769,-0.27393018334295327,9.073033849267123,28.729824245202806,,-0.20206252108098685
2021-12-30,349.90624105452764,352.08445466669997,346.8527899976494,349.1602783203125,12491975,0.0,0.0,KOTAKBANK.NS,-0.005073036313715362,-0.005085947848067775,0.011176041635271972,363.42111053466795,391.19200927734374,,,363.09087670230775,377.38570346220587,363.42111053466795,391.3856359213479,335.456585147988,0.15389598774566687,34.88750205223576,-11.806357508923838,-11.792908764200583,-0.013448744723255857,8.99914737820753,28.60499144036649,,-0.2061104868876175
2021-12-31,350.50302076980523,358.26105149414616,350.11513592790413,357.28631591796875,11064460,0.0,0.0,KOTAKBANK.NS,0.023273087181473695,0.023006398736844114,0.03470922980806712,362.24646911621096,390.31933166503904,,,362.5380613895136,376.5974921859613,362.24646911621096,389.09226051619675,335.4006777162252,0.14821837444258695,42.276964502669216,-10.82213449698429,-11.598753910757324,0.7766194137730338,8.885478819858312,29.615367333741645,,-0.18763422703649532
2022-01-03,357.46534379630975,363.65186275160085,356.3911707915614,362.9258117675781,9925545,0.0,0.0,KOTAKBANK.NS,0.015784248089994568,0.015660972363804246,0.051041336992364794,361.6422393798828,389.0490069580078,,,362.57498999694826,376.0613478558286,361.6422393798828,387.81393959635756,335.4705391634081,0.14473807186545473,46.79018331690292,-9.47781612074391,-11.174566352754642,1.6967502320107322,8.580699168298995,28.69862973915741,,-0.17481164413621922
2022-01-04,364.0298242372932,369.400749999642,361.10564781105734,368.5254821777344,13177875,0.0,0.0,KOTAKBANK.NS,0.015429242640207619,0.015311422250020752,0.06725810880570826,360.80129089355466,387.7806713867187,,,363.1417035379755,375.76582371158963,360.80129089355466,384.7529538564929,336.8496279306164,0.132769275318389,50.89566335421903,-7.8698685725004225,-10.513626796703798,2.643758224203376,8.533809867021441,28.7695862604101,,-0.16207961276972302
2022-01-05,369.4007082739121,383.59391077405945,366.03889831645625,382.3605651855469,21040835,0.0,0.0,KOTAKBANK.NS,0.03754172690055668,0.03685419101329785,0.10732482125889686,360.81819610595704,386.85627380371096,,,364.9720713139347,376.0244410242938,360.81819610595704,384.83331760544735,336.80307460646674,0.13311480273815282,59.259451770678304,-5.416742150062532,-9.494249867375546,4.077507717313013,9.218675688452675,30.645128190221115,,-0.1306226344279152
2022-01-06,379.3668449859815,380.9383265546963,372.98139022979404,376.34320068359375,11290150,0.0,0.0,KOTAKBANK.NS,-0.015737408744108006,-0.015862556498544823,0.08989839793424936,360.57501220703125,385.5869445800781,,,366.055036015807,376.03694140308994,360.57501220703125,383.806539834731,337.3434845793315,0.128858222789775,54.88105724408728,-3.9130654300739707,-8.378012979915232,4.464947549841261,8.883346063196639,30.659741089213576,,-0.14430438138279894
2022-01-07,376.34316067935157,383.0070759311194,374.6920929250419,378.79986572265625,11516755,0.0,0.0,KOTAKBANK.NS,0.006527725317210908,0.006506511984796488,0.09701295529963239,360.6496063232422,384.4570599365234,,,367.2688293212212,376.14529137640625,360.6496063232422,384.1157525353757,337.18346011110873,0.13013265951606945,56.30062712544699,-2.4944045160828523,-7.201291287148757,4.706886771065904,8.462764681504037,29.150540068451214,29.46464883876439,-0.13871863542932494
2022-01-10,378.7998856147805,388.95491655433705,378.2229907644028,387.4928283691406,14310435,0.0,0.0,KOTAKBANK.NS,0.022948695163606647,0.022689334356644948,0.12218797120133096,361.3940765380859,383.85810119628906,,,369.19492446864206,376.59029282710173,361.3940765380859,387.2772764490486,335.51087662712325,0.14324086414977497,60.97907671690699,-0.6610360730245475,-5.8932402443239145,5.232204171299367,8.561516967978232,28.736384489294984,29.650849268987933,-0.11895335194369734
2022-01-11,387.5027734201277,388.74604461927254,381.97270555459545,385.2748107910156,13570095,0.0,0.0,KOTAKBANK.NS,-0.005724022267612261,-0.005740467267461543,0.11576454226572785,362.35288696289064,383.4827325439453,,,370.72634221363,376.93086215901997,362.35288696289064,390.30768406932697,334.3980898564543,0.15429598114006055,59.236476274931285,0.60596100374363,-4.593399994710406,5.199360998454036,8.521732441640548,27.574173619781778,29.66093896078652,-0.12399648257597673
2022-01-12,388.8554840801376,393.1025184267369,387.33372116585264,389.21356201171875,10746980,0.0,0.0,KOTAKBANK.NS,0.010223225371563727,0.010171321652272613,0.12717125464291001,363.240087890625,383.00571533203123,,,372.487029813448,377.4125366630474,363.240087890625,393.44857629238913,333.0315994888608,0.16632794346674765,61.34878953547298,1.905919369202195,-3.293536121927886,5.199455491130081,8.70716260914233,27.710448493131068,29.580581544222163,-0.11504090119106838
2022-01-13,389.8898586853987,391.26243498321736,382.44018717000205,383.1960754394531,7435760,0.0,0.0,KOTAKBANK.NS,-0.015460629226697997,-0.015581391074524099,0.10974447779988394,363.8925582885742,382.40775207519533,,,373.5069389206866,377.6393421052594,363.8925582885742,395.27023023512965,332.51488634201877,0.17245569458264273,56.52929555022288,2.4226579703442326,-2.1502973034734625,4.572955273817695,8.62688250878173,28.024861953629802,29.684280831363978,-0.1287229256985461
2022-01-14,379.74472473393354,386.90597863927064,377.5565857402412,385.5533142089844,9143810,0.0,0.0,KOTAKBANK.NS,0.006151521167924168,0.006132677799021479,0.11657109444605696,365.3287841796875,382.012490234375,,,374.6542127576673,377.9496939524643,365.3287841796875,397.9500192021734,332.7075491572016,0.17858562716723195,57.92375393976495,2.987943352052355,-1.1226491723682992,4.110592524420654,8.471295772375887,27.057461790577698,29.641795139947835,-0.1233632463328537
2022-01-17,382.33078129846876,388.48746315913394,381.6544490010268,385.4041442871094,8382365,0.0,0.0,KOTAKBANK.NS,-0.0003868983001249493,-0.00038697316458284614,0.11613909498764707,367.26779022216795,381.536865234375,,,375.67801576047134,378.24202533813667,367.26779022216795,399.81781891882565,334.71776152551024,0.17725501426067075,57.7974026806379,3.384880527975554,-0.2211432322995286,3.6060237602750824,8.616224133842532,26.648038571087103,29.621862373085484,-0.12370241560267459
2022-01-18,383.92216874289073,392.8737219001084,383.92216874289073,386.3390808105469,10407280,0.0,0.0,KOTAKBANK.NS,0.00242586006740253,0.002422922418793016,0.11884669224784439,369.31272277832034,380.8338702392578,,,376.69335528905,378.55955692529,369.31272277832034,401.22144530248505,337.4040002541556,0.17280055928816673,58.40975296119464,3.731878886731181,0.5694611915066135,3.1624176952245673,8.887613066346002,25.443851026424895,29.257725625857905,-0.12157664028552391
2022-01-19,386.90603095492725,386.90603095492725,377.9743589532515,379.0783996582031,7608510,0.0,0.0,KOTAKBANK.NS,-0.018793545651945687,-0.018972388604706597,0.09781959585955602,370.7375122070313,380.07179443359377,,,376.9205023718265,378.5799036991298,370.7375122070313,401.6541814797248,339.82084293433775,0.16678468325821155,52.08876809558189,3.3820155273159003,1.1319720586684707,2.2500434686474295,9.151899304390655,25.91707615607447,29.44285217609035,-0.13808532979805344
2022-01-20,382.92755106425744,382.92755106425744,373.37922164238427,376.482421875,7449105,0.0,0.0,KOTAKBANK.NS,-0.0068481290032452735,-0.006871685043466939,0.09030158564481927,371.90121307373045,379.34194519042967,386.74159637451174,,376.8787804197478,378.4976495099482,371.90121307373045,401.77425130393146,342.0281748435294,0.16065039413721194,50.00513026756611,2.8622780233895924,1.478033251612695,1.3842447717768973,9.18386760782205,25.98468679049035,29.404432938066954,-0.14398783264938592
2022-01-21,371.6386289656949,378.15338840472816,367.9187711689535,376.711181640625,8769480,0.0,0.0,KOTAKBANK.NS,0.0006076240279313527,0.0006074394991973044,0.09096407908594872,373.3468902587891,378.70399780273436,387.0556964111328,,376.8628186312599,378.4275919464453,373.3468902587891,401.0264334369949,345.6673470805832,0.14827788258270747,50.19419974520694,2.4407063645981566,1.6705678742097874,0.7701384903883692,9.396290841803136,25.81365355315231,29.300904481253248,-0.14346769908830218
2022-01-24,374.7915708302451,375.5474590809685,360.0513401715778,364.2088317871094,12737170,0.0,0.0,KOTAKBANK.NS,-0.03318815703602507,-0.033751380575399684,0.05475699190858174,373.91829681396484,377.7340466308594,387.2092651367187,,375.6576770270551,377.86999350882434,373.91829681396484,400.24919571358777,347.5873979143419,0.14083771307250742,41.055850967271475,1.0852624115369736,1.5535067816752246,-0.46824437013825104,9.99377221897903,27.34180578097475,29.83041284035884,-0.1718944275973875
2022-01-25,360.9862783375181,372.7625393856096,354.5212681611524,368.9332580566406,12845325,0.0,0.0,KOTAKBANK.NS,0.012971750976903396,0.012888338379096082,0.06843903694876752,374.7115020751953,376.768671875,387.42410247802735,,375.0172561727299,377.5195332950132,374.7115020751953,399.29576079580556,350.12724335458506,0.13121699539224072,45.121749742173684,0.3878145448956616,1.320368334319312,-0.9325537894236504,10.042790702325744,27.134584091749677,29.742672944788396,-0.16115244832959483
2022-01-27,366.0190565048881,377.6660130920294,362.26936133690447,375.8160400390625,18593095,0.0,0.0,KOTAKBANK.NS,0.018655900036437467,0.018484013244350558,0.0883717288171113,375.9552734375,375.9984411621094,387.6485876464844,,375.0933308266663,377.4527296379171,375.9552734375,397.8452275035285,354.0653193714715,0.1164497780061998,50.48081414938934,0.386015325527751,1.1334977325609998,-0.7474824070332489,10.472610473709466,27.340525951369365,28.533648175724196,-0.1455029922598214
2022-01-28,376.95985161283943,389.2732152107055,375.69669892116747,377.6163024902344,24859820,0.0,0.0,KOTAKBANK.NS,0.0047902757183668765,0.004778838856908255,0.09358532948222087,377.3780746459961,375.3825744628906,387.860341796875,,375.33361384224423,377.4591442595766,377.3780746459961,395.2687244321829,359.48742485980927,0.0948155231486056,51.80647938564386,0.5238173255406764,1.0115616511569352,-0.4877443256162588,10.84843427967093,27.339033088705627,28.543599862981218,-0.1414097159922266
2022-01-31,381.9329633705274,385.6926147645738,366.21802545649945,369.4505310058594,22583125,0.0,0.0,KOTAKBANK.NS,-0.021624520526589808,-0.02186175678605505,0.06993707107725511,377.9862854003906,374.7173760986328,388.0248516845703,,374.773320238779,377.145080994725,377.9862854003906,393.69499357443897,362.27757722634226,0.08311787374723686,45.81524308085896,-0.025588146998131833,0.8041316915259219,-0.8297198385240537,11.472910245252368,25.94121915687643,28.748587931615553,-0.1599763192126832
2022-02-01,374.37382760634637,378.9490718143984,364.8454102321877,374.4335021972656,15485430,0.0,0.0,KOTAKBANK.NS,0.013487519365149359,0.013397372443517104,0.08436786804290075,378.561669921875,374.4263507080078,388.25848693847655,,374.7409566157777,377.03874457129524,378.561669921875,392.71355088188733,364.4097889618627,0.07476658142876892,49.64237511376689,-0.058240451843687424,0.6316572628520001,-0.6898977146956875,11.996504710790484,24.558688182066575,28.7744161082209,-0.14864648355088023
2022-02-02,380.10286928642216,387.5028228356609,377.3378350010505,386.4286193847656,13552540,0.0,0.0,KOTAKBANK.NS,0.03203537375023813,0.03153294336169746,0.11910599797840393,379.4568267822266,374.2660192871094,388.51161712646484,,375.8540673556813,377.4069749561372,379.4568267822266,393.1945769479755,365.71907661647765,0.07240744767853732,57.436000813665,0.8737164120447574,0.6800690926905515,0.19364731935420587,12.370905639552912,25.905085013203276,29.09752888115716,-0.1213730554578532
2022-02-03,385.891530726728,386.3987647776972,377.1687198457916,379.7547302246094,11198565,0.0,0.0,KOTAKBANK.NS,-0.017270690692583246,-0.017421568773676274,0.09977826443510418,379.3265350341797,373.8588232421875,388.6930355834961,,376.22555905748396,377.49904379019495,379.3265350341797,392.99759539525996,365.65547467309943,0.07208069617301313,52.56179696780281,1.0615351454828215,0.7563623032490056,0.3051728422338159,12.402166477107105,26.389143221871553,29.232879226860124,-0.13654754965121008
2022-02-04,380.73937115643554,381.53508295942544,374.025706482298,374.81146240234375,8856335,0.0,0.0,KOTAKBANK.NS,-0.01301700131382666,-0.013102464938983953,0.0854624493220344,379.2499481201172,373.25847290039064,388.7808596801758,,376.0908831855659,377.39364844165175,379.2499481201172,393.0082625062214,365.491633734013,0.07255539231739914,49.229348674917716,0.8022545531469518,0.7655407532285949,0.03671379991835688,12.270736732685533,26.739506134256104,29.302670856591362,-0.1477871113318271
2022-02-07,368.00829346411933,375.9652295390192,362.0405914079445,363.72149658203125,10269795,0.0,0.0,KOTAKBANK.NS,-0.029588118114722728,-0.030034677110195397,0.05334565816239789,378.49602966308595,372.717998046875,388.70268310546874,,374.9128463661816,376.85748562362744,378.49602966308595,393.9109618786996,363.0810974474723,0.08145360060624719,42.690187685317404,-0.2946976521912461,0.5534930721446268,-0.848190724335873,12.777281302183221,27.84501804660381,29.540413511276007,-0.17300248694063003
2022-02-08,365.024482138789,367.62041824599316,356.68958583723816,361.6029968261719,17846850,0.0,0.0,KOTAKBANK.NS,-0.005824510719787956,-0.005841539336786134,0.04721043508478884,377.2015380859375,371.91514404296873,388.5954638671875,,373.6452416480854,376.2592703766684,377.2015380859375,393.74248342175866,360.66059275011634,0.0877034882718461,41.55465277272406,-1.3197718944228995,0.17884007883112157,-1.498611973254021,12.918658391578743,27.65916440564119,29.41015845049207,-0.17781934282068235
2022-02-09,365.1437937653743,367.5706617107376,362.56773933839077,365.0244445800781,8120290,0.0,0.0,KOTAKBANK.NS,0.009461889928835454,0.009417406625596599,0.0571190249538891,376.18901977539065,371.4102764892578,388.4526370239258,,372.82421335589424,375.8186889728805,376.18901977539065,393.12365356384794,359.25438598693336,0.09003257882735849,44.13897979107606,-1.834916600766519,-0.22391125708840656,-1.6110053436781124,12.706943597499459,27.768271761802755,29.400217999083832,-0.17003995994083412
2022-02-10,365.0244130816984,375.7463823662605,364.07951485746946,371.42974853515625,12540405,0.0,0.0,KOTAKBANK.NS,0.017547602770676685,0.01739542129007857,0.07566892968510497,375.2998291015625,371.0675305175781,388.17265258789064,,372.69140718249065,375.6465736615972,375.2998291015625,391.1903255234878,359.40933267963726,0.08468160755610163,48.71127189978133,-1.7066448546105448,-0.5204579765928343,-1.1861868780177105,12.85826774656502,28.069730228391993,29.546581679649396,-0.1554761508423409
2022-02-11,368.82388492937463,368.82388492937463,362.43843040441027,363.68170166015625,9298775,0.0,0.0,KOTAKBANK.NS,-0.02086006009361585,-0.021080704985115568,0.05323041117103822,374.32411041259763,370.5264587402344,387.8281167602539,,371.83333998988735,375.17736299487404,374.32411041259763,390.5657207382461,358.08250008694915,0.08677832858666899,44.01783520220301,-2.204775916971471,-0.8573215646685617,-1.3474543523029092,12.769460667634402,28.781461559955133,29.741162808122372,-0.17309296908626148
2022-02-14,356.08282386233924,362.80641380182493,345.71890189138594,347.48931884765625,15134105,0.0,0.0,KOTAKBANK.NS,-0.04452350156354867,-0.04554511169383098,0.00633690531248754,372.42091064453126,369.8606622314453,387.30275970458985,,369.5148617858654,374.091557342042,372.42091064453126,391.74948064444936,353.09234064461316,0.10379959582004705,36.173513515318426,-3.8616239432716384,-1.4581820403891772,-2.403441902882461,12.862529117614624,30.95378851045459,30.624627692818407,-0.2099097655700587
2022-02-15,349.3094905164407,361.8416400023834,347.33018211433244,360.6679992675781,10276375,0.0,0.0,KOTAKBANK.NS,0.03792542591992465,0.037223938155012834,0.04450266106540246,371.18410339355466,369.57381408691407,386.95971618652345,,368.6723034507904,373.56514329990614,371.18410339355466,390.1774119833747,352.1907948037346,0.1023390194578568,44.79618180607339,-4.064426392564087,-1.9794309108241595,-2.0849954817399277,12.59611387929989,32.60228283026249,31.24443049999756,-0.17994525691413002
2022-02-16,361.06586931243555,368.5752462258918,358.0621367590351,364.039794921875,11348780,0.0,0.0,KOTAKBANK.NS,0.009348751930152055,0.009305322811041647,0.054267457334086666,370.0691390991211,369.1477209472656,386.5739047241211,,368.2311121623223,373.1916002262579,370.0691390991211,387.8990212229773,352.23925697526494,0.09635973519575507,46.77730554538243,-3.9080237990166324,-2.365149488462654,-1.5428743105539784,12.247289430137872,32.399160993159605,31.288597342028684,-0.1722787685518756
2022-02-17,365.0244007967518,366.86444812483387,360.13087231345287,361.5034484863281,14051145,0.0,0.0,KOTAKBANK.NS,-0.006967223009482271,-0.0069916074348724015,0.046922140847200255,369.19039154052734,368.7373406982422,386.1545739746094,,367.5903822884181,372.733241334496,369.19039154052734,386.88254051614484,351.49824256490984,0.09584295464350062,45.4558153450283,-3.9432799009360338,-2.68077557095733,-1.2625043299787038,11.758507967412372,30.399301242260456,31.280395234553893,-0.1780456869610579
2022-02-18,359.86240707785555,364.2287906746436,359.22586792366764,363.34356689453125,6148340,0.0,0.0,KOTAKBANK.NS,0.005090182170897739,0.005077270988609926,0.05225116526285878,368.53344879150393,368.3800744628906,385.74320037841795,,367.18592367947645,372.3650188074385,368.53344879150393,386.06049747911896,351.0064001038889,0.09511781763685109,46.633739684331886,-3.7791744678716555,-2.900455350340195,-0.8787191175314604,10.724817499048202,30.1613842815435,31.09938298731414,-0.17386178977153466
2022-02-21,359.6534978328268,368.2668843255004,358.47985710799685,363.45294189453125,6719555,0.0,0.0,KOTAKBANK.NS,0.000301023631530839,0.00030097833300785824,0.052567917729908764,367.8705368041992,368.1029736328125,385.26359588623046,,366.8304016047198,372.0155255951676,367.8705368041992,385.09557982934444,350.645493779054,0.09364730959312098,46.70741003684202,-3.598809248600446,-3.0401261299922453,-0.5586831186082009,10.416486472997693,30.080295204331296,31.04764187408212,-0.17361310264734522
2022-02-22,356.07289521298634,367.82927574196196,356.07289521298634,366.3671875,15110375,0.0,0.0,KOTAKBANK.NS,0.008018219883647149,0.007986244767216924,0.061007638736739755,367.97845458984375,367.9782489013672,384.8882275390625,,366.78628597569883,371.7940221404552,367.97845458984375,385.1338070448592,350.8231021348283,0.09324107018242238,48.737964273798475,-3.1840099629961855,-3.0689028965930336,-0.11510706640315194,10.322705036610577,29.34073910352346,31.054320023002095,-0.16698695079540676
2022-02-23,368.58515121674736,380.5106295806168,368.58515121674736,375.1894226074219,34579605,0.0,0.0,KOTAKBANK.NS,0.024080309068130967,0.023794950366440085,0.08655703060116826,368.2912628173828,368.1600653076172,384.650712890625,,367.5865847025296,371.92717509994407,368.2912628173828,385.74546448412724,350.83706115063836,0.0947847718852842,54.40205496292548,-2.118971711141569,-2.8789166595027407,0.7599449483611718,10.671529503870776,30.24332086554104,31.321562866293966,-0.146927739112774
2022-02-24,364.89515795560453,372.8620503631454,353.43718028848053,357.0376892089844,24780215,0.0,0.0,KOTAKBANK.NS,-0.04838018426076607,-0.04958967716859372,0.03398920125085292,367.3523452758789,367.8714282226563,384.2554525756836,,366.58192798885864,371.34327369245545,367.3523452758789,385.1196885532157,349.5850019985421,0.09673188972834057,43.70251826376552,-2.7083937312318085,-2.8448120738485545,0.136418342616746,11.68887706400034,33.042620781174705,32.326015256671184,-0.18819953228224628
2022-02-25,362.22955914100135,371.2407865208523,358.27097264689263,369.341064453125,19969430,0.0,0.0,KOTAKBANK.NS,0.03445959800882292,0.033879162833581916,0.0696200534714213,366.93858337402344,367.8553161621094,383.98839782714845,,366.8447028902174,371.26475568306995,366.93858337402344,384.07368137677935,349.8034853712675,0.09339491009747518,50.77008051256474,-2.157860892952442,-2.707421837669332,0.5495609447168901,11.708767005485567,34.49781818844158,32.80009790801297,-0.16022521450131813
2022-02-28,365.42226711677944,368.40611801379174,360.98628394881206,366.5660705566406,13562810,0.0,0.0,KOTAKBANK.NS,-0.007513364105865783,-0.007541731605518085,0.061583608554754976,366.7943603515625,368.0500616455078,383.710700378418,,366.8181664774958,371.0804935212492,366.7943603515625,383.88894491244866,349.6997757906763,0.09321072736506351,49.26774879008211,-1.9233077733026107,-2.550599024795988,0.6272912514933773,11.52476329802542,34.479090073638666,32.784757035446944,-0.1665347482316951
2022-03-02,360.40940529059844,361.91128668924097,353.1487132565707,359.25567626953125,14154775,0.0,0.0,KOTAKBANK.NS,-0.019942910362675814,-0.020144454282296997,0.04041254180686149,366.0354690551758,368.3026947021484,383.4128131103516,,366.0979293148325,370.61677519765243,366.0354690551758,383.04954898776407,349.0213891225875,0.09296410523551533,45.45204327695304,-2.3007884030523087,-2.5006369004472524,0.1998484973949437,12.056884184847146,34.88997482535996,31.071689859733027,-0.1831564710381154
2022-03-03,360.638175908571,361.9610335219991,352.611609399927,356.5204772949219,14810715,0.0,0.0,KOTAKBANK.NS,-0.007613516376446361,-0.007642647144834683,0.032491343881554835,364.5400619506836,368.52429565429685,383.09413818359377,,365.185791027222,370.06397920146696,364.5400619506836,379.08548619369446,349.9946377076727,0.07980151298146558,44.07656824403023,-2.7885080351264833,-2.5582111273830987,-0.23029690774338452,11.891352514367226,34.898025624567495,30.9880441699449,-0.18937552262286092
2022-03-04,352.0943994064212,355.26722989713295,344.873470654691,348.5436096191406,12745970,0.0,0.0,KOTAKBANK.NS,-0.02237422023078528,-0.02262832044480985,0.009390155167169567,362.97950592041013,368.483515625,382.7277212524414,,363.60082136930953,369.22004313941494,362.97950592041013,377.3479519374063,348.61105990341395,0.07916946154060131,40.25093430180445,-3.7751780111998983,-2.8016045041464586,-0.9735735070534397,12.081044550759003,35.05890001796794,31.161635201389714,-0.2075126132041622
2022-03-07,336.8767736895645,344.31648906233283,334.20125166116827,340.5369567871094,13489675,0.0,0.0,KOTAKBANK.NS,-0.02297173900499927,-0.023239701057813263,-0.013797292031546338,361.2657806396484,368.2300866699219,382.2035580444336,,361.4042628376714,368.09521622363826,361.2657806396484,377.71720115187276,344.8143601274241,0.09107655025115219,36.798473653063155,-5.143895420522597,-3.2700626874216865,-1.8738327331009104,11.822441564273435,35.538490803569196,30.982815598714463,-0.2257174266183901
2022-03-08,338.16976707034434,344.03800107531663,332.7093296621765,342.764892578125,27182480,0.0,0.0,KOTAKBANK.NS,0.006542419982946024,0.006521111243316797,-0.0073451397276980135,360.21795043945315,368.12943176269533,381.6624865722656,,359.62908471771465,367.101870198324,360.21795043945315,378.5705050061625,341.8653958727438,0.10189694624779172,38.382253948152524,-5.979905402668464,-3.8120312304710424,-2.167874172197422,11.595099673208377,35.63373285167455,30.993468601753214,-0.22065174483785135
2022-03-09,342.7649365606373,347.74797789257934,336.57841704920725,345.9477233886719,34597305,0.0,0.0,KOTAKBANK.NS,0.009285754986769534,0.009242907407770663,0.0018724100912166364,359.4351867675781,367.9927722167969,381.12489654541014,,358.3260979244725,366.27229581363173,359.4351867675781,378.84405006088366,340.02632347427254,0.10799645670670484,40.669642282111326,-6.31285087498793,-4.31219515937442,-2.00065571561351,11.641989057245192,34.607954676413414,30.358271477807474,-0.21341490789104922
2022-03-10,358.06212028067785,360.6481305533654,345.331034812019,348.98126220703125,20942345,0.0,0.0,KOTAKBANK.NS,0.008768778093536378,0.008730555639205606,0.010657606933343056,358.6330276489258,367.91101440429685,380.6008331298828,,357.4361135704305,365.59421606435325,358.6330276489258,378.39220634961197,338.87384894823964,0.11019162864179304,42.8473092437043,-6.2597725686455306,-4.701710641228643,-1.5580619274168876,12.255097623671288,34.47660718945633,29.975257751043653,-0.20651751776666194
2022-03-11,347.1213380096948,354.0637756970776,345.3310395251778,350.70196533203125,12531700,0.0,0.0,KOTAKBANK.NS,0.00493064617314376,0.004918530346881929,0.01564080199532758,357.59663848876954,367.90624145507815,380.10630981445314,,356.7947661191544,365.0102062317132,357.59663848876954,376.6929763195819,338.5003006579572,0.10680378826554354,44.100630707812435,-6.009586494518146,-4.963285811886544,-1.0463006826316024,12.521512868022986,34.00131769631293,29.724840062974316,-0.20260513640218147
2022-03-14,347.2108322022929,357.5349611416303,346.5245440691022,355.82421875,16583245,0.0,0.0,KOTAKBANK.NS,0.014605716318467632,0.014500080195755785,0.030474963430732194,357.2037643432617,368.0395202636719,379.61576477050784,,356.7023330363778,364.64997142850876,357.2037643432617,376.0951967603342,338.3123319261892,0.10577398282353166,47.7723231905387,-5.336473639628537,-5.037923377434943,-0.2985502621935936,12.608897857667595,34.291427223876276,29.847812882893493,-0.19095861323066848
2022-03-15,354.87934232763166,356.06293901547565,340.95470397963464,344.8834533691406,24037275,0.0,0.0,KOTAKBANK.NS,-0.03074766922637806,-0.031230297715267214,-0.0012097398909000079,357.07347106933594,367.7914630126953,379.0553973388672,,355.57672544902186,363.87481385755314,357.07347106933594,376.2803208541571,337.8666212845148,0.10757925940172458,41.501876830464425,-5.621059112594139,-5.154550524466782,-0.46650858812735674,12.848316036729406,34.848256158978735,30.109448307888126,-0.21583475018150206
2022-03-16,350.10518310849915,353.0492409220779,348.66297632085076,350.20465087890625,14636205,0.0,0.0,KOTAKBANK.NS,0.015428973056791362,0.015311156762834918,0.014200568121709,356.55030364990233,367.5370397949219,378.2930233764648,,355.0650992994871,363.3387290348611,356.55030364990233,375.9142723518884,337.18633494791624,0.10861843899030656,45.26487954107942,-5.355484293054872,-5.1947372781844,-0.16074701487047172,12.421340713323726,34.927960417729814,30.187184003597007,-0.20373588566998038
2022-03-17,356.07288637266055,363.55239529329975,354.59091675416613,362.04058837890625,16795035,0.0,0.0,KOTAKBANK.NS,0.03379720249372875,0.03323862773409059,0.04847771009177304,356.4503433227539,367.4073419189453,377.59400665283204,,355.7294315927651,363.287821558157,356.4503433227539,375.67163910051653,337.22904754499126,0.10784837853478173,52.57286181879808,-4.1422043427827475,-4.98423069110407,0.8420263483213226,11.821019434427452,35.08050978217282,30.303994490950902,-0.1768243861594791
2022-03-21,361.175294379826,364.0298404580367,352.691212153775,353.5068054199219,11988495,0.0,0.0,KOTAKBANK.NS,-0.023571343194407346,-0.023853591441343004,0.02376368215551361,356.0505111694336,366.8302667236328,376.84327026367185,,355.5177529096371,362.9042522978341,356.0505111694336,375.16159768795154,336.93942465091567,0.10735042315062737,47.63456464583562,-3.8251818902345462,-4.752420930930166,0.9272390406956195,11.616414505312722,35.366245140408594,30.49445994931136,-0.19622774106258095
2022-03-22,353.50679906461454,360.7674912609133,349.1802089023585,359.6236877441406,16987280,0.0,0.0,KOTAKBANK.NS,0.01730343583330085,0.017155436216070203,0.04147831133815538,355.86451721191406,366.4958764648438,376.0414105224609,,355.90879432244697,362.7756027074932,355.86451721191406,374.74779740528703,336.9812370185411,0.10612623220385947,51.1748054299593,-3.045254234708068,-4.410987591685746,1.3657333569776782,11.847307494901425,35.64683464391861,30.624197232439183,-0.18231971935547014
2022-03-23,361.0459801897427,363.4828040430882,349.70735217179976,352.0447082519531,16131700,0.0,0.0,KOTAKBANK.NS,-0.021074750497469097,-0.02129999329673545,0.01952941577817824,355.29410552978516,365.96077331542966,375.20891662597654,,355.5407861252571,362.35478331707986,355.29410552978516,373.89940272780444,336.68880833176587,0.10473180899118271,46.94033095516755,-3.0040870084192193,-4.129607475032441,1.1255204666132217,11.872885678559893,35.138061498920464,30.76384012521874,-0.1995521272567541
2022-03-24,341.1536258307813,343.91865983475293,338.36871041429964,340.9845275878906,98550890,0.0,0.0,KOTAKBANK.NS,-0.031416977459996054,-0.031921077000605695,-0.01250111689712774,354.0249725341797,365.0306072998047,374.44435424804686,,354.15447578836506,361.51673407279793,354.0249725341797,372.9106845019853,335.1392605663741,0.10669141124490739,41.53861763865378,-3.8198924879937977,-4.067664477624713,0.24777198963091518,12.181926658244274,36.21921311201788,31.10511134454475,-0.22469978003263047
2022-03-25,343.73962863259857,344.49551688456194,340.5568422082973,342.5958251953125,15195750,0.0,0.0,KOTAKBANK.NS,0.004725427334841603,0.004714297551309841,-0.007834762681787844,352.3952926635742,364.1770275878906,373.82988006591796,,353.0536519223601,360.7747376462299,352.3952926635742,369.0891767368667,335.7014085902817,0.09474521607318902,42.57538590056707,-4.286988225666676,-4.111529227233105,-0.17545899843357038,11.63133151796097,36.118223942961194,31.050201613811883,-0.22103615518048794
2022-03-28,343.739630779815,343.739630779815,336.58833233980664,343.1826477050781,15351020,0.0,0.0,KOTAKBANK.NS,0.0017128711636549276,0.0017114058728409233,-0.006135311457204584,351.7025405883789,363.2564093017578,373.13106231689454,,352.11355628261896,360.0848517661847,351.7025405883789,368.731804926986,334.6732762497718,0.09683901805268787,42.97204379896642,-4.557279805962821,-4.200679342979049,-0.35660046298377246,11.11768440953497,35.667621909392494,31.045185308163315,-0.2197018904731668
2022-03-29,345.72887495867747,346.305739462704,341.8995934414726,344.1374816894531,12928950,0.0,0.0,KOTAKBANK.NS,0.002782290977589197,0.0027784275704700076,-0.003370090701327433,350.44236145019534,362.4752374267578,372.4414947509766,,351.3539301308889,359.4594647043521,350.44236145019534,365.6034739034978,335.2812489968929,0.08652556951484382,43.6540471918922,-4.640942808228033,-4.288732036028846,-0.35221077219918673,10.623218310112922,35.259488466574204,30.98373754706283,-0.2175308740832004
2022-03-30,347.9965914815516,351.8656357240478,345.33102527784763,350.7218322753906,16790770,0.0,0.0,KOTAKBANK.NS,0.019132907446214098,0.01895217502513711,0.015698337111412775,349.6501495361328,361.77860778808594,371.89554901123046,,351.2937303351272,359.116812452236,349.6501495361328,362.7841466882425,336.5161523840231,0.07512650670697024,48.250031915816756,-4.128355167156201,-4.256656662254317,0.12830149509811584,10.377403538057393,33.29779240063136,31.10797399563514,-0.20255996471751425
2022-03-31,349.1304291386165,353.8349782160845,347.51915454409726,348.88177490234375,14242040,0.0,0.0,KOTAKBANK.NS,-0.005246486542081152,-0.005260297680412837,0.010369489454943537,349.13145446777344,361.0481604003906,371.2925128173828,,351.0640202939097,358.7154384306716,349.13145446777344,361.46307663394055,336.79983230160633,0.07064171393531875,47.093961793391635,-3.8264935844836145,-4.170624046700176,0.34413046221656174,9.734455533103171,31.37941500134786,30.619052960459005,-0.20674372313074052
2022-04-01,347.97665021362144,354.0836124816238,347.24064342882195,353.4172058105469,11868865,0.0,0.0,KOTAKBANK.NS,0.012999907803933342,0.012916134253643215,0.023504199665765002,348.9762908935547,360.3897229003906,370.6117965698242,,351.2881332002561,358.5076646024314,348.9762908935547,360.99045614234524,336.9621256447641,0.06885376205946978,50.25758883893569,-3.184584823792534,-3.973416202118648,0.788831378326114,9.599472167453317,31.500817232860605,30.605089289545134,-0.19643146466654865
2022-04-04,355.47611636100237,366.01906282834904,345.1321054386878,365.2333068847656,19987830,0.0,0.0,KOTAKBANK.NS,0.03343385913291641,0.032887101123158194,0.0577238948993386,349.81077575683594,360.1128210449219,370.0923077392578,,352.61624497973315,358.77141528017006,349.81077575683594,363.84675844481745,335.7747930688544,0.08024900123567578,57.40401666637045,-1.7027783321590846,-3.5192886281267355,1.816510295967651,10.30493933296283,32.955629980657015,31.039908725115563,-0.16956506745256608
2022-04-05,365.23327096805656,365.63111166569485,356.90833219794405,358.4997253417969,10664355,0.0,0.0,KOTAKBANK.NS,-0.01843638413046833,-0.01860845241998587,0.03822329086899923,350.7089141845703,359.7531671142578,369.54755615234376,,353.1765764427868,358.76076077278293,350.7089141845703,364.54367529738823,336.87415307175235,0.07889597642526427,52.752822298801014,-1.0595657528863853,-3.0273440530786653,1.96777830019228,9.84883536381353,33.37679009201622,31.10422516066606,-0.1848752848643701
2022-04-06,355.57556907890563,356.6696538236548,352.4425316737657,353.96429443359375,11745005,0.0,0.0,KOTAKBANK.NS,-0.012651141932895515,-0.012731849042910087,0.02508858065817776,351.2688842773438,359.2982293701172,369.0011135864258,,353.25159720381606,358.57266405359906,351.2688842773438,364.6489292199758,337.88883933471175,0.0761812135461895,49.824478371462824,-0.9053502062144503,-2.6029452837058225,1.6975950774913722,9.698221514891666,33.56933851074062,30.64366818671936,-0.19518754332856197
2022-04-07,352.2933497315144,356.4707228743578,350.70195647806383,351.38824462890625,21943915,0.0,0.0,KOTAKBANK.NS,-0.007277710902478529,-0.007304322634071829,0.017628282318715494,351.5409103393555,359.0418176269531,368.38793212890624,,353.07413505382465,358.2909221153758,351.5409103393555,364.68457915977933,338.39724151893165,0.07477746363992611,48.1882718556355,-0.9797055292104915,-2.278297332806756,1.2985918035962647,9.15686594217027,33.51823849598079,30.263277526217262,-0.20104473571893025
2022-04-08,353.13874281928247,356.0728750201263,349.3293731822012,354.9787902832031,11908355,0.0,0.0,KOTAKBANK.NS,0.010218172375370038,0.010166319778722276,0.028026583521499893,351.8407867431641,358.7627282714844,367.7657000732422,,353.2555307899559,358.16103459254555,351.8407867431641,365.01220592566466,338.6693675606635,0.07487147413705295,50.62225459747316,-0.7403710944149111,-1.9707120851283872,1.2303409907134761,8.828642623146225,32.844660545286,29.96844593223429,-0.19288087310829694
2022-04-11,353.0890532509447,359.2855284084252,350.7616529930391,354.76995849609375,9589710,0.0,0.0,KOTAKBANK.NS,-0.0005882937032456459,-0.0005884668158836646,0.027421801955645142,352.0441864013672,358.341806640625,367.17012390136716,,353.39976200006424,358.0280512162141,352.0441864013672,365.2670975396986,338.8212752630358,0.07512074704881463,50.473737751192715,-0.5610800291516966,-1.6887856739330493,1.1277056447813527,8.60982784149132,29.704940558488797,29.962681689852406,-0.19335569620841647
2022-04-12,352.30330052811996,360.57852175691505,352.0944394443238,358.4301452636719,12061210,0.0,0.0,KOTAKBANK.NS,0.010317070766346914,0.010264213038829018,0.03802178539330914,352.17448272705076,357.95808349609376,366.6703289794922,,353.87884612040784,358.04381961023205,352.17448272705076,365.603969792559,338.74499566154253,0.07626609947158842,53.0724230539364,-0.12223503611409114,-1.3754755463692578,1.2532405102551667,8.231872873012946,28.045971375747197,30.00185244154711,-0.18503348984292814
2022-04-13,359.593862933547,361.7422394408513,352.6414689943623,354.0041198730469,9618460,0.0,0.0,KOTAKBANK.NS,-0.012348362572486948,-0.012425237106891524,0.02520391602913241,352.6305160522461,357.6491552734375,366.18326568603516,,353.8907769539925,357.8854000126954,352.6305160522461,365.6300866412424,339.63094546324976,0.07372913005107196,49.677915061345296,-0.1300908700392256,-1.1263986111032513,0.9963077410640258,7.905070916501196,28.180507460277255,29.775357234709432,-0.19509699179478204
2022-04-18,353.2083736346805,353.2083736346805,344.1374717221171,348.19549560546875,9800705,0.0,0.0,KOTAKBANK.NS,-0.016408352167373685,-0.01654446010292468,0.008382009131555845,352.5300582885742,357.12439514160155,365.7753729248047,,353.34836920651406,357.50540376143164,352.5300582885742,365.63915290499176,339.42096367215663,0.07437150000801757,45.55949284641063,-0.5981292470804078,-1.0207447382986827,0.4226154912182749,8.328497593262995,27.992137973567132,29.793467114290994,-0.20830412381399174
2022-04-19,350.70196764943177,351.43797453186073,335.58377679002416,339.6617126464844,11947870,0.0,0.0,KOTAKBANK.NS,-0.024508596655293258,-0.02481393152089095,-0.016332018804703696,351.41111450195314,356.1890570068359,365.2275381469727,,352.0448781055589,356.80565116868866,351.41111450195314,364.91653759131935,337.9056914125869,0.0768639495566732,40.276583881614165,-1.63876730847511,-1.1443492523339682,-0.49441805614114176,8.950133257679296,28.762387132278533,29.67136234788701,-0.22770747871709363
2022-04-20,340.7557621080448,343.5406773365577,334.86761659923246,342.4068298339844,16007725,0.0,0.0,KOTAKBANK.NS,0.00808191528598079,0.008049431512005743,-0.008382097511151598,350.8561157226562,355.4420989990234,364.6504611206055,,351.12696874636134,356.2409915085042,350.8561157226562,364.900465775752,336.81176566956043,0.08005760437818639,42.583005400862575,-2.2164229107533515,-1.358763984017845,-0.8576589267355066,9.254912880257422,28.186204577202638,29.685156091096367,-0.22146587598408873
2022-04-21,343.14284465204094,352.7806852387927,342.9538650049831,350.2742614746094,13653455,0.0,0.0,KOTAKBANK.NS,0.02297685371649716,0.022716860825443094,0.01440216197699451,350.3886444091797,354.95135498046875,364.1049139404297,,351.045758530004,356.00700209541026,350.3886444091797,363.81293932628375,336.9643494920756,0.07662517111386376,48.69786200934521,-2.016142321140819,-1.4902396514424399,-0.5259026696983793,9.443891549558398,28.140283903617224,29.955158511195783,-0.20357761130327387
2022-04-22,346.12673481243723,347.89715195452965,342.4267581572066,343.6899108886719,11280190,0.0,0.0,KOTAKBANK.NS,-0.018797700288391783,-0.018976622825979315,-0.004666265835745698,349.9709045410156,354.55072326660155,363.6343606567383,,350.3452016117819,355.5239789108323,349.9709045410156,363.69484365622174,336.2469654258095,0.07842902902574128,44.4329003077482,-2.361498688600193,-1.6644914588739905,-0.6970072297262024,9.553297238516649,28.66725801629742,30.065946757841694,-0.21854852066896005
2022-04-25,338.667071014072,345.7089456550358,336.9762100600531,343.90869140625,10746970,0.0,0.0,KOTAKBANK.NS,0.0006365636890894866,0.0006363611683646885,-0.004032672522050862,350.1171127319336,354.19683715820315,363.0559906005859,,349.7322006398265,355.0684774400643,350.1171127319336,363.49591622359856,336.7383092402687,0.0764247333543413,44.606498198250634,-2.5877127963060502,-1.8491357263604025,-0.7385770699456478,9.688280562958138,28.539616607484717,30.002560619443052,-0.21805107703243265
2022-04-26,347.34015063591005,347.71810995318026,344.38613692597966,346.663818359375,7273885,0.0,0.0,KOTAKBANK.NS,0.008011216412877609,0.007979296980995674,0.0039462372785303845,350.32051239013674,353.8296246337891,362.6199505615234,,349.439973755974,354.73888296631185,350.32051239013674,363.33663086743576,337.3043939128377,0.07430977072106774,46.85804955499481,-2.515674259970922,-1.9824434330825063,-0.5332308268884156,8.468456359905925,28.52013456946796,29.902598593570147,-0.2117867149867229
2022-04-27,342.9439501532149,348.5138117599818,342.9439501532149,346.42510986328125,14112960,0.0,0.0,KOTAKBANK.NS,-0.00068858785789494,-0.0006888250434022507,0.00325493208956118,350.4826354980469,353.32953186035155,362.19853118896486,,349.15284386143185,354.41285264854594,350.4826354980469,363.20179830203597,337.7634726940578,0.07258084433150168,46.681008409683066,-2.449607431932691,-2.0758762328525435,-0.3737311990801473,8.243247941264217,28.48106104132947,29.793229616440698,-0.21232946908421452
2022-04-28,347.9170039511644,352.69118361895966,344.61489867940156,351.2290954589844,11712485,0.0,0.0,KOTAKBANK.NS,0.01386731347966963,0.013772042050248167,0.017167382732871772,350.83721618652345,353.08047973632813,361.80346923828125,,349.3505821088178,354.2879994254259,350.83721618652345,363.2020467269083,338.4723856461386,0.07048756500114886,50.7166168315567,-1.9867059956992534,-2.0580421854218858,0.07133618972263234,8.387468746373283,28.448370691706753,29.886778857141007,-0.20140659491330748
2022-04-29,351.88556081767695,360.11103257138944,351.4976456138051,356.2220764160156,18443295,0.0,0.0,KOTAKBANK.NS,0.014215738449875337,0.014115642351332648,0.03162716820554645,351.1122283935547,353.2551348876953,361.55789855957033,,350.0050101380747,354.3638455819196,351.1122283935547,363.7087499255445,338.51570686156487,0.07175210951565397,54.56567169103137,-1.2030929309019598,-1.8870523345179007,0.6839594036159409,8.60983808323836,27.221907911469657,29.37091307820791,-0.19005399993879965
2022-05-02,351.2092419614174,354.1732119508329,348.1259531256399,352.95977783203125,9897330,0.0,0.0,KOTAKBANK.NS,-0.009158047184516627,-0.009200239898101589,0.022179477922290802,351.3161285400391,353.10097045898436,361.3373922729492,,350.28641658511816,354.30878410153184,351.3161285400391,363.8926370975327,338.73961998254543,0.07159653392377806,51.72325393306716,-0.8356809531489375,-1.676778058244108,0.8410971050951705,8.70645390127055,27.038864898140304,29.01004141562971,-0.19747152362427067
2022-05-04,351.69659754106976,362.7766157759614,351.69659754106976,353.2084045410156,28732370,0.0,0.0,KOTAKBANK.NS,0.0007044052172502369,0.000704157240339179,0.02289950647950545,351.3056884765625,352.8843426513672,361.0160317993164,,350.5647011523465,354.26563196190375,351.3056884765625,363.8751979379795,338.7361790151455,0.07155881543464149,51.92877782861998,-0.5184656666923502,-1.4451155799337567,0.9266499132414066,8.889035531235228,25.120146263108918,29.003025760644878,-0.1969062183785197
2022-05-05,358.26104889525925,362.23951682145514,354.9390014659804,357.5846862792969,17840235,0.0,0.0,KOTAKBANK.NS,0.01239008382025375,0.012313954915708965,0.03557331710448275,350.9232574462891,352.80596740722655,360.7716540527344,,351.233271164437,354.3957909547427,350.9232574462891,362.0964103020082,339.75010459056995,0.06367861131249904,55.51838600162704,0.0850783649719915,-1.1390767909526072,1.2241551559245987,8.92810910036725,24.427876739916712,28.970749821209246,-0.18695581910870507
2022-05-06,349.1404068332053,357.05754971181767,348.1159525298923,353.1487121582031,14237415,0.0,0.0,KOTAKBANK.NS,-0.012405380575019831,-0.01248296965780857,0.02272663599246605,350.65570678710935,352.6020703125,360.49107238769534,,351.41569411622424,354.34688590389806,350.65570678710935,361.3091470844285,340.0022664897902,0.06076296544511728,51.33396738479863,0.2031040625707874,-0.8706406202479283,1.0737446828187158,8.95439219343265,24.167865177133717,29.023826704654937,-0.19704194159696686
2022-05-09,347.1213003371696,354.8793000658497,346.72345964526534,351.5970764160156,10846810,0.0,0.0,KOTAKBANK.NS,-0.004393717685404974,-0.004403398429666206,0.018233063884571132,350.53734588623047,352.36495300292967,360.2339633178711,,351.4329686209663,354.2390502377066,350.53734588623047,361.08811778921864,339.9865739832423,0.0601977051906618,49.916770376652515,0.1694825520526706,-0.6626159857878086,0.8320985378404792,8.832191641265117,23.404973281098027,28.91618327265388,-0.20056991261881071
2022-05-10,352.0943851832456,359.8126220969284,351.59707672959695,357.4951477050781,9949270,0.0,0.0,KOTAKBANK.NS,0.016775086269727124,0.016635938497850403,0.035314011373923426,350.8426910400391,352.18751220703126,360.0828805541992,,352.01031900992933,354.3667403344663,350.8426910400391,361.84112639314543,339.84425568693274,0.0626972465665598,55.00213640098894,0.6117109010357353,-0.40775060842309985,1.0194615094588353,8.286573636913419,21.891192362165356,28.95271560014992,-0.18715940393637578
2022-05-11,357.6642934132379,361.6427615705524,357.26645266816706,360.0414123535156,13109420,0.0,0.0,KOTAKBANK.NS,0.00712251526988017,0.0070972699605153225,0.04268805122905506,351.0958221435547,351.8845520019531,360.02230865478515,,352.77518504265186,354.58927649207607,351.0958221435547,362.710822932195,339.4808213549144,0.06616427798956388,57.0306007480201,1.1543358654871554,-0.0953333136410488,1.2496691791282042,7.979662791560571,21.931261445092797,28.975043849293336,-0.1813699343789341
2022-05-12,358.6191055794244,359.37502421772473,349.5084101538286,350.2842102050781,21411340,0.0,0.0,KOTAKBANK.NS,-0.027100221845750228,-0.027474205026015143,0.014430973724834706,350.8715347290039,351.749482421875,359.8104553222656,,352.53794934383535,354.42045036317415,350.8715347290039,362.36036220695104,339.38270725105673,0.06548737267513345,48.08531193117851,0.7879622518288443,0.08132579945292981,0.7066364523759144,7.99103041976619,23.47120511311747,29.319543718680002,-0.20355499076686603
2022-05-13,355.0782389031335,357.0674727345237,349.309472933422,353.9941101074219,13685110,0.0,0.0,KOTAKBANK.NS,0.010591113713552147,0.010535420757209849,0.025174927522103818,350.6497329711914,351.44254333496093,359.6489297485352,,352.6766313213198,354.4037311374584,350.6497329711914,361.6865274931472,339.61293844923557,0.06295053715533598,51.2183419157431,0.7878842019778176,0.2226374799579074,0.5652467220199102,7.98463731145897,23.637371328586354,29.35769515222257,-0.1951197511074869
2022-05-16,354.2825808195476,363.03519811216415,351.32856717146177,360.6182861328125,15195905,0.0,0.0,KOTAKBANK.NS,0.018712672997244217,0.018539744898969052,0.044358690705798454,350.9804412841797,351.3235876464844,359.68682464599607,,353.43297939860486,354.6474391764919,350.9804412841797,362.8084565481512,339.15242602020817,0.06739985408129721,56.29062260722157,1.3072686127868565,0.43956370652369725,0.8677049062631592,8.197058407581807,23.609731250740985,29.26652545115585,-0.1800582902080208
2022-05-17,362.63739921643577,366.99382695277393,361.56319575507035,366.0787658691406,15103905,0.0,0.0,KOTAKBANK.NS,0.015141993477050253,0.015028497760631521,0.06017236318816632,351.8746047973633,351.4600494384766,359.8813720703125,,354.63734001484636,355.09572649777226,351.8746047973633,365.39844070777525,338.35076888695136,0.07686735971298651,59.984313988942674,2.1348898980818376,0.7786289448353254,1.3562609532465122,8.380352855655461,23.876353035807675,29.25708230804027,-0.16764273818678915
2022-05-18,367.4016022694544,370.79321965843263,366.1881682688531,367.3717346191406,26608920,0.0,0.0,KOTAKBANK.NS,0.0035319414031846907,0.003525718745883159,0.0639168298522228,353.2601058959961,351.67707458496096,360.1006851196289,,355.85013950096965,355.57713858096315,353.2601058959961,367.1874450559553,339.3327667360369,0.07885033677739761,60.82842379413349,2.8621247096596107,1.1953280978001826,1.6667966118594282,8.319252297264399,23.64403455532196,29.150011772868734,-0.16470290111154956
2022-05-19,360.44918962155947,363.4927151701667,353.7554367325272,354.7599792480469,15541605,0.0,0.0,KOTAKBANK.NS,-0.03432968348577092,-0.03493279027371831,0.027392901828211302,353.87776336669924,351.80140197753906,360.1424588012695,,355.746314714977,355.5450931169272,353.87776336669924,366.84076488831874,340.91476184507974,0.07326259439583285,49.79466082521436,2.3932128120944185,1.4349050406590298,0.9583077714353887,8.714967507768351,23.822025945266407,29.018965642729988,-0.1933783861329728
2022-05-20,360.25031383432446,365.99919926786083,356.95813377058477,363.8607482910156,13248360,0.0,0.0,KOTAKBANK.NS,0.02565331372005053,0.02532978878956901,0.05374893425256344,354.55708770751954,352.2678778076172,360.24898223876954,,356.519117912695,355.87119724140126,354.55708770751954,368.13440874431797,340.9797666707211,0.0765875031554783,55.997389290031094,2.7245458893716545,1.6928332104015549,1.0317126789700997,8.883344858297558,24.415102357209868,29.236004016846433,-0.17268586881906853
2022-05-23,368.40616261783856,372.2851631829367,366.2677419534015,368.8636779785156,14130390,0.0,0.0,KOTAKBANK.NS,0.013749572359749829,0.013655904607445804,0.06823753147307832,355.8157760620117,352.789853515625,360.45964263916017,,357.694790299916,356.38070628991557,355.8157760620117,369.81223716919106,341.81931495483235,0.07867251566012659,58.996450354340716,3.35218248180405,2.024703064682054,1.327479417121996,8.90679425840794,24.36802482136466,29.30798977657042,-0.16131065330815283
2022-05-24,369.5897398890108,375.96523871705887,366.57605149120457,374.4931945800781,17109500,0.0,0.0,KOTAKBANK.NS,0.015261780808601078,0.015146491366836224,0.08454073852994148,357.3450012207031,353.36076293945314,360.676767578125,,359.2946383265981,357.0909999483533,357.3450012207031,372.49912931920613,342.1908731222001,0.08481511170849444,62.12465296024735,4.254797290452018,2.4707219098360467,1.7840753806159713,8.786020614905274,24.538358194931124,29.164502793321724,-0.14851076033243307
2022-05-25,377.5267699986497,386.2097567070892,375.22920722979853,379.4563293457031,31263010,0.0,0.0,KOTAKBANK.NS,0.013252937135987741,0.013165885249923385,0.09891408875909646,358.98462677001953,353.97026428222654,360.9406393432617,,361.21479937603664,357.96807168942587,358.98462677001953,376.2252264531882,341.74402708685085,0.09605202227344252,64.68282101841118,5.309405998867646,3.0384587276423667,2.2709472712252796,8.977838461088956,24.639641510183026,29.235725386207317,-0.1372260269671488
2022-05-26,380.9283677196531,382.3307813784471,374.7816417410861,379.6751708984375,24749145,0.0,0.0,KOTAKBANK.NS,0.0005767239490028775,0.000576557707660039,0.09954785883198047,360.64712982177736,354.5497283935547,361.2279849243164,,362.9729299972177,358.8193304819361,360.64712982177736,379.1543724511391,342.1398871924156,0.10263352234915929,64.79572940579263,6.092617777486964,3.6492905376112867,2.4433272398756776,8.840724595942987,24.62991257324479,29.184724974349542,-0.13672844455432442
2022-05-27,382.13186649115,387.90063299436065,380.540473208205,387.14471435546875,12201835,0.0,0.0,KOTAKBANK.NS,0.01967351048886301,0.019482488301143002,0.12117982516571835,362.4429107666016,355.17613830566404,361.60782928466796,,365.2750046980035,359.93012984952566,362.4429107666016,383.8457471359403,341.04007439726286,0.11810321423624853,68.4976881827854,7.232674714259701,4.36596737294097,2.8667073413187314,8.8456975727529,25.037787610399693,29.25346605671969,-0.11974486255352688
2022-05-30,386.95570510191277,388.2487253249869,377.0692103734361,378.59100341796875,19939000,0.0,0.0,KOTAKBANK.NS,-0.022094350304486254,-0.02234208630508401,0.09640808535418421,363.56135711669924,355.8502893066406,361.820876159668,,366.5431950522859,360.66192881299406,363.56135711669924,385.9122918368167,341.2104223965818,0.12295550273756421,60.634459067036815,7.361110761283896,4.964996050609556,2.3961147106743406,9.05740966351276,25.697203152264926,29.474003958059498,-0.13919352791759296
2022-05-31,376.1840500359786,377.18862293794683,363.7016185923116,367.3816833496094,74151530,0.0,0.0,KOTAKBANK.NS,-0.029607993764141693,-0.030055158983239152,0.063945641600063,364.28245239257814,356.1938299560547,361.8654348754883,,366.6230510806024,360.9254485987437,364.28245239257814,386.1178759773858,342.4470288077705,0.11988183038405677,52.180793233288156,6.48365921704584,5.268728683896812,1.2149305331490279,9.808343658032173,26.79654627318061,29.88668366605162,-0.1646802805751417
2022-06-01,366.0190574926089,372.78244097886886,365.0940709636293,371.01202392578125,11913225,0.0,0.0,KOTAKBANK.NS,0.009881659159139744,0.009833154838960474,0.07445918979420707,365.1726333618164,356.3732586669922,361.89030029296873,,367.04104849442894,361.321000572353,365.1726333618164,386.5540632726416,343.7912034509912,0.11710313401081339,54.39827288603211,6.011909144678839,5.417364776053218,0.5945443686256207,9.605155644857357,25.678673384496225,29.93233810922139,-0.15642593581887695
2022-06-02,367.6502494324664,373.7770635579289,367.21261551589015,369.5300598144531,13321505,0.0,0.0,KOTAKBANK.NS,-0.003994382973487087,-0.004002381828588896,0.07016738830078628,365.76990203857423,356.6937237548828,361.7619952392578,,367.2780971915741,361.64292446420006,365.76990203857423,386.92502816027,344.61477591687844,0.11567450467515372,53.311464725485514,5.455573242693504,5.425006469381276,0.0305667733122279,9.519901947781433,25.71254556245194,29.775089238545476,-0.15979549369771734
2022-06-03,373.77704134649485,373.77704134649485,368.6249327795923,369.7289733886719,9076875,0.0,0.0,KOTAKBANK.NS,0.000538287938790738,0.000538143113807578,0.07074344649839581,366.59891510009766,356.8958294677734,361.6958529663086,,367.51151397225004,361.96002442202246,366.59891510009766,386.95597271321685,346.24185748697846,0.11105901722355518,53.44590737535308,4.9733935106746685,5.3346838776399546,-0.36129036696528605,9.051721778224302,24.984905601232562,29.753395734518573,-0.15934322174585716
2022-06-06,367.0136795257457,373.3792223682689,366.6456760857307,371.8475036621094,12940485,0.0,0.0,KOTAKBANK.NS,0.00572995471255755,0.005713600963143822,0.0768787579555994,367.61143646240237,357.29188537597656,361.62632934570314,,367.92446537128427,362.3477687059475,367.61143646240237,386.80811957754867,348.41475334725607,0.10444007564008227,54.93433438064652,4.707940084202789,5.209335118952522,-0.5013950347497325,9.077293596979786,24.216718775156988,29.768829230954314,-0.15452629647765637
2022-06-07,370.79320148123065,370.9921370204175,364.4276588201734,369.6295166015625,8558195,0.0,0.0,KOTAKBANK.NS,-0.00596477598666989,-0.005982636320296784,0.07045541739959105,368.21815490722656,357.86478515625,361.4476962280273,,368.08685120273935,362.633327446952,368.21815490722656,386.82662075796844,349.6096890564847,0.10107304923859785,53.02297316937299,4.269378573342692,5.021343809830556,-0.7519652364878642,9.270535815025783,24.341835538773722,29.25275071945685,-0.15956935772178724
2022-06-08,369.9975425536656,373.9958921669756,365.7704200916949,367.1131591796875,7328080,0.0,0.0,KOTAKBANK.NS,-0.006807782681996888,-0.006831061345396416,0.0631679895471684,368.57174224853514,358.3551318359375,361.2660797119141,,367.99411862911535,362.8090071227456,368.57174224853514,386.79068942980547,350.3527950672648,0.09886241994637196,50.86084957942237,3.6763872981507006,4.752352507494585,-1.0759652093438845,8.885476828502012,24.430168340508832,29.19796235358822,-0.1652908268937084
2022-06-09,365.77041922401224,372.5537147728642,363.5723240479268,371.0319519042969,6404340,0.0,0.0,KOTAKBANK.NS,0.010674617966203837,0.0106180464618764,0.07451690166948133,369.60912933349607,358.91211791992185,361.08426361083986,,368.2834360838945,363.13147554555155,369.60912933349607,385.6797827895716,353.5384758774205,0.08696026250788354,54.006276891925936,3.482507088517252,4.498383423699119,-1.0158763351818667,8.724203307439401,24.542117033095483,29.08476832088029,-0.15638062535791275
2022-06-10,366.0190613093707,368.8437699879489,354.88929448966127,356.4309387207031,14299750,0.0,0.0,KOTAKBANK.NS,-0.03935244150444461,-0.040147681820636716,0.032232038150995956,369.73097076416013,359.1579870605469,360.81661224365234,,367.1546268112096,362.8687093955575,369.73097076416013,385.3332783708941,354.12866315742616,0.08439816428949469,42.969794594616616,2.1261667604720174,4.023940091053699,-1.897773330581682,9.275506344776156,27.09661823813589,29.808896547536456,-0.18957910745053164
2022-06-13,346.7234703352674,348.63311785660477,341.87969070823647,345.59954833984375,11747225,0.0,0.0,KOTAKBANK.NS,-0.030388468576087235,-0.030859770767600797,0.0008640872964138513,368.9800338745117,359.05554138183595,360.4170745849609,,365.10176219488903,362.19148739337265,368.9800338745117,387.58568335834593,350.3743843906775,0.10084908545572903,36.939203785959656,0.17523460116035494,3.2541989930750304,-3.0789643919146754,9.644224972391324,28.21436181615037,30.02035523903127,-0.21420655727717575
2022-06-14,345.25148432654487,347.8474507520238,342.46656857632337,346.06707763671875,7755235,0.0,0.0,KOTAKBANK.NS,0.0013528064464229939,0.0013518922281962429,0.0022180626857017938,367.9794494628906,358.99924743652343,360.02370391845704,,363.2889350941109,361.55915759899403,367.9794494628906,389.20937491392436,346.74952401185686,0.11538647325018465,37.34793824768065,-1.317974692010182,2.339764256057988,-3.65773894806817,9.191676404440566,28.10982333986128,29.928067196166356,-0.21314353084230342
2022-06-15,345.72886263715884,348.1159372792708,343.9186524785144,345.4602966308594,8850845,0.0,0.0,KOTAKBANK.NS,-0.0017533624117124225,-0.0017549013507274606,0.00046081120624941185,366.8838775634766,358.84010925292966,359.61491607666017,,361.5909695261822,360.9278297178907,366.8838775634766,390.3857637624652,343.38199136448793,0.1281162113476761,37.01263356061862,-2.5212525410641433,1.3675608966335617,-3.888813437697705,8.95225820182595,28.109666636139803,29.411266617356524,-0.21452317539873725
2022-06-16,346.5245859561439,348.8221489916623,332.20210601880825,333.3558654785156,14866460,0.0,0.0,KOTAKBANK.NS,-0.035038559482503784,-0.03566713645445108,-0.03459389443711469,365.813671875,358.2025604248047,359.1576907348633,,358.901911997833,359.84657621830735,365.813671875,393.258700148823,338.36864360117704,0.15004922114119915,31.02815824102086,-4.400855021381005,0.2138777130306483,-4.614732734411653,9.551871121606727,29.53218454477522,29.83553544142251,-0.24204515183965675
2022-06-17,330.41175861894766,334.92729765863675,327.94509768795314,332.9181823730469,15819320,0.0,0.0,KOTAKBANK.NS,-0.0013129605649520038,-0.0013138232528740555,-0.0358614345828826,364.26654357910155,357.6909295654297,358.72204833984375,372.73182235717775,356.4272710811867,358.7905607733952,364.26654357910155,395.41396111262344,333.11912604557966,0.1710144293103774,30.834022117133145,-5.858240744898694,-1.0005459785552202,-4.857694766343474,9.252062908687643,29.37257337401776,29.769274645924416,-0.2430403166653055
2022-06-20,332.9181689417746,336.1506738566731,328.62141666241,334.0321350097656,8837885,0.0,0.0,KOTAKBANK.NS,0.0033460252269146284,0.0033404397404894256,-0.032635402620755594,362.52496643066405,357.29228637695314,358.29525787353515,372.675477142334,354.2944009791466,357.81964211599796,362.52496643066405,396.36854372030007,328.68138914102803,0.18671032576239896,32.00015991940397,-6.844444269570033,-2.169325636758183,-4.67511863281185,8.72633950644521,29.39876626374741,29.385804310025225,-0.24050751046911037
2022-06-21,336.1805154285737,339.9600475435516,332.709312127293,334.4896545410156,12518015,0.0,0.0,KOTAKBANK.NS,0.0013696871746684547,0.0013687500088419666,-0.03131041573849691,360.52478942871096,356.9543145751953,357.99806610107424,372.60366561889646,352.4082346517055,356.9047406424692,360.52478942871096,396.07554707786903,324.9740317795529,0.19721671680603126,32.50350539265354,-7.502614199289042,-3.2359833492643544,-4.266630850024687,8.695079892232283,28.89963417051615,29.37545867503634,-0.2394672433469429
2022-06-22,331.2074526348804,333.3657848258215,328.8203779658298,332.14239501953125,8859625,0.0,0.0,KOTAKBANK.NS,-0.007017435336543532,-0.00704217333536554,-0.038108132257235194,358.15909271240236,356.4975866699219,357.6301574707031,372.5271299743652,350.47815468673656,355.93366826509913,358.15909271240236,394.6889491228197,321.62923630198503,0.20398675981542302,31.226429352731827,-8.120020297514372,-4.212790738914358,-3.9072295586000143,8.63113907317136,28.799930860371685,29.343529509642963,-0.24480423278807895
2022-06-23,333.1966867924542,337.1751546944536,327.98490355389134,335.00689697265625,12454005,0.0,0.0,KOTAKBANK.NS,0.008624318954996824,0.00858734196508547,-0.029812469989603962,355.9256790161133,356.1023254394531,357.22206604003907,372.4353268432617,349.0047015711098,355.1130105673563,355.9256790161133,392.3785736575851,319.4727843746415,0.2048343055338894,34.60330489167275,-8.28269990188602,-5.02677257150869,-3.255927330377329,8.91957782843277,28.000988138854716,29.22261532763979,-0.23829118361817977
2022-06-24,338.1697861954674,341.13375583695773,336.210389455438,337.85150146484375,8088605,0.0,0.0,KOTAKBANK.NS,0.008491181876830733,0.008455334573040221,-0.021574431217652568,353.46101837158204,355.69075256347656,356.82441802978514,372.3423799133301,347.9424920371797,354.4360886417676,353.46101837158204,387.6198453622784,319.3021913808857,0.1932820040414544,37.86602680014598,-8.08884567343415,-5.639187191893782,-2.449658481540368,8.876243012844432,27.92980291278039,29.069495452879714,-0.23182337552109633
2022-06-27,341.59125094189534,342.12835259885986,335.185915295521,336.4888610839844,10640560,0.0,0.0,KOTAKBANK.NS,-0.004033252405128529,-0.0040414079037862415,-0.025520668496183174,351.3559112548828,355.3404473876953,356.4948013305664,372.25982650756833,346.8516700416373,353.7322757963643,351.3559112548828,384.15619814921337,318.55562436055226,0.18670690228140982,36.91589957996458,-7.953485659605235,-6.102046885436073,-1.8514387741691616,8.84214247437321,27.276608857185085,28.113069889581656,-0.2349216257393394
2022-06-28,335.1660468533701,336.6480164670688,331.1477856832432,331.96337890625,13997215,0.0,0.0,KOTAKBANK.NS,-0.013449129231665302,-0.01354038792721631,-0.038626566959164776,349.58499603271486,355.01580505371095,356.0701000976562,372.1642935180664,345.43373755255277,352.87859356537945,349.58499603271486,382.56617574364736,316.60381632178235,0.18868761580285937,33.87578676288848,-8.117803478793803,-6.50519820410762,-1.6126052746861834,8.647482382126421,26.957361539400736,27.44674318169194,-0.2452112636671234
2022-06-29,328.2236221613607,330.00399515625173,325.5779372009364,326.72174072265625,14664150,0.0,0.0,KOTAKBANK.NS,-0.0157898085049738,-0.015915795498176757,-0.05380646936864886,347.37048187255857,354.7570056152344,355.47303131103513,371.99232421875,343.65164261637216,351.8528346303707,347.37048187255857,380.2414608552257,314.49950288989146,0.1892560289260654,30.720153733638142,-8.572168309284734,-6.918592225143043,-1.653576084141691,8.462057452153292,27.124532416314185,27.506546847497248,-0.25712923327553067
2022-06-30,324.642992739299,333.57466460188465,324.4440875451472,330.4316711425781,19910320,0.0,0.0,KOTAKBANK.NS,0.011355015468869967,0.011291031186823352,-0.04306242719178521,345.41556243896486,354.51750244140624,354.9798007202148,371.83641815185547,342.39259771410605,351.01278900339844,345.41556243896486,377.37548206247675,313.45564281545296,0.1850519959080259,35.31315416512773,-8.534514757689465,-7.241776731652328,-1.2927380260371368,7.961194569446279,25.85210192511524,27.565775487214527,-0.24869392422800307
2022-07-01,327.2289909042883,334.09184208967537,325.438692457075,331.7544860839844,11502570,0.0,0.0,KOTAKBANK.NS,0.004003293439857503,0.0039953015827403895,-0.039231525284208923,343.51683807373047,354.14710693359376,354.5492309570312,371.6650453186035,341.379444225523,350.25756143793126,343.51683807373047,373.8663916713701,313.16728447609086,0.17669907401235196,36.9190082981865,-8.302230985384995,-7.453867582398862,-0.8483634029861324,7.5399018280272605,24.551329283997482,27.559745268307424,-0.24568622554353992
2022-07-04,331.5157915776224,335.0765374541163,330.2228016121728,332.381103515625,9343905,0.0,0.0,KOTAKBANK.NS,0.0018887986686697555,0.0018870171314217513,-0.03741682706826588,341.54351806640625,353.9209307861328,354.2358270263672,371.469255065918,340.5224593960089,349.5565238723507,341.54351806640625,369.1448197192667,313.9422164135458,0.16162685100347265,37.70788881903259,-7.975643380224938,-7.558222741964078,-0.4174206382608592,7.502248518473193,24.08622425277378,27.56291987862653,-0.24426147869058734
2022-07-05,333.19672952401714,337.1354047531965,329.6061763515687,330.819580078125,13210485,0.0,0.0,KOTAKBANK.NS,-0.004697991013880243,-0.004709061259213712,-0.041939034164811484,339.6030212402344,353.6591485595703,353.92799285888674,371.2617283630371,339.5983756514486,348.82174176277323,339.6030212402344,364.1818751171579,315.0241673633109,0.14475050184866578,36.483443865972504,-7.753445349769322,-7.5972672635251275,-0.1561780862441946,7.740244489964007,23.431593675994097,27.5292850573457,-0.2478119314725421
2022-07-06,334.5891647455105,340.63645332053716,332.4010254789086,339.06494140625,27864745,0.0,0.0,KOTAKBANK.NS,0.024924042664517643,0.0246185051269375,-0.018060281777126264,338.2006103515625,353.5071710205078,353.66839782714845,371.0605174255371,339.54757239000105,348.43912214094877,338.2006103515625,359.09491574290485,317.30630496022013,0.12356160664300721,46.383763998851315,-6.833250600590247,-7.444463930938152,0.6112133303479048,7.2543037949324445,24.40314563531016,27.551388890508765,-0.2290643639608226
2022-07-07,341.75037274676464,346.9223624123049,341.36245758636716,345.82830810546875,15850325,0.0,0.0,KOTAKBANK.NS,0.019947112996018257,0.019750775948018124,0.001526580737543748,336.94042816162107,353.49523498535154,353.4123834228516,370.7925180053711,340.1457376962361,348.3367372768123,336.94042816162107,351.61041608055183,322.2704402426903,0.08707763564599003,52.87269067208406,-5.494900668952823,-7.054551278541086,1.559650609588263,7.31681958317325,25.32172882883867,26.57766314966799,-0.213686423716092
2022-07-08,349.11057752601494,349.39902496363646,344.5751262975309,347.0716247558594,8890745,0.0,0.0,KOTAKBANK.NS,0.0035951847238933077,0.003588737495324885,0.005127253801184395,336.4724624633789,353.4120855712891,353.2462826538086,370.5371997070313,340.8053459876288,348.2871250210887,336.4724624633789,348.9592714696465,323.9856534571113,0.07422187786096551,53.97542235962944,-4.2845340020381855,-6.500547823240507,2.2160138212023215,7.123579688304853,24.486623226293833,25.931443000235493,-0.21085948115844624
2022-07-11,346.72345767928886,347.5191390585858,343.7794001519316,346.3753356933594,7665895,0.0,0.0,KOTAKBANK.NS,-0.0020061826229378354,-0.0020081977028260124,0.003110784970767222,336.51125183105466,353.21515075683595,353.23514282226563,370.2689512634277,341.33582119769835,348.2121528905895,336.51125183105466,349.1216485885934,323.9008550735159,0.07494784610572128,53.224318786602545,-3.342958857708652,-5.8690300301341365,2.5260711724254845,6.87279422333311,23.846233980003635,25.905980855249823,-0.2124426411544023
2022-07-12,342.4466261272541,345.92778567979553,340.5469343394877,341.93939208984375,9144160,0.0,0.0,KOTAKBANK.NS,-0.012806753675563942,-0.01288946709789559,-0.009735807761654947,336.30486755371095,352.9947430419922,353.0478567504883,370.00378646850584,341.39330413980747,347.9661622709524,336.30486755371095,348.3805413673988,324.2291937400231,0.0718138509354715,48.58565430700052,-2.9210255835689622,-5.279429140821102,2.3584035572521396,6.884160278953528,22.676465375587355,25.78153090292429,-0.2225286942545156
2022-07-13,342.9439019970839,347.31028484702614,342.82455282316926,346.53448486328125,18067340,0.0,0.0,KOTAKBANK.NS,0.01343832526973121,0.013348831846377824,0.0035716845566116096,336.358576965332,352.8612646484375,352.8728036499023,369.7233541870117,341.88294039918594,347.91001805888686,336.358576965332,348.6139260484224,324.10322788224164,0.07287073927865689,53.141453883366765,-2.190602932916704,-4.661663899240223,2.4710609663235186,6.6113489658549645,22.864996986983442,25.85571209426865,-0.21208078196002508
2022-07-14,346.12668229858104,353.48684131128186,345.5398619681144,352.1043395996094,32854910,0.0,0.0,KOTAKBANK.NS,0.016073017202099305,0.015945213898858567,0.019702109506029908,337.2960006713867,352.75165771484376,352.7788125610352,369.4666932678223,342.85640698970246,348.07450125656226,337.2960006713867,351.32422043332133,323.2677809094521,0.08318046898873091,57.99957411567747,-1.1490514420955265,-3.959141407811283,2.8100899657157568,6.741357571488249,23.457968492567673,25.72145550097844,-0.19941654281460397
2022-07-15,352.5519192100784,356.0728717480758,352.09440390731515,355.6153564453125,11668660,0.0,0.0,KOTAKBANK.NS,0.009971523922981618,0.009922136320044204,0.02987009348528402,338.430859375,352.8009906005859,352.70153045654297,369.2223654174805,344.07154503309386,348.37022106788584,338.430859375,354.49279494950866,322.36892380049136,0.0949200412998458,60.76122405865941,-0.039845352568704584,-3.1752821967627676,3.135436844194063,6.5296454670183754,23.687473739504817,25.469028615430013,-0.1914335057189365
2022-07-18,358.0621466292185,368.008317368919,356.91834306481377,367.14300537109375,15585190,0.0,0.0,KOTAKBANK.NS,0.032416060546457404,0.031901745256680165,0.06325442479068877,340.0864028930664,353.1119091796875,352.7384310913086,369.00101348876956,346.26882697004623,349.1064086876195,340.0864028930664,360.48069772612337,319.69210806000945,0.11993596132962453,68.16305045477776,1.7492293652432522,-2.1903798843615636,3.939609249604816,7.021983334145582,25.55387348570842,26.00209346612462,-0.16522296528448482
2022-07-19,365.0244212146028,368.4061127791733,363.64188908238015,365.01446533203125,14475875,0.0,0.0,KOTAKBANK.NS,-0.005797577532250853,-0.005814448724504011,0.057090124826455924,341.6126434326172,353.2622955322266,352.7249038696289,368.8065657043457,348.05412586166386,349.7302540462239,341.6126434326172,364.641919968582,318.58336689665236,0.13482683957221459,65.6986807656013,2.961193777902963,-1.1600651519086584,4.121258929811622,6.9061820478226945,25.550697469687243,25.986798683222656,-0.17006264986539046
2022-07-20,367.2623092160835,368.008271929454,361.6626109245207,363.58221435546875,12857345,0.0,0.0,KOTAKBANK.NS,-0.003923819773168913,-0.0039315381509397365,0.05294229369264025,343.18463439941405,353.33311157226564,352.60883178710935,368.6297723388672,349.53299143250246,350.27346817599823,343.18463439941405,367.73406605300045,318.63520274582766,0.14306836141745577,64.02140667133472,3.762739108461517,-0.17550429983462346,3.9382434082961404,6.707259472693827,25.50041845029365,25.962397017849664,-0.17331917445034004
2022-07-21,363.03520042738677,363.03520042738677,355.6352476123288,358.1715087890625,10933370,0.0,0.0,KOTAKBANK.NS,-0.014881656342838334,-0.014993499182147957,0.03727276832906634,344.3428649902344,353.4908575439453,352.62016998291017,368.43781127929685,350.3557073712225,350.5831952588635,344.3428649902344,369.4473010690249,319.23842891144386,0.14581069411444014,57.99752654892124,3.9162270104854997,0.6428419622294013,3.2733850482560984,6.656817837732368,25.629071652654012,26.079972138241875,-0.18562155440138392
2022-07-22,358.2610401632573,366.4168810011933,356.01319612668755,363.45294189453125,16747900,0.0,0.0,KOTAKBANK.NS,0.01474554222172686,0.014637883745429174,0.052567917729910096,345.62293701171876,353.6800341796875,352.56128875732423,368.2748432922363,351.603063040109,351.0878912053603,345.62293701171876,371.9163859766025,319.329488046835,0.1521510649276858,61.77800704400134,4.413162600137241,1.3969060898109693,3.0162565103262717,7.053242768629673,23.292793788503136,26.082143894195315,-0.17361310264734522
2022-07-25,361.2449208018858,367.7696061511913,355.09816443072594,357.1769104003906,9432575,0.0,0.0,KOTAKBANK.NS,-0.017267796654571677,-0.017418623879570803,0.03439238896142416,346.65733947753904,353.61120666503905,352.4673971557617,368.0890487670898,352.1339056458501,351.32667627183207,346.65733947753904,373.06528930335793,320.24938965172015,0.15235765592397008,55.39716900569125,4.251555064290358,1.9678358847068471,2.2837191795835103,7.420543719975212,22.045396227538024,25.7218272796882,-0.18788298354883326
2022-07-26,356.27184564382173,357.05757127260017,348.5138143069942,350.4234924316406,9012235,0.0,0.0,KOTAKBANK.NS,-0.018907767473489545,-0.0190888049509406,0.014834338194594121,347.5803451538086,353.29810119628905,352.3790753173828,367.8959442138672,351.97100914925875,351.2912572977069,347.5803451538086,373.1013860406354,322.05930426698177,0.14684973556564856,49.47534060821569,3.5377545066263565,2.281819609090749,1.2559348975356075,7.338131066474086,22.801648332801257,25.799881221397026,-0.20323830325715603
2022-07-27,350.3339014276972,350.3339014276972,344.60489870075077,348.9314880371094,17398225,0.0,0.0,KOTAKBANK.NS,-0.004257717952007134,-0.004266807843725448,0.010513459814549764,348.6908325195312,352.9292962646484,352.30318542480467,367.6986618041992,351.6815309481017,351.1987173267031,348.6908325195312,372.2475605661039,325.13410447295854,0.1351152703175998,48.24823804905817,2.819172471210493,2.389290181514698,0.429882289695795,7.192500546819441,22.834843509403076,25.172337697926615,-0.20663068983684973
2022-07-28,353.0492382017641,364.3978216978195,351.09979740067354,363.7314453125,10772005,0.0,0.0,KOTAKBANK.NS,0.04241508084766665,0.04154021415253626,0.0533744699102392,350.35582122802737,353.1087255859375,352.45506378173826,367.59139251708984,352.82914183994916,351.6901968555579,350.35582122802737,373.17431157546207,327.53733088059266,0.13025894798867008,59.087962068791036,3.4046768988080203,2.5923675249733624,0.8123093738346578,7.952674475005482,23.406568040103977,25.856300821785528,-0.1729798664042222
2022-07-29,365.55160278559475,369.3808844947039,358.7882189940722,360.1210021972656,11939990,0.0,0.0,KOTAKBANK.NS,-0.009926123137724452,-0.009975715544458329,0.04291854521177485,351.7741470336914,353.0339306640625,352.65090423583985,367.4272311401367,353.52360473112213,352.0208166728798,351.7741470336914,373.20881036031244,330.33948370707037,0.1218660524507966,56.00610035578316,3.5365931460088973,2.7812126491804694,0.7553804968284279,8.44216923171816,23.676525860095275,25.754970920570557,-0.18118897008767124
2022-08-01,361.0459769954274,370.3953708800204,360.4492007148571,369.152099609375,8277685,0.0,0.0,KOTAKBANK.NS,0.025077952568737905,0.024768660985192585,0.06907280702165286,353.6126968383789,353.03969909667967,352.91477630615236,367.288631439209,355.0120328147653,352.69263168999726,353.6126968383789,374.33979861252095,332.88559506423684,0.1172305291040809,61.425805998714196,4.320072698531021,3.08898465905058,1.2310880394804413,8.759738326638379,24.54756932833819,25.835995702892134,-0.16065486591677045
2022-08-02,368.34645540132647,376.5620015179613,364.86529590828485,374.89105224609375,16788030,0.0,0.0,KOTAKBANK.NS,0.015546309076371223,0.015426703240177732,0.0856929433047553,355.81627044677737,353.04765625,353.20420959472654,367.16455307006834,356.9052727606061,353.56315798631476,355.81627044677737,375.6937269029696,335.9388139905851,0.11172876626036975,64.42500246473429,5.342486544621011,3.5396850361646663,1.8028015084563442,9.211582101816523,24.785756322534798,25.376154791461857,-0.14760614704056424
2022-08-03,372.9813799250521,373.9362037587356,366.01906083311786,368.22711181640625,12678395,0.0,0.0,KOTAKBANK.NS,-0.017775672131307707,-0.017935556931246762,0.06639402150929552,357.27437896728514,352.82307189941406,353.3966680908203,366.9987506103516,357.98354314687276,354.13821499925956,357.27437896728514,376.2352162060373,338.313541728533,0.10614160071348618,58.716150526738026,5.5510436086239,3.941956750656513,1.6090868579673865,9.277654392517125,25.387299660685024,25.565768398751853,-0.16275802069751327
2022-08-04,369.3211788585786,369.79857557583404,360.8967719479315,365.1338195800781,11805930,0.0,0.0,KOTAKBANK.NS,-0.008400501041515906,-0.008435984107146884,0.057435777420940415,358.2396545410156,352.53224487304686,353.5409866333008,366.82364822387694,358.6645218547971,354.56941517889953,358.2396545410156,376.7061906290523,339.77311845297896,0.10309599093208364,56.22555823056061,5.404424906484678,4.234450381822146,1.169974524662532,9.629321234455833,25.5714004638793,25.61297019280346,-0.16979127281664466
2022-08-05,366.9639658584076,368.0083016000054,362.5677452243813,364.8056335449219,8322855,0.0,0.0,KOTAKBANK.NS,-0.0008988102924393226,-0.000899214464611107,0.05648534326060095,359.12635498046876,352.08546325683596,353.63080078125,366.6232827758789,359.249389634809,354.97083550697886,359.12635498046876,377.0294507097858,341.2232592511517,0.09970360281851613,55.95437492963759,5.201783733554066,4.42791705216853,0.7738666813855364,9.132720909599945,25.54094765199556,25.612383614074023,-0.17053747296551
2022-08-08,364.02983178105103,367.90883211461477,361.40402826091383,366.9142150878906,7779625,0.0,0.0,KOTAKBANK.NS,0.005780013654062888,0.005763373464700272,0.06259184296996456,360.15329895019534,351.8519274902344,353.8511083984375,366.4532528686523,359.979373011293,355.4392033336813,360.15329895019534,377.31779086715824,342.98880703323243,0.0953176992519318,57.37680255911252,5.151945630172406,4.572722767769306,0.5792228624031006,9.257048063664785,25.47488711828893,25.438290530060236,-0.16574316823371704
2022-08-10,367.61043651062255,367.8590907519916,362.249436497122,363.70159912109375,8286635,0.0,0.0,KOTAKBANK.NS,-0.008755768609366443,-0.008794325580269028,0.053288034666719275,361.2414093017578,351.77832580566405,353.9860778808594,366.1395506286621,360.3338707360359,355.7632188547563,361.2414093017578,376.15596112477687,346.32685747873876,0.08257387685341687,54.489493527979846,4.797909994784959,4.617760213172437,0.18014978161252237,9.204476152945947,25.246632842276018,25.46800004649662,-0.17304772801344576
2022-08-11,368.0307647002936,369.5534435518959,364.84609258814714,368.9264831542969,13891690,0.22,0.0,KOTAKBANK.NS,0.014365853891842528,0.01426364275004268,0.06841941667876728,362.3610092163086,351.7366149902344,354.0549368286133,365.82447174072263,361.15221477587033,356.27942529787555,362.3610092163086,375.9280355801294,348.79398285248783,0.07488127043890672,58.175766115814795,4.882654476890366,4.670739065916023,0.21191541097434285,9.054824559207532,24.787426591275814,25.487864212277135,-0.16116785249855967
2022-08-12,370.2202619353701,370.2202619353701,365.5427357246536,366.4782409667969,6982610,0.0,0.0,KOTAKBANK.NS,-0.006636124808844568,-0.006658241786737248,0.06132925208149409,363.07970428466797,351.67557861328123,354.18465118408204,365.51396072387695,361.6594553654824,356.6793788535195,363.07970428466797,375.8590201738556,350.30038839548035,0.07039399745224072,55.89131175742148,4.698105569259155,4.676212366584649,0.021893202674506007,8.645813226079728,24.882816773745425,24.9017076414878,-0.16673444732305034
2022-08-16,368.3194106587152,370.5785395840862,365.9507922024572,367.5033264160156,6568120,0.0,0.0,KOTAKBANK.NS,0.00279712499851148,0.002793220323930068,0.06429792266414269,363.6741027832031,351.6310656738281,354.2634475708008,365.15242904663086,362.21601451315223,357.1038473853821,363.6741027832031,376.09236265725144,351.2558429091548,0.06829334164303258,56.65873045766723,4.581749502884463,4.6573197938446125,-0.07557029096014922,8.07126363044856,24.883468042805255,24.705434729288193,-0.16440369941525915
2022-08-17,369.02598998230894,369.02598998230894,364.47787706217485,366.1796875,16916670,0.0,0.0,KOTAKBANK.NS,-0.003601705946240208,-0.003608207705412974,0.06046463450751216,363.6259368896484,351.51770935058596,354.40479736328126,364.8068569946289,362.5935071785663,357.45976268399454,363.6259368896484,375.99492074328623,351.2569530360106,0.06803136189590073,55.320326802096226,4.33278424387305,4.5924126838503,-0.2596284399772504,7.777336260929823,24.965772085840158,24.616366241852656,-0.16741327157973152
2022-08-18,366.04033503870164,380.57049083823404,364.6470390845709,379.0776672363281,18306580,0.0,0.0,KOTAKBANK.NS,0.035223089036931166,0.034616948454072836,0.09781747474928704,364.32909698486327,351.70667236328126,354.7857287597656,364.61504150390624,364.1634271840675,358.3075236468312,364.32909698486327,378.4983754239148,350.15981854581173,0.07778285377871001,64.19579310453615,5.1172482023162615,4.697379787543492,0.41986841477276915,8.499111833985056,26.482278839421618,25.25533986573072,-0.1380869951136172
2022-08-19,381.96381052196347,386.6313750369555,372.40976317347713,373.60400390625,22819530,0.0,0.0,KOTAKBANK.NS,-0.014439424432422965,-0.014544687441661439,0.08196562228205129,364.83018646240237,351.8364892578125,355.095810546875,364.4628453063965,365.06252972903724,358.9073856177888,364.83018646240237,379.5849851179998,350.07538780680494,0.08088584334902882,58.85274606035427,5.236894990123744,4.805282828059543,0.4316121620642015,8.410203134182789,26.324752624440112,25.336541866527384,-0.15053252281499668
2022-08-22,363.64190379057834,365.84132213226115,360.5268735794904,364.6570129394531,20813785,0.0,0.0,KOTAKBANK.NS,-0.0239477919755966,-0.024239202171399223,0.05605493463489375,365.1544616699219,351.7089904785156,355.31055419921876,364.22080825805665,365.02390908241017,359.1328611990305,365.1544616699219,379.57435515446656,350.7345681853772,0.07897969214780898,51.33210133865895,4.557235558831053,4.755673374213845,-0.1984378153827917,8.58766490747764,26.98855702293801,25.669357164092293,-0.17087539324865805
2022-08-23,363.0547023712005,372.0116443412621,362.25854190026956,369.37432861328125,11071500,0.0,0.0,KOTAKBANK.NS,0.012936308658381357,0.0128533493100146,0.06971638722953744,365.4505310058594,351.96785827636717,355.562922668457,364.0022087097168,365.43823475201697,359.5344873721384,365.4505310058594,379.96616522658206,350.9348967851367,0.07943966687239513,54.62449980373112,4.349114627282177,4.674361624827511,-0.32524699754533426,8.550431604494625,27.17447684667247,25.70162953937272,-0.16014958141946364
2022-08-24,368.4288780265987,372.9969146153428,366.51805044785567,371.73297119140625,7078125,0.0,0.0,KOTAKBANK.NS,0.006385507587871375,0.00636520660982916,0.07654706933706201,366.17833404541017,352.49052673339844,355.77303405761717,363.8342915344238,366.0377334605302,360.0128592866195,366.17833404541017,380.40406748439335,351.952600606427,0.07769838964431487,56.21929324790832,4.324648181420173,4.604418936146043,-0.2797707547258703,8.177728644338247,27.169949537247977,25.62826785041677,-0.1547867101989407
2022-08-25,373.2257966034015,379.2667634460714,369.45395080903455,371.9618835449219,11022045,0.0,0.0,KOTAKBANK.NS,0.0006157978206289272,0.0006156082949533221,0.07721000467616412,367.25525360107423,353.0084228515625,356.00383514404297,363.6481739807129,366.6019382304723,360.48144847321964,367.25525360107423,379.59520909333094,354.9152981088175,0.06720097464234402,56.37953110398597,4.274456388145836,4.538426426546002,-0.2639700384001662,8.244930160342603,26.788754568032452,25.464806773617653,-0.15426622969711448
2022-08-26,372.6784428745937,383.55614372582994,371.99174157781505,378.59002685546875,16715440,0.0,0.0,KOTAKBANK.NS,0.017819415385733617,0.017662510826509194,0.09640525720715676,368.73818054199216,353.6710174560547,356.2555633544922,363.4336799621582,367.74366095666244,361.19158880193527,368.73818054199216,378.70696483581906,358.76939624816526,0.05406971569461139,60.8478606740085,4.715161356784847,4.573773412593772,0.14138794419107548,8.437248485557282,26.96736595498919,25.254921949510685,-0.13919574833834467
2022-08-29,369.8221791568212,373.79308028452454,367.23461212983005,368.2298278808594,18198365,0.0,0.0,KOTAKBANK.NS,-0.027365218943193437,-0.027746620746237006,0.06640188729321461,368.96309967041014,354.3684967041016,356.2855285644531,363.1889181518555,367.78996256849075,361.46759817757936,368.96309967041014,378.6554014326967,359.2707979081236,0.05253805473200194,51.89887695148881,4.1802543757578405,4.495069605226585,-0.31481522946874474,8.859738367701185,28.066656295497232,25.679621754268755,-0.16275184515229763
2022-08-30,371.1856235089064,382.1628521353264,369.623127475321,381.2572021484375,19429250,0.0,0.0,KOTAKBANK.NS,0.035378378613568184,0.03476694310959133,0.10412945701609755,370.01990966796876,355.33527709960936,356.5131033325195,363.03032974243166,369.07255681419997,362.24366107839734,370.01990966796876,380.2472590646667,359.7925602712708,0.05527999510013009,59.887648531663935,4.7527502225006515,4.546605728681398,0.20614449381925315,9.390325539184476,29.643406263475597,26.06198553757334,-0.13313136293658415
2022-09-01,373.2059085276169,383.25759373827566,373.2059085276169,378.749267578125,21039210,0.0,0.0,KOTAKBANK.NS,-0.006578064771445513,-0.006599795589758101,0.09686642193178474,370.49976806640626,356.22961975097655,356.76095306396485,362.8810333251953,369.99414831552616,362.8909397646612,370.49976806640626,381.43197084020056,359.56756529261196,0.05901327728677485,57.89420526977609,4.9470613022600105,4.626696843397121,0.32036445886288956,9.707613464597992,28.348811417344333,25.877711430742135,-0.13883368097952195
2022-09-02,381.5558034657655,383.9542468376821,379.05780206709017,381.9339599609375,16656880,0.0,0.0,KOTAKBANK.NS,0.008408444993641018,0.00837329094317005,0.10608936290597004,370.85191345214844,357.178505859375,357.0664102172852,362.7271711730957,371.13127323413676,363.6377248703975,370.85191345214844,382.78739142105877,358.9164354832381,0.06436789206670973,59.72741476496472,5.296972095546437,4.760751893826985,0.536220201719452,9.661408809509059,28.343491391500812,25.905486470372935,-0.13159261135566194
2022-09-05,380.3715028652096,389.5274702900723,380.3715028652096,385.7257385253906,19033850,0.0,0.0,KOTAKBANK.NS,0.009927838218002139,0.009878880991778754,0.11707043915555349,371.72684478759766,358.2501727294922,357.373879699707,362.5697898864746,372.52122230949425,364.50392148431877,371.72684478759766,385.30465373410664,358.1490358410887,0.07305261450389602,61.85676878049889,5.81323243621955,4.971248002305498,0.8419844339140523,9.981297467662358,28.39045431577889,25.921530565000676,-0.12297120329388317
2022-09-06,387.12896414768295,388.1241798958168,380.1724157871311,381.3069763183594,13839270,0.0,0.0,KOTAKBANK.NS,-0.011455710018014265,-0.011521832132918476,0.1042736041348915,372.5355026245117,359.1761743164063,357.6392498779297,362.4046868896484,373.357960786529,365.1628648111439,372.5355026245117,386.38376030559635,358.68724494342706,0.0743459755299761,58.00761120779794,5.798968396741941,5.136792081192787,0.6621763155491536,10.218727233880694,28.22901531209629,26.007612662143664,-0.13301819086639638
2022-09-07,378.18199671563207,381.18753743997337,375.3356941608127,379.8240966796875,9881290,0.0,0.0,KOTAKBANK.NS,-0.0038889391770104975,-0.003896520763574482,0.09997915125363277,373.28642578125,360.0156262207031,357.85318939208986,362.261759185791,373.9737832525441,365.73781508049854,373.28642578125,386.997908939347,359.574942623153,0.07346360441261841,56.73177539281421,5.603415364473733,5.230116737848977,0.37329862662475577,10.320382179410164,28.02761054554781,25.93233484475956,-0.13638983038969146
2022-09-08,382.18273854491804,385.74562791155824,380.570493901335,384.1632385253906,12060915,0.0,0.0,KOTAKBANK.NS,0.011424082578316286,0.011359320511683231,0.11254540391198042,374.148876953125,360.96911376953125,358.15478057861327,362.16902313232424,374.94420756424375,366.4603807057884,374.148876953125,388.33446048191524,359.9632934243348,0.07582855062567762,59.536292596774246,5.732490083414007,5.330591406961983,0.4018986764520234,9.605959284996421,27.577509334027344,25.896240421132653,-0.1265238764965896
2022-09-09,388.1341392037896,388.2734839859619,381.4661815867871,383.4267578125,14089865,0.0,0.0,KOTAKBANK.NS,-0.0019171035618025245,-0.0019189435568526514,0.11041253915547378,375.1351348876953,361.9983813476563,358.5070932006836,362.14123306274416,375.7520694926491,367.12572882762026,375.1351348876953,389.00160766896005,361.26866210643055,0.07392788087106782,58.83918804583886,5.709538879465242,5.406380901462635,0.30315797800260746,9.076365751831881,26.857609618599753,25.84433997931408,-0.12819842068410747
2022-09-12,383.15807019455593,386.93987795953456,381.71499518415425,382.9590148925781,7418405,0.0,0.0,KOTAKBANK.NS,-0.0012199016119542883,-0.0012206462976161463,0.10905794510902367,375.8367614746094,363.12312683105466,358.9400662231445,362.0838021850586,376.43844524502333,367.74664200663824,375.8367614746094,389.80021538871756,361.8733075605012,0.07430595059047476,58.37172296891335,5.5891783713126415,5.442940395432636,0.14623797588000542,8.515490926733362,26.79924892229427,25.847077557033305,-0.12926193283601922
2022-09-13,384.7504272737032,386.14372329374703,382.1927154255949,382.839599609375,7922905,0.0,0.0,KOTAKBANK.NS,-0.0003118226195474305,-0.00031187124632934426,0.10871211575534989,376.65482940673826,364.1712854003906,359.3443939208984,361.99742752075196,377.04807899400924,368.33852269694165,376.65482940673826,390.2211875479118,363.0884712655647,0.07203602387120152,58.244497290465006,5.421658481976749,5.438684012741459,-0.017025530764709806,8.101055600101903,24.09714539702153,25.776301170744105,-0.129533448661062
2022-09-14,376.5895977779542,393.66750206235497,376.5895977779542,389.0696105957031,18712145,0.0,0.0,KOTAKBANK.NS,0.01627316242281318,0.016142173672117115,0.12675436809517748,377.73314361572267,365.317587890625,359.7323474121094,361.9186306762695,378.19298676559913,369.15150653610874,377.73314361572267,391.6603256867209,363.8059615447244,0.07374085280251029,62.79992969195096,5.72560635696783,5.496068481586733,0.22953787538109705,8.858129894167162,24.183715155909024,25.804183345188697,-0.11536820508749741
2022-09-15,391.61738069344796,395.5385330086431,382.75996697571253,384.9792785644531,18737490,0.0,0.0,KOTAKBANK.NS,-0.010513111072816272,-0.010568764227216693,0.11490867427161189,378.6731231689453,366.3695513916016,360.1452410888672,361.8898008728027,378.8393002702519,369.7722034783968,378.6731231689453,391.8336166355512,365.51262970233944,0.06950846342867761,58.302566157486574,5.572198788078026,5.5112945428849915,0.06090424519303461,9.069969422445284,23.51149444382685,25.8620470197661,-0.12466843740595737
2022-09-16,383.40689031995316,394.1054602639882,380.1923323239315,384.2130126953125,25844110,0.0,0.0,KOTAKBANK.NS,-0.0019904080863727414,-0.0019923915809606915,0.1126895510307746,378.92989044189454,367.43742004394534,360.5482843017578,361.80213745117186,379.35108240597197,370.33850972219744,378.92989044189454,392.32196528420315,365.53781559958594,0.07068365510406815,57.472213909510344,5.3273802099215,5.474511676292293,-0.14713146637079255,9.235602833813045,23.14803429993091,25.731112162143067,-0.12641070442640184
2022-09-19,382.7799273771301,386.1437619151216,379.68482056487943,384.0538024902344,8379560,0.0,0.0,KOTAKBANK.NS,-0.0004143800439273537,-0.00041446592306297576,0.11222847468574093,379.45238037109374,368.337197265625,360.92218414306643,361.77106735229495,379.79896050923503,370.87636434055185,379.45238037109374,392.78481741708873,366.11994332509875,0.07027199056153631,57.28964495460568,5.062159367827746,5.3920412145993835,-0.3298818467716371,8.885854735570437,22.4663403105553,25.71066211634159,-0.12677270239707603
2022-09-20,386.93987271605215,390.46294498660785,384.7504162818407,386.0939636230469,8063650,0.0,0.0,KOTAKBANK.NS,0.005312175324352797,0.0052981154912336665,0.1181368273440091,380.52422790527345,369.14251037597654,361.3188726806641,361.75870193481444,380.3984846153124,371.47313293986537,380.52422790527345,392.19119888686856,368.85725692367834,0.06132051588840989,59.08333533256961,4.959424731564695,5.305517917992446,-0.34609318642775033,8.348434609992328,22.292084133225398,25.281541583423596,-0.12213396589419848
2022-09-21,383.5561675034917,388.1341663086266,377.86353184943545,381.86431884765625,11191380,0.0,0.0,KOTAKBANK.NS,-0.01095496219547254,-0.01101540966571779,0.10588768067108978,381.1487274169922,369.8383642578125,361.62522491455076,361.714347076416,380.5380878755356,371.8806304264454,381.1487274169922,391.57376916286455,370.7236856711198,0.05470327458009295,54.018333708504066,4.485009410739792,5.1414162165419155,-0.6564068058021233,8.364073842030356,22.59253981017563,25.31216415853589,-0.13175095511051693
2022-09-22,379.28667209127826,383.07847216246375,374.4399760924975,376.7389221191406,9286135,0.0,0.0,KOTAKBANK.NS,-0.01342203624570748,-0.013512925973910985,0.09104441613744108,381.3990249633789,370.4456359863281,361.83039337158203,361.6941459655762,380.17626256540274,372.0711516692962,381.3990249633789,391.08649971331806,371.71155021343975,0.050799682830176746,48.583214123235855,3.653341720516835,4.843801317336899,-1.1904595968200642,8.60932504277387,22.967777660330473,25.24537075572904,-0.14340462526132444
2022-09-23,372.23062096620157,375.9328251399115,366.6176193702025,370.7577209472656,13068795,0.0,0.0,KOTAKBANK.NS,-0.015876249627277628,-0.01600362726342831,0.07372272263239577,381.3388168334961,371.0220025634766,362.00837280273436,361.6728825378418,379.2792586017706,372.01964458215775,381.3388168334961,391.2847682026574,371.39286546433476,0.05216333050880587,43.12954926659122,2.4829838444317147,4.371637822755862,-1.8886539783241476,8.678277565922116,23.320117781357126,25.27339228287119,-0.1570041472602471
2022-09-26,365.4432531722657,369.822196609127,361.5917425219027,364.0499267578125,11425880,0.0,0.0,KOTAKBANK.NS,-0.018092122727249138,-0.018257786359440246,0.054296799359494274,380.61181182861327,371.3723114013672,362.11678802490235,361.56640991210935,377.82884604520314,371.70710662826184,380.61181182861327,393.18294337080323,368.0406802864233,0.06605749559790672,37.98037642400782,1.002645985155823,3.697839455235855,-2.695193470080032,8.765007159970493,23.56874552498086,25.452669854380293,-0.1722557316865768
2022-09-27,364.68684194962646,365.2143050534666,356.6952611282902,358.1383056640625,13700720,0.0,0.0,KOTAKBANK.NS,-0.016238489996133865,-0.016371779187975267,0.037176611330139275,380.10723571777345,371.49299072265626,362.12232421875,361.4469891357422,375.9535564850945,371.17499678652854,380.10723571777345,395.30634522081255,364.90812621473435,0.07997274492466812,34.11477872759028,-0.6401713534951341,2.8302372934896574,-3.4704086469847915,8.946990143372615,23.952920315790198,24.9360242686878,-0.18569704870694145
2022-09-28,356.2872472661903,359.87003012865694,353.3214933244533,356.80474853515625,8855585,0.0,0.0,KOTAKBANK.NS,-0.0037235813868989887,-0.0037305311734993833,0.0333145998052633,378.8846130371094,371.51677856445315,362.15888458251953,361.3249784851074,374.12986048986227,370.6114576394159,378.8846130371094,397.2899828355043,360.47924323871445,0.09715554110714039,33.29162286813212,-2.0263641806301393,1.8589169986656982,-3.8852811792958377,8.991776255682108,23.945751813784188,24.56971161463206,-0.1887291720196732
2022-09-29,358.6757602923851,360.2681116113914,350.2662051918047,351.3708801269531,13998135,0.0,0.0,KOTAKBANK.NS,-0.015229249135589096,-0.015346405137437477,0.017577994329387447,377.5156936645508,371.20133605957034,362.15662261962893,361.19529296875,371.96233855053754,369.8569251879468,377.5156936645508,399.6569015097537,355.37448581934785,0.11729953597572527,30.104139628907816,-3.5227912067535385,0.7825753575818509,-4.305366564335389,9.219962257140102,24.29539288003383,24.585724322823417,-0.20108421757542128
2022-09-30,351.90830437458555,363.5423792226661,349.8581623062953,362.09930419921875,14023265,0.0,0.0,KOTAKBANK.NS,0.030533048351614633,0.0300761910443419,0.04864775243178565,376.52396087646486,371.1430328369141,362.2026641845703,361.1427723693848,371.02300194565004,369.55270475701633,376.52396087646486,399.58945326858935,353.45846848434036,0.12251805881587514,41.926460409630174,-3.799231073800456,-0.13378592869461048,-3.6654451451058456,9.824200410067997,23.714437642094655,24.991006354668762,-0.17669088336178362
2022-10-03,359.87000608372364,360.86522179171425,352.96320664054286,355.07305908203125,12200320,0.0,0.0,KOTAKBANK.NS,-0.019404193920576573,-0.019594926666437047,0.028299588089222505,374.9913269042969,370.9728497314453,362.15298065185544,361.0876446533203,369.50395976816253,368.98487551486005,374.9913269042969,399.5101471715905,350.4725066370033,0.13077006590902393,37.45790804966468,-4.5330171205922625,-1.0136321670741408,-3.519384953518122,10.19456395939112,23.993328287059683,25.08859598117598,-0.1926665331176102
2022-10-04,359.8700497124828,363.811095889877,358.67577856947764,362.7064208984375,8344610,0.0,0.0,KOTAKBANK.NS,0.02149800335778984,0.021270180655704653,0.05040597608677855,374.0612991333008,371.0635479736328,362.2772027587891,361.0438290405273,368.856575113903,368.7386616083337,374.0612991333008,398.979278499843,349.14331976675857,0.13322939007203968,44.39205062506664,-4.44733325599401,-1.700372384858115,-2.7469608711358955,9.59885913963719,23.92772842454245,25.359503145296607,-0.1753104755357164
2022-10-06,363.2537457185586,366.23939294364266,360.63632345844974,362.0395812988281,8740755,0.0,0.0,KOTAKBANK.NS,-0.0018385106002744012,-0.0018402027352114765,0.0484747935651515,373.1720733642578,371.03528076171875,362.35765747070315,361.00329360961916,368.20733760770537,368.4759525765884,373.1720733642578,398.4902568419325,347.85388988658315,0.1356917373233408,43.93379343850139,-4.382715344314704,-2.236840976749433,-2.145874367565271,9.086323671941642,23.610957470703518,25.132253919286118,-0.17682667596837925
2022-10-07,360.3676200832779,364.24895533631735,358.7155583352511,363.3333435058594,5319220,0.0,0.0,KOTAKBANK.NS,0.0035735380158983254,0.0035671680998370222,0.0522215580986678,372.1305786132813,371.1584094238281,362.3848080444336,361.03581634521487,367.7431476932438,368.27428163263824,372.1305786132813,397.25804371547656,347.003113511086,0.13504649467845958,45.11753113718524,-4.178937199340567,-2.6252602212676597,-1.553676978072907,8.487771462013752,23.55305269318896,24.87699708549445,-0.17388503480127893
2022-10-10,358.4966180562628,362.60686395606496,357.19288785575657,359.9197692871094,5188610,0.0,0.0,KOTAKBANK.NS,-0.009395158137185833,-0.009439571031733669,0.042335770164974695,370.9552291870117,371.3483349609375,362.3232180786133,361.1022950744629,366.99806403551673,367.9466536975195,370.9552291870117,396.057006901862,345.8534514721614,0.13533588821413056,42.564026872451784,-4.243966656490841,-2.949001508312296,-1.294965148178545,8.465022483432367,23.684437059254197,24.42946001321254,-0.18164651553881667
2022-10-11,360.23824386981556,360.23824386981556,354.9536507018461,355.8692321777344,7483590,0.0,0.0,KOTAKBANK.NS,-0.011254000071732273,-0.011317805493015379,0.030605323332768997,369.60074005126955,371.48708984375,362.2081930541992,361.15443908691407,365.93817528715647,367.47302932419456,369.60074005126955,394.89802523633585,344.30345486620325,0.13688979725287975,39.693272004433545,-4.569671138407784,-3.273135434331394,-1.2965357040763905,8.384697531403512,23.171500289448776,24.44066734941032,-0.19085626571164518
2022-10-12,355.88913181450516,360.8652101945414,354.33659778965966,360.3078918457031,5175590,0.0,0.0,KOTAKBANK.NS,0.012472726683356417,0.012395583026729485,0.0434597818491107,368.4741546630859,371.4186187744141,362.2636721801758,361.2030654907227,365.4019578165419,367.19204354072434,368.4741546630859,393.291299678385,343.6570096477869,0.13470222918614516,44.139409021396446,-4.418695575075674,-3.50224746248025,-0.9164481125954236,8.117410241809981,22.233456149279032,24.52624430866648,-0.18076403706631627
2022-10-13,359.2728961038631,361.44245921220977,356.8843843093436,358.57623291015625,5864895,0.0,0.0,KOTAKBANK.NS,-0.004806053308120228,-0.004817639519860659,0.03844485851266444,366.9494857788086,371.3877233886719,362.2108270263672,361.2299046325684,364.75188877783853,366.8541686140354,366.9494857788086,390.13198601949784,343.76698553811934,0.12635254245682906,42.813265212778596,-4.388192406923736,-3.6794364513689475,-0.7087559555547882,7.8259515870171175,19.45483120986101,24.53821810438498,-0.18470132877610476
2022-10-14,363.8508947864882,369.82218945900746,362.7561513555446,365.0451354980469,8351190,0.0,0.0,KOTAKBANK.NS,0.01804052247241783,0.01787972330114158,0.05717894631902887,365.9527786254883,371.30558410644534,362.1726416015625,361.31614212036135,364.779817036906,366.7832261388986,365.9527786254883,387.52990651008605,344.37565074089053,0.1179230170933039,48.98002821905878,-3.7982482094011516,-3.7031988029753884,-0.0950494064257632,7.906284001296622,20.240679283844337,24.708645485996307,-0.16999291477615766
2022-10-17,363.86083225712116,370.6581731455305,362.3082980465383,369.85205078125,5521415,0.0,0.0,KOTAKBANK.NS,0.013168002572188309,0.01308205808234447,0.07109988140342116,365.23473052978517,371.2048040771484,362.12623016357423,361.4014988708496,365.26288691731975,366.9035722033045,365.23473052978517,385.14466161697686,345.3247994425935,0.10902539886232437,53.03301494165217,-2.9092987077316934,-3.5444187839266497,0.6351200761949563,7.847990906555855,20.48155356565108,24.787033189427756,-0.15906337934299555
2022-10-18,371.70312526111286,373.3850423287575,369.24494111390726,370.1605529785156,8049290,0.0,0.0,KOTAKBANK.NS,0.0008341232571618118,0.0008337755696871152,0.07199331072524306,364.5400680541992,371.2434729003906,362.03327239990233,361.48695587158204,365.72933130410036,367.0312969395873,364.5400680541992,382.56566727048073,346.51446883791766,0.09889502304916188,53.289478791315595,-2.155064037322859,-3.266547834605892,1.1114837972830331,7.5352092843897,20.22830793280342,24.759465443077655,-0.1583619345499065
2022-10-19,372.0116569499521,373.69357409550645,369.22506483567184,372.0813293457031,4566430,0.0,0.0,KOTAKBANK.NS,0.00518903581630159,0.005175619162932205,0.07755592240943199,363.83943634033204,371.38242309570313,361.957333984375,361.5926594543457,366.33428349853875,367.22933742610167,363.83943634033204,379.2350139039529,348.4438587767112,0.08462841586649766,54.939291760687766,-1.3863559780837136,-2.8905094633014565,1.504153485217743,7.386635888363339,20.076376752042073,24.710797340494427,-0.15399464448392322
2022-10-20,370.2202546949917,374.7882912897845,369.294711347432,370.9268493652344,7955535,0.0,0.0,KOTAKBANK.NS,-0.003102762459215258,-0.0031075860067867403,0.07421252234567488,363.2925628662109,371.50484741210937,361.79515533447267,361.7014923095703,366.7716707239383,367.374337894303,363.2925628662109,376.6319916593689,349.9531340730529,0.07343628885720119,53.71134285457614,-0.8603881696791404,-2.4844852045769934,1.624097034897853,7.064612568560899,20.066949129135303,23.797572308433946,-0.15661959814131354
2022-10-21,372.21068460889296,383.15805768562507,371.47423468445277,378.7094421386719,19709855,0.0,0.0,KOTAKBANK.NS,0.020981475961515894,0.02076439598318739,0.09675108656083009,363.3910888671875,371.740751953125,361.7963397216797,361.8086079406738,367.9086013348653,367.818851786239,363.3910888671875,377.1705408033679,349.61163693100707,0.07583813889952891,60.17368500219578,0.18233347603654693,-1.9511214684542855,2.1334549444908326,6.960826240276605,20.748852704791627,23.45636033147222,-0.13892423251330188
2022-10-24,378.6796243897551,381.1676639718165,376.19158480769363,377.3460388183594,3245405,0.0,0.0,KOTAKBANK.NS,-0.0036001302545112246,-0.0036066263192419032,0.09280263979243442,363.7205047607422,372.0136407470703,361.8959832763672,361.8807090759277,368.8074049047219,368.19246696396925,363.7205047607422,378.51880635397345,348.92220316751093,0.08137183029021518,58.629441275449246,0.8884412415605425,-1.3832089264513199,2.2716501680118624,6.6636820692371055,20.765313622421527,23.46963321328496,-0.14202421743525723
2022-10-25,380.3714847415616,380.49090577617324,366.63748870128916,367.5531005859375,17558250,0.0,0.0,KOTAKBANK.NS,-0.025952142662178157,-0.026294841702919257,0.0644420697829362,363.8956634521484,371.9861730957031,361.86139404296875,361.87584716796874,368.687947350552,368.1673937726739,363.8956634521484,378.7929813193545,348.99834558494234,0.08187686396633881,48.91860461345416,0.650331839979458,-0.9765007731651645,1.6268326131446225,7.029066374025559,22.04285205953557,23.897451961702775,-0.16429052734507135
2022-10-27,374.9375510806213,375.7934523712314,368.12034786958,371.2154541015625,22967460,0.0,0.0,KOTAKBANK.NS,0.009964148064012024,0.009914833256811136,0.07504832817181684,364.5495208740234,372.08091735839844,361.87824798583983,361.8201216125488,368.9286622792197,368.2869255502774,364.5495208740234,379.53055768841426,349.56848405963257,0.08218931012979064,52.113012311491445,0.7485212577651623,-0.6314963669790992,1.3800176247442615,7.21744368117563,22.28176614918752,23.161609515229717,-0.1559633944210402
2022-10-28,373.0068476132822,377.1569106171355,372.41967397062587,375.04705810546875,15243435,0.0,0.0,KOTAKBANK.NS,0.010321779337500114,0.010268873516531865,0.08614473979235471,365.4616363525391,372.2317919921875,361.9314288330078,361.8136408996582,369.51136664362434,368.5520287877358,365.4616363525391,380.6767752856707,350.24649741940743,0.08326531389168576,55.26496989224209,1.122575152264858,-0.28068206313030775,1.4032572153951657,7.246590789354684,21.946675692965126,23.206215717883875,-0.14725143482548153
2022-10-31,377.9829253817564,380.57049237650034,375.99249390450314,378.57012939453125,9371740,0.0,0.0,KOTAKBANK.NS,0.009393677974329773,0.009349831752370294,0.09634763371147637,366.821598815918,372.47960083007814,361.998655090332,361.81249221801755,370.37410595323456,368.94489547819836,366.821598815918,381.58941853434584,352.0537790974901,0.08051772178136539,58.00222114875529,1.6838871650058422,0.11223178249692226,1.57165538250892,7.20251783370674,21.96551622211339,23.24239130015887,-0.13924098941116037
2022-11-01,379.77437202774644,386.44229995754637,378.85876008805445,380.0132141113281,12727085,0.0,0.0,KOTAKBANK.NS,0.0038119349751786213,0.0038046879619747643,0.10052683960137543,367.71729431152346,372.4983117675781,362.1024920654297,361.7750941467285,371.29211625400535,369.3789471893015,367.71729431152346,383.42242998250816,352.01215864053876,0.08541961944101327,59.10599884511889,2.2195898057866543,0.5337033871548686,1.6858864186317857,7.387344790495713,21.99490404193987,23.24560482291639,-0.1359598320334967
2022-11-02,381.91403446323767,382.1628383944841,377.6843676320487,380.1624450683594,9320405,0.0,0.0,KOTAKBANK.NS,0.0003926993890994712,0.0003926223028748536,0.10095901581897437,368.97176361083984,372.6294805908203,362.2329849243164,361.74953231811526,372.13690947442,369.8018294590685,368.97176361083984,384.4305362112098,353.5129910104699,0.08379379738485665,59.22534196843038,2.625909845069998,0.9521446787378945,1.6737651663321036,7.240906101749545,21.99569916071397,23.201536479125956,-0.13562052398737884
2022-11-03,379.13739641691535,380.7695648803786,376.90812278055137,378.21185302734375,7959355,0.0,0.0,KOTAKBANK.NS,-0.005130943538267929,-0.005144152029785465,0.09531005727086028,369.74703521728514,372.9005773925781,362.3047839355469,361.69452377319334,372.71547552707943,370.1316343048832,369.74703521728514,385.436311815403,354.0577586191673,0.08486492171004366,56.88837005798779,2.7587240737714183,1.3134605577445995,1.4452635160268188,7.191146615818192,21.974589247013228,23.197900863915038,-0.1400556062744372
2022-11-04,379.37626052714006,379.7743407575245,377.0474289176629,378.1720275878906,10407065,0.0,0.0,KOTAKBANK.NS,-0.00010529928962921264,-0.00010530483398862567,0.09519472189990585,370.5536575317383,373.0765313720703,362.52219482421873,361.66940353393557,373.23514715191857,370.4469438453933,370.5536575317383,386.2332890405281,354.87402602294844,0.08462812977333445,56.83905590441781,2.8281653965438522,1.6164015255044502,1.211763871039402,6.582643422318934,21.753980766347265,23.168639660458794,-0.14014615780821713
2022-11-07,379.7743719401456,380.1724522032157,372.53913332035347,374.7186584472656,13123005,0.0,0.0,KOTAKBANK.NS,-0.009131741347057742,-0.0091736912763019,0.08519368697485308,371.12292327880857,373.1362451171875,362.81338592529295,361.61523025512696,373.37643394195163,370.6144620650746,371.12292327880857,386.52302265219,355.72282390542716,0.08299190595570935,52.58251730114429,2.5748587476513194,1.8080929699338242,0.7667657777174952,6.531460835452508,21.562651341076734,23.217888542670526,-0.1479981206913863
2022-11-09,377.783928561535,378.89856541226635,374.34049035375926,376.8683166503906,11613170,0.0,0.0,KOTAKBANK.NS,0.005736725819932786,0.005720333470762063,0.0914191456185498,371.97035064697263,373.2343737792969,363.1213983154297,361.5725511169434,373.7089941998982,370.85971126449874,371.97035064697263,386.621815535967,357.31888575797825,0.0787775953836692,54.84917779828347,2.5185387084816853,1.9501821176433967,0.5683565908382886,6.561316109999426,21.092432801386057,23.094388020758398,-0.14311041951172532
2022-11-10,377.1867591549145,381.16762204837005,376.5299131329055,380.600341796875,12550620,0.0,0.0,KOTAKBANK.NS,0.009902729896889895,0.009854019182565746,0.10222717462190456,373.2069061279297,373.274580078125,363.47279876708984,361.543857421875,374.36531301865784,371.24169677557234,373.2069061279297,386.2195324113034,360.194279844556,0.06973411300654328,58.55339759821275,2.7434234335415226,2.1088303808230218,0.6345930527185009,6.57340179968728,20.484930818356453,22.94899890097136,-0.13462487344469068
2022-11-11,384.75043049377655,384.9295620468009,376.3707001783643,378.00286865234375,17120150,0.0,0.0,KOTAKBANK.NS,-0.00682467370435913,-0.006848068290981038,0.09470483380703243,374.0916549682617,373.4700408935547,363.9192687988281,361.5384797668457,374.71174688853273,371.50684077073987,374.0916549682617,385.7469783973957,362.4363315391277,0.0623126620139273,55.161385154767366,2.681145250095369,2.2232933546774913,0.45785189541787785,6.792350508693285,19.948723638353908,22.936300372303105,-0.1405307763152992
2022-11-14,378.7492830164823,383.8945316770289,378.38105803117764,382.7201843261719,10711335,0.0,0.0,KOTAKBANK.NS,0.012479576386936753,0.012402348325418226,0.10836628640167612,375.2988525390625,373.4993005371094,364.4172888183594,361.5696685791016,375.4744552159269,371.946579733698,375.2988525390625,385.0304922869687,365.56721279115635,0.05186074874499259,59.7246267921857,2.9781075219447644,2.374256188130946,0.6038513338138185,6.339525844714318,20.105555724081924,23.005218136522533,-0.1298049644861048
2022-11-15,383.1580793426689,384.81014119948867,377.2464951173702,380.650146484375,9951460,0.0,0.0,KOTAKBANK.NS,-0.005408750117116057,-0.005423430364485413,0.1023714101202935,376.07910308837893,373.53731811523437,364.88346893310546,361.5893634033203,375.96737819387437,372.28789607686184,376.07910308837893,384.79894945601546,367.3592567207424,0.046372405677575564,56.98404612185041,3.01170049943903,2.5017450503925627,0.5099554490464673,6.5243520531425725,19.550359051640868,23.035841782948904,-0.1345116319863544
2022-11-16,380.9685753760002,391.8463065609155,380.95864387121185,391.2989196777344,32188255,0.0,0.0,KOTAKBANK.NS,0.027975224209709992,0.027591065779223354,0.13321049748078284,377.1514465332031,373.7246173095703,365.45156158447264,361.7248138427734,377.427525001861,373.03342641415094,377.1514465332031,387.7248779884753,366.5780150779309,0.05606995042688437,65.70278990461134,3.85317319524313,2.7720306793626763,1.0811425158804537,6.334547981832316,19.246123419344816,23.42791701689658,-0.1102994008402766
2022-11-17,390.88096799796034,391.11981007146613,386.79061525971866,388.2436218261719,12043355,0.0,0.0,KOTAKBANK.NS,-0.007808091711775655,-0.00783873447174074,0.12436228598770604,378.05559997558595,373.77497497558596,366.01257385253905,361.8213656616211,378.4576294613192,373.62990466560274,378.05559997558595,389.18972761235517,366.9214723388167,0.058902064339151385,61.83051751256027,4.224808405275553,3.0625862245452518,1.1622221807303013,6.067973169883873,18.364190205630646,23.15873075082311,-0.1172462647145375
2022-11-18,390.3136933933663,397.598680457281,387.7161643198102,390.0350341796875,21360200,0.0,0.0,KOTAKBANK.NS,0.004614144966733624,0.0046035324325058675,0.12955025657038144,378.95328521728516,373.9495361328125,366.5628552246094,361.89246063232423,379.56023943449713,374.2732430779198,378.95328521728516,390.9229833626186,366.9835870719517,0.0631724205186411,63.20000035813009,4.610734317059837,3.372215843048169,1.2385184740116681,6.349477428590855,17.52269976539424,22.95622260547917,-0.11317311101000486
2022-11-21,389.03977501156305,389.03977501156305,384.71058061910276,386.95977783203125,5963050,0.0,0.0,KOTAKBANK.NS,-0.007884564406179684,-0.007915811941294704,0.12064424482243541,379.754931640625,374.09224975585937,367.05393798828123,361.9391780090332,380.26495737711946,374.7707542447477,379.754931640625,391.6082230935347,367.90164018771526,0.06242600406373078,59.268700486822844,4.615234347652574,3.6208195439690503,0.9944148036835241,6.335264520701794,17.738563130872585,23.006026158326392,-0.12016535473337847
2022-11-22,388.9004489648231,388.9004489648231,384.1731741368724,386.0939636230469,5833775,0.0,0.0,KOTAKBANK.NS,-0.002237478566467943,-0.002239985461750025,0.11813682734400954,380.12415771484376,374.1308642578125,367.54998901367185,362.02239517211916,380.82010082911256,375.2148016713477,380.12415771484376,392.29609422183887,367.95222120784865,0.06404189925822122,58.17157083841166,4.497096949278898,3.79607502503102,0.7010219242478781,6.1106291110543385,17.78168640409231,23.007003473823094,-0.12213396589419848
2022-11-23,388.2336840684525,390.4231405740053,387.26832354147894,388.80096435546875,12502815,0.0,0.0,KOTAKBANK.NS,0.007011248523597136,0.006986784005315745,0.12597636252390476,380.69690399169923,374.23834838867185,368.11836486816406,362.0942324829102,381.5801830697179,375.74759236484266,380.69690399169923,393.3854769278557,368.0083310555428,0.06665971171876466,60.62568044671632,4.569233268817129,3.9507066737882424,0.6185265950288867,6.099965267377412,17.49447953548293,22.90144565289855,-0.11597902895865805
2022-11-24,389.02982892426394,389.38812238593863,384.7603448711213,387.10906982421875,7002105,0.0,0.0,KOTAKBANK.NS,-0.004351569791126275,-0.004361065428247637,0.12107659779922342,381.6747024536133,374.3213494873047,368.7222381591797,362.0976347351074,382.1067437130037,376.1931405005045,381.6747024536133,393.04394953365795,370.30545537356863,0.05957558626210715,58.32249916225755,4.438713348369106,4.048308008704415,0.3904053396646905,6.154703511305278,17.128863769226296,22.83289810187915,-0.11982590791096362
2022-11-25,387.9350924354795,387.9350924354795,382.16285315622883,383.8348083496094,10487705,0.0,0.0,KOTAKBANK.NS,-0.008458240144298856,-0.008494214051728633,0.11159426271488404,382.3056701660156,374.34125366210935,369.25626953125,362.11803512573243,382.27132129744234,376.492813749489,382.3056701660156,392.5786979813949,372.0326423506363,0.053742482087269325,54.04352266450026,4.024675875988066,4.043581582161146,-0.018905706173079295,6.372226899833066,17.182801517149752,22.753331262970462,-0.12727063175064288
2022-11-28,381.3666976498882,386.73089489125095,381.3666976498882,383.7850646972656,7822520,0.0,0.0,KOTAKBANK.NS,-0.00012959651199340172,-0.0001296049103469682,0.11145020397568439,382.7425704956055,374.2355627441406,369.7765753173828,362.162903137207,382.41548733552077,376.77878437489204,382.7425704956055,392.4430886426732,373.04205234853777,0.05068951768028691,53.97872857057893,3.6504541361750285,3.9649560929639227,-0.31450195678889425,6.210146782583105,17.070978558520835,22.704041600737785,-0.12738373443268214
2022-11-29,384.4717499966087,385.9446498464567,382.80972635582947,383.26751708984375,6817525,0.0,0.0,KOTAKBANK.NS,-0.0013485350396064133,-0.0013494451312686133,0.10995137443084557,382.9774398803711,374.2013275146484,370.285439453125,362.2606332397461,382.49663302640863,377.0332444813608,382.9774398803711,392.47800252470034,373.47687723604184,0.04961421564307755,53.263217287577866,3.274373999419822,3.8268396742551025,-0.5524656748352803,6.108493099163114,16.432708948213637,22.07318994990978,-0.12856048804293016
2022-11-30,385.94468380292557,389.12938658344115,381.36671531685226,387.5469970703125,14753670,0.0,0.0,KOTAKBANK.NS,0.011165777921810172,0.011103900801582892,0.12234484498174836,383.3541290283203,374.26800720214845,370.8527136230469,362.3903532409668,382.977620078209,377.44554850445695,383.3541290283203,392.95670110013134,373.75155695650926,0.05009765824696073,58.19747398021663,3.2837925345986037,3.718230246323803,-0.4344377117251992,6.331704695671996,16.320907505997273,22.11703927312679,-0.11883018798012696
2022-12-01,389.1293322640689,390.47287951116215,383.7253183916251,385.0091247558594,12355025,0.0,0.0,KOTAKBANK.NS,-0.00654855368158791,-0.006570089529841191,0.11499510951513181,383.5964630126953,374.28711364746096,371.312155456543,362.4902766418457,383.1710967141757,377.7421593378453,383.5964630126953,393.10404728201235,374.0888787433783,0.049570760870140576,54.52132756438998,3.051298238960726,3.584843844851188,-0.533545605890462,6.202326070750599,16.4907803586643,22.137133727720183,-0.12460057579673381
2022-12-02,381.5856489902838,385.1286147490492,381.5856489902838,384.3125305175781,7954840,0.0,0.0,KOTAKBANK.NS,-0.0018092928024056043,-0.0018109315495753115,0.11297775688876865,383.90149688720703,374.25148498535157,371.6969976806641,362.5546905517578,383.2798046954521,377.99982095273674,383.90149688720703,393.06699360865315,374.7360001657609,0.04774921064785015,53.52198209640474,2.7788031878833976,3.4236357134576303,-0.6448325255742327,6.034561980327758,16.47445025967019,21.98360869017801,-0.12618442967417476
2022-12-05,386.54183034567325,386.9299791058116,382.1628866768169,385.8352355957031,6227545,0.0,0.0,KOTAKBANK.NS,0.003962153084299036,0.003954324427844185,0.11738754514098182,384.28465728759767,374.3309033203125,372.0846337890625,362.66545822143553,383.5231790669046,378.30709211520605,384.28465728759767,393.0746798288401,375.49463474635525,0.04574745504171399,55.444503205754216,2.6551119924124578,3.269930969248596,-0.6148189768361383,5.834808147961772,16.443914057762242,21.864725295400437,-0.12272223861709976
2022-12-06,382.2723054656975,386.7607381972765,382.2723054656975,385.1982421875,6833490,0.0,0.0,KOTAKBANK.NS,-0.0016509466980630938,-0.0016523110123765952,0.11554279786287447,384.8086364746094,374.5000897216797,372.4728628540039,362.85400283813476,383.6827088879137,378.5773332945117,384.8086364746094,392.35974761064375,377.257525338575,0.03924605853555267,54.43020120231099,2.4771309606350655,3.11137096752589,-0.6342400068908245,5.355684766178809,15.371243151121798,21.65534621059385,-0.12417057744053904
2022-12-07,384.6509096160344,384.6509096160344,379.27675032960815,380.4610595703125,11811400,0.0,0.0,KOTAKBANK.NS,-0.012298037992815147,-0.012374284629626602,0.10182381015214559,384.98827362060547,374.6941564941406,372.8580795288086,362.9529681396484,383.37588514338023,378.65120491317055,384.98827362060547,391.88676976549453,378.0897774757164,0.03583743515101101,47.47452597081955,1.9315628100295044,2.875409336026613,-0.9438465259971087,5.456626726169962,15.779632054781509,21.511661425353413,-0.13494156095440069
2022-12-08,377.963025701014,379.13737296384204,373.62389973128035,377.5848388671875,63099190,0.0,0.0,KOTAKBANK.NS,-0.007559829398502305,-0.007588549747620808,0.09349421012018766,384.8374984741211,374.9648547363281,373.1685830688477,363.020693359375,382.8243569266,378.6093866368575,384.8374984741211,392.2522940755549,377.4227028726873,0.03853468350061228,43.81356800344416,1.2526691566273485,2.55086130014676,-1.2981921435194117,5.23910127628149,13.907861308945247,21.541608292328462,-0.14148125517332014
2022-12-09,380.96854701042724,381.51593385285184,374.05181631446914,375.8033752441406,13242275,0.0,0.0,KOTAKBANK.NS,-0.004718048607013858,-0.0047292137305824395,0.08833505128535246,384.72752380371094,375.3181561279297,373.40557342529297,363.0921929931641,382.155692004461,378.49934697439807,384.72752380371094,392.6190582389017,376.8359893685202,0.04102401802277621,41.67018882269668,0.56438592939827,2.153566225997062,-1.589180296598792,5.391934417552774,13.729402795132456,20.38666671723827,-0.14553178834144492
2022-12-12,371.21550031286347,374.141437249077,370.8174200597655,371.3647766113281,16407235,0.0,0.0,KOTAKBANK.NS,-0.011810959999837611,-0.01188126350412032,0.07548076952820004,384.1597534179688,375.60935668945314,373.5630676269531,363.13229904174807,381.1279857765436,378.21955990133654,384.1597534179688,394.0422082195962,374.27729861634134,0.051449714415425736,36.83508639447738,-0.33537530400445803,1.6557779199967582,-1.9911532240012162,5.410411585868802,13.843955716273094,20.41623204544899,-0.15562387821047688
2022-12-13,370.9666727764429,372.5590240591879,369.86199786645034,371.9121398925781,34697825,0.0,0.0,KOTAKBANK.NS,0.0014739235267400286,0.0014728383676221922,0.07706594593696403,383.7228530883789,376.02018188476563,373.61075897216796,363.1745950317383,380.2502861685469,377.9722100970715,383.7228530883789,394.9409577653692,372.50474841138856,0.05846982834981983,37.793668395401745,-0.9928301931631722,1.126056297364772,-2.1188864905279443,5.293829388853027,13.549613326152294,19.986674049030636,-0.15437933237915377
2022-12-14,372.42962177346556,373.3949822207101,370.96665347447794,372.8476257324219,18735705,0.0,0.0,KOTAKBANK.NS,0.002515340962287338,0.0025121827870255246,0.07977513402986403,382.80028839111327,376.2351483154297,373.68909057617185,363.2069972229004,379.5452708889159,377.7712460043402,382.80028839111327,394.4225824598705,371.177994322356,0.06072249379751018,39.48399207644708,-1.4219902223096028,0.6164469934298971,-2.0384372157395,5.136725905382657,13.51846530337334,19.820904349540726,-0.15225230807533027
2022-12-15,373.3153926950209,374.5594124734638,369.20517685916985,370.85723876953125,10208995,0.0,0.0,KOTAKBANK.NS,-0.005338338842793222,-0.005352638687910286,0.07401092849039004,381.93096923828125,376.5508319091797,373.7618408203125,363.1853363037109,378.7178392584983,377.50010846572025,381.93096923828125,394.4084133662133,369.4535251103492,0.06533873989227397,37.169744366538445,-1.9007990031840336,0.11299779410711092,-2.0137967972911444,5.106868500742893,13.58379923619787,19.61296761350652,-0.15677787250802006
2022-12-16,369.16532394910024,369.6131831745716,365.2839886907856,366.3488464355469,12439140,0.0,0.0,KOTAKBANK.NS,-0.012156678804336685,-0.012231175595456006,0.06095452260038492,380.74665985107424,376.62368041992187,373.84361419677737,363.23189208984377,377.5398399420268,377.0628040723801,380.74665985107424,394.4240427556273,367.0692769465212,0.07184505786552577,32.520195636134176,-2.6139163937234002,-0.43238504345899137,-2.1815313502644087,5.121800846270243,13.927154847804532,19.669347192094694,-0.16702865307264947
2022-12-19,366.34887174479576,371.01643625339926,366.33894023951655,369.85205078125,8568235,0.0,0.0,KOTAKBANK.NS,0.009562482261888272,0.009517051121741936,0.07109988140342116,379.89127349853516,376.7799298095703,373.90760528564454,363.23444702148436,376.80766954576234,376.78002943351225,379.89127349853516,394.0634647290747,365.7190822679956,0.07461182827404017,38.914426824153864,-2.863380482452044,-0.918584131257602,-1.944796351194442,5.23198459793135,14.26049209919144,19.7319129344754,-0.15906337934299555
2022-12-20,367.23458394378264,370.60837965918176,365.19440395939046,367.652587890625,7052930,0.0,0.0,KOTAKBANK.NS,-0.005946872231690992,-0.005964625294817622,0.06473018726133573,378.9692047119141,376.86631469726564,374.0123620605469,363.2398796081543,375.9357570071778,376.42209054947745,378.9692047119141,393.8253578868004,364.11305153702773,0.07840295723331789,36.57132548549565,-3.2016541673752954,-1.375198138481141,-1.8264560288941545,5.064220628874381,14.126146589420236,19.736069145048884,-0.16406432198099277
2022-12-21,370.3198204680468,370.40938624913736,360.06907908397335,361.1837463378906,11914345,0.0,0.0,KOTAKBANK.NS,-0.017594984411367198,-0.017751616157836558,0.04599627621416036,377.58834381103514,376.89159423828124,374.1199645996094,363.2495199584961,374.53080361010285,375.82450842353285,377.58834381103514,393.67935869069936,361.49732893137093,0.08523046404057957,30.713863915615022,-3.9462302646999774,-1.8894045637249084,-2.056825700975069,5.320845346419162,14.818743686086972,19.90306897030471,-0.17877259720464292
2022-12-22,363.4528065322121,365.24418274582337,362.0594801754316,363.4627380371094,8570465,0.0,0.0,KOTAKBANK.NS,0.0063097847628135195,0.006289961414611215,0.05259628757977608,376.40602722167966,377.04346435546876,374.26527709960936,363.284231262207,373.4767021269606,375.3397331142614,376.40602722167966,393.0180372945247,359.79401714883466,0.08826644034082681,34.68299913873504,-4.302816413211019,-2.3720869336221306,-1.9307294795888885,5.357807535645402,14.61636048022469,19.78372139472195,-0.1735908290516798
2022-12-23,361.4523964787356,366.07018158418595,360.6562360586289,362.64666748046875,10510630,0.0,0.0,KOTAKBANK.NS,-0.0022452660788498946,-0.0022477904680571308,0.05023292884054986,375.3466201782227,377.0902398681641,374.2544293212891,363.3547465515137,372.44527025586615,374.8419658345048,375.3466201782227,392.65187340803885,358.0413669484065,0.09220945280711075,33.933370448345215,-4.598257725956387,-2.817321092088982,-1.7809366338674049,5.404011328257001,14.531238288260209,19.756203741672493,-0.17544633753046052
2022-12-26,362.64668649212894,363.4727022120039,357.1232207840131,360.9747009277344,23733690,0.0,0.0,KOTAKBANK.NS,-0.004610456134480856,-0.004621117067829153,0.04539087599114322,374.2061019897461,377.1382092285156,374.2629663085938,363.4569352722168,371.35283508175837,374.29815152443535,374.2061019897461,392.164065077146,356.2481389023462,0.09597899655784858,32.38879575441268,-4.910703291704806,-3.2359975320121466,-1.6747057596926593,5.5369433780007045,13.951390660322613,19.764960543642633,-0.1792479060218019
2022-12-27,362.7860147101209,363.8409410294155,359.6709843936551,362.43768310546875,7741430,0.0,0.0,KOTAKBANK.NS,0.004052866236814889,0.004044675497636713,0.04962770537672201,373.1646102905273,377.08606018066405,374.19582214355466,363.5552992248535,370.5037729887784,373.8330351158484,373.1646102905273,391.3247889466662,355.0044316343884,0.09733065867098323,35.169516095405,-4.9828292644610315,-3.5853638785019237,-1.3974653859591077,5.411833719277029,14.014610882231343,19.768314279095147,-0.17592150757132252
2022-12-28,363.1343131691583,364.527609089016,361.31305141155207,362.2784118652344,9521340,0.0,0.0,KOTAKBANK.NS,-0.00043944448289623406,-0.0004395410669195886,0.04916645227249927,371.90118103027345,376.93458740234377,374.06969573974607,363.6369526672363,369.72040526272656,373.3799126354322,371.90118103027345,389.35031684761356,354.45204521293334,0.09383748537179136,35.00074466295929,-4.995259236474396,-3.8673429500964183,-1.1279162863779781,5.1530764220221545,10.872088356286348,18.846388729014063,-0.17628364431829371
2022-12-29,361.14390224991587,362.25853904907643,358.4767312845567,362.0097351074219,10772450,0.0,0.0,KOTAKBANK.NS,-0.0007416306051171162,-0.0007419057491395687,0.0483883583216318,370.75121154785154,376.77157104492187,374.00752197265626,363.7020950317383,368.9860557241261,372.9340233206083,370.75121154785154,387.5836209897176,353.9188021059855,0.09080164227430204,34.698250124823986,-4.969504691108341,-4.087775298298803,-0.8817293928095378,4.891473782186081,10.767092233238582,18.696953273826196,-0.17689453757760285
2022-12-30,363.2736332766287,365.8413068571246,362.71631489993894,363.70159912109375,13463440,0.0,0.0,KOTAKBANK.NS,0.004673531813087495,0.004662644770731461,0.05328803466671861,369.72066497802734,376.6039764404297,373.9931997680664,363.7670932006836,368.4827741428849,372.57196746964695,369.72066497802734,385.5511131527235,353.8902168033312,0.08563464082072307,38.313595153609185,-4.757730585345087,-4.22176635570806,-0.5359642296370266,4.809017822566623,10.770422706056877,18.279912871467076,-0.17304772801344576
2023-01-02,363.8110894576031,364.84612240513616,361.55196050028775,363.26373291015625,5625005,0.0,0.0,KOTAKBANK.NS,-0.0012039161004395726,-0.0012046413896113356,0.052019964243382955,368.59208984375,376.4507141113281,373.97778076171875,363.8042907714844,367.98572259691076,372.20693866339246,368.59208984375,382.7111596175562,354.4730200699438,0.07661081267257476,37.731373690209615,-4.572521048251019,-4.291917294216653,-0.28060375403436666,4.851670373431683,10.642976257236992,18.1500397719677,-0.17404330916798544
2023-01-03,362.70640108011605,365.5427417395159,362.4575971365494,364.8162536621094,8317240,0.0,0.0,KOTAKBANK.NS,0.004273811590041365,0.00426470479521786,0.05651609935952129,367.57299041748047,376.1728503417969,373.95680114746096,363.9039547729492,367.68386841264396,371.91710787902844,367.57299041748047,379.4018133242882,355.74416751067275,0.06436176332419216,41.14636246225974,-4.251457549821964,-4.283825345337715,0.03236779551575086,4.898585791769851,10.800869283364593,18.132036329950413,-0.17051332588983534
2023-01-04,365.224283954593,365.224283954593,361.05432756563965,362.4078063964844,8320520,0.0,0.0,KOTAKBANK.NS,-0.006601809106497991,-0.006623697436474295,0.04954118175360778,366.6703277587891,375.87408569335935,373.94386322021484,363.9649705505371,367.18138631586686,371.54419409539923,366.6703277587891,377.021079533547,356.3195759840312,0.056458082321660066,37.69283284572315,-4.143589262557725,-4.255778128781717,0.11218886622399182,4.8139944185312356,10.546304256645552,18.163663341453407,-0.1759894385686946
2023-01-05,362.2585573029857,364.8063073641817,359.5018204243102,362.3182678222656,8663090,0.0,0.0,KOTAKBANK.NS,-0.0002470657989105396,-0.00024709632469305666,0.04928187602304823,365.906999206543,375.76938903808593,373.87778106689456,363.9663589477539,366.71823217361907,371.1823930650803,365.906999206543,375.04991431601,356.76408409707597,0.0499739831667234,37.56659450410355,-4.018999359509962,-4.208422374927366,0.18942301541740392,4.794797051468793,10.544660008971421,17.90522745963363,-0.1761930233963653
2023-01-06,363.4528175695142,363.4528175695142,352.43577151798894,355.6502990722656,18998275,0.0,0.0,KOTAKBANK.NS,-0.018403622842641076,-0.018575076344733047,0.02997128812110117,364.8993453979492,375.4580859375,373.7695016479492,363.9770764160156,365.6641433068235,370.57329133987184,364.8993453979492,373.89081005619573,355.9078807397027,0.04928188976848215,29.61271808720464,-4.407503360147587,-4.24823857197141,-0.15926478817617618,5.247622054157546,11.416914520301559,17.58334926261391,-0.19135405628891505
2023-01-09,358.4767078119633,361.462354916322,356.088165831218,360.6462707519531,17134340,0.0,0.0,KOTAKBANK.NS,0.014047427185411632,0.013949676447398947,0.04443973479404706,364.3634201049805,375.17007019042967,373.7009310913086,363.9821893310547,365.18625068255017,370.1839964148554,364.3634201049805,373.0031459669079,355.7236942430531,0.04742367309779949,39.883061448093294,-4.263119826539366,-4.251214822885002,-0.011905003654364421,5.2760563501764794,12.373492302199562,16.696870174948394,-0.17999466127585514
2023-01-10,359.979504452864,361.46239667200024,356.06831358351576,357.3919372558594,7370655,0.0,0.0,KOTAKBANK.NS,-0.009023616102582732,-0.009064575513884569,0.03501511158498216,363.63740997314454,374.74650634765624,373.61305358886716,364.00892547607424,364.44393511810347,369.6823470360713,363.63740997314454,372.04341894614566,355.2314010001434,0.04623291631970387,36.179805197455174,-4.361021213554238,-4.27317610101885,-0.08784511253538874,4.922754630413656,12.535051119790877,16.726804631989342,-0.1873940746545702
2023-01-11,358.27767956313886,359.1036952941941,355.1129006828425,358.6459045410156,8018505,0.0,0.0,KOTAKBANK.NS,0.0035086613726782456,0.0035025203806131277,0.038646629127138565,362.92732391357424,374.31916015625,373.4087359619141,364.0972323608398,363.8917417298094,369.24954536959854,362.92732391357424,370.4056053860707,355.4490424410778,0.04121090355972924,38.54759420485523,-4.287994753698115,-4.276139831554703,-0.011854922143411883,4.917780216372145,12.005698648560916,16.672175315455682,-0.1845429156331013
2023-01-12,359.6709830270763,359.6709830270763,352.7841067186629,354.1972961425781,17648025,0.0,0.0,KOTAKBANK.NS,-0.012403901291249131,-0.01248147179356982,0.025763358862956887,362.0943267822266,373.7998571777344,373.21466888427733,364.15523971557616,362.96846119769214,368.65926108618595,362.0943267822266,369.56489283288477,354.6237607315684,0.04126309360903738,33.762001691415506,-4.536788997803569,-4.328269664804477,-0.2085193329990922,5.022989558004745,12.291598704836527,16.689976219261762,-0.19465776481483807
2023-01-13,354.1972986919501,355.7498329170017,350.1169078198218,354.3565368652344,19915985,0.0,0.0,KOTAKBANK.NS,0.0004495819826704217,0.00044948095097107103,0.02622452358758509,361.4947113037109,373.3227508544922,373.11166412353515,364.21110916137695,362.14827792793426,368.0983699402663,361.4947113037109,369.4376144874465,353.5518081199753,0.04394478223534703,34.07749256559072,-4.667309000377372,-4.396077531919056,-0.2712314684583159,4.971806962946821,12.3239735872671,16.59525008890506,-0.19429569745601538
2023-01-16,355.6901251702533,358.0786370449782,354.2968291076284,355.2522277832031,10590805,0.0,0.0,KOTAKBANK.NS,0.002527654564784765,0.0025244654188943186,0.02881846468912541,360.7647201538086,372.8643548583984,372.9704431152344,364.2666828918457,361.4915112474837,367.5945996595972,360.7647201538086,368.13667073431384,353.3927695733033,0.04086846727896395,35.926119774839066,-4.644928427736829,-4.445847711082611,-0.19908071665421812,4.944082055917493,12.263735012849803,16.595730918054528,-0.1922591552978233
2023-01-17,354.296825952869,358.66583790744204,353.62008649584516,357.8099365234375,10661970,0.0,0.0,KOTAKBANK.NS,0.00719969796162756,0.007173903868713497,0.0362256468922324,360.27258758544923,372.5261804199219,372.8312127685547,364.30212341308595,361.1408850832888,367.21088737974776,360.27258758544923,366.9938969505615,353.55127822033694,0.03731235512620362,41.01297865571917,-4.370426388096746,-4.430763446485438,0.060337058388691744,5.074881608355562,12.594588555458138,16.523324181633367,-0.1864436651846977
2023-01-18,358.8648770423861,363.6518628156172,357.48154281437746,358.09857177734375,14176160,0.0,0.0,KOTAKBANK.NS,0.0008066719910315712,0.0008063468060476753,0.037061541097968886,360.1183288574219,372.1507855224609,372.6925796508789,364.34820739746095,360.8511409589131,366.85354166984956,360.1183288574219,366.89299089786635,353.3436668169774,0.03762464444361394,41.57666559855554,-4.082530224100253,-4.361116802008401,0.2785865779081478,5.244070138395712,12.270424672652176,16.52409665670768,-0.1857873920762759
2023-01-19,358.9743341176344,358.9743341176344,351.31116067385256,351.7689514160156,22128220,0.0,0.0,KOTAKBANK.NS,-0.017675636989872512,-0.017833716603250713,0.018730817761363427,359.5336395263672,371.57415771484375,372.4243688964844,364.3399661254883,359.98617052625616,366.2619891108757,359.5336395263672,367.0687645173543,351.99851453538014,0.04191610554669373,33.921285163289454,-4.315372970885846,-4.351968035783891,0.03659506489804443,5.517755973687075,12.998242522377904,16.766251832919345,-0.20017911856651302
2023-01-20,354.07786052746764,354.07786052746764,349.7188106558413,350.8931579589844,21351470,0.0,0.0,KOTAKBANK.NS,-0.0024896837924603954,-0.0024927882089009466,0.016194500155503055,358.94596405029296,371.0319635009766,372.2510021972656,364.26826538085936,359.12016932937314,365.6592898500172,358.94596405029296,367.25266071923016,350.63926738135575,0.04628382821305845,33.01546241549859,-4.518485450314245,-4.385271518689962,-0.13321393162428308,5.593819399885498,12.978628314057147,16.76809152673475,-0.20217041965188937
2023-01-23,356.2872631818829,358.2080224232661,352.3063999061077,355.0432434082031,38823135,0.0,0.0,KOTAKBANK.NS,0.011827205390262607,0.011757810624777924,0.028213241225297336,358.6493911743164,370.4784246826172,371.9888626098633,364.25098297119143,358.7318906702141,365.2429743032794,358.6493911743164,367.0738179521076,350.2249643965252,0.04697862026313403,41.04892344766079,-4.295065500067551,-4.36723031496548,0.07216481489792859,5.895942247122297,13.270548507948169,16.655193539026023,-0.1927343253386853
2023-01-24,356.82466299962135,356.82466299962135,348.0767080655695,350.3656921386719,20795940,0.0,0.0,KOTAKBANK.NS,-0.013174595929863475,-0.013262150768826024,0.014666947242418793,358.04579162597656,369.87273559570315,371.70502685546876,364.2329899597168,357.9351098576863,364.6595514732948,358.04579162597656,367.0381153312924,349.05346792066075,0.05023002038079763,35.83272437396377,-4.444212757129549,-4.382626803398294,-0.06158595373125486,6.222942143200762,13.662169902625998,16.704290708263734,-0.20336972441039675
2023-01-25,349.7188187181046,350.39555815874684,344.9417951268269,348.28570556640625,21401665,0.0,0.0,KOTAKBANK.NS,-0.0059366159956163456,-0.005954307754558784,0.008643259213196197,357.34615631103514,369.01247131347657,371.36854431152346,364.2174772644043,357.0161189728025,364.0174398691031,357.34615631103514,367.0972520229924,347.5950605990779,0.05457506980133776,33.77728896673186,-4.67634457675058,-4.441370358068752,-0.23497421868182844,6.233604721204224,13.64163759667439,16.724011599378144,-0.20809901244705423
2023-01-27,348.7435364790762,348.7435364790762,339.16953490288086,340.9808349609375,37584895,0.0,0.0,KOTAKBANK.NS,-0.020973788153576534,-0.021196862707468962,-0.012511810828074399,356.2947113037109,368.06721557617186,370.9210952758789,364.14748748779294,355.48894906691055,363.11404359819466,356.2947113037109,368.2209090447845,344.36851356263736,0.06694569053486453,27.75567993039583,-5.387647280573674,-4.630625742569737,-0.7570215380039373,6.130530115823518,14.665174289566563,17.052999102169007,-0.2247081759985978
2023-01-30,340.98084409935245,344.4640995174711,335.15882539761014,343.5982666015625,24697780,0.0,0.0,KOTAKBANK.NS,0.007676184032234135,0.007646872038859549,-0.004931669758333035,355.2895446777344,367.1384802246094,370.54400817871095,364.0916290283203,354.3565031178298,362.34871901009143,355.2895446777344,367.95315135341,342.6259380020588,0.07128612066061306,32.40560500087105,-5.674740068298945,-4.839448607715578,-0.8352914605833668,6.380045706952416,14.68672812804755,17.08337224898877,-0.2187568932788766
2023-01-31,344.44420403237035,346.05644881375036,340.97088014111506,344.5437316894531,21926920,0.0,0.0,KOTAKBANK.NS,0.002751658491301434,0.002747879609615735,-0.0021935815379984236,354.3535446166992,366.2901593017578,370.1912045288086,364.0221969604492,353.4219534579844,361.65048421320364,354.3535446166992,367.29963391200704,341.40745532139135,0.07306877265365866,34.056684027492096,-5.75957919619151,-5.023474725410765,-0.7361044707807451,6.358008962963189,14.345728792261122,17.016446526596425,-0.21660717905049673
2023-02-01,347.33027935994073,355.09294967265123,342.5034771397931,347.27056884765625,18260490,0.0,0.0,KOTAKBANK.NS,0.007914342672357577,0.007883188530802148,0.005703400378387569,353.47626037597655,365.51369140625,369.82227783203126,363.98852920532227,352.83610730461976,361.08656596357434,353.47626037597655,365.8000802348852,341.15244051706793,0.06972926467989865,38.70684057396753,-5.542886896920891,-5.1273571597127905,-0.41552973720810016,6.972200243070797,14.60146261029894,16.95288219581488,-0.2104071398184376
2023-02-02,342.35424831789555,351.9083264382918,342.35424831789555,350.664306640625,20922350,0.0,0.0,KOTAKBANK.NS,0.00977260412314851,0.009725161071829271,0.015531741575589786,352.8890853881836,364.75095825195314,369.4946533203125,364.00087326049805,352.62926914614405,360.67784991169395,352.8890853881836,364.5207357282819,341.2574350480853,0.06592241484206462,43.999706127586116,-5.039221403786314,-5.109730008527496,0.07050860474118181,7.162714658212427,14.186921965285284,16.85208043301455,-0.2026907613774186
2023-02-03,352.4258157750796,355.03327632301045,347.3701328525022,354.3565368652344,13376060,0.0,0.0,KOTAKBANK.NS,0.010529244507321067,0.010474198073465406,0.02622452358758487,352.49099884033205,364.0959075927734,369.20862854003906,364.0743473815918,352.79377083367643,360.429955282421,352.49099884033205,363.27819495652426,341.70380272413985,0.061205512490708935,49.14497310453263,-4.29264777838398,-4.946313562498793,0.6536657841148132,7.307730256307309,14.425152451807913,16.68888427284511,-0.19429569745601538
2023-02-06,353.30157708802386,353.94846122527883,346.3350671172741,347.7283630371094,15201045,0.0,0.0,KOTAKBANK.NS,-0.01870481602162677,-0.01888196357917129,0.007029182676997481,352.0949020385742,363.37377868652345,368.8575161743164,364.10095504760744,352.3113510435272,359.9318536257421,352.0949020385742,362.9750217026322,341.21478237451623,0.06180219935627469,41.73222926369998,-4.187549570658405,-4.794560764130716,0.607011193472311,7.610563242779485,15.328439280958833,16.760754438948116,-0.2093662482029337
2023-02-07,348.76340978259924,354.29680692164965,347.73833877518894,353.3811950683594,18215935,0.0,0.0,KOTAKBANK.NS,0.016256459444025095,0.016125738016165278,0.023399911744135915,351.73164825439454,362.7657012939453,368.500632019043,364.11648971557617,352.4132409506541,359.67496505486434,351.73164825439454,361.8694394100235,341.59385709876557,0.05764503254649797,48.82211304765738,-3.6065481396551036,-4.556958239235593,0.9504100995804894,7.719326990846871,16.116058078417446,16.97633584377584,-0.1965133426817673
2023-02-08,354.0579832428531,354.2968253162968,350.5349108016778,351.41070556640625,7233450,0.0,0.0,KOTAKBANK.NS,-0.005576101754854124,-0.005591706245431293,0.017693329700341875,351.4325866699219,362.1285650634766,368.1649462890625,364.1550936889648,352.31776139024953,359.35087644747387,351.4325866699219,361.21394080284324,341.6512325370005,0.05566560702641024,46.68945020957587,-3.2674373703392803,-4.299054065456331,1.0316166951170507,7.547298027516815,16.113083745568886,16.80796618822405,-0.20099366604164134
2023-02-09,351.8983609740444,353.3414360732592,347.9174976620884,352.48553466796875,10819125,0.0,0.0,KOTAKBANK.NS,0.0030586122862423792,0.0030539442477413824,0.02080605902219035,351.1245681762695,361.4273358154297,367.84767150878906,364.19797790527343,352.3337397976514,359.0816473580815,351.1245681762695,360.31993266208457,341.9292036904545,0.05237665101918385,48.02317238752598,-2.8787751883251644,-4.014998290030098,1.1362231017049336,7.387352668044599,16.15510987488684,16.007074360270536,-0.19854981545181086
2023-02-10,351.88837042589654,354.0281085789939,351.3111586561864,352.71441650390625,7229710,0.0,0.0,KOTAKBANK.NS,0.000649336819319668,0.0006491260913845429,0.02146890598169815,351.05042419433596,360.7814416503906,367.5342776489258,364.2282308959961,352.3699947220566,358.8319520304668,351.05042419433596,360.16502753850165,341.9358208501703,0.05192760193971443,48.319678746147346,-2.5232028458367495,-3.7166392011914287,1.1934363553546792,7.2700598145575395,16.1610452815906,15.67587785841722,-0.19802940433813315
2023-02-13,353.3215101191972,355.18258921807455,350.6443771288478,353.0627746582031,11945710,0.0,0.0,KOTAKBANK.NS,0.00098764932193518,0.0009871619172404987,0.02247775905406879,350.98573608398436,360.1564465332031,367.20396575927737,364.2614192199707,352.43597376359435,358.60570978057416,350.98573608398436,360.01954922586356,341.95192294210517,0.051476810668554175,48.79842664902063,-2.188076823363872,-3.4109267256259175,1.2228499022620456,7.071727502053615,16.087381073040618,15.248357275761437,-0.1972373386231157
2023-02-14,352.30636520801374,353.69966114299626,351.0623455568555,352.37603759765625,8074465,0.0,0.0,KOTAKBANK.NS,-0.0019450848682976973,-0.0019469790024364403,0.020488953036761792,350.84192657470703,359.48726257324216,366.90908294677735,364.26715393066405,352.43026555731456,358.3614089106558,350.84192657470703,359.67920190881665,342.0046512405974,0.050377532813073535,47.85723413765536,-1.9553607955058396,-3.1198135396019024,1.1644527440960628,6.635253262917108,16.089874503303005,15.248681321941849,-0.19879878012859428
2023-02-15,351.99785126952384,356.2872286031487,350.36568290650604,355.39154052734375,12046460,0.0,0.0,KOTAKBANK.NS,0.008557627670274792,0.008521218743173926,0.029221917538478914,350.7210067749023,358.89112854003906,366.6956091308594,364.2630012512207,352.71229174493635,358.2449434838593,350.7210067749023,359.2164075161619,342.22560603364275,0.04844534873676409,52.21549928935281,-1.510197169083483,-2.7978902654982187,1.2876930964147357,6.668666310397303,16.258077357527913,15.30680892267795,-0.1919423983999648
2023-02-16,357.0834140300908,359.0539522320684,355.0034166693468,355.87921142578125,11458010,0.0,0.0,KOTAKBANK.NS,0.001372207390513136,0.0013712667743338374,0.03063422346020328,350.6100387573242,358.3994915771484,366.54682403564453,364.2775984191895,353.01390314311203,358.15216967766014,350.6100387573242,358.7502384467269,342.46983906792155,0.04643449296691089,52.90111689580512,-1.105309502135583,-2.459374112825692,1.3540646106901089,6.274133023720607,16.175761654213392,15.229498078336745,-0.19083357578708884
2023-02-17,354.9138245357971,356.56588627246185,348.5344881380718,350.1666564941406,12939545,0.0,0.0,KOTAKBANK.NS,-0.01605194894288442,-0.016182176964659654,0.014090535526430692,350.5299240112305,357.8511279296875,366.4079913330078,364.26238967895506,352.74273679559093,357.8390122979143,350.5299240112305,358.6536214323354,342.4062265901256,0.04635094960306234,44.79342221833291,-1.231196088080651,-2.2137385078766836,0.9825424197960326,6.183141881901256,16.7866342679725,15.349860790098754,-0.2038222739148509
2023-02-20,351.91823946586413,351.91823946586413,344.3645552956413,345.79766845703125,16124195,0.0,0.0,KOTAKBANK.NS,-0.01247688195344343,-0.012555371800828526,0.0014378476245631155,350.2751495361328,357.25101379394533,366.2845849609375,364.2034545898438,352.0813017157281,357.36680273552673,350.2751495361328,358.6660943680352,341.8842047042304,0.04791059167636915,39.77283780995223,-1.6643177172021524,-2.1038543497417774,0.43953663253962505,6.35943584601465,16.337080152367008,15.337441125847143,-0.21375608941717633
2023-02-21,347.33029051227356,347.33029051227356,343.359389459991,344.38446044921875,14684670,0.0,0.0,KOTAKBANK.NS,-0.004086806062395754,-0.0040951798768489615,-0.002654834642221493,349.7422103881836,356.71140747070314,366.16038208007814,364.15963333129883,351.3482692141558,356.8576912733186,349.7422103881836,358.211632826761,341.2727879496062,0.048432372113031884,38.27831430144931,-2.097425983180301,-2.102568676429482,0.00514269324918093,5.743823597402111,15.730975250870275,15.332075853321095,-0.21696931579746792
2023-02-22,343.140451457137,343.56838694608433,337.9752792170146,338.4828186035156,17695745,0.0,0.0,KOTAKBANK.NS,-0.017136783227689634,-0.0172853172736079,-0.019746122544141986,349.14806671142577,356.0428210449219,366.03150146484376,364.0940620422363,350.1229882036186,356.1371080313656,349.14806671142577,358.9894170980071,339.30671632484444,0.056373506399594625,32.744702769566246,-2.8836397748924583,-2.2587828961220775,-0.6248568787703808,5.51918810538839,16.23627007378133,15.263727920950384,-0.23038794289327624
2023-02-23,339.8462877998815,341.11020087812113,335.9350667905672,339.7965087890625,13850550,0.0,0.0,KOTAKBANK.NS,0.0038811133485794347,0.0038736012587418656,-0.015941646135351317,348.7236068725586,355.38179870605467,365.8084735107422,364.00556884765626,349.1395139736609,355.49630021794195,348.7236068725586,359.4169642650229,338.0302494800943,0.061328554658888874,34.997342626109614,-3.361961451319644,-2.479418607161591,-0.8825428441580527,5.3414731494630825,16.24712679739575,15.101453766877022,-0.2274009912652117
2023-02-24,340.96092960281453,343.20016509008576,337.1790914458114,337.8359375,10401815,0.0,0.0,KOTAKBANK.NS,-0.005769839413740319,-0.00578654924352716,-0.021619504810900025,348.56636199951174,354.72137268066405,365.6361022949219,363.8945414733887,348.0629828809313,354.8037369741011,348.56636199951174,359.81708171471575,337.3156422843077,0.06455424815329583,33.20960670551082,-3.8548007997696345,-2.7544950456832,-1.1003057540864347,5.198587713485515,15.98059133810669,15.120444429878216,-0.2318587634768264
2023-02-27,338.0350015537385,344.3048489317749,336.5421778569131,343.5385437011719,11718990,0.0,0.0,KOTAKBANK.NS,0.016879809304396032,0.016738928474162886,-0.005104628624967411,348.56337585449216,354.2651666259766,365.4444235229492,363.86081314086914,347.6320839114304,354.3619646888882,348.56337585449216,359.8196779830042,337.3070737259801,0.06458683217029093,42.4225089044128,-3.7420903837920605,-2.952014113304972,-0.7900762704870883,5.283889655651341,16.843294330013517,15.379601916774416,-0.21889268588547223
2023-02-28,343.53852749495024,346.61374052075024,342.68262615592755,344.19537353515625,21975490,0.0,0.0,KOTAKBANK.NS,0.0019119538288423499,0.0019101283715435694,-0.003202434610369398,348.5459579467773,353.75203308105466,365.2659814453125,363.8118194580078,347.30477816130906,353.96327483972226,348.5459579467773,359.8294945425871,337.26242135096754,0.06474633452804388,43.39107999336212,-3.558742915756227,-3.0733598737952232,-0.4853830419610037,5.295975359237319,16.833099797827124,15.381602521044083,-0.2173992447655142
2023-03-01,344.195364211611,348.4449244192244,343.5484800653409,347.3103942871094,28066930,0.0,0.0,KOTAKBANK.NS,0.009050152882531304,0.009009445668929519,0.005818735749341775,348.54794921875,353.3451892089844,365.105751953125,363.7452799987793,347.3053130304329,353.7023775631492,348.54794921875,359.83055214647436,337.2653462910256,0.0647406071561384,47.86986647718224,-3.1260474558486635,-3.0838973902059115,-0.04215006564275203,5.258297212288222,16.919737305327555,15.029085558291385,-0.21031658828465766
2023-03-02,345.4592950761255,347.59900291878876,341.9561464807003,342.6925964355469,20599675,0.0,0.0,KOTAKBANK.NS,-0.013295881515556163,-0.013385063129101624,-0.007554510987307972,348.1493637084961,352.9753662109375,364.93348022460935,363.6283491516113,346.8660066880628,353.27062144049813,348.1493637084961,359.67772819026345,336.6209992267287,0.06622654345230984,42.501541177039535,-3.1197879075460264,-3.0910754936739346,-0.02871241387209178,5.467290534808293,17.28321492333931,15.165056170733465,-0.220816125361625
2023-03-03,344.74272858990554,351.3111585925802,342.33432349092186,348.5245666503906,18131345,0.0,0.0,KOTAKBANK.NS,0.017018080564050297,0.016874895240789726,0.009335006300138282,347.8577651977539,352.6766027832031,364.86003356933594,363.53411331176756,347.023964779713,353.0845016448077,347.8577651977539,359.01408345515307,336.70144694035474,0.06414298816101978,50.11088901061334,-2.61410217128099,-2.995680829195346,0.38157865791435563,5.784335035696265,17.370259355228114,14.866782041876437,-0.20755591140882018
2023-03-06,349.57949291218915,351.23155469633525,346.6237009295642,348.5245666503906,25934230,0.0,0.0,KOTAKBANK.NS,0.0,0.0,0.009335006300138282,347.89757537841797,352.39416076660154,364.7422003173828,363.5029362487793,347.16687924358706,352.9056806646345,347.89757537841797,359.05763110630335,336.7375196505326,0.06415713427002917,50.11088901061334,-2.1881193047339593,-2.8341685243030685,0.6460492195691092,5.925087762884142,17.357357296034827,14.76042229049386,-0.20755591140882018
2023-03-08,345.53890039303974,347.19093171468984,343.7176386686939,346.3748779296875,26013040,0.0,0.0,KOTAKBANK.NS,-0.006167968993874395,-0.006187069496002156,0.0031094592768470264,347.54725952148436,352.10216430664065,364.6201867675781,363.41550689697266,347.0914505470252,352.64957075346007,347.54725952148436,358.41867648146405,336.6758425615047,0.06256079806209862,47.42769019142555,-2.0009213521992137,-2.6675190898822976,0.6665977376830838,5.845472211816575,17.05771208215382,14.670747416981738,-0.21244368197662966
2023-03-09,346.19575215869196,347.2407469672578,341.1002521435,341.6973876953125,34641580,0.0,0.0,KOTAKBANK.NS,-0.013504126691672225,-0.013596136692607981,-0.010436657946842343,347.0615936279297,351.6873583984375,364.38670928955077,363.2796754455566,346.5777302754335,352.2200733786308,347.0615936279297,358.0732521840775,336.04993507178193,0.06345650892131222,42.140310777733,-2.2045868912495052,-2.574932650155739,0.3703457589062338,5.9947550161763035,17.07879415916586,14.718705529391086,-0.22307894227204414
2023-03-10,339.766680197497,341.0604790067155,336.7810326907148,338.2340393066406,24380720,0.0,0.0,KOTAKBANK.NS,-0.010135718075082623,-0.010187434215782365,-0.020466592999329736,346.3490188598633,351.20647094726564,364.0705291748047,363.09837966918946,345.7830930403104,351.671601454239,346.3490188598633,357.72137951499565,334.97665820473094,0.065669945840001,38.70007445651088,-2.615308915627395,-2.58300790325007,-0.032301012377324856,5.77225193547685,17.23167108459244,14.771975136924793,-0.23095359507976965
2023-03-13,338.17428613986857,343.01105028412286,331.6456735114057,333.1783142089844,44894690,0.0,0.0,KOTAKBANK.NS,-0.014947416611350461,-0.015060255084018008,-0.03510808691850431,345.37221374511716,350.62984252929687,363.70070678710937,362.8669895935059,344.58263791351743,350.9463745034447,345.37221374511716,357.75374920660545,332.9906782836289,0.07169966180675895,34.29823437739701,-3.310601291056969,-2.72852658081145,-0.5820747102455188,6.044515692797875,16.702590126517784,14.945661507434185,-0.24244885208757366
2023-03-14,332.9992062388036,333.9048562436726,327.12743920800665,328.0728759765625,70694930,0.0,0.0,KOTAKBANK.NS,-0.015323440976472202,-0.01544205820769939,-0.049893551197284,344.12271881103516,349.9172680664062,363.260622253418,362.60897811889646,343.01027963380744,350.049374561214,344.12271881103516,358.1683894689184,330.0770481531519,0.081631754546238,30.52269042825722,-4.224889805549026,-3.027799225758965,-1.1970905797900606,6.244981120182404,17.025247611413548,15.113671201358999,-0.25405714238926846
2023-03-15,332.0039893789037,335.98485248807145,330.73011439883305,331.595947265625,23461815,0.0,0.0,KOTAKBANK.NS,0.010738685051531638,0.01068143486963409,-0.039690657278162456,343.0837142944336,349.28391235351563,362.86731323242185,362.33123428344726,341.92320036064723,349.3257107457007,343.0837142944336,357.6243740328733,328.54305455599393,0.0847644999317042,35.77650555555945,-4.612023099478961,-3.3446440005029645,-1.2673790989759963,6.352323640132746,17.352165954809564,15.251001881206165,-0.24604669697494733
2023-03-16,332.4020619246997,334.1635828759829,328.0629358144576,331.11822509765625,18160315,0.0,0.0,KOTAKBANK.NS,-0.001440675532702107,-0.0014417143035050277,-0.04107415145204707,341.8700485229492,348.6099517822266,362.3914010620117,362.0938703918457,340.89415509750523,348.61169170067933,341.8700485229492,356.1346671355893,327.6054299103091,0.08345053141841728,35.38575562034704,-4.900882883342035,-3.655891777070779,-1.2449911062712564,6.418431709702129,17.13479104095851,15.194992415264535,-0.24713289905141544
2023-03-17,334.3129050442043,339.6074300200984,332.6309879117502,336.9999694824219,44641505,0.0,0.0,KOTAKBANK.NS,0.01776327589044957,0.01760735266905494,-0.024040487045806302,340.92608642578125,348.1017950439453,361.98794036865235,361.94196182250977,340.5232802770211,348.1563300450614,340.92608642578125,353.7090242364107,328.1431486151518,0.07498949666564904,43.559273656224526,-4.602148029369175,-3.845143027530458,-0.7570050018387171,6.594726800999829,17.738678802375702,15.483838092741914,-0.23375951302842285
2023-03-20,335.7857858035725,338.96052645526186,334.6014766390075,338.3036804199219,22319685,0.0,0.0,KOTAKBANK.NS,0.003868578799880229,0.003861115092016615,-0.02026491076445025,340.3329376220703,347.62150329589844,361.6954461669922,361.77842010498046,340.31188981444024,347.76995162838926,340.3329376220703,352.3908591378988,328.27501610624176,0.07085956240426246,45.21357108404336,-4.2116506413064485,-3.918444550285656,-0.2932060910207923,6.351610996813581,17.45669375563481,15.39404769038236,-0.23079525132491466
2023-03-21,339.876130667996,340.75192536210915,336.78099398182684,339.7367858886719,9025900,0.0,0.0,KOTAKBANK.NS,0.004236150984142872,0.0042272037555370415,-0.016114605001985804,340.02989349365237,347.30323303222656,361.38065948486326,361.62945373535155,340.2571180119861,347.4549255209494,340.02989349365237,351.8110058305935,328.24878115671123,0.06929456828572081,47.05079451591252,-3.7433875717695173,-3.8834331545824288,0.14004558281291146,6.35445506934641,16.741920535832303,15.392133004856898,-0.22753678387180734
2023-03-22,340.36382862943117,341.0007813666274,336.80096916692156,339.3984680175781,16630495,0.0,0.0,KOTAKBANK.NS,-0.0009958234879063887,-0.0009963196495362077,-0.017094381187732877,339.7805938720703,346.8782769775391,361.02417358398435,361.4778012084961,340.1753418220425,347.1389860110133,339.7805938720703,351.38338687737854,328.1778008667621,0.06829579566675759,46.65305336617272,-3.3608434292649463,-3.7789152095189324,0.41807178025398617,6.3046956297622945,15.949604476247012,15.218740085846989,-0.22830602088597146
2023-03-23,338.20416781084754,338.37336785826994,333.39728891917775,334.3327941894531,28210755,0.0,0.0,KOTAKBANK.NS,-0.014925446946515541,-0.015037952295096978,-0.031764686854747426,339.5730926513672,346.41709411621093,360.5818002319336,361.2902276611328,339.6189087141769,346.63678241016777,339.5730926513672,351.4194866560424,327.72669864669194,0.06977227737438953,41.05659294174689,-3.426928484198413,-3.7085178644548287,0.28158938025641556,6.330290105498859,16.391668817865437,15.374214618594356,-0.23982389843018334
2023-03-24,333.6062561868781,340.154792695172,333.3972693877205,336.81085205078125,27403045,0.0,0.0,KOTAKBANK.NS,0.007411949723136857,0.0073846162038065126,-0.024588175393549183,339.42380981445314,345.98039306640624,360.14977661132815,361.1261343383789,339.35147474623443,346.2514518078389,339.42380981445314,351.3334285975035,327.5141910314028,0.07017550589371306,44.560188844,-3.2419713789356024,-3.6152085673509835,0.3732371884153811,6.171767834484082,16.547179982448675,14.628947019841961,-0.2341895113846176
2023-03-27,338.5027058216446,340.9310344511991,336.99992046268375,339.4083557128906,14186020,0.0,0.0,KOTAKBANK.NS,0.007712054544245284,0.007682468666177641,-0.01706574619908241,339.50243072509767,345.6846142578125,359.74223571777344,360.98761032104494,339.35689198115404,345.98309509823315,339.50243072509767,351.38865112643873,327.6162103237566,0.0700214156108095,48.04617539578882,-2.8529081538584364,-3.462748484652474,0.6098403307940377,6.136934165458854,16.750866315791104,14.673590100046066,-0.2282835391258606
2023-03-28,340.1547816982935,340.3239513587608,335.4772557721607,338.1543884277344,11858260,0.0,0.0,KOTAKBANK.NS,-0.0036945681037299227,-0.003701409877263849,-0.020697263741238814,339.2332229614258,345.3605712890625,359.34166107177737,360.8232225036621,339.2423678332093,345.67608699350774,339.2332229614258,350.9775893328836,327.48885658996795,0.0692406614477927,46.52525172927773,-2.615606343239392,-3.2933200563698577,0.6777137131304656,6.139774708666238,16.75203873966033,14.642193974584067,-0.2311346981473295
2023-03-29,338.3932455173619,343.74751106649984,337.37813639471966,342.5632019042969,14105000,0.0,0.0,KOTAKBANK.NS,0.0130378715386823,0.012953610094558402,-0.007929240468417031,339.1516143798828,345.1067907714844,358.9855728149414,360.7538838195801,339.5586377447415,345.55401306844067,339.1516143798828,350.7728362940802,327.5303924656854,0.06853113133750563,52.24865569984866,-2.0481784211967806,-3.0442917293352423,0.9961133081384617,6.156123269239264,17.26339572764943,14.80326372209649,-0.22111033111122413
2023-03-31,343.44898830513733,346.4644910490091,342.5533001342839,344.9119567871094,17828775,0.0,0.0,KOTAKBANK.NS,0.006856413268430117,0.00683301495841191,-0.001127193349543143,339.0316925048828,344.8488311767578,358.6875057983398,360.7504458618164,340.0684776535384,345.5288343907414,339.0316925048828,350.34381012647236,327.71957488329326,0.06673191841158997,55.01120877121415,-1.392906258902599,-2.714014635248714,1.3211083763461149,6.084325834248371,17.18942973589735,14.865213770094632,-0.21576994165081206
2023-04-03,345.1408337845443,348.7634339430532,344.98162598053597,347.46966552734375,12184330,0.0,0.0,KOTAKBANK.NS,0.007415540951550836,0.007388181003701894,0.006279988853563845,339.27054595947266,344.6362530517578,358.39351928710937,360.75745880126954,340.7733526891389,345.6049454157062,339.27054595947266,351.09812457748546,327.44296734145985,0.0697235805399132,57.86958159907041,-0.6596090668995771,-2.3031335215788866,1.6435244546793095,5.54761871876456,17.348583411302428,14.87169654051444,-0.20995445153768647
2023-04-05,347.3303022179114,350.2562389986995,346.1459930270413,348.7037048339844,12631750,0.0,0.0,KOTAKBANK.NS,0.0035515022721990253,0.003545210580242705,0.009853794520445769,339.27950286865234,344.5749481201172,358.07455291748045,360.7736758422852,341.52862432198134,345.7264653928936,339.27950286865234,351.13682269286085,327.42218304444384,0.06989705964523835,59.21596074186501,0.020870319580069463,-1.8383327533470954,1.859203072927165,5.357106499906861,16.765559192479582,14.883136476550082,-0.20714860297718177
2023-04-06,348.32554965202473,350.6046024666469,346.2057350189757,349.73876953125,7786775,0.0,0.0,KOTAKBANK.NS,0.0029683214801472513,0.0029639247124736514,0.0128513652305291,339.3402130126953,344.5518603515625,357.7919119262695,360.8555903625488,342.31054291334027,345.88381065322136,339.3402130126953,351.4074151832904,327.2730108421002,0.07112155711497517,60.360224072575555,0.6363408652411522,-1.343398029629446,1.9797388948705983,5.106170138204163,16.366460047531522,14.846315017809541,-0.20479516514483423
2023-04-10,349.7486697339452,351.9083013119906,348.25584608333287,350.1766052246094,6265855,0.0,0.0,KOTAKBANK.NS,0.0012518935031029521,0.0012511105378227017,0.014119347274270222,339.5302993774414,344.45452758789065,357.4664761352539,360.94188247680665,343.0596917048897,346.0521555383739,339.5302993774414,352.17025880632696,326.89033994855583,0.07445556082660096,60.860465609174014,1.1462224493149051,-0.8454739338405759,1.991696383155481,4.931299292999337,16.311500439645165,14.850380459585896,-0.20379965337844302
2023-04-11,367.6725173939172,370.021212038481,363.452812237745,367.5331726074219,46468815,0.0,0.0,KOTAKBANK.NS,0.04956518260744369,0.048375966599025794,0.06438435790766106,340.82208862304685,344.7978771972656,357.3353063964844,361.1093876647949,345.39049940989275,346.89454836461107,340.82208862304685,358.62209439764104,323.02208284845267,0.10445335774161747,74.56404387889154,2.917209436613348,-0.09293725974979117,3.010146696363139,5.742399428101444,20.835058231520886,17.08908615992413,-0.16433583780603556
2023-04-12,366.6374901090224,368.4189348730206,364.54753088056776,367.0455322265625,17043565,0.0,0.0,KOTAKBANK.NS,-0.0013267928372284743,-0.0013276738061733441,0.06297214036553123,342.26266326904295,345.17307373046873,357.0927725219727,361.27216705322263,347.4528834876708,347.6847830258641,342.26266326904295,363.51035969122086,321.01496684686504,0.12416017697773654,73.7824308401034,4.232590214666288,0.7721682351334248,3.4604219795328635,5.707567583544192,20.866889910792434,16.976995473995487,-0.16544459103076303
2023-04-13,365.8412982436051,373.0665435897088,364.44800233468516,372.11114501953125,14620580,0.0,0.0,KOTAKBANK.NS,0.013801047412945966,0.013706680210979654,0.07764226927335649,344.2093048095703,345.7956799316406,356.93144775390624,361.47201080322264,349.801289347848,348.64267957463534,344.2093048095703,368.8202782484803,319.59833137066033,0.14300004732600535,76.5342154234308,5.619019021814495,1.7415383924696388,3.877480629344856,6.039539717454285,20.950863705958387,17.114258330032055,-0.15392685226284814
2023-04-17,375.98255599356463,380.928779345125,363.47268708300123,377.21661376953125,51771495,0.0,0.0,KOTAKBANK.NS,0.013720279057301665,0.013627008195072787,0.09242782193173071,346.66649169921874,346.468046875,356.8032635498047,361.68305938720704,352.4122726261036,349.76322601365086,346.66649169921874,374.1405668504871,319.19241654795036,0.1585043597181925,78.93409995131377,7.048491873320188,2.8029290886397487,4.245562784680439,6.986416864769852,20.79244169882848,17.272580182676574,-0.14231849257300483
2023-04-18,378.3710438164129,379.0975621812324,375.3754349639875,375.8531494140625,14863605,0.0,0.0,KOTAKBANK.NS,-0.0036145395131026437,-0.003621087745039322,0.08847919840414575,348.8793518066406,347.0942352294922,356.692197265625,361.8730676269531,354.64473708209965,350.7863602646474,348.8793518066406,378.30265981656055,319.4560437967207,0.16867325542514316,76.67870357704783,7.97935815456708,3.838214901825215,4.141143252741865,6.823627444687316,20.883777722966276,17.268049447583998,-0.14541861627125716
2023-04-19,375.85319207245453,375.86315394907786,373.4348250358376,375.17645263671875,9383280,0.0,0.0,KOTAKBANK.NS,-0.00180042864719554,-0.001802051366872199,0.08651946927346255,351.08226318359374,347.65235290527346,356.58302215576174,362.0665055847168,356.60013856349195,351.74283447531684,351.08226318359374,381.48740827130234,320.67711809588513,0.1732080955158287,75.52528853063767,8.563754977812039,4.783322917022581,3.780432060789458,6.514399273672227,20.84826570705981,17.2684151032029,-0.1469572290758824
2023-04-20,375.0569944510573,378.85872592028176,372.6187340768517,374.9972839355469,11613885,0.0,0.0,KOTAKBANK.NS,-0.0004775584925778009,-0.0004776725599520587,0.08600059267355986,352.98212890625,348.1390124511719,356.4449853515625,362.2816751098633,358.3522476465448,352.6547736698357,352.98212890625,384.4135026172738,321.5507551952262,0.17809045352192207,75.20273839668201,8.909730427522334,5.608604419122532,3.3011260083998017,6.665814233887387,20.320207617042957,17.147460523361822,-0.1473646068956693
2023-04-21,374.5991906686936,378.9084917413263,373.63383020611354,376.9180603027344,8356705,0.0,0.0,KOTAKBANK.NS,0.005122107411096977,0.0051090340420619175,0.09156320435774878,354.9128479003906,348.5902429199219,356.3430752563477,362.5326567077637,360.12042028046767,353.60627510641996,354.9128479003906,387.2778449078282,322.547850892953,0.18238278607778718,76.36795197183905,9.232482750147653,6.333380085327557,2.899102664820097,6.696383230216862,19.89957527682246,17.122607137676514,-0.14299731682968603
2023-04-24,376.2313552424277,378.58004973798694,373.71346071279766,377.6346130371094,10087030,0.0,0.0,KOTAKBANK.NS,0.0019010835771560153,0.001899278804759122,0.09363835723898117,356.8077392578125,349.18836791992186,356.2810733032227,362.7686714172363,361.78843863824306,354.54856286840777,356.8077392578125,389.8619065601771,323.7535719554479,0.18527718805158092,76.80581370364548,9.437298802238502,6.954163828709746,2.483134973528756,6.589041398317513,19.884875902163625,17.10636898651803,-0.14136808310313237
2023-04-25,378.58007213132305,379.5752878994767,373.60399329055497,376.0522155761719,23692095,0.0,0.0,KOTAKBANK.NS,-0.004190287135522719,-0.0041990909910573394,0.08905569849972839,358.6404266357422,349.6417883300781,356.20374481201173,362.99016006469725,363.1468935847125,355.39184336675146,358.6404266357422,391.6948878185195,325.5859654529649,0.1843320425019987,73.56425011602408,9.363988517935809,7.436128766554959,1.9278597513808498,6.736191662188694,19.815925097566563,17.00320404319573,-0.14496599737865454
2023-04-26,373.7035366584974,377.0673709557811,370.8870892796646,373.9224853515625,15797590,0.0,0.0,KOTAKBANK.NS,-0.0056633896474889145,-0.005679487446147502,0.08288795173130614,360.61991119384766,350.09202392578123,356.11029449462893,363.19786697387696,364.1731404196506,356.11853520929304,360.61991119384766,392.2565016367011,328.9833207509942,0.17545670364189908,69.32357407718526,9.029946556271852,7.754892324498337,1.275054231773515,6.9025348422010255,19.380225201790964,17.029935535256524,-0.1498083880973513
2023-04-27,373.58407390663115,380.7695324674386,373.574112030739,379.89373779296875,25306465,0.0,0.0,KOTAKBANK.NS,0.015969225375125795,0.01584305871242688,0.1001808334885117,362.77405548095703,350.64018798828124,356.0337619018555,363.4432377624512,365.67034016949043,357.0508960949274,362.77405548095703,393.43674720484785,332.1113637570662,0.16904567049724084,73.87145451900341,9.141666620877857,8.032247183774242,1.1094194371036146,7.12290444684684,19.310120021113477,17.231208592643565,-0.13623148663483647
2023-04-28,379.3762481023233,386.8005489377752,377.40571002483085,385.75555419921875,21838060,0.0,0.0,KOTAKBANK.NS,0.015430147494151392,0.015312313354494227,0.11715678601947777,365.09141540527344,351.3010107421875,356.0412261962891,363.676690826416,367.58321769613127,358.1765689617623,365.09141540527344,395.3212137754863,334.8616170350606,0.16560125543711265,77.41174167476144,9.59262733500367,8.344323214020129,1.2483041209835406,7.479759551509209,18.725117380806143,17.38966777097374,-0.12290341107280808
2023-05-02,381.76479384320265,385.63616758184156,376.1915791883197,382.39178466796875,23028855,0.0,0.0,KOTAKBANK.NS,-0.008719951001697868,-0.008758192244574954,0.1074152335841736,367.3032852172852,351.8875909423828,356.02201873779296,363.8595082092285,368.99355740773484,359.1261852639665,367.3032852172852,395.6492507264563,338.9573197081141,0.15434637614200758,71.43057245544377,9.568291552010976,8.589116881618299,0.9791746703926769,7.902010964526446,18.193740894571928,17.328261871238972,-0.13055165035200955
2023-05-03,381.96379646469353,384.91958848617867,380.7098452600095,384.3423767089844,17245035,0.0,0.0,KOTAKBANK.NS,0.00510103019788799,0.005088064018570069,0.11306419213228769,369.39224395751955,352.52691772460935,356.0070901489258,364.04586196899413,370.45534972213954,360.1150555167123,369.39224395751955,396.1762899049218,342.6081980101173,0.14501682905113975,72.74561711682311,9.595787479695844,8.790451001233809,0.8053364784620349,6.78523499397627,18.117340309876855,17.27846017514542,-0.1261165680649512
2023-05-04,384.14332267662024,388.3530962882624,382.5111846183698,387.65643310546875,17257895,0.0,0.0,KOTAKBANK.NS,0.00862266717727489,0.008585704309673623,0.12266177420798674,371.5294677734375,353.1722155761719,356.03167205810547,364.2522674560547,372.0935481395995,361.1951095398008,371.5294677734375,396.87142773475307,346.1875078121219,0.13641964990389063,74.86269038637364,9.772345340938386,8.986829869174723,0.785515471763663,6.9259855423648276,18.041343812639102,17.296872893348578,-0.11858136207964053
2023-05-05,388.5620957607759,392.91118392780305,381.26717734301224,383.89453125,17421090,0.0,0.0,KOTAKBANK.NS,-0.0097042162446076,-0.009751609006715886,0.11176722158151753,373.3507110595703,353.73252197265623,356.06600677490235,364.4620431518555,373.21745129297096,362.0852829402008,373.3507110595703,396.5578021185637,350.1436200005769,0.12431791541594557,68.37037310835562,9.49921365582395,9.08930662650457,0.40990702931938117,7.142090208776771,18.1524752206372,17.110631593438853,-0.12713483914404722
2023-05-08,385.3276237881355,391.8164498652944,382.36190031409217,389.8956604003906,19354705,0.0,0.0,KOTAKBANK.NS,0.015632234017114888,0.015511309235142661,0.12914662696183754,375.4103088378906,354.52710205078125,356.1891149902344,364.678849029541,374.8058521603443,363.1758859778553,375.4103088378906,396.63405264615216,354.1865650296291,0.11306958444461018,72.47169595255006,9.655691001069385,9.202583501417532,0.4531074996518534,6.5705514437109445,18.439653224468756,17.267027728937105,-0.11349000668416034
2023-05-09,391.0899418170008,392.11501284383615,387.7659247943349,388.9900207519531,18115375,0.0,0.0,KOTAKBANK.NS,-0.0023227743738093443,-0.002325476198835957,0.12652387411245725,377.3728713989258,355.39094909667966,356.3209814453125,364.86327743530273,376.15672535954513,364.18820498860424,377.3728713989258,395.65701632840745,359.0887264694441,0.09690227525737144,70.97598236880893,9.59600608876741,9.28126801888751,0.31473806987990116,6.615334360300685,18.55490604602846,17.26742453630255,-0.11554916937876028
2023-05-10,390.1245800268858,390.9207404905556,384.48169327371824,389.8658142089844,19562195,0.0,0.0,KOTAKBANK.NS,0.002251454819684806,0.002248924093114788,0.12906019171831784,379.35733184814455,356.300576171875,356.50599182128906,365.0345297241211,377.46235286901555,365.19517005607014,379.35733184814455,393.31702835217243,365.3976353441167,0.07359655571183685,71.58668924051179,9.50975207611424,9.326964830332855,0.18278724578138394,6.901814239129051,18.49375962083053,17.244283464648156,-0.11355786829338392
2023-05-11,392.1150264647,394.10545807111976,388.5023882395959,389.716552734375,22059120,0.0,0.0,KOTAKBANK.NS,-0.00038285345667510295,-0.00038292676377092743,0.12862792712112414,380.4665008544922,357.3252508544922,356.68403594970704,365.1473974609375,378.6294195228593,366.15679290619977,380.4665008544922,393.9887628011262,366.9442389078582,0.07108253639289794,71.311289022772,9.321894004680757,9.325950665202436,-0.004056660521678523,6.856319809707178,17.61228516885403,17.23739366975065,-0.11389724572765027
2023-05-12,388.9303263963195,391.7169488872434,386.8702527520336,390.2440185546875,16085405,0.0,0.0,KOTAKBANK.NS,0.0013534601407398927,0.001352545039172875,0.1301554800342084,381.6264251708984,358.3342010498047,356.8579998779297,365.27354522705076,379.7355718116048,367.1013899904542,381.6264251708984,394.25149558277934,369.0013547590175,0.066164550351707,71.72525248959774,9.11055639016746,9.282871810195441,-0.1723154200279815,6.825750852564108,17.633111637063152,17.236163950492045,-0.11269794096914289
2023-05-15,389.5373871211534,393.5082881098749,388.61184379426805,392.7121276855469,14858460,0.0,0.0,KOTAKBANK.NS,0.006324527765986687,0.006304611868577596,0.13730317974756678,382.6564743041992,359.4317248535156,357.07654876708983,365.4191947937012,380.97143427578976,368.10573264516376,382.6564743041992,395.37402234114825,369.93892626725017,0.0664697915281528,73.64180764705368,9.038040681085533,9.23390558437346,-0.1958649032879265,6.827883373308221,17.619002771084766,17.25783024190805,-0.107086174459985
2023-05-16,393.70738544109105,393.70738544109105,385.74565886137873,387.5469970703125,22847485,0.0,0.0,KOTAKBANK.NS,-0.013152460163823099,-0.013239719731191701,0.12234484498174747,383.1729934692383,360.31189392089846,357.2885302734375,365.5660722351074,381.5976783514586,368.8681351716402,383.1729934692383,395.7990769364495,370.54691000202706,0.06590278376821393,63.88275117032917,8.466195553027319,9.080363578104233,-0.6141680250769141,6.97005708550755,18.224265573055845,17.406449742150244,-0.11883018798012696
2023-05-17,388.094312994736,388.3132616676196,377.2962163771304,380.0032043457031,27410085,0.0,0.0,KOTAKBANK.NS,-0.019465491363982124,-0.019657439027768224,0.1004978510943455,383.3804962158203,361.0280505371094,357.39004180908205,365.6488235473633,381.4458236842438,369.3048045510152,383.3804962158203,395.6308815672113,371.1301108644293,0.06390719127503434,52.863912688801236,7.3199038472803295,8.728271631939453,-1.4083677846591236,7.315540200819888,19.3209966894473,17.730148278482726,-0.13598259134620155
2023-05-18,382.9590029224524,384.87979237461775,380.4112530689611,383.6357727050781,20726140,0.0,0.0,KOTAKBANK.NS,0.009559309810635908,0.009513908714716444,0.1110178509988955,383.80346221923827,361.75455810546873,357.54987365722656,365.7811178588867,381.6543902576566,369.86680330215495,383.80346221923827,395.42940916390245,372.1775152745741,0.060582814326063286,56.73389301988836,6.6281718803087415,8.308251681613312,-1.6800798013045704,7.149909314549534,19.37718542582565,17.783457539657554,-0.127723181255097
2023-05-19,384.1532980054613,387.5071703850724,382.8595296167676,386.4721374511719,19734635,0.0,0.0,KOTAKBANK.NS,0.00739337920990546,0.007366182151677261,0.11923202728030446,384.37720489501953,362.63014892578127,357.80275756835937,365.9613610839844,382.11322332370565,370.51799287662624,384.37720489501953,395.28362009631815,373.4707896937209,0.05674850153654328,59.52799898064177,6.236944628035758,7.893990270897802,-1.6570456428620437,6.810823732789568,19.37680966976821,17.77671034711264,-0.12127410795810593
2023-05-22,387.1389313421356,388.63175498484304,382.88937097299527,386.18353271484375,17004400,0.0,0.0,KOTAKBANK.NS,-0.0007467672526964009,-0.0007470462222534501,0.11839622145416251,384.840478515625,363.3833282470703,358.0299655151367,366.1476213073731,382.5008718371474,371.1323277722426,384.840478515625,395.1855106086064,374.4954464226436,0.05376270257683601,59.109706637718034,5.83632865793777,7.482457948305795,-1.646129290368025,6.537852947143047,19.418194421126366,17.77772146782919,-0.12193031167837927
2023-05-23,386.18355358421536,386.18355358421536,381.16765736961815,382.46142578125,21677620,0.0,0.0,KOTAKBANK.NS,-0.009638181378236355,-0.009684929267303624,0.1076169158190532,385.08181915283205,364.0620654296875,358.22811309814455,366.2412712097168,382.497115069919,371.576606125537,385.08181915283205,394.9324297278487,375.2312085778154,0.05116113036282891,53.85382848203086,5.15902466776879,7.017771292198394,-1.858746624429604,6.595435303459335,19.78729188470814,17.569318172473707,-0.13039330659715453
2023-05-24,382.55103452217355,386.1437491563276,377.6645210622297,380.24212646484375,17787685,0.0,0.0,KOTAKBANK.NS,-0.005802674902110505,-0.005819575832235647,0.10118977494047687,385.29131469726565,364.7394104003906,358.4207873535156,366.34187683105466,382.28235425038804,371.91643045256865,385.29131469726565,394.49000028103274,376.09262911349856,0.04774924963462909,50.94511623853629,4.3925429674071665,6.49272562724015,-2.100182659832983,6.783815048045426,19.948279948449212,17.46135384380938,-0.13543935153167053
2023-05-25,381.764730412793,384.8598365140338,379.6847333434415,384.1432800292969,29833785,0.0,0.0,KOTAKBANK.NS,0.010259656395051886,0.010207383351998823,0.11248760365711075,385.80235443115237,365.5883282470703,358.6378433227539,366.4168327331543,382.4595852769508,372.3959147496953,385.80235443115237,393.32452655505494,378.2801823072498,0.03899495188407376,55.495518323051606,4.053168780329145,6.004814257857949,-1.9516454775288041,6.321750518459818,14.436807258161261,17.457079836764198,-0.1265692563457023
2023-05-26,388.1241566831277,388.1241566831277,382.85948755789923,387.14886474609375,16477060,0.0,0.0,KOTAKBANK.NS,0.007824124156402323,0.007793674422201115,0.12119184479058243,386.1651107788086,366.5666247558594,358.8865478515625,366.4781217956543,382.9061833216311,372.97446180837755,386.1651107788086,393.16945672353387,379.1607648340833,0.036276430724666395,58.675983602458736,3.9808491093962175,5.600021228165603,-1.6191721187693853,6.02247334517598,14.523666903622768,17.490509583199355,-0.11973542576533219
2023-05-29,390.74159535560244,392.7718439504146,387.78580342035156,388.7710876464844,18877545,0.0,0.0,KOTAKBANK.NS,0.004190178631815256,0.004181424279678012,0.12588983890078942,386.3158874511719,367.67848022460936,359.15416137695314,366.5808416748047,383.4647456382838,373.5939373314406,386.3158874511719,393.4123328442875,379.21944205805625,0.03673908127328872,60.32407105454115,4.008230691352935,5.281663120803069,-1.2734324294501338,6.11346557052024,14.09549649836318,17.352726570073614,-0.11604695995603012
2023-05-30,389.69663440910006,393.92630130201746,388.60189102132426,393.0505065917969,37148525,0.0,0.0,KOTAKBANK.NS,0.0110075545257724,0.010947412340557496,0.13828313269250292,386.8488235473633,368.97803283691405,359.44765045166014,366.7204251098633,384.37767525290406,374.356940047533,386.8488235473633,394.29666175645224,379.4009853382743,0.038505161477773456,64.3619276698363,4.325383804576347,5.090407257557725,-0.765023452981378,6.033848646509942,13.911846113881321,17.43137754253756,-0.10631679866952388
2023-05-31,395.0906924255304,410.90468533350423,388.9104110977948,400.94256591796875,442990630,0.0,0.0,KOTAKBANK.NS,0.02007899543141467,0.019880070798741187,0.16113871451349215,387.6788330078125,370.3649652099609,359.8244387817383,366.9011097717285,385.9552838876721,375.3995136110795,387.6788330078125,397.32583287538296,378.03183314024204,0.049767998901173185,70.35403519043393,5.154139451445133,5.103153696335207,0.050985755109925535,7.204648961094628,14.832773984328096,17.714019986322132,-0.0883725377528773
2023-06-01,391.7169223672431,393.9362340354652,383.1580609064466,384.1632385253906,29837160,0.0,0.0,KOTAKBANK.NS,-0.04184970322161086,-0.04275062732662863,0.11254540391197976,387.5041732788086,371.4258654785156,360.0179086303711,366.987354888916,385.78461290078815,375.7431890979152,387.5041732788086,397.2785292328645,377.7298173247527,0.05044774548543139,50.79799719193374,4.406190955977763,4.9637611482637185,-0.5575701922859553,8.128778166545507,19.559550066063807,19.106509276204044,-0.1265238764965896
2023-06-02,387.12895524132875,388.40283015477013,383.75518972599104,385.8948974609375,17790360,0.0,0.0,KOTAKBANK.NS,0.004507612290530094,0.004497483432818756,0.11756032724842624,387.6041915893555,372.4037640380859,360.2527795410156,367.09832138061523,385.7951161922309,376.1412953082298,387.6041915893555,397.26328430949,377.94509886922094,0.04983998073151797,52.27245862469126,3.908116454889125,4.7526322095888,-0.8445157546996747,8.111006460343523,19.583199133661886,19.11624244263513,-0.1225865847868011
2023-06-05,387.13890927683457,388.4326775448118,382.61068996734144,383.1381530761719,12029545,0.0,0.0,KOTAKBANK.NS,-0.007143769982200121,-0.007169408885567692,0.10957673332933116,387.26631622314454,373.30045349121093,360.4609783935547,367.1693797302246,385.5420720859396,376.41568188736477,387.26631622314454,397.05973311263773,377.47289933365136,0.05057716862651271,49.71808818390867,3.253438972289757,4.452793562128992,-1.1993545898392348,7.958167960183382,19.682877767404417,18.906512632631294,-0.1288546244043808
2023-06-06,385.12860706596905,391.39845422694907,384.18313994208046,389.93548583984375,20564205,0.0,0.0,KOTAKBANK.NS,0.017741205643700297,0.017585667384693884,0.12926196233279197,387.31358947753904,374.3044274902344,360.8038302612305,367.28666595458986,385.96049244345426,376.94587027765806,387.31358947753904,397.15106810393354,377.47611085114454,0.05079852033936956,55.493242857639146,3.24567616254285,4.211370082211763,-0.9656939196689134,7.761257664489668,20.298191030092283,19.102247013573553,-0.11339945515038043
2023-06-07,392.5131188129785,392.5131188129785,385.34758303189705,386.0243225097656,15502070,0.0,0.0,KOTAKBANK.NS,-0.010030283141977292,-0.010080925353655725,0.11793514510912928,387.12151489257815,375.2369445800781,361.05761077880857,367.37927093505857,385.96657149738866,377.3018880122505,387.12151489257815,396.8990017885393,377.344027996617,0.05051378711758911,51.806140598999,2.8906047933896275,3.9472170244473364,-1.0566122310577089,7.924753932501586,20.501227909166918,19.109519666782674,-0.12229230964905348
2023-06-08,385.5266956862059,385.5266956862059,374.11156941640235,375.4949035644531,27458070,0.0,0.0,KOTAKBANK.NS,-0.02727656868058137,-0.02765548044918586,0.08744171034312442,386.41043243408205,376.0601867675781,361.2386404418945,367.42584701538084,384.96926978949006,377.2310258770428,386.41043243408205,397.3881854571893,375.4326794109748,0.05681913375866194,43.438499735308675,1.7395199610265877,3.5056776117631867,-1.766157650736599,8.443690527148618,22.009001276714763,19.546427187572217,-0.14623316374638548
2023-06-09,370.61836353545834,377.72421903490465,370.35962807615783,372.6087951660156,70984620,0.0,0.0,KOTAKBANK.NS,-0.007686145327248428,-0.007715835977862074,0.07908347532251558,385.52867126464844,376.7761456298828,361.37826934814456,367.3935026550293,383.79208173011153,377.04976192759074,385.52867126464844,397.94823389241986,373.109108636877,0.06442873671123642,41.461703739965486,0.587618411453434,2.9220657717012366,-2.3344473602478026,8.559562451927121,21.603463275307327,19.565796450036743,-0.15279533972541584
2023-06-12,373.1760629219248,374.99729443915254,371.10602745924336,374.0916748046875,14075865,0.0,0.0,KOTAKBANK.NS,0.003979722588167034,0.00397182444025123,0.08337792820377432,384.59764862060547,377.4698120117188,361.5772131347656,367.3959410095215,382.8682334514997,376.93375851100626,384.59764862060547,397.5309436699546,371.66435357125636,0.06725623568285222,42.89952436085634,-0.20327267087031942,2.296998083186925,-2.5002707540572446,8.479231792306548,21.116650047862734,19.221107041838888,-0.14942370020212073
2023-06-13,373.2755962038627,374.79827515814,368.6279250692024,369.4141540527344,47809135,0.0,0.0,KOTAKBANK.NS,-0.012503675080166476,-0.012582503813953873,0.06983172260049031,383.6910064697266,378.0950073242187,361.7277893066406,367.4197267150879,381.5868925563792,376.6388720616623,383.6910064697266,398.2000448518706,369.18196808758256,0.07562876448754492,39.59576875396018,-1.1937357421245451,1.598851318124631,-2.7925870602491765,8.314311934795098,21.265789162702774,19.322041943251605,-0.1600590298856837
2023-06-14,369.4141472525886,371.8026590466829,367.5132814710571,371.14581298828125,27892715,0.0,0.0,KOTAKBANK.NS,0.004687581449030365,0.004676628952917897,0.07484664593693657,383.24813690185545,378.6666595458984,361.88672515869143,367.4285841369629,380.59250402608416,376.4234579803533,383.24813690185545,398.7386586291776,367.75761517453327,0.08083807974930396,41.395138438050544,-1.817997712013721,0.9154815120969606,-2.7334792241106816,8.251045820868919,21.255711273902456,19.330069878684323,-0.1561217381758952
2023-06-15,371.8026382122114,372.0116250099453,363.99018871442206,364.94561767578125,24190940,0.0,0.0,KOTAKBANK.NS,-0.01670555101397786,-0.01684666250228753,0.05689074046103415,382.3136291503906,379.06733276367186,361.95808197021483,367.39464736938476,379.1023243736743,375.97334659586033,382.3136291503906,399.8284836268868,364.79877467389446,0.09162558245919271,37.13024179639223,-2.7809764003940245,0.17618992959876356,-2.957166329992788,8.44795776160426,21.517407196446296,19.515225442683835,-0.17021918952838472
2023-06-16,365.6323300046427,370.5486678816947,364.8461010558789,369.7027587890625,15988285,0.0,0.0,KOTAKBANK.NS,0.013035205474114075,0.012950978338973202,0.07066752842663226,381.4751602172852,379.5119946289062,362.07412384033205,367.38335174560547,378.2071276513303,375.7274411916722,381.4751602172852,399.74125398215256,363.2090664524178,0.09576557359311762,42.06248394725632,-3.12426780361659,-0.4839016170443071,-2.6403661865722827,8.453642591711043,21.809938610445915,19.56609077872847,-0.15940282616541038
2023-06-19,370.98656582127404,371.90217767878363,361.8604543618189,363.1641845703125,38049565,0.0,0.0,KOTAKBANK.NS,-0.017686030367116246,-0.01784429705164281,0.051731670005793484,380.3241928100586,379.8012042236328,362.188076171875,367.3062225341797,376.7744664055191,375.2347644614228,380.3241928100586,400.1734505180209,360.4749351020963,0.10438072614473623,37.686189499615544,-3.879219777396429,-1.1629652491147315,-2.7162545282816977,8.790593522873296,21.718002686919853,19.732152771755914,-0.174269653308361
2023-06-20,362.25852957234514,367.6326884971805,361.32302434647085,367.0355529785156,23114525,0.0,0.0,KOTAKBANK.NS,0.010660105188466273,0.010603686863170094,0.0629432402380965,379.5528991699219,380.14713989257814,362.3495001220703,367.300251159668,375.84695084104254,374.91322675621075,379.5528991699219,400.23388054798625,358.8719177918575,0.10897548891494938,41.562925374197434,-4.117671624263039,-1.7539065241443932,-2.3637651001186457,7.670264231087596,22.03902540112171,19.540141086249744,-0.16546728095531937
2023-06-21,367.64266865332496,368.18009368400243,365.46314364335166,367.3440856933594,11995540,0.0,0.0,KOTAKBANK.NS,0.0008406071628210832,0.0008402540504919697,0.06383675793951293,378.90799713134766,380.4904895019531,362.4725085449219,367.2306855773926,375.0371541603108,374.61639769492245,378.90799713134766,400.2909777003278,357.5250165623675,0.1128663460833094,41.87329485681414,-4.2329555427122045,-2.2497163278579553,-1.9832392148542493,6.594010304596785,22.020047769138035,19.361540129642957,-0.16476576677408183
2023-06-22,367.3440460952974,367.6923776585875,364.32854379131453,365.4631042480469,17141050,0.0,0.0,KOTAKBANK.NS,-0.005120489259442307,-0.005133643889211284,0.058389393246683685,377.97398834228517,380.44908813476565,362.6234826660156,367.1642547607422,374.12533988295235,374.25744501073126,377.97398834228517,400.0158663538987,355.93211033067166,0.1166317190676775,40.46235131464863,-4.425088693343014,-2.6847908009549672,-1.7402978923880466,6.502309835917775,22.034721885034717,19.357638594832036,-0.16904257469443368
2023-06-23,364.8460837046731,367.34405447276777,363.0347838315151,363.9603271484375,12920315,0.0,0.0,KOTAKBANK.NS,-0.0041119803398523835,-0.004120457778364544,0.054037316869745,376.81456146240237,380.38738403320315,362.7802288818359,367.0743865966797,373.1572434320462,373.8536364671119,376.81456146240237,399.2601905718255,354.36893235297924,0.1191335548303257,39.32234654768728,-4.645071657557196,-3.0768469722754133,-1.5682246852817827,6.394258626187942,22.01839293473273,19.368082987753123,-0.1724594552905445
2023-06-26,364.6371403487982,364.6371403487982,362.2386665682698,362.8457336425781,11068395,0.0,0.0,KOTAKBANK.NS,-0.0030624038465730807,-0.003067102600673394,0.050809428936131606,375.518293762207,380.20207580566404,362.99887786865236,366.9599865722656,372.1751948806683,373.4219540034047,375.518293762207,398.05081153830054,352.9857759861135,0.1200075636813689,38.45690741110139,-4.853401135314243,-3.4321578048831793,-1.4212433304310639,5.975556671170169,21.869141064520743,19.37684690699107,-0.1749937186378579
2023-06-27,363.7911688105763,367.6326869749664,362.3879109775752,367.1748962402344,10693325,0.0,0.0,KOTAKBANK.NS,0.011931138211812797,0.011860523304846805,0.06334678146704475,374.2245132446289,380.0012414550781,363.2346441650391,366.889326171875,371.69897596253173,373.1769713460255,374.2245132446289,395.4521002224111,352.9969262668467,0.1134484045084766,43.64493341748757,-4.615966517387051,-3.668919547383954,-0.9470469700030968,5.8383595437637235,22.019309619392047,19.472722026840312,-0.16515045466931239
2023-06-28,367.4336583042153,367.85163190118647,364.12953480367105,366.3488464355469,26699910,0.0,0.0,KOTAKBANK.NS,-0.002249744775980056,-0.0022522792537575235,0.06095452260038403,372.4948272705078,379.8111553955078,363.4526953125,366.8219499206543,371.18943981710464,372.909201741693,372.4948272705078,389.8380203834307,355.1516341575849,0.09311910847195835,42.901768765410026,-4.44323434796172,-3.8237825074995073,-0.6194518404622129,5.253312686917448,21.36832741969258,19.473876269371626,-0.16702865307264947
2023-06-30,367.8118186530673,368.3392817787227,364.83613331885795,367.5431213378906,19673600,0.0,0.0,KOTAKBANK.NS,0.0032599390279610674,0.003254636946577824,0.06441316965550081,371.6638214111328,379.65848876953123,363.65542083740235,366.7388493347168,370.8421713905128,372.6987672160537,371.6638214111328,388.22815408605686,355.09948873620874,0.08913610483814442,44.37643185525081,-4.161997934145688,-3.891425592828744,-0.2705723413169445,4.977495365568728,21.171574085312656,19.43199228822403,-0.1643132172696277
2023-07-03,369.4241084318806,370.0212136005955,365.84132556171505,367.025634765625,16042700,0.0,0.0,KOTAKBANK.NS,-0.0014079615213091756,-0.0014089536304756174,0.06291451686985106,370.72035827636716,379.4990557861328,363.8190341186523,366.6568437194824,370.4786917119521,372.4762914336839,370.72035827636716,385.9690206969236,355.4716958558107,0.08226503929513782,43.847987475895955,-3.9355068187253437,-3.900241838008064,-0.03526498071727957,4.9981111554952475,21.00911569291972,19.433815482671278,-0.16548983210357873
2023-07-04,368.2298230850883,371.88227820728974,365.4531626718384,370.5586242675781,32877935,0.0,0.0,KOTAKBANK.NS,0.009626002020837632,0.00957996724816079,0.07314613415721793,370.0913818359375,379.3718670654297,363.9810549926758,366.59484176635743,370.48630433629745,372.401088799719,370.0913818359375,384.1767636170883,356.00600005478674,0.07611839925197102,48.36851832277188,-3.4313735136821037,-3.8064681731428722,0.3750946594607685,5.0165944016748005,21.26076653135824,19.29216615089669,-0.15745683554099824
2023-07-05,370.77756582079957,371.7727815397456,368.8568067724114,371.18560791015625,15595925,0.0,0.0,KOTAKBANK.NS,0.0016919958179826278,0.0016905660056557082,0.07496189292829625,369.1538879394531,379.2428869628906,364.21562744140624,366.5365718078613,370.552904676665,372.35342288248125,369.1538879394531,379.7390948512705,358.5686810276357,0.05734847854861842,49.150877392345635,-2.9472775167196232,-3.6346300418582227,0.6873525251385995,4.918494201082544,21.127268728325458,19.163362134040117,-0.15603125603026377
2023-07-06,370.22025830457153,374.7684015627061,370.0311648827008,373.6636962890625,18271205,0.0,0.0,KOTAKBANK.NS,0.006676143487508446,0.006653956734795443,0.08213849276908913,368.53585662841795,379.19511657714844,364.41845245361327,366.4595422363281,370.8491705445124,372.4048061533276,368.53585662841795,375.938685820431,361.1330274364049,0.04017426830451968,52.231765909530715,-2.3367305542098507,-3.3750501443285486,1.038319590118698,4.6839085142598345,21.185661353621608,19.169330674016816,-0.15039679959654956
2023-07-07,372.60876313130126,373.08647761533143,368.32934764215264,368.9264831542969,10382720,0.0,0.0,KOTAKBANK.NS,-0.012677745207286484,-0.012758793554549851,0.0684194166787655,368.20743560791016,379.09519653320314,364.5936102294922,366.3792782592773,370.66605745973,372.2684013298362,368.20743560791016,374.8545715595755,361.5602996562448,0.03610538684907833,46.4392345969472,-2.209649730467447,-3.141970061556328,0.932320331088881,4.657607215766551,21.216892533656385,19.06424642090175,-0.16116785249855967
2023-07-10,368.82695990056095,373.0765201833028,367.2346086397324,371.5936584472656,17187710,0.0,0.0,KOTAKBANK.NS,0.007229557689013122,0.0072035497123726765,0.07614361648770629,368.1566787719727,378.92919494628904,364.78469146728514,366.3161814880371,370.7544004109239,372.2419408246373,368.1566787719727,374.67659145688674,361.6367660870586,0.03541922806703902,49.813898015939124,-1.8721376687747124,-2.888003583000005,1.0158659142252926,4.3576206605240975,21.19546264367054,19.086652838551903,-0.15510346709679917
2023-07-11,373.00686599605274,376.94794239254384,370.87711999837126,371.5339660644531,20483785,0.0,0.0,KOTAKBANK.NS,-0.00016063886305794917,-0.00016065176686203155,0.07597074600066667,368.02879333496094,378.64476318359374,364.97288696289064,366.2535823059082,370.828644758879,372.21417710855167,368.02879333496094,374.1464776162695,361.91110905365235,0.03324568290362315,49.7383666657477,-1.591132025122704,-2.6286292714245447,1.0374972463018408,4.340560535057165,21.135332637768233,19.052820481246822,-0.15523919031524633
2023-07-12,373.18598425619285,376.37065618907593,371.79265801576116,373.8229064941406,21775415,0.0,0.0,KOTAKBANK.NS,0.006160783774182388,0.006141883732151777,0.08259956911412258,368.2492309570313,378.4733856201172,365.18048828125,366.19222702026366,371.1138125431896,372.2772645354375,368.2492309570313,374.87381765978535,361.6246442542772,0.03597882165585326,52.70004383311755,-1.170244811059888,-2.3369523793516134,1.1667075682917254,4.491970541055167,20.933323356913412,18.885594808569984,-0.15003480162587535
2023-07-13,375.99248857729947,378.5004516409121,371.5040863123572,372.1509704589844,26326850,0.0,0.0,KOTAKBANK.NS,-0.004472535005509259,-0.0044825667128134015,0.07775760464431047,368.2994888305664,378.2295574951172,365.3782376098633,366.14366027832034,371.21258948755104,372.272311826557,368.2994888305664,375.03099095848387,361.56798670264897,0.03655450160569857,50.36548927240111,-0.9605275628343861,-2.061667416048168,1.1011398532137817,4.7514370740038805,19.909727435453558,18.907156830511436,-0.1538363007290682
2023-07-14,372.2305758724178,375.6640822846731,370.2202510344382,372.0116271972656,35659580,0.0,0.0,KOTAKBANK.NS,-0.0003744267052344652,-0.0003744968204158053,0.07735406341536222,368.6527893066406,377.91666137695313,365.5444384765625,366.1200238037109,371.2886883170477,372.2620888999181,368.6527893066406,375.3848402066104,361.9207384066708,0.03652244656893223,50.16603020482654,-0.7963886962098172,-1.808611672080498,1.0122229758706807,4.83247711750261,16.017618751866383,18.858371394035476,-0.1541531270150752
2023-07-17,372.4495392320839,378.07253261755756,371.54388923877383,377.5948181152344,16649280,0.0,0.0,KOTAKBANK.NS,0.015008108644432694,0.014896601274089224,0.09352311024762106,369.0473922729492,377.7906671142578,365.761594543457,366.1542092895508,371.8892721073512,372.4712155358129,369.0473922729492,376.8746810090016,361.2201035368968,0.042418881151520635,57.43902798734096,-0.21333146313372708,-1.4895556302911437,1.2762241671574166,5.127489231663707,16.61071878087957,18.852653201012988,-0.1414585652487638
2023-07-18,377.2564363792065,379.7743309767206,374.0717338750012,376.3607482910156,28978225,0.0,0.0,KOTAKBANK.NS,-0.003268238241135313,-0.003273590596766314,0.0899492162011446,369.70722045898435,377.5199688720703,366.0235354614258,366.2157633972168,372.3151269819859,372.62374623209536,369.70722045898435,377.67004475589073,361.744396162078,0.043076379666162234,55.510589684779326,0.14746657068485547,-1.1621511900959438,1.3096177607807993,5.160190739115718,16.51721009332293,18.673881821324027,-0.144264483197417
2023-07-19,377.1469416061386,381.1676216281366,376.50005746098003,379.49566650390625,16888935,0.0,0.0,KOTAKBANK.NS,0.008329556754060219,0.008295057439807022,0.0990280100565355,370.3302261352539,377.33008178710935,366.3605154418945,366.322550201416,372.9989878888355,372.89323330157816,370.3302261352539,379.2991122201238,361.361340050384,0.048437234942816855,59.25311104723872,0.6785415079450559,-0.7940126504877439,1.4725541584328,5.2376747562304,15.822549231596245,18.714203413106496,-0.13713658564374473
2023-07-20,378.38106289897706,390.6023118240779,376.76878777555487,389.507568359375,46527925,0.0,0.0,KOTAKBANK.NS,0.02638212432754017,0.026040118274743597,0.12802270365729607,371.4384002685547,377.3229168701172,366.8117465209961,366.4860643005371,374.5712336479345,373.54477585286435,371.4384002685547,383.71920926354227,359.1575912735671,0.06612568321481246,68.39667436542146,1.8855634272267707,-0.25809743494484105,2.143660862171612,5.97555872684885,17.426079088884833,19.14803661180087,-0.11437241576851226
2023-07-21,388.51229221477,395.6479714522395,388.25352642559614,392.15478515625,19248750,0.0,0.0,KOTAKBANK.NS,0.0067963167134985625,0.006773325863013681,0.13568910321136807,372.77298431396486,377.3716815185547,367.3484661865234,366.6899838256836,376.2458576011074,374.2745801392716,372.77298431396486,387.8113837897009,357.7345848382288,0.08068395569712267,70.29474313152049,3.0209219582981746,0.3977064437037622,2.6232155145944125,6.205169940260488,15.412603222462353,19.002088022320205,-0.10835341021586445
2023-07-24,388.1341266214448,388.1341266214448,375.83327503302803,377.6346130371094,35165465,0.0,0.0,KOTAKBANK.NS,-0.03702663506542503,-0.03772952599374548,0.09363835723898095,373.4566986083984,377.11949340820314,367.7268472290039,366.76766036987306,376.3781200235838,374.40634613526527,373.4566986083984,388.0447408063765,358.86865641042033,0.07812441041939869,51.88687139499037,2.7177170832997035,0.8617085716229506,1.856008511676753,6.911769553672676,18.88570764187269,19.98002729940523,-0.14136808310313237
2023-07-25,378.38105706365417,378.58008199952775,369.5136806936762,373.3054504394531,39724580,0.0,0.0,KOTAKBANK.NS,-0.01146389247224755,-0.011530109443485752,0.0811010047080678,373.9796844482422,376.7313598632812,368.08154235839845,366.8588223266602,376.0854848250952,374.36317375503734,373.9796844482422,387.68955140438305,360.26981749210137,0.07331877920784893,47.86254381700257,2.10384596736759,1.1101360507718785,0.9937099165957117,7.351085734995345,19.167853450294036,19.90817588442131,-0.15121134707167788
2023-07-26,374.20110235553585,377.76396119000344,373.33526955794144,377.2464599609375,12310365,0.0,0.0,KOTAKBANK.NS,0.010557063972264746,0.010501727293596896,0.09251425717525064,374.48326263427737,376.52534912109377,368.4186215209961,366.9315225219727,376.1960538856516,374.47624380232753,374.48326263427737,387.8769532674557,361.08957200109904,0.0715315848241724,51.546774402309254,1.9132998871702966,1.2707688180515622,0.6425310691187345,7.331176740034274,19.025307176165448,19.76524373844621,-0.14225063096378127
2023-07-27,375.99248809241664,378.69947607449944,370.7278187839964,372.95709228515625,31450005,0.0,0.0,KOTAKBANK.NS,-0.01137019993832522,-0.011435334863737217,0.08009215163569716,374.8136749267578,376.3844268798828,368.7062387084961,366.9861100769043,375.8875813522711,374.4166692330267,374.8136749267578,387.67802002287556,361.94932983064007,0.0686439474153741,47.603924895245626,1.4000358799771107,1.296622230436672,0.10341364954043875,7.51955592886236,19.305115876152332,19.822887522851882,-0.15200341278669535
2023-07-28,372.1311129979364,375.35560253773855,370.43923395430534,373.57415771484375,11510165,0.0,0.0,KOTAKBANK.NS,0.001654521237032025,0.0016531540246170384,0.08187918703853003,375.11522674560547,376.1831945800781,368.96887634277346,367.03731414794925,375.6672552915638,374.383629565647,375.11522674560547,387.5371158596109,362.69333763160006,0.0662297247796323,48.21756509116771,1.0311757276500657,1.2435329298793507,-0.212357202229285,7.453445717423989,18.626619617328323,19.817164151245986,-0.15060038442422027
2023-07-31,371.4145724139239,373.205948819627,368.06066944173944,369.5335998535156,20126035,0.0,0.0,KOTAKBANK.NS,-0.01081594585140544,-0.010874863411634869,0.07017764033375884,375.240625,375.844423828125,369.23728637695314,367.08538330078125,375.0830976307973,374.193432322034,375.240625,387.3657566166825,363.1154933833175,0.06462590033625754,44.539220176618734,0.40810773643147513,1.0764478911897757,-0.6683401547583006,7.413636137347685,18.55293102331329,19.726552949354044,-0.15978744467249245
2023-08-01,368.2298278808594,371.36475142228693,367.11519109915844,368.2298278808594,22339710,0.0,0.0,KOTAKBANK.NS,-0.0035281554185412345,-0.0035343940370695485,0.06640188729321372,375.1241851806641,375.4853497314453,369.4343389892578,367.1471862792969,374.43040527366037,373.9595654812037,375.1241851806641,387.4811423958544,362.76722796547375,0.06588195431461762,43.38902366449043,-0.18870634836969202,0.8234170432778821,-1.0121233916475743,7.371698294383805,17.815879326953528,19.735995875593346,-0.16275184515229763
2023-08-02,366.34886744778214,367.8118358642382,361.8703964224972,362.9949951171875,20902255,0.0,0.0,KOTAKBANK.NS,-0.014216210549259478,-0.014318228900902787,0.05124169353332575,374.71465454101565,375.09602111816406,369.5790432739258,367.1606217956543,373.3413185920915,373.52958232967364,374.71465454101565,388.1196725642838,361.3096365177475,0.07154787175157498,39.03068056475932,-1.0717387281692936,0.444385888988447,-1.5161246171577405,7.326203017941465,18.043329047768918,19.89173813427452,-0.17465434120359155
2023-08-03,362.2784047632745,365.015247912461,359.4420643422848,362.9053955078125,35076460,0.0,0.0,KOTAKBANK.NS,-0.0002468342830623804,-0.000246864751657927,0.05098221104357714,374.17673950195314,374.7492864990234,369.74434844970705,367.1822676086426,372.3474211554935,373.1129475523458,374.17673950195314,388.5851869353944,359.76829206851187,0.07701412681408037,38.95854784849962,-1.7585072141940827,0.003807268351941062,-1.7623144825460237,7.335442469365843,18.040075870142854,19.890203672407115,-0.17485806480755925
2023-08-04,364.34966577593883,367.0987326682345,360.7938431960225,366.2421569824219,27217660,0.3,0.0,KOTAKBANK.NS,0.009194576647008068,0.009152563857333705,0.06064554753765927,374.0425231933594,374.3912640380859,369.98979614257814,367.1882527160644,371.7659674247248,372.8435047848978,374.0425231933594,388.7046697694845,359.3803766172343,0.07839828718375738,43.170683280879715,-2.0103533210629507,-0.39902484953103734,-1.6113284715319134,7.319460047467861,18.187094167096102,19.758553732842408,-0.16727123403977176
2023-08-07,367.5370032406234,367.5370032406234,363.8317509351798,364.857666015625,18541550,0.0,0.0,KOTAKBANK.NS,-0.0037802610660774283,-0.003787424311264333,0.05663603046939425,373.70572357177736,373.94544006347655,370.25603240966797,367.1632807922363,371.1080339571915,372.5303346370832,373.70572357177736,388.9043665768043,358.5070805667504,0.08134016712274282,41.87938257811601,-2.2952023614475365,-0.7782603519143372,-1.5169420095331994,7.17679256201959,18.180616264732095,19.74591153571285,-0.17041916617233394
2023-08-08,364.84771916915355,367.06888883663333,362.9652282535391,364.1505126953125,20448115,0.0,0.0,KOTAKBANK.NS,-0.001938162155217582,-0.0019400428219050957,0.054588098503299154,373.3365509033203,373.4530285644531,370.56575439453127,367.1332305908203,370.44541288463154,372.2017141687785,373.3365509033203,389.1052995685098,357.5678022381308,0.08447471123325927,41.20149207373818,-2.5486296253470186,-1.1323342066008735,-1.4162954187461452,7.126563079589106,18.166290970101333,19.718564559459402,-0.17202702834915257
2023-08-09,365.34570437463,365.34570437463,361.90940112392144,364.8476867675781,13121620,0.0,0.0,KOTAKBANK.NS,0.0019145217374689771,0.0019126913765322153,0.056607130341959744,372.8877899169922,372.88897216796875,370.9335025024414,367.09706237792966,369.9122961115788,371.9133209373589,372.8877899169922,389.10279503934703,356.6727847946373,0.08696989046471296,42.19492280748873,-2.6625245115223493,-1.4383722675851687,-1.2241522439371806,6.383904451173785,17.8323100058301,19.70422551054873,-0.17044185609689028
2023-08-10,363.7022710799668,365.02701500503025,357.77587948881205,358.7420349121094,25560495,0.0,0.0,KOTAKBANK.NS,-0.016734796675189734,-0.01687640547111094,0.038925024850131384,372.21734313964845,372.0449615478516,371.20496337890626,367.03613830566405,368.84846171162934,371.3967999167609,372.21734313964845,389.62556782575854,354.80911845353836,0.09353795575064794,36.3953883050794,-3.208476783901972,-1.7923931708485294,-1.4160836130534424,6.373668057571986,18.463488651731343,19.815312209836602,-0.18432434296535666
2023-08-11,358.1742494279723,358.57265741244777,354.98692475900714,356.86944580078125,21328080,0.0,0.0,KOTAKBANK.NS,-0.005219876482517316,-0.005233547632993807,0.03350196454581744,371.4602340698242,371.49908569335935,371.4624755859375,366.9269383239746,367.70760305345334,370.82709975535,371.4602340698242,390.17426602860746,352.74620211104093,0.10075927511134637,34.81489322854463,-3.7490336582209807,-2.18372126832302,-1.5653123898979606,5.476068059706291,18.4716785412213,19.8102144905922,-0.18858206914487363
2023-08-14,356.3813635630794,359.04079078099835,355.5845476038318,357.3973388671875,16499595,0.0,0.0,KOTAKBANK.NS,0.0014792330153725608,0.0014781400279383135,0.035030754773226036,370.4503601074219,370.9291345214844,371.6664492797852,366.82719482421874,366.72567313095186,370.3004424656182,370.4503601074219,389.9345302241555,350.9661899906883,0.10519180011639694,35.66308714908146,-4.087711720743698,-2.5645193588071558,-1.5231923619365424,5.075342479085931,18.483946822089248,19.776037675443487,-0.18738179295228738
2023-08-16,355.9829776794952,356.5507250439042,354.09051686138093,355.8236083984375,9419700,0.0,0.0,KOTAKBANK.NS,-0.004403307740729501,-0.004413030853328743,0.030473195838840006,369.42350311279296,370.3828436279297,371.84164855957033,366.76854736328124,365.68738125166476,369.7327234825915,369.42350311279296,389.742934703122,349.1040715224639,0.11000616592672541,34.233005345319,-4.4320139242644245,-2.9380182718986094,-1.493995652365815,4.99307899731852,18.240624134793766,19.784823232535043,-0.19096000099363827
2023-08-17,354.98698368847135,356.0627188613709,351.202061612769,351.73992919921875,25658695,0.0,0.0,KOTAKBANK.NS,-0.011476695482909083,-0.011543061012450966,0.018646768766897415,368.0357162475586,369.6189324951172,371.9616799926758,366.67116973876955,364.35905248476513,369.027123706773,368.0357162475586,389.2311374961259,346.8402949989913,0.11518132785955065,30.783435230721068,-4.977022664575713,-3.3458191504340307,-1.6312035141416827,4.7708647086112945,18.45178445348733,19.87712618653249,-0.20024510669572734
2023-08-18,350.02671210832546,352.27773104691977,347.9150918984111,348.7716979980469,20566460,0.0,0.0,KOTAKBANK.NS,-0.008438709838628267,-0.008474517338871425,0.010050704257217324,365.99892272949216,368.87388000488284,372.05541229248047,366.53979293823244,362.8745425336491,368.232793286823,365.99892272949216,386.3174874754586,345.6803579835257,0.1110307352515559,28.532847940022762,-5.584087583550399,-3.7934728370573048,-1.7906147464930946,4.731312606116684,18.373529906690873,19.927867733996727,-0.20699400618234526
2023-08-21,348.8115522704337,353.1144013942817,348.38323401698,350.67413330078125,19777340,0.0,0.0,KOTAKBANK.NS,0.0054546722502266665,0.005439849403630619,0.015560199805050967,363.9248901367188,368.37746459960937,372.21882568359376,366.4003129577637,361.7125987971855,367.5442183854096,363.9248901367188,381.2496345712297,346.60014570220784,0.09521054978131557,31.966064714391223,-5.844310700095377,-4.20364040966492,-1.6406702904304575,4.675432542130783,18.228586449633628,18.107254372187136,-0.2026684183936047
2023-08-22,352.3972380571246,352.99486525043034,350.295618396621,351.221923828125,16644060,0.0,0.0,KOTAKBANK.NS,0.0015621070256524039,0.0015608882055924344,0.017146613528139287,362.60425567626953,367.94972717285157,372.36293640136716,366.25635650634763,360.7134868953702,366.904128402771,362.60425567626953,379.5513839822662,345.65712737027286,0.09347451410568632,32.964656283945146,-5.937888989223154,-4.550490125576567,-1.3873988636465873,4.564695865750841,18.06259174832807,18.109776917802677,-0.2014229011282027
2023-08-23,352.55662028974575,354.9670389125694,349.40914532615824,354.5985107421875,16691425,0.0,0.0,KOTAKBANK.NS,0.009613827284070231,0.009567908515373473,0.026925285393175846,361.6689086914063,367.55986389160154,372.5148379516602,366.1285368347168,360.1311082141147,366.42155516117947,361.6689086914063,378.18877489828606,345.1490424845265,0.09135353252593435,38.91628515981686,-5.674179701358469,-4.775228040732948,-0.8989516606255208,4.507443160611485,18.360077905828444,18.030023165791448,-0.1937455188266353
2023-08-24,356.3813730355914,358.37344338323936,353.8414955009727,354.77777099609375,20618955,0.0,0.0,KOTAKBANK.NS,0.0005055301939398404,0.0005054024565995898,0.027444427131862348,360.54547424316405,367.26713623046874,372.68107177734373,366.01136642456055,359.62126657430315,365.9649361743134,360.54547424316405,375.59548895610465,345.49545953022346,0.08348469631761543,39.224780985455915,-5.388606880624536,-4.897903808711266,-0.4907030719132699,4.433069182903661,18.22801355062634,17.870401640025506,-0.19333793284240294
2023-08-25,352.8355033783596,356.45111605733933,351.9988374488029,354.35943603515625,10216750,0.0,0.0,KOTAKBANK.NS,-0.001179146483058835,-0.0011798422232465956,0.026232919649071373,359.61559143066404,366.93140869140626,372.79903411865234,365.8923034667969,359.1201398562892,365.5098185217974,359.61559143066404,373.7041395533486,345.52704330797945,0.07835337765326529,38.73315865353957,-5.136830315615839,-4.9456891100921805,-0.19114120552365854,4.300739835498267,18.209111555532807,17.863484357581033,-0.1942891055819088
2023-08-28,354.35943040325964,357.8953735836671,353.52276448700013,356.65032958984375,9902680,0.0,0.0,KOTAKBANK.NS,0.006464886557896676,0.006444078810462967,0.03286739905658176,358.76940002441404,366.7655029296875,372.9164178466797,365.8019618225098,358.8849198309134,365.1623875832894,358.76940002441404,371.2715644781083,346.2672355707198,0.06969470892915337,42.950044260215506,-4.698280753874769,-4.896207438848698,0.19792668497392896,4.3484081777285075,18.355359816559933,17.901140671353506,-0.18908027605103442
2023-08-29,357.9650915406616,358.0846108966751,354.3892985593001,355.2060546875,13543460,0.0,0.0,KOTAKBANK.NS,-0.004049554374461639,-0.004057776023293377,0.028684746362493296,358.05302276611326,366.47556884765623,372.99378173828126,365.6936505126953,358.53455172201694,364.77194315600354,358.05302276611326,369.5605494164076,346.54549611581893,0.06427833822708012,41.03259048677331,-4.416358944106491,-4.800237739900258,0.38387879579376616,4.319240445891422,17.699781400206007,17.91099430688387,-0.1923641395664892
2023-08-30,356.77983601500864,357.1682739533526,351.60044059547874,353.5726013183594,12979480,0.0,0.0,KOTAKBANK.NS,-0.004598607899794049,-0.004609214025201326,0.023954228561473112,357.3201614379883,366.2837371826172,373.042470703125,365.5585118103027,358.0619850169067,364.33275328001747,357.3201614379883,367.9307336743068,346.7095892016698,0.05938972037635731,38.91648897052068,-4.275455128930503,-4.695281217706307,0.4198260887758041,4.4714925964032295,17.712423834206415,17.897856274850007,-0.19607814021443576
2023-08-31,353.5725817956062,355.3455232134633,349.46889129004626,350.3553771972656,41570050,0.0,0.0,KOTAKBANK.NS,-0.009099189555688891,-0.009140840030534291,0.014637074939443107,356.6881805419922,365.9501336669922,373.04863677978517,365.42027435302737,357.3280223674171,363.78462088461544,356.6881805419922,367.3809389403841,345.9954221436003,0.059955776399117686,35.07926374604254,-4.372981925800957,-4.630821359325237,0.2578394335242802,4.373313768346004,17.547060991278514,17.94809738864399,-0.2033931776045865
2023-09-01,351.3813195796062,354.5088849021446,349.47888857581864,352.81561279296875,13476050,0.0,0.0,KOTAKBANK.NS,0.007022114560890191,0.006997574330334512,0.02176197271739433,356.18369140625,365.65956420898436,373.07502685546876,365.2707514953613,356.8982690746125,363.3544637045508,356.18369140625,366.5896054490911,345.77777736340886,0.05843004210415977,39.955003616573045,-4.203299147329346,-4.545316916926059,0.3420177695967128,4.464377066433412,15.552116280926153,17.98560625262883,-0.19779931323773914
2023-09-04,354.070619224841,356.3813978878531,350.0665380930319,351.04266357421875,23488415,0.0,0.0,KOTAKBANK.NS,-0.005025143883840455,-0.005037812377857583,0.016627471789452786,355.42371673583983,365.3711553955078,372.9101217651367,365.12271408081057,356.34059236028924,362.87164801316527,355.42371673583983,364.91665794716147,345.9307755245182,0.05341760138295463,37.75446165247342,-4.16388780105018,-4.469031093750884,0.30514329270070384,4.6685639676944595,15.263556067712816,17.980879845852023,-0.2018304871124351
2023-09-05,351.60040900327596,355.1861416333337,351.2219107816892,352.80560302734375,21286715,0.0,0.0,KOTAKBANK.NS,0.005022009106173231,0.005009440879378724,0.02173298421036529,354.8211135864258,365.14806091308594,372.76772247314454,364.9302474975586,356.0039267095325,362.47690115097623,354.8211135864258,363.26464976582656,346.377577407025,0.047593200382333736,41.22107875830458,-3.9449249061256637,-4.364209856225839,0.41928495010017564,4.728325114359344,11.726510848128479,17.78686577088869,-0.19782207255044396
2023-09-06,352.7957095300331,353.9909336321322,350.6442696703531,352.65625,31101115,0.0,0.0,KOTAKBANK.NS,-0.00042332952215662356,-0.0004234191513948158,0.021300454474387776,354.2464004516602,364.9442712402344,372.5731735229492,364.75231063842773,355.6851003562437,362.0917775764281,354.2464004516602,361.4966089151683,346.9961919881521,0.04093313837071692,41.012688599692694,-3.740330572897392,-4.23943399956015,0.4991034266627583,4.620182736729147,11.403847223776737,17.574860164981136,-0.1981616581491558
2023-09-07,353.5925220843046,357.04876569913284,352.05861925210655,356.38140869140625,11040445,0.0,0.0,KOTAKBANK.NS,0.010563143830305766,0.010507743618620578,0.032088598068957364,353.8230865478516,364.7284014892578,372.364821472168,364.5840425109863,355.75141543578303,361.86784154172136,353.8230865478516,359.2184710966383,348.4277019990648,0.030497639944458917,48.06502772361456,-3.2402473612486347,-4.039596671897847,0.7993493106492124,4.665004686623263,11.404423066329404,17.6291336992419,-0.18969172441553148
2023-09-08,357.9750446953828,359.56870709423043,354.897299575878,357.21807861328125,11930910,0.0,0.0,KOTAKBANK.NS,0.0023476811681819587,0.0023449296703332402,0.03451161303453909,353.7468887329102,364.5457861328125,372.1784707641602,364.4353340148926,355.8910976431638,361.68549789746885,353.7468887329102,358.88676635818234,348.607011107638,0.029059634382553847,49.52467451102169,-2.7447754795935566,-3.780632433436989,1.0358569538434326,4.660736125269746,11.10037289953277,17.60939676787729,-0.18778937893651976
2023-09-11,358.57267058696334,360.86353937930284,357.6264249920594,360.1463928222656,11584510,0.0,0.0,KOTAKBANK.NS,0.00819755321553739,0.00816413577943483,0.04299207703448116,353.9107360839844,364.3978515625,372.0281701660156,364.3055961608887,356.2963638506973,361.6251408356962,353.9107360839844,359.64435798277077,348.177114185198,0.03240151436053517,54.359557014351225,-2.091708051601927,-3.4428475570699772,1.3511395054680504,4.728322833284908,11.414992005421952,17.60313155966934,-0.18113123914812726
2023-09-12,362.35758441353164,362.35758441353164,357.85551636645437,360.80377197265625,17044830,0.0,0.0,KOTAKBANK.NS,0.0018253109388077782,0.001823647083191008,0.04489586188178207,354.0810577392578,364.27341430664063,371.88623504638673,364.1656101989746,356.72564081469335,361.5929302920475,354.0810577392578,360.42108680844615,347.74102867006945,0.0358111733492227,55.39254943130472,-1.5037679059749962,-3.0550316268509814,1.5512637208759852,4.652906723332486,11.071909518069509,17.542807823819224,-0.1796365490414964
2023-09-13,358.6921878970437,365.7441340670366,358.6921878970437,363.4731750488281,29659350,0.0,0.0,KOTAKBANK.NS,0.007398489937001429,0.007371255357673615,0.05262651340112878,354.46353607177736,364.13170532226565,371.75178619384764,364.0474307250977,357.3682631227062,361.66666538054875,354.46353607177736,362.04718110706915,346.87989103648556,0.042789422682710805,59.40998910871808,-0.8130502484133899,-2.606635351163463,1.793585102750073,4.832906601027219,11.286458770356186,17.380063343257227,-0.1735670983048961
2023-09-14,364.1504639477013,364.8974903246195,361.3615472359248,362.8655700683594,12797115,0.0,0.0,KOTAKBANK.NS,-0.001671663886577357,-0.0016730626757397718,0.05086687567262227,355.0198181152344,363.9653045654297,371.60409576416015,363.9425845336914,357.8918161651494,361.71368125065896,355.0198181152344,363.35702184622494,346.68261438424383,0.04696753987003855,58.12674344418754,-0.3110940735701888,-2.1475270956448083,1.8364330220746194,4.767454063895668,10.51192531126134,17.37870428858674,-0.17494861634133918
2023-09-15,361.79984251882024,363.2441058220313,360.7639877213536,361.3416748046875,20607700,0.0,0.0,KOTAKBANK.NS,-0.004199613822233883,-0.004208456967576255,0.046453640616219705,355.64831695556643,363.7188641357422,371.4569903564453,363.8303675842285,358.2203741308197,361.69909276258164,355.64831695556643,363.8970073129172,347.39962659821566,0.04638678134603028,54.92254459141326,-0.035842629144667626,-1.7251902023447803,1.6893475732001126,4.632276135610722,10.582486284288793,17.381077472153716,-0.17841351353620533
2023-09-18,360.7639558370006,360.9631446358702,357.37741189382024,358.2439880371094,19850560,0.0,0.0,KOTAKBANK.NS,-0.008572735954834099,-0.008609693223901727,0.03748266986624205,356.0268096923828,363.5052142333984,371.3002053833008,363.70524993896487,358.2226230742759,361.56359845962197,356.0268096923828,364.0047280358311,348.04889134893455,0.04481639093607255,49.00853221797419,-0.06689024099256358,-1.393530210074337,1.3266399690817734,4.651486890860168,10.475522726662561,17.429682512220197,-0.18545675754871932
2023-09-20,355.9730821871053,359.2599866267788,353.73200268825906,356.4710998535156,26840715,0.0,0.0,KOTAKBANK.NS,-0.004948828850716458,-0.004961114855196259,0.03234834569748957,356.28926849365234,363.20276306152346,371.06597900390625,363.54987045288084,358.0558113389654,361.3638926319315,356.28926849365234,363.9403005304213,348.63823645688336,0.04294842822023023,45.958358231030516,-0.2318799886700731,-1.1612001657934843,0.9293201771234112,4.648640503763447,10.51065522015823,17.438767078363814,-0.18948779264711832
2023-09-21,355.3853350242148,356.7399586560217,348.8115272467296,349.747802734375,23923755,0.0,0.0,KOTAKBANK.NS,-0.018860707423135947,-0.01904083910209905,0.012877525590530903,356.0467330932617,362.76703979492186,370.7059014892578,363.3735638427734,357.2645724242425,360.9083596947724,356.0467330932617,364.21357913046694,347.8798870560565,0.04587513535795334,36.64419670726269,-0.8948343476233163,-1.1079270021594507,0.21309265453613446,4.79519760989738,11.747891798523053,17.64944039230989,-0.2047746262528811
2023-09-22,350.2060158241965,352.57658468990496,349.040641154473,349.8972473144531,18550615,0.0,0.0,KOTAKBANK.NS,0.0004272924058699168,0.00042720114246637376,0.013310320465292014,355.8027069091797,362.2885266113281,370.38095611572265,363.2014874267578,356.56292241378634,360.4765513661324,355.8027069091797,364.4090382676695,347.1963755506899,0.04837698641054242,36.950073404787,-1.39212398602632,-1.1647663989328245,-0.2273575870934954,4.688479553404952,11.720210138412702,17.535502600651782,-0.2044348324897238
2023-09-25,351.4012467855096,356.44118304498846,349.9669535009495,355.465087890625,11132835,0.0,0.0,KOTAKBANK.NS,0.015912787593804767,0.015787506489438226,0.029434912361466337,355.8579895019531,361.9548089599609,370.09218322753907,363.0496366882324,356.45836674491386,360.28002338670075,355.8579895019531,364.4394541650904,347.2765248388158,0.048229714753054306,47.18152304076572,-1.3217154916785034,-1.1961562174819602,-0.12555927419654322,4.704842120241677,11.819550055839981,17.484082268521444,-0.19177517296210303
2023-09-26,353.8116516768966,354.94711608441514,349.34940270117363,351.4211730957031,18280835,0.0,0.0,KOTAKBANK.NS,-0.011376404976699672,-0.011441611285757679,0.017723643901288888,355.5965316772461,361.5429998779297,369.7298306274414,362.88075134277346,355.97863401641763,359.9326174929361,355.5965316772461,364.39231569134944,346.8007476631428,0.0494705838249668,41.86743409713714,-1.5740813502125661,-1.2717412440280813,-0.3023401061844848,4.84571405812285,12.172597773011418,17.487853507839848,-0.20096986590670915
2023-09-27,351.4012110168151,352.8155943938883,348.61232457881755,351.63031005859375,15021030,0.0,0.0,KOTAKBANK.NS,0.0005951177074743352,0.0005949406951567551,0.018329309263089844,355.4177444458008,361.0237097167969,369.40718841552734,362.73659759521485,355.5645079251963,359.60703680923643,355.4177444458008,364.3905310478053,346.44495784379626,0.05049149482390479,42.22982229916816,-1.7371823494577825,-1.3648294651140218,-0.3723528843437607,4.9069001905008225,12.162898634541602,17.433331600183596,-0.20049434892510473
2023-09-28,351.0426475055466,352.97495822079156,344.4289592025265,345.2656555175781,41315985,0.0,0.0,KOTAKBANK.NS,-0.018100415006758297,-0.018266231463829087,-0.00010287384811757949,355.00239715576174,360.4018078613281,368.96088836669924,362.5750016784668,354.5836648387565,359.04462969975964,355.00239715576174,365.0406069059138,344.96418740560966,0.056552912490603194,35.065661618061256,-2.3528928125434163,-1.562442134599901,-0.7904506779435154,5.160889659875019,13.151215276093806,17.666777588424736,-0.21496573300980878
2023-09-29,347.4170635482368,347.4170635482368,345.21583428028833,345.763671875,17858645,0.0,0.0,KOTAKBANK.NS,0.0014424149910750028,0.0014413757098349562,0.0013393927561766716,354.77281188964844,359.72716796875,368.5286248779297,362.42480316162107,353.7436655088749,358.5238078242789,354.77281188964844,365.44833158486097,344.0972921944359,0.060182287579202284,35.98084776447563,-2.7687456561062618,-1.8037028389011731,-0.9650428172050887,4.984448356274734,12.782205730701904,17.61382152332235,-0.2138333878145946
2023-10-03,344.62818447315186,345.6242196883922,341.72971834921265,344.04052734375,27674345,0.0,0.0,KOTAKBANK.NS,-0.0049835904446113855,-0.00499604994407013,-0.003650872673375938,354.3340576171875,358.8178271484375,368.0703720092773,362.2881819152832,352.8195571121963,357.95583604072874,354.3340576171875,366.02159592592676,342.64651930844826,0.06596903716981185,34.18553475738419,-3.200462454483329,-2.0830547620176043,-1.1174076924657248,5.012197839115146,12.635044904972375,17.608107671119285,-0.21775132023095428
2023-10-04,341.64008131759095,344.030559772275,340.4448268919575,343.04449462890625,31104895,0.0,0.0,KOTAKBANK.NS,-0.002895102860508536,-0.0028993017769498967,-0.00653540588196444,353.93414916992185,357.83562133789064,367.60365142822263,362.14384368896486,351.8885987804544,357.37107755399063,353.93414916992185,366.60209913956095,341.26619920028276,0.07158365475243975,33.155709148636475,-3.5816852059117537,-2.382780850796434,-1.1989043551153196,4.947457296594804,12.528739767905456,17.50616808267365,-0.22001601062138268
2023-10-05,344.62818697961853,348.01470065674914,342.86521557859083,345.4748229980469,14834005,0.0,0.0,KOTAKBANK.NS,0.007084586423022676,0.007059608642739114,0.0005028798932780187,353.567610168457,357.1924255371094,367.15595947265626,362.006979675293,351.2777629916537,356.9045577674831,353.567610168457,366.78534235034397,340.34987798657005,0.07476777737411738,38.05887344457096,-3.645674725806998,-2.635359625798547,-1.0103151000084512,4.811567218606618,12.716324679207794,17.495813226903753,-0.21449014664005586
2023-10-06,345.68394363516086,348.0146621502997,344.6679987634068,347.3971252441406,9961615,0.0,0.0,KOTAKBANK.NS,0.0055642325232614365,0.005548809367043299,0.006069910557196856,353.3046539306641,356.6742590332031,366.7028094482422,361.88967910766604,350.90817844427147,356.53171727637164,353.3046539306641,366.8049579922466,339.80434986908153,0.07642301855571917,41.70147045441188,-3.500916766198202,-2.8084710538784785,-0.6924457123197234,4.798047239906489,12.488044396495557,17.509314233024824,-0.21011938716664805
2023-10-09,344.6281729460851,345.38516941125425,342.0484454724889,342.49664306640625,9197565,0.0,0.0,KOTAKBANK.NS,-0.014106283045061008,-0.014206722324441643,-0.008121996364242157,352.61041564941405,355.9792626953125,366.25230590820314,361.7704180908203,350.10707983685575,355.9813222093142,352.61041564941405,366.8521914072495,338.3686398915786,0.08077909855048335,35.904710915388364,-3.738527578219191,-2.994482358746621,-0.7440452194725702,5.00294450211892,13.074475256854075,17.51828637005744,-0.2212616666630816
2023-10-10,344.1301615714684,352.33748189188174,342.7556281321293,349.8274841308594,16844910,0.0,0.0,KOTAKBANK.NS,0.021404125304176347,0.021178274095559196,0.013108284712033846,352.24088592529296,355.51667053222656,365.9505487060547,361.67029525756834,350.0804516743799,355.7399952258454,352.24088592529296,366.3622914391065,338.1194804114794,0.08018038835394353,47.63204294567091,-3.297289154254031,-3.055043717848103,-0.24224543640592788,5.422699924590936,14.616141066698146,17.565774302207206,-0.20459345379717275
2023-10-11,350.61437714225093,354.5785779728416,350.61437714225093,352.8753662109375,17499220,0.0,0.0,KOTAKBANK.NS,0.008712528941659636,0.00867479388151777,0.02193501996362257,351.87733459472656,355.1026947021484,365.6429446411133,361.5964091491699,350.3466340111949,355.6276568331039,351.87733459472656,365.50763427511816,338.24703491433496,0.07747188204713583,51.59730331080893,-2.670877697132596,-2.978210513705002,0.30733281657240585,5.367207774838254,14.72184901947238,16.26260100502996,-0.197663451242995
2023-10-12,353.59250740101254,353.9710056526697,350.85341051269484,351.371337890625,11919135,0.0,0.0,KOTAKBANK.NS,-0.0042622083158205815,-0.004271317418159743,0.017579320023305423,351.405712890625,354.7394494628906,365.2919366455078,361.5473471069336,350.44422485685493,355.4607423647714,351.405712890625,364.3721090324661,338.43931674878394,0.073797298485451,49.60138652481024,-2.269641604459707,-2.836496731855943,0.5668551273962357,5.023576612744165,14.726667299987156,16.24636494189136,-0.20108317675319393
2023-10-13,349.6083643798891,352.58649997918167,349.0406170058017,351.0028076171875,10619635,0.0,0.0,KOTAKBANK.NS,-0.0010488341924810296,-0.0010493846039565952,0.016512048038903382,350.78219451904295,354.3949090576172,364.94012939453125,361.485047454834,350.49742321498184,355.285921394278,350.78219451904295,362.43839660733437,339.1259924307515,0.0664583452091873,49.10019869695351,-1.9588164071758456,-2.6609606669199235,0.7021442597440779,5.024286572597593,14.672890334924974,16.21296196104875,-0.2019211080343635
2023-10-16,350.8036097183429,351.03267836060854,347.90514363776396,348.5625305175781,7899785,0.0,0.0,KOTAKBANK.NS,-0.006952300798319544,-0.006976580640800475,0.009444950515821171,350.0670425415039,354.106259765625,364.60114044189453,361.41462677001954,350.313147719991,355.0222590069564,350.0670425415039,360.26568610898727,339.8683989740205,0.05826680222988557,45.80012229723573,-1.8876356775670047,-2.50629566904934,0.6186599914823354,4.7802579291911105,14.5726161467801,15.932256403006559,-0.20746959255209818
2023-10-17,349.6083989447055,353.5526903191915,348.77173291960764,352.9052734375,16086785,0.0,0.0,KOTAKBANK.NS,0.012459006748296586,0.012382032016753669,0.02202163196633178,349.64522247314454,353.90625732421876,364.3277719116211,361.37427963256835,350.5600168359442,354.93923996501695,349.64522247314454,358.48815779167063,340.80228715461845,0.05058233174746321,51.98495232788335,-1.463926147337645,-2.297821764707001,0.8338956173693561,4.699863258631256,14.886315927757895,16.023318092673705,-0.19759545085747446
2023-10-18,353.1941139796869,353.632371931651,347.63622013277154,349.2896423339844,15258400,0.0,0.0,KOTAKBANK.NS,-0.010245330335523994,-0.01029817498280259,0.011550682736785278,349.19750518798827,353.56720703125,363.97923553466796,361.30853942871096,350.43902878813856,354.71768711674116,349.19750518798827,357.05969721712114,341.3353131588554,0.04503005841866086,47.15984974136214,-1.4037034849330894,-2.1189981087522187,0.7152946238191293,4.827926257474734,15.116105535366462,15.474920568106763,-0.20581635052616687
2023-10-19,347.0186388450794,349.28959776247575,345.74371507384956,346.31146240234375,9965895,0.0,0.0,KOTAKBANK.NS,-0.008526390624526314,-0.008562948244424993,0.002925806479265214,348.6895233154297,353.1962829589844,363.5708615112305,361.2287046813965,350.0459272275867,354.38803124558837,348.6895233154297,355.85493664077313,341.5241099900863,0.041099103048539164,43.572353749143595,-1.5780994734942624,-2.0108183817006275,0.43271890820636516,4.470778274751146,15.22501220860875,15.486209063546081,-0.21258787054919262
2023-10-20,345.32543933960955,353.233961793883,345.1560999696676,352.5168151855469,20361915,0.0,0.0,KOTAKBANK.NS,0.01791841581031406,0.017759773276655164,0.020896648106655258,348.8279739379883,352.96360900878904,363.2083187866211,361.1812400817871,350.28124989024957,354.31465022362596,348.8279739379883,356.1839566776872,341.4719911982894,0.04217541762293747,51.799848963228264,-1.2017365704476788,-1.8490020194500378,0.647265449002359,4.890537743055928,16.141332076215654,15.780001398967086,-0.19847869259960824
2023-10-23,352.39724619434344,352.39724619434344,343.12416079320906,346.7696533203125,37732210,0.0,0.0,KOTAKBANK.NS,-0.01630322758421998,-0.016437587534396583,0.004252737712605148,348.6715942382813,352.60204833984375,362.7455102539063,361.0965803527832,349.94681212168416,354.0187679921235,348.6715942382813,356.0647494769425,341.27843899962005,0.04240755691505376,45.22314755139681,-1.351633401236768,-1.749528295807384,0.397894894570616,5.273302090666675,16.493155964489613,15.873613439077666,-0.21154607688775837
2023-10-25,348.4131055528126,350.95301358539956,343.03452147877914,344.2397155761719,17563340,0.0,0.0,KOTAKBANK.NS,-0.007295729946137253,-0.007322473941231657,-0.0030740190594150674,348.1103256225586,352.312001953125,362.1784817504883,361.00146026611327,349.40327911734965,353.63527574051756,348.1103256225586,355.02055570647747,341.20009553863974,0.03970137956442771,42.65572111598747,-1.6554891040800612,-1.7307204574619195,0.07523135338185827,5.582072923154385,16.56689081471435,15.886101636182326,-0.2172984237857577
2023-10-26,344.1700269681595,344.1700269681595,336.4606935044269,337.6260681152344,31396400,0.0,0.0,KOTAKBANK.NS,-0.01921233129613731,-0.01939928657104731,-0.022227291282972295,347.42057037353516,351.92713439941406,361.7131100463867,360.8655093383789,348.28163997429107,353.00746367678096,347.42057037353516,355.580308211541,339.2608325355293,0.046973256817998923,36.777623719271,-2.402271129070982,-1.865030591783732,-0.5372405372872502,5.769896994124862,17.114282253724543,15.962582542887604,-0.2323359457739946
2023-10-27,340.2456141658379,340.2456141658379,336.4606623484727,339.1898193359375,14874150,0.0,0.0,KOTAKBANK.NS,0.004631606882230965,0.004620913995195958,-0.01769863247602088,346.79854583740234,351.56298400878904,361.2460592651367,360.74941940307616,347.4157522944478,352.4655952712577,346.79854583740234,355.48666648070326,338.1104251941014,0.05010471207324136,38.92082974675104,-2.8352367649015378,-2.059071826407293,-0.7761649384942446,5.801203310587165,17.189288694997444,15.817417948954901,-0.22878042765720005
2023-10-30,339.0503768341092,342.8153886835008,336.3411598675864,342.1380920410156,7557815,0.0,0.0,KOTAKBANK.NS,0.008692102583887085,0.008654543746810978,-0.009160368221209914,346.64216766357424,351.2892736816406,360.8360586547852,360.6485185241699,346.91311798459714,352.06059514458155,346.64216766357424,355.55611103662477,337.7282242905237,0.05143023096775552,42.85417685056548,-2.906954619749456,-2.2286483850757257,-0.6783062346737303,5.881599670891644,17.25471746817342,15.640007208092815,-0.22207690801969485
2023-10-31,344.1700136867849,348.0146949926411,342.00860391467523,346.500732421875,24196680,0.0,0.0,KOTAKBANK.NS,0.012751109807254135,0.012670498935415839,0.003473936724980753,346.679020690918,351.18448974609373,360.40171112060546,360.60277069091796,346.87384316909976,351.8425613123186,346.679020690918,355.58376125973075,337.7742801221052,0.051371672569433036,48.17273466793962,-2.581999237812397,-2.29931855562306,-0.28268068218933706,5.607689117498102,17.773983658229934,15.686531686623672,-0.2121575252522554
2023-11-01,344.8273774390296,345.8134425001875,342.20780015880194,343.5126037597656,12640525,0.0,0.0,KOTAKBANK.NS,-0.008623729714000272,-0.008661129241938298,-0.0051797512803792856,346.6526245117187,351.0793078613281,359.97659393310545,360.51710235595704,346.5537251301156,351.5158963102577,346.6526245117187,355.5933537379902,337.71189528544727,0.05158321959261101,45.07809886720253,-2.5363493106190163,-2.3467247066222514,-0.18962460399676484,5.574963290433162,17.878824567369886,15.741918950446074,-0.21895166581168904
2023-11-02,345.62421134313604,350.335468740237,345.0465243067415,346.1620788574219,12752790,0.0,0.0,KOTAKBANK.NS,0.007712890498507541,0.007683298222509484,0.002493188363693166,346.80850372314455,350.98906677246094,359.68326568603516,360.46095306396484,346.51642548509716,351.3059426846563,346.80850372314455,355.59168265766124,338.02532478862787,0.05065146235011729,48.25236945648216,-2.260325293653125,-2.3294448240284265,0.06911953037530161,5.839625421897198,17.95170356720456,15.78620270583208,-0.21292752553605293
2023-11-03,346.62028851590895,347.4669246102793,344.6481276557201,345.275634765625,7794790,0.0,0.0,KOTAKBANK.NS,-0.0025607775835029267,-0.0025640619826944053,-7.397372068296271e-05,346.7985443115234,350.8701409912109,359.40993408203127,360.3941017150879,346.3982549403855,351.0694600211649,346.7985443115234,355.5885398458806,338.00854877716625,0.050692228549040576,47.26803625433801,-2.089021956701856,-2.2813602505631128,0.19233829386125656,5.7876907062671465,17.92030933522515,15.77843447969807,-0.21494304308525242
2023-11-06,347.41706128776934,348.0146884796655,345.02658291676636,346.66009521484375,5933425,0.0,0.0,KOTAKBANK.NS,0.0040097253029700575,0.00400170777936615,0.003935454967987528,346.7616928100586,350.71137268066406,359.1356182861328,360.3564157104492,346.42319210938155,350.8965437542504,346.7616928100586,355.54730078354345,337.97608483657376,0.050672309863807406,49.01731913371887,-1.8205621331504744,-2.1892006270805853,0.36863849393011083,5.777731480556757,17.149019130310915,15.790749958421063,-0.21179518034083875
2023-11-07,345.654123808359,349.48886573570996,343.85130237386716,348.8613586425781,17998015,0.0,0.0,KOTAKBANK.NS,0.006349918718997927,0.006329842926741951,0.010310363506154552,347.0799285888672,350.5930444335938,358.9300903320312,360.3289398193359,346.6553984458765,350.8167325734005,347.0799285888672,355.674054826895,338.4858023508394,0.049522461716349796,51.757576570661875,-1.4138838539886365,-2.0341372724621953,0.6202534184735589,5.823974592001714,17.25460377859327,15.69408564689988,-0.20679014380208058
2023-11-08,349.2099796520118,350.79367211959726,346.6202818120302,347.8653259277344,18214185,0.0,0.0,KOTAKBANK.NS,-0.0028550961296468502,-0.0028591796910940586,0.0074258302975660495,346.98182067871096,350.4631622314453,358.6972854614258,360.2920053100586,346.7706296346248,350.7009911363155,346.98182067871096,355.4882338854734,338.47540747194853,0.04903088692153111,50.4365832459843,-1.1586042352711843,-1.8590306650239932,0.7004264297528089,5.693777342622257,16.591251700351012,15.696301687762093,-0.20905483419250895
2023-11-09,347.79557236655324,349.9470120988827,346.4409790517066,347.6063232421875,9718555,0.0,0.0,KOTAKBANK.NS,-0.0007445487268847861,-0.0007448260409459038,0.006675752678187097,346.71836853027344,350.2822821044922,358.52389251708985,360.24098724365234,346.8502195020117,350.5796316110556,346.71836853027344,354.7704822852011,338.66625477534575,0.04644757524131361,50.078656046468,-0.9660565518151429,-1.6804358423822232,0.7143792905670803,5.6909277559823455,16.278116313776415,15.683246495861678,-0.20964373140874665
2023-11-10,345.54455320369976,348.4629291141568,345.54455320369976,347.7059326171875,8173995,0.0,0.0,KOTAKBANK.NS,0.0002865580063990958,0.00028651695649551187,0.006964223674964964,346.53509826660155,350.1322796630859,358.3039242553711,360.18902404785155,346.9317159891713,350.46693753286473,346.53509826660155,354.3031427241329,338.7670538090702,0.04483265618050105,50.224955039351,-0.7962448661807002,-1.5035976471419188,0.7073527809612186,5.322393047856748,16.276866201734858,15.683249417137118,-0.2094172484920741
2023-11-13,348.8115614956156,349.05060023198934,345.3254380727731,348.2537841796875,14276385,0.0,0.0,KOTAKBANK.NS,0.0015756175293768493,0.0015743775463991443,0.00855081415724257,346.39764709472655,350.0259033203125,358.15482025146486,360.17144821166994,347.0576272454109,350.3801472052892,346.39764709472655,353.9264345518758,338.8688596375773,0.043469045013983014,51.074214219508775,-0.6104242486189264,-1.3249629674373202,0.7145387188183938,4.9175721740623475,15.38396907327738,15.59290950326891,-0.20817159245037517
2023-11-15,350.8036150610367,353.0546339784118,348.64220526888505,352.4968566894531,17161355,0.0,0.0,KOTAKBANK.NS,0.012183851841725657,0.012110226145315631,0.020838847851786246,346.5943634033203,350.06873291015626,358.0094332885742,360.1794667053223,347.5756490972244,350.46315542035444,346.5943634033203,354.55455692193374,338.63416988470686,0.045933773650845125,57.169375824386314,-0.11940317426734737,-1.0838510088033257,0.9644478345359784,4.6948834377840525,15.761662347005695,15.735551780608928,-0.19852407244872095
2023-11-16,352.7956869201136,355.26583481076284,351.6004324980312,353.1642150878906,10395580,0.0,0.0,KOTAKBANK.NS,0.001893232197033301,0.0018914422917388515,0.022771532826521668,346.60731048583983,350.07570495605466,357.86763458251954,360.1700715637207,348.10789347728786,350.56907932888527,346.60731048583983,354.6114442496062,338.60317672207344,0.046185602678414296,58.05448392929403,0.3198972339947659,-0.8031013602437075,1.1229985942384735,4.401053454997387,15.672294977666171,15.693872868883279,-0.19700669241753374
2023-11-17,350.6043862055917,355.43516294711577,350.4649266889008,351.520751953125,13554350,0.0,0.0,KOTAKBANK.NS,-0.00465353811216862,-0.0046643995297628105,0.018012026518472224,346.7188659667969,350.0852667236328,357.7282110595703,360.175846862793,348.43292761784375,350.6063998239535,346.7188659667969,354.9396657436978,338.498066189896,0.047420550675705914,55.03807202452197,0.5293304407259711,-0.5366150000497718,1.065945440775743,4.4857166293438,15.71771140880281,15.57570047302089,-0.2007434523781851
2023-11-20,349.80758837114064,353.78175925097634,348.632243686791,352.7060241699219,9618255,0.0,0.0,KOTAKBANK.NS,0.0033718413783858647,0.003366169467525078,0.021444601593181734,347.0385940551758,350.08327514648437,357.6156680297852,360.19794845581055,348.83988919423217,350.68873803359935,347.0385940551758,355.67935330899184,338.39783480135975,0.04979710845902197,56.78213053968318,0.7819356605507437,-0.2729048679296687,1.0548405284804123,4.391094254220292,15.626540867185119,15.534893843117468,-0.19804848607896802
2023-11-21,354.37938517328166,354.37938517328166,350.73389256146055,352.0386962890625,13528825,0.0,0.0,KOTAKBANK.NS,-0.0018920229174704817,-0.0018938150536959096,0.019512004998040844,347.0146881103516,350.0709240722656,357.50759765625,360.2532377624512,349.1445374889779,350.7416775730293,347.0146881103516,355.5940588148356,338.4353174058676,0.04944672948112066,55.47734937683571,0.9177006524184321,-0.034783763860048555,0.9524844162784807,4.222480078067093,15.575756265169376,15.536423486223198,-0.19956579672200672
2023-11-22,350.20599683549665,351.2020320765552,346.12224626784,347.74578857421875,22568660,0.0,0.0,KOTAKBANK.NS,-0.012194419988758254,-0.01226938196340236,0.007079647425513702,347.06349487304686,349.89821166992186,357.31330657958983,360.27397537231445,349.0113233066199,350.6241917299387,347.06349487304686,355.64810082411503,338.4788889219787,0.049469944709733024,47.85861115462594,0.6711569320148101,0.1064043753149232,0.5647525566998869,4.338445632220624,15.429247073513775,15.615291270006587,-0.2093266275701457
2023-11-23,346.6302035160792,348.37326503480296,346.02260626618784,346.48077392578125,14181445,0.0,0.0,KOTAKBANK.NS,-0.003637756918995705,-0.0036443896470839637,0.0034161364701117414,347.17554779052733,349.6834655761719,357.1146258544922,360.2836605834961,348.7703186036829,350.46170475722664,347.17554779052733,355.66291485979593,338.68818072125873,0.04889380674003895,45.859992161814084,0.36943453601674037,0.15901040745528663,0.21042412856145373,4.019002331373749,14.14179081604288,15.610288338459686,-0.2122029051013681
2023-11-24,346.52065809274785,348.5127285967551,345.36525355283356,347.4170837402344,12809895,0.0,0.0,KOTAKBANK.NS,0.002702342770261934,0.002698698006828119,0.006127710812065867,347.6650985717773,349.42887939453124,356.91336547851563,360.28439315795896,348.6414390928783,350.3423078545995,347.6650985717773,354.8651092018588,340.46508794169586,0.04141923166667812,47.60411008237969,0.20352364644736554,0.16791305525370243,0.03561059119366311,4.042479337756772,13.915081173099114,15.620847714240066,-0.21007400731753537
2023-11-28,347.6162886527512,348.21391585869134,346.2218454366125,347.0684814453125,16746460,0.0,0.0,KOTAKBANK.NS,-0.0010034114936688932,-0.0010039152479918176,0.005118150702938307,348.0590316772461,349.1541735839844,356.7137939453125,360.26641403198244,348.4916336026339,350.2139225052157,348.0590316772461,354.0706459649842,342.047417389508,0.034543647718428674,46.9970613139807,0.043408394381344806,0.14301212307923092,-0.09960372869788611,3.971333970555321,13.870140144130568,15.392717734677472,-0.21086662813774074
2023-11-29,348.3135259310943,350.45499555841434,346.66010383093857,349.2995910644531,17365700,0.0,0.0,KOTAKBANK.NS,0.006428442046507721,0.006407867739687343,0.011579494484625252,348.41710662841797,348.8707019042969,356.50120361328123,360.2411293029785,348.56858193233097,350.17806637028383,348.41710662841797,353.7596816657594,343.07453159107655,0.030667696480467025,51.27927399229129,0.09544754378373455,0.13349920722013164,-0.0380516634363971,3.8397145681005327,14.007136488911136,15.435748296795227,-0.205793729989759
2023-11-30,349.89721724740286,351.79964814508935,347.80553722818956,349.697998046875,31274735,0.0,0.0,KOTAKBANK.NS,0.0011405881730572887,0.0011399381965570873,0.012733290092141747,348.576969909668,348.6073504638672,356.28632751464846,360.2509774780273,348.67614537181134,350.1592401615227,348.576969909668,353.86920514518533,343.2847346741506,0.030364801420408295,52.02465294399527,0.1669129894200978,0.1401819636601249,0.02673102575997291,3.8269088973385856,13.85994837953416,15.362294594849384,-0.20488786771121736
2023-12-01,350.60440546206235,351.79965991204364,348.2637165621893,348.7119445800781,10011890,0.0,0.0,KOTAKBANK.NS,-0.0028197286581683745,-0.002823711581959428,0.00987765701098775,348.8369369506836,348.354755859375,356.0368099975586,360.2276312255859,348.67955482021773,350.1024834720543,348.8369369506836,353.56213451060415,344.11173939076303,0.027091153828062528,49.98633072610096,0.14234275728898638,0.14061412238589718,0.0017286349030891934,3.829045347529891,13.379463341958306,14.65689206019561,-0.20712986817708937
2023-12-04,352.59645131514395,363.74208733505253,349.1402080482537,362.2679443359375,22895865,0.0,0.0,KOTAKBANK.NS,0.03887449216052419,0.03813790805495669,0.04913613807154982,349.64223022460936,348.43523498535154,355.970224609375,360.28191741943357,349.9736871550482,350.57956036867716,349.64223022460936,357.130083340147,342.15437710907173,0.04283151443535555,68.34715486534945,1.2028607296504106,0.3530634438387999,0.8497972858116107,4.6941715507097035,17.243194251766262,16.06665713080787,-0.1763074444532259
2023-12-05,364.1505032949394,365.94335463463204,360.26597179454916,364.2401428222656,27857360,0.0,0.0,KOTAKBANK.NS,0.00544403256529713,0.005429267383855921,0.054847669372641406,350.59045562744143,348.5906158447266,355.896689453125,360.34069046020505,351.3323972185927,351.11526948450415,350.59045562744143,360.24089334147635,340.9400179134065,0.05505248394035039,70.06875387197262,2.177369439331301,0.7179246429373001,1.4594447963940007,4.8336158850573225,17.027298245984717,14.885775434655807,-0.17182323535703636
2023-12-06,364.9572531515786,366.41145600014886,361.1922413952929,362.835693359375,23479400,0.0,0.0,KOTAKBANK.NS,-0.003855833824378707,-0.003863286715861919,0.05078035204950737,351.399235534668,348.85237365722656,355.80970672607424,360.39129684448244,352.4279492320005,351.57489395018536,351.399235534668,362.2938273239936,340.5046437453424,0.0620069179874512,67.26308625615918,2.8040242326189855,1.1351445608736372,1.6688796717453482,4.863499085495298,16.386838352060305,14.779111029553468,-0.17501654733871125
2023-12-07,363.5528585475113,365.91345717654457,361.24204952128963,363.92138671875,12503210,0.0,0.0,KOTAKBANK.NS,0.002992245193197407,0.00298777733794272,0.05392454450703377,352.15223693847656,349.1328564453125,355.7106915283203,360.44558990478515,353.52256232597665,352.0590701371879,352.15223693847656,364.3161252329413,339.9883486440118,0.06908312382289294,68.31916003955595,3.349646412921288,1.5780449312831675,1.7716014816381207,4.9353566099612465,15.547786828468482,14.67599504286612,-0.17254799456801817
2023-12-08,363.92139914681644,367.1386039887934,362.696295227248,366.2322082519531,14927330,0.0,0.0,KOTAKBANK.NS,0.006349782171469309,0.006329707240798781,0.06061673578981841,353.0705810546875,349.34819885253904,355.65150390625,360.51487075805665,354.73300479511727,352.61487947502184,353.0705810546875,366.57154956146496,339.5696125479101,0.07647744803006545,70.50046134488673,3.923294609106904,2.0470948668479148,1.8761997422589891,4.897647503056277,15.366995860914292,14.598827413042054,-0.16729385457617962
2023-12-11,367.53699692664543,370.8537808414871,366.60072138621683,367.3477478027344,16029165,0.0,0.0,KOTAKBANK.NS,0.003045989745428912,0.0030413601174813245,0.0638473634908645,354.05765228271486,349.6667303466797,355.6048651123047,360.5746517944336,355.9344088910808,353.1926390172851,354.05765228271486,368.713744245307,339.4015603201227,0.08278929642164187,71.5199059702665,4.41701307901144,2.52107850928062,1.8959345697308199,4.85993729058118,13.97404889375655,14.605580953757629,-0.16475744019626298
2023-12-12,368.1346279530777,369.13066318542013,362.3675754467718,363.4233703613281,19074810,0.0,0.0,KOTAKBANK.NS,-0.010683003951649783,-0.010740476927541268,0.052482277902739405,354.84352416992186,349.90259155273435,355.4631506347656,360.6123725891113,356.64764331681863,353.5938441680319,354.84352416992186,369.74901831863554,339.9380300212082,0.08401164532215594,63.240246892970376,4.4404374623400145,2.904950299892499,1.5354871624475153,5.082622656783124,14.49971624438967,14.602847499348082,-0.17368033976323238
2023-12-13,363.3536426982773,365.6943315871163,361.1822931744111,363.7919006347656,16256660,0.0,0.0,KOTAKBANK.NS,0.001014052214284078,0.0010135384106572311,0.053549549887141445,355.6204299926758,350.27311645507814,355.33746215820315,360.6804988098145,357.3280487756707,353.9937679510411,355.6204299926758,370.6984897254652,340.54237025988635,0.08479861369663137,63.66563967903578,4.437585049867835,3.211477249887566,1.2261077999802685,4.982307541889035,14.377801626626646,14.592815076037144,-0.17284240848206278
2023-12-14,367.3377970862906,371.6107969250477,365.0369580338639,369.29998779296875,24394315,0.0,0.0,KOTAKBANK.NS,0.015140763575528515,0.015027286203751116,0.06950109453708708,356.46058654785156,350.7438427734375,355.2355053710937,360.79801040649414,358.46823344398484,354.5940118664108,356.46058654785156,372.63827609655954,340.2828969991436,0.09076846169940456,69.37077401266572,4.824171052148017,3.5340160103396565,1.2901550418083607,5.372895936293816,14.547502117669818,14.615142923164296,-0.16031861094918615
2023-12-15,371.5211437215351,371.5211437215351,367.08877475442773,368.6525573730469,19385985,0.0,0.0,KOTAKBANK.NS,-0.0017531287336105539,-0.001754667262210937,0.06762612143762614,357.23500366210936,351.23608337402345,355.02695526123046,360.91935089111325,359.4381690562764,355.14532737647494,357.23500366210936,374.21141104568005,340.2585962785387,0.09504335918675998,68.01884285806067,5.020428643773755,3.8312985370264765,1.1891301067472786,5.464674073664233,14.237659074381224,14.618716436251706,-0.16179068051940915
2023-12-18,367.57685765694123,369.70835728853535,366.5409724845285,367.92547607421875,18793650,0.0,0.0,KOTAKBANK.NS,-0.001972267069050515,-0.0019742145488010963,0.06552047759625657,358.05523986816405,351.7337030029297,354.7846621704102,361.0665641784668,360.2464840103662,355.64650967834723,358.05523986816405,375.4492510303731,340.661228705955,0.09715825507043838,66.45258073896937,5.058978064727626,4.076834442566707,0.982143622160919,5.548625100944808,14.199997062766442,14.543757102174688,-0.16344385315719198
2023-12-19,368.5031510520413,369.4991862706703,365.6843847578175,367.84576416015625,15444615,0.0,0.0,KOTAKBANK.NS,-0.00021665233653578309,-0.00021667580904355662,0.06528963009515865,358.8122268676758,352.1811218261719,354.6867736816406,361.2068104553223,360.9702249770129,356.1249118148888,358.8122268676758,376.54058587063554,341.08386786471607,0.09881691690231989,66.27240641873571,5.025169645666779,4.266501483186722,0.7586681624800571,5.550047228471739,14.149695623915596,14.529107197588791,-0.1636250950010488
2023-12-20,368.9613505457823,371.3219493539618,361.6205752151699,363.8516845703125,19842810,0.0,0.0,KOTAKBANK.NS,-0.01085802795354407,-0.0109174065532483,0.053722685512964885,359.40287628173826,352.5102130126953,354.59223602294924,361.33688919067384,361.24464970018425,356.42792251117993,359.40287628173826,376.96742172679984,341.8383308366767,0.09774293198083714,57.813937639725935,4.6227986418490445,4.337760914919187,0.2850377269298576,5.957708887178321,14.628008265536558,14.641324222426983,-0.17270647709917017
2023-12-21,362.7560327996305,370.0171075381245,359.5687079939598,369.0708923339844,12019200,0.0,0.0,KOTAKBANK.NS,0.014344327606550689,0.014242421103413245,0.06883762892041734,360.46913146972656,353.04169799804686,354.5104803466797,361.46455093383787,361.99000614149855,356.92372524932915,360.46913146972656,377.6387668907567,343.2994960486964,0.09526272250289537,64.23729299251158,4.671216296451746,4.404451991225699,0.2667643052260473,6.451455758200491,15.028968964616018,14.833035011484647,-0.1608395077799033
2023-12-22,369.46929037323184,374.43949617128436,368.7322340703845,370.62469482421875,16546475,0.0,0.0,KOTAKBANK.NS,0.004210038023882756,0.004201200609020594,0.07333747597952889,361.67632751464845,353.45764221191405,354.48715637207033,361.59669754028323,362.8123574446148,357.46101817383465,361.67632751464845,378.08298650797076,345.26966852132614,0.09072564470041415,65.90185370215325,4.7798671783791065,4.479535028656381,0.3003321497227258,5.785535711480882,14.973231555990335,14.568819471501634,-0.1573066101995166
2023-12-26,371.9195487361967,378.29416812774053,369.95735811758414,375.8738098144531,21753345,0.0,0.0,KOTAKBANK.NS,0.014162885159943128,0.014063528520779543,0.0885390313896901,363.0991638183594,353.91761108398435,354.5101528930664,361.7395146179199,364.0563052893613,358.1830884342511,363.0991638183594,379.23249570562376,346.965831931095,0.0888646050164692,70.83968669815437,5.229253912120043,4.629478805349113,0.59977510677093,5.975494795057561,15.341037259335527,14.717247329044206,-0.14537164049472917
2023-12-27,377.29812515980024,380.4854499884938,375.13674577750146,378.9615173339844,17036215,0.0,0.0,KOTAKBANK.NS,0.008214745052482986,0.008181187685893425,0.09748110201223326,364.69381561279295,354.46941467285154,354.6044320678711,361.9208592224121,365.47584929361113,358.99792878326025,364.69381561279295,380.45602280712677,348.9316084184591,0.0864407704191456,73.28996201604556,5.768057748807053,4.857194594040702,0.9108631547663508,5.984744052638733,15.406663099746215,14.771451535405495,-0.13835108640677152
2023-12-28,380.68465971264,383.77234446763384,379.1109070988868,382.7464294433594,24750070,0.0,0.0,KOTAKBANK.NS,0.009987589600131574,0.00993804325305363,0.10844229285303153,366.3661575317383,355.104287109375,354.7495980834961,362.09196853637695,367.12066645073,359.92924253463667,366.3661575317383,382.34709519654024,350.3852198669363,0.08724025042306223,75.95692527501441,6.426394965776296,5.17103466838782,1.255360297388476,5.994702586809772,15.53532319421491,14.827024710065961,-0.12974529067840307
2023-12-29,380.90381054271614,382.0293048328174,376.51129147879897,380.1069641113281,12230850,0.0,0.0,KOTAKBANK.NS,-0.006896120065365219,-0.0069200081882651665,0.10079834171598834,367.88660583496096,355.73517578125,354.9207177734375,362.24988052368167,368.35745670412035,360.72052573372264,367.88660583496096,382.9503386152392,352.8228730546827,0.08189334725078878,70.65844355604042,6.658395323344905,5.468506799379238,1.1898885239656671,6.122761815596557,15.560580073140981,14.73871481544696,-0.13574667164133433
2024-01-01,380.28622123455085,382.27829160329463,377.11883664342787,380.31610107421875,7129510,0.0,0.0,KOTAKBANK.NS,0.0005502055543222806,0.0005500542467439131,0.1014040070777893,369.466813659668,356.28339233398435,355.0948248291016,362.4195866394043,369.4963752155583,361.4889796686441,369.466813659668,382.5634970271802,356.3701302921558,0.07089504595980364,70.83205939728249,6.780966126760575,5.730998664855505,1.0499674619050694,6.161181984906043,15.570466534794347,14.653875333333122,-0.1352711546597299
2024-01-02,380.087067300681,380.087067300681,370.5450323370302,371.5311279296875,25603980,0.0,0.0,KOTAKBANK.NS,-0.023099135481557953,-0.02337010136258965,0.07596252669836856,369.92997283935546,356.72822204589846,355.14771453857423,362.56875534057616,369.6901611883325,361.8827894043713,369.92997283935546,382.6030453508518,357.2569003278591,0.0685160621845568,55.87576491463262,6.09892583726031,5.804584099336466,0.294341737923844,6.376037770516059,17.14670096111592,15.177915860819835,-0.1552456434130559
2024-01-03,371.3219411822961,372.51719568001016,368.0649167510728,371.700439453125,18907575,0.0,0.0,KOTAKBANK.NS,0.00045571288839507673,0.0004556090828125826,0.07645285668921509,370.30298767089846,357.2360015869141,355.21614227294924,362.7360873413086,369.8816162611699,362.26779528863614,370.30298767089846,382.7072291170107,357.89874622478624,0.06699509244649313,56.06829692297601,5.508566691091119,5.745380617687397,-0.23681392659627853,6.37176923596121,17.145824811339704,15.177239158108325,-0.1548606779652314
2024-01-04,372.81597080877236,372.81597080877236,370.6346512445354,371.24224853515625,14328830,0.0,0.0,KOTAKBANK.NS,-0.0012326886635992684,-0.0012334490492133348,0.07512592545587515,370.7233154296875,357.6105102539062,355.28705963134763,362.9264070129395,370.0112002872638,362.6197346316369,370.7233154296875,382.62155011470577,358.8250807446692,0.0641892980010044,55.36425286518881,4.946708065267728,5.585646107203464,-0.6389380419357362,5.969085184100846,17.13452915833194,15.10470633692918,-0.15590247162666568
2024-01-05,371.62078564192115,372.4973015909152,366.8198880827583,368.0549621582031,38996705,0.0,0.0,KOTAKBANK.NS,-0.008585462429261503,-0.008622529824801717,0.06589547221614867,370.9299942016602,358.03621643066407,355.3191323852539,363.12631744384765,369.82489189401997,362.8328808091493,370.9299942016602,382.4689214403231,359.3910669629973,0.06221619938553488,50.60403416280763,4.195876233594788,5.30769213248173,-1.1118158988869418,6.058016937032952,16.908317685968772,15.181943252111092,-0.16314943924314737
2024-01-08,368.1346116440908,368.82187835568664,362.27791987392544,363.77197265625,61265835,0.0,0.0,KOTAKBANK.NS,-0.01163682042714087,-0.011705058118375519,0.053491838011866744,370.806982421875,358.42686157226564,355.3694317626953,363.2871975708008,369.2484233951848,362.86970794040815,370.806982421875,382.60629498255514,359.0076698611948,0.06364126416182657,45.00436111405876,3.2181384424292787,4.889781394471241,-1.671642952041962,6.299200771158261,17.292524396554196,15.314057682480907,-0.17288771894302699
2024-01-09,365.94333094651057,370.12669099710996,362.75603650486653,363.88153076171875,21696115,0.0,0.0,KOTAKBANK.NS,0.0003011724753525513,0.0003011271320264757,0.053809120756484585,370.63367156982423,358.9519708251953,355.4395526123047,363.4510140991211,368.73729076342613,362.9093872667341,370.63367156982423,382.7446303637613,358.52271277588716,0.06535271737530447,45.17149561792115,2.4241702960272278,4.396659174782438,-1.9724888787552102,6.553190269686163,17.294210608685653,15.278915858817705,-0.1726386154899466
2024-01-10,362.7161865234375,365.0469052724027,360.88348538057386,362.7161865234375,35263790,0.0,0.0,KOTAKBANK.NS,-0.0032025374737811863,-0.003207676571952883,0.050434257557049555,370.5983123779297,359.4224981689453,355.4927410888672,363.5795951843262,368.16385226437956,362.90181076699696,370.5983123779297,382.80168468413723,358.39494007172215,0.06585767877843304,43.65187502215852,1.681527674612596,3.8536328747484694,-2.1721052001358734,6.1576221091887975,17.334691620978397,15.272793756392325,-0.1752882713281995
2024-01-11,364.94730385863033,366.8198549630316,361.63051990208606,363.12457275390625,20850350,0.0,0.0,KOTAKBANK.NS,0.0011259112376071911,0.0011252778749119114,0.051616953292000556,370.56494598388673,359.8422277832031,355.56575073242186,363.7036996459961,367.68392088242973,362.9105465311895,370.56494598388673,382.8500519096454,358.27984005812806,0.0663047385291153,44.35831057731598,1.1131002753694474,3.305526354872665,-2.1924260795032176,5.781974646101714,17.272450662190206,15.251061668739696,-0.17435971912510148
2024-01-12,363.5528371110403,367.0489302852332,361.4412474137387,365.1962890625,10863105,0.0,0.0,KOTAKBANK.NS,0.005705249559075698,0.005689036260855,0.057616690451086194,370.3597610473633,360.2161389160156,355.7003143310547,363.83099716186524,367.44700356624594,363.0001834932017,370.3597610473633,382.86886107713144,357.85066101759514,0.06755107517292316,47.925007244548105,0.8203313886095316,2.8084873616200388,-1.9881559730105072,5.77486184400133,17.31821350155151,15.192655071179386,-0.1696492352766849
2024-01-15,367.13860642429813,369.25019633222655,365.79395273112965,368.83184814453125,30861560,0.0,0.0,KOTAKBANK.NS,0.009955082214455624,0.00990585680921802,0.06814535155590717,370.3687255859375,360.72252380371094,355.90091583251956,363.9781640625,367.57889352608265,363.2288762246264,370.3687255859375,382.87293025206606,357.86452091980897,0.06752300506122061,53.5517935562792,0.8716216589327246,2.421114221082576,-1.5494925621498514,5.468940219684912,17.436468656070282,15.236136969170985,-0.1613830251470283
2024-01-16,368.642600875033,370.7143712681937,366.74020024962795,368.1346435546875,23254490,0.0,0.0,KOTAKBANK.NS,-0.001890304737378723,-0.0018920936180873962,0.06612623133765205,370.3791839599609,361.16197509765624,356.0755209350586,364.14717330932615,367.63182210023547,363.42125925717784,370.3791839599609,382.87513155464467,357.8832363652772,0.06747651129354283,52.382848682826136,0.8462558731422405,2.106142551494509,-1.2598866783522684,5.370759277368726,13.48615771578762,15.2127348398665,-0.16296826678743906
2024-01-17,363.16440826703416,365.4752174081022,353.81165280908283,354.5188293457031,54184415,0.0,0.0,KOTAKBANK.NS,-0.03698596273773869,-0.037687290693923695,0.026694526271671792,369.7128372192383,361.34683898925783,356.1084899902344,364.23571319580077,366.38296564742285,363.07214435868866,369.7128372192383,384.06156632418316,355.3641081142934,0.07762094068936069,35.90129402603094,-0.26942336456863814,1.6310293682818795,-1.9004527328505176,6.050199535365526,17.238477017755493,16.43946171354891,-0.19392669128234363
2024-01-18,352.5964776989446,357.11848623471457,351.52077300588525,354.0407409667969,21467250,0.0,0.0,KOTAKBANK.NS,-0.001348555674147378,-0.0013494657936737686,0.025309971542652132,369.2222900390625,361.49445190429685,356.1029122924805,364.30887512207033,365.2075156778394,362.7179716766537,369.2222900390625,385.0130760783351,353.4315039997899,0.08553538865490468,35.47917797614352,-1.1785987820090895,1.0691037382236859,-2.2477025202327754,6.00466919709902,17.215709054907755,16.44103557092615,-0.1950137260165936
2024-01-19,355.99294644049064,358.56270389614946,349.43901776630395,351.4609680175781,22801645,0.0,0.0,KOTAKBANK.NS,-0.007286655604024639,-0.0073133329503926175,0.017838890892648562,368.3417938232422,361.5464440917969,356.06974426269534,364.3754080200195,363.89832066257645,362.27652055276843,368.3417938232422,386.01927610837254,350.66431153811186,0.09598412442772275,33.21009752387393,-2.08327823285299,0.4386273440083507,-2.5219055768613408,6.287828566383216,17.278669344573554,16.390518061376163,-0.20087938376107772
2024-01-23,358.7718892137488,363.53293622754535,351.38129469614074,355.4849548339844,33904120,0.0,0.0,KOTAKBANK.NS,0.011449313530044636,0.011384266167479782,0.02949244747755131,367.58480682373045,361.6988366699219,356.0809994506836,364.440016784668,363.0970477265201,362.01018464222784,367.58480682373045,386.1261951791003,349.0434184683606,0.10088223458191564,39.68942004255052,-2.447329814594525,-0.13856408771222445,-2.3087657268823008,6.45786948025579,17.53116647714885,16.49942631202122,-0.1917300012774358
2024-01-24,356.3813967396311,359.26992325311056,351.1820915705846,356.3017272949219,16341755,0.0,0.0,KOTAKBANK.NS,0.0022976287739628898,0.0022949932611527903,0.03185783894745331,366.60620269775393,361.87274475097655,356.0775134277344,364.49696563720704,362.44987435208213,361.7863235697845,366.60620269775393,385.37020312720296,347.8422022683049,0.10236597357802417,40.94177771107486,-2.639509976458669,-0.6387532654615133,-2.0007567109971554,6.717551819797835,17.517744124878156,16.44587036843948,-0.18987289687123982
2024-01-25,356.58058917012517,358.0945516785811,349.0904156699911,352.2777099609375,33510850,0.0,0.0,KOTAKBANK.NS,-0.011293847393149425,-0.011358107172498709,0.02020419398295581,365.2720123291016,361.96418029785156,356.04822998046876,364.521005859375,361.4810967910207,361.41343676159437,365.2720123291016,384.13142158538204,346.4126030728211,0.10326227370132354,36.87871020266461,-3.081002825342864,-1.1272031774377838,-1.9537996479050803,7.20489585153734,17.54808075642903,16.549337446847655,-0.1990223487430302
2024-01-29,355.64431738862004,364.5588443693892,353.7917065522557,363.1344909667969,26180740,0.0,0.0,KOTAKBANK.NS,0.03081881339316994,0.030353450884051232,0.051645676660245776,364.2914154052734,362.26179443359376,356.14384887695314,364.59315979003907,361.6385629029994,361.480929083367,364.2914154052734,381.2709671671102,347.31186364343665,0.0932196095971521,51.00593193559864,-2.5257226372452237,-1.406907069399272,-1.1188155678459517,7.676590201558399,19.821036663840616,17.301225362920604,-0.17433716797684212
2024-01-30,363.55284493661486,366.43140123071885,359.24002593145184,363.2739562988281,19145935,0.0,0.0,KOTAKBANK.NS,0.00038405972305177727,0.00038398599099408035,0.052049571407572603,363.44976501464845,362.47733642578123,356.2730346679688,364.66083572387697,361.7943146549831,361.55124387613023,363.44976501464845,378.7102108259965,348.1893192033004,0.08397554369437002,51.15715975100824,-2.0507654532773927,-1.5356787461748964,-0.5150867071024963,7.722834259951672,19.297009836145605,17.298858332954822,-0.17402006413824117
2024-01-31,361.75998984790385,366.8298052709044,356.28179635315996,363.6026306152344,40587005,0.0,0.0,KOTAKBANK.NS,0.0009047560682711175,0.0009043470232049915,0.053001419641425684,362.61409149169924,362.6861047363281,356.3809048461914,364.72796585083006,361.96653522262613,361.63169041491864,362.61409149169924,375.6546662392325,349.573516744166,0.07192536116777888,51.53681058310186,-1.629058421187267,-1.5543546811773707,-0.07470374000989621,7.949788147487458,19.297105944785823,17.284256999566374,-0.173272753779
2024-02-01,364.54887743360007,364.95725550673023,361.20221380489664,363.1046142578125,10360840,0.0,0.0,KOTAKBANK.NS,-0.0013696720416439545,-0.0013706108997778646,0.05155915303713132,362.1927658081055,362.9177819824219,356.5015243530273,364.70582305908204,362.07492370216767,361.68945213424786,362.1927658081055,374.54671738907166,349.8388142271393,0.0682175501402005,50.891320333530544,-1.3198242060826146,-1.5074485861584197,0.18762438007580506,7.920618276773512,19.29359676449059,17.223509867872615,-0.1744050989742142
2024-02-02,366.89954281225937,368.5330552692187,362.2381049759263,363.1445007324219,25249380,0.0,0.0,KOTAKBANK.NS,0.00010984843773176323,0.00010984240483392606,0.051674665167275036,361.7649688720703,363.12655151367187,356.60491333007815,364.68631790161135,362.1767881812395,361.74651286358807,361.7649688720703,373.2979449819218,350.23199276221885,0.06375949637030681,50.94431451950121,-1.059324128398373,-1.4178236946064104,0.35849956620803747,7.999590793369715,19.29405113508194,17.20141213779394,-0.17431440866413728
2024-02-05,363.5528372098596,363.94130551668934,358.3734421649497,360.2360534667969,17304030,0.0,0.0,KOTAKBANK.NS,-0.008009063223479829,-0.008041308052992392,0.043251736283418385,361.2146591186523,363.2904986572266,356.6807113647461,364.62694244384767,361.99195630367353,361.68727916175317,361.2146591186523,371.85971966110634,350.5695985761983,0.058940357340023196,46.964524810821864,-1.0751694433863008,-1.3492928443623886,0.2741234009760878,7.996746541958653,19.176621173825676,16.953856025601393,-0.18092737676786258
2024-02-06,361.3615551436005,361.3615551436005,355.2160350370899,355.98297119140625,23459485,0.0,0.0,KOTAKBANK.NS,-0.011806375942830627,-0.011876624668645431,0.03093471408184545,360.6110595703125,363.45524230957034,356.6767269897461,364.52077423095704,361.41967200726714,361.46358080997487,360.6110595703125,370.9886813024672,350.2334378381577,0.05755575962933719,41.81967892947094,-1.4146084392810394,-1.3623559633461189,-0.05225247593492055,8.1461474588718,18.942123597130863,17.076131253263075,-0.19059765608222162
2024-02-07,356.7798330861916,360.52490489749675,355.38535944090006,357.0985412597656,22961120,0.0,0.0,KOTAKBANK.NS,0.0031337736876171363,0.00312887365325145,0.0341654301624863,360.27738800048826,363.66759765625,356.67553161621095,364.42700119018554,361.0081357456003,361.292402788398,360.27738800048826,370.6562235998113,349.8985524011652,0.0576158035169778,43.56598802335035,-1.5754384341524883,-1.4049724575073927,-0.17046597664509555,8.229388490159725,18.91829327714046,16.87694332208273,-0.1880611723141565
2024-02-08,358.88144140769066,359.3296694074818,344.04052296865535,344.56842041015625,22713870,0.0,0.0,KOTAKBANK.NS,-0.035088692340791594,-0.03571909102849898,-0.002122082445967566,359.31173248291014,363.6106243896484,356.51975189208986,364.2739610290527,359.44244857079616,360.63656034219247,359.31173248291014,371.68150115732163,346.94196380849866,0.0688525731622183,31.96171052822244,-2.6830449260102114,-1.6605869512079563,-1.022457974802255,8.298399611104136,20.74663494506158,17.7762347352515,-0.21655104403836803
2024-02-09,344.6281888939096,348.4131106017413,342.4368992336389,347.1083068847656,20319880,0.0,0.0,KOTAKBANK.NS,0.007371210836982778,0.007344176232938079,0.005233486073892513,358.5313385009766,363.6114208984375,356.38279724121094,364.1345161437988,358.26776841022183,360.10604059876397,358.5313385009766,371.9238429615619,345.13883404039126,0.07470758074638341,35.70042557180085,-3.3176397529839505,-1.9919975115631552,-1.3256422414207953,8.325435192480787,20.70908528966586,17.820456017190097,-0.21077607660396083
2024-02-12,347.2178910347158,348.41311508576894,336.8790403713857,340.5544128417969,22532445,0.0,0.0,KOTAKBANK.NS,-0.018881409384260417,-0.019061939245258168,-0.013746738903435918,357.40283050537107,363.4365173339844,356.15360961914064,363.95269790649417,356.58078216560995,359.3393100984907,357.40283050537107,372.8168195995795,341.98884141116264,0.0862555513195735,30.971135985646214,-4.299839330217537,-2.4535658752940317,-1.8462734549235056,8.497605805662053,20.845083259548367,17.84328049142133,-0.2256777365974536
2024-02-13,341.2416838531066,347.63621315707854,340.4448374125323,346.0525207519531,22461670,0.0,0.0,KOTAKBANK.NS,0.016144579846364637,0.016015642030569315,0.0021759056190751025,356.4456420898438,363.3636077880859,355.98547912597655,363.7947874450684,355.57809060240453,358.81825953588145,356.4456420898438,372.19582922987325,340.6954549498143,0.08837357105945245,38.34946308545605,-4.581772392707478,-2.879207178776721,-1.702565213930757,8.143301106600742,21.603698983757997,18.04746234409064,-0.21317662898913334
2024-02-14,343.36320187266455,351.5605515522419,341.07230283194696,348.40313720703125,19251615,0.0,0.0,KOTAKBANK.NS,0.006792658091235193,0.006769691931452521,0.00898334389321942,355.42420654296876,363.357431640625,355.85609375,363.65654205322267,354.8947617076071,358.4098233661227,355.42420654296876,370.4240103930953,340.42440269284225,0.08440507750455156,41.24116517953288,-4.562932625960229,-3.2159522682134227,-1.3469803577468067,8.314759466441384,21.768813946277913,18.06160663878257,-0.20783200685166334
2024-02-15,349.6083605616919,350.0964080902705,342.6460841338227,346.4708557128906,12708350,0.0,0.0,KOTAKBANK.NS,-0.005546108194176225,-0.005561544954646901,0.003387413101865855,354.3410171508789,363.04148986816404,355.7383624267578,363.5192839050293,354.09248494620556,357.94162855619203,354.3410171508789,368.58596710147117,340.0960672002866,0.08040248947260185,39.59697517571789,-4.65031500623553,-3.5028248158178443,-1.147490190417686,8.203772891288367,20.926442354123996,18.079924746136765,-0.21222545624962746
2024-02-16,348.60235721143596,348.81154649334985,345.066444336122,345.67401123046875,8215730,0.0,0.0,KOTAKBANK.NS,-0.0022998889207644924,-0.0023025377273750737,0.001079733507238334,353.8987762451172,362.6701672363281,355.63039154052734,363.3481852722168,353.2907255447068,357.4605455238107,353.8987762451172,368.66029934278316,339.1372531474512,0.08342228958396775,38.908086870442,-4.72934788389523,-3.7481294294333214,-0.9812184544619083,7.594056301915235,20.910825219324014,18.046534380749605,-0.21403725019485928
2024-02-19,347.41707178048233,347.41707178048233,343.8612491546413,344.9070739746094,22239770,0.0,0.0,KOTAKBANK.NS,-0.002218672017399781,-0.0022211369167037995,-0.0011413340846802011,353.4420928955078,362.3115948486328,355.5819842529297,363.14394287109377,352.49228253803085,356.96825252188125,353.4420928955078,368.74050383381297,338.14368195720266,0.08656813235218137,38.21890165605577,-4.798552707214014,-3.9582140849894603,-0.8403386222245541,7.334373968099093,20.908272075971677,18.0264278149365,-0.21578104375457052
2024-02-20,346.56049879558964,352.3275512623343,346.09236102373677,351.1024169921875,38055620,0.0,0.0,KOTAKBANK.NS,0.017962354167413208,0.01780293725536542,0.016800519035680583,353.4241653442383,362.0552154541016,355.594035949707,362.98749603271483,352.3599143908077,356.73821975601095,353.4241653442383,368.7331880810064,338.1151426074702,0.08663257489400576,46.467889204462715,-4.303873251634627,-4.027345918318494,-0.27652733331613355,7.110978851669127,21.625417701952777,18.11516398122084,-0.20169462511769098
2024-02-21,352.39727752529376,352.39727752529376,346.7298342278192,347.83544921875,20924355,0.0,0.0,KOTAKBANK.NS,-0.009304885456001277,-0.009348446332563194,0.0073393066744509294,353.04169006347655,361.6872802734375,355.51773956298825,362.80496139526366,351.9290129458499,356.3890914996478,353.04169006347655,368.51527019075746,337.56810993619564,0.087658656542794,43.19281805064011,-4.127869702818089,-4.047450675218413,-0.08041902759967545,7.247578965643482,21.540642721276285,17.83069431340944,-0.20912276518988102
2024-02-22,347.51668788905835,347.61629749201165,341.4807167884022,343.5823669433594,31003800,0.0,0.0,KOTAKBANK.NS,-0.012227282426052866,-0.012302650639554363,-0.004977715527121895,352.4057220458984,361.21197265625,355.43935150146484,362.58459106445315,351.134094278946,355.8868670072443,352.4057220458984,368.3534150586713,336.4580290331255,0.09050757133106838,39.3086375549927,-4.282211152889602,-4.094402770752652,-0.18780838213695006,7.251849118290295,21.759469593121793,17.885145549935128,-0.21879304450424006
2024-02-23,343.53256248831997,345.1760146233742,341.7197709809243,343.4329528808594,17268830,0.0,0.0,KOTAKBANK.NS,-0.00043487116009255367,-0.0004349657439776903,-0.005410422022288586,351.9634841918945,360.8121643066406,355.3573779296875,362.3822831726074,350.40065224103296,355.39847821797434,351.9634841918945,368.4088965872019,335.5180717965871,0.09344953743179328,39.17535504042368,-4.366252884821506,-4.1487727935664225,-0.2174800912550836,7.101019139055317,21.758975794374887,17.872197596947494,-0.21913276887924887
2024-02-26,343.05445730464066,343.71181378831176,339.0404366604538,339.906982421875,29790330,0.0,0.0,KOTAKBANK.NS,-0.010266837906517279,-0.010319905423019573,-0.015621712002897192,350.80210876464844,360.3344659423828,355.3037911987305,362.13233978271484,349.40125511539884,354.7909685789116,350.80210876464844,367.2064537086667,334.3977638206302,0.09352477955042084,36.06741862159143,-4.663613675686406,-4.251740969990419,-0.4118727056959868,6.9957232120086985,21.879334816304176,17.951110694200175,-0.2271498061676766
2024-02-27,341.24168714501724,341.6301250913202,338.0543621451395,339.99664306640625,22158260,0.0,0.0,KOTAKBANK.NS,0.0002637799432432253,0.0002637451594307102,-0.01536205275395941,349.6382431030273,359.74839904785154,355.24612091064455,361.8873728942871,348.50557777739954,354.2107989509702,349.6382431030273,365.61425455721223,333.6622316488424,0.09138594973134725,36.20601337749221,-4.83628964360156,-4.368650704712648,-0.4676389388889124,6.8840244612646995,21.767037222862488,17.915896645897305,-0.22694594378741192
2024-02-28,340.8432631761348,341.2117913427122,333.7116473798444,335.3849792480469,15381635,0.0,0.0,KOTAKBANK.NS,-0.013563851033254637,-0.013656680432510166,-0.0287175351920943,348.227360534668,359.0830474853516,355.1595654296875,361.6149687194824,347.2559969650802,353.4725315116399,348.227360534668,363.99338726050985,332.4613338088261,0.09055018940289312,32.32453388189484,-5.284344684958626,-4.551789500761844,-0.7325551841967819,6.327667141553369,21.684573124050523,17.923892720376717,-0.2374315338465327
2024-02-29,336.0622760779851,339.1002017272558,332.157835050111,336.55035400390625,33034875,0.0,0.0,KOTAKBANK.NS,0.0034747374747439164,0.0034687145225706126,-0.02534258361306463,346.89964752197267,358.45554504394534,355.0946240234375,361.3491377258301,346.2364119211589,352.80891670741505,346.89964752197267,361.8413550282495,331.95794001569584,0.086144264561874,34.24298753400788,-5.482200139287102,-4.737871628466896,-0.744328510820206,6.396678235056397,21.765598986054815,17.859645043920626,-0.23478180862013132
2024-03-01,337.7555442724346,344.6779707128756,337.65593467256576,344.1700134277344,17220745,0.0,0.0,KOTAKBANK.NS,0.0226404736562531,0.022387982047604404,-0.0032758780534845044,345.95092315673827,357.9820300292969,355.0815759277344,361.1187677001953,346.03961206464226,352.4701361866433,345.95092315673827,358.814691518839,333.0871547946375,0.07436759089827683,45.184514984337866,-4.9669038017258345,-4.783678063118684,-0.18322573860715075,6.153359806098264,20.472072012331072,18.2135817032857,-0.2174569063169097
2024-03-04,344.21980325434413,346.91905015203474,342.3373125208966,344.0704040527344,13885990,0.0,0.0,KOTAKBANK.NS,-0.000289419098450594,-0.0002894609882405331,-0.003564349050262261,345.1426406860352,357.58640441894534,355.0483087158203,360.87555908203126,345.85206844446054,352.14073492649004,345.1426406860352,356.12030740511096,334.1649739669594,0.06361234704153408,45.07891625666125,-4.514524754614001,-4.729847401417747,0.21532264680374613,5.9669570837119705,20.472386629325257,17.959336563869442,-0.21768338923358221
2024-03-05,344.0106501882714,344.0704098699257,340.4348873852386,341.779541015625,15610970,0.0,0.0,KOTAKBANK.NS,-0.006658122901957775,-0.006680387082374268,-0.010198740078177893,344.4324691772461,357.04057739257814,355.0411376953125,360.6467218017578,345.46420868933336,351.7344135966522,344.4324691772461,354.23181763911396,334.63312071537825,0.05690142096809737,42.61237494583539,-4.291396059642068,-4.642157133062612,0.35076107342054375,5.477476638311409,20.45607542145419,17.786241450129296,-0.2228921493763081
2024-03-06,343.2038812871984,352.9849549625093,342.31739530393406,350.55462646484375,37258560,0.0,0.0,KOTAKBANK.NS,0.025674694930957198,0.025350635003160663,0.015214105312592041,344.1052734375,356.6391760253906,355.04840911865233,360.49947891235354,345.9490103822391,351.6881474346205,344.1052734375,352.4534800602756,335.7570668147244,0.04852123618670367,53.18011619710788,-3.36766851567063,-4.387259409584216,1.0195908939135858,5.745697351914016,21.583733599536956,18.257893515751817,-0.20294014238309294
2024-03-07,350.55462623926553,351.5805413538555,347.6163100273917,348.223876953125,15696800,0.0,0.0,KOTAKBANK.NS,-0.006648748399709081,-0.006670949789706018,0.008464202154532918,344.2880462646484,356.08617736816404,355.0018942260742,360.3224194335937,346.1656643413711,351.5522936902481,344.2880462646484,352.83660603626635,335.7394864930305,0.049659346958835726,50.51909454594308,-2.791501101634367,-4.0681077479942465,1.2766066463598795,5.761349435430868,21.643091743489094,17.99753104914614,-0.20823959283589571
2024-03-11,351.77969618860413,352.56657248874086,343.4827365464514,344.5584411621094,18200715,0.0,0.0,KOTAKBANK.NS,-0.010526089776173086,-0.010581880912865613,-0.0021509825734024046,344.1605529785156,355.3981158447266,354.93376525878904,360.11285095214845,346.0125954671557,351.27802496365445,344.1605529785156,352.60746527613446,335.7136406808968,0.04908704512772061,46.572325210020985,-2.6006753434632515,-3.774621267088048,1.1739459236247964,6.1562075294628995,21.611477759212644,18.075342991931528,-0.2165737339629244
2024-03-12,345.60430716523155,347.3075188586395,340.11614344620534,342.7058410644531,51216490,0.0,0.0,KOTAKBANK.NS,-0.005376736937304116,-0.005391243609757488,-0.007516154243252582,344.26812438964845,354.59730407714846,354.8507955932617,359.8954624938965,345.6976664764221,350.941860889176,344.26812438964845,352.5753129428145,335.9609358364824,0.048259992515390863,44.672694904864024,-2.569316419997392,-3.5335602976699167,0.9642438776725246,6.139843109799277,19.471970419095737,18.042315602829404,-0.22078601090518019
2024-03-13,342.7058425593697,347.1680608536419,342.0783355125921,344.5385437011719,29080415,0.0,0.0,KOTAKBANK.NS,0.005347742632650476,0.00533349423229648,-0.002208606069082353,344.1924255371094,353.8859356689453,354.81055572509763,359.7058480834961,345.5872738311602,350.69075041121505,344.1924255371094,352.4586410242025,335.92621005001627,0.04803252409865651,46.97679910167304,-2.369269002728913,-3.3007020386817163,0.9314330359528031,6.098577541483223,19.57444895143242,17.93734809688322,-0.2166189750357401
2024-03-14,343.63214470838193,350.17610328105167,342.46677014748343,347.0983581542969,24048165,0.0,0.0,KOTAKBANK.NS,0.007429689652793003,0.007402225458360235,0.0052046743260520945,344.12718658447267,353.22158081054687,354.75248657226564,359.54012924194336,345.7311866238399,350.5498722834928,344.12718658447267,352.2731993897803,335.98117377916503,0.04734303549892905,50.102467035280135,-1.9813347564403898,-3.036828582233451,1.0554938257930613,6.195334734570399,19.740253496802083,17.919950410304487,-0.2107986971403687
2024-03-15,345.7836290631516,349.80762031033714,342.87519252292776,346.2816467285156,77537270,0.0,0.0,KOTAKBANK.NS,-0.002352968277130829,-0.0023557408570363285,0.002839459615339157,344.1177261352539,352.71659118652343,354.72240661621095,359.35082107543946,345.78361139571376,350.38249088918,344.1177261352539,352.25271056563275,335.9827417048751,0.047280240525484685,49.10781239805101,-1.7199691244370001,-2.773456690674161,1.0534875662371608,6.443633602067503,19.741866040997742,17.87922794502298,-0.2126556627702677
2024-03-18,346.10232509331934,347.5864078266534,341.69983609851283,346.201904296875,11570715,0.0,0.0,KOTAKBANK.NS,-0.0002302820042413556,-0.00023030852321340045,0.002608523734646706,344.14412078857424,352.2066204833984,354.72131103515625,359.14608627319336,345.823448814872,350.2185463169328,344.14412078857424,352.30375451679896,335.9844870603495,0.04741986415184242,49.00551521212956,-1.5019559130046787,-2.5191565351402643,1.0172006221355856,6.530433216373402,19.73969418100594,17.873783258069384,-0.21283697400227303
2024-03-19,345.594346754077,349.9868657886558,344.7377406456292,348.5426025390625,22405375,0.0,0.0,KOTAKBANK.NS,0.006761078472232507,0.006738324882804321,0.009387238640545803,344.3258972167969,351.75262756347655,354.6815689086914,358.94494384765625,346.08241583622345,350.15282303152617,344.3258972167969,352.7158272459557,335.935967187638,0.04873249498207985,52.15602607551967,-1.1273091677705906,-2.24078706166633,1.1134778938957393,6.649959087576682,19.78167361702778,17.896771434089445,-0.20751490301306239
2024-03-20,348.8912281884656,352.2976821378249,344.7875677979912,351.68011474609375,22104430,0.0,0.0,KOTAKBANK.NS,0.00900180403822981,0.008961529316582955,0.01847354476147789,344.3547821044922,351.42513061523437,354.73067352294925,358.73809188842773,346.61553001811586,350.2127168242543,344.3547821044922,352.84630737154305,335.8632568374413,0.049318468674404314,56.07352433167117,-0.5706498133337163,-1.9067596119998074,1.336109798666091,6.65067125735996,19.715298562771547,17.928370239910222,-0.20038110746676846
2024-03-21,353.0148100735037,356.7100921661324,351.4609671917404,353.0247497558594,18918405,0.0,0.0,KOTAKBANK.NS,0.003823460449950078,0.0038161696033104835,0.022367638079193952,344.61424713134767,351.2101861572266,354.8185238647461,358.4985028076172,347.225931897901,350.3229926254937,344.61424713134767,353.8390462017805,335.38944806091484,0.05353695703078025,57.67308904571218,-0.020753226447936868,-1.5295583348894335,1.5088051084414966,6.529725421449045,19.726839488885496,17.931477386461598,-0.1973237962561347
2024-03-22,352.57656527214215,355.0865631347002,351.60043979396687,353.87139892578125,35306415,0.0,0.0,KOTAKBANK.NS,0.002398271425749554,0.0023954001626296587,0.024819553172210407,345.1286987304687,351.00998352050783,354.98097717285157,358.34704360961916,347.8588335196039,350.46214581374034,345.1286987304687,355.21826847397244,335.039128986965,0.058468448324451014,58.69304723371437,0.4778529019201301,-1.1280760875275209,1.605928989447651,6.198190180860759,16.750904594003043,17.93436901920685,-0.19539876085256663
2024-03-26,351.60041444184344,353.6721542176,348.612308936672,349.349365234375,26518150,0.0,0.0,KOTAKBANK.NS,-0.012778748735086887,-0.012861099254655858,0.011723641603418766,345.42451934814454,350.7426470947266,355.08257263183594,358.1643159484863,348.00078892101067,350.4185073596476,345.42451934814454,355.6507550463429,335.1982836499462,0.059209668830090226,51.548180612435765,0.5023210795103523,-0.8019966541199463,1.3043177336302985,6.246572492144411,17.093390310303313,18.066620764267597,-0.20568055791957124
2024-03-27,350.206002965685,354.5487021023571,349.3892467585401,353.7120361328125,41155650,0.0,0.0,KOTAKBANK.NS,0.01248798862282352,0.012410656839620799,0.024358034929203853,346.1147720336914,350.5543963623047,355.1983120727539,358.01718536376956,348.5447172268965,350.54766535075214,346.1147720336914,356.63238887364196,335.59715519374083,0.060775313218511,56.98817754697043,0.8637861783009839,-0.4688400876357603,1.3326262659367443,6.3582735195226245,16.444817479901392,18.183474424613227,-0.19576110576398328
2024-03-28,354.18015071529146,359.3495757999142,353.43312432036424,355.6841735839844,33150360,0.0,0.0,KOTAKBANK.NS,0.005575545216763178,0.005560059399116727,0.030069389471106378,346.89914855957034,350.36415405273436,355.290146484375,357.8459288024902,349.2246654513811,350.749097046173,346.89914855957034,357.82746298871274,335.97083413042793,0.06300571491466643,59.21730011978418,1.294463118719932,-0.11617944636462185,1.410642565084554,5.9804904861416,15.892692536912051,18.09394808586273,-0.19127703544409075
2024-04-01,357.5766379402314,362.08867619475603,355.88336593619914,356.7200622558594,14429400,0.0,0.0,KOTAKBANK.NS,0.002912383369316318,0.0029081505971833487,0.03306934643024384,347.9659027099609,350.1219183349609,355.42222106933593,357.6994075012207,349.9385127660933,350.9832525445921,347.9659027099609,358.3114914448907,337.62031397503114,0.05946323277285653,60.37883935790016,1.6997713493547053,0.24701071277924358,1.4527606365754617,6.154795577877877,15.80859178550735,18.097508838452896,-0.18892172413173394
2024-04-02,357.35750096021155,358.1742571036669,349.4987991897317,350.0864562988281,34255950,0.0,0.0,KOTAKBANK.NS,-0.01859611123378102,-0.018771192866058464,0.013858273951817601,348.64270782470703,349.7609545898438,355.46146484375,357.5723652648926,349.9526026263538,350.9480840643661,348.64270782470703,357.50919020784033,339.77622544157373,0.05086285864663059,50.46638160676562,1.4687733756517787,0.49136324535375064,0.977410130298028,6.125625718709715,16.69394718947361,18.351450997267623,-0.20400462596908356
2024-04-03,349.30957864297744,349.94702540461805,344.42898154049993,344.8572998046875,63417755,0.0,0.0,KOTAKBANK.NS,-0.01493675747820733,-0.015049434265258978,-0.0012854812034746033,348.6770721435547,349.5677239990234,355.4572814941406,357.43360778808596,349.467335690957,350.7092297796729,348.6770721435547,357.4756321019329,339.87851218517653,0.05046824503995893,44.29330922391639,0.8539132101051337,0.5638732383040272,0.2900399718011064,6.016061386273573,17.263543655974516,18.511806305948788,-0.2158942158247583
2024-04-04,348.0147053078501,348.9509808612251,343.29350801708307,348.4429931640625,65626460,0.0,0.0,KOTAKBANK.NS,0.010397614785610632,0.010343931387868849,0.009098767643768157,348.8957015991211,349.45576904296877,355.4751104736328,357.3053643798828,349.3697792598242,350.62035775553136,348.8957015991211,357.42548900516454,340.36591419307763,0.0488959156959986,48.90834784482725,0.6484921722042145,0.5807970250840647,0.06769514712014979,6.056614779351589,17.509527070713553,18.593719422089862,-0.20774138592973493
2024-04-05,348.42306566573245,356.02281899144674,346.64015417337276,355.61444091796875,32790115,0.0,0.0,KOTAKBANK.NS,0.020581408995443917,0.020372473721922957,0.029867442097442964,349.58744659423826,349.53883850097657,355.5426412963867,357.23636581420897,349.96450894155225,350.8162041540583,349.58744659423826,357.9292063667075,341.245686821769,0.04772345147823003,56.644583909630896,1.0522408417136262,0.675085788409977,0.3771550533036492,6.176138471101999,17.75258463869562,18.79514944744147,-0.19143558736339122
2024-04-08,357.33757579130344,358.94117777292536,355.6044539817247,356.2618408203125,13174055,0.0,0.0,KOTAKBANK.NS,0.0018205107213098426,0.00181885560013941,0.031742326817309374,349.87280731201173,349.55437622070315,355.6266064453125,357.1619459533691,350.5642548347675,351.0297585331271,349.87280731201173,358.72851647949545,341.017098144528,0.05062244897235654,57.27354974195065,1.4082212349154588,0.8217128777110734,0.5865083572043854,5.919302471372804,17.510583558583424,18.784811367171447,-0.1899635871813167
2024-04-09,356.6503190617404,357.178216483675,353.73194332154674,354.7080383300781,11866155,0.0,0.0,KOTAKBANK.NS,-0.004361405888030689,-0.004370944563484656,0.027242479758197824,350.1970153808594,349.52250244140623,355.6976235961914,357.11075805664063,350.95890088193994,351.1740047996742,350.1970153808594,359.2706358885904,341.1233948731284,0.051820090458868755,55.20360385251583,1.547125090939062,0.9667953203566712,0.5803297705823908,5.744995430943354,17.144426779116557,18.79725274861498,-0.1934964847617034
2024-04-10,356.361471491466,364.52897226377223,355.38534605584283,363.7420959472656,27629090,0.0,0.0,KOTAKBANK.NS,0.025468996021964285,0.025150065037643596,0.05340531438875207,351.1561981201172,349.7517901611328,355.8579852294922,357.08095474243163,352.17634803101856,351.6668711191876,351.1561981201172,361.66279109882663,340.6496051414078,0.059839997328570656,63.47015640135396,2.3589874081013704,1.245233737905611,1.1137536701957593,6.071553201705318,18.528378481943278,19.261481079578026,-0.17295564994039905
2024-04-12,360.7639545710405,362.17830750540327,358.4431755781627,361.17230224609375,19831135,0.0,0.0,KOTAKBANK.NS,-0.007064878466924607,-0.00708995288909011,0.045963133866183004,352.0795211791992,349.71254638671877,355.98717041015624,357.07099533081055,353.0331055753114,352.0396331241643,352.0795211791992,362.7043050572418,341.4547373011566,0.06035445539381347,60.0741457352556,2.763181037601157,1.5488231978447202,1.214357839756437,5.913610775224547,18.366968905463583,19.27808618157422,-0.17879861776032682
2024-04-15,356.5706198153448,360.504970884818,354.58851955932084,358.2041320800781,21599340,0.0,0.0,KOTAKBANK.NS,-0.008218155566074303,-0.008252110767243963,0.0373672461156922,352.7628005981445,349.61114990234375,356.0442431640625,357.0268382263184,353.52558429005114,352.281378181259,352.7628005981445,363.099406538483,342.42619465780604,0.05860371854862092,56.32545668710903,2.8115906082951483,1.801376679934806,1.0102139283603422,6.008943468966038,18.60321574931516,19.332046292980543,-0.18554737847064773
2024-04-16,354.1901353976856,359.4890501393608,353.72199762169953,357.0985412597656,20483890,0.0,0.0,KOTAKBANK.NS,-0.0030864825983228927,-0.0030912556094785998,0.03416543016248608,353.26280975341797,349.4810681152344,356.0835864257813,356.9756105041504,353.8658659062144,352.47028653727887,353.26280975341797,363.4114763706924,343.1141431361435,0.057456750821623964,54.94999102961915,2.7292821368960745,1.9869577713270599,0.7423243655690146,6.171866981603748,18.09179439774035,19.3333324211874,-0.1880611723141565
2024-04-18,356.5905839236478,361.16238200104607,355.2060803577468,355.9331970214844,21253700,0.0,0.0,KOTAKBANK.NS,-0.0032633688005841988,-0.0032687052014740443,0.030790566963051047,353.7453872680664,349.3376397705078,356.12771087646485,356.9279609680176,354.06275458385915,352.60608694842415,353.7453872680664,363.40229122701885,344.08848330911394,0.05459804880301947,53.46787419641853,2.540730578906903,2.0977123328430287,0.4430182460638741,6.2216678140458885,18.154398290222332,18.208128738756297,-0.1907108281524094
2024-04-19,351.4011974961,359.56869808775065,351.20200869909706,357.1084899902344,19351900,0.0,0.0,KOTAKBANK.NS,0.0033020043608886773,0.0032965647156879357,0.03419424191032605,354.29071655273435,349.21691955566405,356.17173553466796,356.8937017822266,354.3528246225615,352.78265177359316,354.29071655273435,363.36843555504015,345.21299755042855,0.05124446438017027,54.79222943048297,2.4578063691130296,2.169731140097029,0.28807522901600047,6.447907279808139,17.070274081174883,18.193080736944857,-0.18803855177774864
2024-04-22,361.162376342301,363.0548371783173,358.57267869463436,360.5547790527344,30755695,0.0,0.0,KOTAKBANK.NS,0.009650538027237143,0.009604269027450648,0.04417477276943127,354.89132537841795,349.2232940673828,356.2568963623047,356.88224700927736,354.94348694924463,353.08744107865755,354.89132537841795,363.9572443339331,345.8254064229028,0.05109124009074171,58.52024744900432,2.639745715495451,2.2637340551767138,0.3760116603187371,6.4500426875604955,17.232855213931753,18.255550213510478,-0.18020268694502925
2024-04-23,360.5647353762884,364.34965690392625,359.19020196361083,361.17230224609375,29780025,0.0,0.0,KOTAKBANK.NS,0.0017127028380590215,0.0017112378350579475,0.045963133866183004,355.36593475341795,349.32708068847654,356.39116149902344,356.85223403930667,355.5367074537064,353.4044944577727,355.36593475341795,364.7134976378585,346.0183718689774,0.05260809757089776,59.16997430908084,2.801469324632933,2.3712811090679575,0.43018821556497544,6.361110711099335,17.05337070928355,18.250857780341494,-0.17879861776032682
2024-04-24,360.96317400205123,367.6366224370236,360.12650802693616,367.0987548828125,16475385,0.0,0.0,KOTAKBANK.NS,0.016408934461094482,0.016275762725409173,0.06312627437851415,356.06963500976565,349.5270849609375,356.59734130859374,356.85598358154294,356.637854827907,353.9415242783625,356.06963500976565,366.7053688834721,345.4339011360592,0.05973962858930526,64.85896744793929,3.369015732161074,2.5708280336865807,0.7981876984744933,6.277871889395925,16.116425206374366,18.427013483716586,-0.16532357809979584
2024-04-25,331.6797200101078,338.21370845906085,319.1296704709495,327.1875915527344,330895395,0.0,0.0,KOTAKBANK.NS,-0.10872050858036497,-0.11509721784918708,-0.052457354857066596,354.7354446411133,349.1794683837891,356.3950463867188,356.6542059326172,353.83306784931915,352.89235044598496,354.7354446411133,371.47527033334734,337.99561894887927,0.09437921101552035,32.25998029499284,0.5914847518175179,2.174959377312768,-1.58347462549525,9.300129721791267,35.79133906014926,25.89659484806094,-0.2560700231888253
2024-04-26,327.1875870257657,329.68764505809725,319.7272932436532,320.4245300292969,110734245,0.0,0.0,KOTAKBANK.NS,-0.02067028731542675,-0.020886907977812456,-0.07204333357579051,353.28920288085936,348.6457928466797,356.1286068725586,356.42120040893553,350.65130234265035,351.61910258650704,353.28920288085936,375.9419595878404,330.6364461738783,0.12823916792396456,29.549662387945503,-2.130887559458756,1.3137899899584633,-3.4446775494172197,9.607478219669982,36.125096489976855,26.05415050690974,-0.27144726955207105
2024-04-29,320.74323462151716,328.1437990388081,320.6237152645251,326.7792053222656,56137045,0.0,0.0,KOTAKBANK.NS,0.019832049975661237,0.01963795685213969,-0.053640050592017596,351.942561340332,348.37028869628904,355.90340301513675,356.20230331420896,348.3777692930899,350.6449889683015,351.942561340332,377.5047966406059,326.38032604005815,0.14526367713483182,35.06965570297368,-3.732591055641194,0.30451378083853187,-4.037104836479726,9.48866423334407,36.664390959610756,26.28986845833986,-0.25699857539192333
2024-04-30,326.77925364551857,328.09402756001884,322.715442923937,323.5023193359375,91032240,0.0,0.0,KOTAKBANK.NS,-0.010027828983476761,-0.010078446332917226,-0.06312998632149258,350.3334686279297,347.9192846679687,355.64144622802735,355.9638868713379,346.00867882098015,349.58057055134606,350.3334686279297,378.7915505076303,321.87538674822906,0.16246282144355675,33.60733638785436,-5.206354317307273,-0.7976598387906292,-4.408694478516644,9.634511436549868,36.69249591094901,26.188101018121813,-0.2644492666123728
2024-05-02,316.739200943621,317.6356265650883,309.2490270087303,313.8805847167969,133202390,0.0,0.0,KOTAKBANK.NS,-0.029742397639965668,-0.03019367329869676,-0.09099474680527886,348.1914947509766,347.22883361816406,355.2931326293945,355.66497131347654,342.94886033486745,348.18057110685396,348.1914947509766,380.7753449346749,315.60764456727827,0.18716051755946525,29.692336017829277,-7.0692262518510915,-2.051973121402722,-5.01725313044837,10.40644137691265,37.451586844024675,26.61619563763205,-0.28632630900915595
2024-05-03,315.34475067587306,316.3208457189166,307.5457780309474,308.113525390625,80617945,0.0,0.0,KOTAKBANK.NS,-0.018373418449488588,-0.01854430613290265,-0.1076962806950088,346.0928482055664,346.46168701171877,354.75158843994143,355.3609065246582,339.63120938779673,346.60931441209993,346.0928482055664,383.2487814800086,308.9369149311242,0.21471656214272847,27.615792871696044,-8.90823063397346,-3.4232246239168695,-5.4850060100565905,10.331736645075154,37.71208229419994,26.76305543802678,-0.2994389343701218
2024-05-06,319.72730956057165,325.3051129406334,317.5360198909314,323.5719909667969,108041055,0.0,0.0,KOTAKBANK.NS,0.05017133070212898,0.04895332295557902,-0.06292821570701845,345.02858276367186,346.0196466064453,354.3449069213867,355.12079818725584,338.1017600143682,345.7058899632645,345.02858276367186,383.5285766266987,306.52858890064505,0.22316988091040257,39.77417987210255,-9.014373786152873,-4.54145445636407,-4.4729193297888035,11.18121287228269,40.80546840931507,28.141376012437497,-0.26429085346936926
2024-05-07,324.4485152515518,328.16373770709185,322.31701560540876,327.4764709472656,49333925,0.0,0.0,KOTAKBANK.NS,0.012066804573543699,0.011994581110999887,-0.05162075361457319,343.98025665283205,345.67103454589846,353.99131469726564,354.90051071166994,337.0898277222632,344.9910107861665,343.98025665283205,383.2234228257092,304.73709047995493,0.22817103838889197,42.40562148398695,-8.683337980601834,-5.369831161211623,-3.313506819390211,11.128565687633417,40.93230614965327,28.181499930056653,-0.2554131949752156
2024-05-08,326.69952299565654,330.17567587623523,325.92261680927396,328.3629150390625,49268765,0.0,0.0,KOTAKBANK.NS,0.002706893992208803,0.0027032369526586715,-0.04905359153019695,342.61768035888673,345.21624450683595,353.63572998046874,354.6732107543945,336.258693181006,344.33892860000554,342.61768035888673,382.051939485136,303.18342123263744,0.2301939531254926,43.014385653191496,-8.25431053610248,-5.946727036189795,-2.3075834999126847,11.020423298297702,40.82927354932243,28.069036853798153,-0.2533976774260161
2024-05-09,328.2932336693921,331.0522404463563,326.1019438994168,327.3171081542969,23280220,0.0,0.0,KOTAKBANK.NS,-0.0031849116841992098,-0.003189994310096143,-0.05208227185757974,341.1704437255859,344.8058776855469,353.2465789794922,354.4490414428711,335.40711365465273,343.6714062295856,341.1704437255859,380.6208610634018,301.7200263877701,0.23126515243827545,42.444386672662176,-7.907537896192878,-6.338889208190412,-1.5686486880024662,10.948565791414861,40.79365619949917,28.05641249596798,-0.25577553988663226
2024-05-10,327.29717851446065,329.3091587108236,321.8986542616975,324.2991027832031,58847010,0.0,0.0,KOTAKBANK.NS,-0.009220432711604776,-0.009263204017612653,-0.060822483486054235,339.6499969482422,344.42021240234374,352.8160925292969,354.2104788208008,334.3492078573718,342.91170805521773,339.6499969482422,379.24726903150605,300.0527248649783,0.23316515494800924,40.765555909803936,-7.786488103687702,-6.628408987289871,-1.1580791163978317,10.880266867162899,40.819215966442854,27.966082409810696,-0.26263761144343795
2024-05-13,324.10983193504046,327.42664600871683,321.91857284160716,326.9385681152344,29196240,0.0,0.0,KOTAKBANK.NS,0.00813898438009475,0.00810604147387912,-0.05317853234901104,337.8098205566406,344.09032470703124,352.45124450683596,353.95719757080076,333.64343264383496,342.2853104105125,337.8098205566406,376.09176627748485,299.52787483579635,0.22664791484015198,42.892992839938145,-7.392357976478195,-6.781198785127536,-0.6111591913506587,10.848961579950522,40.814903240974196,27.965341615959673,-0.2566362304805067
2024-05-14,327.0979836867378,328.69164623263725,325.20552271198807,327.95458984375,21410130,0.0,0.0,KOTAKBANK.NS,0.0031076839125248057,0.0031028650439736713,-0.050236110505958886,336.14893493652346,343.85127685546877,352.0928713989258,353.7151667785645,333.1016380914459,341.72332136867874,336.14893493652346,373.0194314848677,299.2784383881792,0.21937000368783957,43.73076344228328,-6.918273004150649,-6.808613628932159,-0.10965937521848979,10.72943790711722,40.618141921661014,27.90909163925904,-0.2543260908528171
2024-05-15,328.6318842051367,329.4884599594604,326.1119161511731,328.85101318359375,26304500,0.0,0.0,KOTAKBANK.NS,0.002733376411261146,0.002729647531367709,-0.04764004829414825,334.68127899169923,343.6283642578125,351.68838165283205,353.4619435119629,332.6968166716505,341.2185249692636,334.68127899169923,370.16606256853385,299.1964954148646,0.2120512009738956,44.504315897357614,-6.39648863685062,-6.726188630515852,0.3296999936652316,10.434182864131495,40.579276146129395,27.90345141717008,-0.2522878833790613
2024-05-16,329.6876834684453,333.6718246583963,328.1338708360912,333.08416748046875,34991785,0.0,0.0,KOTAKBANK.NS,0.01287255969167922,0.012790412507121542,-0.03538073796784991,333.4805603027344,343.58234802246096,351.33269775390625,353.17982650756835,332.73370722487124,340.89953055793836,333.4805603027344,367.36034614460937,299.6007744608594,0.20318897036228348,48.13062942719802,-5.577101241216951,-6.496371152656073,0.9192699114391214,7.403387822020217,40.79218193595814,28.004469352979143,-0.24266291452566643
2024-05-17,333.47259292963815,339.7775131482865,331.6797416200552,337.9647216796875,48087255,0.0,0.0,KOTAKBANK.NS,0.014652615391888668,0.014546303067133485,-0.021246542921685374,332.5821365356445,343.6106353759766,351.03309020996096,352.90887619018554,333.2318990777109,340.7844400136932,332.5821365356445,364.8705831368303,300.2936899344587,0.1941682553219468,52.023122471468874,-4.482242391239083,-6.093545400372675,1.611303009133592,7.2703463730050215,40.75135968021766,27.885151657829255,-0.23156594549019707
2024-05-21,337.0583007445005,341.6400686778049,336.659892749557,338.3033447265625,29050835,0.0,0.0,KOTAKBANK.NS,0.001001947910989065,0.0010014462962141867,-0.02026588293999243,331.6418792724609,343.4933020019531,350.737666015625,352.7122198486328,333.7148939014111,340.68714215929595,331.6418792724609,361.9580778557568,301.32568068916504,0.18282491131579653,52.29064016592988,-3.5463546458790347,-5.584107249473947,2.037752603594912,7.074696867200499,40.53354859671139,27.886050180579563,-0.23079601459454804
2024-05-22,339.20976424899675,339.63805211376706,334.8869748868548,338.5623474121094,30293485,0.0,0.0,KOTAKBANK.NS,0.0007655930382721721,0.0007653001214159163,-0.01951580532061359,330.54225769042966,343.3831408691406,350.48477264404295,352.5385043334961,334.1765561405252,340.60381687509255,330.54225769042966,357.89317516438234,303.191340216477,0.16549120021784483,52.50876566018988,-2.752033780486329,-5.017692555676423,2.2656587751900945,7.0298749094026745,40.408378012579064,27.887355807069603,-0.23020711737831037
2024-05-23,338.6519821114011,341.3611991841556,338.06432496650365,340.4548034667969,28406475,0.0,0.0,KOTAKBANK.NS,0.005589682577383348,0.005574118274464237,-0.014035209900214451,329.50638275146486,343.35664611816406,350.1986117553711,352.3545460510254,334.77448445731295,340.5979732120221,329.50638275146486,353.3123681031021,305.70039739982764,0.14449483589878281,54.15796424802346,-1.94737525445737,-4.403629095432613,2.4562538409752435,6.247273615863016,39.95556683744808,27.877125397467502,-0.22590421951412615
2024-05-24,340.843286924326,342.20785040227804,337.5962021660449,339.3392639160156,24680885,0.0,0.0,KOTAKBANK.NS,-0.0032766156900178034,-0.003281995550245263,-0.017265837601260547,328.118408203125,343.1323388671875,349.88575744628906,352.1864569091797,335.2092253581418,340.5486120631591,328.118408203125,344.89504045264295,311.34177595360705,0.10225962231983157,52.98982179283535,-1.3837413847879816,-3.799651553303687,2.4159101685157056,5.949886512167585,39.95015759712847,27.819368872770315,-0.22844063389404276
2024-05-27,339.33926920457776,343.0345516610624,339.15002006561906,340.8432922363281,17271435,0.0,0.0,KOTAKBANK.NS,0.004432226035254061,0.004422432648446592,-0.012910137660943288,328.8011932373047,342.98472717285154,349.5354522705078,352.0228025817871,335.74580315606426,340.5601681483814,328.8011932373047,346.5042732353565,311.0981132392529,0.10768257757066603,54.41736298217519,-0.8063992974176699,-3.201001102126484,2.394601804708814,4.999382515412934,39.972908379077026,27.831808759291317,-0.22502090838384387
2024-05-28,341.1022108216042,341.8392975495241,338.25356470037303,339.37908935546875,18580705,0.0,0.0,KOTAKBANK.NS,-0.004295824251821179,-0.0043050778154533,-0.01715050223030623,329.7489212036133,342.8811401367187,349.13962799072266,351.87203002929687,336.09183041315043,340.5138513329731,329.7489212036133,347.59271759313896,311.9051248140876,0.10822656416520908,52.73835314417795,-0.4616785266130137,-2.65313658702379,2.1914580604107763,4.837883283089217,39.182780929695525,27.83533821573243,-0.22835008236026286
2024-05-29,338.25354806921376,340.8233054200831,335.1060733006344,336.2315979003906,24762360,0.0,0.0,KOTAKBANK.NS,-0.009274264543097432,-0.009317538297143794,-0.026265708478672822,330.2215408325195,342.7516552734375,348.67447967529296,351.7120388793945,336.1051416024114,340.345919825813,330.2215408325195,348.23407202039846,312.20900964464056,0.10909361722719642,49.22252511768971,-0.43741879631232905,-2.209993028881498,1.772574232569169,4.942467072552603,39.21281882796976,27.871649976194025,-0.23550656783111312
2024-05-30,335.53434474836047,340.1659019596164,335.26542620974107,336.6797790527344,27902445,0.0,0.0,KOTAKBANK.NS,0.0013329536996000702,0.0013320661054777925,-0.024967765752362037,330.8804138183594,342.59447998046875,348.24020782470706,351.5804627990723,336.15986897863263,340.2021495994178,330.8804138183594,348.82196928799465,312.9388583487241,0.1084473708346151,49.73636600231764,-0.3776747128832767,-1.8435293656818539,1.4658546527985772,4.93890844419088,39.18046107369943,27.8528071099956,-0.23448753348238371
2024-05-31,339.2496270567567,339.2496270567567,330.7932667449813,334.7475280761719,64022380,0.0,0.0,KOTAKBANK.NS,-0.005739135810291285,-0.005755667933962353,-0.03056360816412096,331.92376098632815,342.34746337890624,347.7845220947266,351.4396734619141,336.02536032125545,339.98824287301596,331.92376098632815,348.0365942314219,315.8109277412344,0.09708755527000315,47.50440761488468,-0.4807023640207717,-1.5709639653496377,1.090261601328866,5.013612434380117,39.19583291228625,27.805843902578463,-0.23888091349219934
2024-06-03,342.92494662503987,346.39112945603705,338.671857126363,342.24761962890625,49005355,0.0,0.0,KOTAKBANK.NS,0.022405218631002866,0.022157908922905797,-0.008843173856187492,333.6304656982422,342.26678283691405,347.49168701171874,351.3197007751465,336.61795644579365,340.0768458830509,333.6304656982422,345.89602763572475,321.3649037607596,0.07352782913162596,55.79637590874741,0.04235395754574256,-1.2483003807705617,1.2906543383163043,5.451864449576939,39.81614780279901,28.077714352955457,-0.22182787395476294
2024-06-04,339.2993855207711,341.73968392458295,319.2193121985658,326.2911682128906,76147340,0.0,0.0,KOTAKBANK.NS,-0.04662253438991615,-0.047744372309827664,-0.055053417068877564,333.76642456054685,341.8685681152344,347.0375942993164,351.12686828613283,335.63445280456483,339.5362310724564,333.76642456054685,345.6157569708881,321.9170921502056,0.07100374116984766,40.96949409203141,-0.8212060625335766,-1.1628815171231648,0.34167545458958815,6.847734728840602,41.92218257578787,28.474321269734453,-0.2581082306625812
2024-06-05,331.19169230394675,343.58237330551606,327.6955988326551,342.25762939453125,72131590,0.0,0.0,KOTAKBANK.NS,0.048933169932516174,0.047773619026751944,-0.008814185349158454,334.50548248291017,341.74286865234376,346.7477481079102,351.0174038696289,336.26523152741873,339.6429525752829,334.50548248291017,346.54528169468585,322.4656832711345,0.07198566147501513,54.110161002476566,-0.21474813713683716,-0.9732548411258993,0.7585067039890622,7.841639106293327,44.39688428927386,29.66302212552354,-0.22180511464205813
2024-06-06,342.8353264165007,346.3214496004128,339.40896291258633,345.564453125,31799505,0.0,0.0,KOTAKBANK.NS,0.00966179698117653,0.009615420302807421,0.0007624507626200483,335.36555938720704,341.62055541992186,346.5228430175781,350.92098770141604,337.1508716795693,339.87516828311493,335.36555938720704,348.00067907521344,322.73043969920064,0.07535132534833797,56.2808598372314,0.5266364397456869,-0.6732765849515822,1.1999130246972691,7.939820025259138,44.50407036337262,29.683919496849082,-0.21428635364793966
2024-06-07,344.63813834169986,350.3354607207567,343.034505914369,349.349365234375,23040730,0.0,0.0,KOTAKBANK.NS,0.010952839839709627,0.010893291907507867,0.011723641603418322,336.46717224121096,341.5470477294922,346.37861694335936,350.8740243530273,338.3126329705032,340.2467054184585,336.46717224121096,349.9603902366124,322.9739542458095,0.08020525690826233,58.68950526034853,1.4034220578261625,-0.25793685639603325,1.6613589142221956,7.882904545127453,44.3455903906418,29.678608260828966,-0.20568055791957124
2024-06-10,348.63224413253755,353.28374208277756,345.85332769552423,347.74578857421875,24240220,0.0,0.0,KOTAKBANK.NS,-0.004590180546286127,-0.004600747774399578,0.007079647425512592,337.6395065307617,341.4245355224609,346.2172595214844,350.82840606689456,339.21102874228563,340.5407871108412,337.6395065307617,350.75017590796745,324.52883715355597,0.07766075428742074,57.25038113631837,1.9464482978730189,0.18294017445777722,1.7635081234152417,8.057921577913557,30.538844631711076,29.685783551209667,-0.2093266275701457
2024-06-11,347.93502295140695,348.05454231181375,342.0584213576106,342.6361083984375,20528235,0.0,0.0,KOTAKBANK.NS,-0.014693722666581532,-0.014802744687076545,-0.007718101616916551,338.42438354492185,341.2902703857422,346.0164587402344,350.7545999145508,339.5372268047763,340.62295657309994,338.42438354492185,350.6899635699683,326.1588035198754,0.07248638467812027,52.806958400553775,1.9421046451650454,0.5347730685992309,1.4073315765658145,8.146853272720048,30.19693106548132,29.727529738354143,-0.22094456282448066
2024-06-12,342.6560355496027,345.4250123270211,341.221742358766,341.78948974609375,29407880,0.0,0.0,KOTAKBANK.NS,-0.002470897350256074,-0.0024739550550020254,-0.010169928330338363,339.1161285400391,341.0518194580078,345.80310791015626,350.6844293212891,339.75172803728276,340.6687029720409,339.1161285400391,350.4181850855584,327.8140719945198,0.06665596587326497,52.08562518620293,1.8490327211167141,0.7976249991027275,1.0514077220139866,8.211595826334555,29.767609821773643,29.264508922179427,-0.22286952883990024
2024-06-13,344.9070672890175,346.13220152582943,342.43688905419503,343.90106201171875,30080725,0.0,0.0,KOTAKBANK.NS,0.006177990631583308,0.006158985084687629,-0.004054767420703764,339.86863098144534,340.8161572265625,345.59015563964846,350.6452349853516,340.14690270151476,340.79546215006746,339.86863098144534,350.26038972841053,329.47687223448014,0.061151620359647246,53.781385620215,1.9234860357598222,1.0227972064341466,0.9006888293256756,8.19238607944188,29.584337948512264,29.285517694036017,-0.21806842406955523
2024-06-14,343.2337431266289,345.6043118153073,340.7237149166952,342.0783386230469,15768330,0.0,0.0,KOTAKBANK.NS,-0.005300138877180172,-0.005314234440929612,-0.009333415467439488,340.3183395385742,340.52332275390626,345.3226205444336,350.61176818847656,340.33084897975596,340.8457710313608,340.3183395385742,350.24178539541685,330.39489368173156,0.05831860763247436,52.068328635488854,1.8144959004350198,1.1811369452343214,0.6333589552006984,8.263533601096794,28.10155918979509,29.29587912802046,-0.22221277001443898
2024-06-18,342.3572322772694,343.56242640088317,339.2993968098606,342.5166015625,28536650,0.0,0.0,KOTAKBANK.NS,0.0012811771163798724,0.0012803571092862619,-0.008064196109374144,340.54593353271486,340.3719256591797,345.0664401245117,350.5709805297852,340.53901589239825,340.9112937972879,340.54593353271486,350.45087171979367,330.64099534563604,0.05817093796615419,52.46042586531971,1.743387898978085,1.2935871359830742,0.4498007629950109,8.311911939801904,27.369028673643065,29.297021122941747,-0.2212162868139689
2024-06-19,344.4289524949112,351.21194962735655,341.64006615432476,347.9549255371094,49798990,0.0,0.0,KOTAKBANK.NS,0.015877548562027943,0.01575281882393133,0.007685312787313547,341.0285125732422,340.43387817382813,345.0008010864258,350.5546455383301,341.24529300141836,341.18751464982995,341.0285125732422,351.40275557352504,330.6542695729594,0.06084091281402619,57.145171105686764,2.1016352473898223,1.4551967582644239,0.6464384891253985,8.587244179343555,23.890312279576904,29.424467197975467,-0.20885111058854125
2024-06-20,351.60044797126574,356.5507444461013,350.66417239196676,351.8494567871094,46215520,0.0,0.0,KOTAKBANK.NS,0.01119263147083882,0.011130457468200945,0.01896396313191895,341.6928680419922,340.50200744628904,344.97888824462893,350.5409002685547,342.25521336196033,341.60563002776246,341.6928680419922,353.0567244944084,330.329011589576,0.06651503449594766,60.1720396370342,2.669037967685142,1.6979650001485678,0.9710729675365743,8.851197262137598,23.861327503259087,29.457434150962676,-0.19999607263079544
2024-06-21,352.5964602256615,356.38138182086345,347.6760439139497,353.72198486328125,95158445,0.0,0.0,KOTAKBANK.NS,0.005321958127406878,0.005307846553580016,0.024386846677043605,342.3562271118164,340.4641583251953,345.0014984130859,350.53562133789063,343.3472868382766,342.0807811977828,342.3562271118164,354.9031311248667,329.8093230987661,0.07329736116616567,61.57724601216385,3.2325433304865214,2.0048806662161587,1.2276626642703627,8.86898137607605,23.875283723695357,29.403867271431956,-0.19573848522757542
2024-06-24,350.03662586479265,353.632328566577,348.56251329493875,353.10443115234375,21144440,0.0,0.0,KOTAKBANK.NS,-0.0017458731358646062,-0.0017473989485434019,0.022598397200697118,343.0444854736328,340.40101013183596,344.97769317626955,350.52934631347654,344.2765386777115,342.51308119600094,343.0444854736328,356.37995959900377,329.7090113482618,0.07774778310141922,60.81517561544927,3.5879344915754245,2.321491431288012,1.2664430602874126,8.405829246681574,23.848654442329845,29.40096576475827,-0.19714262380042635
2024-06-25,353.90130644763974,358.22409608066766,351.2020592465926,354.9670715332031,29669295,0.0,0.0,KOTAKBANK.NS,0.005275041082834164,0.005261176788729418,0.027992645757171086,343.75067443847655,340.40619079589845,344.96434661865237,350.5209300231934,345.29468466394883,343.00147297393045,343.75067443847655,358.0559504824927,329.4453983944604,0.08323053368482301,62.32948746430387,3.9740734146442946,2.6520078279592685,1.3220655866850262,7.262524204091185,23.59086979803057,28.80482287877882,-0.19290751815731721
2024-06-26,354.58851955932084,361.75998492252376,353.8116133446889,358.2041320800781,33429660,0.0,0.0,KOTAKBANK.NS,0.009119326288191232,0.009077996309894955,0.037367246115691755,344.69192657470705,340.29543151855466,345.02361083984374,350.5359204101562,346.52415584643734,343.59765568397546,344.69192657470705,360.21180823991006,329.17204490950405,0.09005074078425965,64.87033123733485,4.489542376176701,3.019514737602755,1.4700276385739457,6.595178953034714,23.61068465893111,28.818115984465926,-0.18554737847064773
2024-06-27,356.7798352632025,366.14256044346973,355.58458081611167,364.658447265625,66713845,0.0,0.0,KOTAKBANK.NS,0.01801853917225049,0.017858129330139152,0.05605908847583696,346.11326904296874,340.36515441894534,345.03885040283205,350.5913496398926,348.2512312196933,344.42356907933424,346.11326904296874,363.46897462243754,328.75756346349993,0.10028916618804438,69.31452793911609,5.3571110944445195,3.4870340089711083,1.8700770854734112,6.8555713058584,24.000320959349576,28.776256941019195,-0.170872132005679
2024-06-28,362.99505971165456,368.12463475678027,358.35353217282216,359.0706787109375,24845035,0.0,0.0,KOTAKBANK.NS,-0.015323293883871658,-0.01544190882606924,0.03987678470438816,347.2328140258789,340.3824853515625,344.99681762695315,350.63492614746093,349.281654790288,344.9979655354756,347.2328140258789,364.91202313118396,329.55360492057383,0.10182913821035042,62.00154360772692,5.53003255773416,3.895633718723719,1.6343988390104407,7.032010432827714,24.62293313980245,28.78683900315248,-0.18357710199426397
2024-07-01,359.07069420444503,361.1922540711034,356.580606172514,360.1862487792969,14507550,0.0,0.0,KOTAKBANK.NS,0.003106825854910511,0.003102009644304177,0.04310750078502901,348.50475006103517,340.4442395019531,344.96265380859376,350.6717793273926,350.320187551146,345.59358448621373,348.50475006103517,366.06179240524466,330.9477077168257,0.1007564019780772,62.844370006060245,5.691483367101,4.254803648399175,1.436679718701825,6.830669969351716,24.446486278764677,28.770909911623434,-0.18104061822619885
2024-07-02,362.7460864381865,362.7460864381865,346.0425859479456,352.5168151855469,48125085,0.0,0.0,KOTAKBANK.NS,-0.021292966124449197,-0.02152293161843839,0.02089664810665459,349.01820983886716,340.3759118652344,344.8567758178711,350.67915008544924,350.52939018299367,345.86508372932485,349.01820983886716,366.4045832802926,331.6318363974417,0.09963017946514773,53.979854461482944,5.141309288703496,4.432104776460039,0.7092045122434572,7.595482793354413,25.13277417195205,28.985038681508108,-0.19847869259960824
2024-07-03,351.7598160555882,361.7301387347095,349.0505989326296,360.7042236328125,44905015,0.0,0.0,KOTAKBANK.NS,0.023225582708604087,0.022959973617124204,0.04460756764419238,350.7388626098633,340.44782653808596,344.832373046875,350.71864318847656,351.4984219401193,346.4470107843636,350.7388626098633,365.22435437172436,336.25337084800225,0.08259986734332132,60.40135855783853,5.3047974021203,4.606643301592092,0.6981541005282086,8.200930638627613,25.90586338746258,29.232319831587912,-0.17986289318187196
2024-07-04,359.887452709135,366.25210195382306,358.8316578084726,365.3158264160156,25344465,0.0,0.0,KOTAKBANK.NS,0.012784998015153759,0.01270395991176863,0.057962873323137876,351.8917724609375,340.54304748535156,344.8831707763672,350.7819410705566,352.814365223538,347.18696433854603,351.8917724609375,367.1830670223463,336.6004778995287,0.08690907692708975,63.491464095435866,5.740309993319215,4.833376639937517,0.9069333533816986,8.420768664742955,26.078922972537054,29.298433477905338,-0.16937744189904816
2024-07-05,362.55681360055775,370.1167171376608,362.2480451196025,369.0708923339844,17328265,0.0,0.0,KOTAKBANK.NS,0.010278957675631917,0.010226488436599738,0.06883762892041645,353.06709442138674,340.7010192871094,345.014049987793,350.8453884887695,354.36260590072334,348.04515759326915,353.06709442138674,369.8513105650528,336.28287827772067,0.09507663789044048,65.82971939411189,6.3156563417795155,5.129832580305917,1.185823761473599,8.634202601846255,26.15984969879146,29.199126633505752,-0.1608395077799033
2024-07-08,369.3298100614972,369.9772572062773,365.6345282800997,369.17047119140625,19306015,0.0,0.0,KOTAKBANK.NS,0.000269809566374013,0.0002697731743187621,0.06912601153759979,354.05814971923826,340.74245361328127,345.13476928710935,350.9051504516602,355.77287878555023,348.87360126378434,354.05814971923826,372.2036174782504,335.9126819602261,0.10249992987536753,65.89210532797608,6.702396593823039,5.444345383009341,1.258051210813698,8.639895411500182,26.10811082971637,29.149900501568982,-0.16061309425137923
2024-07-09,370.764164029314,372.5171958543592,364.54891359009486,368.1047668457031,19601055,0.0,0.0,KOTAKBANK.NS,-0.002886754030634764,-0.002890928741228934,0.06603970771453715,355.0760986328125,341.5607971191406,345.37013275146484,350.9449423217773,356.9473443150886,349.62776461993803,355.0760986328125,373.9981695697552,336.1540276958698,0.10658036972806888,64.53416063454233,6.844004175751763,5.724277141557826,1.1197270341939376,8.525352468016795,26.157967319523166,29.073206602585984,-0.16303619778481113
2024-07-10,367.1386206928482,367.43741912668304,362.5967021190468,364.51904296875,28148945,0.0,0.0,KOTAKBANK.NS,-0.009741041681364915,-0.009788795998803765,0.05565537048769986,356.1702453613281,342.4426873779297,345.5442401123047,350.9635186767578,357.66845847258014,350.2117363198915,356.1702453613281,374.5875447233702,337.75294599928606,0.1034185174191519,60.049948713252775,6.590915286215363,5.897604770489334,0.6933105157260293,8.304798597849965,26.331534667794966,29.127292635927038,-0.17118909706798296
2024-07-11,364.7182515886439,368.9314613661864,362.8656101629582,367.4374084472656,23076860,0.0,0.0,KOTAKBANK.NS,0.00800607138312337,0.007974192828580518,0.06410702273980196,357.45264129638673,343.2558514404297,345.81307006835937,350.98333984375,358.5988346606454,350.88725287390616,357.45264129638673,375.2138491456798,339.6914334470937,0.09937656515771048,62.34337793821842,6.550320208241146,6.028147858039697,0.5221723502014495,8.116263833300994,26.134629063755533,29.090582552622042,-0.1645535778159983
2024-07-12,367.43738687355983,368.73225089854856,363.80186439695876,365.11663818359375,21204275,0.0,0.0,KOTAKBANK.NS,-0.006316096865256804,-0.006336127794466267,0.05738601970917734,358.51342010498047,344.0881378173828,346.00371124267576,350.99459518432616,359.21957785330716,351.44526798409,358.51342010498047,375.37835669153696,341.648483518424,0.09408259574561019,59.42197001879266,6.258734753373119,6.074265237106382,0.1844695162667369,8.09990061424723,26.2730731975357,29.116355646305625,-0.16983033834424474
2024-07-15,366.34174272754404,370.1067546532516,363.88153451176544,367.2481384277344,29549980,0.0,0.0,KOTAKBANK.NS,0.0058378611688159054,0.00582088688759532,0.06355889249408642,359.7719100952148,345.1554888916016,346.1921612548828,351.0241275024414,359.9842026699193,352.0649883936447,359.7719100952148,375.16521943179515,344.3786007586345,0.08557260255536037,61.21940923148638,6.128994205605977,6.085211030806301,0.043783174799676416,8.042985136205166,26.15862409243052,29.023111346080494,-0.16498392311293553
2024-07-16,366.95931412926274,368.3537573769551,358.75196313490443,359.62847900390625,32713510,0.0,0.0,KOTAKBANK.NS,-0.020747986515192385,-0.020966250288391816,0.04149218693450618,360.6275039672852,346.1857879638672,346.323737487793,351.0310499572754,359.9503242255371,352.36159586855695,360.6275039672852,373.7115678057721,347.54344012879824,0.07256276182236993,52.300636729143115,5.349663461088653,5.938101516862772,-0.5884380557741187,8.161086755077728,26.397923228694058,29.250992370353117,-0.18230882541615714
2024-07-18,359.5687297863335,364.7879448352726,357.20813107750547,363.9014892578125,37954190,0.0,0.0,KOTAKBANK.NS,0.011881734910821118,0.011811701299949419,0.053866921011353375,361.4248321533203,346.9923779296875,346.5060122680664,351.06820190429687,360.3266256571824,352.8141407073513,361.4248321533203,373.12796301560894,349.7217012910317,0.06476107794012351,56.157990423832224,5.018978784515298,5.754276970393277,-0.735298185877979,7.948360621535516,22.184616872142623,29.079579850670427,-0.1725932356408339
2024-07-19,362.6550710937018,365.14788838076356,360.1522727999243,363.2732849121094,20694325,0.4,0.0,KOTAKBANK.NS,-0.0017263033107788317,-0.0017277950894280588,0.05204762705649113,361.9960235595703,347.70831420898435,346.6896743774414,351.13582931518556,360.60725987193734,353.22430322518494,361.9960235595703,372.8129626504051,351.1790844687355,0.059762750896929485,55.44806139874264,4.652585841850339,5.53393874468469,-0.881352902834351,7.607254407027028,17.601413389859186,29.082084304860363,-0.17402159067750797
2024-07-22,363.1536029164098,363.1536029164098,348.7750206680162,350.50006103515625,53711805,0.0,0.0,KOTAKBANK.NS,-0.03516147321442442,-0.035794521400216855,0.015056082597445508,361.8349273681641,348.15105712890625,346.68365081787107,351.13884338378904,359.6446695065296,353.117470198125,361.8349273681641,373.25013155987614,350.419723176452,0.0630961984501689,43.426899010300446,3.293558288702229,5.085862653488197,-1.7923043647859682,8.313441288848727,20.47593281049694,29.673436140226272,-0.2030642083925937
2024-07-23,352.78348138771736,355.0768914918608,346.83063263928557,352.7635498046875,30775980,0.0,0.0,KOTAKBANK.NS,0.006457884095216304,0.006437121302919716,0.021611197129004056,361.81788330078126,348.65998596191406,346.7329318237305,351.1253356933594,358.9893247730208,353.10359096700984,361.81788330078126,373.2888556243448,350.3469109772177,0.06340743701730008,45.674535374072576,2.3718228906291188,4.543054700916382,-2.1712318102872636,7.709352600444037,20.31839844639102,29.38385164780061,-0.19791768941906368
2024-07-24,352.5741110581228,355.1566661810991,344.81646468222635,348.2366027832031,37436035,0.0,0.0,KOTAKBANK.NS,-0.012832808332920997,-0.012915860107861969,0.008501056445481492,361.4813598632812,349.13873596191405,346.7794741821289,351.1094128417969,357.96525601208583,352.91272868529194,361.4813598632812,374.1327407063309,348.8299790202316,0.06999741755887293,42.07419445670183,1.261512227853757,3.886746206303857,-2.6252339784501,7.542257007357814,20.632460874654107,29.44308724178261,-0.20821065797797522
2024-07-25,345.4047390394214,354.7777254597317,345.4047390394214,354.00994873046875,15481985,0.0,0.0,KOTAKBANK.NS,0.016578802748256294,0.016442874690177148,0.025220796531699285,361.27165069580076,349.68016357421874,346.885244140625,351.1213110351562,357.5885600805032,352.9557569223577,361.27165069580076,374.2856110586246,348.2576903329769,0.07204528967473248,47.7327548043969,0.8377863171664899,3.2769542284763835,-2.4391679113098936,7.68172431271209,20.67090751190327,29.513392292793846,-0.19508373865842038
2024-07-26,350.6097335054592,364.9185097002786,350.6097335054592,361.7276916503906,26546755,0.0,0.0,KOTAKBANK.NS,0.02180092098427977,0.021566679249327342,0.04757155410832725,361.12511291503904,350.3556256103516,347.1034512329102,351.2036212158203,357.9827630871592,353.29975436267273,361.12511291503904,374.044157579634,348.2060682504441,0.07154885773692712,54.17690557898679,1.1119203087624214,2.8439474445335913,-1.7320271357711698,8.141731753909312,21.48040191887305,29.710492469776085,-0.17753582284595074
2024-07-29,363.89148117598694,364.350151014308,355.6751655317632,357.7491760253906,40031835,0.0,0.0,KOTAKBANK.NS,-0.010998648200937877,-0.011059580526120306,0.03604968311937995,361.05903778076174,350.9335888671875,347.2809765625,351.26354873657226,357.9605167003241,353.4742414867009,361.05903778076174,374.03571384518034,348.08236171634314,0.07188118676756763,50.70623876711556,0.996651730283304,2.474488301683534,-1.4778365714002302,8.451178650792684,21.763751693979323,29.765171246715667,-0.18658181698834203
2024-07-30,357.74918004595776,360.2918414127163,355.2364312683413,356.19366455078125,28397685,0.0,0.0,KOTAKBANK.NS,-0.004348050474612397,-0.004357530736495756,0.03154488680297063,360.8594085693359,351.3957788085938,347.48906341552737,351.3243144226074,357.7922450670343,353.5808855284296,360.8594085693359,374.014236680949,347.70458045772284,0.07290832828090446,49.37444258001737,0.770897350534085,2.1337701114536443,-1.3628727609195592,8.243116356514873,21.739987287967285,29.75386028579436,-0.19011860030504418
2024-07-31,357.5696886881316,362.1564782096097,353.61109394073344,360.5411071777344,29031285,0.0,0.0,KOTAKBANK.NS,0.0122052778014341,0.01213139397258313,0.04413517871104977,361.2606231689453,351.84730651855466,347.7289709472656,351.41179748535154,358.0540414585296,353.8538353970298,361.2606231689453,373.82010795454613,348.70113838334447,0.06953143509209597,53.08337133230978,0.9320436460370729,1.8934248183703302,-0.9613811723332573,8.460067752387728,21.96247014040404,29.814469026235468,-0.18023377283555295
2024-08-01,360.3815890488383,362.6051623846206,356.2235568159542,357.4998779296875,19080220,0.0,0.0,KOTAKBANK.NS,-0.008435180309544155,-0.008470957777967475,0.03532771021108405,361.10040588378905,352.2312371826172,347.86226959228514,351.47192276000976,358.00126397959224,353.996817457134,361.10040588378905,373.7710379755307,348.4297737920474,0.0701778889488115,50.30682112911608,0.8050711039682028,1.675754075489905,-0.8706829715217022,8.482621635633311,21.737913021635237,29.85274218666397,-0.1871486487733598
2024-08-02,355.19655841914636,360.9599508930044,353.98006233982477,359.6537170410156,16212945,0.0,0.0,KOTAKBANK.NS,0.006024726844107375,0.0060066507433797255,0.04156527685924094,360.8173004150391,352.6530645751953,348.01810272216795,351.53320571899417,358.15864046163256,354.21865665650193,360.8173004150391,373.3435551401806,348.29104568989754,0.0694326724950988,52.21317699686291,0.8682328180205445,1.514249823996033,-0.6460170059754884,8.629014639318301,21.578229350576454,29.84864894148707,-0.18225144141735564
2024-08-05,353.0228259328979,360.0824711904509,352.6937570060791,353.7108459472656,24559090,0.0,0.0,KOTAKBANK.NS,-0.01652386952272833,-0.01666191142489864,0.024354588125014454,360.04929809570314,352.9181854248047,348.13741577148437,351.58927673339844,357.7350409840738,354.1987425110417,360.04929809570314,372.3258644519672,347.77273173943905,0.06819380802126104,46.87032774310199,0.4337489133690724,1.2981496418706409,-0.8644007285015685,8.712121356667277,22.104763479536736,29.94891086014922,-0.19576381190177441
2024-08-06,355.9743016661559,357.41016682995746,350.9886671890389,353.09259033203125,19620110,0.0,0.0,KOTAKBANK.NS,-0.0017479125175781096,-0.0017494418990725306,0.022564105917992183,359.2454040527344,353.193251953125,348.16279541015626,351.6056022644043,357.29290282673645,354.1553639942178,359.2454040527344,371.1057045614399,347.3851035440289,0.06602896167859956,46.33908054007187,0.03907875194687449,1.0463354638858877,-1.0072567119390132,8.484957456586411,22.104778230330847,29.944570666642445,-0.19716954640204062
2024-08-07,355.9743009369397,356.2933888459971,350.9986474765369,354.2891540527344,17688725,0.0,0.0,KOTAKBANK.NS,0.003388810055679592,0.0033830809784040714,0.02602938144270417,358.55462341308595,353.4621691894531,348.2234481811523,351.6126712036133,357.0068315149267,354.1606106631792,358.55462341308595,369.83758220632916,347.27166461984274,0.06293578750060777,47.57750298589184,-0.1751287273101525,0.8020426256466797,-0.9771713529568322,8.32173800027877,22.073090764228468,29.947104247832744,-0.1944489064878821
2024-08-08,352.31484547855314,355.3361388651812,351.51715610494864,353.5313415527344,12361105,0.0,0.0,KOTAKBANK.NS,-0.0021389661278967687,-0.002141256983235843,0.023834739349571255,358.00523834228517,353.7452142333984,348.3131771850586,351.6234712219238,356.6758324709084,354.13593344316183,358.00523834228517,369.134356969702,346.8761197148683,0.06217293735113686,46.84020991146004,-0.4014116101775471,0.5613517784818344,-0.9627633886593815,8.237692798806863,21.91082402141881,29.869423752433477,-0.19617195299119472
2024-08-09,355.98428434818004,356.0640411110342,351.98579574114524,352.9131164550781,12322215,0.0,0.0,KOTAKBANK.NS,-0.0017487136923729496,-0.0017502444770249226,0.022044345522143516,357.2790237426758,354.0788446044922,348.41524993896485,351.6330227661133,356.31747856463886,354.08797983578603,357.2790237426758,367.6889199076971,346.8691275776545,0.058273200905961005,46.21106021344498,-0.6234413796424292,0.3243931468569817,-0.9478345264994108,7.493405736363708,21.208957578615763,29.800021425079482,-0.19757761810331242
2024-08-12,351.18809445156876,357.1808062251685,349.24368489049795,353.491455078125,22722215,0.0,0.0,KOTAKBANK.NS,0.0016387563852999776,0.001637415089226526,0.023719227219427763,356.69776458740233,354.415078125,348.50477905273436,351.657667388916,356.0483334706851,354.0645867080346,356.69776458740233,366.5482087499067,346.847320424898,0.0552313198480428,46.92920335118034,-0.744156307388721,0.11068325600784115,-0.8548395633965621,7.471324485084803,20.77922351010937,29.78701985493312,-0.1962626433012716
2024-08-13,351.5869697389621,357.27057511352945,348.2166757687968,349.40325927734375,17651595,0.0,0.0,KOTAKBANK.NS,-0.01156518988522004,-0.011632586836711074,0.01187971996748427,355.80552062988284,354.70819274902345,348.5278280639648,351.64015731811526,355.41546926179547,353.88178955388986,355.80552062988284,364.83035038359486,346.7806908761708,0.05072900351706383,42.59951298432738,-1.1563769977663583,-0.14272879474699873,-1.0136482030193594,7.37944575978908,20.9956669944502,29.846908952360486,-0.20555801844933724
2024-08-14,349.9915255620737,350.9886524155269,347.9075340899441,348.5755920410156,12928245,0.0,0.0,KOTAKBANK.NS,-0.002368802277460058,-0.0023716123280882254,0.009482776982309593,355.2528762817383,354.83475219726563,348.55076751708987,351.6365870666504,354.764052383626,353.67370337691443,355.2528762817383,364.63846897599103,345.86728358748553,0.052838939926326586,41.759515722496936,-1.5321885774814632,-0.42062075129389165,-1.1115678261875717,6.930026610165685,20.09779658472633,29.684489899928966,-0.2074398944245443
2024-08-16,351.3875148118996,356.1238676049329,348.1967269776898,354.438720703125,14809355,0.0,0.0,KOTAKBANK.NS,0.016820250172362883,0.016680356285237938,0.02646252983584363,354.7797378540039,355.3977032470703,348.63313568115234,351.6772233581543,354.73306841405446,353.7037040563737,354.7797378540039,363.2378271867919,346.3216485212159,0.04768079137748623,49.374986142497285,-1.3414530435004508,-0.6047872097352036,-0.7366658337652472,6.4741954981959475,19.523895404073894,29.703739305740832,-0.19410883517213084
2024-08-19,355.0868549660538,356.97143946230403,353.1823693159486,355.24639892578125,10861395,0.0,0.0,KOTAKBANK.NS,0.002278752787093996,0.0022761603675368813,0.02880158418655454,354.3783935546875,355.6574786376953,348.7001736450195,351.6908712768555,354.7819570342189,353.76420189438966,354.3783935546875,361.8429405393914,346.91384656998355,0.042127551343233934,50.33834170070568,-1.1122989857990433,-0.7062895649479716,-0.4060094208510717,6.125201545610992,19.135783629014753,29.658036887169004,-0.19227240843418497
2024-08-20,355.57545416105586,361.5681660624753,354.2293267769794,360.0924377441406,15577430,0.0,0.0,KOTAKBANK.NS,0.013641345367646718,0.013549139808156644,0.04283582191122548,354.8580123901367,355.94803833007813,348.784296875,351.7574851989746,355.2877171018305,354.0123680061446,354.8580123901367,362.50379686791683,347.2122279123566,0.04309207745533008,55.77600846648628,-0.5335079637901003,-0.6717332447163973,0.13822528092629693,6.288303627119627,19.32970311148587,29.54679717550685,-0.1812539173946582
2024-08-21,358.9656629057862,362.35588808058384,356.4429332142275,361.5482177734375,28585950,0.0,0.0,KOTAKBANK.NS,0.004042795340043481,0.004034645201805504,0.047051793712478585,355.29724578857423,356.1920153808594,348.8695315551758,351.8440277099609,355.88395526103113,354.30789152643064,355.29724578857423,363.4302086243171,347.16428295283134,0.04578117580220449,57.28896018383897,0.04217124910996972,-0.528952345951124,0.5711235950610937,6.1002729555110635,19.37784719249504,29.552342439002544,-0.17794389454722256
2024-08-22,361.757636029296,363.8117150593324,360.1223636966966,363.2533264160156,16089940,0.0,0.0,KOTAKBANK.NS,0.004716130681210018,0.004705044578916028,0.0519898268016219,356.04808197021487,356.5021661376953,348.9633508300781,351.9721640014648,356.5858001329344,354.6586928946497,356.04808197021487,364.2091008847197,347.88706305571003,0.04584222933793276,59.055812965520985,0.6287414500878867,-0.29741358674332186,0.9261550368312086,5.907969083651738,19.42588606101022,29.550490415829948,-0.17406697052662065
2024-08-23,363.2532989054772,364.52962005495476,361.4983763436309,362.5553283691406,9075930,0.0,0.0,KOTAKBANK.NS,-0.0019215186651191374,-0.0019233671504215698,0.049968408713907175,356.47535095214846,356.9005505371094,349.0954104614258,352.08899154663084,357.15432663162073,354.9683648740415,356.47535095214846,365.07032725864303,347.8803746456539,0.04822199506101796,57.998116758436375,1.025459097256146,-0.03283904994342829,1.0582981471995743,5.62592302351918,19.229282606273117,29.247508995356732,-0.17565401625889218
2024-08-26,362.95421706627155,363.5425183269613,360.9001379425413,361.4585266113281,11781285,0.0,0.0,KOTAKBANK.NS,-0.003025198285586339,-0.003029783447604438,0.04679204608394594,356.46189270019534,357.29393127441404,349.1728753662109,352.1855937194824,357.5642504392119,355.2228810206018,356.46189270019534,365.02301680823075,347.9007685921599,0.04803388122744333,56.292019680358166,1.2370974658131786,0.2211482532078931,1.0159492126052854,5.28689918066548,19.090045805481417,29.22715047421476,-0.17814782631563572
2024-08-27,361.16934265006654,361.57816834958214,357.31046623719175,359.6337890625,22708480,0.0,0.0,KOTAKBANK.NS,-0.005048262565376493,-0.005061048090784889,0.04150756498396646,356.5561233520508,357.6085858154297,349.2123715209961,352.2512590026856,357.76134935571554,355.3958578065586,356.5561233520508,365.217802517402,347.8944441866996,0.04858522178175555,53.47371982741912,1.2432499163053308,0.42556858582738066,0.8176813304779501,5.133056500056325,19.059857079015732,29.206162117704487,-0.18229675187831984
2024-08-28,358.1680146633854,360.14230656055753,356.1438481604879,357.230712890625,21403980,0.0,0.0,KOTAKBANK.NS,-0.006682008879475343,-0.006704433450754515,0.03454820218670296,356.607975769043,357.91163330078126,349.21747802734376,352.31984954833985,357.71081254951645,355.46781290789454,356.607975769043,365.27293459636945,347.9430169417165,0.048596550924807864,49.9285188415448,1.0422037379794347,0.5488956162577915,0.4933081217216432,5.040464859385573,19.047252434562907,29.223867122797902,-0.18776065224304475
2024-08-29,355.62530600550593,358.66656133586616,353.5812080140346,354.42877197265625,27655790,0.0,0.0,KOTAKBANK.NS,-0.007843505098696912,-0.007874427182625678,0.026433718088003877,356.30235900878904,358.1498767089844,349.26090118408206,352.361183013916,357.39823725648216,355.4270662045519,356.30235900878904,364.8130155355293,347.7917024820488,0.04777210316774988,46.09147149384245,0.6492953058009334,0.5689755541664199,0.08031975163451355,5.130919899499787,18.225364475779777,29.249170799918904,-0.19413145570853868
2024-08-30,354.43871775119646,356.97142858611744,353.850416534444,355.13671875,37290860,0.0,0.0,KOTAKBANK.NS,0.0019974303254317594,0.0019954381139073176,0.028483947923558572,356.1842010498047,358.2935125732422,349.36369537353517,352.4104884338379,357.1828545415791,355.4156800298636,356.1842010498047,364.6904711029791,347.6779309966303,0.04776332037245502,47.19566296680838,0.39053607415803526,0.533287658164743,-0.14275158400670773,5.062546091055822,17.86718075267045,29.245973856986378,-0.19252178943985931
2024-09-02,355.3760085453163,357.65943758618596,353.52136718305235,355.0270080566406,20242600,0.0,0.0,KOTAKBANK.NS,-0.00030892523235992453,-0.0003089729595892022,0.02816622328096785,355.95286560058594,358.3570635986328,349.4295355224609,352.4523229980469,356.9775358287278,355.40043799169797,355.95286560058594,364.31223130483,347.5934998963419,0.0469689473640821,47.034880019258,0.1746020786807776,0.46155054226794995,-0.28694846358717235,4.791185310231754,17.865178667495748,29.20144097921879,-0.19277123983368216
2024-09-03,354.9871402127843,356.26346136576984,353.4515563407888,355.7349853515625,25981365,0.0,0.0,KOTAKBANK.NS,0.001994150526173355,0.001992164847402861,0.0302165414961173,356.05407257080077,358.39732360839844,349.43074096679686,352.4866911315918,356.8591976880454,355.4135574960064,356.05407257080077,364.34790272913654,347.760242412465,0.046587475314927344,48.259836735870024,0.05991007636413315,0.3812224490871866,-0.32131237272305346,4.34532857310664,14.581558608068848,29.20194621274333,-0.1911615041768543
2024-09-04,352.98290550329193,356.63239343211694,351.6866527680351,355.7349853515625,15962215,0.0,0.0,KOTAKBANK.NS,0.0,0.0,0.0302165414961173,356.18619232177736,358.44993469238284,349.4254724121094,352.52603942871093,356.7521298464756,355.4261625099498,356.18619232177736,364.36477173559706,348.00761290795765,0.04592305704220676,48.25983673587003,-0.030631065922307243,0.29885174608528786,-0.3294828120075951,4.478515882999427,14.473337155004836,29.069718372254588,-0.1911615041768543
2024-09-05,355.226436222432,356.24349464295886,350.9886471587258,354.5683288574219,17865025,0.0,0.0,KOTAKBANK.NS,-0.0032795663687327226,-0.0032849559333655346,0.02683787797411452,356.20015106201174,358.4419598388672,349.4240753173828,352.5608494567871,356.54414879989906,355.39252197455653,356.20015106201174,364.366040924247,348.0342611997765,0.0458500078559126,46.217036420092256,-0.19428540125284144,0.200224316617662,-0.39450971787050343,4.287637801355852,13.975220116345746,22.544166940875186,-0.19381414370549227
2024-09-06,352.49432304792117,355.3660532493227,350.2906507963519,351.8162536621094,16274400,0.0,0.0,KOTAKBANK.NS,-0.007761762603504141,-0.007792041864917891,0.018867806132993437,356.1143966674805,358.3142022705078,349.30481689453126,352.5814010620117,356.0938730724905,355.25227615838213,356.1143966674805,364.43288948127764,347.79590385368334,0.046718093352257746,41.72971234477958,-0.539829293217565,0.052213594650616604,-0.5920428878681816,4.37951868039981,13.328206147565885,22.295052004870215,-0.20007156693635295
2024-09-09,352.52425273021015,357.75916895497016,350.6795618793151,357.0013427734375,17182305,0.0,0.0,KOTAKBANK.NS,0.014738060158834942,0.01463051037923575,0.03388394115368176,356.3188079833984,358.16106018066404,349.2631072998047,352.6251388549805,356.180298758295,355.32086700603134,356.3188079833984,364.50596199656496,348.13165397023187,0.045954094085025134,51.31972124393239,-0.39077732170829904,-0.03638458862116653,-0.3543927330871325,4.3610020939826075,12.444219067347403,22.19015030056263,-0.1882821735670983
2024-09-10,358.5668179649412,358.8958564331841,354.58826117862657,357.2904968261719,17488060,0.0,0.0,KOTAKBANK.NS,0.0008099522833389106,0.0008096244489964407,0.03472133781252662,356.5087600708008,358.1254565429688,349.2539709472656,352.64910705566405,356.2860319076166,355.3981073911349,356.5087600708008,364.5953793021217,348.4221408394799,0.04536561306215849,51.79616450251674,-0.246478988578815,-0.07840346861269623,-0.16807551996611877,4.246333550282693,12.034884770218591,22.110506594784685,-0.18762472086015214
2024-09-11,357.9685587507928,360.05255032981546,355.97430494159613,356.8218688964844,18669360,0.0,0.0,KOTAKBANK.NS,-0.0013116159927295534,-0.0013124769138667062,0.033364180757833095,356.8796905517578,358.0581689453125,349.25120422363284,352.66739532470706,356.3370640017945,355.4539411756584,356.8796905517578,364.2421387642907,349.5172423392249,0.04126011318352197,50.926236559457585,-0.167999286203667,-0.09632263213089039,-0.07167665407277661,4.27411169496723,11.97189806959743,21.486956906241314,-0.1886902452683701
2024-09-12,359.7434515818812,365.77605731954634,357.99847945926246,364.4399108886719,31827540,0.0,0.0,KOTAKBANK.NS,0.021349705991247747,0.02112499375202709,0.05542620219889938,357.67290649414065,358.296630859375,349.3362713623047,352.73199111938476,357.1087637053066,355.80633214479616,357.67290649414065,364.67804530462365,350.66776768365764,0.039170642692209406,62.076675402308105,0.5031092353895588,0.023563741373199443,0.4795454940163593,4.697179174377096,13.023463683824488,21.473942192292114,-0.17136902053701847
2024-09-13,366.34440590391546,366.34440590391546,362.30605425290463,363.02398681640625,10283600,0.0,0.0,KOTAKBANK.NS,-0.0038852058459045713,-0.003892772864111573,0.051325654148195454,358.1021697998047,358.34302612304685,349.3954263305664,352.7835809326172,357.6721182873161,356.08937742603575,358.1021697998047,365.3217428955796,350.8825967040298,0.040321303273928466,59.37622346024814,0.9102218635181316,0.2008953658021859,0.7093264977159457,4.796891407705012,12.820696598201872,19.88360430179923,-0.1745884224625257
2024-09-16,365.54672212603015,368.0794329342949,364.6094204197408,365.20770263671875,13653170,0.0,0.0,KOTAKBANK.NS,0.006015348570938661,0.005997328589926249,0.05764974441946702,358.60023498535156,358.34086364746094,349.44195556640625,352.8494259643555,358.3897929872592,356.44695880684685,358.60023498535156,366.34555493777003,350.8549150329331,0.04319751744019274,62.113586133105045,1.393011402692082,0.4393185731801651,0.9536928295119168,4.8531588366691745,12.82034841752566,19.816984263526628,-0.1696232841091495
2024-09-17,366.8230441347686,369.61498724699123,365.0780720821551,368.26885986328125,18374310,0.0,0.0,KOTAKBANK.NS,0.008381962385956232,0.008347028811429034,0.06651492479470722,359.0090560913086,358.3248229980469,349.51292114257814,352.9520413208008,359.33065649926135,356.9105627698443,359.0090560913086,367.86896406942856,350.14914811318863,0.04935757373132436,65.61172200806732,1.9995854198026564,0.7513719425046634,1.248213477297993,4.891620034152497,11.941360803631145,19.85120030507896,-0.16266309771037846
2024-09-18,368.9369525120477,370.82153695690624,366.0652221750621,366.88287353515625,34387495,0.0,0.0,KOTAKBANK.NS,-0.0037635175796278952,-0.0037706174311226493,0.06250107712630681,359.27578887939455,358.27907104492186,349.51076232910157,353.05405181884765,360.0499152645847,357.3016337802487,359.27578887939455,368.7569845184623,349.79459324032683,0.05277948546791984,62.785099857942875,2.3414711629327485,1.0693917865902804,1.272079376342468,4.868117281296252,12.001268758585233,19.855180753356393,-0.16581442986221664
2024-09-19,368.9170282106971,373.9225943861157,367.9597644595416,373.3143615722656,14462150,0.0,0.0,KOTAKBANK.NS,0.017530085215310853,0.01737820567667012,0.08112681154969059,359.77884063720705,358.3832629394531,349.9720300292969,353.1835382080078,361.31319586531623,357.9295838897396,359.77884063720705,371.0477226442567,348.5099586301574,0.06264338384709464,69.3777574131659,3.0957001080840882,1.474653450889042,1.6210466571950461,5.148025052673822,12.882112408464488,19.956398351409444,-0.1511910857323187
2024-09-20,373.7231533141575,384.1531226916266,372.92546395893197,379.8056335449219,94247895,0.0,0.0,KOTAKBANK.NS,0.01738821926195744,0.017238774080550398,0.09992568159889759,360.64135589599607,358.6889947509766,350.56584106445314,353.3472239685059,363.07438040623106,358.78746818994284,360.64135589599607,375.0173335314519,346.2653782605402,0.07972450968491636,74.32207738333221,4.169163853721329,2.0135555314554994,2.15560832226583,5.654424219071038,13.59008000528816,20.101130324180623,-0.13643181021952813
2024-09-23,381.8896142378257,387.28407431309773,380.5435172930239,385.8282775878906,18431360,0.0,0.0,KOTAKBANK.NS,0.015857174067578583,0.01573276256931983,0.11736739459341128,361.8598434448242,359.05681213378904,351.15633178710937,353.52986740112306,365.24141823305575,359.8478920879016,361.8598434448242,380.13087602495216,343.58881086469626,0.10098402965187757,77.88918633049731,5.44312370511301,2.6994691661870016,2.743654538926008,5.987748200727809,14.069427846047233,20.238326290470354,-0.12273805911495556
2024-09-24,385.8881155495244,386.6060481444869,380.8227242177712,381.83978271484375,18546930,0.0,0.0,KOTAKBANK.NS,-0.010337487179483129,-0.010391290112691506,0.10581662347702947,362.9701431274414,359.3912750244141,351.7397064208984,353.6905763244629,366.82221485036894,360.7103191713111,362.9701431274414,383.25901924609394,342.6812670087889,0.11179363648942858,70.86796040629943,6.061039966842202,3.3717833263180417,2.6892566405241602,6.047575576630229,14.589736602479201,20.34078889432484,-0.1318067431819032
2024-09-25,380.91245009306294,383.43517988840443,377.77147606950354,378.4993896484375,16537335,0.0,0.0,KOTAKBANK.NS,-0.00874815359116432,-0.008786643327287612,0.09614276981118963,364.03357696533203,359.6163000488281,352.38589447021485,353.8395135498047,367.9343267358993,361.4079297782572,364.03357696533203,385.2635530655034,342.80360086516066,0.11663746117679229,65.53938221681547,6.209620611425635,3.9393507833395605,2.2702698280860742,6.076779600535076,14.373048057882754,20.327549832144467,-0.13940183113936103
2024-09-26,377.9110856071587,381.5605736210741,375.7772194884088,379.36688232421875,21022565,0.0,0.0,KOTAKBANK.NS,0.0022919262210356894,0.002289303764354799,0.09865504816731852,365.28048248291014,360.01106811523437,353.09842803955075,353.9250082397461,369.0231415538345,362.1122024271184,365.28048248291014,387.0575537743392,343.50341119148106,0.11923479263608307,66.24912241795602,6.324466736031354,4.41637397387792,1.9080927621534345,6.127347577656114,14.293215221484761,20.205999850909638,-0.13742940363037406
2024-09-27,378.9082107762445,380.9024645171721,372.1875854068856,373.4140319824219,33215560,0.0,0.0,KOTAKBANK.NS,-0.015691539296541435,-0.015815954728667918,0.08141545930565752,366.19434814453126,360.2013189697266,353.596848449707,353.9708776855469,369.4413215946523,362.5554114292872,366.19434814453126,387.711536561403,344.6771597276595,0.1175178618998197,57.497839862801335,5.867500946151438,4.706599368332624,1.160901577818814,6.244152722986931,14.63663747136989,20.406579024688973,-0.15096446403934918
2024-09-30,370.2731085643566,375.80718125434873,367.56092211199245,369.7247009277344,16234200,0.0,0.0,KOTAKBANK.NS,-0.009880001121278625,-0.00992913221035231,0.07073107335514961,366.9292327880859,360.3303472900391,354.0193307495117,354.00532272338864,369.4683101025649,362.83656003706943,366.9292327880859,387.83580407858585,346.022661497586,0.11395424197545023,52.839239250227,5.148307597055066,4.7949410140771125,0.3533665829779533,6.525485857829698,15.01989174240424,20.49027098075525,-0.1593529360866458
2024-10-01,368.3386858150895,375.86701247544676,368.3386858150895,374.8000793457031,24357630,0.0,0.0,KOTAKBANK.NS,0.013727452900045067,0.013634084917821646,0.08542948373324721,367.88248748779296,360.81634765625,354.48370239257815,354.0597161865234,369.97609764953046,363.30571765701586,367.88248748779296,388.37442476877067,347.39055020681525,0.1114047989667226,57.893509712409944,4.931040344386645,4.822160880139019,0.10887946424762607,6.771920234410978,15.02602167427582,20.58621694908759,-0.147812993111214
2024-10-03,370.512392990874,371.65911324775027,362.1166016950004,363.5125732421875,31816160,0.0,0.0,KOTAKBANK.NS,-0.030116071808790612,-0.030578876303283025,0.05274061145775821,368.27136688232423,361.031328125,354.84565704345704,354.0461180114746,369.36052389645016,363.3138296407481,368.27136688232423,388.07634973725845,348.46638402739,0.10755646317332414,46.068619285034465,3.804194684102356,4.618567640931687,-0.814372956829331,7.03829803638532,17.54928879591292,21.22952706631883,-0.17347751820519505
2024-10-04,362.05678126690464,368.93695074894595,358.636643323948,360.760498046875,18673160,0.0,0.0,KOTAKBANK.NS,-0.007570784060552893,-0.007599587916807135,0.04477053961663713,368.5809753417969,361.28180603027346,355.21027099609375,354.0131817626953,368.54147381553827,363.21369899000797,368.5809753417969,387.66444928648184,349.49750139711193,0.10355105239486787,43.72368342218958,2.658446989562947,4.226543510657939,-1.5680965210949926,7.485580591670113,17.638031289785232,21.267210994020036,-0.17973494143605573
2024-10-07,360.9599649932129,366.2247942046472,352.86329882402765,357.02130126953125,37233165,0.0,0.0,KOTAKBANK.NS,-0.010364762210905654,-0.01041885042433825,0.033941741408550996,368.84122772216796,361.3420330810547,355.5110983276367,353.98117141723634,367.44431452544234,362.9708598637148,368.84122772216796,387.08556752310824,350.5968879212277,0.09892787698170742,40.69295053903402,1.432202221123589,3.6676752527510694,-2.2354730316274805,8.078869824722318,17.879004992399302,21.331887346172568,-0.1882367937179856
2024-10-08,358.96566831619083,361.75761134224695,355.3460929585524,359.6437072753906,25485515,0.0,0.0,KOTAKBANK.NS,0.007345236815098577,0.007318391937668232,0.041536288352212125,368.9733459472656,361.3003533935547,355.82798950195314,353.96043045043945,366.7013995492469,362.84038329162365,368.9733459472656,386.8920400516418,351.0546518428894,0.09712730906550177,43.6433600890144,0.6643425286983415,3.067008707940524,-2.4026661792421824,8.212770054640774,18.001488496762004,21.294143354806618,-0.18227420073006045
2024-10-09,359.1651377387944,362.9542079576008,356.951514703835,359.125244140625,35394010,0.0,0.0,KOTAKBANK.NS,-0.0014416021308795157,-0.001442642238966263,0.040034807419535134,369.0650833129883,361.3278747558594,356.13073181152345,353.90955673217775,365.97986093890194,362.69469156021194,369.0650833129883,386.7491881184004,351.3809785075762,0.09583190393773983,43.185933993014096,0.013813317002643544,2.456369629752948,-2.4425563127503045,8.301797088349462,17.94569876770108,21.29737570038334,-0.1834530359847632
2024-10-10,360.9400169619816,375.7174149331836,360.02264679751624,374.1419677734375,29528990,0.0,0.0,KOTAKBANK.NS,0.04181472585907198,0.04096412124448285,0.08352357777567576,369.93108825683595,361.6868408203125,356.54130981445314,353.9370037841797,366.7572044469529,363.14360435288745,369.93108825683595,386.7667339526281,353.0954425610438,0.09102044261878035,57.18358227536941,0.7018972920294573,2.1054751622082497,-1.4035778701787924,8.98411494132083,21.52134284353933,22.344342874943763,-0.14930934853340863
2024-10-11,373.3641985526254,377.6319004637973,371.16055662587235,375.3983459472656,26057900,0.0,0.0,KOTAKBANK.NS,0.0033580252472209526,0.003352399670807633,0.08716207730580572,370.4790100097656,361.98398559570313,356.9156460571289,353.97436813354494,367.58017030412555,363.6241824546278,370.4790100097656,387.27542943578993,353.6825905837413,0.09067406774587086,58.11341334720579,1.3332194938284943,1.9510240285322988,-0.6178045347038046,8.644378163122996,21.336895441035004,22.061297531058013,-0.146452707848209
2024-10-14,375.92684448435693,382.09906279387855,375.40831899063176,381.0620422363281,21955690,0.0,0.0,KOTAKBANK.NS,0.015087163676150261,0.014974484349662481,0.10356426950862185,371.3809127807617,362.4552288818359,357.3432330322266,354.04044952392576,368.86415810719245,364.3080200931259,371.3809127807617,388.4271238394303,354.33470172209314,0.09179906921458568,62.10828012453924,2.2644565981395317,2.0137105424537456,0.2507460556857861,8.588826454439928,21.67116553855696,20.651303966757432,-0.13357510014618001
2024-10-15,381.3412141442079,381.9694089601132,376.40542381629325,377.95098876953125,21477465,0.0,0.0,KOTAKBANK.NS,-0.00816416520663965,-0.008197674511695952,0.0945545884962089,372.01807708740233,362.82117431640626,357.7371194458008,354.1109460449219,369.7295705512247,364.8430384725928,372.01807708740233,389.0453681063688,354.99078606843585,0.09154012704047212,58.79137427917112,2.72007733951466,2.1549839018659287,0.5650934376487311,8.573159398518802,21.876395893798758,19.11514290780184,-0.1406487361677328
2024-10-16,375.71740592716804,377.4025528323336,372.5565306765782,374.1918029785156,15727780,0.0,0.0,KOTAKBANK.NS,-0.009946225576110135,-0.0099960197287601,0.08366790165365923,372.31422424316406,363.23079345703127,358.07448944091794,354.13655059814454,370.15454506810954,365.20965668851136,372.31422424316406,389.27284527114347,355.35560321518466,0.09109843204327038,54.97114505223708,2.746169055673249,2.273220932627393,0.4729481230458563,8.5539275609511,22.157088928937863,19.1501891900003,-0.14919603768692385
2024-10-17,374.19181535051945,374.5807094629842,369.1962300797058,371.7388916015625,17707160,0.0,0.0,KOTAKBANK.NS,-0.006555224773574064,-0.006576804618343391,0.07656421497841204,372.55702514648436,363.60371948242187,358.39848571777344,354.1421215820312,370.3054352141527,365.4657051164741,372.55702514648436,389.32621883530436,355.78783145766437,0.09002215798897673,52.570697082904346,2.539642067542843,2.326505159610483,0.21313690793235995,8.525436507423462,22.28396864744471,19.115483026236408,-0.15477324889813354
2024-10-18,372.5266243613129,374.6205969847075,368.5381166709988,373.1348571777344,19173835,0.0,0.0,KOTAKBANK.NS,0.0037552314479596394,0.003748198168574637,0.08060696277424695,372.5480499267578,363.9806335449219,358.7214013671875,354.12842681884763,370.574903972589,365.7664561777,372.5480499267578,389.3157289923741,355.78037086114153,0.09001619559631446,53.806962080159174,2.460250461066437,2.353254219901674,0.10699624116476292,8.337408021953618,22.24437635792199,19.100323046079904,-0.151599226821739
2024-10-21,368.9369249650831,369.93405178931306,346.00300800779416,356.8118591308594,65890685,0.0,0.0,KOTAKBANK.NS,-0.043745572767810104,-0.04473126406681226,0.033335192250803836,371.3983612060547,364.0462438964844,358.8957290649414,354.017678527832,369.2641377971862,365.4152955091965,371.3983612060547,389.19254144109203,353.60418097101734,0.0958226104027691,40.51035619638845,1.0678925153748082,2.0961818789963007,-1.0282893636214925,9.686378738209612,25.755714534722117,20.347844254139407,-0.18871300458107496
2024-10-22,357.3603122953124,358.0682638501642,350.7593068778945,351.6168518066406,27471910,0.0,0.0,KOTAKBANK.NS,-0.01455951418451451,-0.014666544050055023,0.01829033386187029,369.6877899169922,364.02031860351565,359.0495816040039,353.8620306396484,367.5834438933247,364.8741800698806,369.6877899169922,388.20418710695844,351.17139272702593,0.10017316067768336,37.34712847356672,-0.44957247096380115,1.5870310090042803,-2.0366034799680817,9.670709474774785,25.75769588014907,20.49834667567096,-0.20052494909858898
2024-10-23,351.21802404600703,356.3831341598959,350.6097608046202,352.544189453125,14180685,0.0,0.0,KOTAKBANK.NS,0.0026373526801108937,0.002633880968277254,0.020975924603011897,368.22301025390624,364.0013732910156,359.20822570800783,353.7242167663574,366.15113394663905,364.39065102608623,368.22301025390624,387.31773866358276,349.1282818442297,0.10371284725802361,38.27368339781554,-1.5593705543190595,0.9577506963396125,-2.517121250658672,9.17713059653,25.770467530643025,20.47862916559081,-0.1984164514304124
2024-10-24,352.1852248451183,353.5313217840678,349.0542318475056,351.4273986816406,11584100,0.0,0.0,KOTAKBANK.NS,-0.003167803653824963,-0.0031728317653408234,0.017741673338587116,366.8694107055664,364.04185607910154,359.3750244140625,353.5797732543945,364.7488734452107,363.8822881890492,366.8694107055664,386.72009045963085,347.01873095150194,0.10821659792179163,37.55340869699448,-2.500188595079635,0.26616283805576313,-2.766351433135398,8.761186490213163,25.78229870588459,20.4650504677595,-0.20095571072441712
2024-10-25,351.9857938025428,356.27342727747015,350.3903846851636,352.7535705566406,14146135,0.0,0.0,KOTAKBANK.NS,0.003773672399975281,0.0037665699608619746,0.02158229700156955,365.5387451171875,364.12541564941404,359.48008392333986,353.4858854675293,363.60646364629923,363.445867889739,365.5387451171875,385.4299851351962,345.6475050991788,0.10883245775564401,39.020952976231015,-3.1030130803470115,-0.4076723456247918,-2.69534073472222,8.227011291047948,24.986010794815897,20.472399855501074,-0.19794037934362002
2024-10-28,352.5840527968746,355.1067824568805,348.00724430365716,348.9644775390625,16510740,0.0,0.0,KOTAKBANK.NS,-0.010741473180835515,-0.010799579275191878,0.01060899815631089,364.3162673950195,364.0159307861328,359.7068170166016,353.372205657959,362.21198877894335,362.8779702289282,364.3162673950195,385.1524149166214,343.4801198734176,0.11438494180118375,36.38959555846997,-3.842213324276713,-1.0945805413551761,-2.747632782921537,8.276155560300007,25.134202219920176,20.38731828383526,-0.20655568124833165
2024-10-29,347.69816423919923,352.4145550286988,345.1455217946346,351.028564453125,20790595,0.0,0.0,KOTAKBANK.NS,0.005914891190698546,0.005897466896574992,0.01658664041674629,363.38146057128904,363.9315740966797,359.7945263671875,353.2711372375488,361.14690074791304,362.4132876494849,363.38146057128904,384.86351465843575,341.89940648414233,0.11823417767859572,38.810278149733506,-4.212916401740586,-1.718247713432258,-2.4946686883083276,8.366608416035612,25.131714950490743,20.32514551652979,-0.20186254443703763
2024-10-30,344.4076264398882,350.9886700900564,344.3278696767502,345.92327880859375,21929745,0.0,0.0,KOTAKBANK.NS,-0.014543789769601467,-0.014650587440106947,0.0018016180359397005,361.93762054443357,363.64819091796875,359.7981146240234,353.1604788208008,359.6970319917874,361.7666206361166,361.93762054443357,384.0604040009122,339.81483708795497,0.12224638833178536,35.23835530541949,-4.862602096163641,-2.347118589978535,-2.5154835061851064,7.6600744148796265,25.250427440274265,20.45083849819063,-0.21347048779799
2024-10-31,344.477435577563,348.31638027554203,343.7993965804375,345.22528076171875,14723350,0.0,0.0,KOTAKBANK.NS,-0.002017782813804825,-0.0020198212801297933,-0.00021980005177513195,361.0232559204102,363.32173217773436,359.7568737792969,353.06774536132815,358.31876996987614,361.1179406410422,361.0232559204102,384.35082679602573,337.69568504479463,0.1292302946863803,34.76722163316792,-5.371881591588647,-2.9520711903005576,-2.419810401288089,7.520477261821027,25.24467218964536,20.45148408430198,-0.21505753353026152
2024-11-01,346.9204216780966,349.8220343229881,346.27226481696664,347.8776550292969,912445,0.0,0.0,KOTAKBANK.NS,0.007683024434728125,0.00765366031011688,0.007461535653784379,360.3791137695313,363.01421875,359.75819244384763,352.987725982666,357.3243780707734,360.5987137543071,360.3791137695313,384.4372596617899,336.32096787727266,0.1335157614469534,38.15118150221474,-5.498086307780454,-3.461274213796537,-2.0368120939839174,7.3701941700107705,24.74228121675045,20.473588886006837,-0.20902680138051885
2024-11-04,347.79785630042693,347.79785630042693,343.85922323822297,344.87628173828125,14424150,0.0,0.0,KOTAKBANK.NS,-0.008627669088901002,-0.008665102892353036,-0.0012305090956324927,359.77186279296876,362.6606378173828,359.7805941772461,352.8985264587402,356.13884508672646,359.9821477928943,359.77186279296876,384.7811711407188,334.7625544452187,0.13902870643411985,35.88280272090675,-5.773734182054113,-3.923766207448052,-1.849967974606061,7.259797501957483,24.08990906091724,20.46165434566804,-0.2158510563963973
2024-11-05,343.3107686449081,351.0883764769723,341.21682656502264,350.4202880859375,20143075,0.0,0.0,KOTAKBANK.NS,0.016075348295083502,0.01594750811420601,0.014825058337158525,359.3106918334961,362.439873046875,359.86690216064454,352.8350050354004,355.59422061046087,359.6071729024254,359.3106918334961,384.66769272183495,333.95369094515723,0.1411424790002589,42.66423716556754,-5.4816431591557375,-4.235341597789589,-1.2463015613661481,7.579589774742955,24.104905855173378,20.414821841040766,-0.2032455890127475
2024-11-06,351.00857769550635,352.6737929000289,348.3163534974593,351.50714111328125,18261260,0.0,0.0,KOTAKBANK.NS,0.0031015699270162678,0.003096769981360581,0.017972609219279567,358.9297866821289,362.27734008789065,359.94296295166015,352.7665592956543,355.2049749440628,359.28952459696876,358.9297866821289,384.526259856347,333.3333135079108,0.14262663130205203,43.91655200782414,-5.103627521835733,-4.408998782598818,-0.694628739236915,7.506229776120896,24.068538868138067,20.26470512943786,-0.20077439949241183
2024-11-07,351.5869707181531,351.98581541451256,345.6042089830622,348.376220703125,15304920,0.0,0.0,KOTAKBANK.NS,-0.00890713173063884,-0.008947037368382683,0.0089053930907812,357.6414993286133,362.1002502441406,360.0059417724609,352.66428115844724,354.55461739730686,358.8615518952494,357.6414993286133,382.5998897552355,332.6831089019911,0.13957211606301637,41.1296070902724,-4.999060459539521,-4.527011117986959,-0.4720493415525624,7.527595927388156,24.0720863863992,20.309603520443698,-0.20789320719863183
2024-11-08,347.9972858794147,351.8063179162846,346.7807898519813,348.1568298339844,18234125,0.0,0.0,KOTAKBANK.NS,-0.0006297527101529754,-0.0006299510876811775,0.008270032185194287,356.27942352294923,361.97481140136716,360.0623440551758,352.56439208984375,353.94530429603805,358.441758873239,356.27942352294923,380.1052135914449,332.45363345445355,0.13374777489478548,40.93358225063811,-4.877666614429359,-4.597142217275438,-0.2805243971539202,5.948572991271236,24.03483823531241,19.996444075960024,-0.20839203859812902
2024-11-11,347.9972891150409,351.6467772312736,346.44177358089564,347.7978515625,16025150,0.0,0.0,KOTAKBANK.NS,-0.001031082089228419,-0.0010316140200401058,0.007230423013902421,354.6162139892578,361.8280340576172,360.0607733154297,352.53078720092776,353.35983260712965,358.0243507434061,354.6162139892578,375.6367946182835,333.5956333602321,0.11855397356231688,40.592673227699116,-4.755607975507928,-4.628835368921936,-0.126772606585992,5.79829061113611,23.722250754514874,19.604773696889314,-0.20920825138882113
2024-11-12,347.95737889907906,348.87474899509374,342.05440495654767,343.29083251953125,16141950,0.0,0.0,KOTAKBANK.NS,-0.012958731696359638,-0.013043428564955176,-0.005822005794345553,352.8832061767578,361.593310546875,359.9751870727539,352.4770376586914,352.4008802178346,357.44656571501883,352.8832061767578,371.3653117599063,334.4011005936093,0.10474913659615119,36.48429332574033,-4.965317307695102,-4.69613175667657,-0.26918555101853237,5.8730742313697055,23.8247703995735,19.590441935526012,-0.2194559094867685
2024-11-13,341.8150822809242,344.63696839197496,334.845175127518,336.6001281738281,17967450,0.0,0.0,KOTAKBANK.NS,-0.01948990101657455,-0.019682333568666322,-0.025198436494270338,351.0036224365234,361.21061340332034,359.80396850585936,352.40273345947264,350.89604668983395,356.6290583604623,351.0036224365234,367.9429551027748,334.064289770272,0.09651941794027932,31.403131458139214,-5.606766079206125,-4.87825862118248,-0.7285074580236444,6.252695897647901,23.820782474616024,19.75432490436571,-0.23466863654994355
2024-11-14,337.0289012858427,341.5359040405821,336.9890076883958,340.5986022949219,16638790,0.0,0.0,KOTAKBANK.NS,0.011879003560654855,0.011809002018246457,-0.013618765250453801,349.4466079711914,360.9078857421875,359.67891021728514,352.3283016967773,349.9153376998423,356.0004130245587,349.4466079711914,363.90378163390386,334.9894343084789,0.08274324794078033,37.04585240034397,-5.726464291337436,-5.0478997552134715,-0.6785645361239645,6.185033988679862,22.827164531084048,19.869732903268737,-0.22557726255843957
2024-11-18,341.81508653210443,344.6569042613354,338.9633182262803,343.56005859375,10412075,0.0,0.0,KOTAKBANK.NS,0.00869485746234444,0.008657274882197414,-0.005042321010775175,347.9678680419922,360.6877203369141,359.5648400878906,352.2645933532715,349.3100730230716,355.5125559880564,347.9678680419922,357.3999718038465,338.53576428013787,0.054212498498373174,40.92204592295265,-5.518744561433095,-5.142068716457397,-0.37667584497569884,6.084608837382128,22.97275817121636,19.929991308032665,-0.21884376724078652
2024-11-19,344.96601562415157,346.96026943467604,341.7154026053275,344.55718994140625,13798315,0.0,0.0,KOTAKBANK.NS,0.0029023494516144943,0.0028981457671881116,-0.002154606136781201,347.35513458251955,360.5425390625,359.4283706665039,352.22599075317385,348.8574174914844,355.0829337901486,347.35513458251955,355.92054190570116,338.78972725933795,0.04931786791334595,42.21222153302603,-5.213566265980603,-5.156368226362038,-0.057198039618564955,5.940025522759579,22.85065760947169,19.879609412829762,-0.21657657887701248
2024-11-21,342.0344617342364,347.14972765163117,339.77099460316214,346.4218444824219,16470295,0.0,0.0,KOTAKBANK.NS,0.005411741781771395,0.005397150924843344,0.003245475472936521,347.0953842163086,360.33094909667966,359.2460046386719,352.14242752075194,348.625458157288,354.7432832290613,347.0953842163086,355.42856272235434,338.7622057102629,0.0480166483622987,44.64665520449814,-4.766305230476917,-5.078355627185013,0.31205039670809676,5.988456827909167,22.7954883023054,19.852723564752537,-0.212336893616103
2024-11-22,345.8035848463295,353.4216487064855,345.5842157186837,351.27783203125,17768630,0.0,0.0,KOTAKBANK.NS,0.014017555838845341,0.013920218469653177,0.017308524945447434,347.03206634521484,360.21069580078125,359.168076171875,352.08244689941404,348.8780651929034,354.60738318208837,347.03206634521484,355.20869622908657,338.8554364613431,0.047123195098276095,50.49550473471023,-3.974197945426738,-4.857524090833358,0.8833261454066204,6.22563177738754,23.2146530784201,19.977451748169344,-0.20129578204016838
2024-11-25,355.3760300780539,357.88880940485404,352.3647177185207,357.1210021972656,34357160,0.0,0.0,KOTAKBANK.NS,0.01663404187001416,0.016497211472396158,0.03423047754411246,347.3167465209961,360.21667846679685,359.1374237060547,352.0500387573242,349.6631068123665,354.70595647680125,347.3167465209961,356.47522130155534,338.1582717404369,0.05273845774669884,56.45754789526254,-2.842189227993913,-4.454457118265469,1.6122678902715561,6.369504906840019,20.159918510369454,20.15305815461162,-0.1880101026368676
2024-11-26,357.96857763978295,358.15803419604555,353.9800698109274,355.69512939453125,11563695,0.0,0.0,KOTAKBANK.NS,-0.003992688175608161,-0.0040006802353367826,0.030101117745568562,347.4638244628906,360.0417828369141,359.16920684814454,352.0129913330078,350.23758515352506,354.7447475716142,347.4638244628906,357.0732988667803,337.8543500590009,0.055312085617799274,54.72551061407711,-2.0366430293345275,-3.970894300479281,1.9342512711447535,6.380900092128895,20.119411336349614,19.863003667788103,-0.1912521250987827
2024-11-27,355.1666371630247,360.0625339517516,354.7977050744273,355.6153564453125,16012220,0.0,0.0,KOTAKBANK.NS,-0.00022427338084318738,-0.00022429853387870597,0.029870093485281357,347.79636840820314,359.8936102294922,359.11831817626955,351.97534561157227,350.74975384798097,354.778889096073,347.79636840820314,358.0623910225254,337.5303457938809,0.059034674003687025,54.624542885525344,-1.388671137110748,-3.4544496678055747,2.0657785306948266,6.051848589655655,19.487620861503142,19.76022103255348,-0.1914335057189365
2024-11-28,355.6253101336049,356.7520684226274,349.6924232141811,350.8291320800781,19856975,0.0,0.0,KOTAKBANK.NS,-0.013458992359263955,-0.013550385563623072,0.01600907976602861,347.7863967895508,359.60603881835937,358.9734512329102,351.92831100463866,350.75731367960924,354.6239966640732,347.7863967895508,358.039579833829,337.5332137452726,0.0589625306735762,48.80631328596168,-1.2469826109471,-3.01295625643388,1.7659736454867798,6.244863290075423,19.68718762462626,19.883377198943702,-0.20231599598742214
2024-11-29,350.3903912104593,353.70085986543967,350.3903912104593,352.03564453125,14939970,0.0,0.0,KOTAKBANK.NS,0.0034390315422736517,0.0034331315961636443,0.01950316703858035,348.0920150756836,359.28137451171875,358.8030987548828,351.90857437133786,350.8790594750036,354.5224926588645,348.0920150756836,358.474933427076,337.7090967242912,0.059656170792282574,50.24499026248443,-1.0255164463556525,-2.6154682944182346,1.589951848062582,6.025496306041853,19.623704349125877,18.996975366010716,-0.19957273553685576
2024-12-02,351.98577682019527,353.5013986721371,348.19670697539254,349.7821350097656,21326400,0.0,0.0,KOTAKBANK.NS,-0.006401367465175389,-0.006421944077194466,0.012976952634456307,348.3198577880859,358.9393597412109,358.6092153930664,351.8719923400879,350.7745904783142,354.3365962804685,348.3198577880859,358.6376891883295,338.00202638784236,0.05924342910429655,47.556730983022476,-1.020083413744544,-2.2963913182834963,1.2763079045389523,6.04543656550194,19.620622484927974,18.997353679608974,-0.20469656458582944
2024-12-03,350.98867271036426,351.2279734314629,347.0001650659283,348.9744873046875,19858250,0.0,0.0,KOTAKBANK.NS,-0.0023090021594601717,-0.002311672015540441,0.010637986663339927,348.3746994018555,358.4525622558594,358.41791259765625,351.8940226745606,350.60315208082596,354.12631749710454,348.3746994018555,358.6942940214987,338.05510478221225,0.05924422546965397,46.594541340546506,-1.0686296192122313,-2.050838978469243,0.9822093592570118,5.975636902298845,19.545902815198605,18.877676165023125,-0.2065329219356268
2024-12-04,349.3932666069434,352.38464736630067,348.2764893255672,350.4901123046875,15933930,0.0,0.0,KOTAKBANK.NS,0.004343082532210163,0.004333678567567345,0.015027270849605534,348.65539093017577,357.8662518310547,358.27762329101563,351.91093170166016,350.5923863878604,353.98372121504894,348.65539093017577,358.8792736843182,338.43150817603333,0.058647495608005355,48.69244009407673,-0.9735817218526677,-1.8353875271459281,0.8618058052932605,5.781909331026518,15.122812193915422,18.68518010017674,-0.20308682892900157
2024-12-05,351.786344872618,356.7022034308299,348.5955571709681,354.00994873046875,28486145,0.0,0.0,KOTAKBANK.NS,0.010042612622182645,0.00999252067819722,0.025220796531699285,348.83487396240236,357.2298852539063,358.14334869384766,351.9782093811035,350.91786851572783,353.9847497450654,348.83487396240236,359.3121083534021,338.3576395714026,0.06006987932134895,53.282264429771274,-0.6072343754618146,-1.5897568968091056,0.982522521347291,5.661541687841151,14.82056324388717,18.39734914043491,-0.19508373865842038
2024-12-06,353.76069426308726,355.9842982922098,351.1881201491731,354.36895751953125,12979410,0.0,0.0,KOTAKBANK.NS,0.0010141206210445564,0.001013606748117619,0.026260494082585906,348.9779647827148,356.68046875,358.035871887207,352.0197915649414,351.2465436589472,353.9998167166131,348.9779647827148,359.68452609350595,338.2714034719237,0.061359526338331354,53.736851596645074,-0.28465117360121894,-1.3287357521675285,1.0440845785663095,5.651570421861346,14.805475232430847,18.306794202854842,-0.1942674564795798
2024-12-09,352.6040266036591,359.9528473441504,352.6040266036591,356.2236022949219,12770115,0.0,0.0,KOTAKBANK.NS,0.005233654743272531,0.005220006770759938,0.03163158718527437,349.3703338623047,356.2349530029297,357.9256265258789,352.0588938903809,351.72054924332576,354.0870239941938,349.3703338623047,360.54881656568875,338.1918511589206,0.06399216888168752,56.112678553428104,0.11927771220223349,-1.0391330592935761,1.1584107714958096,5.769801472249648,14.83890512295371,18.31315385321638,-0.19005053053137513
2024-12-10,355.62529286623396,359.5240625879272,355.62529286623396,357.9087219238281,9899420,0.0,0.0,KOTAKBANK.NS,0.004730510887122952,0.0047193571818144615,0.03651173163995414,349.85792846679686,355.80578979492185,357.90842895507814,352.11608322143553,352.30989902242123,354.2368945012383,349.85792846679686,361.6475694823363,338.06828745125745,0.06739673482436633,58.212492282053574,0.5688124197706657,-0.7175439634807278,1.2863563832513933,5.673651678845695,14.8598571759972,18.21532148066597,-0.18621905574803443
2024-12-11,358.1679846481542,360.3217519136881,356.961439223327,357.9087219238281,11967140,0.0,0.0,KOTAKBANK.NS,0.0,0.0,0.03651173163995414,350.3634719848633,355.49568359375,357.84850128173827,352.17725677490233,352.84312025112666,354.3808877334967,350.3634719848633,362.638299808894,338.0886441608326,0.07006910711605804,58.212492282053574,0.9145297841645288,-0.39112921395167644,1.3056589981162052,5.386621653266559,14.473179580549953,18.15953343181509,-0.18621905574803443
2024-12-12,356.97143370333333,358.2577359373286,352.0556053412647,352.7236633300781,17441295,0.0,0.0,KOTAKBANK.NS,-0.01448709762053102,-0.014593060258454655,0.021495684998860565,350.8351135253906,355.15566284179687,357.74300506591794,352.2163397216797,352.831743401503,354.3158985412058,350.8351135253906,362.6831735517588,338.98705349902247,0.06754204222782673,49.72283972771439,0.7613460674882617,-0.1606341576636888,0.9219802251519505,5.269814339570997,15.053227080652706,18.293198692500717,-0.1980083797291406
2024-12-13,350.6596259089589,360.76049571800894,348.60551652524595,360.0924377441406,19467655,0.0,0.0,KOTAKBANK.NS,0.020891069072297652,0.020675843062000213,0.0428358219112257,352.0097290039063,354.86151000976565,357.8389288330078,352.26128982543946,353.5232381008018,354.5424294903405,352.0097290039063,362.49538149349974,341.5240765143128,0.059575924331779495,58.89712430260017,1.2204764869693463,0.11558797126291823,1.104888515706428,5.665814469510922,15.532225141108968,18.41591597802009,-0.1812539173946582
2024-12-16,359.563943593315,361.5581972677872,357.7391844404311,359.8531188964844,14946965,0.0,0.0,KOTAKBANK.NS,-0.00066460392546841,-0.0006648248725575762,0.04214274913036453,352.9724548339844,354.78832092285154,357.9098245239258,352.3213781738281,354.1260838908668,354.7506918199932,352.9724548339844,362.54242371024617,343.4024859577226,0.054225018100989675,58.52361712446388,1.5471945259295694,0.40190928219624844,1.145285243733321,5.640175072527918,15.51139977428406,18.413454753348578,-0.1817980592551196
2024-12-17,358.1879305839825,360.3317473590311,353.9800537976984,355.78485107421875,17964305,0.0,0.0,KOTAKBANK.NS,-0.011305356570873282,-0.01136974788564807,0.03036095375369552,353.5836944580078,354.6888079833984,357.9853070068359,352.38239059448244,354.28406171785275,354.7912470848648,353.5836944580078,362.1291707923561,345.03821812365953,0.04833637109565953,52.435944703674224,1.461004165778263,0.6137282589126514,0.8472759068656117,5.717808264242803,15.819494183870919,18.507077741977838,-0.19104812394222104
2024-12-18,355.37601752159594,356.31331923261826,353.0527252569753,354.9771728515625,17647150,0.0,0.0,KOTAKBANK.NS,-0.0022701310081574277,-0.0022727116619090126,0.028021899402984607,354.1046936035156,354.6479254150391,357.9949792480469,352.44011169433594,354.35007230201563,354.79853829140194,354.1046936035156,361.5301793542324,346.6792078527988,0.04193949351618016,51.29514372156535,1.312396314099999,0.753461869950121,0.558934444149878,5.446447461899704,15.596082064541006,18.50754287703262,-0.1928845506801669
2024-12-19,351.6766840076966,352.5840731259313,348.0770401241549,351.407470703125,20370400,0.0,0.0,KOTAKBANK.NS,-0.010056145638215996,-0.010107050227605897,0.01768396146331286,354.3539749145508,354.48320068359374,357.8917770385742,352.4976141357422,354.0698245306927,354.66555524872444,354.3539749145508,360.9858080473038,347.7221417817978,0.03743055589740291,46.48184878679807,0.896247013176378,0.7820188985953724,0.11422811458100557,5.702852038501651,15.23731450779897,18.583249756993354,-0.20100102118538132
2024-12-20,349.9915283985189,352.7535588502059,345.67398247723025,347.7080993652344,73428440,0.0,0.0,KOTAKBANK.NS,-0.010527298496211923,-0.010583102492095365,0.006970498626181154,354.17548828125,354.2548577880859,357.79136627197266,352.53617141723635,353.4639459435062,354.39271384152875,354.17548828125,361.3276481764575,347.0233283860425,0.0403876616640843,42.075525094320604,0.2648839269438099,0.6785919042650599,-0.41370797732125,5.829629515375298,15.51643021281486,18.66457878216031,-0.2094123219335313
2024-12-23,348.495834880034,351.8262349151397,347.00014460157894,348.06707763671875,13740180,0.0,0.0,KOTAKBANK.NS,0.0010324127397081106,0.0010318801681997757,0.00801010779747302,353.72279205322263,353.73335998535157,357.71010040283204,352.5995819091797,352.9499584857169,354.1446496766343,353.72279205322263,361.22740900290324,346.218175103542,0.04243219333489505,42.64372202453267,-0.20415593864072434,0.5020423356839031,-0.7061982743246275,5.87236394023431,15.304176369486353,18.564522996968392,-0.2085961091428392
2024-12-24,347.50867894223217,349.92170881399034,346.6112404573033,348.804931640625,13563125,0.0,0.0,KOTAKBANK.NS,0.0021198615189810255,0.0021176177829314736,0.010146949635736702,353.37828216552737,353.20149169921876,357.5927386474609,352.6608547973633,352.55519402427956,353.93524896933985,353.37828216552737,361.13019947148325,345.6263648595715,0.04387319593299046,43.862643407486964,-0.5104506029478557,0.29954374795755134,-0.8099943509054071,5.815386105659562,15.314849943447879,18.563328188705754,-0.20691844248863925
2024-12-26,350.35048473944,352.87324494982147,347.408978711546,349.55279541015625,5660030,0.0,0.0,KOTAKBANK.NS,0.0021440745290315366,0.0021417792814409286,0.012312779981029642,353.07515411376954,352.5713067626953,357.5132678222656,352.6877687072754,352.2692512991249,353.7633880454503,353.07515411376954,360.93216800186644,345.21814022567264,0.0445061840039029,45.135337952228355,-0.6849493058703615,0.10264513719196877,-0.7875944430623303,5.626644675546252,15.321993410940834,18.349688887229313,-0.2052180165217345
2024-12-27,350.98868158396266,354.4188006792888,349.79211708842126,350.96875,12241355,0.0,0.0,KOTAKBANK.NS,0.004050760309847634,0.004042578069058411,0.01641341641132832,353.08213500976564,352.0316619873047,357.42641815185544,352.7222604370117,352.14539403254156,353.6537943966091,353.08213500976564,360.93099034750753,345.23327967202374,0.044459090729837177,47.55944085904902,-0.7009054812680233,-0.05806498650002964,-0.6428404947679937,5.6316323274102364,14.83677082835645,18.358554094641306,-0.20199854520807875
2024-12-30,351.98579259268087,355.1766108164717,345.7039053500964,347.1397705078125,27513860,0.0,0.0,KOTAKBANK.NS,-0.01090974479120288,-0.010969692464839528,0.005324605435926166,352.83734130859375,351.4906213378906,357.36070739746094,352.74906158447266,351.66866798256734,353.3983424794014,352.83734130859375,361.11717848555355,344.55750413163395,0.04693288497329541,42.137602520824636,-1.0108648889333836,-0.24862496698670045,-0.7622399219466831,5.7833383792590904,14.003148468789991,18.298986390781913,-0.21070453742286727
2024-12-31,346.01300935559556,358.28763884909614,346.01300935559556,356.1836853027344,23658490,0.0,0.0,KOTAKBANK.NS,0.026052661098703966,0.025719072038336517,0.03151598667553657,353.1574188232422,351.17951721191406,357.391618347168,352.7772068786621,352.09866963210703,353.5075716097282,353.1574188232422,361.4349004229182,344.87993722356623,0.0468770081470038,55.14473018004839,-0.5207388584331625,-0.3030477452759929,-0.2176911131571696,6.381614077245331,15.47898995670206,18.811731956822094,-0.19014129022960052
2025-01-01,354.8275845432374,358.31752840891227,354.3788653028352,356.6523132324219,7424140,0.0,0.0,KOTAKBANK.NS,0.0013156917316108352,0.0013148269676699265,0.03287314373022987,353.5413101196289,350.8498663330078,357.41524993896485,352.8193490600586,352.5323499749942,353.63089481061814,353.5413101196289,361.7134611995909,345.36915903966695,0.04623024719344241,55.70043078698347,-0.09341921212961779,-0.2611220386467179,0.1677028265171001,6.42292482122504,15.329551071816239,18.79569784079478,-0.18907576582138255
2025-01-02,358.96568306867823,366.9825918442502,358.34746926106584,366.37432861328125,25484935,0.0,0.0,KOTAKBANK.NS,0.027259084043915305,0.026894171812533334,0.061028319561875266,354.3355209350586,351.04111572265623,357.54367980957034,352.9284284973144,353.8506336548311,354.13063731268335,354.3355209350586,364.17620332705576,344.4948385430614,0.0555444306911626,65.30377406976751,1.017985375465969,-0.005300555824180542,1.0232859312901494,6.717792536636783,17.077577039037074,19.343405165452115,-0.16697071396866
2025-01-03,369.1363971357642,369.53524181689824,362.3758778503815,366.6734924316406,21385745,0.0,0.0,KOTAKBANK.NS,0.0008165523482273063,0.000816219150728405,0.06189470472774916,354.9686981201172,351.3422485351563,357.68128356933596,353.0482667541504,355.0718583002415,354.62251398401503,354.9686981201172,366.24593806475326,343.69145817548116,0.06353934870516367,65.5512505092909,1.9010079025343316,0.37596113584752194,1.5250467666868097,6.360962877619191,17.05215232729876,19.336006138589905,-0.16629050194900902
2025-01-06,363.15363829616615,363.95132766429276,353.56125171551554,354.9073791503906,19961975,0.0,0.0,KOTAKBANK.NS,-0.03208880250170676,-0.03261493403535677,0.02781977527013213,354.99561920166013,351.38951232910154,357.6954428100586,353.1001109313965,355.0561936193033,354.6336851670101,354.99561920166013,366.2694010356106,343.72183736770967,0.06351504764652456,50.342459491799964,1.6325634337555925,0.6272815954291362,1.0052818383264563,7.024764869674117,19.30424543678142,20.060927899798394,-0.19304324137576437
2025-01-07,356.373153893344,358.45714549737113,352.9629968794446,353.3917541503906,21999690,0.0,0.0,KOTAKBANK.NS,-0.004270480381749819,-0.004279624926781489,0.023430491083866523,354.8540267944336,351.4287994384766,357.7353277587891,353.13157791137695,354.897675574645,354.5849819898878,354.8540267944336,366.13400176097304,343.57405182789415,0.0635752964025059,48.77269716318132,1.2827344233590452,0.758372161015118,0.5243622623439272,6.9635116594308215,18.719878416264002,20.042465559857284,-0.1964893343823896
2025-01-08,354.99711332544473,355.914483476405,351.47725653267173,352.7137145996094,21823395,0.0,0.0,KOTAKBANK.NS,-0.0019186626253104855,-0.0019205056162078413,0.021466873251020813,354.59427642822266,351.4280023193359,357.776708984375,353.1637382507324,354.6896792913083,354.51159895497494,354.59427642822266,365.817186139309,343.3713667171363,0.06330000486264531,48.05084468723393,0.9399451841159134,0.7946867656352771,0.14525841848063636,7.047556871437272,18.69379330833495,20.001637248229688,-0.19803100026554846
2025-01-09,353.7806101892152,360.7006732752039,353.7806101892152,357.0113220214844,27349135,0.0,0.0,KOTAKBANK.NS,0.01218440691129219,0.012110774533252591,0.03391284128111649,354.54940643310545,351.58893920898436,357.8024349975586,353.2177853393555,354.9107881227537,354.6096273105244,354.54940643310545,365.7235907829221,343.3752220832888,0.06303315784523773,52.817452894868254,1.003495572389852,0.8364485269861921,0.1670470454036599,7.125187296307765,19.035985184957678,20.102468031249916,-0.18825948364254197
2025-01-10,355.8147515648296,356.90161621047844,349.6624957670863,350.2308349609375,17513090,0.0,0.0,KOTAKBANK.NS,-0.018992358623682093,-0.019175030072678872,0.014276397813875352,354.4247650146484,351.57298461914064,357.75227935791014,353.22622650146485,354.46507829781876,354.4379099634818,354.4247650146484,365.7394261367742,343.1101038925226,0.06384802778472987,45.6937386050655,0.5009563609666543,0.7693500937822846,-0.2683937328156303,7.144419430695085,19.444177423932636,20.355734276718565,-0.20367635063857567
2025-01-13,345.5842455756023,347.9075684141068,343.7595166429118,346.68109130859375,15461940,0.0,0.0,KOTAKBANK.NS,-0.01013544010977696,-0.010187153404289608,0.003996260129072615,353.7541976928711,351.5881408691406,357.6181658935547,353.2012313842773,353.7237462036069,354.1337209966234,353.7541976928711,365.24287541534943,342.2655199703928,0.06495288421963981,42.46466790179234,-0.1816502796340842,0.5791500190990109,-0.7608002987330951,7.261935716728293,19.633595146321877,20.421993476781182,-0.21174744129467737
2025-01-14,348.9146675796308,352.75358190350244,344.9261598728352,349.11407470703125,24744805,0.0,0.0,KOTAKBANK.NS,0.007017929328807293,0.006993418273859267,0.011042234929045325,353.2172454833984,351.66591674804687,357.49382446289064,353.1816780090332,353.2847298705997,353.9368721225218,353.2172454833984,364.5078442561343,341.9266467106625,0.06393005390936708,45.316999641149536,-0.5203018177833769,0.3592596517225334,-0.8795614695059103,7.584575264869735,19.664543442144762,20.45771559885903,-0.2062155405444319
2025-01-15,351.00858972241826,357.96854622779404,351.00858972241826,356.89166259765625,17549305,0.0,0.0,KOTAKBANK.NS,0.022278070275888462,0.022033539191937564,0.033566304890686016,353.2725860595703,351.84619689941405,357.43020782470705,353.19677932739256,353.6282472731765,354.05274625880156,353.2725860595703,364.62684507170843,341.9183270474322,0.06428044212988282,53.28912122470619,-0.15926336987007517,0.2555550474040117,-0.41481841727408686,7.826732785047402,20.67760017497457,20.79048097542838,-0.18853155457277265
2025-01-16,358.1281000564105,361.9470826836004,356.04410849281265,360.0724792480469,22257670,0.0,0.0,KOTAKBANK.NS,0.008912555219807716,0.008873072818842283,0.04277802165635691,353.52735137939453,352.1501208496094,357.4053793334961,353.2503948974609,354.24198365173555,354.2888142191641,353.52735137939453,365.2648397956163,341.78986296317277,0.06640215174539896,56.10744468042168,0.3791568377270096,0.2802754054686113,0.0988814322583983,7.90080199373706,20.787182436418135,20.79786708961016,-0.18129929724377092
2025-01-17,358.3673999051384,360.0625277982576,348.6553936873538,350.70947265625,17608640,0.0,0.0,KOTAKBANK.NS,-0.02600311640409181,-0.02634717493824408,0.015662543375598137,353.4924514770508,352.1559045410156,357.29788879394533,353.2353820800781,353.9055540331179,354.1484478833636,353.4924514770508,365.2605904380673,341.7243125160343,0.06658212310811125,47.099068880526765,0.04976864732236663,0.23417405383936235,-0.18440540651699572,8.039686286188331,22.01112371481779,21.114327281261687,-0.20258806691765285
2025-01-20,376.9139495680543,384.871032791476,372.1277528566091,382.9964294433594,66621575,0.0,0.0,KOTAKBANK.NS,0.09206183266898993,0.0880674990429243,0.10916629849200321,355.25686798095705,352.7856903076172,357.5315151977539,353.371943359375,356.676113595998,355.2797412778732,355.25686798095705,372.6234170359366,337.8903189259775,0.09776897011832265,66.85907565862979,2.366731505124392,0.6606855440963683,1.7060459610280234,9.603038474883006,34.64590151802217,26.148075271637726,-0.12917686296597003
2025-01-21,383.0861931603074,383.0861931603074,377.1134126575037,377.57208251953125,22078315,0.0,0.0,KOTAKBANK.NS,-0.014162917737149061,-0.014264169002381753,0.09345726744964278,356.7321182250977,353.36960754394534,357.734928894043,353.47620346069334,358.66620587442975,356.15395073833037,356.7321182250977,376.3888263230421,337.07541012715325,0.11020430790333863,62.62666237464993,3.72233306070234,1.2730150474175628,2.449318013284777,9.748332574649194,34.98272086815283,26.26706313378881,-0.1415102594193891
2025-01-22,378.7087811717552,382.9964450626006,376.3256637249191,382.3981628417969,20883345,0.0,0.0,KOTAKBANK.NS,0.01278187807229103,0.012700879349088067,0.1074337049194447,358.4117797851562,354.05443420410154,358.0146228027344,353.6377619934082,360.92639225227424,357.18313552670156,358.4117797851562,380.7715868783904,336.05197269192206,0.12477160826933405,64.76387445685646,5.126980766014469,2.043808191136944,3.0831725748775254,9.486939912210138,35.11153686763823,26.115602160661005,-0.13053714822897505
2025-01-23,380.32413751163426,383.68445013614627,377.33275695380445,377.88116455078125,15805795,0.0,0.0,KOTAKBANK.NS,-0.011812290774222078,-0.011882610184994792,0.09435237598376212,359.8281982421875,354.6561004638672,358.2420672607422,353.80288131713866,362.5411324711797,357.9948229394106,359.8281982421875,383.3822352724477,336.2741612119273,0.13091823901142294,61.2343137543369,5.808730748203516,2.7967927025502584,3.0119380456532574,9.429249141911933,35.34889821605476,26.188302699536415,-0.14080749625147876
2025-01-24,377.1133916273603,382.5975893719523,373.53367941212633,376.1561279296875,20126830,0.0,0.0,KOTAKBANK.NS,-0.004565024094663306,-0.0045754756369805255,0.0893566310193441,361.0875671386719,355.3134063720703,358.45335845947267,353.9414469909668,363.83779870532334,358.707030978245,361.0875671386719,385.33044520901353,336.84468906833024,0.13427700245924792,59.89189211823664,6.139059228883127,3.4652460078168326,2.6738132210662946,9.14008265931914,35.0614959102473,26.185945375062957,-0.14472973073304485
2025-01-27,373.92259234288434,378.6689261859242,371.47961923428477,375.19891357421875,9642515,0.0,0.0,KOTAKBANK.NS,-0.0025447262038162943,-0.002547969522950341,0.08658451665508804,362.4905242919922,356.08538208007815,358.6479977416992,354.03936935424804,364.91980964521815,359.35377147220476,362.4905242919922,386.58192783971356,338.3991207442708,0.13292156309341394,59.117421161137315,6.251543825231408,4.022505571299748,2.2290382539316607,9.261165397441488,34.641405176190624,26.15616664996554,-0.1469061593985935
2025-01-28,377.9111172578264,379.90537117475424,373.085026430449,376.46527099609375,25786920,0.0,0.0,KOTAKBANK.NS,0.0033751628164682135,0.0033694797384016847,0.09025191631265228,363.50460357666014,356.8027154541016,358.85530059814454,354.14038650512697,366.0193773929206,360.02481066922,363.50460357666014,388.17860389135967,338.8306032619606,0.1357561916516195,59.856990354840576,6.369450083087088,4.491894473657216,1.877555609429872,9.431388097482344,34.63831018178939,26.151740189211203,-0.1440268287888375
2025-01-29,376.47524659053465,383.83404830698237,375.91685793621497,382.966552734375,11758155,0.0,0.0,KOTAKBANK.NS,0.017269273527088957,0.017121854416748964,0.10907977486888831,364.8203155517578,357.5908453369141,359.13928283691405,354.28167907714845,367.63339409210676,360.9244868286379,364.8203155517578,390.7311810100693,338.9094500934463,0.14204727288349414,63.506873593526464,6.907861220551013,4.975087823035976,1.932773397515037,9.42640464713755,34.69401458457926,26.146944085526336,-0.1292447939633421
2025-01-30,382.9665242001883,386.50631241613894,374.41115861627316,379.20733642578125,21195905,0.0,0.0,KOTAKBANK.NS,-0.009816043416201792,-0.009864538383811038,0.0981929996467441,365.4619659423828,358.2838482666016,359.41319366455076,354.359005279541,368.73567431436146,361.6414613226435,365.4619659423828,392.15854019670013,338.76539168806545,0.14609768863622985,60.103928710889306,6.951090739866515,5.370288406402084,1.5808023334644314,9.765428043242386,34.856133914735,26.04298406661484,-0.13779216487068166
2025-01-31,379.51645053590823,380.69308339140235,376.8342072005698,379.16748046875,11666145,0.0,0.0,KOTAKBANK.NS,-0.00010510333847157938,-0.00010510886221450425,0.09807757589619515,366.08666534423827,358.93876098632813,359.6348550415039,354.4489811706543,369.7291796623985,362.3287561911183,366.08666534423827,393.47827743144876,338.6950532570278,0.14964550572446356,60.06717916065363,6.9025659195116305,5.676743909023993,1.2258220104876374,9.578825034157164,34.665198405517444,25.906363462249026,-0.13788278579261007
2025-02-01,378.7087768778252,382.32835232125524,373.24454105018754,379.52642822265625,5481785,0.0,0.0,KOTAKBANK.NS,0.0009466733630809632,0.00094622555045202,0.09911709668789248,367.31761779785154,359.50373291015626,359.8572143554687,354.5555926513672,370.66225095385164,363.003174702159,367.31761779785154,394.8064590479987,339.82877654770436,0.149673415693746,60.30259407706045,6.81452018684422,5.904299164588039,0.9102210222561808,9.6685671227572,34.441795017958185,25.848409352261488,-0.13706664239006644
2025-02-03,377.63188634608264,379.66603366467655,375.2288069573789,375.8171081542969,16599040,0.0,0.0,KOTAKBANK.NS,-0.009773548803255538,-0.009821623427612237,0.0883748221029208,368.4388854980469,359.8776550292969,360.0471667480469,354.64918548583984,371.1531897348464,363.5056818963605,368.4388854980469,395.35958659528154,341.51818440081223,0.1461338754232952,56.58988795583936,6.371979961359898,5.997835323942411,0.37414463741748705,9.35304963608112,34.64115718209329,25.85887149894229,-0.14550056367462427
2025-02-04,377.12335672889867,387.1245383293178,374.3613261677304,384.59185791015625,26663090,0.0,0.0,KOTAKBANK.NS,0.023348457442381232,0.023080052081439838,0.11378669531815011,370.03279266357424,360.45558959960937,360.2486862182617,354.7924787902832,372.43306289439977,364.33259075964656,370.03279266357424,396.8077472523862,343.2578380747623,0.14471665819712995,62.47553485801929,6.652625292728658,6.12879331769966,0.5238319750289975,9.84306663399538,35.14851767875591,26.148986173997663,-0.1255493199510425
2025-02-05,386.44651824967747,386.675868402907,379.3768918268252,381.2514953613281,17136925,0.0,0.0,KOTAKBANK.NS,-0.008685473912472874,-0.008723412477030219,0.10411293003190503,371.2448013305664,360.9683123779297,360.43096130371094,354.9131938171387,373.2729136055358,364.9960772146145,371.2448013305664,397.73089583600336,344.7587068251295,0.1426880290875939,59.18577508372726,6.530223052239535,6.209079264607636,0.32114378763189855,9.54891599223743,35.32426874992447,26.053900495101413,-0.13314433852035185
2025-02-06,382.2984384166913,382.89672062865304,378.2002615600635,382.08905029296875,15969855,0.0,0.0,KOTAKBANK.NS,0.00219685677782544,0.002194447216303377,0.10653850800573039,372.837712097168,361.5935107421875,360.59977478027344,355.02086517333987,374.1125456710056,365.66638988435386,372.837712097168,397.79009356344966,347.8853306308863,0.13385116717902537,59.75796281146377,6.426718863471649,6.252607184380439,0.17411167909120984,7.444265916049111,35.324154135306586,25.997795146005583,-0.13123998078503393
2025-02-07,383.0961408568758,390.9933683220803,380.48364299707896,384.74139404296875,22070870,0.0,0.0,KOTAKBANK.NS,0.006941690027406633,0.0069177074197742695,0.11421975533169526,374.74072723388673,362.24762573242185,360.76450012207033,355.1387106323242,375.1248169445259,366.4144292631231,374.74072723388673,396.94812699429065,352.5333274734828,0.11852141038592597,61.59418472629326,6.483969853884616,6.298879718281276,0.18509013560334076,7.768333403348943,35.088456848280046,25.924699686479375,-0.12520931802343974
2025-02-10,385.9479341132086,391.87087031263104,383.60467982052495,390.9036560058594,17846865,0.0,0.0,KOTAKBANK.NS,0.016016633661732893,0.015889720736579127,0.13206580497150866,376.8302062988281,363.07005615234374,361.00470794677733,355.25773513793945,376.62756352179576,367.37479109617163,376.8302062988281,396.6172161846965,357.04319641295973,0.10501817293371211,65.52956743069477,6.946509676987034,6.428405710022428,0.5181039669646061,7.882291200093554,34.64979452045498,25.5324383947947,-0.11119811613952374
2025-02-11,391.79113380466947,392.9677363001557,380.22445512167246,382.6175537109375,17533410,0.0,0.0,KOTAKBANK.NS,-0.021197300581905165,-0.021425189532161014,0.10806906582503117,378.1165008544922,363.74291748046875,361.09773986816407,355.53488494873045,377.1980387779045,367.9725464928291,378.1165008544922,395.6640552051712,360.56894650381315,0.09281559683866711,57.06245623921381,6.5687363105693635,6.456471830131816,0.11226448043754722,8.338833199817941,35.37028259416436,25.761724111912166,-0.13003831682947786
2025-02-12,383.5847472814943,388.6800511034068,379.8953656017905,387.6729736328125,16095020,0.0,0.0,KOTAKBANK.NS,0.013212723443666974,0.0131261967487972,0.12270967594825977,379.4965255737305,364.48657470703125,361.176413269043,355.87112716674807,378.1956516212291,368.74511226302457,379.4965255737305,395.3262394338459,363.66681171361506,0.0834248157407172,60.4224501823994,6.601183993775521,6.485414262860558,0.11576973091496345,8.318888595660107,34.74736359869669,25.774976334040385,-0.11854375370315876
2025-02-13,391.4720313762161,397.41489924588484,390.9834184974557,393.4263916015625,63391865,0.0,0.0,KOTAKBANK.NS,0.014840905505575375,0.014731856863968155,0.13937170415920308,381.6323715209961,365.2749035644531,361.2523944091797,356.20436309814454,379.64619828602275,369.7130055704182,381.6323715209961,391.5197823141297,371.7449607278625,0.051816415644864264,63.88606422739236,7.010340916942425,6.590399593676931,0.41994132326549405,8.501218500048171,34.939217218406235,25.857253019134973,-0.10546214484456812
2025-02-14,393.6656888706699,393.6656888706699,385.5590727157849,389.3581237792969,13050240,0.0,0.0,KOTAKBANK.NS,-0.01034060731336428,-0.01039444284279819,0.12758990878253407,381.950456237793,365.9746868896484,361.3275778198242,356.5336421203613,380.57114357109646,370.48340236292324,381.950456237793,392.4151062469047,371.48580622868127,0.05479585029005273,59.89456287154162,6.926481347653805,6.657615944472306,0.26886540318149876,8.593095029375295,33.6073388059274,25.925069156498232,-0.11471220953166955
2025-02-17,389.87659770966775,391.6614632886073,385.4194394802923,387.9421691894531,11500595,0.0,0.0,KOTAKBANK.NS,-0.003636638106070067,-0.0036432667499596985,0.12348927235223539,382.4689605712891,366.60905822753904,361.42200561523435,356.9039500427246,381.27314601093997,371.1680598855323,382.4689605712891,393.0471984796101,371.8907226629681,0.05531553667790672,58.524031885282085,6.668891503036718,6.65987105618519,0.009020446851528696,8.473440274914411,33.59542821683329,24.999440568317297,-0.11793168084532528
2025-02-18,387.2940691987456,392.0703156480348,386.7157185465677,391.5418395996094,21720625,0.0,0.0,KOTAKBANK.NS,0.00927888406067634,0.009236099673244546,0.1339139990538054,382.9261444091797,367.2817205810547,361.54375518798827,357.3210916137695,382.25111682890844,371.9670316390255,382.9261444091797,394.2552182062773,371.5970706120821,0.05917106451207353,60.96919090916204,6.6782305292547335,6.6635429507990995,0.014687578455633954,7.991971939314506,33.60036003282666,25.038055721177106,-0.10974707117829334
2025-02-19,391.6614793169709,397.83369719531737,391.27258522384415,395.859375,19570825,0.0,0.0,KOTAKBANK.NS,0.01102700902873055,0.01096665484343989,0.1464176789591758,383.82505493164064,368.0407336425781,361.76820861816407,357.68252853393557,383.5471414166314,372.90398628063235,383.82505493164064,396.266990949727,371.38311891355426,0.06483128632810223,63.73106119976768,6.953861017299914,6.721606564099263,0.2322544532006514,8.184988780788839,33.576619596850364,24.98063763144537,-0.09993024409432263
2025-02-20,395.32091539312665,395.33089639952084,390.8737380166756,392.9776611328125,23621860,0.0,0.0,KOTAKBANK.NS,-0.007279640319715841,-0.007306266197879628,0.1380721706001895,384.6661315917969,368.8458135986328,362.0007382202148,358.0100344848633,384.4452861515058,373.691189216012,384.6661315917969,397.19918663472845,372.13307654886535,0.06516328843960445,60.646447905515906,6.8606842419779355,6.749422099674997,0.1112621423029383,7.892262045950032,33.05762537493711,24.972344630355945,-0.10648242817997038
2025-02-21,392.97767615644983,394.5332221484296,385.78839957773795,389.48773193359375,20042760,0.0,0.0,KOTAKBANK.NS,-0.008880731767700323,-0.008920400498943803,0.12796525692080474,385.3805725097656,369.43371948242185,362.1476147460937,358.31565856933594,384.9255190831332,374.3106614794466,385.3805725097656,397.2529559686633,373.50818905086794,0.06161381401028888,57.045464343078336,6.431099148645785,6.6857575094691555,-0.25465836082337034,8.19994746476389,33.01281473891968,24.960293683227842,-0.11441751806503099
2025-02-24,386.5462173539508,392.86799824261215,385.5989346278533,392.0902404785156,11090405,0.0,0.0,KOTAKBANK.NS,0.006681875529177317,0.0066596507461086285,0.13550218036878614,386.16182098388674,370.0784619140625,362.433391418457,358.639524230957,385.60787350174104,375.00789987156696,386.16182098388674,397.61294487569756,374.7106970920759,0.059307384985056,59.00049947846583,6.228848271144045,6.594375661804134,-0.36552739066008844,7.807508282847566,33.010368485643355,24.951652160375716,-0.10850016614992156
2025-02-25,392.6685806842356,394.7725343719951,390.59457001767566,392.3196105957031,20099470,0.0,0.0,KOTAKBANK.NS,0.0005849931814359,0.0005848221396270139,0.13616644140180756,386.6294738769531,370.8091571044922,362.7489825439453,358.97962677001954,386.24708655830887,375.6867904881998,386.6294738769531,398.29312665390154,374.9658211000047,0.06033504202351859,59.17685188343003,6.017702911838342,6.479041111810975,-0.4613381999726336,7.584578838435972,32.56687228988693,24.94634355978799,-0.10797864482586801
2025-02-27,393.26683426394436,393.8651164762168,386.8652967533519,388.3908996582031,18540340,0.0,0.0,KOTAKBANK.NS,-0.010014056986686448,-0.010064534930758819,0.12478880591124919,387.0886520385742,371.477431640625,363.062678527832,359.28688842773437,386.45125923448927,376.18499084780774,387.0886520385742,398.2335483096066,375.9437557675418,0.05758317229057793,54.826807373616155,5.470296382760296,6.27729216600084,-0.8069957832405441,7.749104599455641,32.74772479606467,23.860496796766387,-0.11691139750992302
2025-02-28,386.2969337174284,386.2969337174284,377.6917237520592,379.49652099609375,34851575,0.0,0.0,KOTAKBANK.NS,-0.022900584617035924,-0.023166876350548815,0.09903048468518394,387.10510406494143,372.0392126464844,363.2612066650391,359.5445980834961,385.78890321178494,376.3148547751915,387.10510406494143,398.20163237533995,376.0085757545429,0.057330829244436686,46.49403849594227,4.269553979436694,5.875744528688012,-1.606190549251318,7.762636783822968,32.52279077932019,24.055048373543276,-0.137134642775587
2025-03-03,380.015027010229,383.62465203252845,377.9509974063852,381.8198547363281,13038950,0.0,0.0,KOTAKBANK.NS,0.0061221476659025775,0.006103483457835571,0.10575891160175521,387.219775390625,372.72144775390626,363.48815277099607,359.80944229125976,385.41089859507474,376.53073712660864,387.219775390625,398.03025773310407,376.4092930481459,0.05583641657543718,48.68784006727379,3.4654826628977276,5.393692155529955,-1.9282094926322273,7.577455650539905,18.5838076470539,24.068995785022228,-0.1318520536428674
2025-03-04,379.13754929169056,382.0990172234031,378.2600728037911,380.4637145996094,15860250,0.0,0.0,KOTAKBANK.NS,-0.0035517800342134143,-0.0035581025802204286,0.10183149917687451,387.4521057128906,373.36938049316404,363.55137023925784,360.0463400268555,384.9397382145542,376.6849715373146,387.4521057128906,397.3957363111292,377.508475114652,0.05132830846250204,47.46451500932618,2.687837459114405,4.852521216246846,-2.1646837571324404,6.941431596334817,18.131864945863153,24.070963126167594,-0.13493552418548202
2025-03-05,379.526424568216,389.6073930521799,377.9908406673262,385.5091857910156,19058440,0.0,0.0,KOTAKBANK.NS,0.013261372892592327,0.013174210635599556,0.11644329755226313,387.4979721069336,374.10346557617186,363.6524786376953,360.2840623474121,384.99397131707434,377.03101915510683,387.4979721069336,397.3944025725138,377.60154164135344,0.05107861809841508,52.269571934270445,2.450428377868036,4.372102648571084,-1.9216742707030479,7.143707802280342,18.16101708021312,24.154200622992796,-0.12346358159557076
2025-03-06,387.6829257353213,387.872382280316,380.8725624117534,383.2357482910156,25965465,0.0,0.0,KOTAKBANK.NS,-0.005897233020103476,-0.005914690365943127,0.1098593712728646,387.597184753418,374.7771246337891,363.67421569824216,360.5087243652344,384.82652150506874,377.27434186631893,387.597184753418,397.2671389028705,377.9272306039655,0.049896926653914424,50.04830311428946,2.055142164608128,3.908710551778493,-1.8535683871703648,6.9478431062439325,17.896251890386537,24.100504677651887,-0.12863272110550864
2025-03-07,382.29844532111434,387.00488548103715,380.91245476110396,385.9678649902344,13901690,0.0,0.0,KOTAKBANK.NS,0.007129075800997864,0.007103784073396553,0.11777164285911668,387.79112548828124,375.47710693359375,363.7543844604492,360.745751953125,384.9352208846083,377.61526434176665,387.79112548828124,397.14640477954055,378.43584619702193,0.048249063355845244,52.65236543645846,1.9399711967254802,3.5149626807678906,-1.5749914840424104,6.80397271803309,17.927827811887344,24.10815287507698,-0.12242067772376064
2025-03-10,385.38954427375194,386.89521562025425,382.16881345351857,383.2457275390625,11142670,0.0,0.0,KOTAKBANK.NS,-0.007052756713932018,-0.007077744962570914,0.10988827140029911,387.7163421630859,376.19922607421876,363.8449237060547,360.9597065734863,384.7743167564611,377.836066820092,387.7163421630859,397.19733556147764,378.2353487646942,0.04890685466336989,49.86318487126085,1.610479032658759,3.1340659511460647,-1.5235869184873057,6.695714029348851,18.050729764157463,24.00228862822055,-0.1286100311809523
2025-03-11,383.49501693042737,387.6829317082311,379.79568460255945,385.9280090332031,16035260,0.0,0.0,KOTAKBANK.NS,0.006998855568108642,0.006974477259223982,0.1176562191085675,387.4675598144531,376.79411254882814,363.98681488037107,361.1926502990723,384.8841922113889,378.1533978872729,387.4675598144531,396.85708570190576,378.0780339270005,0.04846612651623792,52.53153559624525,1.5479480371799923,2.8168423683528507,-1.2688943311728584,6.876617601077746,18.126568216810508,24.014952163155623,-0.12251129864568906
2025-03-12,386.88522909540944,398.39208180073183,386.4863844297442,395.37078857421875,33522470,0.0,0.0,KOTAKBANK.NS,0.024467722787653967,0.024173182868795086,0.14500272164961348,388.1052215576172,377.56848205566405,364.20917419433596,361.46528778076174,385.8829156745156,378.82858967891787,388.1052215576172,397.83397869692294,378.37646441831146,0.050134636685692895,60.50135602535976,2.2345862458496413,2.700391143852209,-0.46580489800256775,7.298257657938852,18.79934090742429,24.302799447343215,-0.10104114835165331
2025-03-13,394.00473000506054,397.5245866745819,392.7782529877869,395.8793029785156,24628970,0.0,0.0,KOTAKBANK.NS,0.0012861709033453739,0.0012853444940755425,0.1464753908344505,388.51553802490236,378.15858154296876,364.5998486328125,361.74778884887695,386.8349525606109,379.4972451024315,388.51553802490236,398.8414248619308,378.1896511878739,0.05315559264127353,60.882251051143925,2.787650535653313,2.7178430222124303,0.06980751344088265,7.281164565329606,18.510730883350572,24.241944317238463,-0.09988493363335843
2025-03-17,394.88219534474075,398.6214213273253,393.7155738789177,397.4747314453125,15854645,0.0,0.0,KOTAKBANK.NS,0.004030088097036533,0.004021989044639168,0.1510957876605976,388.7179550170898,378.7746063232422,365.05842742919924,362.05400451660154,387.84826483534437,380.2022445668582,388.7179550170898,399.59327639146966,377.84263364271,0.055954818829512046,62.116580385316205,3.31646556307129,2.8375675303842023,0.47889803268708775,7.00695205659503,18.51835221302768,24.12244091859516,-0.09625739061843089
2025-03-18,397.4747314453125,397.4747314453125,397.4747314453125,397.4747314453125,0,0.0,0.0,KOTAKBANK.NS,0.0,0.0,0.1510957876605976,389.1237854003906,379.62595336914063,365.5077328491211,362.35797927856447,388.7650711791509,380.87959699346425,389.1237854003906,400.6839007941032,377.563670006678,0.05941613351554826,62.116580385316205,3.6929848516400625,3.0086509946353743,0.6843338570046882,6.487733226969397,18.523458339967373,24.12223904721174,-0.09625739061843089
2025-03-19,406.6782142283784,409.0214685407517,402.2908619330253,403.14837646484375,26691440,0.0,0.0,KOTAKBANK.NS,0.014274228197854288,0.014173310615861282,0.16752679161125372,389.8840957641602,380.6210858154297,366.02494262695313,362.6999835205078,390.1349097777883,381.75288246293013,389.8840957641602,403.0110369100056,376.75715461831476,0.06733765900410502,66.47900812122104,4.398491761887215,3.2866191480857427,1.1118726138014718,7.014074137049379,18.55078078738223,24.151517390570067,-0.08335716237999406
2025-03-20,405.03294543041426,406.6083924906647,402.14125317303154,405.96026611328125,13416530,0.0,0.0,KOTAKBANK.NS,0.00697482567856178,0.006950614097781746,0.17567008745779278,390.6050170898437,381.68601684570314,366.5570095825195,363.0185467529297,391.6420865716448,382.702191625689,390.6050170898437,405.57027060438827,375.6397635752992,0.07662601789419596,68.41995063297833,5.125424364242349,3.654380191317064,1.4710441729252848,6.833168393818539,17.52327062212498,24.163947747279558,-0.07696373837809227
2025-03-21,406.82776914735877,418.3146599096975,405.8306422621937,414.6053466796875,94254040,0.0,0.0,KOTAKBANK.NS,0.021295385997194716,0.021071807817496527,0.20070643577556213,391.5423156738281,382.8378973388672,367.21341827392575,363.46011764526367,393.82906372479175,383.95329574545366,391.5423156738281,409.86481453378076,373.21981681387547,0.09359141082066894,73.50028670163587,6.326185116521742,4.1887411763580005,2.1374439401637417,6.9606570896299615,18.099896005334656,24.377215577093487,-0.05730732489744605
2025-03-24,418.79329952557276,435.5948939377569,416.84888989153046,433.97955322265625,42541755,0.0,0.0,KOTAKBANK.NS,0.04672927326703458,0.04567032468647462,0.25681457492640547,393.5924102783203,384.51287170410154,368.0429281616211,363.9187272644043,397.6529198674455,385.9151097641675,393.5924102783203,419.98795411151593,367.19686644512467,0.13412628467368362,80.91152078609302,8.740379559866142,5.099068853059629,3.6413107068065127,8.054649420481834,22.11423144624144,25.361597291504207,-0.013255981275746906
2025-03-25,434.7273738703643,439.234376265706,430.75879806307603,432.7530517578125,36712165,0.0,0.0,KOTAKBANK.NS,-0.002826173389358977,-0.0028301745578143593,0.25326259901938997,395.75567626953125,386.23431091308595,368.9112258911133,364.3546702575684,400.99578957129,387.75189180313396,395.75567626953125,427.3203318846675,364.191020654395,0.15951587056272057,79.39766017673905,10.434396405064433,6.166134363460591,4.268262041603842,8.385837547840257,22.19568953902595,25.10012744369038,-0.016044690963574484
2025-03-26,433.7501903880516,433.94962793490157,424.7561169352279,427.74749755859375,15084580,0.0,0.0,KOTAKBANK.NS,-0.01156676811148194,-0.011634183530297462,0.2387664011537396,397.53853912353514,387.8069793701172,369.736448059082,364.7466609191895,403.5435712843666,389.320346930799,397.53853912353514,432.11575937105073,362.96131887601956,0.17395656946241736,73.36468726129178,11.243403610851203,7.181588212938713,4.06181539791249,8.212763163184544,22.33955129316524,25.169596440752073,-0.027425873855260345
2025-03-27,427.56802305819724,429.04378189575175,421.1565040868164,424.5068664550781,47106120,0.0,0.0,KOTAKBANK.NS,-0.007576037550217851,-0.007604881496929,0.22938146038265073,399.1479019165039,389.15928344726564,370.5027401733398,365.1304663085937,405.54007558633907,390.7002104415551,399.1479019165039,435.64527673863665,362.6505270943711,0.1828764457830847,69.67360225123485,11.490599326661822,8.043390435683335,3.4472088909784873,8.276153016068308,21.380323063963157,25.20629265171173,-0.03479413195530321
2025-03-28,426.63069618392956,434.72739208491436,426.57087100497256,432.99237060546875,18361265,0.0,0.0,KOTAKBANK.NS,0.019989085739060775,0.019791926983108797,0.25395567180025136,401.3779754638672,390.61768127441405,371.3839010620117,365.5822476196289,408.1545798738752,392.3587265264145,401.3779754638672,440.4663979119518,362.2895530157826,0.194771137618653,73.44153152266412,12.230230496896013,8.88075844792587,3.349472048970142,8.57101693820424,21.733575165342675,25.376075176051703,-0.015500549103113078
2025-04-01,433.61057268816,434.4481860307138,425.9526456896707,427.9468994140625,18754695,0.0,0.0,KOTAKBANK.NS,-0.01165256372612522,-0.011720986903154103,0.23934387342486274,403.8004943847656,392.1624298095703,372.15916717529296,366.0130346679687,410.03956268722635,393.75434114945955,403.8004943847656,443.1833262490327,364.41766252049854,0.1950608402511797,68.0291809251415,12.26785003099127,9.55817676453895,2.7096732664523184,8.840241093511915,21.917734488871897,25.48419883186739,-0.026972491693024334
2025-04-02,426.96975936089984,430.88846085373666,426.70051561733635,429.68194580078125,10660960,0.0,0.0,KOTAKBANK.NS,0.004054349708093152,0.004046152979781575,0.2443686068963098,406.19359893798827,393.09614013671876,372.940915222168,366.4419390869141,411.9102658408982,395.1632668220604,406.19359893798827,445.7688367750243,366.61836110095226,0.19485899305408694,68.8785530802691,12.295927724952435,10.105726956621648,2.1902007683307865,8.57600524570682,21.556257360102762,25.410858384094592,-0.023027497898753392
2025-04-03,424.57662307678885,429.1035877362616,424.2076909915048,425.2945556640625,8470190,0.0,0.0,KOTAKBANK.NS,-0.010210785395095345,-0.010263273063520406,0.23166262609889787,408.4351409912109,394.0505895996094,373.71009857177734,366.85802017211915,413.18496010977094,396.344885992335,408.4351409912109,446.9381190608095,369.9321629216123,0.18853900757000316,64.23155452671145,11.82781014977121,10.45014359525156,1.3776665545196494,8.076732534403087,21.82470096482504,25.381050471850525,-0.03300315445461852
2025-04-04,424.9555594567347,428.0267275266694,422.4128978869945,425.16497802734375,18942015,0.0,0.0,KOTAKBANK.NS,-0.00030467739356887513,-0.00030472381715566883,0.23128736634022196,410.41793060302734,394.90592590332034,374.4801800537109,367.27126205444335,414.3259141971588,397.4750856799824,410.41793060302734,448.0237411943724,372.8121200116823,0.18325617760457405,64.09401912154965,11.315924828967695,10.62329984199479,0.6926249869729055,8.138696531037368,21.767862866805142,25.363617489775702,-0.03329777653310859
2025-04-07,402.5800042719004,415.5227223694855,399.010303364345,406.3990173339844,35695245,0.0,0.0,KOTAKBANK.NS,-0.0441380679575929,-0.0451417989104598,0.17694072088937163,411.57609405517576,395.47628295898437,375.0661917114258,367.56348251342774,413.5709716387612,397.82504378406094,411.57609405517576,447.0217959862476,376.13039212410393,0.17224373545038787,48.048013335041404,9.288918954463611,10.356423664488556,-1.067504710024945,9.656469903508164,25.514186622980358,26.516177508866747,-0.07596614496724637
2025-04-08,411.3048567822744,414.7848502840164,406.42892216512666,409.84906005859375,20471695,0.0,0.0,KOTAKBANK.NS,0.0084892988847316,0.008453467433405411,0.1869321224386129,412.77015380859376,396.1501416015625,375.7317739868164,367.85348052978514,413.21650386922147,398.29657383404265,412.77015380859376,446.13125677304845,379.4090508441391,0.16164493802003238,50.50147916779625,7.870169396009487,9.859172810792742,-1.9890034147832552,10.255457971367592,25.478774793965908,26.416938104470038,-0.06812174539226265
2025-04-09,409.61973646352453,411.8134279125,407.2465998976866,409.3605041503906,19597890,0.0,0.0,KOTAKBANK.NS,-0.0011920386205919176,-0.0011927496637451755,0.1855172535086449,414.07589263916014,396.83337341308595,376.45937774658205,368.1316731262207,412.8492658007614,398.7304534542916,414.07589263916014,444.4850673061208,383.6667179721995,0.14687730055060344,50.14036888200021,6.6299518131359605,9.213328611261385,-2.5833767981254248,9.756893037037177,25.302708596912566,26.4204832771237,-0.06923258026144483
2025-04-11,411.8134125857548,426.6705974138859,410.5171597786306,421.02685546875,27973445,0.0,0.0,KOTAKBANK.NS,0.028498966559004968,0.028100425306291206,0.21930327007151118,415.8308349609375,397.72460510253904,377.2636602783203,368.4712852478027,413.62808386437933,399.6048221607409,415.8308349609375,443.31030528968586,388.3513646321892,0.132166583227671,57.88465797326978,6.51336547231341,8.673335983471791,-2.159970511158381,10.674246890313043,26.434547746846647,26.75657093788308,-0.04270667069210445
2025-04-15,427.76742653784186,428.166271199217,418.71352796204644,422.8216857910156,28178320,0.0,0.0,KOTAKBANK.NS,0.0042629829877891545,0.00425392221729193,0.22450113916878167,417.20337982177733,398.5217077636719,378.056276550293,368.8105583190918,414.50366500024944,400.51528740114384,417.20337982177733,443.07515690409735,391.3316027394573,0.12402477225075231,58.941259299553344,6.490973858091138,8.236863558395662,-1.7458897003045237,10.457727289574953,26.432765692810296,26.74781126515242,-0.0386257455149409
2025-04-16,422.78179988752447,429.08364911355164,421.44565351116574,423.4598388671875,14498895,0.0,0.0,KOTAKBANK.NS,0.001509272342495871,0.001508134535690314,0.2263492448714839,418.58240661621096,399.4067578125,378.8453030395508,369.1368368530273,415.3566339399579,401.41507373314556,418.58240661621096,442.5376269601918,394.6271862722301,0.11445880173336984,59.33192972658101,6.450366156636278,7.879564078043785,-1.429197921407507,9.504045028454701,26.163293375451,26.745804057145055,-0.037174769941858976
2025-04-17,421.78468042944695,437.519341758768,418.33462986167217,436.3626708984375,26943160,0.0,0.0,KOTAKBANK.NS,0.030470025364782716,0.030015033457868323,0.2637161374688002,420.5268035888672,400.55066162109375,379.7447113037109,369.4953579711914,417.3572088883845,402.7855677396276,420.5268035888672,443.5635706239733,397.4900365537611,0.10956146832261494,66.3115367704446,7.374328305776885,7.778516923590406,-0.4041886178135208,10.26898314948798,26.141733556104775,27.13017260730503,-0.007837460760134677
2025-04-21,437.73872860261855,450.94067960923906,433.82997759131644,446.9920654296875,24432490,0.0,0.0,KOTAKBANK.NS,0.02435908302918044,0.024067132168690122,0.29449910378671795,423.00267028808594,401.89997436523436,380.7018536376953,369.93496490478515,420.1795761780324,404.5191558843358,423.00267028808594,446.25055079922873,399.75478977694314,0.10991836290446974,70.76313869244662,8.862121253541943,7.995237789580713,0.86688346396123,10.83449679364862,26.74941518633644,27.374868965359433,0.0
2025-04-22,448.50768475976474,459.0573048097072,447.7897521468577,452.4563293457031,33664915,0.0,0.0,KOTAKBANK.NS,0.012224521056683368,0.012150405009923818,0.3103237353388164,425.4680679321289,403.4327587890625,381.6552069091797,370.3963153076172,423.2535526701915,406.39904503968353,425.4680679321289,450.257561003672,400.67857486058585,0.11652810135447113,72.75615710758919,10.362673861147869,8.468725003894145,1.893948857253724,11.132922620154647,26.681151613521436,27.41794933899213,0.0
2025-04-23,455.686978031386,456.68410489797543,442.72432876572293,444.12030029296875,17619395,0.0,0.0,KOTAKBANK.NS,-0.01842394174215467,-0.018595776410756562,0.28618240717557164,427.3760696411133,404.6233276367187,382.5394586181641,370.8543327331543,425.24086196759885,407.8783099515771,427.3760696411133,451.71363913375666,403.03850014846995,0.11389299130894574,65.42858155340326,10.755244967046679,8.926028996524652,1.8292159705220268,11.400011941755809,27.492590491168755,27.644733402275314,-0.018423941742154656
2025-04-24,442.32547447348225,446.2940198409596,441.4679295633417,443.3226013183594,20842685,0.0,0.0,KOTAKBANK.NS,-0.0017961326561365398,-0.0017977476364981304,0.28387225295229523,428.8119323730469,405.86474975585935,383.41653106689455,371.26742462158205,426.962932381957,409.2682821620391,428.8119323730469,453.36466228331267,404.2592024627811,0.11451514315094209,64.75647481522253,10.876613921362662,9.316145981492253,1.5604679398704082,11.137908365796862,27.378433722368218,27.651054101626656,-0.020186982554873372
2025-04-25,442.7243428213227,445.39663560544705,434.3883765583353,439.6133117675781,10680015,0.0,0.0,KOTAKBANK.NS,-0.008367021080699533,-0.008402221085218785,0.2731300667469181,429.09362030029297,407.0152349853516,384.3043728637695,371.6389120483398,428.1677304186828,410.45828332304063,429.09362030029297,454.0223698141114,404.1648707864745,0.11619258984262006,61.58832630091836,10.55185579979451,9.563287945152705,0.9885678546418042,11.625073637990536,27.641325036052493,27.563245084702743,-0.02838509872698053
2025-04-28,438.13755834359966,445.07755311960926,436.62193639455575,443.84112548828125,12190890,0.0,0.0,KOTAKBANK.NS,0.009617119426397869,0.009571169303678054,0.28537391064416107,429.6480239868164,408.1972296142578,385.22242767333984,372.0127632141113,429.6604347110255,411.7674143883442,429.6480239868164,455.3990682181017,403.89697975553105,0.11987041854555577,63.764371551138304,10.514428100504631,9.75351597622309,0.7609121242815409,11.83802806054604,27.457862091307543,27.415528846854524,-0.01904096218497002
2025-04-29,443.84109842539885,448.1088001244932,438.4965131178904,439.7329406738281,15291325,0.0,0.0,KOTAKBANK.NS,-0.009255980526666208,-0.009299083292835755,0.27347651475775403,430.24729614257814,409.1738153076172,386.12193572998046,372.3655755615234,430.6197209931972,412.8641016936573,430.24729614257814,456.3673159975066,404.1272762876497,0.12141863569677204,60.19583657224763,10.037563415286968,9.810325464035866,0.22723795125110158,12.123632158183748,27.760061399844687,27.48096504522572,-0.028120699936443116
2025-04-30,441.507836598342,444.91802390079266,436.38262028319247,440.3511657714844,23114585,0.0,0.0,KOTAKBANK.NS,0.0014059103616592683,0.0014049229950110838,0.27526690858518177,431.0395111083984,410.32848754882815,387.03570251464845,372.7268075561523,431.5465252577959,413.9420257751407,431.0395111083984,457.3865747987574,404.6924474180394,0.1222489493949579,60.55360379458231,9.598880397162645,9.768036450661223,-0.1691560534985772,10.865112797798137,27.11633360110311,27.38393232911002,-0.026754324758201574
2025-05-02,439.53351154246,443.44226225684275,432.9923617183069,435.0863342285156,9079030,0.0,0.0,KOTAKBANK.NS,-0.011955984114961793,-0.012028031735683526,0.260019837683801,431.14420928955076,411.27675476074216,387.88166473388674,373.0796440124512,431.88364992167396,414.7712143419397,431.14420928955076,457.5405438325799,404.74787474652163,0.12244782128246884,55.942190497038375,8.725807363612887,9.559590633251556,-0.8337832696386691,11.012546196976984,27.48944402619428,27.47966810453098,-0.03839043459134772
2025-05-05,419.8103531564253,425.53388220939956,410.41743487360293,415.781982421875,44108085,0.0,0.0,KOTAKBANK.NS,-0.04436901434946383,-0.045383438720743186,0.20411399942499941,430.5359634399414,411.72386657714844,388.49938507080077,373.32136688232424,430.350157778836,414.81085230585876,430.5359634399414,457.78922681125124,403.2827000686315,0.12660156495898217,43.00892787249116,6.40238809219818,8.928150125040881,-2.5257620328427013,12.448408435555507,30.761555015314908,28.501225357621816,-0.08105610319754589
2025-05-06,416.0013441745257,417.0782278097303,411.8133991300577,413.60821533203125,17025485,0.0,0.0,KOTAKBANK.NS,-0.005228141626488547,-0.005241856180894549,0.19781872090156805,429.7322769165039,412.2088684082031,389.09177764892576,373.5638247680664,428.75568706961644,414.763690071591,429.7322769165039,458.01996365622267,401.44459017678514,0.131652604466641,41.83602641395292,4.335677748826413,8.009655649797988,-3.6739779009715754,11.58803239385389,30.823681798455144,28.448875138930834,-0.08586047203682644
2025-05-07,411.5541524854477,419.152254696519,409.7194426164406,417.7762451171875,18697280,0.0,0.0,KOTAKBANK.NS,0.010077241289345062,0.010026804453091821,0.2098894291729878,429.35636138916016,412.8055499267578,389.7073040771484,373.8164653015137,427.71002593128986,414.8818294851438,429.35636138916016,458.0886827343635,400.6240400439568,0.13383903875205855,44.93677829329249,2.9995432148145937,7.0076331628013095,-4.008089947986716,11.586608739775878,30.696391535116625,28.47962700709626,-0.07664846744141358
2025-05-08,418.59387431596554,426.5110645986522,417.77625335760047,421.3060607910156,34624355,0.0,0.0,KOTAKBANK.NS,0.008449057875078658,0.00841356436990978,0.2201118549825163,429.1634155273438,413.4008343505859,390.3412774658203,374.1248532104492,427.10012448935896,415.1337601245898,429.1634155273438,458.0655733782072,400.26125767648034,0.13469068799981138,47.489844898202996,2.200112072805098,6.046128944802067,-3.8460168719969694,11.664953302567218,30.7227454317247,28.498889014071597,-0.0688470169037836
2025-05-09,413.8076508850548,422.78179271147764,413.8076508850548,419.4114990234375,23271500,0.0,0.0,KOTAKBANK.NS,-0.004496877552677581,-0.004507018920954323,0.21462516137008958,429.8140396118164,413.8718768310547,390.95630523681643,374.4024032592773,426.3678744449855,415.3015145912113,429.8140396118164,457.0991069621358,402.52897226149696,0.12696219683731944,46.25031599990479,1.397571497773697,5.116417455396393,-3.7188459576226958,10.93562686894772,30.177322748691893,28.521293643717467,-0.07303429785157771
2025-05-12,425.57373425983207,431.4767386960257,423.99828720062163,427.7674255371094,15109370,0.0,0.0,KOTAKBANK.NS,0.019922979062634072,0.019727113722193778,0.2388241130290143,430.7099578857422,414.56767211914064,391.70674285888674,374.72487396240234,426.50116502518773,415.79037384399163,430.7099578857422,456.36266106132257,405.0572547101618,0.11911822657411354,52.17883946269087,1.4194432876828387,4.377022621853682,-2.957579334170843,10.575236701423831,27.49429981540902,28.67396597879976,-0.0545663795758949
2025-05-13,425.77318461807874,427.9868075445303,419.0126654799806,421.9043273925781,21539120,0.0,0.0,KOTAKBANK.NS,-0.013706275406944468,-0.013801073616641636,0.221844448555075,431.33714904785154,415.2160040283203,392.3248617553711,375.08189529418945,426.06337096493917,416.03013672824994,431.33714904785154,455.3532102724228,407.32108782328027,0.11135633124846842,48.164492964249824,0.9526917806383608,3.6921564536106177,-2.739464672972257,10.354444036033113,27.759537567285797,28.714400195682455,-0.06752475315641232
2025-05-14,420.9869927585709,422.7618774377373,415.6024831110812,417.2776794433594,10687970,0.0,0.0,KOTAKBANK.NS,-0.01096610688449684,-0.011026677860176779,0.208445571735991,431.14969024658205,415.71975280761717,392.8991073608398,375.4044659423828,425.2266384390744,416.07905997197975,431.14969024658205,455.55989907017886,406.73948142298525,0.11323310384213046,45.20874841030902,0.2070690622966822,2.995138975347831,-2.7880699130511486,9.868702478490516,27.739638255047545,28.515867609863555,-0.07775037638044666
2025-05-15,415.8218403512926,421.1863878320051,411.89315801151054,420.0696105957031,21311795,0.0,0.0,KOTAKBANK.NS,0.006690823137408541,0.006668538924871765,0.21653106732766103,431.01208648681643,416.2747528076172,393.54195495605467,375.7636309814453,424.7354929301819,416.23555215330225,431.01208648681643,455.6499294858717,406.37424348776113,0.11432553179600408,47.31006040481503,-0.1567498879241498,2.3647612026934346,-2.5215110906175844,10.187783874410277,27.73948646014892,28.526837308851878,-0.07157976726026669
2025-05-16,418.7733546082737,421.7647352239233,416.8189640298566,420.4285888671875,10289540,0.0,0.0,KOTAKBANK.NS,0.0008545685344276688,0.000854203598631285,0.2175706764989529,430.8605239868164,416.9155065917969,394.19646911621095,376.0957241821289,424.32531159084914,416.39998496561145,430.8605239868164,455.7301853403923,405.9908626332405,0.11544181919222135,47.588387177241124,-0.4113704581733373,1.8095348705200804,-2.2209053286934175,9.754749027764205,27.07566280345675,28.20459407204031,-0.07078636854264128
2025-05-19,419.1921456114812,423.57949791624566,418.87305769806966,421.02685546875,7528520,0.0,0.0,KOTAKBANK.NS,0.001422992197496642,0.0014219807035512004,0.21930327007151162,430.093733215332,417.74611328125,394.89266296386717,376.3922200012207,424.01117291255395,416.5814308676953,430.093733215332,455.1937156828824,404.99375074778163,0.11671866167361125,48.08061718285639,-0.5584465554442204,1.3359385853272203,-1.8943851407714407,9.486950705844382,26.886434884568693,28.20424850795758,-0.06946410479527002
2025-05-20,421.74477897537884,422.3629927756121,415.74208607936555,416.8189697265625,19545490,0.0,0.0,KOTAKBANK.NS,-0.009994340473846175,-0.010044619176756997,0.2071171380495429,428.58507843017577,418.4460955810547,395.58377166748045,376.68756896972656,423.32620118055473,416.5907461170627,428.58507843017577,453.02701068314695,404.1431461772046,0.1140587177812968,44.887465784847656,-1.0029848497717921,0.868153898307418,-1.87113874807921,9.273280683676079,26.992132621037378,27.692662516524756,-0.0787641973550813
2025-05-21,417.7961654051811,418.0554281332146,410.8162772003213,413.0697937011719,10708700,0.0,0.0,KOTAKBANK.NS,-0.008994734639476976,-0.009035431487128707,0.19625943971402227,426.6157516479492,419.09821716308596,396.233798828125,376.97194961547854,422.34940046823255,416.4526695517336,426.6157516479492,449.23856606951847,403.9929372263799,0.10605709861476478,42.19839644925256,-1.6389193804040474,0.3667392425651249,-2.005658622969172,9.180691206197016,26.957850505018712,27.73389563153115,-0.08705046894025795
2025-05-22,413.60823374907704,414.3261663478138,408.96164908574843,411.97296142578125,16446640,0.0,0.0,KOTAKBANK.NS,-0.0026553194934997304,-0.002658851107400152,0.1930829887044665,425.00838470458984,419.62749267578124,396.86547912597655,377.22910888671873,421.3611681784753,416.2769947232649,425.00838470458984,446.95252546957073,403.06424393960896,0.10326450750016887,41.416694099804275,-2.2059781328632653,-0.14780423252055314,-2.058173900342712,8.81744954359198,26.962469657998827,27.737029114044727,-0.0894746416266623
2025-05-23,411.97296190207993,420.64794784778894,411.97296190207993,418.9528503417969,8254765,0.0,0.0,KOTAKBANK.NS,0.01694258985312813,0.01680066498446786,0.21329690444283056,423.7898971557617,420.3418347167969,397.55947967529295,377.5363737487793,421.1318045749821,416.38193023771714,423.7898971557617,444.09755694577615,403.48223736574727,0.09583833841395455,48.016133169533255,-2.068315325872959,-0.5319064511910343,-1.5364088746819247,7.6750271912416235,24.11384522254843,27.79846132823401,-0.07404798392887026
2025-05-26,416.8189677806497,421.18638838758244,415.8218408997937,416.659423828125,10201425,0.0,0.0,KOTAKBANK.NS,-0.005474187636629768,-0.0054892259084273285,0.2066550895289685,422.64220275878904,420.9556658935547,398.21638641357424,377.82140228271487,420.70586355147185,416.39281233930177,422.64220275878904,441.74317611794976,403.5412293996283,0.09038838636785193,46.17550606451208,-2.1198407080865422,-0.8494933025701359,-1.2703474055164063,7.682149963249917,24.0829416272713,27.601736224382307,-0.07911681900735926
2025-05-27,416.7990341731788,418.5938503780422,411.05557362978027,414.2862854003906,17299700,0.0,0.0,KOTAKBANK.NS,-0.005695631232652265,-0.005711913193685346,0.1997824271140085,421.16446075439455,421.57647705078125,398.8878515625,378.1242794799805,420.0944751561308,416.31020343973665,421.16446075439455,437.76995586198126,404.55896564680785,0.0788551582811273,44.28383015463012,-2.325362056385586,-1.144667053333226,-1.1806950030523602,7.546826010977311,24.148337595544156,27.556067891639657,-0.08436183001464513
2025-05-28,413.80767267818203,414.884556364912,411.494330915697,413.6680603027344,8173180,0.0,0.0,KOTAKBANK.NS,-0.0014922654199348573,-0.001493379956904604,0.19799203328658077,419.86121673583983,422.1312780761719,399.4626953125,378.42715682983396,419.48243564628353,416.20658998338365,419.86121673583983,434.2776941190925,405.4447393525872,0.06867258421881306,43.780647693432535,-2.509200305078082,-1.4175737036821972,-1.0916266013958846,7.165069294388047,22.645461697675074,27.550102270674053,-0.08572820519288668
2025-05-29,414.2663563620124,417.9956318674673,409.8191786613873,415.1239013671875,24936910,0.0,0.0,KOTAKBANK.NS,0.0035193460751785643,0.0035131676685042483,0.20220818184702316,418.599853515625,422.5263403320312,400.04741119384767,378.73133056640626,419.0673371435125,416.1641316062779,418.599853515625,429.4383696077486,407.7613374235014,0.05178461483488804,45.35528487319445,-2.5085027762046934,-1.6357595181866964,-0.872743258017997,7.108091535792129,22.632924619867875,27.33780003030155,-0.08251056634018587
2025-05-30,415.12387322588023,416.83893269006654,411.9131234300162,413.7478332519531,49038640,0.0,0.0,KOTAKBANK.NS,-0.0033148371141781263,-0.003320343358293718,0.19822305754686798,417.5329284667969,422.8837109375,400.5211462402344,379.0324130249023,418.5607177252687,416.06937480806914,417.5329284667969,425.3056238710217,409.76023306257207,0.037231532529741096,44.09802669328841,-2.5891411684598893,-1.826435848241335,-0.7627053202185543,6.598132220610856,22.63864398633966,27.32460306362428,-0.08555189436674769
2025-06-02,412.2122491853679,413.9672022448451,409.06132456944187,411.5342102050781,13505700,0.0,0.0,KOTAKBANK.NS,-0.005350174354936121,-0.005364537791918441,0.19181235527288765,417.320539855957,423.16490051269534,400.9697534179688,379.32551849365234,417.8915265328696,415.891525215795,417.320539855957,425.51536365308704,409.125716058827,0.0392735224581017,42.077365369017194,-2.7993988280292115,-2.0210284441989104,-0.7783703838303011,6.307541907100399,20.64955891499017,26.947902286710413,-0.09044435117042667
2025-06-03,412.81054255836426,413.967213430647,405.6711101997284,407.7251892089844,32319090,0.0,0.0,KOTAKBANK.NS,-0.0092556606513845,-0.009298760429186032,0.1807813445523545,417.02638854980466,423.3699096679687,401.4979315185547,379.5966871643066,416.92330393059484,415.5712767449397,417.02638854980466,426.1517817140844,407.90099538552494,0.04376410421418644,38.784129733790955,-3.2360821583997676,-2.264039187039082,-0.9720429713606857,6.388735400262005,19.18591094211356,22.280405819406603,-0.09886288959954308
2025-06-04,408.24371143709214,410.51715956665333,406.9873217973695,408.08416748046875,11655570,0.0,0.0,KOTAKBANK.NS,0.0008804417313064139,0.0008800543698347634,0.1818209537236466,416.5417846679687,423.46862548828125,402.04485565185547,379.8900917053223,416.0814814115352,415.27766461692124,416.5417846679687,426.49165921093004,406.5919101250074,0.04777371639146596,39.266567803104685,-3.512698100327839,-2.513770969696833,-0.9989271306310057,5.9770645394612405,18.679279331716835,22.136220049081945,-0.09806949088191767
2025-06-05,409.77924940387254,410.09833730500327,405.6710915739801,406.8078308105469,18626660,0.0,0.0,KOTAKBANK.NS,-0.0031276309438860173,-0.0031325322037693455,0.17812465393864763,415.81687316894534,423.4855767822266,402.58579681396486,380.1812528991699,415.1982765923934,414.94551427157324,415.81687316894534,426.39780550615274,405.23594083173793,0.050892270227371916,38.116374341183274,-3.791205275218772,-2.769257830801221,-1.0219474444175511,5.940027006386702,18.125734250812386,22.05557853971026,-0.10089039665147026
2025-06-06,407.6055135641951,415.7819659269836,405.5913282768267,413.4885559082031,22121620,0.0,0.0,KOTAKBANK.NS,0.016422311941107992,0.01628892415239666,0.19747218451113802,415.5207260131836,423.4632409667969,403.150569152832,380.4765020751953,415.035446051042,414.88837864948033,415.5207260131836,426.0091886150619,405.03226341130534,0.05048346301525037,46.88632832954998,-3.433268948323473,-2.9020600543056716,-0.5312088940178015,6.33175539438534,18.96792371894585,22.104997951957323,-0.0861249382760349
2025-06-09,420.98697386470667,427.2489293491462,416.7990288668134,426.4113464355469,28895440,0.0,0.0,KOTAKBANK.NS,0.03125307905791885,0.03077464441542977,0.23489687736332332,415.45292205810546,423.3118768310547,403.9123742675781,380.83232681274416,416.11886513528054,415.34025973913,415.45292205810546,425.6206656182225,405.2851784979884,0.04894775326045243,58.9924013541604,-2.0828310552889207,-2.7382142545023216,0.6553831992134009,6.841717304720804,21.201890487466677,22.651019965922313,-0.0575635287229154
2025-06-10,428.1064407342016,433.33137572244993,426.41134333681794,428.9839172363281,24578710,0.0,0.0,KOTAKBANK.NS,0.006033073046216586,0.0060149469286182545,0.24234710042900098,415.806901550293,423.236494140625,404.73540252685547,381.1767842102051,417.34410819252315,415.87530513117696,415.806901550293,427.3237584255187,404.2900446750673,0.05539521750257771,60.902860115355466,-0.795840379426977,-2.349739479487253,1.553899100060276,6.818923122773567,21.072021297408035,22.653181528365078,-0.051877740650282084
2025-06-11,428.5651346852621,430.8984384380862,425.3743468242084,427.8272705078125,8910305,0.0,0.0,KOTAKBANK.NS,-0.0026962472998222076,-0.002699888721494806,0.23899742541402724,416.3343811035156,423.2380895996094,405.5225344848633,381.50817947387696,418.34250460350313,416.34400965575094,416.3343811035156,429.03988635069385,403.6288758563374,0.06103509978446474,59.55934873159859,0.1292869396080505,-1.8539341956681923,1.9832211352762428,6.830321290760172,20.935327221790285,22.662415475284888,-0.054434112731955135
2025-06-12,427.8272600750463,428.5252610685143,423.2205387218712,424.13787841796875,14890860,0.0,0.0,KOTAKBANK.NS,-0.008623555215319989,-0.008660953225353922,0.22831286270433004,416.5377944946289,423.2307098388672,406.1949966430664,381.8126022338867,418.8944449667856,416.6496515679948,416.5377944946289,429.61977843283483,403.45581055642293,0.06281295052266686,55.36398368087744,0.5583179551651938,-1.371483765501515,1.9298017206667089,6.589588142519842,21.043769868987518,22.566975952257497,-0.06258825237053413
2025-06-13,413.209367707786,423.1806363804155,413.209367707786,420.26904296875,22336370,0.0,0.0,KOTAKBANK.NS,-0.009121645686656188,-0.00916350262722276,0.2171086279783787,416.52981719970705,422.9762432861328,406.7969622802734,382.10117080688474,419.0253590622108,416.79158848567147,416.52981719970705,429.60200224992514,403.457632149489,0.06276710338818585,51.284405408303826,0.57946571835447,-0.9812938687303182,1.5607595870847883,6.987014086976558,20.933207934501826,22.55764481917649,-0.07113899019491925
2025-06-16,420.36873148231547,427.70760105189834,416.5597299745455,426.57086181640625,14707980,0.0,0.0,KOTAKBANK.NS,0.014994725291067601,0.014883415722678598,0.23535883750430275,416.80701751708983,422.9487225341797,407.555576171875,382.42673248291015,419.74397837213417,417.17508940060225,416.80701751708983,430.50105792597685,403.1129771082028,0.06570926032129744,56.86053698051443,1.0921400765823819,-0.5666070796677782,1.6587471562501601,7.2448422533401935,16.955865651157243,22.673308243492528,-0.0572109745193085
2025-06-17,426.57087938751926,429.92124162443673,424.81595672046564,426.13214111328125,15541500,0.0,0.0,KOTAKBANK.NS,-0.0010284825861214264,-0.0010290118372512365,0.23408829245231844,417.2726760864258,422.8777264404297,407.9869332885742,382.75922424316406,420.35237482367194,417.5263463305112,417.2726760864258,431.58772563566146,402.95762653719015,0.06861244634321903,56.37673038152296,1.44636431737689,-0.16401280025884463,1.6103771176357347,7.367346500108487,16.867233997638866,22.676861071036207,-0.05818061661440182
2025-06-18,423.7789104993046,426.2517960376868,420.528267236496,425.2546691894531,19503255,0.0,0.0,KOTAKBANK.NS,-0.002059154518445183,-0.0020612774919649187,0.23154711396875505,417.88191986083984,422.8769287109375,408.46375915527346,383.0993440246582,420.81926000136536,417.82941781517565,417.88191986083984,432.47822430376624,403.28561541791345,0.0698585114559977,55.36211076541157,1.6374098874104561,0.19627173727501554,1.4411381501354406,7.192137614044973,16.66833833805474,22.605973918144667,-0.060119968253259506
2025-06-19,426.67059088002094,429.7018651512141,425.3942696758182,428.046630859375,17025995,0.0,0.0,KOTAKBANK.NS,0.006565387454165794,0.006543929168055767,0.23963269794001962,418.6856033325195,422.93456176757815,408.92024383544924,383.4674333190918,421.50758103546156,418.2300928365168,418.6856033325195,433.67672286901956,403.6944837960195,0.07161038935744878,57.9549700121025,1.991150112388823,0.5552474122977771,1.4359027000910458,7.157950949881447,16.600498783376366,22.318768409796792,-0.05394929168440848
2025-06-20,427.7674547280271,433.9496538913941,425.0353366661664,432.71319580078125,16863180,0.0,0.0,KOTAKBANK.NS,0.010902001335782785,0.010843002932352757,0.2531471752688417,419.3736206054688,423.4608453369141,409.4685641479492,383.8553157043457,422.57478244168243,418.79805765864484,419.3736206054688,435.62635791456535,403.1208832963722,0.07750958339073287,61.93489485561961,2.6178674336961194,0.9677714165774456,1.6500960171186738,7.444268060583194,16.789993310594472,22.31160045269273,-0.043635445598633596
2025-06-23,430.3798999651666,436.6817491629497,429.0038599991427,435.5649719238281,8603070,0.0,0.0,KOTAKBANK.NS,0.006590453331956736,0.006568831241988055,0.26140598324552444,420.3188980102539,423.97516357421875,410.0626525878906,384.2580055236816,423.8119433447439,419.4555837082599,420.3188980102539,438.0397836279667,402.59801239254114,0.08432114616593075,64.16715252260462,3.3065441432973444,1.4355259619214253,1.871018181375919,7.400109912932363,15.912539741947137,22.327562205955733,-0.03733256963451386
2025-06-24,440.33126009479156,445.43654512755916,437.02079137107853,443.4422912597656,28022600,0.0,0.0,KOTAKBANK.NS,0.018085291159076755,0.017923697682652215,0.28421887772232135,421.77669830322264,424.65679931640625,410.7450863647461,384.69654205322263,425.6815002890317,420.3962389063582,421.77669830322264,442.02482624891064,401.52857035753465,0.09601349731810582,69.48961578713845,4.436814399631771,2.0357836494634944,2.401030750168277,7.8530910153928755,16.086780985762054,22.48103189405416,-0.01992244886699385
2025-06-25,443.3226294287824,443.44227978897106,436.94102330289985,438.3968200683594,17877145,0.0,0.0,KOTAKBANK.NS,-0.011377965725985817,-0.011443189996326581,0.26960707934693273,423.0131362915039,425.00419860839844,411.36440185546877,385.10985122680665,426.89248312515815,421.10214404996606,423.0131362915039,444.17586228488136,401.8504102981264,0.10005706290309607,63.031619647597225,4.869304056423971,2.60248773085559,2.266816325568381,8.001235460095918,16.115400132222394,22.453640378909043,-0.031073737652593345
2025-06-26,439.214484930182,440.73010692230037,434.74734528987096,439.51361083984375,28350635,0.0,0.0,KOTAKBANK.NS,0.002547442682887757,0.0025442034507822987,0.2728413306113575,424.23262176513674,425.338037109375,411.92987243652345,385.5345776367187,428.0944952884616,421.82416235545145,424.23262176513674,446.27383842229716,402.1914051079763,0.10391099376305321,63.832831110197574,5.2417473071183736,3.1303396461081467,2.111407661010227,7.700672887401096,16.048421701254256,22.126966819384982,-0.02860545353531872
2025-06-27,440.73008598040053,442.1858827214124,435.2658196609935,440.311279296875,48247195,0.0,0.0,KOTAKBANK.NS,0.001814889089571059,0.001813244168299736,0.27515139645503917,425.5607940673828,425.67506591796877,412.54091186523436,385.97705276489256,429.2579985273581,422.5491473335465,425.5607940673828,448.1366729289842,402.9849152057814,0.10609943009941251,64.42587420311588,5.537444234495467,3.611760563785611,1.9256836707098564,7.212079288792227,16.047175405822188,22.04016724848019,-0.02684248017127106
2025-06-30,440.31127885215824,440.53064798523144,429.66197096638217,431.4568176269531,18638285,0.0,0.0,KOTAKBANK.NS,-0.02010954996215719,-0.02031449924167436,0.24950867573871194,426.5569244384766,425.5769488525391,413.0638052368164,386.34933013916014,429.46740987017665,422.8984677372095,426.5569244384766,448.26846141488113,404.84538746207204,0.10179901313282305,53.86697279543054,4.99967201607069,3.889342854242627,1.110329161828063,7.494125334022032,17.236152943840203,22.21686345311955,-0.046412239937315906
2025-07-01,431.45683172070716,436.04359122223354,430.61921832714097,435.46527099609375,20128770,0.0,0.0,KOTAKBANK.NS,0.009290508818906584,0.009247617492023904,0.26111724710996276,427.94392852783204,425.3464129638672,413.6231936645508,386.7402040100098,430.03863473931165,423.3912835512834,427.94392852783204,448.07693499497475,407.81092206068934,0.09409179626126334,57.28035854001446,4.841126848563135,4.079699653106729,0.761427195456406,7.487002568394514,17.085183219094635,22.17286867089479,-0.037552924442852055
2025-07-02,435.7444339644276,438.1774259156917,430.9582372507358,432.5735778808594,9382555,0.0,0.0,KOTAKBANK.NS,-0.006640467811864448,-0.006662613812560023,0.25274283862354197,429.16839904785155,424.9487579345703,414.1907583618164,387.1189625549316,430.2800578956495,423.75137352499223,429.16839904785155,447.0710142220843,411.26578387361883,0.08342932617569827,54.166734851250084,4.431064638633245,4.149972650212033,0.2810919884212124,7.623750162559714,16.972588191976442,22.197644449313756,-0.043944023268712336
2025-07-03,426.59083972298583,429.14348216493147,423.16072073601543,424.0980224609375,23336995,0.0,0.0,KOTAKBANK.NS,-0.019593326669286815,-0.019787820608471805,0.2281974389537813,430.0329086303711,424.5483123779297,414.58582000732423,387.417253112793,429.69129261615313,423.7649676009117,430.0329086303711,444.78102832023944,415.2847889405027,0.06859065617485059,46.23400661566702,3.38318168124556,3.996614456418738,-0.6134327751731781,7.515489193606941,18.01878629144294,22.42861533659762,-0.06267634033493256
2025-07-04,423.5795046550147,426.2318659213854,420.9869989995219,424.7361755371094,8431075,0.0,0.0,KOTAKBANK.NS,0.0015047301387278722,0.001503599166728959,0.23004554465648352,430.5952896118164,424.1765838623047,415.02066680908206,387.7258140563965,429.21937670386325,423.80305418664494,430.5952896118164,443.41938486408634,417.7711943595464,0.05956449390717179,46.86498159304667,2.5745427813203037,3.7122001213990514,-1.1376573400787477,7.0938460396434175,17.378178087985567,22.36442344941704,-0.061265921174491804
2025-07-07,424.776056434098,430.1206419744296,423.14075372316506,428.72467041015625,10852925,0.0,0.0,KOTAKBANK.NS,0.009390523112384086,0.009346706245499386,0.24159631577286533,430.71095581054686,423.95881103515626,415.4870230102539,388.0433988952637,429.1722618187483,423.99605874442966,430.71095581054686,443.41734875385595,418.0045628672378,0.05900194908855829,50.75486553978027,2.229824797960191,3.41572505671128,-1.1859002587510887,7.227746278735806,17.466823436702587,22.36615604499669,-0.05245071711089823
2025-07-08,435.74443849884796,447.0119598624429,433.9894854849469,443.6217346191406,37631455,0.0,0.0,KOTAKBANK.NS,0.034747392061045934,0.034157331286965145,0.28473854973857526,431.4428466796875,423.9544232177734,416.0758264160156,388.420163269043,430.5484020854524,424.7656930924575,431.4428466796875,445.3590717051927,417.52662165418224,0.06451016690902259,61.95712195108575,3.122705291509135,3.3571211036708513,-0.23441581216171636,8.12515775381408,19.883403805948543,22.9992598345104,-0.019525850681187736
2025-07-09,442.12605586910036,445.5362432137952,441.52777365057,444.5789794921875,10104510,0.0,0.0,KOTAKBANK.NS,0.0021577952529054922,0.0021554705562743573,0.28751075248242586,432.2804321289062,424.0513439941406,416.6125796508789,388.80864379882814,431.8846475527605,425.5426847159764,432.2804321289062,447.25652445585735,417.3043398019551,0.06928878206767981,62.54669733758568,3.863030565028282,3.4583029959423377,0.4047275690859444,8.093820153918667,19.850093519649167,22.983134230142312,-0.01741018821619107
2025-07-10,444.53911191041834,447.2512982349035,436.1233586284084,439.49365234375,28609065,0.0,0.0,KOTAKBANK.NS,-0.011438523598767847,-0.011504446700597077,0.2727835303564883,433.0482208251953,424.03419372558596,417.18134063720703,389.13954025268555,432.60931467571186,426.08978148569304,433.0482208251953,447.8400055071683,418.2564361432223,0.06831472326008646,57.45271895784123,3.9933672254312,3.5653158418401105,0.4280513835910895,8.25193603829491,20.251380096647726,23.084531488484558,-0.028649564966188992
2025-07-11,439.0947872575218,443.72147068176815,438.45664186480735,442.843994140625,13395830,0.0,0.0,KOTAKBANK.NS,0.007623185861748372,0.007594276209882766,0.2824861957701681,434.1769683837891,424.1893469238281,417.73305084228514,389.45473205566407,433.5840460533226,426.74680943294527,434.1769683837891,448.29268276256226,420.0612540050159,0.06502286121402764,59.776966787239836,4.317238117230602,3.715700296918209,0.6015378203123927,8.079574584948753,20.25093171068795,23.02690944440862,-0.02124478006303618
2025-07-14,443.50209143726005,444.120305232638,438.1973691448277,439.49365234375,11976685,0.0,0.0,KOTAKBANK.NS,-0.0075655125534142,-0.007594276209882662,0.2727835303564885,434.82310791015624,424.6635803222656,418.193723449707,389.72305892944337,434.14686570002993,427.24668562552586,434.82310791015624,448.65303700747234,420.99317881284014,0.06361174852820221,56.45570477041694,4.254520090060794,3.8234642555467264,0.43105583451406737,7.7975290766687,20.33409950586786,22.70636080525491,-0.028649564966188992
2025-07-15,440.730091607129,445.4365318116228,435.1262432749352,436.3626708984375,14870715,0.0,0.0,KOTAKBANK.NS,-0.007124065225095899,-0.007149562546313853,0.26371613746880107,435.3346343994141,425.11866943359377,418.66376892089846,389.9956733703613,434.3578947665449,427.6041752440714,435.3346343994141,448.5544132240707,422.1148555747575,0.06073387127993873,53.46603444807791,3.9071325735345113,3.8401979191442837,0.06693465439022761,8.069601975227402,20.238248630420035,22.742021039847444,-0.03556952882179515
2025-07-16,435.564956700063,436.7415590765919,429.961108687544,434.6276550292969,11438515,0.0,0.0,KOTAKBANK.NS,-0.003976086830636438,-0.003984012479566881,0.25869149237694855,435.80328369140625,425.45569763183596,419.13062377929685,390.2763146972656,434.3835862201404,427.8796058238842,435.80328369140625,448.15449160880206,423.45207577401044,0.05668249129642512,51.82812968952252,3.4520313152018502,3.762564598355797,-0.3105332831539469,8.126579743557292,20.31754328902851,22.74484588083856,-0.03940418811731131
2025-07-17,433.75018056022697,437.0805805938604,432.0949463345475,432.91259765625,10897805,0.0,0.0,KOTAKBANK.NS,-0.00394603830014284,-0.003953844451624851,0.25372464753996526,436.04658203125,425.6878283691406,419.5443313598633,390.5440432739258,434.2434920711985,428.0769780526045,436.04658203125,447.93757926084646,424.15558480165356,0.05454003182047308,50.19131640168926,2.9193174184850363,3.5939151623816454,-0.6745977438966091,7.988406257764008,20.33750091080876,22.676797280655116,-0.04319473598195721
2025-07-18,432.77282427382914,432.85270345550344,425.46546332967466,427.3621826171875,12832715,0.5,0.0,KOTAKBANK.NS,-0.01282109845985524,-0.012903998081132023,0.23765052039230805,435.77903137207034,425.84684204101563,419.85935943603516,390.8137840270996,433.5881292660546,428.04894685905873,435.77903137207034,448.2141749842158,423.3438877599249,0.05707086719153435,45.21459076204603,2.0259122550524467,3.280314580915806,-1.2544023258633592,7.744010351173013,20.32076026124013,22.769206710474528,-0.05546203047884037
2025-07-21,426.8829985375476,432.77282388398464,425.30573504818955,432.2936706542969,9135495,0.0,0.0,KOTAKBANK.NS,0.011539364589792989,0.011473293912204013,0.25193222098186197,435.61546630859374,425.9373669433594,420.25251953125,391.1266288757324,433.4648474935062,428.21540661573476,435.61546630859374,448.1481405004438,423.0827921167437,0.057540079088797984,49.96195600301601,1.6962586826163033,2.9635034012559056,-1.2672447186396023,7.8899186326517645,18.507896464625883,22.813020763910245,-0.04456266247963303
2025-07-22,433.65132819632447,434.2503002206598,428.2606409072714,431.29541015625,7822810,0.0,0.0,KOTAKBANK.NS,-0.002309218399001667,-0.00231188875555854,0.24904123606286754,435.008122253418,426.1251885986328,420.67059631347655,391.40910552978517,433.2582344137675,428.336191068304,435.008122253418,447.1137885361883,422.9024559706477,0.05565719656019679,49.03565883587616,1.3390191923150496,2.6386065594677346,-1.299587367152685,7.802095107539803,18.449884082481848,22.777258408026153,-0.04676897595852824
2025-07-23,433.4516974406974,435.2086434818748,430.49677686852147,433.3318786621094,13952705,0.0,0.0,KOTAKBANK.NS,0.004721748615691412,0.004710636127218456,0.25493889479018894,434.75487518310547,426.44627258300784,421.0830126953125,391.7582020568848,433.26524815170484,428.5321003857082,434.75487518310547,446.7736572374836,422.73609312872736,0.05528992423289636,51.030264980701396,1.2063245528904076,2.3521501581522695,-1.1458256052618618,7.4663100695761875,18.47240611096068,22.764635540834306,-0.042268058690326224
2025-07-24,432.333582404694,433.6113751332544,427.26235108149626,427.681640625,10292000,0.0,0.0,KOTAKBANK.NS,-0.013039054626108326,-0.013124809354942618,0.2385756779885917,434.1632766723633,426.59851318359375,421.43663299560546,392.0928077697754,432.7334760063044,428.49874902254317,434.1632766723633,446.3592909992316,421.967262345495,0.056181694685669546,45.6875463507194,0.637882988524666,2.0092967242267488,-1.3714137357020828,7.545178435997234,18.704602044904256,22.55217081875414,-0.0547559777902318
2025-07-25,427.08267899433366,429.2389599883455,422.9298449093829,424.18768310546875,8727375,0.0,0.0,KOTAKBANK.NS,-0.00816952889168987,-0.008203082361831104,0.22845709820271942,433.35709686279296,426.6736950683594,421.79460083007814,392.42863967895505,431.91959096812957,428.3296876140305,433.35709686279296,445.96656823177267,420.74762549381325,0.05819436884852517,42.70973670091903,-0.0934667912518421,1.5887440211310309,-1.682210812382873,7.497266066547098,18.66472512316827,22.603896262914525,-0.062478176139371615
2025-07-28,404.36187672461557,410.35153572567935,391.32438806949864,392.6421203613281,69123495,0.0,0.0,KOTAKBANK.NS,-0.07436699366939714,-0.07727744434929507,0.1371004369575517,431.4163619995117,426.10600036621094,421.92605682373045,392.59363174438477,428.1788794817675,426.930175172748,431.4163619995117,453.58325700855363,409.2494669904698,0.10276334864215007,26.142465448023685,-3.1818516320196295,0.6346248905008989,-3.8164765225205284,8.538409322524489,28.144602024537548,25.864798166329134,-0.13219885567933662
2025-07-29,392.72199647393273,395.2576274914692,389.9268342644319,393.86004638671875,25219670,0.0,0.0,KOTAKBANK.NS,0.00310187308552079,0.003097072202459421,0.14062757819848426,429.33610076904296,425.6468218994141,422.04645874023436,392.7673057556152,424.91041918700097,425.6333073772175,429.33610076904296,457.02439130466695,401.64781023341897,0.128981888483301,27.31476235343274,-5.468109455301999,-0.5859219786596808,-4.882187476642319,8.63286101279678,28.19010014267661,25.870016745536052,-0.12950704666618418
2025-07-30,392.5422885575496,395.49717848247747,390.7254180066558,391.2644958496094,17949955,0.0,0.0,KOTAKBANK.NS,-0.006590032578630445,-0.006611842715807481,0.13311080529807184,427.2706466674805,425.2107159423828,422.1544665527344,392.8529183959961,421.70604553582086,424.28551084672307,427.2706466674805,459.6993235020942,394.84196983286677,0.1517945456236831,26.354711281407575,-7.404074921457266,-1.949552567219198,-5.454522354238067,8.17884821774868,28.215004659209114,25.780188368943534,-0.13524362358812225
2025-07-31,387.57087488385605,399.0311005524212,386.33302172067715,395.0379943847656,21519590,0.0,0.0,KOTAKBANK.NS,0.009644367365769568,0.009598157328311395,0.14403894217048951,425.81764526367186,424.8720166015625,422.2497546386719,392.9511166381836,419.1662311404823,423.1385494168424,425.81764526367186,461.30476584251153,390.3305246848322,0.1666775483522557,30.195997060610395,-8.535460233487186,-3.266734100472796,-5.26872613301439,8.709794647376055,28.31600104968143,25.80508472903535,-0.1269035954121144
2025-08-01,395.91647865379014,400.70819382102934,393.740243125793,397.7932434082031,13361865,0.0,0.0,KOTAKBANK.NS,0.0069746431042121415,0.006950432788019541,0.152018205489449,424.4704986572266,424.4488244628906,422.39532958984375,393.03477264404296,417.13070849931285,422.1446158478762,424.4704986572266,462.11075187563625,386.8302454388169,0.1773515631238503,32.94614924909301,-9.104811080262209,-4.434349496430679,-4.67046158383153,8.78443854790649,28.176848695943907,25.57803956494845,-0.12081405959454311
2025-08-04,396.71508634722477,400.7081924613689,395.73679484684794,398.7116394042969,7716305,0.0,0.0,KOTAKBANK.NS,0.002308726986474552,0.0023060659712436106,0.1546779010093724,422.96984710693357,424.0898687744141,422.52276733398435,393.1385758972168,415.37651144264464,421.22567559518683,422.96984710693357,462.25323826011135,383.6864559537558,0.1857503149308244,33.88124243340016,-9.373862791519912,-5.4222521554485255,-3.9516106360713863,8.40308919632316,28.08207231329612,24.312700359505328,-0.11878425928780004
2025-08-05,400.90785292705664,400.90785292705664,398.2723883147173,399.9095764160156,12106660,0.0,0.0,KOTAKBANK.NS,0.0030045197915680166,0.00300001524239503,0.1581471536158412,420.7842391967773,423.8023345947266,422.6894058227539,393.2671647644043,413.9034700115371,420.38975013718016,420.7842391967773,460.09371544849944,381.4747629450552,0.18683910940561282,35.15158031795302,-9.38227171773542,-6.214256067905905,-3.168015649829516,8.10701878370112,27.440873588543102,24.318678223760436,-0.11613662915418894
2025-08-06,399.9095832308442,404.4217821702482,397.8531360202545,399.789794921875,13311395,0.0,0.0,KOTAKBANK.NS,-0.00029952144485789756,-0.00029956631036487375,0.15780026370703215,418.5447799682617,423.5247692871094,422.8280236816406,393.40741928100584,412.5593104791883,419.5819087561878,418.5447799682617,457.2450842159159,379.84447572060753,0.1849279030577747,35.07900611544068,-9.291494651280402,-6.829703784580805,-2.461790866699597,8.22009106160689,27.344808090323042,24.24988046962587,-0.11640136518808163
2025-08-07,395.5171623489094,398.4121581122293,392.3226653559474,397.73333740234375,72760995,0.0,0.0,KOTAKBANK.NS,-0.005143846955706133,-0.005157122079495583,0.151844716345247,416.4567642211914,423.1769580078125,422.85164916992187,393.5304116821289,411.14731304329837,418.7251020364292,416.4567642211914,454.90345746003857,378.01007098234425,0.18463714143649776,33.789183993230154,-9.278534932381888,-7.319470014141022,-1.9590649182408661,8.221519292989196,27.30198828028415,24.23357479082389,-0.12094646133582498
2025-08-08,398.09270145303674,399.21076625864436,388.96847008478943,389.8669128417969,10928645,0.0,0.0,KOTAKBANK.NS,-0.019778137311606048,-0.0199763424416201,0.12906337338372276,413.80791015625,422.6993395996094,422.79152526855466,393.6956869506836,409.120608262203,417.593408342522,413.80791015625,451.8981348620851,375.7176854504149,0.18409616525432101,29.344404994775246,-9.79016406420152,-7.813608824153121,-1.9765552400483983,8.419748388564898,27.673657516190296,24.190181805614106,-0.13833250292777818
2025-08-11,392.12299841430604,404.102316457085,390.60562909628055,394.4989013671875,11012565,0.0,0.0,KOTAKBANK.NS,0.01188094801794648,0.0118109236466393,0.14247771663186204,411.55817260742185,422.35863342285154,422.76176696777344,393.9100971984863,407.72806474839206,416.68774140231284,411.55817260742185,448.5602034879336,374.5561417269101,0.17981434141417163,34.78440274864154,-9.709940919707662,-8.19287524326403,-1.5170656764436323,9.008730124414878,27.59813990305892,24.218591766420047,-0.12809507618630914
2025-08-12,394.3192223672201,396.4954578524867,390.60563252278274,391.1247253417969,7889120,0.0,0.0,KOTAKBANK.NS,-0.008553068243528639,-0.00858985564535262,0.13270602675479903,409.29627532958983,422.0266241455078,422.6982669067383,394.1029998779297,406.1467943287163,415.6852701842534,409.29627532958983,445.4346145564816,373.15793610269805,0.17658767697209576,32.80309504367881,-9.805598470409393,-8.515419888693103,-1.2901785817162903,9.092870032725639,27.400992900668637,24.239104844108216,-0.13555253850155627
2025-08-13,392.9216464515522,398.57189524055485,391.76364202640497,396.8548583984375,13733665,0.0,0.0,KOTAKBANK.NS,0.014650398416088839,0.014544118104331236,0.14930062133506183,407.4076354980469,421.8020379638672,422.63533172607424,394.3301371765137,405.26184804964214,414.94682266324105,407.4076354980469,441.88164941659863,372.93362157949514,0.1692359735791796,39.14269360789678,-9.311694501678232,-8.67467481129013,-0.6370196903881027,9.171309021797056,27.874618964601154,24.32632755619269,-0.1228880387808275
2025-08-14,396.9147432965791,398.0128535417985,394.41905204152636,394.9581298828125,9922965,0.0,0.0,KOTAKBANK.NS,-0.004779401021520857,-0.004790858880964164,0.1438076527714185,405.509912109375,421.5650439453125,422.5253103637695,394.54115997314454,404.28054155756314,414.16295235812623,405.509912109375,438.2051033976576,372.81472082109246,0.1612547082669779,37.86912340204227,-8.96992250461193,-8.73372434995449,-0.23619815465743876,8.977358051890592,27.42216873428293,24.336045936400758,-0.12708010858426655
2025-08-18,398.8913126683514,404.50165221991955,398.73161523665283,399.5901184082031,21519720,0.0,0.0,KOTAKBANK.NS,0.011727796378732558,0.011659558774422372,0.15722199601955777,404.1213088989258,421.2870751953125,422.3751580810547,394.7942881774902,403.83383459095745,413.59146867381554,404.1213088989258,435.22924201180865,373.01337578604296,0.15395344134482752,42.76656201976829,-8.230427724205697,-8.633065024804733,0.4026373005990358,7.311660001971802,27.701533299401376,23.285413610457333,-0.11684268184279752
2025-08-19,398.11265554022253,405.79939676706715,397.81318477657135,405.2803039550781,15558845,0.0,0.0,KOTAKBANK.NS,0.014240055708940602,0.01413961848050091,0.1737009017104878,402.77064056396483,420.8644543457031,422.0881655883789,395.065546875,403.9715935780166,413.26554064562976,402.77064056396483,430.9346969433944,374.6065841845353,0.13985158570641526,48.171309336457334,-7.103339488248253,-8.327119917493437,1.2237804292451848,7.501332770790266,27.90788741654286,23.36508343394754,-0.10426647243248034
2025-08-20,403.40353741923343,404.1422522761842,400.4087079364848,402.8045654296875,13134705,0.0,0.0,KOTAKBANK.NS,-0.0061087067425439345,-0.0061274412261875175,0.16653110709847896,401.3460983276367,420.3408673095703,421.78868072509766,395.34995330810546,403.86044804008054,412.8553063234359,401.3460983276367,426.1124553881181,376.57974126715527,0.12341645858115977,46.13016553192695,-6.336838222919653,-7.92906357857868,1.5922253556590276,7.5084638809882405,25.693055115012758,23.386565236589142,-0.10973824587185467
2025-08-21,407.0971541469084,407.0971541469084,401.88614947500423,402.8644714355469,14493935,0.0,0.0,KOTAKBANK.NS,0.0001487222613663075,0.00014871120330716735,0.16670459624268075,399.8227279663086,419.841611328125,421.5398504638672,395.6381492614746,403.76559312536307,412.4635088768521,399.8227279663086,419.5381841945083,380.1072717381089,0.09862098799876641,46.189581311063996,-5.659309536249793,-7.475112770112903,1.81580323386311,6.973672869571105,25.664039106304966,22.881629675541344,-0.1096058441305728
2025-08-22,401.3471205329002,403.0242178580681,395.3574611158864,396.63525390625,8958465,0.0,0.0,KOTAKBANK.NS,-0.015462315421114203,-0.015583103749415742,0.14866464177231276,398.2704086303711,419.29155883789065,421.2611343383789,395.8819372558594,403.08651319973325,411.84279299565196,398.2704086303711,413.0114600661497,383.5293571945925,0.07402534115689006,41.111836731506685,-5.560906299329872,-7.092271475956298,1.5313651766264256,7.0235875872100575,25.80311036282953,23.005886606522196,-0.1233733994177426
2025-08-25,396.71509429164684,399.0710427879616,394.65864703887974,395.97637939453125,11849075,0.0,0.0,KOTAKBANK.NS,-0.0016611597310876025,-0.0016625409867831941,0.14675652632487646,396.8598434448242,418.80570556640623,420.8909744262695,396.13743774414064,402.4093575992378,411.2205806975688,396.8598434448242,405.1433960626346,388.5762908270138,0.04174548145716882,40.60339282812957,-5.472997384736857,-6.768416657712409,1.2954192729755523,6.983658882535833,25.60165559544625,23.003754260972897,-0.12482961622583003
2025-08-26,394.9182151985585,396.0961742336374,391.563990098439,392.46246337890625,18550690,0.0,0.0,KOTAKBANK.NS,-0.00887405461153512,-0.008913663536110603,0.13658014628413517,396.8508605957031,418.12353759765625,420.536130065918,396.34764862060547,401.4620343401586,410.48496825369966,396.8508605957031,405.15403764739364,388.5476835440126,0.041845327180224906,37.91055812290363,-5.622064927145573,-6.539146311599042,0.9170813844534695,7.119138848454339,25.622105899300074,22.43215538935153,-0.1325959260058401
2025-08-28,390.32613109392344,392.92165621721205,387.55092350321047,388.2696838378906,17989700,0.0,0.0,KOTAKBANK.NS,-0.010683262559476048,-0.010740738327942857,0.12443776216149405,396.5713424682617,417.3662884521484,420.12200744628905,396.53146133422854,400.2056200066093,409.6137806295503,396.5713424682617,405.63958753396645,387.503097402557,0.04573323432431569,34.933515850216324,-6.009253364758877,-6.433167722231009,0.4239143574721327,7.033573603026331,25.684906737741887,22.070533338742678,-0.14186263147347894
2025-08-29,389.36780016626466,396.29584196853955,389.36780016626466,391.3843078613281,15371790,0.0,0.0,KOTAKBANK.NS,0.008021805855792596,0.007989802208636407,0.13345778358647542,396.5773330688477,416.68888122558593,419.78290496826173,396.7465017700195,399.3654950403921,408.89889934452196,396.5773330688477,405.6309635119257,387.52370262576966,0.04565883971742918,38.779520750146865,-5.995664573386648,-6.345667092462138,0.35000251907549007,7.073504214792138,25.91028729465701,22.007830006446795,-0.1349788201055585
2025-09-01,391.3843001490987,393.87999151385344,390.3660690396724,393.04144287109375,7891610,0.0,0.0,KOTAKBANK.NS,0.004234035387930657,0.004225097081286588,0.13825688395290592,396.4775054931641,415.9887774658203,419.4616696166992,396.9709248352051,398.76320435760175,408.27703830634835,396.4775054931641,405.64590327499707,387.3091077113311,0.04624927091603219,40.78501340216115,-5.784498316422685,-6.233433337254247,0.4489350208315628,6.592906093386858,26.00234772497939,21.840813208848715,-0.13131628981857588
2025-09-02,392.52235636331784,394.35918158159484,387.41115477530616,387.8304443359375,12917095,0.0,0.0,KOTAKBANK.NS,-0.01325814015206861,-0.013346813930586399,0.12316571465640136,395.97936553955077,415.09112243652345,419.27598388671873,397.17108779907227,397.72198911744323,407.4752110918224,395.97936553955077,405.8986221127779,386.06010896632364,0.05009986598524607,36.712301386533554,-5.968826649908749,-6.180511999785148,0.2116853498763991,6.072379178458326,26.016877462362594,21.932777800598334,-0.14283342019598022
2025-09-03,388.12991260908706,392.08310970382456,385.5543725003788,391.3643493652344,20037270,0.0,0.0,KOTAKBANK.NS,0.009111984582200083,0.009070720923816424,0.1333999833316062,395.6120010375977,414.20710998535156,419.09113677978513,397.4114553833008,397.1164996172329,406.84341259274055,395.6120010375977,405.6487153495888,385.57528672560653,0.05074019132719531,41.014098465934076,-5.763315664976346,-6.0970727328233885,0.33375706784704207,6.1180157408684535,25.907504486994483,21.970298065672182,-0.1350229315364288
2025-09-04,391.5240589949514,393.66035488230744,388.62903274702046,389.2679443359375,9457295,0.0,0.0,KOTAKBANK.NS,-0.005356658143995774,-0.005371056478219284,0.12732874708048825,395.0799194335938,413.123623046875,418.8902111816406,397.6747944641113,396.3690181618714,406.1541785434542,395.0799194335938,405.28425233158464,384.8755865356029,0.05165705669182228,39.307199850424475,-5.703858563278288,-6.018429898914369,0.31457133563608064,5.9454551863348115,25.913690994383586,21.904432255441893,-0.13965631799458372
2025-09-05,389.2679614904682,390.78533088354266,386.7523155444542,388.4294128417969,9906260,0.0,0.0,KOTAKBANK.NS,-0.002154124187058626,-0.0021564476498498507,0.12490034095963565,394.5119003295898,412.12427490234376,418.5642367553711,397.9139485168457,395.6128652742453,405.4590896924088,394.5119003295898,404.87583926534217,384.1479613938375,0.052540564312984865,38.6149562135912,-5.65916552799581,-5.946577024730658,0.28741149673484756,5.9768276033931205,25.80563271081563,21.864153732623418,-0.14150960512917465
2025-09-08,387.830439450164,391.62387815197184,385.6342188554442,389.3478088378906,12527790,0.0,0.0,KOTAKBANK.NS,0.0023643832463011716,0.002361592490312305,0.12756003647955905,394.0926239013672,411.1209588623047,418.2294979858398,398.14288726806643,395.0161932326877,404.82727475693747,394.0926239013672,404.58550543234304,383.5997423703913,0.053250839496057176,39.86410996025072,-5.486395343650258,-5.854540688514579,0.3681453448643204,5.722980243351734,25.697183019450193,21.868078065992936,-0.13947980482243158
2025-09-09,390.52577811239297,392.5023460803835,387.2913415434412,391.40423583984375,15873920,0.0,0.0,KOTAKBANK.NS,0.0052817222937278085,0.005267822918811762,0.13351549546174968,394.1694900512695,410.14281799316404,417.90894195556643,398.3771224975586,394.67219729051214,404.3008810739142,394.1694900512695,404.5539957331425,383.78498436939657,0.05269056050239831,42.67698444331118,-5.124465605404396,-5.708525671892542,0.5840600664881466,5.524751139526485,25.757430085380623,21.81978226605947,-0.1349347761233593
2025-09-10,396.2958367943458,397.094445850384,392.4824130520508,393.9798278808594,42604510,0.0,0.0,KOTAKBANK.NS,0.006580388777574386,0.006558832533312256,0.14097446810729286,394.14353637695314,409.3932781982422,417.4851135253906,398.61491241455076,394.60625734673573,403.89613388987283,394.14353637695314,404.52717015708663,383.75990259681964,0.05268960579986646,46.07890209512719,-4.577043617975107,-5.4822292611090555,0.9051856431339482,5.583223567522692,14.264138578274038,20.588531304935362,-0.1292423106322915
2025-09-11,394.71853374228476,396.3157822827684,391.98326579975713,393.7801513671875,11816335,0.0,0.0,KOTAKBANK.NS,-0.0005068191301719205,-0.0005069476063985814,0.14039620041981826,394.2763076782227,408.55957580566405,416.95299438476565,398.82742401123045,394.52758058677875,403.4994286929048,394.2763076782227,404.5648864661714,383.98772889027396,0.052189688234300154,45.851714329670216,-4.111920317028876,-5.20816747229302,1.0962471552641446,5.520474411173199,14.237618644832839,20.573072538504412,-0.12968362728700739
2025-09-12,393.9598642959161,396.3157822827684,392.52234365597906,393.7801513671875,18077285,0.0,0.0,KOTAKBANK.NS,0.0,0.0,0.14039620041981826,394.12257232666013,407.7837072753906,416.3662326049805,399.0107197570801,394.4563968515796,403.11828056248453,394.12257232666013,404.34056584801925,383.904578805301,0.051851856446781495,45.851714329670216,-3.7006479836148287,-4.906663574557382,1.2060155909425534,5.243808831502316,14.098700370863193,20.4958710531685,-0.12968362728700739
2025-09-15,392.9216499510977,395.63696334270014,392.3027233742956,393.4806823730469,13098130,0.0,0.0,KOTAKBANK.NS,-0.000760497940540894,-0.0007607872657964849,0.13952893145799838,394.0486999511719,407.17136047363283,415.8598364257812,399.1996475219727,394.36347166314795,402.7403355354478,394.0486999511719,404.2626206256627,383.8347792766811,0.051840905328485745,45.4618405068004,-3.360142707867226,-4.597359401219351,1.2372166933521251,5.1667977043110795,13.816035989578488,20.43893705806842,-0.13034550109607462
2025-09-16,394.59874454017506,405.4001038784605,393.9598634044166,403.64312744140625,20084385,0.0,0.0,KOTAKBANK.NS,0.02582704951884951,0.025499164819023205,0.16895960159892587,394.25135040283203,406.74949951171874,415.4630416870117,399.4397863769531,395.24724840393446,402.77573913960305,394.25135040283203,405.07106155838926,383.4316392472748,0.05488737651501781,58.39137509914066,-2.2443934669096848,-4.126766214357418,1.8823727474477332,5.694457516469312,15.617318063084761,20.902998647474345,-0.1078848912885927
2025-09-17,405.1006037174715,409.8324551862034,403.36361230393936,409.353271484375,23917190,0.0,0.0,KOTAKBANK.NS,0.014146516203964454,0.01404738802863567,0.1854963075447249,394.4549987792969,406.3620715332031,415.1604412841797,399.7324070739746,396.59067917350023,403.03368158449604,394.4549987792969,406.2574513410747,382.65254621751905,0.05984182022437231,63.61149169576162,-0.889143756556166,-3.4792417227971675,2.5900979662410015,5.772893957059487,16.103545786307777,20.76636017464178,-0.09526457044740524
2025-09-18,409.29336420936994,411.54947884380573,407.73605530957667,410.2117919921875,17420580,0.0,0.0,KOTAKBANK.NS,0.002097260648972865,0.002095064467964609,0.18798260230004105,394.8253601074219,405.6938726806641,414.82414794921874,400.0232878112793,397.88792801337524,403.31517611028784,394.8253601074219,408.10361997743325,381.5471002374105,0.06726143359382332,64.33595392154164,0.25128023088598184,-2.733137332060538,2.9844175629465197,5.471984343029496,16.095524721799663,20.64773584120932,-0.093367104433273
2025-09-19,410.2118054084459,410.2118054084459,404.78117864412536,405.49993896484375,22431125,0.0,0.0,KOTAKBANK.NS,-0.011486390979792871,-0.011552869121563628,0.17433696965283096,394.9571334838867,404.9122918701172,414.48181793212893,400.3018768310547,398.61288143732463,403.40085308497635,394.9571334838867,408.61810299534187,381.29616397243154,0.0691769731613798,57.56240643511815,0.7660368999954699,-2.0333024856493362,2.799339385644806,5.608891792325177,16.489571724733647,20.655579775645975,-0.10378104434689418
2025-09-22,405.69957465069393,407.2169744699615,402.78462425101594,403.64312744140625,13229910,0.0,0.0,KOTAKBANK.NS,-0.004579067331495934,-0.004589583375036688,0.16895960159892565,395.30752716064455,404.1952813720703,414.11473754882815,400.5752200317383,399.0919524853324,403.41035404013047,395.30752716064455,409.4989241563056,381.11613016498353,0.07179927535199168,55.100460919405066,1.0124848024138942,-1.4241450280366903,2.4366298304505847,5.429200607514953,16.47350468462768,20.634689472950967,-0.1078848912885927
2025-09-23,403.9026791195159,409.912292698884,400.9876983267941,408.83416748046875,25428240,0.0,0.0,KOTAKBANK.NS,0.012860469276331443,0.012778475677169098,0.1839929706405612,395.9504165649414,403.5150848388672,413.85221588134766,400.8669403076172,400.0197824848692,403.62305260641824,395.9504165649414,411.38030079944326,380.52053233043955,0.07793846698464649,60.22255571026752,1.6081325375967026,-0.8176895149100118,2.4258220525067147,5.600333262418109,15.671210522449972,20.75213182040791,-0.09641187234205865
2025-09-24,407.6961409670819,408.91403958875,405.1006158183649,405.5598449707031,18394385,0.0,0.0,KOTAKBANK.NS,-0.008008925794887323,-0.008041169514848654,0.17451045879703275,396.60528564453125,402.83640869140623,413.74999450683595,401.1246897888184,400.5474074835201,403.6990052481549,396.60528564453125,412.516119637741,380.6944516513215,0.08023510814966935,55.891412237106685,1.795282300421377,-0.29509515184373414,2.090377452265111,5.513340522067973,15.600926046930427,20.79090469748415,-0.10364864260561231
2025-09-25,405.7594805811606,406.79769673000413,401.3071756698445,402.0059814453125,20039275,0.0,0.0,KOTAKBANK.NS,-0.008762858476897173,-0.008801478098953569,0.1642183898669587,397.29210052490237,402.14927490234373,413.63397216796875,401.3628749084473,400.6863192894051,403.63261215784735,397.29210052490237,412.8703275455888,381.71387350421594,0.07842203255541437,51.55732415485615,1.6379514652765579,0.0915141715803243,1.5464372936962336,5.617448073573054,15.612166854318845,20.775711515848915,-0.111503242696034
2025-09-26,401.10750162038886,403.14399429235846,397.134380488437,398.27239990234375,9595825,0.0,0.0,KOTAKBANK.NS,-0.009287378087125986,-0.009330774685729864,0.15340585350427927,397.6365051269531,401.4221697998047,413.4389337158203,401.5731188964844,400.4564222049231,403.42240775567075,397.6365051269531,412.9673970801206,382.3056131737857,0.07711008298029765,47.39888497921128,1.1981848877009043,0.3128483148044403,0.885336572896464,5.618873395529756,15.327265919995956,20.779230312166586,-0.1197550480103013
2025-09-29,398.49201759617813,400.04932654446014,393.38084664130577,397.6335144042969,26530510,0.0,0.0,KOTAKBANK.NS,-0.001604142034957845,-0.0016054300484139802,0.1515556266913065,397.8661087036133,400.71658813476563,413.20220825195315,401.77174285888674,400.1875738429587,403.1953923301267,397.8661087036133,413.04402364355457,382.688193763672,0.07629659630671344,46.70468829492284,0.7890186702381925,0.4080823858911907,0.3809362843470018,5.722978778830618,15.265784401317317,20.77662849696461,-0.1211670859388474
2025-09-30,400.1092337272251,402.30545434886966,396.5354170410758,397.8531494140625,29309685,0.0,0.0,KOTAKBANK.NS,0.0005523553770225842,0.0005522028849419511,0.15219169463365012,398.3672439575195,400.1264074707031,412.9866247558594,401.9714649963379,399.96524770687336,402.9858926079281,398.3672439575195,412.793215506871,383.94127240816806,0.07242549064043927,46.9921090694762,0.476975923201735,0.42186109335329963,0.055114829848435354,5.72868072863445,14.875505964325363,20.57131961347185,-0.12068165785326124
2025-10-01,396.51544506843504,413.68578289613794,396.51544506843504,411.94879150390625,30579755,0.0,0.0,KOTAKBANK.NS,0.035429258535726316,0.03481608328201064,0.19301299206554234,399.39646606445314,399.7195098876953,412.82843841552733,402.26759063720704,401.1065375923051,403.33737883914296,399.39646606445314,414.6331810723671,384.15975105653916,0.07629869717202319,61.38512392584956,1.3515010496627156,0.6077890846151828,0.7437119650475328,6.645667967540995,17.65824890151598,21.412146376180083,-0.08952806097413822
2025-10-03,411.94879673826716,420.873391358273,411.6892350915389,419.3759765625,23679650,0.0,0.0,KOTAKBANK.NS,0.018029389117708572,0.017868787178913173,0.21452228752197366,400.90186767578126,399.48112121582034,412.80315490722654,402.56400833129885,402.84648416089505,403.9663434557452,400.90186767578126,417.7854770255716,384.0182583259909,0.08422814015645597,66.54044248747151,2.613750585898458,1.0089813848718379,1.6047692010266204,7.030719227537053,18.23728915031701,21.60175006490162,-0.07311280810468627
2025-10-06,422.07130250014336,430.1773334721175,417.87855937496556,428.4602966308594,25764180,0.0,0.0,KOTAKBANK.NS,0.02166151753092982,0.021430240770264817,0.24083068334483593,402.9034118652344,399.3836895751953,412.91498107910155,402.9070442199707,405.2858948723202,404.926890639083,402.9034118652344,422.7862187794987,383.02060495097004,0.09869763486100663,71.54447702701192,4.297581303947709,1.6667013686870122,2.6308799352606966,7.671043093876152,19.15113170643807,21.894981761391698,-0.05303502494825169
2025-10-07,427.661665298593,429.8778404445717,423.6086649677014,424.6468811035156,12364695,0.0,0.0,KOTAKBANK.NS,-0.008900277475719531,-0.008940121536943124,0.22978694596268023,404.6683654785156,399.32299438476565,412.9607537841797,403.2513543701172,407.1297983229103,405.7002235984725,404.6683654785156,425.7172879772165,383.6194429798148,0.10403048171957173,67.01372541339572,5.263642521845497,2.3860895993187095,2.877552922526788,7.267454091837343,18.716986968292325,21.9448290101208,-0.061463275986000085
2025-10-08,424.5670085545185,425.76495261186983,421.7119522176401,422.83001708984375,4402475,0.0,0.0,KOTAKBANK.NS,-0.004278529042649359,-0.00428770813941155,0.22452526679810791,406.2396545410156,399.2958410644531,412.9847680664063,403.5906185913086,408.62505725309444,406.3719802059773,406.2396545410156,427.8049818538137,384.6743272282176,0.10617046894234557,64.9047872455242,5.815608540226378,3.0719933875002434,2.743615152726135,7.094893914120608,18.780916862988256,21.949974914530447,-0.065478832617287
2025-10-09,422.86994763844575,429.6582159116338,419.53570765694,428.1807861328125,15827485,0.0,0.0,KOTAKBANK.NS,0.012654657490487109,0.012575256472500743,0.24002121463788528,407.94970245361327,400.0066143798828,413.0563073730469,403.974485168457,410.4875076225914,407.2272274972258,407.94970245361327,430.80704264762323,385.0923622596033,0.11205959978171086,68.08977933867665,6.608627782667895,3.779320266533774,2.8293075161341212,7.545542822725232,18.708552342063502,22.024524087787405,-0.05365278732644867
2025-10-10,428.26063851870305,430.81622404096333,426.5835412319039,429.27886962890625,9681210,0.0,0.0,KOTAKBANK.NS,0.0025645323929905928,0.0025612495911631647,0.24320128921081974,409.7246383666992,400.7149908447266,413.1809063720703,404.3823390197754,412.2771611470023,408.0919977768995,409.7246383666992,433.4459356953237,386.00334103807467,0.1157914126091398,68.71721575321295,7.242223561674621,4.471900925561943,2.7703226361126774,7.459975397349439,18.25671624909813,21.964444562193677,-0.051225849244531045
2025-10-13,426.46374053318596,430.45684660385257,426.0244964282141,429.6781921386719,10600020,0.0,0.0,KOTAKBANK.NS,0.0009302170174618762,0.0009297846337317821,0.24435773620617418,411.51954040527346,401.4832647705078,413.3469903564453,404.79039459228517,413.93440219382796,408.9385152028514,411.51954040527346,435.5909644941608,387.4481163163861,0.11698800044917076,68.95626478798768,7.687952835901456,5.115111307629846,2.57284152827161,7.459975394256077,18.2168965793559,21.964459749890437,-0.050343283383770324
2025-10-14,429.05925369589795,432.25375087682374,427.5818238833307,429.6182861328125,8022815,0.0,0.0,KOTAKBANK.NS,-0.00013942063375660396,-0.00013943035371661498,0.2441842470619724,413.32642059326173,402.17487060546875,413.5234436035156,405.1944613647461,415.4281054261122,409.74948661186954,413.32642059326173,437.12016944700764,389.5326717395158,0.11513296836719955,68.8712389840471,7.944780103436244,5.681045066791126,2.2637350366451185,7.156213438642014,18.238980055960504,21.955524690111446,-0.0504756851250522
2025-10-15,430.25717184713756,432.4334073072979,427.5019189561206,429.1790466308594,11540535,0.0,0.0,KOTAKBANK.NS,-0.0010223948005261274,-0.0010229178025969858,0.2429121995568797,414.60321655273435,402.8025866699219,413.6257055664062,405.5925926208496,416.7377188741834,410.51143014202603,414.60321655273435,438.9434030720537,390.263030033415,0.11741436413204212,68.20715552072248,8.020420194899543,6.148920092412809,1.871500102486734,7.2360751944128845,17.6236233074678,21.795327319774717,-0.05144647384755346
2025-10-16,429.83789024916655,442.1566493057548,429.69814737826357,440.3197937011719,33692100,0.0,0.0,KOTAKBANK.NS,0.02595827349394053,0.025627076812347393,0.2751760543619324,416.1515426635742,403.6347497558594,413.86230926513673,406.03934783935546,418.983630762468,411.68038557571805,416.1515426635742,442.9055738251649,389.39751150198356,0.12857831063343764,74.83508459146924,8.877002138892578,6.694536501708764,2.1824656371838147,7.770866738322586,18.735875443472658,21.600989140764167,-0.026823661992046586
2025-10-17,440.0203387553533,441.2182828075126,437.3249798704862,440.3996887207031,16706510,0.0,0.0,KOTAKBANK.NS,0.00018144771294448248,0.0001814312532992293,0.27540743214059793,417.6609375,404.4445520019531,414.12344329833985,406.5056474304199,421.023255329919,412.80663275787435,417.6609375,446.3409245250758,388.98095047492416,0.13733621916737584,74.87553615804603,9.453324322907974,7.246294065948606,2.207030256959368,7.619701676401511,18.56342687364136,21.58034368734564,-0.02664708137122339
2025-10-20,442.0368268502596,452.4189269358333,439.2816043963023,441.9969177246094,15207085,0.0,0.0,KOTAKBANK.NS,0.0036267714188127353,0.0036202105417663813,0.28003304336282686,419.4857864379883,405.2886944580078,414.40673187255857,406.9347135925293,423.0207469865561,413.9513498153934,419.4857864379883,449.520227860931,389.45134501504555,0.1431964676466227,75.71594991779338,9.924542885363678,7.78194382983162,2.1425990555320578,8.081761864714126,18.467175474279166,21.58072281520799,-0.023116952825522633
2025-10-21,441.99692517030456,443.19483872460165,436.62619257667416,438.6427001953125,1134020,0.0,0.0,KOTAKBANK.NS,-0.007588780362008718,-0.0076177216681493,0.27031915374063287,421.2357650756836,406.1068817138672,414.64191986083983,407.34466552734375,424.50855205405674,414.91963806558635,421.2357650756836,451.46147889693384,391.0100512544334,0.1435097222374722,70.39092386795636,9.91305810563017,8.208166684991332,1.7048914206388393,8.1388053532951,18.784174548849773,21.569089156379366,-0.030530303709899488
2025-10-23,444.23305592905706,448.10637374054346,441.4378938305524,444.35284423828125,21496105,0.0,0.0,KOTAKBANK.NS,0.013017756913374479,0.012933754148822252,0.2868558596864319,423.0116989135742,407.19660034179685,414.9479699707031,407.73455810546875,426.39848464303054,416.0738814449077,423.0116989135742,454.3236819642391,391.69971586290933,0.14804310675607224,73.77258697709772,10.246600801795125,8.61585350835209,1.6307472934430347,7.588329333118533,18.96128335298378,21.60854631866468,-0.017909982868712038
2025-10-24,446.8285814865207,446.8285814865207,432.8926496402778,436.6461486816406,16293685,0.0,0.0,KOTAKBANK.NS,-0.017343639534594613,-0.01749580238916132,0.2645370955230495,424.5660140991211,408.03954528808595,415.19908935546874,408.08442138671876,427.37445264670765,416.88063702281886,424.5660140991211,455.3115039444831,393.8205242537591,0.1448325528862704,63.269733414771416,9.776373914764577,8.84795758963459,0.9284163251299873,7.927741874512017,19.953787225001605,21.680757855769365,-0.034942998116360965
2025-10-27,433.6912671732111,436.4465202022546,423.6685620728347,428.9794006347656,18599700,0.0,0.0,KOTAKBANK.NS,-0.017558263298607102,-0.01771423806438314,0.24233402024899986,425.91468505859376,408.7966387939453,415.41163146972656,408.4547814941406,427.5273048360465,417.35509834093443,425.91468505859376,454.80376178841465,397.0256083287729,0.1356566361446146,54.89664341000951,8.684958430704853,8.815357757848643,-0.13039932714379,7.976228482487305,20.84411621936876,21.886042133568907,-0.05188772305359829
2025-10-28,427.6616621245238,432.8726668634206,427.6616621245238,431.4151916503906,23304345,0.0,0.0,KOTAKBANK.NS,0.005678107181884995,0.005662047495037299,0.2493881259716757,427.5718246459961,409.4878454589844,415.64494171142576,408.84489868164064,427.89757977074595,417.9064745491484,427.5718246459961,453.4276455107197,401.71600378127255,0.12094258496162903,56.850441272493605,7.925195059189832,8.637325218116882,-0.7121301589270495,7.90064485834634,20.839472687151417,21.90202503994481,-0.04650423992463555
2025-10-29,433.2520064367184,434.1105096143005,428.63997382324067,429.3587341308594,7088915,0.0,0.0,KOTAKBANK.NS,-0.004766771220235055,-0.00477816850743242,0.24343257860989054,429.15808563232423,410.1758575439453,415.8704507446289,409.2281237792969,428.036737328852,418.3555827680391,429.15808563232423,450.8353967971055,407.480774467543,0.10102249912333247,54.696209633334526,7.0755753499298635,8.324975244479479,-1.2493998945496152,8.001897386691345,20.936583617689298,21.891663642698084,-0.0510493360723789
2025-10-30,429.25889349933607,429.85786549023834,424.54702721720923,426.70330810546875,12438465,0.0,0.0,KOTAKBANK.NS,-0.006184632602772022,-0.006203836663973098,0.23574240494487086,430.60059356689453,410.71812133789064,416.0025982666016,409.5765837097168,427.90974406948214,418.68294454597753,430.60059356689453,446.6036390671207,414.59754806666837,0.07432895234846008,51.958338737901954,6.117456688513471,7.8834715332862775,-1.7660148447728066,7.658206673715297,19.93495646860463,21.840235535515173,-0.05691824728692779
2025-10-31,428.63998781695545,428.63998781695545,419.27614894935596,419.71539306640625,18931270,0.0,0.0,KOTAKBANK.NS,-0.016376519483967233,-0.016512096907918192,0.21550524537312676,430.98892364501955,411.0068231201172,415.93563873291015,409.92400650024416,427.12932968823685,418.72343272324923,430.98892364501955,445.38223221341053,416.5956150766286,0.06679201148216007,45.50332776942088,4.73963879752398,7.254704986133818,-2.515066188609838,8.024717820753873,20.269500316526422,21.97987757451483,-0.07236264398520743
2025-11-03,419.7153819012876,423.10951597140115,416.8602952164107,421.97149658203125,7657265,0.0,0.0,KOTAKBANK.NS,0.005375317543495628,0.005360922087870449,0.222038972042792,431.1186996459961,411.3901617431641,415.8655145263672,410.30045852661135,426.6381074876458,418.85080777653485,431.1186996459961,445.11239325964095,417.1250060323513,0.06491805447147367,47.75986302984219,3.7861129377669727,6.56098657646045,-2.774873638693477,8.154494290707586,20.30838839321222,21.780586658398462,-0.06737629863141925
2025-11-04,422.6103812272446,423.4888694452829,417.8785602386985,418.5973205566406,9581885,0.0,0.0,KOTAKBANK.NS,-0.007996217878983414,-0.008028359082539757,0.212267282165729,430.6255508422852,411.70481872558594,415.7732150268555,410.6478747558594,425.8723182561215,418.84086710124484,430.6255508422852,445.66945397790533,415.581647706665,0.06986999775649598,44.77386109574173,2.72673689248154,5.794136639664668,-3.067399747183128,8.221521591642679,20.14614711690235,21.739888283253165,-0.07483376094666638
2025-11-06,413.88544344274857,420.03483034522856,413.70576098414875,415.92193603515625,11902845,0.0,0.0,KOTAKBANK.NS,-0.0063913082814928135,-0.006411820137372091,0.2045193082458403,430.1893035888672,412.0905523681641,415.69105560302734,410.9430261230469,424.9246628065058,418.7263992163002,430.1893035888672,446.42221956786034,413.956387609874,0.07546871037271068,42.50469108934444,1.6522465032365403,4.965758612379042,-3.3135121091425015,8.321348806635715,20.197612492793958,21.75679582043497,-0.08074678359208555
2025-11-07,415.0234811753937,419.13637566744586,411.13020874189687,416.940185546875,7000945,0.0,0.0,KOTAKBANK.NS,0.002448174581570317,0.0024451826843090146,0.2074681817992985,429.8948120117187,412.50982849121095,415.6577670288086,411.227364654541,424.16423640082667,418.6563516214208,429.8948120117187,446.88587121444874,412.9037528089887,0.079047519197635,43.67472511216697,0.872808164982473,4.147168522899729,-3.2743603579172555,7.966246253110971,19.89289561034082,21.75897708424318,-0.07849629123364901
2025-11-10,415.48270114228853,420.2344766765381,415.48270114228853,417.81866455078125,10866480,0.0,0.0,KOTAKBANK.NS,0.002106966501091767,0.002104749960079132,0.21001227680948387,429.3767059326172,413.01695251464844,415.5702450561523,411.5629106140137,423.55989622463187,418.6235011480624,429.3767059326172,447.1994189138043,411.5539929514301,0.08301667386671913,44.719918402876196,0.32226866763085127,3.3821885518459536,-3.0599198842151023,8.027565724341198,19.722058545828098,21.508533854985,-0.07655471378864649
2025-11-11,419.2761547588791,419.8751267872455,414.26481740034535,416.6606750488281,10814210,0.0,0.0,KOTAKBANK.NS,-0.00277151214199145,-0.00277535989280453,0.20665871309234762,428.7457962036133,413.5847723388672,415.4755303955078,411.73123184204104,422.902827541222,418.5465275755434,428.7457962036133,447.4544215339597,410.03717087326686,0.08727141115320283,43.57213470938625,-0.2051135047250341,2.664728140531756,-2.8698416452567903,7.489921927724708,19.538151532828753,21.451431114717582,-0.07911405361184598
2025-11-12,419.29610600196844,419.29610600196844,415.2830452341666,416.1814880371094,9035425,0.0,0.0,KOTAKBANK.NS,-0.0011500653659302085,-0.001150727198585703,0.20527097669792216,428.07096099853516,414.0807159423828,415.3847985839844,411.9242788696289,422.26269996940175,418.45378092697734,428.07096099853516,447.59392760745374,408.5479943896166,0.09121369299790175,43.0793992853731,-0.6541929340900197,2.0009439256074013,-2.655136859697421,7.30738011485859,19.297037091106162,21.425856523101032,-0.08017313264475884
2025-11-13,417.1797633354703,417.1797633354703,412.2083656237895,414.32470703125,10711530,0.0,0.0,KOTAKBANK.NS,-0.004461469477214708,-0.004471451532985532,0.1998936970236116,427.30628204345703,414.5063812255859,415.2475793457031,412.0839115905762,421.50670064195873,418.29185646047824,427.30628204345703,447.7503787321897,406.8621853547244,0.09568825710197958,41.13811274897646,-1.1466998842411158,1.3714151636376979,-2.5181150478788137,6.986503269605005,19.355149645020575,21.189112350396275,-0.0842769121377863
2025-11-14,412.4878765733133,416.3811489679997,411.88890455913486,415.22314453125,12202755,0.0,0.0,KOTAKBANK.NS,0.0021684381470696845,0.0021660904783079465,0.20249559228866598,426.6084869384766,415.0542352294922,415.0726788330078,412.2706214904785,420.9082667266531,418.17151481619476,426.6084869384766,447.7250645095903,405.49190936736284,0.09899745653282828,42.48858579368112,-1.44782912000926,0.8075663069083063,-2.2553954269175662,6.311954166935144,19.354356095484736,21.19088842203343,-0.08229122326191352
2025-11-17,418.2778695307826,423.24929765870917,417.7587766982812,419.8551330566406,25151640,0.0,0.0,KOTAKBANK.NS,0.011155419890236828,0.011093657095899899,0.21590993553680504,425.58525390625,415.6240509033203,414.91558044433594,412.48911651611326,420.80796828189,418.23753906091815,425.58525390625,445.87131091853996,405.29919689396,0.09533251834312231,48.98686064141472,-1.2977537486282245,0.3865022958010002,-1.6842560444292247,5.958280346838945,16.761168049712058,21.215459686507135,-0.07205379652044447
2025-11-18,417.3993907722806,420.6737366734581,415.2830493375538,417.8985290527344,10300340,0.0,0.0,KOTAKBANK.NS,-0.00466018835987958,-0.004671080891662392,0.21024356620855444,424.46019592285154,416.19666259765626,414.66014282226564,412.70261459350587,420.53087883149425,418.22424455079334,424.46019592285154,443.7586423781045,405.16174946759855,0.09093171345923144,46.59202474379997,-1.3214664836284555,0.04490853991510907,-1.3663750235435645,5.971114818053768,15.993671539737578,20.389138256053727,-0.07637820061649435
2025-11-19,419.1763088227944,421.2726956286347,417.17975576294305,420.4541015625,12464500,0.0,0.0,KOTAKBANK.NS,0.006115294340849786,0.00609667181134719,0.21764456184003955,423.38305511474607,416.8371563720703,414.480715637207,412.92255874633787,420.5235667106376,418.31168992380145,423.38305511474607,440.8810261435728,405.88508408591935,0.0826578712465684,50.02831690602252,-1.121122056041827,-0.18829757927627813,-0.9328244767655488,5.872715109098899,14.744072495123506,20.414925832456525,-0.07072998145363892
2025-11-20,422.231022614109,422.231022614109,417.91849125987375,419.0165710449219,36702845,0.0,0.0,KOTAKBANK.NS,-0.0034189951108478667,-0.0034248532310327037,0.2134814410363579,422.40174865722656,417.43053161621094,414.2757452392578,413.1028088378906,420.3800433139028,418.33933232070814,422.40174865722656,438.4365816021998,406.36691571225333,0.07592219017059651,48.15156060021891,-1.066055528069512,-0.3638491690349249,-0.7022063590345872,5.801407472042196,14.55994713443406,20.3376248631352,-0.07390715110370645
2025-11-21,419.2761291233556,421.57215288256253,414.98355236832316,416.84033203125,39194210,0.0,0.0,KOTAKBANK.NS,-0.005193682455672088,-0.005207216505774462,0.2071790037657637,421.026123046875,417.9392535400391,414.04103576660157,413.290973815918,420.0429279536501,418.28054799563137,421.026123046875,433.44454918882644,408.60769690492356,0.058991238130698294,45.37635116384981,-1.1843665681781772,-0.5279526488635754,-0.6564139193146018,5.603176161087902,14.583504577071318,20.30666866612644,-0.07871698328534248
2025-11-24,418.2778634098207,420.0747489664001,414.76394101396227,416.7405090332031,24922845,0.0,0.0,KOTAKBANK.NS,-0.0002394753827212881,-0.00023950406152942327,0.2068899141118239,420.0308410644531,418.39446716308595,413.89387268066406,413.47883895874025,419.7284118659885,418.22015431083025,420.0308410644531,430.157426963982,409.9042551649242,0.04821829689394156,45.24752948082137,-1.2715264362764742,-0.6766674063461552,-0.594859029930319,5.536146675191284,14.046783702013881,20.27238620137194,-0.07893760788836489
2025-11-25,418.1381045407307,418.1381045407307,412.62762890690965,413.26654052734375,15164895,0.0,0.0,KOTAKBANK.NS,-0.00833604708579605,-0.00837098623136625,0.19682922296041538,419.24519805908204,418.78419494628906,413.67188537597656,413.64753952026365,419.11299554802235,418.0258949467719,419.24519805908204,428.8744967616735,409.61589935649056,0.045936357755179236,40.896196950866944,-1.6024494452393583,-0.8618238141247958,-0.7406256311145625,5.52901570570819,14.170286382947259,20.28459557302085,-0.08661562735796338
2025-11-26,414.2847683954061,421.27270424785877,414.1050859279389,420.03485107421875,14896715,0.0,0.0,KOTAKBANK.NS,0.016377591416518733,0.016244925208356367,0.21643040296941063,418.6761810302734,419.30928894042967,413.54649810791017,413.8686282348633,419.200791312422,418.1046775400052,418.6761810302734,426.4421705721707,410.91019148837614,0.03709783309280613,50.81956027938333,-1.3035358679497335,-0.9501662248897833,-0.3533696430599502,5.648808159953562,15.054401754985106,20.471522688127184,-0.07165659129659885
2025-11-27,420.07473849565287,425.3656222181128,417.5590926861503,421.3126220703125,20148975,0.0,0.0,KOTAKBANK.NS,0.003042059469174685,0.0030374417687769684,0.2201308565953557,418.2738754272461,419.865927734375,413.5186441040039,414.05223205566404,419.4019180512687,418.2304792862917,418.2738754272461,424.3622111963828,412.18553965810935,0.02911171902819797,52.44292474819395,-0.9525587593540763,-0.950644731782642,-0.0019140275714343291,5.634548346125955,15.093123751534726,20.469638416231053,-0.06883251543950666
2025-11-28,423.06957988633235,427.6217184114977,419.71538537936084,424.1477355957031,15840785,0.0,0.0,KOTAKBANK.NS,0.006729239469396742,0.0067066992002224775,0.22834140931338598,418.14609680175784,420.2760198974609,413.5127597045898,414.26671325683594,419.8539006745482,418.46252855332745,418.14609680175784,423.5593856073115,412.73280799620414,0.025891853813573295,55.91965298515027,-0.4405584214276814,-0.8486274697116499,0.4080690482839685,5.859873881689331,15.241065463481194,20.390077011142154,-0.06256646644978321
2025-12-01,426.0644107413828,431.8544328933307,424.8864517477903,428.77972412109375,16310160,0.0,0.0,KOTAKBANK.NS,0.010920696108126515,0.010861495921246292,0.24175575256152526,418.5993133544922,420.6645489501953,413.51331024169923,414.5001666259766,420.70397909802875,418.86712445794575,418.5993133544922,425.79135265046534,411.4072740585191,0.03436240369502245,60.94344083492866,0.33510541141106387,-0.6118808934871072,0.946986304898171,6.009615875312717,13.510510820144612,20.380423063473142,-0.05232903970831417
2025-12-02,427.26236292000397,431.255469115518,427.14257460853577,427.7415466308594,18294165,0.0,0.0,KOTAKBANK.NS,-0.002421237366954321,-0.0024241733021693585,0.23874916713279282,418.88781585693357,421.01514404296876,413.3545083618164,414.71516738891603,421.374223624965,419.2151410137463,418.88781585693357,427.0472782301735,410.72835348369364,0.038957745078108,59.311830561194455,0.8561827979024201,-0.3182681552092017,1.1744509531116218,6.016746856682744,13.514305338491425,20.380789834687906,-0.05462357604894993
2025-12-03,426.2840345662378,429.5983199705965,423.0895679365398,428.4802551269531,14031015,0.0,0.0,KOTAKBANK.NS,0.001726997299916766,0.001725507754793493,0.24088848359970538,419.38196258544923,421.4747503662109,413.1935211181641,414.90305038452146,422.05098852991625,419.57847882210734,419.38196258544923,428.59621708469297,410.1677080862055,0.04394206390011983,60.12977594542586,1.313605555691936,0.008106586971025842,1.3054989687209102,6.126557879709594,13.46970491222343,20.36726303823504,-0.05299091351738142
2025-12-04,428.4802595333141,428.6200024077155,423.5687255311066,426.34393310546875,12871640,0.0,0.0,KOTAKBANK.NS,-0.004985812055333549,-0.0049982826843354864,0.23470164683884942,419.90306243896487,421.9287664794922,413.06202392578126,415.12168228149415,422.45984039425457,419.8437907547882,419.90306243896487,429.46563374078255,410.3404911371472,0.0455465661349286,56.58694285188917,1.486596494631499,0.30380456850312043,1.1827919261283784,6.166488770262739,13.379888630724965,20.266085558316384,-0.05771252283727691
2025-12-05,426.2640919682435,432.45341883855315,425.66511993805506,430.23724365234375,9658475,0.0,0.0,KOTAKBANK.NS,0.009131853990547834,0.009090410723402229,0.24597676199967067,420.56791534423826,422.35682800292966,412.93595642089844,415.3345036315918,423.20054546645355,420.2513771429276,420.56791534423826,431.06632856966763,410.0695021188089,0.04992493646043511,61.08676599704508,1.9157669149801109,0.6261970377985185,1.2895698771815924,6.078070611194091,13.07217327175174,20.27425315838011,-0.04910769117870532
2025-12-08,430.99590795396324,431.03584754615895,424.46720125166354,425.58526611328125,14960235,0.0,0.0,KOTAKBANK.NS,-0.010812586794139989,-0.010871467631498648,0.23250453011706762,420.9562454223633,422.75733642578126,412.79687255859375,415.4952980041504,423.42766171853236,420.46054925941206,420.9562454223633,431.6000343700042,410.31245647472235,0.05056957374257062,53.89804929721819,1.8590815213680685,0.8727739345124286,0.9863075868556399,6.1622105368077404,12.488484373582846,15.988466538480143,-0.05938929679971569
2025-12-09,423.2692556956905,425.94462952858635,421.05308054396755,424.8066101074219,16037550,0.0,0.0,KOTAKBANK.NS,-0.0018296122254667369,-0.0018312880102506963,0.23024952476082228,421.363542175293,423.2133489990234,412.6813119506836,415.672540435791,423.55899013652186,420.63098301815756,421.363542175293,431.9384302597487,410.78865409083727,0.050193654770713046,52.77847281663335,1.7313687649781855,1.0444929006055799,0.6868758643726056,6.2192540453025345,11.445611414481625,15.990928786636191,-0.0611102496416958
2025-12-10,425.2657883326833,430.3570045676905,424.00795019586315,425.16595458984375,10941335,0.0,0.0,KOTAKBANK.NS,0.0008459013439809926,0.0008455437710725126,0.2312901944872494,421.81276550292966,423.75122009277345,412.5866949462891,415.858659362793,423.7120343701716,420.80882504057666,421.81276550292966,432.2228097276349,411.4027212782244,0.04935860209111165,53.26098721873943,1.6402438716468168,1.1636430948138274,0.4766007768329894,6.3647199751305426,11.311164427799563,15.940763615295875,-0.06031604154001773
2025-12-11,425.16597439476266,440.2399563162756,423.0895725858904,435.28851318359375,24978600,0.0,0.0,KOTAKBANK.NS,0.023808488154972718,0.023529485840120948,0.2606053524980332,422.8609558105469,424.5043200683594,412.6104541015625,416.0773927307129,424.8145561619261,421.376655948146,422.8609558105469,434.27012613943447,411.45178548165933,0.05396180551603911,64.32083084849774,2.3576550382345545,1.402445483497973,0.9552095547365815,7.119133061998103,13.234526160546089,16.33035360710408,-0.03794358714560529
2025-12-12,435.58796372715665,439.44132685339974,434.19038272216477,434.5697326660156,14312745,0.0,0.0,KOTAKBANK.NS,-0.0016512738007284922,-0.0016526386560177678,0.2585237479063951,423.82828521728516,425.23865173339846,412.6825296020508,416.270944519043,425.74362059088696,421.8940315057095,423.82828521728516,435.77860621504044,411.8779642195299,0.056392276846877656,63.17762760888114,2.8355228335807396,1.6890609535145265,1.1464618800662132,7.114857074769328,13.100369078650335,16.306721998147623,-0.03953220569497458
2025-12-15,432.67301605831847,436.36662084660577,430.5566442778355,435.50811767578125,13779900,0.0,0.0,KOTAKBANK.NS,0.0021593427687860434,0.0021570147389300813,0.26124133206078226,424.6109344482422,425.70983825683595,412.7146740722656,416.4835968017578,426.6735726942102,422.42791723786917,424.6109344482422,437.4805647014033,411.74130419508106,0.06061845896589768,64.07533333567831,3.252463952268272,2.0017415532652754,1.2507223990029965,7.1362499986942725,12.068847356796104,16.30641072614305,-0.03745822650869019
2025-12-16,434.8492644609115,438.0437310918794,433.5514866872522,435.7277526855469,8544595,0.0,0.0,KOTAKBANK.NS,0.000504318980178331,0.0005041918541010469,0.26187740000312587,425.5023956298828,426.03687377929685,412.7589974975586,416.7147969055176,427.5358755505279,422.94947941228793,425.5023956298828,438.8745054056518,412.1302858541138,0.06285327609483322,64.2947449230945,3.5595828471498407,2.3133098120421884,1.2462730351076523,6.885255761845144,12.006918439089304,16.30321897862975,-0.03697279842310403
2025-12-17,436.84582020539585,437.88403633768615,431.95427125005875,433.89093017578125,8060720,0.0,0.0,KOTAKBANK.NS,-0.004215527926427987,-0.004224438314420211,0.2565579205836843,426.1742370605469,426.14548645019534,412.7645880126953,416.9238003540039,428.14111884817106,423.3785559128171,426.1742370605469,439.82567299805197,412.5228011230418,0.06406504546902311,60.942487962864874,3.6131108654700483,2.5732700227277605,1.0398408427422878,6.751201158678351,11.806427767493886,16.325247738313738,-0.04103246648526122
2025-12-18,433.89092601189697,435.0289454153279,431.2355067839153,432.17388916015625,5633400,0.0,0.0,KOTAKBANK.NS,-0.003957310227548194,-0.003965161098733457,0.2515853310730518,426.8321029663086,426.2960266113281,412.80951049804685,417.12307174682616,428.5251922112173,423.72347094212455,426.8321029663086,440.29805208184786,413.3661538507693,0.06309717109822074,57.90326184459253,3.4769017860930376,2.753996375400816,0.7229054106922215,6.457422987198048,11.690520447887467,16.313885895091556,-0.04482739851352572
2025-12-19,432.95255573324937,434.74944135307834,430.51675849260295,431.1556396484375,11504670,0.0,0.0,KOTAKBANK.NS,-0.0023561106704005352,-0.0023588906666571242,0.24863645751959385,427.547868347168,426.4625390625,412.8791900634766,417.33689544677736,428.77571101476207,424.01492853845053,427.547868347168,440.2794045171851,414.81633217715085,0.05955607365900445,56.116001676636934,3.249334577257798,2.8530640157722127,0.3962705614855855,6.209279098830036,11.732527434509075,15.94260312504335,-0.04707789087196226
2025-12-22,433.25200532016913,434.44994931810686,428.6799123091702,429.1990051269531,9041130,0.0,0.0,KOTAKBANK.NS,-0.004538116497976974,-0.004548445008486813,0.24296999981174872,428.1707931518555,426.4829034423828,413.2447589111328,417.5854078674316,428.81602473973265,424.21822565956825,428.1707931518555,439.8516690563653,416.48991724734566,0.0545617594255995,52.74684345445671,2.877926921017661,2.8580365968213024,0.01989032419635839,6.327646420398208,11.842708663061332,15.866780414078201,-0.05140236241668319
2025-12-23,429.75803255956146,433.431682762064,429.1990001576581,431.7945251464844,8070815,0.0,0.0,KOTAKBANK.NS,0.006047357958724797,0.006029146075221273,0.2504866843325664,429.0971923828125,426.53321655273436,413.6241036987305,417.8352812194824,429.0996914451376,424.5153354433689,429.0971923828125,438.52206396456944,419.6723208010556,0.04392884292446576,56.47957826753045,2.7611911586152473,2.8386675091800915,-0.07747635056484414,6.165070032566011,11.87941000830903,15.806212707044805,-0.045665852943416164
2025-12-24,432.85270479082646,434.8891974200609,431.4750783200202,431.9941711425781,7791790,0.0,0.0,KOTAKBANK.NS,0.00046236342627548055,0.0004622565692430889,0.2510648636404462,429.69515838623045,426.5795361328125,414.03140045166015,418.09293350219724,429.37535617822715,424.8086231178477,429.69515838623045,438.1686360131504,421.2216807593105,0.03943948383660197,56.76250743246376,2.6541911261238056,2.8017722325688346,-0.14758110644502898,6.048130191382569,11.860670206719277,15.640477371496,-0.04522460373737133
2025-12-26,431.6547805324864,433.9707894744504,429.8379098729294,432.0940246582031,3691745,0.0,0.0,KOTAKBANK.NS,0.00023114551606306932,0.00023111880605412456,0.2513540416739808,430.234228515625,426.6290509033203,414.4019607543945,418.3258576965332,429.6342769858439,425.09432513903806,430.234228515625,437.7837125957471,422.68474443550286,0.035094762711786125,56.91338145620309,2.5480775221291196,2.751033290480892,-0.2029557683517722,5.858457384312776,11.740974312436988,15.610580728377302,-0.04500391168567786
2025-12-29,433.371809768569,435.6079394853607,430.3370405350784,430.9759521484375,4858980,0.0,0.0,KOTAKBANK.NS,-0.002587567626398113,-0.0025909211657644524,0.2481160784665828,430.57563934326174,426.66498901367186,414.73378784179687,418.56455871582034,429.76205557275756,425.3249771786224,430.57563934326174,437.5628216340105,423.588457052513,0.032455074798964506,54.6153296004225,2.346711193181818,2.6701688710210774,-0.32345767783925927,5.765761145440409,11.795664214027381,15.516741318544986,-0.04747502864713681
2025-12-30,431.1955546423937,432.2537252971466,427.0427207389374,429.7979736328125,28360690,0.0,0.0,KOTAKBANK.NS,-0.0027332813112952437,-0.0027370235452661654,0.244704626114983,430.62655181884764,426.45455261230467,415.04465118408206,418.78370925903323,429.76547634038184,425.50038880427695,430.62655181884764,437.57335742473305,423.67974621296224,0.03226371238161703,52.22279814483842,2.0682326072252977,2.5497816182619215,-0.48154901103662384,5.788579400696867,11.46631001586666,15.362341022189488,-0.050078547349877635
2025-12-31,430.8561647311619,440.3198069200647,430.39696604872137,439.4613037109375,14284445,0.0,0.0,KOTAKBANK.NS,0.02248342400604386,0.02223439756238327,0.27268984798621054,431.21253967285156,426.4357849121094,415.44016845703123,419.0647871398926,430.68888847091097,426.0478756633617,431.21253967285156,439.05423611065396,423.37084323504916,0.036370447129165887,65.5537060627127,2.5973457144063445,2.559294437490806,0.038051276915538335,6.086635037512926,12.945331400369692,15.743868077560524,-0.028721060557507783
2026-01-01,441.23822328745234,443.41445879659574,437.0454497037056,442.7955322265625,6734875,0.0,0.0,KOTAKBANK.NS,0.00758708101821437,0.007558443876025354,0.28234584897394077,431.92830352783204,426.4517572021484,415.87022583007814,419.34912475585935,431.8419021619254,426.7046465089774,431.92830352783204,441.2023981109072,422.6542089447569,0.04294275002275963,68.78958180218811,3.248271982368408,2.6970899464663267,0.5511820359020811,5.316536849120423,12.995779929288604,15.781414988096213,-0.02135188855267225
2026-01-02,442.79555083555135,444.812058529919,435.34841618914203,438.26336669921875,12238470,0.0,0.0,KOTAKBANK.NS,-0.010235346107839272,-0.010288087455425622,0.2692205953797415,432.5242752075195,426.44417053222656,416.27552612304686,419.5635876464844,432.45347021309624,427.1579296536928,432.5242752075195,441.81927818429364,423.2292722307454,0.04298026034406743,60.473655373235346,3.3596993356289886,2.8296118242988593,0.5300875113301293,5.617443864087709,13.376383450144141,15.649788120391472,-0.031368690691118875
2026-01-05,438.6227487151993,440.5793621931248,435.6478736742348,437.4248046875,10914245,0.0,0.0,KOTAKBANK.NS,-0.001913374640537202,-0.0019152074801070567,0.2667921008792944,432.88365325927737,426.30560974121096,416.75110504150393,419.7713151550293,432.9269306392299,427.5605522040382,432.88365325927737,442.36035883580286,423.4069476827519,0.04378407687688488,59.051225102838515,3.3418189609167825,2.932053251622444,0.40976570929433853,5.554694717667688,13.266391360121288,15.651131072799055,-0.03322204527438086
2026-01-06,439.6609766519108,444.83204192925524,426.2640917910288,428.5401611328125,26541035,0.0,0.0,KOTAKBANK.NS,-0.020311247692125667,-0.020520357448823447,0.24106197274390673,433.0313980102539,426.1434899902344,417.09151763916014,419.9266423034668,432.50914306719017,427.5989682404607,433.0313980102539,442.1129079063438,423.94988811416397,0.041943886460976125,46.556321002721916,2.5809802189772313,2.8618386450934015,-0.2808584261161702,6.560102270067631,14.710547979220115,15.972345327648247,-0.05285851177609955
2026-01-07,428.5401578343537,429.35875192013754,421.11297783622985,428.06097412109375,10561315,0.0,0.0,KOTAKBANK.NS,-0.001118184607137085,-0.001118810241971883,0.23967423634948126,433.1941162109375,426.12512145996095,417.4608801269531,420.0795735168457,432.0855079294667,427.6170861181326,433.1941162109375,441.75693777985583,424.6312946420192,0.03953341584514398,45.991088128708135,1.9172428650245479,2.672919489079631,-0.755676624055083,6.725531484087652,14.46028018901013,15.853527858358374,-0.05391759080901241
2026-01-08,427.282312232926,427.8613296845505,422.9897353114908,425.8647766113281,11484710,0.0,0.0,KOTAKBANK.NS,-0.005130571676791873,-0.005143778250538695,0.23331399882401804,433.2290573120117,426.0141131591797,417.750979309082,420.19315551757813,431.4930573277392,427.5483680982579,433.2290573120117,441.6586107139485,424.7995039100749,0.03891499547254899,43.39093566708352,1.2001765571313285,2.3783709026899706,-1.178194345558642,6.816802925386964,13.830168408240462,15.844480424916785,-0.058771534421518716
2026-01-09,425.8647757088061,425.8647757088061,422.4706415845176,424.62689208984375,10319615,0.0,0.0,KOTAKBANK.NS,-0.0029067548890387984,-0.0029109877055279324,0.22972905732821625,432.6959762573242,425.9194763183594,418.0476669311523,420.28648864746094,430.83913682889204,427.43380041165346,432.6959762573242,441.8908820545769,423.50107046007156,0.04250053756813514,41.951263541452676,0.5259466212318102,2.0078860463983386,-1.4819394251665283,6.756906651553761,13.842471376857969,15.84810652279119,-0.06150745486554141
2026-01-12,424.6269048044945,427.14258124433906,420.47410110582933,425.9246826171875,12720435,0.0,0.0,KOTAKBANK.NS,0.0030563079058807396,0.003051646891454914,0.23348748796821983,432.2637237548828,425.9039038085937,418.3110125732422,420.34308532714846,430.37109357063446,427.3746193216744,432.2637237548828,441.8904136260711,422.63703388369447,0.04454081775618617,44.04728114704203,0.09523754974560461,1.6253563470677919,-1.5301187973221873,6.821081160808981,13.734694535982195,15.66930479144338,-0.05863913268023684
2026-01-13,424.6468622241772,428.1408299723652,423.2692357804946,425.7848815917969,12717650,0.0,0.0,KOTAKBANK.NS,-0.00032822945252097835,-0.00032828333159785195,0.2330826210453525,431.7775619506836,426.0252935791016,418.51605834960935,420.30211196899415,429.9343114774119,427.31227666560073,431.7775619506836,441.69214172811166,421.86298217325555,0.04592447894992966,43.86354427597047,-0.25445012423915614,1.2493950528064024,-1.5038451770455585,6.866717702770744,13.351558403159133,15.611970245409804,-0.05894811504234192
2026-01-14,425.26579665231594,426.86304517405335,418.07819353698835,420.2744140625,10818517,0.0,5.0,KOTAKBANK.NS,-0.012941905096996331,-0.01302638119674532,0.21712418278702805,431.00489501953126,425.9913519287109,418.6907568359375,420.2397187805176,429.01432124742024,427.03628205371444,431.00489501953126,441.9756490457201,420.0341409933424,0.050907793173400946,37.26509068469412,-0.9651036873991643,0.8064953047652891,-1.7715989921644533,7.250341455415338,13.84282186710971,15.750189278737468,-0.07112711922881348
2026-01-15,420.2744140625,420.2744140625,420.2744140625,420.2744140625,0,0.0,0.0,KOTAKBANK.NS,0.0,0.0,0.21712418278702805,430.3240692138672,426.02489379882815,418.864856262207,420.2023533630371,428.1819491345707,426.77111075994134,430.3240692138672,442.19390187914337,418.454236548591,0.055166947491273106,37.26509068469412,-1.5108852119558378,0.3430192014210637,-1.8539044133769016,6.9551357695924105,13.827174262224787,15.742483797909,-0.07112711922881348
2026-01-16,423.26923961026824,426.8630411339177,416.3811377945125,417.479248046875,17993251,0.0,0.0,KOTAKBANK.NS,-0.00665081176035931,-0.0066730269631025225,0.20902931895833032,429.58933715820314,426.0560400390625,419.07329620361327,420.1672152709961,427.1626442690759,426.40672398687997,429.58933715820314,442.728370037287,416.4503042791193,0.061170200200966335,34.2353738056955,-2.144249960795605,-0.15443463102227012,-1.989815329773335,7.327350368815478,13.881298518040857,15.791333413566333,-0.07730487790812533
2026-01-19,418.2778670921923,429.65821346900736,414.2847609624339,426.16424560546875,22228439,0.0,0.0,KOTAKBANK.NS,0.02080342340182284,0.02058998724875125,0.23418126778583792,429.3397674560547,426.2405212402344,419.37517486572267,420.1330746459961,427.0675586820656,426.3972150307462,429.3397674560547,442.5429937497174,416.13654116239195,0.06150479081821444,48.30022887016107,-1.9232196885652115,-0.5081916425308585,-1.4150280460343532,8.053239507984355,14.966707771618823,16.125454856267645,-0.05810966061245147
2026-01-20,427.26235367872204,430.2571832605823,421.77183277864503,423.069580078125,18805991,0.0,0.0,KOTAKBANK.NS,-0.007261673308484706,-0.007288167597939019,0.22521904661572578,429.0332962036133,426.34553955078127,419.68124603271485,420.1086880493164,426.6867988150237,426.26671954240817,429.0332962036133,442.53153444980893,415.5350579574177,0.06292396588161096,44.63698011934205,-1.9749986946849276,-0.8015530529616723,-1.1734456417232553,7.907776450461857,14.783709168357845,16.156056003937113,-0.06494936054950162
2026-01-21,421.3725208231926,424.7666548630621,415.68233253210144,420.8733825683594,16386060,0.0,0.0,KOTAKBANK.NS,-0.005191102393511837,-0.005204622976995022,0.21885880909026256,428.487239074707,426.4297937011719,420.00728302001954,420.0646452331543,426.1331401248652,426.0552161316612,428.487239074707,442.3926171128075,414.58186103660654,0.06490451416069391,42.19139135779388,-2.1682544273846815,-1.0748933278462742,-1.0933610995384073,8.101727396038322,14.848737289049257,16.186121095710305,-0.06980330416200793
2026-01-22,423.0695875208091,429.05924678990016,419.57561961383925,425.26580810546875,10087657,0.0,0.0,KOTAKBANK.NS,0.010436453620100261,0.010382369808025782,0.23157937252078376,428.15082092285155,426.6114801025391,420.3460980224609,420.06450149536136,426.0505370753989,426.0242589541635,428.15082092285155,442.02448631201526,414.27715553368785,0.0648073749304505,48.29314217835945,-1.944563241469723,-1.248827310570964,-0.695735930898759,8.103154884272888,15.16798556808435,16.265699757793435,-0.06009534948832426
2026-01-23,428.26064647030415,429.05925553647,419.6754619165975,422.0713195800781,10548118,0.0,0.0,KOTAKBANK.NS,-0.007511745511876167,-0.0075401007597099496,0.22232806169673158,427.6496856689453,426.76641235351565,420.63639678955076,420.049033203125,425.67156398060644,425.86924172380725,427.6496856689453,441.64714452737604,413.6522268105146,0.06546226655836485,44.60563177358756,-2.0019773429467023,-1.3994573170461118,-0.6025200259005905,8.421176677200211,13.533451916860932,16.32441644127838,-0.06715567402839684
2026-01-27,414.28476603165916,414.28476603165916,399.80975613416746,407.9956359863281,47613963,0.0,0.0,KOTAKBANK.NS,-0.03334906434238172,-0.033917825265731755,0.1815645645197086,426.5006698608398,426.6218621826172,420.8380487060547,420.05701629638673,423.9881422668657,425.168316008612,426.5006698608398,442.91295622475286,410.0883834969268,0.07696253499094433,32.74223694385343,-3.146991898956344,-1.7489642334281583,-1.3980276655281856,8.685006199177659,16.46765078912188,16.756345345287514,-0.09826515947664957
2026-01-28,408.59457613120605,413.4861555551203,405.59974650757647,411.6892395019531,14823671,0.0,0.0,KOTAKBANK.NS,0.009053046625598693,0.009012313453954682,0.1922613236134607,425.59523315429686,426.45854431152344,421.0412976074219,420.0662171936035,422.8168181940169,424.6397247730568,425.59523315429686,443.19657806136263,407.9938882472311,0.082714013390674,37.44392935268059,-3.713573485478605,-2.141886083838248,-1.5716874016403573,8.659337268008812,16.739691141909834,16.657470580008845,-0.09010171192146492
2026-01-29,406.2985522724163,413.88546007860776,406.2985522724163,411.6892395019531,26085514,0.0,0.0,KOTAKBANK.NS,0.0,0.0,0.1922613236134607,424.20662994384764,426.3343585205078,421.26551055908203,420.07786087036135,421.75704879477274,424.13186260556256,424.20662994384764,441.58253126122895,406.83072862646634,0.08192187528837708,37.4439293526806,-4.115156512121644,-2.536540169494927,-1.5786163426267166,8.839027910622276,16.734245809162513,16.654109200868188,-0.09010171192146492
2026-01-30,409.29336697447536,411.78905823651485,404.70128895932646,407.29681396484375,20681886,0.0,0.0,KOTAKBANK.NS,-0.010669274578133714,-0.010726599395560903,0.17954076018293952,422.4316940307617,426.0712127685547,421.4541845703125,420.0092106628418,420.37988357287475,423.4716646196521,422.4316940307617,439.0482101312869,405.81517793023653,0.07867078316010619,34.15130215042093,-4.733283638382147,-2.9758888632723712,-1.757394775109776,9.102858928506407,16.91752559121993,16.638575195990207,-0.09980966659514859
2026-02-02,407.9956287419803,410.14191718188175,404.40182715203855,407.4964904785156,15422034,0.0,0.0,KOTAKBANK.NS,0.0004902481601269937,0.0004901280277592509,0.1801190278704139,420.8933502197266,425.84081115722654,421.63567138671874,419.9325846862793,419.15289375436436,422.8451872023526,420.8933502197266,437.0283353978205,404.75836504163266,0.07667018340713004,34.43356257618926,-5.147702107855878,-3.4102515121890726,-1.7374505956668052,9.036545349315942,16.923084613848584,16.61979440669646,-0.09936834994043271
2026-02-03,414.28476497574223,424.2675303968445,409.5928530418313,415.0833740234375,35396945,0.0,0.0,KOTAKBANK.NS,0.018618279475272947,0.018447080992867536,0.20209081374539273,419.7762786865234,425.8056719970703,421.87246276855467,419.89070236206055,418.76532044665703,422.54080237180693,419.7762786865234,434.0820681453242,405.4704892277227,0.06815911324748242,44.21765764095599,-4.80850419166228,-3.6899020480837144,-1.1186021435785656,9.886505758348676,17.935775056265825,16.77161551449646,-0.08260013817534752
2026-02-04,415.98185236595316,417.92847336786326,409.8923592916805,411.63934326171875,14948177,0.0,0.0,KOTAKBANK.NS,-0.008297202386921665,-0.008331815766429267,0.19211682297628774,418.9312377929688,425.70364868164063,422.04905792236326,419.76708572387696,418.0866559528534,422.1132941714113,418.9312377929688,433.05278800999747,404.8096875759401,0.0674170314509104,41.21128041806498,-4.762690566614481,-3.904459751789868,-0.8582308148246129,9.833024503999942,18.0293492345967,16.775690988987282,-0.0902119904986406
2026-02-05,410.29165442230504,413.23658237604917,403.40355244835763,408.0455322265625,24814864,0.0,0.0,KOTAKBANK.NS,-0.008730484813914696,-0.008768818775590598,0.18170906515688112,417.9304656982422,425.599228515625,422.191711730957,419.57235305786133,417.1303584551114,421.5616172323976,417.9304656982422,432.16424288730957,403.6966885091748,0.06811552809526251,38.28604298900891,-4.959206805445774,-4.11540916252105,-0.8437976429247245,10.535383784549339,18.012698062104583,16.77520100091324,-0.0981548808994739
2026-02-06,410.291656059999,423.91812467556457,409.59285029920807,421.6221008300781,21228778,0.0,0.0,KOTAKBANK.NS,0.03327219031031414,0.03273065040489994,0.2210271140642044,417.7183319091797,425.6309735107422,422.47013122558593,419.4181819152832,417.55814344320345,421.563989138189,417.7183319091797,431.5757018082238,403.8609620101356,0.06634791360823958,52.11437103574787,-3.9736262286889996,-4.08705257575464,0.1134263470656407,10.9204330066634,20.6858665784802,17.584329468955566,-0.06814851846633323
2026-02-09,429.2589181717522,434.1504671928058,423.46892634519605,428.06097412109375,22538542,0.0,0.0,KOTAKBANK.NS,0.015271669294230517,0.015156231157755716,0.2396742363494817,417.89003601074216,425.7659405517578,422.8159341430664,419.3378852844238,418.55841303157393,421.8187728630088,417.89003601074216,432.1859995606682,403.5940724608161,0.06841973877337706,57.031798878485,-2.642521910537141,-3.7981464427111407,1.1556245321739995,10.717212567817272,21.199390391273667,17.747872501106006,-0.05391759080901241
2026-02-10,430.05750386079467,433.1521671026884,427.4620093337042,428.5600891113281,18428055,0.0,0.0,KOTAKBANK.NS,0.001165990408864559,0.0011653111699871837,0.24111968461918165,418.02180633544924,425.8541876220703,423.06510375976563,419.26407272338867,419.51095361059816,422.08313820608015,418.02180633544924,432.67374311677077,403.3698695541277,0.07010130361268191,57.39701358837836,-1.529704261362042,-3.344458006441321,1.8147537450792792,10.517555945463483,21.190975343655857,17.7478476890011,-0.05281446779390033
2026-02-11,430.9559807296188,430.9559807296188,427.01277633666,428.8096618652344,12299205,0.0,0.0,KOTAKBANK.NS,0.0005823518340770661,0.0005821823330507029,0.24184245294382878,418.1730453491211,425.85478637695314,423.2596676635742,419.21005447387694,420.39654487294445,422.3469234476156,418.1730453491211,433.21951000867983,403.12658068956233,0.07196286239347098,57.59111966742187,-0.6204971169803457,-2.7996658285491263,2.1791687115687806,10.150333235606203,21.176975853554424,16.75781767229427,-0.05226287256200877
2026-02-12,428.6599459093862,430.30709612939364,424.3673689160354,425.515380859375,14003384,0.0,0.0,KOTAKBANK.NS,-0.007682385213826359,-0.0077120467469847685,0.23230214084543133,418.43509368896486,425.8102630615234,423.4127035522461,419.1184257507324,420.8840530621283,422.4711766794493,418.43509368896486,433.8145209775706,403.0556664003591,0.07350926115216211,54.088051533602,-0.16387579216876702,-2.2725078212730545,2.1086320291042875,9.897197523984586,20.17618084364066,16.547288286175924,-0.0595437542564327
2026-02-13,425.2658038652311,428.1607997234299,418.8269080291661,419.9250183105469,23233320,0.0,0.0,KOTAKBANK.NS,-0.013137862461135463,-0.013224927583334052,0.21611232480844134,418.41762390136716,425.6391583251953,423.5569543457031,419.019386138916,420.79271641912055,422.3713273316492,418.41762390136716,433.78904574272144,403.0462020600129,0.0734740649690117,48.677008838729584,-0.2502113587652275,-1.8680485287714892,1.6178371700062617,9.89363310072682,20.30373760586347,16.29284929373675,-0.07189933906372746
2026-02-16,418.2778545856067,425.9645958415494,417.52914720866346,424.8664855957031,12403028,0.0,0.0,KOTAKBANK.NS,0.011767499124098135,0.011698800521570399,0.23042292552542953,418.78698577880857,425.609609375,423.7691879272461,418.9419627380371,421.180694435938,422.46917667533756,418.78698577880857,434.4163212109969,403.15765034662024,0.07464097960505058,53.1395920104581,0.0791893495122622,-1.478600953114739,1.5577903026270012,8.906053471225054,20.499288197836204,16.346293119394954,-0.060977915349084984
2026-02-17,422.91983585766116,424.76665348755984,419.8751046990307,423.7184753417969,6427007,0.0,0.0,KOTAKBANK.NS,-0.0027020494504211845,-0.0027057065753445645,0.22709826193572802,418.664697265625,425.47923400878904,423.91803100585935,418.8851234436035,421.4223878555436,422.5181687799046,418.664697265625,434.08790695203425,403.2414875792158,0.07367809985958214,52.00818060863784,0.24478521922418395,-1.1339237186469544,1.3787089378711384,8.699265746162808,20.503770108991187,16.336576781738916,-0.06351519945684934
2026-02-18,424.96633020713955,426.66338202595625,420.62382121681645,425.6152038574219,7333331,0.0,0.0,KOTAKBANK.NS,0.004476388512667517,0.004466399284958337,0.23259123049937136,418.79197845458987,425.4798327636719,424.11858459472654,418.9342895507813,421.82170366524633,422.6396211358857,418.79197845458987,434.409045199637,403.17491170954276,0.07458149892305299,53.75990253409704,0.5230419762936549,-0.8025305796588326,1.3255725559524874,8.58874096065912,19.716475845718282,16.215139441536717,-0.05932312965341028
2026-02-19,424.9663325714642,425.2159017048829,415.13330262176845,415.6823425292969,6473423,0.0,0.0,KOTAKBANK.NS,-0.02333765626345541,-0.023614291857245562,0.20382544004862746,418.53242645263674,425.2973474121094,424.2553482055664,418.9446601867676,421.23700260467973,422.3667866807254,418.53242645263674,434.1763654022759,402.8884875029976,0.07475616206004775,44.58256184473722,-0.057276191508549346,-0.653479702028776,0.5962035105202267,8.831178957692336,20.83109466412533,16.671305387762853,-0.08127632310854198
2026-02-20,414.2847479397285,422.67026445563283,414.2847479397285,420.6238098144531,6603883,0.0,0.0,KOTAKBANK.NS,0.011887604498880044,0.011817501949207852,0.21813604076561588,418.3003265380859,425.20650451660157,424.4788623046875,418.9588980102539,421.1786032913248,422.29843464675395,418.3003265380859,433.6587733572548,402.94187971891705,0.0734326312689144,49.2262579369237,-0.11709758009885718,-0.5462032776427923,0.4291056975439351,9.020137992410989,21.11240522486309,16.79462774222683,-0.0703548993938995
2026-02-23,422.2709613667453,431.05578241958824,419.6255347230468,429.95770263671875,10399627,0.0,0.0,KOTAKBANK.NS,0.022190595502387334,0.021947967057701693,0.24516720491312527,418.694645690918,425.0998883056641,424.8021041870117,419.0021562194824,422.01470799088617,422.5987980973408,418.694645690918,434.8452738254082,402.5440175564278,0.07714752648837388,56.620496958940514,0.5819522987657706,-0.32057216236107977,0.9025244611268504,8.638652833711884,22.076957822063108,17.206806762964902,-0.04972552100557335
2026-02-24,430.1573572910767,431.7047042153327,425.066140816881,426.962890625,15016915,0.0,0.0,KOTAKBANK.NS,-0.0069653642517695236,-0.00698973563767073,0.2364941617765477,419.64300842285155,424.94775146484375,425.0932015991211,419.03991317749023,422.48596347984943,422.7699389807784,419.64300842285155,435.37035956739487,403.91565727830823,0.0749558592845456,53.907823307697875,0.8841066325680913,-0.07963640337524558,0.9637430359433369,8.538827785302525,22.167374472941397,17.246149460663204,-0.056344528890930036
2026-02-25,424.76666075154463,429.40864049284835,420.6737209121761,424.2176208496094,10192468,0.0,0.0,KOTAKBANK.NS,-0.00642976201367762,-0.006450521969013712,0.22854379858502272,420.26942749023436,424.7219415283203,425.2158898925781,419.02216415405275,422.65088322935037,422.8267108187718,420.26942749023436,435.6572360511579,404.88161892931083,0.07322830334253182,51.473342320963155,0.8917660671960448,0.1146440907390125,0.7771219764570323,8.460391331944,22.249800989747666,16.709046655717636,-0.06241200899306621
2026-02-26,425.9646173005251,425.9646173005251,420.9732345361176,423.81829833984375,13417228,0.0,0.0,KOTAKBANK.NS,-0.0009413152357176102,-0.0009417585511256396,0.22738735158966827,420.8758804321289,424.48375244140624,425.26031311035155,419.03173400878904,422.7620656208259,422.86559660391185,420.8758804321289,435.78858256603604,405.96317829822175,0.07086508316226495,51.11176687390061,0.8557496853740645,0.2628652096660229,0.5928844757080416,7.683162068758675,21.913865899324417,16.709074311079647,-0.06329457485382693
2026-02-27,419.7752895678544,421.6221072796393,413.73572862213393,414.48443603515625,17806739,0.0,0.0,KOTAKBANK.NS,-0.02202326407625521,-0.022269396629278338,0.20035627582175342,421.23526153564455,424.09562255859373,425.12055450439453,419.01776779174804,421.97371994600024,422.53692364043127,421.23526153564455,435.0781595684371,407.392363502852,0.06572525757851916,43.431990449775114,0.07319798089031337,0.22493176391088102,-0.15173378302056764,7.508462308400254,22.855702091480374,17.082364989743404,-0.08392388579348202
2026-03-02,409.29336774212993,413.8854457658916,406.39837196573063,412.3880310058594,15236666,0.0,0.0,KOTAKBANK.NS,-0.005057861881016534,-0.005070696158712576,0.1942850395706357,421.4798385620117,423.6999053955078,424.99796600341796,418.9793598937988,421.06079718979635,422.1389278508403,421.4798385620117,434.44575316993905,408.51392395408436,0.06152566942306869,41.9088772046795,-0.7079810831464215,0.03834919449942051,-0.746330277645842,7.679598472717499,22.822254445178455,17.058517136360127,-0.08855727225163697
2026-03-04,404.3019963799578,409.7925173184511,401.50683426999046,402.65484619140625,18393751,0.0,0.0,KOTAKBANK.NS,-0.02360200607838403,-0.023884995031587725,0.1660975168073664,420.85841217041013,423.1298895263672,424.7962142944336,418.89049118041993,419.30784947566394,421.374846217137,420.85841217041013,436.10576318556485,405.6110611552554,0.07245834025995851,35.656739312833025,-2.0883841973407584,-0.3869974838686153,-1.701386713472143,8.175169354353939,22.881375053559914,17.3275004029041,-0.11006914905205277
2026-03-05,402.9044175427905,409.3432829452956,401.65657186808227,406.5980224609375,14963265,0.0,0.0,KOTAKBANK.NS,0.00979294377511808,0.009745303673282761,0.17751704422576564,420.6063461303711,422.67786987304686,424.5803866577148,418.8183470153809,418.0973897599757,420.7953629325802,420.6063461303711,436.64173379905657,404.5709584616856,0.07624890977615038,39.58876325838249,-2.8315419867060427,-0.8759063844361008,-1.955635602269942,8.299953916057872,23.060127097138448,17.19883877936638,-0.10135410626497655
2026-03-06,403.00423410756787,405.99906359918225,398.3123223847129,399.1109313964844,17512726,0.0,0.0,KOTAKBANK.NS,-0.01841398789678672,-0.01858563578556997,0.1558342596251323,420.1596160888672,422.0241979980469,424.2787072753906,418.7298068237305,416.2891556301194,419.9449930684196,420.1596160888672,438.0579978331829,402.2612343445515,0.08519801075089549,35.1913199235198,-3.97878065888068,-1.4964812393250169,-2.4822994195556634,8.225083086197928,23.570753515160018,17.22311968178152,-0.11790176087571037
2026-03-09,389.32784630420565,393.1712170337948,384.4362974051748,385.68414306640625,20275976,0.0,0.0,KOTAKBANK.NS,-0.03364174537414433,-0.03422064952075386,0.11694997776811089,418.3627182006836,421.0979974365234,423.838766784668,418.59287857055665,413.37439252881336,418.6014303232426,418.3627182006836,441.95359451984353,394.7718418815237,0.1127771442953655,28.975446472228796,-5.9033549764154145,-2.3778559867430964,-3.525498989672318,8.67073918322819,25.02212028759291,18.045133113276,-0.14757708523131083
2026-03-10,389.8269727333991,393.57050960343815,386.83214323736786,391.1746520996094,21346381,0.0,0.0,KOTAKBANK.NS,0.01423576554003625,0.0141353885371519,0.13285061577156632,416.5184020996094,420.27960998535156,423.45433044433594,418.48888702392577,411.26013153555584,417.52587039290404,416.5184020996094,442.5573187193157,390.4794854799031,0.1250312902788826,34.101326440487966,-6.905948322531401,-3.2834744539007574,-3.6224738686306437,8.877523871825295,25.480906750862243,18.217522018100933,-0.13544219247570954
2026-03-11,388.17983764186386,390.4259598509032,379.29518255243795,382.5395812988281,29991868,0.0,0.0,KOTAKBANK.NS,-0.022074719704952672,-0.022322012382299347,0.107843255960826,414.2173767089844,419.3108825683594,422.9879357910156,418.30682067871095,408.5248410368199,416.15385905588147,414.2173767089844,443.68380105911933,384.7509523588494,0.14227517244327056,30.386956929072625,-8.301593220860866,-4.28709820729278,-4.014495013568086,9.294660210256126,24.48108987736025,18.537558913286283,-0.15452706374553668
2026-03-12,376.3502500034559,379.49481496486504,373.4053220680992,374.6531677246094,25048123,0.0,0.0,KOTAKBANK.NS,-0.020615941355512035,-0.020831416500982962,0.085004024364838,411.5095520019531,418.20798645019534,422.33126953125,418.0967893981934,405.29896738803797,414.526380964459,411.5095520019531,445.00748228369946,378.0116217202068,0.16280511652175378,27.44659594405435,-9.929557762841796,-5.415590118402584,-4.513967644439212,9.198400067047231,24.82170676587802,18.649420041122745,-0.17195728421703121
2026-03-13,372.35713734889805,372.956109346477,362.77367678257895,366.2177429199219,32179473,0.0,0.0,KOTAKBANK.NS,-0.02251529022407195,-0.02277262941791991,0.060574843861977534,408.54467010498047,416.743115234375,421.5894500732422,417.856446685791,401.57694601012213,412.63192457055555,408.54467010498047,446.9590398592753,370.1303003506856,0.18805468564514044,24.69414533534824,-11.764782584849229,-6.685428611691913,-5.079353973157316,9.447969668913382,25.43396180268375,18.952779155321206,-0.1906009062808135
2026-03-16,366.2177558208054,372.70655334903427,363.42256322196357,369.21258544921875,27927294,0.0,0.0,KOTAKBANK.NS,0.008177764696539302,0.008144507966276303,0.06924797537814964,406.00904846191406,415.2714562988281,420.8616067504883,417.63416931152346,398.49462595670275,410.9292053893267,406.00904846191406,447.8063439748913,364.2117529489368,0.20589341873693773,27.474951949249174,-12.8296603765653,-7.914274964666591,-4.9153854118987095,9.29466555680833,25.57585181930139,18.989076543550386,-0.18398183094678577
2026-03-17,369.2125752937637,374.50342863910555,367.964729649581,373.5550842285156,15176772,0.0,0.0,KOTAKBANK.NS,0.011761513421904013,0.011692884419397385,0.08182394979190333,403.4434783935547,413.97729064941404,420.21073059082033,417.42632522583006,396.1194315063992,409.4635535790988,403.4434783935547,446.642722896307,360.2442338908024,0.21415264747748347,31.42892237915055,-13.171349223845539,-8.96568981650238,-4.205659407343159,9.287532384742105,25.921216008919025,19.09454350240907,-0.17438422229894884
2026-03-18,374.35368621702094,376.30033757134186,370.4604139733601,374.75299072265625,15235416,0.0,0.0,KOTAKBANK.NS,0.0032067733641334417,0.0032016426322324,0.0852931140187776,400.99520416259764,412.7238543701172,419.51473205566407,417.2313510131836,394.08453238413796,408.1023550357089,400.99520416259764,444.90064704298544,357.08976128220985,0.21898238395182795,32.52181299043818,-13.193393822907467,-9.811230617783398,-3.382163205124069,9.08074695740707,25.190985641695622,19.098980202488526,-0.1717366596140088
2026-03-19,365.51894984522363,369.5120560141513,362.7237877129672,367.5155029296875,17308390,0.0,0.0,KOTAKBANK.NS,-0.019312688549896095,-0.01950161492584333,0.06433318612238614,398.09021911621096,411.5033612060547,418.8234255981445,417.01125747680663,391.55414862657125,406.51071377664925,398.09021911621096,442.81742699325275,353.36301123916917,0.22470890129548737,29.466129154662553,-13.637662619641105,-10.57651701815494,-3.0611456014861655,9.583448403498611,25.580943928507434,19.331629847983905,-0.18773265154417998
2026-03-20,367.96473760820606,371.95784375595656,364.7702405040128,366.117919921875,17077194,0.0,0.0,KOTAKBANK.NS,-0.003802786540082037,-0.0038100355161915997,0.06028575420803728,395.6119979858398,410.26450012207033,418.19481079101564,416.80322113037107,389.1316506546954,404.9266826450895,395.6119979858398,441.706633708522,349.5173622631576,0.23302951355045642,28.901416846595907,-13.941809607794823,-11.249575536082917,-2.6922340717119067,9.376665084515322,25.535670796269837,19.334545717286012,-0.1908215308838359
2026-03-23,364.22119934703227,364.27110098771533,354.6377385322632,355.93548583984375,16980244,0.0,0.0,KOTAKBANK.NS,-0.027811897555312437,-0.028205972210848564,0.03079719543264625,392.37758178710936,408.8659143066406,417.44001373291013,416.542477722168,385.9701111485191,403.0054592409622,392.37758178710936,440.1309046775451,344.6242588966736,0.24340495026724066,25.123571147942044,-14.83349433032464,-11.966359294931262,-2.867135035393378,9.619102035957193,23.985659730785557,19.834517646161586,-0.21332631957085918
2026-03-24,362.3743722725201,370.3106826942331,360.77712376730335,366.2177429199219,19990983,0.0,0.0,KOTAKBANK.NS,0.02888797967366674,0.028478587634977175,0.06057484386197731,389.19058380126955,407.6977313232422,416.8086038208008,416.33952728271487,384.088933221986,401.5628036989606,389.19058380126955,434.84543732056073,343.5357302819784,0.23461437876207042,34.442556428947725,-14.542828014461975,-12.481653038837406,-2.061174975624569,9.868673472994365,25.299878111804176,20.475737847501534,-0.1906009062808135
2026-03-25,368.3141302991329,377.34852052247476,362.374372882694,370.4604187011719,42442702,0.0,0.0,KOTAKBANK.NS,0.01158511804322293,0.01151852439982897,0.07286172862179097,386.36546020507814,406.58844604492185,416.2461749267578,416.1243865966797,382.79097945809895,400.3431023264983,386.36546020507814,429.0766871085234,343.65423330163287,0.22109236617980635,37.87816628357593,-13.81092069025948,-12.747506569121821,-1.063414121137658,10.389204656034897,25.69989783722017,20.581105152088544,-0.18122392223599898
2026-03-27,366.91653248814987,368.2143102776179,361.875248114207,365.5189514160156,28928069,0.0,0.0,KOTAKBANK.NS,-0.013338718620685475,-0.013428478408541507,0.05855112790480277,383.43052673339844,405.38312744140626,415.7042105102539,415.819924621582,381.14602440647195,398.9774493496167,383.43052673339844,423.1524455550688,343.70860791172805,0.20719226066885005,35.54189549678604,-13.474290738885259,-12.89286340307451,-0.5814273358107478,10.41059540680206,25.76707094477798,20.573427120445306,-0.19214534595064148
2026-03-30,360.37783188924624,362.3244833333667,351.043940122664,352.7909240722656,39762775,0.0,0.0,KOTAKBANK.NS,-0.03482179869044211,-0.0354425301220639,0.02169047362536136,379.87915802001953,404.03345764160156,415.01240478515626,415.4389596557617,378.44553866035704,397.16621306423036,379.87915802001953,417.01352351044545,342.7447925295936,0.19550620088754092,30.34941968547929,-14.072337365784222,-13.128758195616454,-0.9435791701677676,10.396336642662204,27.15895692798856,21.31224485570171,-0.220276298085085
2026-04-01,363.1729833091824,363.42255243747763,354.388162179184,355.43634033203125,21245776,0.0,0.0,KOTAKBANK.NS,0.0074985383105370396,0.007470564029248611,0.029351658783351775,376.92675323486327,402.7366961669922,414.3807949829102,415.07700500488284,376.2541864386117,395.5297474668892,376.92675323486327,411.79691063569356,342.056595834033,0.18502352036074596,32.55489368582012,-14.169493541455552,-13.336905264784274,-0.8325882766712773,10.592426773246498,27.351227222532625,21.328024862906037,-0.2144295100346423
2026-04-02,349.69625418438636,359.22981326793473,344.9045390549985,357.38299560546875,22056018,0.0,0.0,KOTAKBANK.NS,0.005476804289676895,0.005461861132731606,0.0349892163637624,374.17650146484374,401.5347711181641,413.79540557861327,414.7432305908203,374.45693016878863,394.03379641350017,374.17650146484374,405.795403079172,342.5575998505155,0.16900527687091568,34.20588195785524,-13.928848602673668,-13.455293932362155,-0.473554670311513,10.767127106515412,27.067453696253587,21.360533626230534,-0.21012709420535652
2026-04-06,357.38299591468177,360.77713000635,349.4966174609575,359.9285888671875,18320378,0.0,0.0,KOTAKBANK.NS,0.007122871801457986,0.0070976239705878835,0.042361311867813,372.0401885986328,400.2100579833984,413.2252896118164,414.4415283203125,373.0732786162552,392.69633729403694,372.0401885986328,401.23840845582544,342.8419687414402,0.15696271936197975,36.398414911232486,-13.378508534571608,-13.439936852804045,0.06142831823243711,10.920430914705666,27.30781764280036,21.402493777375923,-0.20450093075793624
2026-04-07,356.3847356284031,363.3726716211169,356.3847356284031,362.3244934082031,23655155,0.0,0.0,KOTAKBANK.NS,0.0066566108253760525,0.006634553422460546,0.04929990546034557,369.8265121459961,398.99515625,412.67034790039065,414.1202964782715,372.0495847869169,391.5052845926317,369.8265121459961,394.3286701024192,345.324354189573,0.13250622738885962,38.47650902125648,-12.603742494643427,-13.272697981171923,0.6689554865284961,10.57103413261162,27.382714160532217,21.445419856866813,-0.199205603042043
2026-04-08,376.35024707477993,380.4930885291585,368.8132715541026,379.49481201171875,30162218,0.0,0.0,KOTAKBANK.NS,0.04738933998638384,0.046300725215872765,0.09902553542788639,368.8457061767578,398.1675848388672,412.2986892700195,413.88710983276366,372.75865404642184,391.03428566789006,368.8457061767578,389.7129506721588,347.9784616813568,0.11314890831561433,50.866443278074215,-10.48338764604722,-12.714835914146983,2.231448268099763,11.205648775031957,30.77586498508498,22.916494417419692,-0.16125648510541116
2026-04-09,376.3502495688028,378.0473318456893,368.8132739981789,371.259033203125,12422256,0.0,0.0,KOTAKBANK.NS,-0.021701953618115444,-0.021940904472721085,0.07517453423290599,368.12445068359375,397.0874493408203,411.8494647216797,413.61713165283203,372.61583301372696,390.2587855712326,368.12445068359375,387.483854717851,348.7650466493365,0.10517858294013085,46.07362044503901,-9.35965736881775,-12.043800205081137,2.684142836263387,11.501565848175906,30.917552413851872,22.99197012416444,-0.17945885796314862
2026-04-10,372.8562713278809,378.4965274383721,371.7082594502558,373.9044494628906,23751660,0.0,0.0,KOTAKBANK.NS,0.007125526985678032,0.007100260372554639,0.0828357193908964,367.2609405517578,396.1241119384766,411.4452621459961,413.3464207458496,372.73855838983775,389.61743905718,367.2609405517578,383.5957248593366,350.926156244179,0.0889546505165405,47.77580173789388,-8.161548790507766,-11.267349922166463,3.1058011316586978,11.601392322266289,30.10758340538603,23.02377041170824,-0.17361206991270592
2026-04-13,367.3158592120961,372.35714347258204,364.9699032875701,371.259033203125,30027087,0.0,0.0,KOTAKBANK.NS,-0.007075113076524642,-0.007100260372554747,0.07517453423290599,366.69691314697263,395.3893798828125,411.0056210327148,413.03914993286133,372.5976512291984,388.8975015727072,366.69691314697263,381.51940630174647,351.8744199921988,0.08084329386668691,46.20515098703084,-7.340880987305923,-10.482056135194355,3.1411751478884327,11.380345405525677,30.108390056272928,23.004658828080625,-0.17945885796314862
2026-04-15,374.8528343640066,382.3399082860573,374.8528343640066,381.7409362792969,19100372,0.0,0.0,KOTAKBANK.NS,0.02823339538902747,0.02784217957984978,0.10553036197011711,367.05130157470705,394.79041381835935,410.6244790649414,412.7700297546387,373.4684402815887,388.6168519533578,367.05130157470705,382.97291060958884,351.12969253982527,0.086754134730353,52.823212655830744,-5.778087665475368,-9.541262441250558,3.763174775775189,11.65843625059629,31.554251804856975,23.444859469371064,-0.1562921954670581
2026-04-16,382.489657752434,385.7839886784025,377.59810870294694,378.4965515136719,12060624,0.0,0.0,KOTAKBANK.NS,-0.00849891760953636,-0.008535239353226542,0.09613455050889219,367.66524200439454,394.1265600585937,410.23045928955077,412.4453010559082,373.9473080179776,388.21997742631135,367.66524200439454,384.378767770851,350.95171623793806,0.09091708356949725,50.74237681272203,-4.746641110695293,-8.582338175139505,3.8356970644442114,11.423129006727988,31.580759223262817,23.475988291522913,-0.16346279858430635
2026-04-17,378.6462660418718,384.5361217915114,376.0008393974469,382.9388732910156,11626179,0.0,0.0,KOTAKBANK.NS,0.011736756278434068,0.011668414773100285,0.10899961457658591,368.3515563964844,393.6394012451172,409.8553070068359,412.16801132202147,374.8036475677908,388.0128753033586,368.3515563964844,386.4061124559225,350.2970003370463,0.09802893863711336,53.44650716698688,-3.5300616896898305,-7.57188287804957,4.04182118835974,11.005992259561927,31.381899974845822,23.571487853941463,-0.153644565333447
2026-04-20,383.43802725185,385.3347465954633,377.34853423079045,378.5464782714844,11146713,0.0,0.0,KOTAKBANK.NS,-0.011470224952046637,-0.011536515380541183,0.09627913952565947,368.6011260986328,393.0604010009766,409.4506060791016,411.86317565917966,375.16010763480926,387.6416440472067,368.6011260986328,387.09127854629855,350.110973650967,0.10032607682656967,50.49477676663025,-2.887063037301175,-6.634918909899891,3.7478558725987163,10.506854025625646,31.48313288163039,23.62636234931223,-0.16335245255845962
2026-04-21,380.79258824495815,382.4896400388497,377.6979249602387,381.4913635253906,12323488,0.0,0.0,KOTAKBANK.NS,0.007779454896405635,0.007749350964485295,0.10480759364546977,368.9380447387695,392.3885607910156,409.097116394043,411.56907608032225,375.7630843862932,387.4004565757629,368.9380447387695,388.1323407800393,349.7437486974997,0.10405159519322835,52.39313686266816,-2.1154685396788295,-5.731028835855679,3.6155602961768496,10.235892917886085,30.978979039336757,23.610677777424986,-0.15684379069894966
2026-04-22,377.4483767167286,382.1402583106071,375.6015589716455,376.2005310058594,14471487,0.0,0.0,KOTAKBANK.NS,-0.013868813360906174,-0.013965883900068933,0.08948522332948894,369.37229614257814,391.6797845458984,408.69171661376953,411.2927946472168,375.80474596910904,386.9612438083157,369.37229614257814,388.8223582364659,349.92223404869037,0.10531413588408384,48.774378090186914,-1.908895746351277,-4.966602217954799,3.057706471603522,9.669013492572516,30.980922646394372,23.65131742979605,-0.16853736679983508
2026-04-23,369.4122243125531,375.30208031632253,367.0163666909259,369.7616271972656,27628052,0.0,0.0,KOTAKBANK.NS,-0.017115615949232832,-0.017263781163429,0.07083801266461731,369.55448150634766,390.9141064453125,408.25666748046876,410.96427642822266,375.2292108479811,386.2867490392549,369.55448150634766,388.9443602137409,350.16460279895443,0.10493650964998606,44.72568514239816,-2.2389419158388932,-4.421070157531618,2.182128241692725,9.565623203266906,30.92484966369758,23.799590533046654,-0.18276836190582696
2026-04-24,369.96127682238074,372.1574668423793,367.0163489627464,370.2108459472656,19678907,0.0,0.0,KOTAKBANK.NS,0.0012148874219453099,0.0012141500433821798,0.0721389602971445,370.26824951171875,389.88588134765627,407.75842742919923,410.6524627685547,374.75127133362724,385.65632146702006,370.26824951171875,388.56757137646457,351.96892764697293,0.09884359184930146,45.06827692667374,-2.4361749755133246,-4.0240911211279595,1.587916145614635,8.90961203660238,29.47717011357157,23.80066957742146,-0.18177551746789056
2026-04-27,374.35368821303865,379.7943073343939,372.60670433471114,376.15057373046875,11559552,0.0,0.0,KOTAKBANK.NS,0.016044175496817248,0.0159168280307722,0.08934054593312712,370.76489105224607,388.84767333984377,407.30680694580076,410.4127255249023,374.8845382285645,385.2835470459789,370.76489105224607,389.14034199000923,352.3894401144829,0.09912184989044066,49.52318615923444,-2.089115185139292,-3.637095933930226,1.547980748790934,8.788394096726368,29.56397950378113,23.60221854714671,-0.16864778027435287
2026-04-28,371.35885715448444,382.5894677539144,371.35885715448444,377.2986145019531,12852733,0.0,0.0,KOTAKBANK.NS,0.0030520776828775187,0.0030474295490285365,0.09266529790242317,371.10680084228517,387.82244384765625,406.8383157348633,410.17553771972655,375.1144502546015,384.9704124364093,371.10680084228517,389.71144360836206,352.5021580762083,0.10026570638883865,50.361126327969565,-1.7018130635012199,-3.250039359844425,1.5482262963432052,9.09144228292038,28.907318748204315,23.61455071977308,-0.16611042871791745
2026-04-29,377.3485380642077,385.3846521518042,376.89930142813813,381.3416442871094,7913344,0.0,0.0,KOTAKBANK.NS,0.010715729212239955,0.010658722668823933,0.10437400335435698,371.89793548583987,386.8730834960937,406.36393493652344,409.93862258911133,375.70751635293556,384.8281078031034,371.89793548583987,390.84462278300174,352.951248188678,0.10189186596268843,53.3012184447549,-1.056456454701106,-2.8113227788157618,1.7548663241146558,8.399781968828282,28.41599463384505,23.694946521125214,-0.15717469387914776
2026-04-30,375.95093944683924,386.18327366584316,374.65316170592797,382.6393737792969,24812228,0.0,0.0,KOTAKBANK.NS,0.0034030626123027208,0.0033972852980622133,0.10813225723517128,373.3903579711914,386.0155633544922,405.9129132080078,409.6337107849121,376.3676932506842,384.74227509628747,373.3903579711914,390.6249295414915,356.1557864008913,0.09231396152778969,54.238142903836625,-0.4352732096295995,-2.336112864978529,1.9008396553489297,8.460394393569377,27.552224633862725,23.706382142740438,-0.1543065065911853
2026-05-01,382.6393737792969,382.6393737792969,382.6393737792969,382.6393737792969,0,0.0,0.0,KOTAKBANK.NS,0.0,0.0,0.10813225723517128,374.75050964355466,385.2698504638672,405.4545043945312,409.32401275634766,376.9649961581711,384.6598083779741,374.75050964355466,390.2226711592756,359.27834812783374,0.0825731312837297,54.238142903836625,0.056369198442155266,-1.8576164522943923,1.9139856507365476,7.943430519623157,27.48464867296877,23.702359841781032,-0.1543065065911853
2026-05-04,378.24696517794484,381.39153010501576,362.37437469345906,371.00946044921875,74467483,0.0,0.0,KOTAKBANK.NS,-0.030393927355699013,-0.03086540064596034,0.07445176590825864,375.4318328857422,384.1927099609375,404.9011596679687,408.981591796875,376.397802281128,384.12450061606216,375.4318328857422,388.73140028951053,362.1322654819739,0.07084943917270793,44.87957432989818,-0.4868256386410508,-1.5834582895637241,1.0966326509226734,8.752748584660107,28.780168547615574,24.194436989585615,-0.18001045319504017
2026-05-05,370.3605885804022,374.8528329162831,368.11446641246175,370.7099914550781,19084772,0.0,0.0,KOTAKBANK.NS,-0.0008071734714744094,-0.0008074994113861049,0.07358449694643876,375.97090301513674,383.1325402832031,404.3058871459961,408.6209217834473,375.8561060119804,383.5984414332785,375.97090301513674,387.36162982217166,364.5801762081018,0.06059366145457447,44.66585669806765,-0.9307470331688705,-1.4529160382847535,0.5221690051158829,8.442569400437893,28.76397073462624,24.19441710919043,-0.18067232700410743
2026-05-06,373.35543310528345,379.3450924599137,365.01981774375986,375.9509582519531,36195481,0.0,0.0,KOTAKBANK.NS,0.014137646455936181,0.014038641968106658,0.08876245500484159,376.65222625732423,382.1392553710937,403.80954406738283,408.30320831298826,375.8651395586445,383.29854013205005,376.65222625732423,386.0644019898062,367.2400505248423,0.04997807035953464,49.22309826351279,-0.849859070348316,-1.3323046446974662,0.48244557434915025,8.881097596202055,28.46513901385474,24.3308102223893,-0.16908896203172663
2026-05-07,375.4518237751584,381.79088608267705,373.65490767157956,378.7461242675781,27286751,0.0,0.0,KOTAKBANK.NS,0.007434921907425451,0.007407419112169468,0.09685731883353932,376.6147918701172,381.40053100585936,403.34893920898435,408.015125579834,376.1395190547334,383.1200140197178,376.6147918701172,385.9852278598635,367.24435588037085,0.04976138055128708,51.51651799373337,-0.5538241002784048,-1.176608535813654,0.6227844355352492,8.852575883132983,28.489725784554004,24.343866855307713,-0.1629112033524148
2026-05-08,378.3467912544696,380.8424824896574,373.35540878409404,380.1436767578125,16183126,0.0,0.0,KOTAKBANK.NS,0.0036899453240266666,0.0036831541766276475,0.10090466236829365,377.05902404785155,380.59092834472654,402.8987164306641,407.7427056884766,376.5208674074076,383.0032949114078,377.05902404785155,386.1999801031932,367.9180679925099,0.04848554455591854,52.667638326730604,-0.2040908156718615,-0.9821049917852955,0.778014176113434,8.816923121768022,27.124085415143405,24.35661734918638,-0.1598223914614299
2026-05-11,375.4517990978753,385.3347303905433,373.7547168557587,380.39324951171875,21347878,0.0,0.0,KOTAKBANK.NS,0.0006565221761276607,0.0006563067597223953,0.10162743069294078,377.38346405029296,379.5996392822266,402.3497637939453,407.48010894775393,376.88966570305627,382.9009401898514,377.38346405029296,386.5135947457907,368.2533333547952,0.04838649048110396,52.882777911694156,0.09215150238759406,-0.7672536929507177,0.8594051953383117,9.301801582923279,25.930519569536386,24.357480115811413,-0.15927079622953835
2026-05-12,379.54476351967634,380.3932742308924,373.90447653581367,375.35198974609375,13065308,0.0,0.0,KOTAKBANK.NS,-0.013252758223486039,-0.01334135970377749,0.08702782870160708,377.5881118774414,378.56742126464843,401.7575863647461,407.2200579833984,376.7432203738217,382.6049029175472,377.5881118774414,386.31480692845855,368.86141682642426,0.04622335702057103,48.124448481608745,-0.07895175111866592,-0.6295933045843074,0.5506415534656415,9.298237179788787,26.081172236451323,24.438703879532294,-0.1704127770985322
2026-05-13,377.2486841158025,383.33817687266134,376.2005059744088,376.9991149902344,16267456,0.0,0.0,KOTAKBANK.NS,0.004388215033187537,0.0043786148923407675,0.09179794056100876,377.3510208129883,377.62305114746096,401.1724963378906,406.94358520507814,376.7675912896705,382.3850680968682,377.3510208129883,385.85753787255726,368.8445037534193,0.045085432874897295,49.71643198328768,-0.08071266528907017,-0.51981717672526,0.4391045114361898,9.212667380619795,25.763961178543653,24.45689011751975,-0.16677236997565575
2026-05-14,377.348531118611,384.3364668800667,374.95267352196544,382.5395812988281,10652514,0.0,0.0,KOTAKBANK.NS,0.014696231604515164,0.014589288493417158,0.107843255960826,377.5531723022461,376.79747680664065,400.64061462402344,406.699806060791,377.317304623876,382.3911274381216,377.5531723022461,386.36113005752657,368.7452145469656,0.04665810487869173,54.74711012824211,0.36080202389871374,-0.3436933366004652,0.7044953604991789,9.515715629081825,23.66667432065867,24.276173553322515,-0.15452706374553668
2026-05-15,382.5395941444389,392.6221631382673,379.84423521708914,386.3829345703125,19461437,0.0,0.0,KOTAKBANK.NS,0.010046942746251508,0.009996807739686512,0.11897369372528521,377.7253753662109,376.2354467773437,400.16553466796876,406.46506134033206,378.18069795210806,382.547668894286,377.7253753662109,387.09353440352197,368.3572163288999,0.04960301662671438,57.89407792678501,1.00919867071525,-0.07311493513732215,1.0823136058525722,9.743891810085387,23.722015091964373,24.30550010393143,-0.14603264556148288
2026-05-18,381.3416277070331,392.322669342576,379.644545450093,391.1247253417969,14575831,0.0,0.0,KOTAKBANK.NS,0.01227225725369463,0.01219756359029948,0.1327060267547988,378.3542877197266,375.8101806640625,399.75504302978516,406.282276763916,379.4134624654117,382.8840240490904,378.3542877197266,389.4787432131901,367.22983222626306,0.05880443729346178,61.45551287812594,1.8839634137160601,0.3183007346333543,1.5656626790827057,9.847285616732032,23.867622410257958,24.365484281492932,-0.13555253850155627
2026-05-19,387.8304473935137,391.12474788808305,379.594665692107,381.291748046875,22567886,0.0,0.0,KOTAKBANK.NS,-0.025140260018921112,-0.025461674762281193,0.10422950271718423,378.3443069458008,375.3829187011719,399.2564041137695,406.067797088623,379.59234680650343,382.8215818529251,378.3443069458008,389.4572639057488,367.2313499858528,0.05874520512629244,51.691500793741,1.763453688395657,0.6073313253858149,1.156122363009842,10.064766436182746,25.19241010806459,24.69393594206678,-0.15728497245632345
2026-05-20,375.6514488191217,383.3880919835906,375.6514488191217,382.5395812988281,12342444,0.0,0.0,KOTAKBANK.NS,0.0032726468861312696,0.0032673034322951073,0.107843255960826,378.66125946044923,374.90174987792966,398.7898098754883,406.01728439331055,379.8730358057725,382.8105230076664,378.66125946044923,389.8778822991839,367.44463662171455,0.05924357223507436,52.71814085490605,1.748483152321569,0.8355616907729657,0.9129214615486032,9.793804379365152,25.15764845000345,24.497228954575277,-0.15452706374553668
2026-05-21,384.03700488284875,385.7839888631438,377.2487059947126,380.1936340332031,10133840,0.0,0.0,KOTAKBANK.NS,-0.006132560865100167,-0.006151442250223939,0.10104933976465547,379.18285980224607,374.5234039306641,398.2738009643555,405.94895233154296,379.9035689702897,382.70789991062867,379.18285980224607,389.59857021979434,368.7671493846978,0.05493766476143114,50.54340971802233,1.5296872734977,0.9743868073179126,0.5553004661797875,10.40346744139595,21.22975438752455,24.511450198387816,-0.1597119779869121
2026-05-22,380.3433501270712,385.63420344153394,380.3433501270712,383.4879150390625,10348359,0.0,0.0,KOTAKBANK.NS,0.00866474530599759,0.008627421844288094,0.11058965186305292,379.8467132568359,374.4794793701172,397.78873840332034,405.9100694274902,380.2449352625538,382.73848873919474,379.8467132568359,389.52072403373813,370.1727024799337,0.05093639323060858,53.44753437851392,1.603625314504825,1.1002345087552952,0.5033908057495298,9.344579607288308,20.318655431463426,24.557449198549325,-0.1524310962924882
2026-05-25,387.63076659912866,394.46896696119046,386.58258842271005,392.1729431152344,15571552,0.0,0.0,KOTAKBANK.NS,0.022647462242160188,0.022394815888243127,0.13574168907015527,380.64783172607423,374.4994451904297,397.3895275878906,405.89574417114255,381.3809360104281,383.1084673421767,380.64783172607423,391.60203765245865,369.6936257996898,0.05755559345609197,60.099692896294144,2.3361017992677375,1.3474079668577836,0.9886938324099539,9.647628565738781,21.19381222289693,24.872864180825616,-0.13323581154814326
2026-05-26,392.17293714604006,394.26932393195074,386.3330134084967,387.98016357421875,15059212,0.0,0.0,KOTAKBANK.NS,-0.010691149439607361,-0.010748710407328855,0.12359930494751414,381.1819091796875,374.6082568359375,396.9595697021484,405.8466787719727,382.0094338736463,383.2995142532372,381.1819091796875,392.48459204989746,369.8792263094776,0.059303354110028864,55.94359510459026,2.548890400305538,1.5877044535473348,0.9611859467582033,9.191273980545938,21.34892711062198,24.919448591278748,-0.14250251701578212
2026-05-27,387.88032448404437,389.8269758580605,386.03353731867367,388.03009033203125,9326451,0.0,0.0,KOTAKBANK.NS,0.0001286837897911397,0.00012867551074250747,0.12374389396428143,381.5163314819336,374.87579528808595,396.5418908691406,405.7932710266113,382.5828297268258,383.4850270406409,381.5163314819336,393.22733255894633,369.8053304049209,0.061391872958745354,55.9826300534728,2.6905406934762937,1.8082717015331267,0.882268991943167,8.881092561138034,19.79466535984365,24.919870154071134,-0.14239217098993537
2026-05-28,388.03009033203125,388.03009033203125,388.03009033203125,388.03009033203125,0,0.0,0.0,KOTAKBANK.NS,0.0,0.0,0.12374389396428143,381.78586730957034,375.3120422363281,396.02757873535154,405.7338735961914,383.1016164511311,383.66326481677385,381.78586730957034,393.8485604162262,369.7231742029145,0.06319088336957654,55.9826300534728,2.7708588354935273,2.000789128325207,0.7700697071683202,8.346301582169222,19.606798931366995,24.836890155426005,-0.14239217098993537
2026-05-29,388.1798214084353,391.8734261631799,380.5929139488522,383.537841796875,40109830,0.0,0.0,KOTAKBANK.NS,-0.011577062313163133,-0.011644598250234823,0.11073424087982042,381.8307907104492,375.5985473632812,395.4350018310547,405.6526138305664,383.14316172215433,383.6583462669739,381.8307907104492,393.9135427736772,369.7480386472212,0.06328851605050681,51.244653580360854,2.4438534073693177,2.0894019841340294,0.3544514232352882,8.324908630708014,19.65172028927726,24.902250552319057,-0.15232075026664146
2026-06-01,383.4879085617731,386.33300265884606,375.0025583741757,376.7495422363281,12335552,0.0,0.0,KOTAKBANK.NS,-0.01769916503869262,-0.01785766829525337,0.09107517223636141,382.1177947998047,375.6624365234375,394.81986358642575,405.54769485473633,382.5342455806471,383.3874127755761,382.1177947998047,393.36185038242326,370.87373921718614,0.058851253386456026,45.04122605599424,1.618285618027528,1.9951787109127292,-0.37689309288520123,8.67074052996456,20.050020469372313,25.04279716215936,-0.1673239652075473
2026-06-02,372.3571373134064,380.8923892669035,371.5585282933648,378.3966979980469,14834956,0.0,0.0,KOTAKBANK.NS,0.0043720179510808865,0.004362488445947573,0.0958453724753574,382.50213012695315,375.7353106689453,394.2295825195313,405.4903437805176,382.1401934299233,383.191698470575,382.50213012695315,392.56813382487275,372.43612642903355,0.05263240596635984,46.72643315672825,1.0844282869364292,1.8130286261174695,-0.7286003391810403,8.76700294760535,19.9580480355608,24.787047852740407,-0.16368349063599982
2026-06-03,376.9492192040528,382.7891429260207,374.45352790962045,380.3433532714844,14844206,0.0,0.0,KOTAKBANK.NS,0.005144482718101084,0.00513129507660818,0.10148293005576803,382.7217498779297,375.99186767578124,393.74761444091797,405.41956604003906,381.96906579578626,383.0799986588459,382.7217498779297,392.36888037571913,373.0746193801403,0.05041328589695465,48.727403358871946,0.8090945788409272,1.6122418166621613,-0.8031472378212341,8.692133066055277,19.583298976908576,24.78806662884474,-0.15938107480671404
2026-06-04,377.84766916897473,383.33819012123195,377.2486971539139,380.8424987792969,13889236,0.0,0.0,KOTAKBANK.NS,0.0013123550169054088,0.0013114946317318106,0.10292846670506228,382.8265686035156,376.2863592529297,393.2754296875,405.36815490722654,381.86177369897774,382.9922535655303,382.8265686035156,392.33639840873246,373.3167387982988,0.04968218292636812,49.25373050175042,0.6239747103996365,1.4145883954096563,-0.7906136850100198,8.214387712208126,18.862912937975974,24.78127630469995,-0.15827788434293089
2026-06-05,380.8425073910831,383.0387280076408,374.0043068665559,376.79949951171875,10129597,0.0,0.0,KOTAKBANK.NS,-0.010615935145203204,-0.010672686185627327,0.091219849632723,382.65935974121095,376.70363952636717,392.7847769165039,405.26787811279297,381.37965234781024,382.74940046538086,382.65935974121095,392.48032095474,372.8383985276819,0.051330045710476814,45.205862056848,0.14930849343340924,1.1615324150144068,-1.0122239215809976,7.9541232299654085,19.163369181217845,24.75681285552292,-0.16721355173302951
2026-06-08,372.3571335100725,378.24695875141794,372.0576627468611,376.4500732421875,14460894,0.0,0.0,KOTAKBANK.NS,-0.0009273533271250134,-0.0009277835852431098,0.09020790327454131,382.4622009277344,376.9082861328125,392.30300872802735,405.17533782958986,380.9101686234652,382.50236802525563,382.4622009277344,392.6270125453113,372.2973893101575,0.053154594586969535,44.86269217598495,-0.25215697433390005,0.8787945371447454,-1.1309515114786455,7.572638502006892,18.602429332642725,24.73396255505209,-0.16798583901661457
2026-06-09,379.0456221721567,381.7908827132733,376.64973405519595,381.04217529296875,13987913,0.0,0.0,KOTAKBANK.NS,0.012198435801145324,0.012124634451008623,0.1035067343925371,382.7467102050781,377.11992126464844,391.8541836547852,405.08259811401365,380.9227406872275,382.44510556516593,382.7467102050781,392.37811264410544,373.11530776605076,0.05032781305352971,50.21180160398304,-0.1975003313618231,0.6635355634434318,-0.8610358948052549,7.401507523908099,18.915091514754362,24.224068215054693,-0.15783656768821502
2026-06-10,379.8442142140513,390.52578511775835,379.8442142140513,387.4311218261719,21427363,0.0,0.0,KOTAKBANK.NS,0.016767032490014877,0.016628017560646306,0.12200926766104692,383.268310546875,377.55816467285155,391.47064605712893,404.9933522033691,381.54258650998406,382.64063561461717,383.268310546875,392.71729946106996,373.81932163268004,0.04930743635294269,56.53044093513376,0.357232093346056,0.6022748694239567,-0.2450427760779007,7.554813812142088,19.279713263774372,24.34558797039154,-0.14371598605674094
2026-06-11,385.3347498578859,399.2107878659894,383.8872366685407,392.6720886230469,16135289,0.0,0.0,KOTAKBANK.NS,0.013527480116134027,0.013436800618444347,0.13718722571944975,383.7749359130859,378.3557879638672,391.1946228027344,404.94268981933595,382.6025390921805,383.03402592867326,383.7749359130859,394.10488949919346,373.4449823269784,0.05383339358277934,60.91271467193594,1.2058633148098465,0.7229925585011348,0.4828707563087118,8.260741082793364,19.627787046151816,24.45933577972192,-0.13213262108436014
2026-06-12,397.0644967807851,403.80286347662496,394.26933463368897,402.60491943359375,17227481,0.0,0.0,KOTAKBANK.NS,0.025295484701694848,0.024980848804073724,0.1659529277905989,384.58603515625,379.2991595458984,391.01792785644534,404.9413920593262,384.5075276961246,383.80151194847406,384.58603515625,397.89587878634995,371.27619152615,0.0692164686879098,67.58285975146035,2.6493658656320918,1.1082672199273262,1.5410986457047655,8.271435577896947,20.853719280580624,24.770492962436993,-0.11017949507789951
2026-06-15,407.29681182128,410.2916413199659,401.7563894347036,405.0506896972656,14269679,0.0,0.0,KOTAKBANK.NS,0.006074864328813323,0.006056486730560756,0.17303593364070946,385.28233337402344,380.25251342773436,390.8936422729492,404.98346923828126,386.4640193152809,384.63481303666197,385.28233337402344,401.2284445640558,369.3362221839911,0.08277623866315317,68.9862589781621,3.9452271345676877,1.6756592028553987,2.269567931712289,8.314217103740393,18.511422578314964,24.791294162039016,-0.10477395623350164
2026-06-16,405.05070789032584,407.84587002865305,403.8028622098258,407.1470947265625,9079548,0.0,0.0,KOTAKBANK.NS,0.005175660929904069,0.005162313232501407,0.17910716989182718,386.5751007080078,381.1968835449219,390.70347076416016,405.0393228149414,388.43383602111726,385.5176476127365,386.5751007080078,405.1367519790218,368.0134494369938,0.09603128208215454,70.17801484480788,5.082777793369189,2.357082920958157,2.725694872411032,8.332043480843282,18.485801845516992,24.607636792490386,-0.10014056977534669
2026-06-17,407.14708891430837,408.04553169844615,401.85620502552894,403.8028564453125,11654415,0.0,0.0,KOTAKBANK.NS,-0.008213833095127354,-0.008247752488705242,0.1694221803970677,387.63826446533204,382.02645080566407,390.510803527832,405.0960247802734,389.897552251993,386.2347146257787,387.63826446533204,407.6090039682915,367.66752496237257,0.10303801937873723,65.83213432397216,5.64932095041172,3.0155305268488695,2.633790423562851,8.774138243194512,18.471208618090408,24.606853974300417,-0.10753186494428842
2026-06-18,403.2538307645823,403.5533015481981,398.96122325452933,402.25555419921875,9342524,0.0,0.0,KOTAKBANK.NS,-0.003831825905628028,-0.0038391861586685744,0.16494115819160626,388.7413604736328,382.4816656494141,390.32462524414063,405.16595413208006,391.07450481839544,386.86298284434497,388.7413604736328,409.4058522318682,368.07686871539744,0.10631486051835741,63.86162147963448,5.905382550110971,3.59350093150129,2.3118816186096813,8.314218312941332,18.49563862530751,24.571804062507546,-0.11095164746414243
2026-06-19,401.8063190152067,402.85449722664447,397.3140744547883,398.5619201660156,17504009,0.0,0.0,KOTAKBANK.NS,-0.009182307104636855,-0.009224724344937804,0.15424431071825961,389.4950607299805,383.02772338867186,390.0575863647461,405.2018421936035,391.7875919943592,387.32176470009676,389.4950607299805,410.4503224253844,368.53979903457656,0.1076021947807511,59.298632661966444,5.74405393696901,4.023611532594834,1.7204424043741762,7.900645347740318,18.772164965188274,23.9614605432781,-0.11911516246799814
2026-06-22,398.56191327270693,402.405284089811,398.0627749968488,401.4569091796875,7158956,0.0,0.0,KOTAKBANK.NS,0.007263586577628933,0.007237333782292097,0.16262826420089738,389.9592590332031,383.57877258300783,389.8514422607422,405.2439195251465,392.7084793453429,387.87608409145327,389.9592590332031,411.56549292117745,368.3530251452288,0.11081277537320719,61.6136991384708,5.783136865803499,4.375516599236567,1.4076202665669317,7.544120213413428,18.839452688663588,23.849307041346425,-0.11271677918566386
2026-06-23,397.31406041682766,404.30199615280196,397.31406041682766,400.957763671875,10077909,0.0,0.0,KOTAKBANK.NS,-0.0012433352033532907,-0.0012441087858486202,0.1611827275516029,390.60813903808594,384.1727471923828,389.7810635375977,405.3095561218262,393.4941254716793,388.3890911338228,390.60813903808594,412.7372756238071,368.4790024523648,0.11330607006918234,60.96977605059652,5.708034825198126,4.642020244428879,1.066014580769247,7.4478574076687165,18.31623561845051,23.847660205339473,-0.113819969649447
2026-06-24,400.95775888820594,407.2469192545386,399.51027621058415,405.2503662109375,11768059,0.0,0.0,KOTAKBANK.NS,0.010705872109201486,0.010648970024415559,0.17361420132818406,391.4691528320312,384.64293579101565,389.7166748046875,405.37898620605466,394.61376744684674,389.0503176074351,391.4691528320312,414.49769505352316,368.4406106105393,0.11765188677010703,64.41416414326618,5.9265751973533725,4.898931235013778,1.027643962339594,7.565510984571318,18.470700446737148,23.92225412714408,-0.10433263957878575
2026-06-25,408.79424325061603,413.08682018788966,406.4982193939315,408.29510498046875,16587414,0.0,0.0,KOTAKBANK.NS,0.007513228915742465,0.007485145189959059,0.18243183348152892,392.48240356445314,385.23890686035156,389.6827334594727,405.4741220092773,395.91675197385837,389.80501515147563,392.48240356445314,416.6299426955221,368.33486443338415,0.12305030193336294,66.66151528594312,6.273142112168557,5.173773410444735,1.0993687017238223,7.479941901418978,18.172696683495356,23.92848153034696,-0.09760328566758232
2026-06-26,408.29510498046875,408.29510498046875,408.29510498046875,408.29510498046875,0,0.0,0.0,KOTAKBANK.NS,0.0,0.0,0.18243183348152892,393.7202667236328,385.74603149414065,389.6927163696289,405.5734504699707,397.0956427363927,390.5301167133969,393.7202667236328,418.4679728618923,368.9725605853733,0.12571212726334383,66.66151528594311,6.473180098281034,5.433654748011995,1.039525350269039,7.037849329664921,18.030257062019913,23.830410798828105,-0.09760328566758232
2026-06-29,401.8062949391593,404.1522508286948,393.42077835516443,394.818359375,37210245,0.0,0.0,KOTAKBANK.NS,-0.03300736511674174,-0.03356440001776717,0.14340287422814568,394.6237075805664,386.07146911621095,389.56593505859377,405.6008032226562,396.87875860673626,390.69828309228336,394.6237075805664,418.04663276963004,371.2007823915028,0.11871017751401361,50.34139458839562,5.481068556499565,5.443137509709509,0.03793104679005577,7.718814840680531,20.388962790677905,24.365487679993713,-0.12738902349770057
2026-06-30,394.81837337924236,396.3157881961042,389.2280186366283,391.573974609375,24824891,0.0,0.0,KOTAKBANK.NS,-0.008217411091928195,-0.00825136012447825,0.13400706276692076,395.28257141113284,386.27312133789064,389.3308410644531,405.6016519165039,396.373541083178,390.73262393609093,395.28257141113284,417.49357753170773,373.07156529055794,0.1123803968451382,47.33684419389972,4.382499548940018,5.231009917555611,-0.8485103686155933,7.462114744664023,19.096323639953695,24.395791929761412,-0.13455962661494883
2026-07-01,396.6651937755247,400.7082016225359,392.572253821956,399.7598571777344,21723944,0.0,0.0,KOTAKBANK.NS,0.020905073113006045,0.020689560436050716,0.1577135633247284,396.25339660644534,386.74430786132814,389.2120462036133,405.6305520629883,396.6960473778977,391.08663308282206,396.25339660644534,417.38619767235497,375.1205955405357,0.10666306584066208,54.685520035962035,4.124859197485364,5.0097797735415615,-0.8849205760561976,7.020020160072038,19.946927886172713,24.649195781748077,-0.11646753233438704
2026-07-02,399.7598588170068,404.3020049583232,396.61526329534473,398.61181640625,12980945,0.0,0.0,KOTAKBANK.NS,-0.002871826049742565,-0.0028759576542347837,0.15438881135543214,397.141862487793,387.3213116455078,389.11770904541015,405.6547103881836,396.8785015710741,391.3817383111918,397.141862487793,417.0024636548252,377.2812613207608,0.10001766644604311,53.55678197581813,3.784415678848518,4.7647069546029535,-0.9802912757544355,6.774017789314923,19.860062839172414,24.35018567890009,-0.11900488389082245
2026-07-03,399.31062194785756,400.75813513841166,393.8700025378249,396.06622314453125,14747410,0.0,0.0,KOTAKBANK.NS,-0.00638614601210008,-0.006406624675591628,0.14701671585138176,398.1051986694336,387.83841918945313,388.8621502685547,405.6661407470703,396.80114172092715,391.56544359877375,398.1051986694336,415.5310805724798,380.6793167663874,0.08754410623768713,51.04109175025055,3.2714919134107845,4.466063946364519,-1.1945720329537348,6.656366411838097,19.877426432776264,24.282060819162147,-0.12463104733824275
2026-07-06,389.07827098745855,389.07827098745855,380.0438807297398,380.642822265625,34164881,0.0,0.0,KOTAKBANK.NS,-0.038941469829094744,-0.03971996638169533,0.1023501990175879,398.3148361206055,387.92826416015623,388.38796875,405.6019514465332,395.2622541537555,391.13710550727774,398.3148361206055,414.71446792423666,381.9152043169743,0.08234507136794439,39.06729572239024,1.6019898400250554,3.893249125096627,-2.2912592850715714,7.512033168692682,21.99230393537961,24.80977997514302,-0.15871920099764678
2026-07-07,380.8425077948944,382.2400888864662,377.9974135047407,381.04217529296875,23216875,0.0,0.0,KOTAKBANK.NS,0.0010491542306427792,0.0010486042529835868,0.1035067343925371,398.3148361206055,388.00313537597657,387.9127896118164,405.488946685791,393.90796092891867,390.7412258910303,398.3148361206055,414.71446792423666,381.9152043169743,0.08234507136794439,39.46329300990406,0.30757632214601927,3.1761145645065056,-2.8685382423604864,7.372986647893275,21.800535272886734,24.793575555129273,-0.15783656768821502
2026-07-08,377.8476751518066,381.09207394769396,368.4638816505443,369.462158203125,22517529,0.0,0.0,KOTAKBANK.NS,-0.030390381539629585,-0.030861743687030294,0.06997074370279721,397.4163879394531,387.7655456542969,387.31931457519534,405.28949111938476,391.57978924074786,389.9067526483674,397.4163879394531,417.8092671875602,377.023508691346,0.10262726886448356,32.80556329581435,-1.6338325132412592,2.2141251489569527,-3.847957662198212,7.929169441205167,23.45458863063576,25.258079371456283,-0.1834302357148942
2026-07-09,370.8597435066903,377.29863953014825,367.7650800654548,376.5,30720415,0.0,0.0,KOTAKBANK.NS,0.019048884007778932,0.018869725619657118,0.09035249229130882,396.60778350830077,387.64275817871095,386.82916076660155,405.12093215942383,390.14361883686706,389.38099764254906,396.60778350830077,418.9792424167587,374.2363245998428,0.11281401847722301,39.48736919390647,-2.5748368704095697,1.2563327450836481,-3.8311696154932178,8.214393490693542,24.200251464406573,25.488993290846274,-0.16787549299076782
2026-07-10,376.79948336551075,380.4930881978325,376.25041300240804,376.94921875,15468937,0.0,0.0,KOTAKBANK.NS,0.0011931440903054646,0.001192432859572965,0.09165343992383601,395.3249984741211,387.528955078125,386.3994027709961,404.9781785583496,388.88700930478444,388.89347690166477,395.3249984741211,419.14393435212645,371.5060625961158,0.12050305935593181,39.89818879464056,-3.2469130121178864,0.3556835936433411,-3.6025966057612275,8.207262498012275,23.992415127018916,25.24651230014928,-0.16688264855283144
2026-07-13,375.15230717775006,384.48619881106305,374.4535318868759,383.987060546875,14167721,0.0,0.0,KOTAKBANK.NS,0.018670530264562224,0.018498375427952966,0.1120351885123474,394.2718170166016,387.78850708007815,385.9906085205078,404.879898223877,388.4203475183169,388.70106841716324,394.2718170166016,418.1427376578444,370.40089637535874,0.12108864803916584,46.07496499267144,-3.1750432588666513,-0.3504617768586574,-2.8245814820079937,8.424743297170336,24.037892799474278,25.44804459405188,-0.15132790582870506
2026-07-14,382.8390533207743,382.8390533207743,375.4518130133178,377.9974060058594,16237528,0.0,0.0,KOTAKBANK.NS,-0.015598584318141206,-0.015721522349794525,0.09468901385959749,392.81433258056643,387.93425537109374,385.53339782714846,404.72571441650393,387.42768642189236,388.28131695005334,392.81433258056643,416.9335431299659,368.69512203116693,0.12280209019334921,42.10860509015286,-3.560359418322207,-0.9924413051513674,-2.5679181131708395,8.481786474999101,24.469113405220785,25.278466132228143,-0.16456598904808947
2026-07-15,378.69620814243245,382.1402438955259,375.6015448032169,377.7478332519531,8082156,0.0,0.0,KOTAKBANK.NS,-0.000660249911615507,-0.0006604679725768376,0.09396624553495014,391.51158142089844,387.97019287109373,385.0547241210937,404.58665435791016,386.5057956438029,387.868239157971,391.51158142089844,415.9443292546541,367.07883358714275,0.12481238866591288,41.94657202038963,-3.8415803393659758,-1.562269111994289,-2.2793112273716867,8.389089697524591,24.422516422736745,25.217500947689782,-0.16511758427998105
2026-07-16,376.8494028903784,380.5929400051835,375.9010279686346,376.5,10889356,0.0,0.0,KOTAKBANK.NS,-0.003303349859642535,-0.0033088179651546284,0.0903524922913086,390.2238037109375,387.9252703857422,384.6629006958008,404.4591244506836,385.55286272534545,387.4224258576584,390.2238037109375,414.984992522429,365.46261489944595,0.1269076287813219,41.095106662173826,-4.117673681201495,-2.0733500258357305,-2.0443236553657647,8.724226271563797,24.435744142005234,25.04298502772629,-0.16787549299076782
2026-07-17,377.5,391.79998779296875,375.70001220703125,389.95001220703125,17847316,0.65,0.0,KOTAKBANK.NS,0.035723804002739,0.035100509840651724,0.12930403101982124,389.79320831298827,388.12139709472655,384.35616271972657,404.41751251220705,385.9716388664584,387.52154689096716,389.79320831298827,414.2414168009502,365.3449998250263,0.1254419418633432,52.327854588864,-3.214125625597717,-2.301505145788128,-0.9126204798095889,8.811772625894738,26.346488707368415,25.1353624454558,-0.13814884019649418
2026-07-20,382.0,383.75,376.1000061035156,382.04998779296875,32539419,0.0,0.0,KOTAKBANK.NS,-0.02025906953906753,-0.02046709893842185,0.10642538212464148,388.82286224365237,388.15453186035154,383.87708557128906,404.3395948791504,385.59814828803087,387.3069759459476,388.82286224365237,412.85893111837703,364.7867933689277,0.12363505960543378,46.69538288976224,-3.0997907703278997,-2.4611622706960823,-0.6386284996318174,9.294789521897574,27.07283799412417,25.25423388178176,-0.15560914277527943
2026-07-21,383.0,386.95001220703125,381.04998779296875,385.95001220703125,17152911,0.0,0.0,KOTAKBANK.NS,0.010208152175562812,0.010156400882214594,0.11771994079627501,388.07247467041014,388.36649230957033,383.4669567871094,404.2800791931152,385.63165913745945,387.2537616816764,388.07247467041014,411.4412153182957,364.7037340225246,0.12043492993277924,49.58065554218524,-2.6637738704012577,-2.5016845906371175,-0.16208927976414023,9.063775050533403,27.005018386433278,25.037008951940305,-0.14698947240907564
2026-07-22,384.29998779296875,390.0,378.1499938964844,381.1499938964844,11688952,0.0,0.0,KOTAKBANK.NS,-0.012436891200231504,-0.012514876603531499,0.10381897950026264,386.8674560546875,388.4495098876953,383.0362805175781,404.12608520507814,385.20483387641417,387.0143982391199,386.8674560546875,408.9570586218216,364.77785348755344,0.1141972643158255,46.26168263046841,-2.674716234315497,-2.5362909193727936,-0.13842531494270327,9.361151082000342,26.8084042333765,24.881186847445324,-0.15759827153337608
2026-07-23,379.70001220703125,386.1000061035156,378.8500061035156,383.3500061035156,12720546,0.0,0.0,KOTAKBANK.NS,0.005772037891278892,0.005755443505564578,0.11019026447505098,385.62020111083984,388.46571838378907,382.6315975952148,403.9459553527832,385.0281836123286,386.8706965867433,385.62020111083984,405.30123922129513,365.93916300038455,0.10207472561738702,47.98047993593732,-2.4773086654901135,-2.524494468596258,0.04718580310614451,9.386998753387003,26.5511267346505,24.59492770946447,-0.15273589683698782
2026-07-24,378.6000061035156,386.5,378.6000061035156,384.75,13308317,0.0,0.0,KOTAKBANK.NS,0.003651999150109164,0.003645346792562883,0.1142446783773734,384.4429458618164,388.4330596923828,382.3342532348633,403.7274038696289,385.0016899349639,386.78753201471415,384.4429458618164,400.97850802531593,367.90738369831683,0.08602349108750752,49.096253538648824,-2.182732753266464,-2.4561421255302998,0.27340937226383577,8.806831002079353,25.429548675688608,24.567229788018594,-0.1496416890523185
2026-07-27,386.0,388.75,383.54998779296875,384.6499938964844,16710096,0.0,0.0,KOTAKBANK.NS,-0.00025992489542725483,-0.0002599586817576187,0.11395505844586573,383.9345275878906,388.3035650634766,382.0568728637695,403.52741943359376,384.96819507415637,386.70370699046987,383.9345275878906,399.7358716799071,368.1331834958741,0.08231270154987168,49.01537614843967,-1.9350429071806161,-2.351922281860363,0.416879374679747,8.875212203886905,25.334138013772918,24.494508622897264,-0.14986271834736728
2026-07-28,383.04998779296875,387.29998779296875,383.04998779296875,385.29998779296875,14247981,0.0,0.0,KOTAKBANK.NS,0.0016898320727889438,0.0016884059129928302,0.1158374554312731,383.62082824707034,388.38372985839845,381.88332427978514,403.3397692871094,384.99979438070994,386.64865917880314,383.62082824707034,399.02777775245454,368.21387874168613,0.08032384255977564,49.596550567707446,-1.6670807749757728,-2.214953980483445,0.5478732055076723,8.276769896947643,25.273227092050334,24.4909774240996,-0.14842612910255698
2026-07-29,387.0,392.25,385.1499938964844,390.20001220703125,9190194,0.0,0.0,KOTAKBANK.NS,0.012717426860380243,0.01263723952282342,0.13002803665879314,383.14283599853513,388.5369384765625,381.7193441772461,403.14986541748044,385.495053221312,386.78792792500815,383.14283599853513,396.95187054692104,369.3338014501492,0.07208295836928401,53.865911429457775,-1.047255723551359,-1.9814143290970279,0.9341586055456688,8.102944656863514,25.532176115107596,24.346061283897935,-0.13759630068320783
2026-07-30,385.70001220703125,390.20001220703125,385.70001220703125,389.3999938964844,12205963,0.0,0.0,KOTAKBANK.NS,-0.002050277512862797,-0.0020523822091023125,0.12771116558632722,382.6822448730469,388.72106567382815,381.6222348022461,402.95047103881836,385.86695233323314,386.8903618846739,382.6822448730469,394.83387117452344,370.53061857157036,0.06350765662257357,53.07544646043525,-0.61352239209657,-1.7078359416969364,1.0943135496003664,8.12132500004748,25.520320549698898,24.338481341651057,-0.13936446759492677
2026-07-31,390.20001220703125,391.8500061035156,388.0,390.29998779296875,7014637,0.0,0.0,KOTAKBANK.NS,0.0023112324360323733,0.0023085656466020708,0.13031756821070628,382.39393310546876,388.85730712890626,381.6683932495117,402.75358001708986,386.2891461865413,387.024072704607,382.39393310546876,393.4310118830495,371.356854327888,0.05772622325855044,53.89511799046939,-0.1949167373387013,-1.4052521008252896,1.2103353634865883,7.679706369999516,25.4155918266246,23.85285387086463,-0.13737533883683012
2026-08-03,392.0,397.5,391.04998779296875,397.5,11247062,0.0,0.0,KOTAKBANK.NS,0.018447380046679562,0.018279291183839544,0.1511689659649278,383.2367919921875,388.9638482666016,381.7316467285156,402.5929885864258,387.35684654972783,387.4348933828577,383.2367919921875,396.1294656238294,370.34411836054556,0.06728306833287936,59.92599898022948,0.7096318774893575,-0.9822753051623603,1.6919071826517178,7.584332418104806,25.917007977047973,23.571228820258096,-0.12146217387471504
2026-08-04,395.5,398.25,392.1000061035156,398.0,9131231,0.0,0.0,KOTAKBANK.NS,0.0012578616352201255,0.0012570711900511137,0.15261697724287115,384.0846832275391,389.1642449951172,381.88625091552734,402.4370933532715,388.37048021165856,387.8492112894123,384.0846832275391,398.50913239737685,369.6602340577013,0.07511077530416621,60.31422989097954,1.4501228791069138,-0.49579566830850547,1.9459185474154193,7.556567761260189,25.91840167922751,23.503415214842843,-0.12035709484814235
2026-08-05,397.0,400.0,393.8500061035156,400.0,11842327,0.0,0.0,KOTAKBANK.NS,0.005025125628140614,0.0050125418235441935,0.15840902235464438,385.6115753173828,389.40364318847656,382.13971923828126,402.2354943847656,389.4780535248339,388.3257128074746,385.6115753173828,399.9837601976181,371.2393904371475,0.07454228970386106,61.90406020022841,2.1732981894442105,0.038023103242037726,2.1352750862021725,7.660716465541294,25.764101224657317,23.388885029210332,-0.11593677874185161
2026-08-06,397.25,398.79998779296875,393.75,394.0,10378024,0.0,0.0,KOTAKBANK.NS,-0.015000000000000013,-0.015113637810048184,0.1410328870193247,386.4865753173828,389.5230413818359,382.417541809082,402.0034959411621,389.90871509389734,388.5482338738481,386.4865753173828,400.65244185778243,372.32070877698317,0.07330586594769364,54.81019046337073,2.236489122734781,0.47771630714058644,1.7587728155941948,6.957146780831473,25.995532603865918,22.753208856264568,-0.12919772706072383
2026-08-07,393.0,394.8500061035156,387.75,390.75,7315232,0.0,0.0,KOTAKBANK.NS,-0.008248730964466988,-0.008282939996347808,0.1316208137126933,387.17661437988284,389.66728454589844,382.63291595458986,401.74726135253906,389.9888374659071,388.63457764350113,387.17661437988284,400.7170681705166,373.6361605892491,0.06994458491415181,51.37587563119204,2.001251373914158,0.7824233204953008,1.2188280534188574,6.475003923688616,26.07619331606501,22.784882753645128,-0.1363807407334463
2026-08-10,388.0,393.5,386.5,393.5,11662079,0.0,0.0,KOTAKBANK.NS,0.00703774792066536,0.0070130985558719,0.13958487574138134,387.6522613525391,390.0022937011719,382.8323651123047,401.5215478515625,390.3232338977255,388.8253785202266,387.6522613525391,401.3878901926833,373.91663251239487,0.07086572275998022,54.00220862514569,2.0135152302636357,1.0286417024489678,0.9848735278146679,6.5535736083984375,24.376719468199965,22.794761305822952,-0.13030280608729652
2026-08-11,392.1000061035156,392.8999938964844,388.29998779296875,392.8999938964844,7853813,0.0,0.0,KOTAKBANK.NS,-0.001524793147434922,-0.0015259568275709163,0.1378472445319303,388.3973907470703,390.2923596191406,383.01383514404296,401.2642835998535,390.56863961189305,388.9851673585112,388.3973907470703,401.5314263401232,375.2633551540174,0.06763194555859388,53.325440177334904,1.952313887461969,1.213376139451568,0.7389377480104009,6.078574044363839,24.257487188876077,22.77676319004095,-0.13162891440891797
2026-08-12,391.0,394.25,387.5,390.5,10733474,0.0,0.0,KOTAKBANK.NS,-0.006108409095869516,-0.006127141750146356,0.1308968080737214,389.03499908447264,390.49549255371096,383.2436801147461,401.03355285644534,390.5621025059985,389.04457256013825,389.03499908447264,401.19416920026913,376.87582896867616,0.06250938935782649,50.59414884164544,1.6906630215877385,1.3088335158788023,0.38182950570893626,6.042859758649554,23.508280935838485,22.788361945632353,-0.13693328024673262
2026-08-13,390.3999938964844,392.3999938964844,388.54998779296875,392.3999938964844,5726518,0.0,0.0,KOTAKBANK.NS,0.0048655413482314724,0.004853742857146115,0.13639923325398717,389.8299987792969,390.72664245605466,383.5065008544922,400.8506558227539,390.73713978128285,389.1761577105832,389.8299987792969,400.52994696205246,379.1300505965413,0.054895458103589284,52.661320167780815,1.6179655540657336,1.3706599235161885,0.24730563054954513,5.753574916294643,23.55235395988069,21.40264460229447,-0.13273399343549064
2026-08-14,393.1000061035156,394.3500061035156,389.8500061035156,391.1499938964844,9519332,0.0,0.0,KOTAKBANK.NS,-0.0031855250240644395,-0.003190609609825364,0.132779205059129,389.8899978637695,391.01365234375,383.8586459350586,400.6493298339844,390.77645922082587,389.25356305120675,389.8899978637695,400.6062248006572,379.17377092688184,0.0549705147380159,51.14515987823828,1.442855395134643,1.3850990178398794,0.05775637729476357,5.703574044363839,23.50007113962761,21.081578511867292,-0.13549669100192235
2026-08-17,389.0,396.3500061035156,389.0,392.70001220703125,5105327,0.0,0.0,KOTAKBANK.NS,0.003962721039840078,0.003954890141779364,0.13726809304851018,390.42249908447263,391.3386511230469,384.1234686279297,400.4660362243652,390.95965474332166,389.3887179200626,390.42249908447263,400.5400969954781,380.30490117346716,0.05182896956364398,52.95394944885634,1.4128662139629,1.3906524570644836,0.022213756898416426,5.9250030517578125,20.465183222713343,21.06077811513408,-0.1320709055503444
2026-08-18,391.0,392.8999938964844,387.6499938964844,387.6499938964844,5653147,0.0,0.0,KOTAKBANK.NS,-0.012859735557849916,-0.012943137748785895,0.12264312611352612,390.5074981689453,391.4708074951172,384.2953643798828,400.2707696533203,390.6444489483848,389.32053266423605,390.5074981689453,400.4946123913402,380.5203839465504,0.05114941080119372,46.865899420394555,0.9704189137538606,1.3066057484023592,-0.33618683464849863,5.792859758649554,20.862547744770552,21.142803124343757,-0.14323224418793115
2026-08-19,387.0,393.1000061035156,386.75,390.25,6704930,0.0,0.0,KOTAKBANK.NS,0.006707096980401062,0.00668470447548674,0.13017280243475016,390.9624984741211,391.5271850585938,384.54267486572263,400.1234426879883,390.606882381872,389.3569823636778,390.9624984741211,399.93191497074054,381.9930819775017,0.045883769065452405,50.04996325646075,0.8201211578733023,1.209308830296548,-0.3891876724232457,5.9250030517578125,18.726450916712693,20.646267607650433,-0.13748581976001897
2026-08-20,393.6000061035156,399.54998779296875,393.1499938964844,397.3500061035156,9258923,0.0,0.0,KOTAKBANK.NS,0.01819348136711252,0.018029960351199654,0.15073458025746422,391.6624984741211,391.6207434082031,384.98826568603516,400.0003352355957,391.24908464107614,389.670434275044,391.6624984741211,400.3098560504312,383.01514089781097,0.04415718946796995,57.53374969649866,1.259402649040851,1.2193275940454087,0.04007505499544228,6.314287458147321,18.659876901942095,20.805624021014975,-0.12179368409295263
2026-08-21,398.8999938964844,406.0,398.29998779296875,402.79998779296875,15670257,0.0,0.0,KOTAKBANK.NS,0.013715821330661626,0.013622610792225721,0.16651785015928944,392.5649978637695,391.6246447753906,385.4619021606445,399.92134857177734,392.3491706555421,390.1853187267273,392.5649978637695,401.91391502263775,383.2160807049013,0.04762990694403455,62.21369717360894,2.0239732666465216,1.3802567285656313,0.6437165380808902,6.417857578822544,18.971089342301244,20.83816032773953,-0.10974836317251299
2026-08-24,403.5,405.6000061035156,398.20001220703125,401.45001220703125,14932117,0.0,0.0,KOTAKBANK.NS,-0.003351478716109968,-0.0033571075009226838,0.16260829041251812,393.4049987792969,391.5526312255859,385.90257232666016,399.8489889526367,393.2159174699696,390.6270714122294,393.4049987792969,402.7784760144716,384.03152154412214,0.04765306625111453,60.436991632518236,2.492240247753955,1.6026534324032962,0.8895868153506588,6.507143293108259,18.382505809698173,20.74857312280177,-0.1127320225853224
2026-08-25,398.29998779296875,402.04998779296875,398.1499938964844,401.6000061035156,10154716,0.0,0.0,KOTAKBANK.NS,0.0003736303198991209,0.0003735605374724927,0.16304267611998235,394.2199996948242,391.441689453125,386.31928649902346,399.77228805541995,394.0144021017359,391.05738257659357,394.2199996948242,403.45981366687914,384.98018572276925,0.046876434372724485,60.57172327307932,2.8426798144636223,1.8506587088153614,0.9920211056482608,6.346429007393973,17.656425029296518,20.714385802940765,-0.1124005123670848
2026-08-26,402.5,417.45001220703125,401.0,416.70001220703125,20168995,0.0,0.0,KOTAKBANK.NS,0.03759961622018371,0.03690998414742237,0.2067726343897891,395.54499969482424,391.6996325683594,386.86304168701173,399.76669479370116,396.17493639747835,392.06297589543425,395.54499969482424,408.9974925866994,382.09250680294906,0.06802003768094257,71.20354232441784,4.2894044084400775,2.338407848740305,1.9509965596997727,7.075001307896206,20.408000775762655,21.46916685840786,-0.0790271122748555
2026-08-27,415.75,427.70001220703125,415.0,424.20001220703125,32914085,0.0,0.0,KOTAKBANK.NS,0.017998559587931506,0.017838503184237145,0.22849280355893886,397.2850006103516,392.1385217285156,387.31009368896486,399.8043914794922,398.8439912364834,393.3232518292224,397.2850006103516,415.53704889264225,379.0329523280609,0.09188390326465852,74.83342595990334,5.9722865899494195,3.065183596982128,2.9071029929672916,7.475001743861607,20.73524754711768,21.423692030333633,-0.06245092687626521
2026-08-28,424.6000061035156,426.20001220703125,421.0,423.3999938964844,7699843,0.0,0.0,KOTAKBANK.NS,-0.0018859459866220618,-0.0018877266218944606,0.22617593248647272,398.9400009155273,392.635283203125,387.8315032958984,399.8404840087891,401.1826581564835,394.50273191029146,398.9400009155273,420.2686274212288,377.6113744098258,0.10692648747558246,73.76528393797997,7.158904655077492,3.883927808601201,3.2749768464762914,7.346431187220982,18.488950385336008,21.43162376945762,-0.06421909378798414
