Date,Open,High,Low,Close,Volume,Dividends,Stock splits,Ticker,Daily_Return,Log_Return,Cumulative_Return,SMA_20,SMA_50,SMA_100,SMA_200,EMA_20,EMA_50,BB_Middle,BB_Upper,BB_Lower,BB_Bandwidth,RSI_14,MACD,MACD_Signal,MACD_Hist,ATR_14,Volatility_30D_Ann,Volatility_90D_Ann,Drawdown
2021-08-30,35780.63548255951,36398.02675412232,35721.48382537098,36347.2265625,150400,0.0,0.0,^NSEBANK,,,,,,,,36347.2265625,36347.2265625,,,,,,0.0,0.0,0.0,,,,0.0
2021-08-31,36366.97722503486,36552.37742142812,36215.779757496064,36424.1796875,210300,0.0,0.0,^NSEBANK,0.002117166350166455,0.0021149283117989724,0.002117166350166455,,,,,36354.55543154762,36350.24433210784,,,,,,6.138710826213355,1.2277421652426712,4.910968660970684,,,,0.0
2021-09-01,36591.02323786575,36997.26850848941,36486.72367083765,36573.875,181500,0.0,0.0,^NSEBANK,0.004109778553266219,0.004101356480737578,0.006235645988292182,,,,,36375.443009495466,36359.01416222126,,,,,,22.81979169202532,5.546152070599201,17.273639621426117,,,,0.0
2021-09-02,36587.97158378807,36895.120344185874,36468.574539234156,36830.87109375,118900,0.0,0.0,^NSEBANK,0.007026766886199409,0.00700219420361771,0.013306229305236172,,,,,36418.8171127578,36377.51835561455,,,,,,56.130072878164356,15.662936232112234,40.467136646052126,,,,0.0
2021-09-03,36883.22123740958,37139.56983075075,36562.77573022124,36760.72265625,155600,0.0,0.0,^NSEBANK,-0.0019046097856725286,-0.001906425861200215,0.011376276345018477,,,,,36451.37954547135,36392.54597524731,,,,,,75.99232582595869,27.728814150881526,48.26351167507716,,,,-0.0019046097856725364
2021-09-06,36877.82089209323,36923.218801346135,36554.02387852406,36591.92578125,88600,0.0,0.0,^NSEBANK,-0.004591772489850654,-0.004602347060247881,0.006732266582409885,,,,,36464.76490125979,36400.36479116899,,,,,,77.2226328269171,37.627577886088645,39.59505494082846,,,,-0.006487636740705482
2021-09-07,36558.424729887374,36685.42324713451,36151.527136811506,36468.375,124500,0.0,0.0,^NSEBANK,-0.0033764492743180163,-0.003382162342717743,0.0033330861514750953,,,,,36465.10872018743,36403.031858181974,,,,,,67.45061578691093,43.5921854662531,23.85843032065783,,,,-0.009842180838658296
2021-09-08,36519.2763151672,36855.47164067992,36393.18011914693,36767.7734375,175800,0.0,0.0,^NSEBANK,0.008209810212272961,0.008176293041859111,0.011570260368472862,,,,,36493.93393136006,36417.335449527774,,,,,,82.90944513405702,51.45563739981388,31.453807734243142,,,,-0.0017131730631455885
2021-09-09,36725.07372776557,36856.77141788505,36566.274789713454,36682.7734375,83600,0.0,0.0,^NSEBANK,-0.002311807108594355,-0.0023144834602495104,0.009231705049710381,,,,,36511.91864623052,36427.74478238943,,,,,,87.29559980622435,58.62362988109598,28.671969925128366,,,,-0.004021019646074333
2021-09-13,36608.021842230744,36724.422827069626,36326.62668984899,36471.375,82200,0.0,0.0,^NSEBANK,-0.005762880439238893,-0.005779549908339769,0.003415623398019596,,,,,36508.057346589514,36429.45577131534,,,,,,72.87353110428376,61.47361012573354,11.399920978550213,,,,-0.009760727429849047
2021-09-14,36639.52312469213,36755.57255636198,36529.223626154264,36612.625,109300,0.0,0.0,^NSEBANK,0.0038729003225133063,0.003865419951659175,0.007301752089492686,,,,,36518.016170723844,36436.638878322585,,,,,,72.01152820556308,63.58119374169946,8.430334463863623,,,,-0.005925629431746869
2021-09-15,36543.124693101345,36949.268395017854,36495.6252469388,36851.8203125,177900,0.0,0.0,^NSEBANK,0.006533137476485207,0.006511889029648277,0.013882592916197867,,,,,36549.80704136919,36452.92050319229,,,,,,89.59663316292426,68.78428162594442,20.812351536979847,,,,0.0
2021-09-16,36945.570892618,37719.71033881152,36907.32133687063,37668.1640625,423100,0.0,0.0,^NSEBANK,0.022152060415943753,0.02191026781355924,0.03634218136915113,,,,,36656.31723385784,36500.57711336122,,,,,,167.4745315407563,88.5223316089068,78.95219993184949,,,,0.0
2021-09-17,37929.05722149465,38112.30508228477,37395.614230083476,37811.5078125,335100,0.0,0.0,^NSEBANK,0.0038054350024110395,0.0037982126516244888,0.04028591418060823,,,,,36766.33538420471,36551.986160386274,,,,,76.31639544516365,238.01626637763547,118.42111856265254,119.59514781498294,497.547587298442,,,0.0
2021-09-20,37387.76279434971,37802.308736637686,37068.01652672262,37145.265625,152000,0.0,0.0,^NSEBANK,-0.017620090444521952,-0.0177771721694232,0.02195598228458362,,,,,36802.42397856616,36575.252021743676,,,,,60.66975931568358,237.42404633383558,142.22170411688916,95.20234221694642,502.32961280030213,,,-0.017620090444521994
2021-09-21,37237.964814092855,37340.264404099,36525.52389147455,37235.41796875,154000,0.0,0.0,^NSEBANK,0.0024270211084269633,0.0024240806494395984,0.024436291025471624,,,,,36843.66150144081,36601.1408824106,,,,,61.810728928182684,241.44600909059227,162.06656511162979,79.37944397896248,536.4826734211872,,,-0.015235833667536317
2021-09-22,37276.668008379034,37328.16740940443,36885.1725617491,36944.21875,106400,0.0,0.0,^NSEBANK,-0.007820490131046465,-0.00785123053891599,0.01642469712162109,,,,,36853.23838225597,36614.59491643371,,,,,56.144992477504736,218.61603073374135,173.37645823605212,45.23957249768924,527.1902467544668,,,-0.02293717211174756
2021-09-23,37240.81864405859,37830.311816029796,37215.71737230362,37771.26171875,139100,0.0,0.0,^NSEBANK,0.02238626222810569,0.022139367763012317,0.03917864692650852,,,,,36940.66917620779,36659.95439887748,,,,,65.74789157284204,264.2128824543397,191.54374307970963,72.66913937463008,560.0150511171867,,,-0.0010643874333066178
2021-09-24,37953.55715041999,38112.156862347314,37679.56034746866,37829.859375,138400,0.0,0.0,^NSEBANK,0.0015513820185919514,0.001550179868676714,0.04079080999345508,,,,,37025.35395704515,36705.833025392094,,,,,66.31076555306552,301.60039546957705,213.55507355768313,88.04532191189392,549.7152235706973,,,0.0
2021-09-27,38054.30604660945,38354.75176026614,37967.75627507604,38170.8046875,113000,0.0,0.0,^NSEBANK,0.009012597935410538,0.008972226858850517,0.05017103909879639,36998.0021484375,,,,37134.44450280275,36763.28289449437,36998.0021484375,38114.30562950061,35881.698667374396,0.06034398703932454,69.45590749973803,354.65348164425086,241.7747551749967,112.87872646925416,560.8364708881303,,,0.0
2021-09-28,38359.553766141784,38376.80356547614,37314.76513884078,37944.55859375,201000,0.0,0.0,^NSEBANK,-0.005927202625206629,-0.005944838211679426,0.043946462558934085,37077.86875,,,,37211.5982257501,36809.60743172008,37077.86875,38226.23332659689,35929.50417340311,0.061943397250786715,65.11190037672885,374.1295333435701,268.2457108087114,105.88382253485867,598.5609220532986,,,-0.005927202625206642
2021-09-29,37600.665707323315,37923.00962706325,37370.61759271923,37742.5625,260500,0.0,0.0,^NSEBANK,-0.00532345351312824,-0.005337673580812797,0.0383890620953069,37143.787890625,,,,37262.166251869145,36846.19390498596,37143.787890625,38285.49689886053,36002.07888238946,0.06147509842547318,61.41849422536054,369.01131527785765,288.39883170254063,80.61248357531701,606.5358848745683,,,-0.011219102950696735
2021-09-30,37677.36425981785,37884.41264225206,37353.81722711069,37424.66796875,235100,0.0,0.0,^NSEBANK,-0.00842270662597433,-0.008458378060671557,0.02964301566165739,37186.3275390625,,,,37277.64260585779,36868.87916238847,37186.3275390625,38301.724368532676,36070.93070959232,0.059989620018191095,56.03175794079285,335.4369503086782,297.80645542376817,37.630494884910036,623.685798229552,,,-0.019547314363910735
2021-10-01,37139.96583962296,37298.96398764868,36875.922040145095,37225.46484375,189200,0.0,0.0,^NSEBANK,-0.0053227760141074665,-0.0053369924560869395,0.0241624565148002,37206.0572265625,,,,37272.67329518086,36882.86291459872,37206.0572265625,38308.86895806278,36103.24549506222,0.05928130061107104,52.90073649789569,289.41875752303895,296.12891584362234,-6.710158320583389,634.4679261855714,,,-0.0247660444019818
2021-10-04,37391.71312036369,37670.2606587423,37355.166670840204,37579.2109375,146400,0.0,0.0,^NSEBANK,0.009502798561006998,0.009457930991783253,0.03389486603280645,37246.981640625,,,,37301.86735635411,36910.1706802027,37246.981640625,38340.92138745353,36153.04189379648,0.0587397796354791,57.448017395176336,278.2854600269129,292.56022468028044,-14.274764653367527,645.9392303734514,,,-0.015498592572079896
2021-10-05,37499.366077271785,37786.163533879044,37364.31686155309,37740.5625,153100,0.0,0.0,^NSEBANK,0.004293638915632059,0.004284447548279347,0.03833403726427709,37304.4134765625,,,,37343.64784622514,36942.73506529279,37304.4134765625,38373.884607669665,36234.94234545533,0.05733751218359672,59.37465881930533,279.2627964897547,289.9007390421753,-10.637942552420611,643.6680535339443,,,-0.011271499016652739
2021-10-06,37768.36039832345,38106.40723791289,37451.56331095973,37521.11328125,204200,0.0,0.0,^NSEBANK,-0.005814678007250107,-0.005831649066889259,0.03229645917361723,37357.050390625,,,,37360.54931622751,36965.416563957784,37357.050390625,38354.46662669736,36359.634154552645,0.05339908936293669,55.68198178939718,259.34011334536626,283.7886139028135,-24.448500557447232,628.450475008347,,,-0.017020636886462024
2021-10-07,37893.56086834115,37923.20896226254,37649.81369301898,37752.76171875,136400,0.0,0.0,^NSEBANK,0.0061738156798176735,0.006154835758757097,0.03866966723948351,37406.2998046875,,,,37397.90287837251,36996.29284453787,37406.2998046875,38378.14731112705,36434.45229824795,0.05196170225410898,58.60837508509111,259.25480830808374,278.88185278386754,-19.627044475783805,605.9793913520074,,,-0.010951903481534377
2021-10-08,37905.95941858374,38104.757897391224,37673.91523107112,37774.8125,168200,0.0,0.0,^NSEBANK,0.000584083925151635,0.0005839134145276038,0.03927633749566062,37460.9017578125,,,,37433.79903281322,37026.82302710502,37460.9017578125,38383.02741676981,36538.77609885519,0.04923136473963815,58.88667575012302,257.992539808125,274.70399018871905,-16.711450380594044,583.6473471050589,,,-0.010374216387156169
2021-10-11,37782.310630428,38494.85312553865,37744.209511005,38293.35546875,136100,0.0,0.0,^NSEBANK,0.01372721489352191,0.013633850134250959,0.05354270711421605,37552.00078125,,,,37515.66155052149,37076.490965993056,37552.00078125,38420.97901449587,36683.022548004126,0.0462813280340449,64.868620811438,295.42874815079995,278.84894178113524,16.57980636966471,579.0689972414303,,,0.0
2021-10-12,38177.90634537798,38609.151316352996,38144.15673895385,38521.05078125,201300,0.0,0.0,^NSEBANK,0.005946078887910877,0.005928470726043001,0.05980715516250035,37647.4220703125,,,,37611.41290582896,37133.140370512934,37647.4220703125,38501.06585806941,36793.7782825556,0.04534938866000385,67.13019567753445,339.5561300642876,290.99037943776574,48.56575062652183,580.6404065088464,13.790581882381037,,0.0
2021-10-13,38734.850405020785,38778.599896338535,38502.25154698448,38635.30078125,205900,0.0,0.0,^NSEBANK,0.00296591078599584,0.0029615211499713166,0.06295044863507226,37736.59609375,,,,37708.926036821445,37192.04862191439,37736.59609375,38612.62105303807,36860.57113446193,0.04642840372309895,68.23516242921716,379.3732397678468,308.666951503782,70.70628826406482,537.0872124605792,13.793538824283056,,0.0
2021-10-14,38684.19903004025,39374.59335324525,38672.55072786252,39340.44140625,249600,0.0,0.0,^NSEBANK,0.018251200605178486,0.018086646632533378,0.08235057050647554,37820.2099609375,,,,37864.3084529575,37276.29931933932,37820.2099609375,38950.9344591859,36689.4854626891,0.05979472347806968,74.0364061281717,462.49617341288103,339.4327958856018,123.06337752727921,558.9940736831928,14.568407000802317,,0.0
2021-10-18,39793.78779125135,39947.1375725786,39569.091182374505,39684.33984375,580000,0.0,0.0,^NSEBANK,0.008741600887207213,0.008703614309323041,0.09181204721388414,37913.8515625,,,,38037.64477589012,37370.73228108092,37913.8515625,39318.549281149746,36509.153843850254,0.07409944707591305,76.3088815017038,549.7838609021564,381.50300888891275,168.2808520132437,564.8372009019398,14.623348118897026,,0.0
2021-10-19,39926.8353346774,40010.68201348581,39393.79076738763,39540.0390625,274900,0.0,0.0,^NSEBANK,-0.003636214734027532,-0.0036428418327369484,0.0878419841610163,38033.590234375,,,,38180.729946043444,37455.80313525422,38033.590234375,39564.98787153284,36502.19259721716,0.08052869201781285,73.40561551508483,600.3951336683676,425.2814338448037,175.11369982356393,533.0409737207129,14.677503803654998,,-0.0036362147340275423
2021-10-20,39544.98796340791,39774.08685368338,39292.34247278154,39517.73828125,236900,0.0,0.0,^NSEBANK,-0.0005640050384054796,-0.0005641641490761123,0.08722843580096051,38147.70625,,,,38308.06407320598,37536.66333705797,38147.70625,39766.332444204105,36529.0800557959,0.0848609970726144,72.94372847667192,631.4267507653421,466.5104972289114,164.91625353643076,526.4555008543606,14.554934936527891,,-0.004198168929002319
2021-10-21,39676.09004418118,40199.98239800138,39427.64371050467,40029.734375,271300,0.0,0.0,^NSEBANK,0.012956108219202678,0.012872895817674142,0.10131468507419217,38301.98203125,,,,38472.03267337683,37634.43082874197,38301.98203125,40022.59351745614,36581.370545043865,0.089844514302279,76.58629785965329,689.3865180690555,511.0857013969403,178.30081667211516,543.7228774511708,14.739983379838414,,0.0
2021-10-22,40192.181210334675,40586.87974703235,40149.08405508166,40323.1796875,370500,0.0,0.0,^NSEBANK,0.007330683480209821,0.0073039446166451305,0.10938807444257792,38429.5779296875,,,,38648.33238900761,37739.871960457975,38429.5779296875,40351.21950370835,36507.93635566664,0.10000846626714334,78.38263501046882,750.3490784287278,558.9383768032978,191.41070162542997,544.3228376959881,14.7159539811821,,0.0
2021-10-25,40960.77222736883,41829.113661403244,40507.62907539896,41191.91796875,476800,0.0,0.0,^NSEBANK,0.021544389306166423,0.021315589354565834,0.13328916300998706,38597.680859375,,,,38890.57863469736,37875.24631372433,38597.680859375,40856.97946303879,36338.382255711214,0.11706913749016228,82.6311353689475,858.8618409933842,618.9230696413151,239.93877135206912,620.1184204753414,15.550968131410107,,0.0
2021-10-26,41057.27163485288,41366.76802885856,40828.67273579693,41237.8203125,437100,0.0,0.0,^NSEBANK,0.0011143531550248387,0.0011137327244242032,0.13455204736434268,38751.031640625,,,,39114.125461154756,38007.11196073514,38751.031640625,41287.66128108514,36214.40200016486,0.1309193346894455,82.82322552202587,937.7530887606408,682.6890734651803,255.06401529546054,628.4218933850326,15.304725063440294,,0.0
2021-10-27,41234.07001911297,41346.51792679433,40749.52488734053,40873.875,322800,0.0,0.0,^NSEBANK,-0.008825522535915398,-0.008864698126962799,0.12453903270215982,38897.4974609375,,,,39281.72065533049,38119.53404070632,38897.4974609375,41572.561556728375,36222.43336514662,0.1375442776737649,75.67689754212273,959.8431515268894,738.1198890775222,221.7232624493672,624.2896871350786,15.760245174792928,,-0.008825522535915434
2021-10-28,40914.67109435102,40930.57325257377,39349.740133332365,39508.48828125,512700,0.0,0.0,^NSEBANK,-0.03340487582227036,-0.033975563885831575,0.08697394595744812,38985.79375,,,,39303.31757208473,38174.00283445314,38985.79375,41616.55741455651,36355.03008544348,0.13496011811002384,56.11489916855775,857.292059018655,761.9543230657488,95.3377359529062,708.4852184371401,19.04918956580866,,-0.041935582873806866
2021-10-29,39424.09407730428,39774.78923346603,38426.20329350687,39115.1484375,341300,0.0,0.0,^NSEBANK,-0.00995583128744193,-0.01000572198754499,0.07615221673765071,39070.3177734375,,,,39285.39670212428,38210.91050516086,39070.3177734375,41596.43777094564,36544.19777592936,0.1293114641225446,51.948864244731766,735.7985140020173,756.7231612530026,-20.92464725098523,774.0383094113583,18.417640931087632,,-0.0514739105732166
2021-11-01,39431.69134389287,39862.13947912236,39120.1949547704,39763.2890625,203200,0.0,0.0,^NSEBANK,0.01657006686388085,0.016434281237424065,0.09398413092470714,39197.208984375,,,,39330.910260255296,38271.78809564475,39197.208984375,41584.27015641875,36810.14781233125,0.12179750721513334,57.54239690543598,683.9296210231478,742.1644532070316,-58.23483218388378,773.7774113462661,18.93156450072716,,-0.03575676984927936
2021-11-02,39796.435241260035,40107.13474998528,39590.238422463466,39937.984375,265000,0.0,0.0,^NSEBANK,0.004393381850918088,0.004383759122792278,0.09879042095070423,39315.14765625,,,,39388.72684261193,38337.1291262077,39315.14765625,41596.34908619023,37033.946226309774,0.11604694708949323,58.93011947689505,649.4333381078177,723.6182301871888,-74.18489207937114,777.4846792121706,18.02807614427195,,-0.03152048114206448
2021-11-03,40040.18399904455,40159.73339360422,39304.39565868067,39401.59375,267500,0.0,0.0,^NSEBANK,-0.013430588283162459,-0.013521594396312014,0.08403301919743256,39398.19921875,,,,39389.95226236318,38378.872836944654,39398.19921875,41555.61644170236,37240.78199579764,0.10951857017493452,53.182350339933414,572.2163903752153,693.3378622247941,-121.12147184957882,818.841063895706,18.60874876629891,,-0.04452773082052068
2021-11-04,39668.63951379436,39734.23640599095,39513.688193621994,39573.23828125,38800,0.0,0.0,^NSEBANK,0.00435628397011234,0.004346822832082502,0.08875537486203489,39500.80546875,,,,39407.408073685736,38425.71069750565,39500.80546875,41469.25446047414,37532.35647702585,0.09966627102231776,54.70481597508346,518.8902384864123,658.4483374771178,-139.5580989907055,789.7946413239707,18.38632584523879,,-0.040365422290407335
2021-11-08,39673.59101741613,39673.59101741613,38931.69727122194,39437.79296875,212900,0.0,0.0,^NSEBANK,-0.0034226492039236556,-0.0034285198670181184,0.08502894714499565,39585.05703125,,,,39410.30187321566,38465.400198338764,39585.05703125,41374.59424954578,37795.51981295422,0.0904147854016251,53.233712116109885,460.39245651101373,618.837161283897,-158.44470477288326,799.4516113143701,17.44074165844454,,-0.043649914813862656
2021-11-09,39517.392800923866,39560.14230464037,39222.94309422153,39368.34375,203500,0.0,0.0,^NSEBANK,-0.0017609813714735134,-0.001762533721876638,0.08311823138156371,39664.73359375,,,,39406.30586148084,38500.8097493843,39664.73359375,41244.514971397984,38084.95221610202,0.07965672447611793,52.45479537358807,403.7741146469634,575.8245519565103,-172.05043730954685,779.4736087658457,17.466277447352407,,-0.0453340294984826
2021-11-10,39205.743969404524,39219.84536816187,38873.34939160462,39022.796875,167900,0.0,0.0,^NSEBANK,-0.008777277428644648,-0.008816024624720753,0.0736114021767047,39701.2056640625,38219.66453125,,,39369.78119610171,38521.279832741784,39701.2056640625,41178.00299943811,38224.40832868689,0.07439559130126899,48.641214295814805,327.24860760650336,526.1093630865089,-198.86075548000554,780.4200357296702,17.552294493206837,,-0.05371339757326074
2021-11-11,38912.597451848575,38929.4956924851,38345.60405728725,38559.75,146000,0.0,0.0,^NSEBANK,-0.01186606066405893,-0.011937024293031558,0.060871864148850596,39703.140625,38263.915,,,39292.635367901545,38522.78846675191,39703.140625,41173.51471707295,38232.76653292705,0.07406840209245774,44.022460905266456,226.62518490978255,466.2125274511636,-239.58734254138108,773.6239021736728,17.832116284358833,,-0.06494209180324266
2021-11-12,38706.69952264663,38822.401305753636,38467.35464228487,38732.90234375,136000,0.0,0.0,^NSEBANK,0.004490494459896688,0.004480442271280272,0.06563570337747127,39708.020703125,38310.089453125,,,39239.327460839486,38531.02822663419,39708.020703125,41164.05019587067,38251.99121037933,0.07333679528534556,46.08415799770112,159.0192693649442,404.77387583391976,-245.75460646897557,759.1882801334172,17.775714091807313,,-0.06074321944680257
2021-11-15,38848.99829263539,39116.69440419672,38606.153455121625,38701.90234375,112300,0.0,0.0,^NSEBANK,-0.000800353139686738,-0.0008006735932562638,0.06478281849651091,39676.09375,38352.65,,,39188.14411635478,38537.72917240344,39676.09375,41192.799109767686,38159.388390232314,0.07645436918888648,45.75921467151041,101.76655183704861,344.1724110345456,-242.40585919749697,688.0887783599782,17.563426303303174,,-0.06149495656009037
2021-11-16,38710.448430940975,38724.249051759616,38210.65736598107,38306.65625,129100,0.0,0.0,^NSEBANK,-0.010212575346798869,-0.010265081482217643,0.05390864373463833,39607.2095703125,38382.165703125,,,39104.19289098765,38528.66748917193,39607.2095703125,41242.817773222305,37971.6013674027,0.08259143830903806,41.720051680187964,24.22109841107158,280.1821485098508,-255.9610500987792,686.3385206969007,17.776597436552834,,-0.07107951002957123
2021-11-17,38112.9561975825,38455.85456254524,37980.75851277526,38041.109375,139300,0.0,0.0,^NSEBANK,-0.006932134020441905,-0.00695627288204577,0.0466028077709677,39532.2630859375,38407.7734375,,,39002.946841845966,38509.547563125976,39532.2630859375,41311.86007479154,37752.66609708346,0.09003263916287577,39.21550614148821,-57.99313687607355,212.54709143266592,-270.5402283087395,677.6315928623418,17.732874679187418,,-0.07751891136038085
2021-11-18,38071.455919507316,38233.504817205685,37748.010460278245,37975.80859375,238700,0.0,0.0,^NSEBANK,-0.0017165845666139434,-0.0017180595861399685,0.04480622554377334,39455.1666015625,38435.45109375,,,38905.124151551114,38488.616623150454,39455.1666015625,41366.16238008365,37544.17082304135,0.09686922870301466,38.60180967101141,-126.95428796286433,144.6468155535599,-271.60110351642425,599.3931098399158,17.705733211857023,,-0.07910242816013288
2021-11-22,38231.70598107975,38240.5574411416,36654.9742286329,37128.37109375,209500,0.0,0.0,^NSEBANK,-0.02231519305001628,-0.0225679441739628,0.021491172920905077,39310.0984375,38448.651015625,,,38735.909574617675,38435.27366121318,39310.0984375,41462.67348665494,37157.52338834506,0.10951766262185111,31.67430431639717,-247.13875917942642,66.28970060696263,-313.42845978638906,616.3214864505977,18.809709262638012,,-0.0996524352550308
2021-11-23,36786.57205756083,37448.31435943624,36647.124461020816,37272.3671875,188700,0.0,0.0,^NSEBANK,0.003878330492506743,0.0038708291576505425,0.02545285328467073,39157.5578125,38458.742890625,,,38596.524585368374,38389.66948577345,39157.5578125,41436.5300673958,36878.58555760421,0.11640012208158157,33.84674602701661,-326.9971179339482,-12.367663101219534,-314.62945483272864,620.1928333643882,18.752922386440087,,-0.09616058984082611
2021-11-24,37384.317068641365,37891.459633146034,37237.619548730916,37441.515625,157600,0.0,0.0,^NSEBANK,0.004538172653459238,0.0045279061968597975,0.030106535380858945,38970.0376953125,38473.917734375,,,38486.52373199996,38352.486981429385,38970.0376953125,41159.63259729394,36780.442793331065,0.11237325039820584,36.404690531747164,-372.3444225942294,-84.36301499982152,-287.98140759440787,629.9745302853387,18.805146076155836,,-0.09205881054652311
2021-11-25,37361.617218822685,37507.51396326571,37117.9677025005,37364.31640625,140800,0.0,0.0,^NSEBANK,-0.0020618614781302558,-0.0020639900408787257,0.027982598397186864,38776.3625,38491.7765625,,,38379.646843833296,38313.73519416745,38776.3625,40800.342370347345,36752.38262965266,0.10439245663372072,35.72572066039531,-409.78803859480104,-149.44801971881742,-260.3400188759836,596.7037107025998,18.33801710814461,,-0.09393085950946502
2021-11-26,36830.47112449723,36868.47068362028,35903.6850022177,36025.08203125,211400,0.0,0.0,^NSEBANK,-0.0358426034197693,-0.03650072323859528,-0.008862974199587481,38533.9228515625,38480.025703125,,,38155.40257596822,38223.984089739315,38533.9228515625,40659.09998678489,36408.74571634011,0.11030162402145437,26.494214340255525,-541.2877672152536,-227.81596921810467,-313.4717979971489,677.2743355626959,20.840229058661695,,-0.12640673638295852
2021-11-29,36224.02836877486,36347.429278855765,35327.48800351136,35976.03125,187200,0.0,0.0,^NSEBANK,-0.0013615730619974675,-0.0013625008448574375,-0.010212479674665653,38357.3,38462.509921875,,,37947.843402066486,38135.8290764162,38357.3,40715.797016994315,35998.80298300569,0.12297513208668553,26.22690590997115,-642.0589813940605,-310.66457165329587,-331.3944097407647,697.1348733591398,20.78565045326656,,-0.12759619743784198
2021-11-30,35958.38366217206,36773.77264111847,35525.93945979679,35694.88671875,227300,0.0,0.0,^NSEBANK,-0.007814773377761042,-0.007845468742024209,-0.017947444838144144,38186.2869140625,38423.044375,,,37733.27609889349,38040.1058467038,38186.2869140625,40796.03038061565,35576.54344750934,0.13668485089562815,24.68932085730684,-736.1213598800896,-395.7559292986546,-340.36543058143496,762.1801569950569,19.901233485903003,,-0.13441383544876223
2021-12-01,35902.48192223586,36444.92875415044,35804.58462047128,36364.4765625,173900,0.0,0.0,^NSEBANK,0.01875870482587283,0.0185849301507841,0.00047458916763121195,38016.3462890625,38394.10375,,,37602.91423828458,37974.39489438208,38016.3462890625,40636.33324869884,35396.35932942617,0.13783475874903417,34.533413419178146,-748.0135337237807,-466.20745018367984,-281.8060835401009,780.397848209704,20.620540357927908,,-0.11817656008658617
2021-12-02,36281.42842164524,36563.07357439115,36166.27742087139,36507.82421875,131700,0.0,0.0,^NSEBANK,0.003941969465822703,0.0039342202622614396,0.0044184294494615806,37844.83828125,38381.354921875,,,37498.619950709864,37916.882318867094,37844.83828125,40382.97773221441,35306.69883028559,0.1341339831922027,36.44859819767879,-737.3712525190058,-520.440210650745,-216.93104186826076,760.3695150530621,20.71142726465658,,-0.11470043901220076
2021-12-03,36496.875407997366,36843.57058599445,36062.43125271982,36196.7265625,138900,0.0,0.0,^NSEBANK,-0.00852139679390218,-0.008557911480964473,-0.004140618534985374,37684.594921875,38360.58109375,,,37374.630104213684,37849.42523038211,37684.594921875,40213.5617322583,35155.62811149171,0.13421753985288515,34.116000100682186,-745.4470987686072,-565.4415882743175,-180.00551049428975,790.8047057534807,20.772666458694715,,-0.12224442785284519
2021-12-06,36252.32994887625,36344.12966645463,35696.3363911027,35735.484375,136000,0.0,0.0,^NSEBANK,-0.012742649164796283,-0.012824533074342503,-0.016830505250465033,37492.7072265625,38336.40640625,,,37218.52098714572,37766.525588994584,37492.7072265625,40000.59322207755,34984.821231047456,0.13377993647459432,30.95313482297476,-780.0734536790478,-608.3679613552636,-171.70549232378426,800.6084433446833,20.40679524920275,,-0.13342935916116141
2021-12-07,36086.529616937725,36820.27108524313,36013.530465746866,36617.97265625,146700,0.0,0.0,^NSEBANK,0.024695013840847047,0.024395020841994974,0.007448879030273359,37351.7162109375,38313.340625,,,37161.32590801279,37721.484297514406,37351.7162109375,39711.88215002677,34991.550271848224,0.1263752340460415,42.02729409709633,-727.9147126837634,-632.2773116209635,-95.63740106279988,841.408087949296,21.79536995319751,,-0.11202938519157456
2021-12-08,37052.31910364957,37384.36602339213,36904.71925764766,37284.265625,165000,0.0,0.0,^NSEBANK,0.01819579076659439,0.018032228482851565,0.025780208041148223,37247.5123046875,38302.42875,,,37173.034452487766,37704.33846721972,37247.5123046875,39408.40463274183,35086.61997663317,0.11602881343473716,48.71528553129376,-625.6027020016045,-630.9423896970917,5.339687695487214,862.2150391901642,21.48554226957171,,-0.09587205767763626
2021-12-09,37331.317423763365,37397.11744255636,36884.02182554627,37082.01953125,123200,0.0,0.0,^NSEBANK,-0.005424435492015989,-0.005439201163381493,0.02021592947364237,37150.4734375,38280.653046875,,,37164.36636475083,37679.93380306405,37150.4734375,39143.47889456222,35157.467980437774,0.10729367745017575,46.94493025375401,-554.4479352762501,-615.6434988129234,61.195563536673376,864.1865577674964,21.454268665210307,,-0.10077644137729302
2021-12-10,37082.71901055248,37152.819761268656,36823.97200690601,37105.21875,170900,0.0,0.0,^NSEBANK,0.0006256190747768731,0.0006254234567475055,0.020854196019512328,37077.746875,38263.86625,,,37158.733258584085,37657.39595784585,37077.746875,38957.13874588727,35198.355004112724,0.10137573230775089,47.182042878669556,-490.53075375038316,-590.6209498004154,100.0901960500322,774.4197393284921,21.423172367480163,,-0.1002138699665299
2021-12-13,37357.76449315635,37580.61346240294,36861.46948720217,36924.8203125,157300,0.0,0.0,^NSEBANK,-0.004861807680354935,-0.004873664714004366,0.015890999248782123,36987.3427734375,38247.51140625,,,37136.455835147506,37628.667501165626,36987.3427734375,38697.86312805386,35276.82241882114,0.09249220010715521,45.47991748223361,-449.2538543640185,-562.3475307131359,113.09367634911746,768.5593162417307,19.421891870052384,,-0.10458845708420346
2021-12-14,36778.52087060411,37038.619403816316,36544.97280941671,36893.51953125,132200,0.0,0.0,^NSEBANK,-0.0008476894670060853,-0.0008480489588950047,0.015029839149092616,36896.9236328125,38236.8884375,,,37113.31904430013,37599.83816901207,36896.9236328125,38405.042384781475,35388.80488084352,0.08174766909985985,45.17539186767271,-414.29162965260184,-532.7363505010292,118.44472084842732,757.1169240977657,19.283894197957103,,-0.10534748801776889
2021-12-15,36929.07259905767,37083.07081674962,36742.77397394651,36789.125,105800,0.0,0.0,^NSEBANK,-0.002829617032378162,-0.0028336279667120308,0.012157693427864213,36821.0470703125,38228.161640625,,,37082.44342103345,37568.04549571749,36821.0470703125,38175.387830218635,35466.70631040637,0.07356340287227131,44.11444834065668,-390.5060699966198,-504.29029440014733,113.78422440352756,753.5991085290443,18.474076157338867,,-0.10787901200373368
2021-12-16,37092.51709655233,37158.8678860757,36385.32611646998,36548.22265625,112700,0.0,0.0,^NSEBANK,-0.006548194439253474,-0.006569727919547287,0.005529888048112275,36746.402734375,38207.541875,,,37031.56525295883,37528.05244318936,36746.402734375,37976.47165345983,35516.33381529017,0.06694907950454376,41.68177125182373,-386.63772936875466,-480.7597813938688,94.12205202511416,704.5212774985745,18.390137309778936,,-0.11372079369647212
2021-12-17,36491.37656845912,36550.32510193155,35534.63769056269,35618.234375,152100,0.0,0.0,^NSEBANK,-0.025445513178490087,-0.025774849004950525,-0.020056335969581673,36628.5240234375,38165.0953125,,,36896.96231220085,37453.15761698585,36628.5240234375,37813.56211851706,35443.48592835794,0.06470575196102842,33.908070421588974,-453.38794955355115,-475.2854150258053,21.89746547225417,704.2174300717498,19.296098001025776,,-0.1362726229202903
2021-12-20,35123.94520596271,35230.693970963104,34018.05565648867,34439.453125,200100,0.0,0.0,^NSEBANK,-0.03309488161567531,-0.03365490790407651,-0.052487455520699444,36494.078125,38103.462109375,,,36662.91381818172,37334.97312710405,36494.078125,38005.519954916694,34982.636295083306,0.08283216935852897,27.027455606547292,-594.552148278919,-499.1387616764281,-95.41338660249096,729.3849684424391,20.985835981585616,,-0.164857578212961
2021-12-21,34862.94624835966,35049.59251592339,34389.54940828774,34607.44921875,159600,0.0,0.0,^NSEBANK,0.004878012816877497,0.004866153862142586,-0.04786547718457723,36360.8322265625,38040.555859375,,,36467.1552849025,37228.01140520781,36360.8322265625,38043.54390408197,34678.12054904304,0.09255627962718647,29.231472784173164,-684.9739586246724,-536.305801066077,-148.66815755859534,722.9564736020968,21.161260694848863,,-0.16078374277556573
2021-12-22,34864.845654867684,35111.694354539286,34687.19927762198,35029.09375,128600,0.0,0.0,^NSEBANK,0.012183635048767405,0.012110011961913006,-0.036265017641261776,36240.2111328125,37985.641484375,,,36330.19704348322,37141.779340297704,36240.2111328125,37942.492889318746,34537.92937630626,0.0939443619833091,34.57276142906399,-714.375825107818,-571.9198058744253,-142.45601923339268,730.6314009070629,21.68380344395794,,-0.15055903817055075
2021-12-23,35350.08798649207,35476.88728986667,35045.84153255535,35190.73828125,114200,0.0,0.0,^NSEBANK,0.004614579309520472,0.0046039647802835,-0.03181778613180808,36131.5322265625,37923.589140625,,,36221.67716136577,37065.2679262174,36131.5322265625,37808.99482196691,34454.06963115809,0.09285311150857888,36.54990141494058,-716.3757200007894,-600.8109886996981,-115.56473130109134,706.8209870922084,21.76361161840222,,-0.14663922548343347
2021-12-24,35281.788013753845,35327.53748054931,34582.99537684798,34856.64453125,132500,0.0,0.0,^NSEBANK,-0.009493797695571793,-0.009539151071689412,-0.04100951220272353,36073.1103515625,37850.301015625,,,36091.674053735696,36978.65524406182,36073.1103515625,37844.91753408405,34301.30316904095,0.09823423404601464,34.24641347470323,-736.4301166263322,-627.9348142850249,-108.49530234130725,713.7316176885937,21.693677760023945,,-0.15474086003803017
2021-12-27,34573.24779897619,35143.291974492815,34232.60330890128,35057.4921875,335100,0.0,0.0,^NSEBANK,0.005762105301614362,0.005745567869400785,-0.035483708028789085,36027.1833984375,37778.74484375,,,35993.18054266563,36903.31551635351,36027.1833984375,37856.27857249791,34198.08822437708,0.10153972647996358,36.82412377788854,-727.7278494768107,-647.8934213233821,-79.83442815342858,701.2960430706231,21.73628967793258,,-0.14987038786641738
2021-12-28,35307.889173637384,35351.98631581759,35037.4899821111,35183.390625,181600,0.0,0.0,^NSEBANK,0.0035911991886541372,0.0035847662296057477,-0.032019937903618345,36001.60859375,37695.603828125,,,35916.05769336414,36835.867481398476,36001.60859375,37864.26274072419,34138.95444677582,0.10347616230112278,38.452896676358264,-702.5734588385603,-658.8294288264177,-43.744030012142616,669.0176835395052,21.816003202316807,,-0.14681740309307237
2021-12-29,35168.44388141819,35377.890672210495,34890.39632336253,35044.9921875,122500,0.0,0.0,^NSEBANK,-0.003933629904380509,-0.003941386975472989,-0.03582761322272476,35935.634375,37602.816875,,,35833.099073758036,36765.63707771619,35935.634375,37837.23603086576,34034.032719134244,0.10583376021816826,37.31401966525767,-685.8993989785231,-664.2434228568388,-21.65597612168426,667.1890215279246,21.713279959952377,,-0.15017350767016246
2021-12-30,34977.24318336054,35178.643193645104,34750.847368932926,35063.1953125,328000,0.0,0.0,^NSEBANK,0.0005194215739185992,0.0005192867212277838,-0.035326801284056075,35863.4029296875,37513.28,,,35759.77490601917,36698.87465555084,35863.4029296875,37783.15198895791,33943.653870417096,0.10705894602551778,37.575897967693315,-663.5670583590836,-664.1081499572879,0.5410915982042752,674.2567408386058,21.699566596999833,,-0.14973208945595867
2021-12-31,35113.988661307674,35596.53381131151,35113.34023137478,35481.28515625,210300,0.0,0.0,^NSEBANK,0.011923894557349435,0.01185336503081422,-0.023824139780266207,35827.630859375,37432.5509375,,,35733.25207270782,36651.126047735124,35827.630859375,37747.890692040324,33907.371026709676,0.10719435176735113,43.422227484594636,-605.1562961688178,-652.3177791995938,47.161483030776026,660.9849210965159,22.10538238212612,,-0.13959358454513368
2022-01-03,35584.78703524051,36491.67887433692,35526.1900577274,36421.4765625,219000,0.0,0.0,^NSEBANK,0.02649823426940845,0.02615323732866786,0.002042796851977613,35861.93046875,37360.38578125,,,35798.79726221184,36642.120185569045,35861.93046875,37799.68674851896,33924.17418898104,0.10806759449034775,53.88220720717083,-477.49548659047286,-617.3533206777697,139.85783408729685,697.8954299313237,22.75696843857823,,-0.1167943337815086
2022-01-04,36550.823682085975,36887.37053795375,36373.97418230583,36839.71875,190500,0.0,0.0,^NSEBANK,0.011483394605989794,0.011417960887834356,0.013549649700318467,35873.0177734375,37290.7165625,,,35897.932642001186,36649.86914888006,35873.0177734375,37831.41581459469,33914.61973228031,0.10918501774931819,57.6344750630034,-338.6707406348942,-561.6168046691946,222.94606403430043,710.2596808488104,22.99083581879983,,-0.10665213459807546
2022-01-05,36943.1220130249,37861.9590050948,36755.92496691599,37695.4609375,237400,0.0,0.0,^NSEBANK,0.0232287926329513,0.02296311067640673,0.037093184336407514,35893.5775390625,37220.787421875,,,36069.125813001076,36690.87274843379,35893.5775390625,37921.74799928089,33865.40707884411,0.11301021515680115,64.0750077828037,-157.78108436617185,-480.84966060859006,323.0685762424182,734.0091286040313,23.949888299549,,-0.08590074228356441
2022-01-06,37242.116171825764,37752.05943962096,37058.01675773592,37489.8125,199000,0.0,0.0,^NSEBANK,-0.005455522558563963,-0.005470458267925107,0.03143529907392728,35913.9671875,37145.827265625,,,36204.42930700097,36722.203719083445,35913.9671875,37999.82256680546,33828.11180819454,0.11615844990978609,61.64948259153524,-30.66534772410523,-390.81279803169315,360.1474503075879,711.0345050694731,23.99955705517105,,-0.09088763140480305
2022-01-07,37666.61412230199,38134.40948052595,37427.36689583087,37739.1640625,183300,0.0,0.0,^NSEBANK,0.006651181904417269,0.006629160386206079,0.0382955628707049,35945.664453125,37083.133046875,,,36350.5945218104,36762.08451686448,35945.664453125,38124.917544169686,33766.41136208031,0.12125262527204338,63.45585103492426,89.16750902080821,-294.8167366211929,383.9842456420011,647.2390669397412,21.478179944818518,19.044697488130193,-0.08484095966972066
2022-01-10,37930.11031517277,38399.90564089146,37928.91111034862,38347.453125,206500,0.0,0.0,^NSEBANK,0.016118244206273724,0.015989724477208898,0.05503106431134541,36016.79609375,37059.91234375,,,36540.77153163798,36824.255834830576,36016.79609375,38412.71730266761,33620.874884832396,0.13304466075667243,67.47995213449286,230.56198001444864,-189.7409932940646,420.30297330851323,647.2889577080138,21.860053529999625,19.221868530331072,-0.07009020277009821
2022-01-11,38369.55552385211,38504.15552713439,38031.309442123085,38441.75390625,159500,0.0,0.0,^NSEBANK,0.002459114584288269,0.002456095909850343,0.05762550658847054,36094.2078125,37046.444453125,,,36721.81747207722,36887.687131748986,36094.2078125,38700.23352265378,33488.18210234621,0.14440132464972832,68.06700956325346,346.2362064480476,-82.54555334564216,428.78175979368973,645.0461683667293,21.65196641229156,19.215426425924306,-0.06780344802565758
2022-01-12,38719.15243595666,38850.9985628448,38604.15376989478,38727.1015625,156100,0.0,0.0,^NSEBANK,0.007422857368732272,0.007395443538689877,0.06547610987341002,36191.106640625,37025.720703125,,,36912.796909260345,36959.82103099412,36191.106640625,39038.83664900133,33343.37663224868,0.1573718116251085,69.84114960257229,455.6812258738137,25.099802498249005,430.58142337556467,642.2926767044529,21.158859890464264,19.219276010892308,-0.06088388598072802
2022-01-13,38717.10260261493,38717.10260261493,38375.704210799726,38469.50390625,159200,0.0,0.0,^NSEBANK,-0.006651612071568946,-0.006673832632993338,0.05838897611900773,36287.170703125,36996.35109375,,,37061.05471849746,37019.02428100416,36287.170703125,39309.87202626017,33264.46937998982,0.16659889787852009,66.26211512574669,515.6866989894625,123.2171817964917,392.4695171929708,614.2109087043775,21.30474406386808,19.253390806098732,-0.0671305220613435
2022-01-14,38301.9070397266,38447.60456754593,38007.3088962622,38369.953125,148600,0.0,0.0,^NSEBANK,-0.0025877843783118637,-0.0025911384800170797,0.05565009366042939,36424.756640625,36975.71828125,,,37185.711709592935,37072.00188272949,36424.756640625,39567.37856386465,33282.13471738534,0.17255417540578144,64.87841436892798,548.8813896898791,208.3500233751692,340.53136631470994,582.175647589825,21.12277313806797,19.24107128030319,-0.06954458712335707
2022-01-17,38212.10551067158,38617.0500107632,38137.80559520916,38215.703125,140300,0.0,0.0,^NSEBANK,-0.004020072672423991,-0.004028174886185262,0.05140630356726317,36613.569140625,36948.567578125,,,37283.8061301079,37116.85291183814,36613.569140625,39707.34559911108,33519.79268213891,0.16899616896695005,62.69383949171835,556.3287241168146,277.9457635234983,278.3829605933163,593.9433677217936,20.740458571139353,19.2451387007291,-0.0732850855015714
2022-01-18,38336.9516437718,38855.09794884346,38094.95446410095,38209.85546875,168800,0.0,0.0,^NSEBANK,-0.0001530171047977591,-0.00015302881310933595,0.05124542041872515,36793.689453125,36924.008828125,,,37372.00130521667,37159.71575720723,36793.689453125,39814.29054501508,33773.08836123492,0.16419125870692103,62.607772562837454,555.357122110945,333.42803524098764,221.92908686995742,613.4183059999757,19.63195870014353,19.20225114741256,-0.07342688873476089
2022-01-19,38145.307382380764,38330.055238666064,37768.81175103346,38040.91015625,165300,0.0,0.0,^NSEBANK,-0.004421511424929969,-0.004431315215625131,0.0465973267819384,36944.2802734375,36897.46015625,,,37435.70691007699,37194.27240030695,36944.2802734375,39893.94061520834,33994.61993166666,0.1596815701883688,60.0431474912161,534.7899204298737,373.7004122787649,161.08950815110887,622.9502819228629,19.045514036941093,19.214239974012628,-0.07752374233225302
2022-01-20,38105.657179594506,38167.5041145941,37591.41317663697,37850.41015625,149600,0.0,0.0,^NSEBANK,-0.005007766618031373,-0.0050203475002711835,0.04135621162635883,37077.2638671875,36874.012421875,37546.8384765625,,37475.20245733156,37220.00329269688,37077.2638671875,39932.3544546766,34222.17327969841,0.15400762028806464,57.197967510077284,497.3849627546151,398.437322373935,98.94764038068013,626.0040275761219,19.03417497923713,19.207711209007982,-0.0821432881413281
2022-01-21,37521.91466737574,37740.56055902154,37223.816575850076,37573.86328125,157800,0.0,0.0,^NSEBANK,-0.007306311182848191,-0.007333132999949593,0.033747739092024664,37213.1248046875,36854.2946875,37559.10484375,,37484.59872627617,37233.88015499308,37213.1248046875,39875.38038197498,34550.86922740001,0.14308153863779463,53.25295432483714,440.35016015713336,406.81988993057473,33.53027022655863,598.5897320270508,19.1770993160655,19.242939907710106,-0.08884943489943338
2022-01-24,37601.511920817844,37694.26084216676,36374.928529483084,36947.12109375,231000,0.0,0.0,^NSEBANK,-0.01668027008052575,-0.0168209523922673,0.016504547608836795,37307.60625,36818.5790625,37564.3342578125,,37433.4103803213,37222.634701611,37307.60625,39774.72021396147,34840.49228603853,0.13225796087957106,45.58023548555453,340.65001028552797,393.58591400156536,-52.93590371603739,656.1565861010333,19.76068614767193,19.423312760681657,-0.1040476724093345
2022-01-25,36597.62614515124,37788.36232923964,36415.17904330427,37706.3125,267500,0.0,0.0,^NSEBANK,0.0205480531033424,0.020339789962539868,0.037391737032892225,37433.75234375,36798.667265625,37575.6586328125,,37459.40105838594,37241.602458410576,37433.75234375,39692.769905761,35174.734781739,0.12069415543847671,54.1903610418646,319.217583274607,378.71224785617375,-59.494664581566724,675.2386752265016,20.625998120297933,19.373546797539305,-0.08563759640393821
2022-01-27,37057.76854956436,38147.20510735895,37011.819864809884,37981.66015625,346300,0.0,0.0,^NSEBANK,0.007302428638440883,0.007275895001456312,0.044967216162683066,37580.5857421875,36792.16734375,37587.1665234375,,37509.140020087274,37270.624328914084,37580.5857421875,39548.90528139261,35612.266202982384,0.10475193509267217,56.856501177926596,320.75304371306265,367.12040702755155,-46.3673633144889,706.7631438453599,20.67967403254688,19.401378002729977,-0.07896053020200472
2022-01-28,38246.157594464494,38421.253218174104,37581.06375248925,37688.9609375,294300,0.0,0.0,^NSEBANK,-0.007706330306413323,-0.007736177510298857,0.03691435363556028,37711.8740234375,36785.124375,37596.44890625,,37526.26582174563,37287.02968611353,37711.8740234375,39283.50388086404,36140.24416601096,0.0833493374765618,53.304946707791686,294.9515090142595,352.6866274248931,-57.73511841063362,716.2736353446292,20.719803997744265,19.214674477747717,-0.08605836458151185
2022-01-31,38091.35802145327,38216.8057820451,37647.413962944105,37974.91015625,217800,0.0,0.0,^NSEBANK,0.007587081512387517,0.007558444366477401,0.04478150735795783,37836.5552734375,36785.10640625,37610.27875,,37568.993853603184,37314.005390824765,37836.5552734375,39007.731018467566,36665.37952840744,0.061907102090356964,56.1844566682113,294.1861245321343,340.98652684634135,-46.800402314207076,709.7486525381672,19.197138855457343,19.25071520146481,-0.07912421489602707
2022-02-01,38460.00052557831,38802.246532769044,37690.16185064272,38505.05078125,234100,0.0,0.0,^NSEBANK,0.013960286484384188,0.013863739199237906,0.059366956514261604,37940.733984375,36812.64,37630.6455078125,,37658.14213242669,37360.713053194384,37940.733984375,38939.967836342745,36941.50013240726,0.05267340649652451,60.98771507884907,332.5243361255416,339.29408870218145,-6.76975257663986,755.4085523320973,16.303817737840074,19.33566108838508,-0.06626852511944341
2022-02-02,38841.09943172468,39386.143879334384,38752.19812104442,39330.04296875,252600,0.0,0.0,^NSEBANK,0.021425557706360232,0.021199257148980553,0.08206448437326919,38065.2501953125,36853.793515625,37656.268203125,,37817.3707835051,37437.94167733382,38065.2501953125,39106.563490994195,37023.93689963081,0.0547120163581598,67.04257919443256,424.5832879594018,356.35192855362556,68.23135940577623,789.1120124384963,17.08746134109685,19.305562781538637,-0.04626280752214527
2022-02-03,39255.243239803356,39424.39361874547,38860.6970415019,39009.546875,193800,0.0,0.0,^NSEBANK,-0.008148887454932474,-0.008182271121833477,0.07324686267113178,38130.9544921875,36885.154140625,37679.5359375,,37930.91136364747,37499.573253712886,38130.9544921875,39237.793955219626,37024.11502915537,0.058054642364586136,62.95478213289922,466.3040514279928,378.342353128499,87.96169829949383,804.2762428344457,17.2902128214009,19.35909084178705,-0.05403470456523053
2022-02-04,39127.54685936882,39278.146677754965,38562.15496973748,38788.90234375,163100,0.0,0.0,^NSEBANK,-0.005656167500663889,-0.005672224190906051,0.06717639864630187,38195.908984375,36913.645859375,37702.7112109375,,38012.624790323905,37550.13517881238,38195.908984375,39296.78377390115,37095.03419484884,0.0576435968562233,60.23195131737347,476.0759798415311,397.8890784711054,78.18690137042569,822.4045784079946,17.495499188292822,19.330219505564845,-0.0593852427260246
2022-02-07,38591.602444073695,38837.099592015446,37802.26005174329,37995.0078125,241900,0.0,0.0,^NSEBANK,-0.020467053287933967,-0.02067940590792808,0.045334442427582555,38208.701171875,36953.044375,37716.5350390625,,38010.9469829121,37567.58116444718,38208.701171875,39293.05086702332,37124.35147672668,0.056759306749034184,51.58659119330273,414.9760639422602,401.3064755653364,13.669588376923798,862.0899444592885,18.45595702381731,19.61286938251452,-0.07863685508656817
2022-02-08,38175.65844241026,38221.65790847612,37318.61760917495,38028.0078125,200200,0.0,0.0,^NSEBANK,0.0008685351550090648,0.0008681581966032825,0.04624235213957273,38192.72890625,36994.08390625,37728.2969140625,,38012.57182382523,37585.63711142965,38192.72890625,39277.88360894804,37107.57420355196,0.05682519860582478,51.89567488758176,365.009166141499,394.04701368056897,-29.037847539069958,872.2968597849067,18.445493303914475,19.59183008518288,-0.07783661880468115
2022-02-09,38283.156144207205,38647.69877781298,38191.55564746408,38609.80078125,124900,0.0,0.0,^NSEBANK,0.01529906514215984,0.015183214554557787,0.06224888203944268,38201.13125,37052.3821875,37737.71328125,,38069.4507721514,37625.80039259908,38201.13125,39296.95460998987,37105.307890010125,0.05737125179976831,57.09618083220404,368.1124982361507,388.8601105916853,-20.747612355534613,876.4716796192193,18.798977467142734,19.69942823859209,-0.06372838116405961
2022-02-10,38800.99852716137,39196.743930395016,38519.552577536575,39010.49609375,147800,0.0,0.0,^NSEBANK,0.010378072520244475,0.010324590037426515,0.07327297797179666,38215.3009765625,37105.302578125,37749.7031640625,,38159.07413611318,37680.10218480108,38215.3009765625,39346.518116132705,37084.0838369923,0.05920231481437132,60.2810371732969,398.3131679885264,390.7507220710536,7.5624459174728145,883.6931378264557,18.786647910568163,19.74490696220355,-0.05401168640513364
2022-02-11,38567.19863096341,38789.79759730725,38395.95062821687,38516.80078125,155000,0.0,0.0,^NSEBANK,-0.012655448198186203,-0.012736210494940234,0.0596902273965616,38217.6658203125,37145.482109375,37763.418515625,,38193.14334041192,37712.913894465746,38217.6658203125,39351.315648649295,37084.0159919757,0.05932595850656421,54.87591976951703,378.0523781308366,388.21105328301024,-10.158675152173657,882.8325581931131,19.356652363634513,19.80995605525392,-0.06598359250392304
2022-02-14,37663.56151759803,37796.110755698464,36827.62203092697,36908.12109375,213800,0.0,0.0,^NSEBANK,-0.04176566212329624,-0.0426629193614856,0.015431563403757842,38144.57421875,37159.71,37760.145546875,,38070.76026930127,37681.35339247689,38144.57421875,39416.90217270209,36872.24626479791,0.06671082218171276,41.74203293950841,229.54252635480225,356.4773478973687,-126.93482154256645,909.2501608816383,23.140611569887266,21.01313597114735,-0.10499340619701916
2022-02-15,36989.3692387603,38231.15553250862,36651.423962703804,38169.65625,193000,0.0,0.0,^NSEBANK,0.03418042205523242,0.03360925027984842,0.050139442809102874,38142.271875,37208.3934375,37772.399921875,,38080.17893412972,37700.50252414447,38142.271875,39414.224479023476,36870.31927097652,0.06669516740858676,51.53762356962635,211.20806775415258,327.4234918687255,-116.2154241145729,924.0036097294562,23.956832400679588,21.76086388941738,-0.07440170307861735
2022-02-16,38296.054608126055,38461.25190559371,37762.36159634785,37953.359375,170100,0.0,0.0,^NSEBANK,-0.0056667231578748645,-0.005682839948649218,0.044188593309538726,38129.4470703125,37235.101171875,37774.2208984375,,38068.10088087927,37710.418479079985,38129.4470703125,39403.70079667006,36855.19334395493,0.06683830080241034,49.98574740742584,177.18208232340112,297.37520995966065,-120.19312763625953,892.8254002077987,23.86209965635071,21.760315291914075,-0.07964681238267132
2022-02-17,38041.65811223532,38124.05558923084,37425.16529867026,37531.2109375,136300,0.0,0.0,^NSEBANK,-0.011122821390563642,-0.011185142523866709,0.03257427008809288,38103.962109375,37240.040078125,37771.2344140625,,38016.96850531934,37703.390732351356,38103.962109375,39405.761687826445,36802.16253092356,0.06832883019958447,47.01047369599105,114.82871886826615,260.86591174138175,-146.0371928731156,882.7326019846363,23.160913512766374,21.841758645340832,-0.0898837365047748
2022-02-18,37344.014682405104,37817.11073994177,37304.01514784118,37598.7109375,113500,0.0,0.0,^NSEBANK,0.001798503120840067,0.0017968877506444516,0.03443135813534548,38091.3771484375,37250.37390625,37765.5134765625,,37977.134451241305,37699.28564235719,38091.3771484375,39408.2764336869,36774.477863188105,0.06914422023218535,47.54808127715614,70.0523945787063,222.70320830884668,-152.65081373014038,878.7114429131788,23.10895389925888,21.720696434251455,-0.08824688956455135
2022-02-21,37399.565815608046,38053.95665606025,37156.369420208444,37685.1640625,143300,0.0,0.0,^NSEBANK,0.0022993640697870354,0.002296724577552387,0.036809892432903,38096.9421875,37261.9728125,37762.91953125,,37949.32774755166,37698.73185491181,38096.9421875,39405.54785612833,36788.33651887166,0.068698724542659,48.271955340794406,41.06945652189461,186.3764579514563,-145.3070014295617,863.3901967507128,23.037686141685942,21.7004671137884,-0.08615043722189943
2022-02-22,36832.57265576282,37658.96150521379,36817.67439111764,37371.21484375,159400,0.0,0.0,^NSEBANK,-0.008330843889370443,-0.008365739310007508,0.028172391076089598,38118.146875,37270.900703125,37759.2060546875,,37894.269375761025,37685.88805055253,38118.146875,39360.36311477673,36875.93063522327,0.06517715794790885,45.80005460821718,-7.150383696658537,147.67108962183335,-154.82147331849188,862.4185234148541,22.642653972785435,21.736825505735666,-0.0937635752677732
2022-02-23,37628.11444507428,37774.16353273688,37317.567264934005,37391.6171875,137300,0.0,0.0,^NSEBANK,0.000545937396879026,0.0005457884272746232,0.028733708834816518,38102.412109375,37280.86265625,37758.875546875,,37846.39773878379,37674.34801670733,38102.412109375,39374.2128892587,36830.6113294913,0.06675696941353357,45.993601716610726,-43.22043754371407,109.49278418872387,-152.71322173243794,854.7685013119475,22.62579686549679,21.51023939019086,-0.09326882691309801
2022-02-24,36084.779083422356,36708.721037611955,34990.94416269976,35227.69140625,427800,0.0,0.0,^NSEBANK,-0.057871949490684194,-0.05961407892079611,-0.03080111640223615,37964.713671875,37249.633984375,37738.8978125,,37596.99713568533,37578.400698650184,37964.713671875,39774.23455674038,36155.19278700961,0.09532646027597538,32.6686420152527,-243.60877068549598,38.872473213879914,-282.4812438993759,975.1028810821444,27.865123531299695,23.498420954824663,-0.14574312756361205
2022-02-25,35901.283470258466,36684.2236223079,35767.785016213806,36430.328125,372800,0.0,0.0,^NSEBANK,0.034138959175071815,0.033569156974585776,0.0022863247174331747,37901.78203125,37247.27609375,37727.408984375,,37485.88580133434,37533.37824478155,37901.78203125,39835.00019977176,35968.56386272823,0.10201199336368028,42.618505480697806,-301.8951764013036,-29.28105670915679,-272.6141196921468,1005.2237864954119,29.838731457089768,24.227007345118434,-0.11657968707048161
2022-02-28,35938.53044735812,36269.827368192266,35611.4834770017,36204.87890625,238300,0.0,0.0,^NSEBANK,-0.006188503654878885,-0.0062077318136890556,-0.003916327866315794,37813.28046875,37259.008984375,37712.0521484375,,37363.885144659645,37481.2802315058,37813.28046875,39889.198085785276,35737.36285171473,0.10979833493953912,41.383894695796265,-362.1053159774892,-95.84590856282328,-266.25940741466593,999.2098114023502,29.866893316559327,24.243772808478223,-0.12204673690584018
2022-03-02,35381.48817576046,35553.28696493851,34897.044574317275,35372.390625,211300,0.0,0.0,^NSEBANK,-0.02299381482273899,-0.023262296174070198,-0.026820091371311583,37656.6474609375,37277.667734375,37690.564921875,,37174.218999930155,37398.578678309495,37656.6474609375,39971.748020615225,35341.546901259775,0.12295839995205395,37.109002136638395,-471.5612675288867,-170.98898035603597,-300.5722871728507,1048.3629090180464,30.49131165406657,24.409597121462053,-0.1422342316604467
2022-03-03,35620.73431871012,35803.73219121727,34720.744781789705,34943.89453125,172500,0.0,0.0,^NSEBANK,-0.012113857338416745,-0.01218782809600328,-0.03860905394905301,37437.3400390625,37284.396640625,37662.47625,,36961.807145770144,37302.3165548954,37437.3400390625,39910.58173806138,34964.098340063625,0.13212699921619817,35.099238606296495,-586.1254619206811,-254.01627666896502,-332.1091852517161,1077.3483416301267,30.611755070316853,24.43277231799332,-0.1526250838078895
2022-03-04,34525.70175509357,35097.34357298496,34093.70675759289,34407.40234375,194500,0.0,0.0,^NSEBANK,-0.015352959213524975,-0.01547203625402741,-0.05336924993202541,37207.2328125,37271.9628125,37628.8021484375,,36718.5304979587,37188.790507399506,37207.2328125,39910.25617907147,34504.20944592853,0.1452955870270133,32.71057454467416,-712.0013390148742,-345.6132891381469,-366.38804987672734,1105.1405809057655,30.82551350917313,24.227849975825983,-0.16563479633475112
2022-03-07,33277.76088633603,33542.910142170855,32376.122949267025,32870.8671875,248900,0.0,0.0,^NSEBANK,-0.04465711014447182,-0.045684955974205715,-0.09564304360395492,36911.3310546875,37225.565390625,37574.577265625,,36352.08637315311,37019.46018112894,36911.3310546875,40131.54105415438,33691.12105522062,0.17448354786750161,27.035672823410763,-925.0806701255424,-461.506765335626,-463.57390478991636,1129.5763412029046,33.09110174104147,25.256364070803706,-0.20289513513554475
2022-03-08,32531.520975180167,33263.16283265908,32154.974585594362,33157.71484375,276800,0.0,0.0,^NSEBANK,0.008726501026388611,0.008688645189558955,-0.0877511716957432,36669.46640625,37191.586796875,37520.94390625,,36047.860513209955,36868.01918750624,36669.46640625,40253.10270339377,33085.83010910623,0.19545614639939074,29.494820898939352,-1058.5985020341686,-580.9251126753345,-477.67338935883413,1095.8946752928973,33.29765270988007,25.300465021556906,-0.1959391987141658
2022-03-09,33278.510166289576,33969.10367141036,32948.514016462075,33815.0546875,258500,0.0,0.0,^NSEBANK,0.01982464252580729,0.019630693424052787,-0.06966616478002474,36458.81875,37166.738046875,37472.7414453125,,35835.212339332815,36748.29508946678,36458.81875,40198.11832075975,32719.519179240247,0.2051245596518264,34.90883609361582,-1098.7053229507947,-684.4811547304266,-414.224168220368,1118.873199985928,33.76196055471402,25.007425632285806,-0.1799989807596599
2022-03-10,35153.53895841762,35373.73560735664,34217.65144321832,34475.19921875,273900,0.0,0.0,^NSEBANK,0.0195222080032309,0.0193340940253629,-0.05150399413641682,36252.088671875,37152.57421875,37424.0890234375,,35705.68728022969,36659.15407492887,36252.088671875,39947.59069806317,32556.586645686824,0.20387801980939144,39.90005142406659,-1064.9460853019918,-760.5741408447396,-304.3719444572522,1180.286816364218,33.701762005105905,25.214276491076305,-0.16399075029918872
2022-03-11,34330.60016316442,34879.64454988099,34093.903701137686,34545.84765625,169500,0.0,0.0,^NSEBANK,0.002049253930390016,0.0020471570737269113,-0.04956028496844167,36028.85625,37142.591328125,37372.7041015625,,35595.2263636602,36576.27931341205,36028.85625,39558.4390473598,32499.27345264019,0.19593088233878123,40.42653562159552,-1020.7246296192825,-812.6042385996482,-208.12039101963433,1199.7614775529837,33.59968642832908,25.03974117728422,-0.16227755505839697
2022-03-14,34659.84741565458,35434.68997812979,34624.648605749135,35311.73828125,193300,0.0,0.0,^NSEBANK,0.0221702658050551,0.021928078497205673,-0.028488783854511146,35868.603125,37147.5621875,37330.42109375,,35568.22749866875,36526.68946901354,35868.603125,39208.50712126661,32528.69912873339,0.1862299451488109,45.95397367450564,-913.3493124363158,-832.7532533669817,-80.59605906933416,1199.1368408406972,34.338774336746354,25.33193745718251,-0.14370502578318106
2022-03-15,35467.53780342269,35643.387326108445,34705.648203667806,35022.2421875,224200,0.0,0.0,^NSEBANK,-0.008198296312807662,-0.00823208715564856,-0.03645352067568797,35774.3091796875,37138.381328125,37285.4661328125,,35516.228897605055,36467.69153640517,35774.3091796875,39097.08405404965,32451.534305325356,0.1857631887549518,44.28151967146316,-841.908517991702,-834.5843062919258,-7.324211699776129,1204.1546587734313,34.262870889771904,25.275710310165024,-0.15072518571297852
2022-03-16,35555.33816717645,35805.93682702501,35461.140039511025,35747.8359375,173800,0.0,0.0,^NSEBANK,0.020718083842700796,0.020506383369126257,-0.01649068393070774,35653.2181640625,37124.908515625,37242.6471484375,,35538.28671092838,36439.46190507556,35653.2181640625,38779.12716620754,32527.309161917456,0.17535073483469577,49.26543401072794,-718.4598640195181,-811.3594178374444,92.89955381792629,1227.5188281821554,34.59874699641504,25.524278226986585,-0.1331298389050858
2022-03-17,36301.57959057054,36611.52521983307,36261.2284953775,36428.12890625,182000,0.0,0.0,^NSEBANK,0.01903032591789322,0.01885151426673634,0.0022258188973751647,35576.956640625,37116.67671875,37203.696640625,,35623.0335866733,36439.01747374907,35576.956640625,38536.58781768241,32617.32546356759,0.16637910920563873,53.467961097735035,-559.2848713601779,-760.9445085419911,201.6596371818132,1117.734275148786,34.463070350380924,25.739547341338838,-0.11663301721095301
2022-03-21,36545.42747421494,36599.77449979954,35899.78262279536,36018.08203125,128700,0.0,0.0,^NSEBANK,-0.011256325463634975,-0.011320157355513304,-0.009055561108191723,35501.3001953125,37083.129140625,37151.95828125,,35660.65724806156,36422.5102014942,35501.3001953125,38324.81920698465,32677.78118364035,0.15906566780024356,50.739755179229206,-460.91179453180666,-700.9379657399543,240.02617120814762,1063.6956795020913,34.520450681300055,25.79907206949627,-0.12657648347305578
2022-03-22,35975.1840160894,36468.377510583116,35384.33931123565,36348.12890625,202900,0.0,0.0,^NSEBANK,0.009163366186840438,0.009121637271411787,2.4825656186999723e-05,35438.77109375,37060.29546875,37103.0613671875,,35726.130739317596,36419.59328795522,35438.77109375,38118.44202474261,32759.100162757393,0.15122820844457535,52.826219705754525,-352.25778938670555,-631.2019304693046,278.944141082599,1082.6380760270315,34.66680363978273,25.81776037393359,-0.11857298395492154
2022-03-23,36627.27173762234,36827.17174831618,36064.329089041144,36146.9296875,197900,0.0,0.0,^NSEBANK,-0.005535339089088653,-0.005550715848474638,-0.005510650851326737,35361.859375,37028.45078125,37055.7919140625,,35766.206829620685,36408.90059774129,35361.859375,37851.62458868934,32872.09416131066,0.14081641959413158,51.397036620584984,-279.1657539238804,-560.7946951602198,281.6289412363394,1043.710099408625,34.24052870902554,25.761606287417177,-0.12345198137101467
2022-03-24,35633.28391387192,35957.28013770544,35421.286384696905,35526.6875,205200,0.0,0.0,^NSEBANK,-0.017158917586145295,-0.017307837810868528,-0.02257501163366804,35269.6330078125,36972.03546875,37015.97390625,,35743.39546489491,36374.30400567301,35269.6330078125,37575.89296698389,32963.373048641115,0.13077878971184834,47.16116709589132,-268.19654731997434,-502.2750655921708,234.07851827219645,1018.1855203640199,34.53261395900575,25.89516628502083,-0.13849259658296834
2022-03-25,35699.98491873274,35716.98472182124,35203.44379524983,35409.69140625,157000,0.0,0.0,^NSEBANK,-0.0032931889231159195,-0.003298623404219635,-0.025793856778532742,35170.53671875,36911.39421875,36978.9193359375,,35711.614125976346,36336.4760605976,35170.53671875,37252.2801304416,33088.793307058404,0.1183799626567419,46.384610432617265,-265.87909039588703,-454.9958705529141,189.11678015702705,983.1786711625443,34.13987087710257,25.898453206261035,-0.14132970322108365
2022-03-28,35488.28772802542,35770.3860195637,35015.89476797541,35710.0859375,197000,0.0,0.0,^NSEBANK,0.008483398734081549,0.00844761693214971,-0.017529277616393224,35194.6564453125,36851.05390625,36938.3873046875,,35711.468584216695,36311.91174204475,35194.6564453125,37290.31992420048,33098.99296642453,0.11908986707367569,48.719396420650114,-237.07036136253737,-411.4107687148388,174.34040735230144,891.9795180986382,34.08139014608538,25.896127204575986,-0.13404526071239595
2022-03-29,35931.331047738815,35976.77973656604,35506.13678667037,35846.98046875,177100,0.0,0.0,^NSEBANK,0.00383349767036667,0.00382616854299595,-0.013762978390932212,35165.4890625,36798.6034375,36897.477265625,,35724.37447798177,36293.67914309201,35165.4890625,37204.203989873684,33126.77413512631,0.115949755383766,49.79241128222285,-200.8774018052136,-369.3040953329138,168.4266935277002,846.4405683008487,33.998519219688774,25.88479867013601,-0.13072562523669395
2022-03-30,36241.1299831637,36420.67867966226,36070.13196863262,36333.87890625,325600,0.0,0.0,^NSEBANK,0.013582690400505637,0.013491272531405238,-0.0003672262648994895,35171.9390625,36757.881953125,36866.8001171875,,35782.42251876922,36295.25560439233,35171.9390625,37225.26369222383,33118.61443277617,0.11675925095145323,53.517836960976815,-131.3909923024039,-321.72147472681183,190.33048242440793,814.519750869704,32.12983114819945,25.99127417177516,-0.11891854053119093
2022-03-31,36456.77637415228,36590.42716775107,36277.727669602005,36373.1796875,188100,0.0,0.0,^NSEBANK,0.0010816566365348113,0.0010810720674924797,0.0007140331589088333,35221.978515625,36721.031484375,36834.79953125,,35838.68510626739,36298.31145078871,35221.978515625,37343.5168819628,33100.4401492872,0.12046673445085745,53.81572165416031,-72.31763487368153,-271.84070675618574,199.5230718825042,725.5210778905914,30.428248766555775,25.725102691270212,-0.11796551292322865
2022-04-01,36297.9278916015,37209.36647200313,36241.92854522817,37148.06640625,245700,0.0,0.0,^NSEBANK,0.021303793768030044,0.02108004024108571,0.022033038542099703,35332.187109375,36699.795703125,36811.902265625,,35963.38808721812,36331.63517453228,35332.187109375,37615.718959109654,33048.65525964035,0.12926071305270218,59.34756798214073,36.603367853938835,-210.15189183416084,246.75525968809967,738.4994406071382,31.0982621968597,25.96548068336675,-0.09917483211425494
2022-04-04,37824.50942092961,38765.40082463055,37665.11283678531,38634.75,309200,0.0,0.0,^NSEBANK,0.040020483905990556,0.039240409022768846,0.06293529531246445,35543.5544921875,36711.6725,36804.566328125,,36217.803507483055,36421.953402982,35543.5544921875,38216.1101580953,32870.99882627969,0.15038201463476233,67.41237039203344,240.1190456421973,-120.0977043388892,360.21674998108654,790.5345903571927,33.0550078380936,26.802673802329718,-0.06312337298077217
2022-04-05,38730.851682693545,38758.80057736577,37935.50934248227,38067.45703125,220600,0.0,0.0,^NSEBANK,-0.014683490089880236,-0.014792359567440634,0.04732769543755988,35803.383984375,36716.0134375,36795.0129296875,,36393.96098593705,36486.48295703172,35803.383984375,38390.95467144914,33215.81329730087,0.1445433587061703,62.33095698173164,351.57811140915874,-25.762541189279617,377.34065259843834,782.3597412459686,33.37177588333213,26.919661784634723,-0.0768799916490494
2022-04-06,37710.862368648515,37868.05975987952,37513.41544534375,37632.36328125,198800,0.0,0.0,^NSEBANK,-0.01142954596738166,-0.011495365231375872,0.035357215399644426,36027.11640625,36717.1834375,36785.7390625,,36511.90406168113,36531.4194403344,36027.11640625,38417.80914543475,33636.42366706525,0.13271629692627915,58.67771648768777,400.18866878886183,59.42770080634868,340.76096798251314,765.9559517017713,33.54879602565722,26.292960155317573,-0.08743083421790639
2022-04-07,37421.31407960242,37975.45606190973,37346.36573392472,37556.9140625,245000,0.0,0.0,^NSEBANK,-0.0020049024874181365,-0.0020069149947807424,0.03328142514312327,36214.209375,36729.379296875,36773.9791796875,,36611.42882366388,36571.63491571345,36214.209375,38457.101969985815,33971.31678001418,0.1238680967330005,58.04241983934477,427.69456759018794,133.08107416311654,294.6134934270714,749.1988835340526,33.45947077096811,26.294554357142324,-0.08926044640832398
2022-04-08,37619.2632525424,37883.76018731157,37404.76573833451,37751.61328125,202200,0.0,0.0,^NSEBANK,0.005184111197900743,0.0051707199546353055,0.03863807094979066,36378.030078125,36730.2853125,36764.4762890625,,36720.01781962447,36617.90857710704,36378.030078125,38564.009524121444,34192.05063212855,0.12018129850912021,59.267976762509754,459.90232264717633,198.44532385992852,261.4569987872478,733.4133529606873,33.48843798588358,26.266517474654826,-0.08453907129017829
2022-04-11,37591.31275648078,37941.30868550159,37524.01275803101,37613.36328125,132100,0.0,0.0,^NSEBANK,-0.003662095152597522,-0.003668817038860222,0.03483447950486229,36531.405859375,36722.919375,36757.543359375,,36805.09833977928,36656.94601648519,36531.405859375,38603.606685206985,34459.20503354302,0.11344763646976909,57.97308029656904,468.86677663601586,252.529614415146,216.33716222086986,685.7889049694817,28.60145989526035,26.098876482158722,-0.08789157631959892
2022-04-12,37406.964878168925,37920.162055040666,37264.01731622934,37746.9609375,171000,0.0,0.0,^NSEBANK,0.0035518667993350572,0.003545573817275385,0.0385100737354227,36653.1669921875,36724.079375,36754.601875,,36894.799539562206,36699.691699662246,36653.1669921875,38709.7378183726,34596.5961660024,0.11221790611564095,58.90740302779918,481.20436101033556,298.2645637341839,182.93979727615164,678.1676249363596,26.974289021998317,26.09750546366081,-0.08465188869213466
2022-04-13,37886.86228134054,37988.161890155905,37407.76626386453,37462.96484375,143300,0.0,0.0,^NSEBANK,-0.007523681024817597,-0.007552126680072597,0.03069665519957754,36775.203125,36713.84046875,36749.4734375,,36948.91052091342,36729.62397982255,36775.203125,38710.365156154956,34840.041093845044,0.10524276505433747,56.05455601672233,462.73179016673384,331.15800902069395,131.5737811460399,667.7927908998083,27.009354563860356,26.088266587670244,-0.09153867590828428
2022-04-18,36832.72144890834,36965.42303554621,36440.929115817,36728.57421875,182900,0.0,0.0,^NSEBANK,-0.019603110113227462,-0.019797799623324955,0.010491795174365048,36824.2400390625,36678.3109375,36745.47546875,,36927.92611118357,36729.58281272167,36824.2400390625,38698.534064782936,34949.94601334206,0.1017967525593045,49.39303017935399,384.4018139768232,341.8067700119198,42.59504396490337,704.1138481399217,26.76130065819004,26.211956974166068,-0.1093473432780626
2022-04-19,36806.37350593983,37123.119828916795,35925.88372730932,36341.1796875,216300,0.0,0.0,^NSEBANK,-0.010547497132416206,-0.010603516236041185,-0.0001663641375666547,36819.892578125,36618.533671875,36736.16359375,,36872.04549940419,36714.351317614935,36819.892578125,38698.453685710185,34941.331470539815,0.10204055341004734,46.26934541125813,287.74825960893213,330.9950679313223,-43.246808322390166,735.738480284149,26.696377751424016,25.950664680924305,-0.11874149962081607
2022-04-20,36482.17773927052,36513.427376235115,36113.63123952391,36314.4765625,153400,0.0,0.0,^NSEBANK,-0.0007347897132019554,-0.0007350598034777446,-0.0009010316081117242,36834.7123046875,36564.632265625,36724.893203125,,36818.9436958895,36698.669954669254,36834.7123046875,38691.18683146855,34978.23777790645,0.10080027292868525,46.053146192046206,206.61319411147997,306.11869316735385,-99.50549905587388,730.6779936281164,26.229213762065818,25.768528832840097,-0.11938903930156651
2022-04-21,36512.675411368786,36912.920739977344,36395.27443784316,36815.671875,132700,0.0,0.0,^NSEBANK,0.013801529305741411,0.013707155543572914,0.01288806208348503,36858.089453125,36525.16765625,36719.4067578125,,36818.63209390003,36703.25826527046,36858.089453125,38700.48681804383,35015.692088206175,0.09997248323258488,50.70859502886269,180.67266123898298,281.0294867816797,-100.3568255426967,732.4455626684794,22.398733447165416,25.858018817670654,-0.10723526132053006
2022-04-22,36513.72502568608,36578.52505551732,35991.08264872788,36044.33203125,140100,0.0,0.0,^NSEBANK,-0.020951399348867694,-0.021173994526368915,-0.008333360200926787,36852.9595703125,36486.154140625,36719.5992578125,,36744.889230790504,36677.418020799065,36852.9595703125,38704.24418002167,35001.67496060333,0.10046870760417842,44.36341620078001,96.75855066948134,244.17529955924002,-147.41674888975868,769.0091146772689,23.466871886895042,26.09544068513867,-0.1259399318851911
2022-04-25,35791.93695303597,36269.72829335894,35510.98708252526,36081.93359375,183100,0.0,0.0,^NSEBANK,0.0010432031995322166,0.001042659441208551,-0.00729885038941902,36880.721875,36447.23265625,36720.65828125,,36681.75059869141,36654.065690326555,36880.721875,38663.654314314255,35097.78943568575,0.09668641765511822,44.7265142803463,32.91077044358826,201.92239373610968,-169.01162329252142,754.1022063957488,22.91402487769095,26.084198326334786,-0.12502810962555042
2022-04-26,36514.92840638845,36604.126591458284,36265.47817216205,36404.37890625,143400,0.0,0.0,^NSEBANK,0.008936475415382228,0.008896781426584958,0.0015723990288976086,36930.45625,36403.12421875,36727.753203125,,36655.334247030325,36644.274051735316,36930.45625,38591.97300904305,35268.93949095695,0.08998084116781255,47.86846158376977,8.234662483773718,163.1848474856425,-154.9501850018688,675.8778192048724,22.421357400255435,26.12783726733907,-0.11720894483806867
2022-04-27,36067.13236355247,36175.47876286719,35746.73373677265,36028.43359375,134200,0.0,0.0,^NSEBANK,-0.010326925600575354,-0.01038061827010345,-0.008770764619463578,36946.3736328125,36343.48296875,36724.3927734375,,36595.629422908394,36620.123445539815,36946.3736328125,38564.18919246494,35328.558073160064,0.08757641958211762,44.67953872335365,-41.182252299367974,122.31142752864042,-163.4936798280084,664.0459573901472,22.699980900218,26.180782554923027,-0.12632546238557937
2022-04-28,36189.53003388049,36500.67877358137,35950.685144181036,36421.77734375,137300,0.0,0.0,^NSEBANK,0.010917592322643666,0.010858425660384568,0.002051072070706983,36975.1134765625,36301.5825,36723.5323046875,,36579.07208203617,36612.34516703825,36975.1134765625,38529.89019053241,35420.3367625926,0.08409854995876813,48.5421288159694,-48.052045906682906,88.23873284157577,-136.29077874825867,663.7568176397248,22.034100589727775,26.22201341508249,-0.11678703996123098
2022-04-29,36473.62834302381,36718.37550835769,35978.53251473269,36087.73046875,172700,0.0,0.0,^NSEBANK,-0.009171624763043673,-0.009213943063895672,-0.007139364355731148,36962.8060546875,36285.1746875,36722.44234375,,36532.27764267558,36591.77204161518,36962.8060546875,38542.650008984776,35382.96210039022,0.08548290148533931,45.62840767253847,-79.53437513285462,54.68411124668969,-134.21848637954432,671.6677223282958,22.071661330267485,25.912735393292163,-0.12488753781656364
2022-05-02,35627.18594204003,36234.827290903355,35617.783707974835,36163.328125,170200,0.0,0.0,^NSEBANK,0.0020948298845078206,0.002092638787834918,-0.005059490225032048,36952.3134765625,36245.048125,36726.72078125,,36497.13959337314,36574.970319394975,36952.3134765625,38551.31722514613,35353.30972797887,0.08654417535171749,46.412341756923276,-97.26306077862682,24.294676841626387,-121.5577376202532,681.5283747533997,21.278414716998427,25.291070003194356,-0.12305432607847658
2022-05-04,36265.726631830694,36308.87847368281,35127.44299617636,35264.140625,214600,0.0,0.0,^NSEBANK,-0.024864622439945805,-0.025178968843346708,-0.029798310350793833,36858.1171875,36191.26375,36713.1824609375,,36379.71112019475,36523.56523334027,36858.1171875,38622.02500480344,35094.20937019656,0.09571339785645111,39.1769123110257,-181.7747026859579,-16.91919906389047,-164.85550362206743,736.1097711845329,21.749505300801093,25.638224783361956,-0.14485924916087914
2022-05-05,35704.93590573501,35934.4332340563,35133.39177808001,35232.44140625,167300,0.0,0.0,^NSEBANK,-0.00089890801783854,-0.0008993122779307223,-0.03067043242853995,36688.0017578125,36145.288359375,36692.66421875,,36270.447337914295,36472.93292639556,36688.0017578125,38385.46882746726,34990.534688157735,0.09253526975168638,38.94640685519074,-248.44473356564413,-63.2243059642412,-185.22042760140292,746.4595366963159,21.53079735615177,25.560426544475796,-0.14562794203818893
2022-05-06,34568.69947577647,34797.54447020999,34352.79964327097,34590.796875,199200,0.0,0.0,^NSEBANK,-0.01821175330575242,-0.01837962861109129,-0.04832362338512308,36514.16875,36085.130078125,36667.7519921875,,36110.48062716055,36399.12366947809,36514.16875,38325.108420397744,34703.22907960225,0.0991910665033418,34.51908674968493,-349.03312796066893,-120.38607036352676,-228.64705759714218,767.834260745434,21.905562249024687,25.733429019805072,-0.1611875551891174
2022-05-09,34091.35369733804,34553.949882283916,33926.804828923625,34275.0,179900,0.0,0.0,^NSEBANK,-0.009129505635304902,-0.009171434963001835,-0.057011958228415205,36346.3005859375,36016.926796875,36639.4498046875,,35935.672948383355,36315.824702047576,36346.3005859375,38334.558755015016,34358.04241685998,0.10940635701707603,32.557435793467945,-449.0558870683235,-186.1200337044861,-262.9358533638374,742.2597120413894,21.986873984114684,25.729719739025757,-0.16884549813098224
2022-05-10,34180.80039231131,34781.39494698865,34176.402006132295,34482.24609375,138000,0.0,0.0,^NSEBANK,0.006046567286652094,0.006028360155575292,-0.051310117583335035,36192.5671875,35959.147421875,36615.0240625,,35797.25134318018,36243.91965858493,36192.5671875,38260.56877062565,34124.565604374344,0.11427769532965813,35.16153987287038,-505.7713986960589,-250.0503067028007,-255.7210919932582,699.9566291305954,21.592247481073535,25.73158510790629,-0.16381986650982744
2022-05-11,34685.898516913716,34792.795714690015,34142.803252876925,34692.74609375,179500,0.0,0.0,^NSEBANK,0.00610459073424896,0.006086033206013531,-0.04551875411745854,36039.623828125,35905.17,36593.016328125,,35692.060367043974,36183.08932270905,36039.623828125,38074.32283699873,34004.92481925127,0.11291455308064945,37.78903333161859,-527.6508291884893,-305.57041119993846,-222.08041798855083,717.8277952093013,21.673569632075264,25.74509782820028,-0.15871532901476024
2022-05-12,34288.70211954982,34340.79916890023,33297.26054425346,33531.7578125,382100,0.0,0.0,^NSEBANK,-0.03346487124751285,-0.034037634638871425,-0.07746034611908348,35835.5435546875,35871.251328125,36560.44265625,,35486.317266611215,36079.11553799497,35835.5435546875,38018.96246693736,33652.124642437644,0.12185772535682682,30.45792436682322,-631.3941680593198,-370.7351625718147,-260.65900548750506,774.7593217821008,23.481756095695573,26.3394151746413,-0.18686881221178753
2022-05-13,33925.55310566718,34001.80221538634,33007.51304340762,33120.96484375,272700,0.0,0.0,^NSEBANK,-0.012250862929615414,-0.012326523322621099,-0.08876225296591345,35604.24375,35805.0640625,36526.170078125,,35261.0456072911,35963.109628416736,35604.24375,37911.67752022349,33296.80997977651,0.12961565966267669,28.361348343211688,-738.2489960998864,-444.2379292774291,-294.01106682245734,786.8807464754298,23.59756269526978,26.414008583154256,-0.19683037093717634
2022-05-16,33255.61334665584,33821.25520760244,33001.366302712275,33597.2109375,195100,0.0,0.0,^NSEBANK,0.014378992157888959,0.014276594862845033,-0.0756595725473379,35410.9560546875,35752.910703125,36505.95984375,,35102.58516254909,35870.329287596476,35410.9560546875,37710.44452465841,33111.46758471659,0.12987440759405952,34.03084304218629,-775.5629308627322,-510.50292959448973,-265.06000126824244,791.2484389080356,23.645878841831443,26.449863132552977,-0.18528160113942735
2022-05-17,33795.80665525528,34365.651598581346,33680.210341742655,34301.5,161500,0.0,0.0,^NSEBANK,0.020962724072845607,0.020746029282794207,-0.0562828792172716,35289.60234375,35731.492890625,36504.5803125,,35026.29133754442,35808.80657043583,35289.60234375,37552.18423919659,33027.0204483034,0.12822937892057665,41.41479866400141,-739.7765678608339,-556.3576572477585,-183.41891061307535,808.8375577203972,24.59072529131477,26.305894494115705,-0.16820288414704265
2022-05-18,34447.797463240786,34655.396604567155,34134.30111946535,34163.30078125,146800,0.0,0.0,^NSEBANK,-0.004028955548591173,-0.004037093656067744,-0.06008507354734971,35180.7083984375,35715.881015625,36500.138828125,,34944.10176075447,35744.27693164423,35180.7083984375,37439.82547948348,32921.59131739152,0.1284293116250221,40.45784649006601,-714.3327559748868,-587.9526769931842,-126.38007898170258,799.0840088364296,23.595110151521208,26.233281424867055,-0.17155415775226057
2022-05-19,33460.611594049624,33633.55880525336,33180.216411336434,33315.26171875,150400,0.0,0.0,^NSEBANK,-0.024823100903804685,-0.0251363894711668,-0.08341667660767604,35030.74765625,35694.038203125,36483.0005078125,,34788.97413770643,35649.021433099355,35030.74765625,37369.74627301641,32691.749039483588,0.1335397485499628,35.09843199340766,-753.907441038893,-621.143629802326,-132.763811236567,830.0190617302318,20.705039105058937,26.224376788989858,-0.1921187524877137
2022-05-20,33764.75594289894,34357.651394602566,33657.659531579106,34276.0,129400,0.0,0.0,^NSEBANK,0.028837782796383937,0.028429798939993343,-0.05698444581290052,34903.7640625,35722.140859375,36473.853125,,34740.11945792486,35595.177455330755,34903.7640625,37106.53919784123,32700.988927158767,0.12621991894036752,44.12828192225698,-699.6816198236338,-636.8512278065876,-62.830392017046165,851.6295390322006,22.657723769520384,26.691797062609034,-0.16882124854668262
2022-05-23,34320.99914144521,34819.54412254227,34116.95464033193,34247.203125,156000,0.0,0.0,^NSEBANK,-0.0008401468957871527,-0.0008405000169867097,-0.05777671740342982,34813.9076171875,35743.930625,36467.7587109375,,34693.17504526535,35542.31571688641,34813.9076171875,36966.83611323518,32660.97912113982,0.12368209393333295,43.930984582795446,-651.5206089589919,-639.7851040370685,-11.735504921923393,857.7399604094733,22.538861706167058,26.661567290222248,-0.16951956079456038
2022-05-24,34222.80155917254,34586.04733835611,34115.40436959846,34289.75,163700,0.0,0.0,^NSEBANK,0.0012423459762453959,0.0012415749030434367,-0.05660615009957126,34724.2984375,35753.42453125,36460.0812890625,,34654.753612382934,35493.19549269479,34724.2984375,36802.910600860334,32645.68627413967,0.11972090189822614,44.32703959588123,-602.9688342478403,-632.4218500792228,29.453015831382572,806.9690669274163,22.571437421251193,26.507867181358908,-0.16848781676256303
2022-05-25,34491.40057662053,34722.19867991406,34285.40296681622,34339.1015625,153600,0.0,0.0,^NSEBANK,0.0014392511610612502,0.0014382164318134708,-0.05524836940576405,34621.0345703125,35750.702578125,36451.6383984375,,34624.691512394085,35447.936907196956,34621.0345703125,36547.876722241235,32694.19241838376,0.11131048946648196,44.81398419040616,-554.121378029733,-616.7617556693249,62.64037763959186,780.9515138646701,22.480351637195565,26.50453554299579,-0.16729106188740198
2022-05-26,34670.20022405733,35221.64305936543,34424.351507475156,35094.4921875,191500,0.0,0.0,^NSEBANK,0.021997972883044836,0.021759508299158934,-0.034465748654739614,34574.3375,35761.67546875,36452.1333984375,,34669.43443383274,35434.07632995394,34574.3375,36400.18703546326,32748.48796453674,0.10561877204231383,51.76786282091743,-449.27672426306526,-583.264749388073,133.98802512500777,781.1586377136986,23.621422611196312,26.748554584416954,-0.14897315324733193
2022-05-27,35326.19083334436,35694.43655183963,35291.538892484175,35612.88671875,132600,0.0,0.0,^NSEBANK,0.01477139285789808,0.014663358414524857,-0.020203462910362235,34533.89296875,35767.6984375,36457.6303125,,34759.28703239629,35441.08850206358,34533.89296875,36217.750463692384,32850.03547380761,0.09751912397864451,55.87687850208344,-320.6601044400304,-530.7438203984645,210.08371595843414,776.5838033039311,24.078243475002846,26.85929694608956,-0.13640230136133
2022-05-30,35958.381274277126,36083.278254671655,35748.03216580633,35826.53125,127000,0.0,0.0,^NSEBANK,0.005999079292202225,0.005981156460629871,-0.014325585794136342,34520.8330078125,35783.78421875,36461.0827734375,,34860.929338834736,35456.203903943446,34520.8330078125,36157.33298280423,32884.33303282077,0.09481231085132695,57.484431628667146,-199.19498266198207,-464.4340528511681,265.239070189186,766.9694172371668,24.119147777636563,26.880765021779773,-0.13122151029063317
2022-05-31,35614.885226401544,35881.53055268113,35288.53747173052,35486.984375,149300,0.0,0.0,^NSEBANK,-0.009477525821035226,-0.009522723369526295,-0.02366734050590613,34487.0158203125,35778.5671875,36451.7378515625,,34920.55362799333,35457.41098123979,34487.0158203125,36004.209490746805,32969.8221498782,0.08798637019447132,54.110229303109165,-128.84633331836085,-397.31650894460665,268.4701756262458,762.898032889847,23.627736867877974,26.915804238282448,-0.13945538085961368
2022-06-01,35358.53820005896,35768.283437052356,35285.03905443598,35620.38671875,100800,0.0,0.0,^NSEBANK,0.003759190759640374,0.003752142659968513,-0.019997119794000873,34504.828125,35762.41234375,36439.54453125,,34987.20439854158,35463.80218663235,34504.828125,36068.102359421355,32941.553890578645,0.09061191255659122,55.222296674865056,-61.61975346716645,-330.17715784911866,268.5574043819522,697.7379495412637,23.49083667722411,26.92593143040366,-0.13622042947908294
2022-06-02,35470.53681534414,35675.78442900261,35384.58859588373,35613.234375,140700,0.0,0.0,^NSEBANK,-0.00020079354574309427,-0.00020081370746604136,-0.020193898047155878,34523.8677734375,35754.315390625,36418.722265625,,35046.82630106143,35469.66227245069,34523.8677734375,36133.056404607494,32914.67914226751,0.09322180479489003,55.145136708201406,-8.817694071309234,-265.90526509355675,257.0875710222475,647.5169967655607,23.49100396995626,26.918392959434907,-0.13639387084178833
2022-06-03,35929.133014882944,35958.03111636997,35174.69256839707,35274.640625,104800,0.0,0.0,^NSEBANK,-0.009507525950456452,-0.009553011005114655,-0.02950942998788808,34558.0599609375,35732.845625,36396.570546875,,35068.5229033413,35462.014364707524,34558.0599609375,36201.92360600943,32914.19631586556,0.09513633849412072,51.47809952691661,5.641599689792201,-211.59589213688696,217.23749182667916,644.9062569857566,23.223998487244117,26.949817781216662,-0.14460462852573325
2022-06-06,35158.740035825824,35424.088516054864,35071.89338838092,35309.7890625,100800,0.0,0.0,^NSEBANK,0.00099642227042529,0.0009959261712769339,-0.028542411570690263,34609.7994140625,35716.1028125,36372.276796875,,35091.500632784984,35456.04474501311,34609.7994140625,36281.06119881047,32938.53762931453,0.0965773747922336,51.836147388279166,19.70967842353275,-165.33477802480303,185.04445644833578,615.174433170942,22.470824802585213,26.927463173372985,-0.14375229352757757
2022-06-07,35080.393546842715,35153.892693620204,34833.994063446815,34995.59375,91600,0.0,0.0,^NSEBANK,-0.008898249489507237,-0.008938075341094838,-0.03718668356100929,34635.466796875,35705.4809375,36338.758203125,,35082.36664394832,35437.987843247894,34635.466796875,36314.23149978917,32956.70209396083,0.09693905456851766,48.39811406760869,5.44305217875808,-131.1792119840908,136.6222641628489,611.9386841674693,22.59247488317893,26.826745595739986,-0.15137139924458756
2022-06-08,35165.239635806065,35449.48633139148,34831.34507988519,34945.7421875,124600,0.0,0.0,^NSEBANK,-0.0014245096927381073,-0.001425525271252663,-0.038558220462573956,34648.1166015625,35696.201953125,36303.7980859375,,35069.35479095324,35418.684092042095,34648.1166015625,36332.50194663613,32963.73125648887,0.09722810416758228,47.85576933730715,-9.773295901090023,-106.89802876749066,97.12473286640063,585.8713185669496,22.3984034019072,26.590439503956574,-0.15258027891189843
2022-06-09,34801.847029128105,35148.69457547752,34658.700249125846,35085.04296875,100900,0.0,0.0,^NSEBANK,0.0039862018240330865,0.003978277971944475,-0.034725719487280204,34725.780859375,35683.70109375,36267.3775,,35070.84890312436,35405.600126422796,34725.780859375,36334.99736840335,33116.564350346656,0.0926813721220556,49.5567883813198,-10.471246508932381,-87.61267231577901,77.14142580684663,546.4145078883147,22.27907523609031,26.567944251828173,-0.1492022928739755
2022-06-10,34686.544504742014,34752.04374051316,34346.247693990896,34483.3984375,90000,0.0,0.0,^NSEBANK,-0.017148177124533648,-0.0172969098967647,-0.05127841382326914,34793.9025390625,35656.429453125,36227.5164453125,,35014.90123973157,35369.43535430818,34793.9025390625,36222.261770818186,33365.54330730682,0.08210399682255184,43.028096793434095,-58.89317900500464,-81.86877365362415,22.975594648619506,549.0006359275123,22.481645272187002,26.68474614759874,-0.16379192265291967
2022-06-13,33728.25798193151,33773.65980008683,33209.967106931814,33405.46484375,131900,0.0,0.0,^NSEBANK,-0.03125949420860352,-0.03175849883600244,-0.08093497075193778,34784.315234375,35597.861171875,36177.8715625,,34861.62158297142,35292.41690291374,34784.315234375,36248.61661745044,33320.013851299555,0.08419319875691399,34.307458664063816,-182.14844779531995,-101.92470848196331,-80.22373931335665,606.3426617711219,23.97904595300138,27.1251969172534,-0.18993136420393825
2022-06-14,33180.216361655286,33617.758157078126,33123.513894934236,33310.96484375,113200,0.0,0.0,^NSEBANK,-0.0028288784617130913,-0.0028328873005188013,-0.08353489401809133,34734.7884765625,35536.616875,36128.8241796875,,34713.939988759856,35214.7129005936,34734.7884765625,36329.08362822941,33140.493324895586,0.09179817822945274,33.66332263308719,-284.17866182995203,-138.37549915156106,-145.80316267839098,610.4461295601255,23.940198796317816,27.003345409849395,-0.19222294992025107
2022-06-15,33317.41430840226,33554.16156219919,33249.165100074315,33338.61328125,90800,0.0,0.0,^NSEBANK,0.0008300101071729848,0.000829665839268037,-0.08277421871725499,34693.5541015625,35460.4278125,36080.1117578125,,34582.95649280654,35141.1403665017,34693.5541015625,36389.50236368084,32997.60583944416,0.09776734070851281,34.05344837095352,-358.6727870783943,-182.43495673692772,-176.2378303414666,569.1929127929428,23.00601625023982,26.727520179743998,-0.19155248680434242
2022-06-16,33648.40988993613,33756.10785756608,32537.57123197408,32616.720703125,129500,0.0,0.0,^NSEBANK,-0.02165334748734138,-0.021891221328089332,-0.10263522728371843,34658.62705078125,35340.0672265625,36025.86986328125,,34395.695941408296,35042.14351695751,34658.62705078125,36496.89233756296,32820.36176399954,0.10607836739108635,29.22133029096463,-470.5365633818292,-240.05527806590803,-230.48128531592116,613.3780743109692,23.71338497521561,26.914741697895334,-0.20905808173284499
2022-06-17,32393.072425857183,32889.41821491392,32290.17518524732,32742.669921875,139800,0.0,0.0,^NSEBANK,0.0038614923890227804,0.0038540559649365667,-0.09917006004369733,34581.960546875,35233.571484375,35974.7924609375,36760.81546875,34238.264891928935,34951.968081856234,34581.960546875,36605.93395580058,32557.987137949425,0.1170537110631499,31.059388074079834,-542.769651999828,-300.59815285269207,-242.171499147136,622.5817524356082,23.298597578746552,26.92368653361009,-0.20600386553529726
2022-06-20,32873.01538049235,32925.71789136961,32426.022542258448,32684.419921875,144400,0.0,0.0,^NSEBANK,-0.0017790241339202817,-0.001780608476689671,-0.10077265824743753,34503.82138671875,35134.6126171875,35925.89802734375,36742.501435546874,34090.27965668571,34863.044624602066,34503.82138671875,36695.898413563926,32311.744359873577,0.1270628549966324,30.662787324844544,-597.8238422048162,-360.0432907231169,-237.78055148169926,615.9176287327906,23.19273499270977,26.736546210954952,-0.20741640382074936
2022-06-21,32977.666552320356,33593.40937818611,32797.16865533494,33191.36328125,258100,0.0,0.0,^NSEBANK,0.015510244960343034,0.015391190574653671,-0.08682542190181719,34448.90205078125,35047.3016015625,35888.34044921875,36726.33735351563,34004.668573310875,34797.48849349022,34448.90205078125,36717.2705851206,32180.53351644191,0.13169467816393882,38.073886907675906,-593.7047335867392,-406.77557929584134,-186.92915429089783,646.3279911395574,23.617866998917155,26.885582337889886,-0.1951232380924595
2022-06-22,33051.2632200148,33106.56335673332,32757.76859386418,32844.91796875,135000,0.0,0.0,^NSEBANK,-0.01043781508955699,-0.010492671133527403,-0.09635696929249027,34374.19287109375,34949.1676953125,35839.72650390625,36707.69256835937,33894.216134781265,34720.917100363156,34374.19287109375,36753.49770736754,31994.88803481996,0.13843553186522184,35.29726195500275,-611.3483089305591,-447.69012522278496,-163.65818370777419,656.4993378729102,23.66209278137046,26.77854260328813,-0.20352439290313182
2022-06-23,32927.01414166887,33431.35981787927,32651.769307215192,33134.61328125,193100,0.0,0.0,^NSEBANK,0.008820095479478152,0.00878142565204619,-0.08838675148228503,34276.19892578125,34859.5926953125,35791.25603515625,36689.21127929688,33821.873005873524,34658.70910745676,34276.19892578125,36691.75617135613,31860.641680206376,0.14094662309582914,39.28457650124417,-595.0950930725157,-477.17111879273114,-117.9239742797846,656.2316209222796,21.83491791114404,26.759984865428926,-0.19649940200146218
2022-06-24,33434.41239410323,33721.50671535386,33390.46368587853,33627.05859375,149800,0.0,0.0,^NSEBANK,0.0148619604617104,0.01475260369986105,-0.07483839142644333,34176.90751953125,34777.1946484375,35750.63701171875,36673.54295898438,33803.31925233795,34618.25222456629,34176.90751953125,36523.386542698565,31830.428496363933,0.13731371229689884,45.43968776658161,-536.2959948296339,-488.9960940001117,-47.29990082952213,672.9957856672738,21.95963796306845,26.836197844976695,-0.1845578078830473
2022-06-27,34125.80101247146,34147.10154517034,33735.10635264936,33810.85546875,111400,0.0,0.0,^NSEBANK,0.005465743442519155,0.005450860473194788,-0.0697816954311119,34076.12373046875,34704.1524609375,35708.99646484375,36659.63760742187,33804.03698723433,34586.589606691145,34076.12373046875,36293.894839548644,31858.35262138886,0.13016569176833326,47.57584453161248,-469.45483102306025,-485.0878414047014,15.633010381641157,676.1563536934993,21.622949781594176,25.972788810626106,-0.18010081006873052
2022-06-28,33577.80933976157,33744.9089620328,33502.91177191294,33642.05859375,125000,0.0,0.0,^NSEBANK,-0.00499238699109561,-0.00500489058758452,-0.0744257051937206,33983.87744140625,34642.4221484375,35660.36654296875,36645.50602539063,33788.610473569155,34549.5491748111,33983.87744140625,36105.97241006298,31861.78247274952,0.12488833696599624,45.80225114749058,-425.2017630147893,-473.110625726719,47.90886271192966,653.9993855028398,20.75908004740129,25.295543318031566,-0.18419406411855319
2022-06-29,33273.164020046315,33422.41228521164,33184.8642651766,33269.51171875,140800,0.0,0.0,^NSEBANK,-0.011073842998097994,-0.011135614452400978,-0.08467536961748057,33866.33369140625,34580.9887890625,35599.76123046875,36628.014716796875,33739.17249691971,34499.35162751459,33866.33369140625,35863.51268207149,31869.154700741015,0.1179448008080089,42.07417819815806,-415.4037907802194,-461.5692587374191,46.16546795719967,651.6565285186773,20.960693192874956,25.338265665627652,-0.19322817096942072
2022-06-30,33180.31532766437,33658.91135288283,33179.21768411394,33424.71484375,149500,0.0,0.0,^NSEBANK,0.004665025634041031,0.004654178124814586,-0.08040535675327698,33756.90771484375,34523.1935546875,35543.91291015625,36611.72442382813,33709.22414899879,34457.20900854343,33756.90771484375,35583.62884672639,31930.18658296111,0.1082279897977376,44.11496358754113,-390.6124944052135,-447.377905870978,56.76541146576449,633.149270947948,19.729991743727517,25.303293584833963,-0.18946455970617082
2022-07-01,33264.36257434838,33666.10789527351,33080.06393960031,33539.05859375,149900,0.0,0.0,^NSEBANK,0.0034209341959841044,0.0034150961112778015,-0.07725948399175042,33670.12861328125,34457.6612890625,35491.41447265625,36597.06284179688,33693.01790564176,34421.203109924085,33670.12861328125,35352.46131387394,31987.795912688565,0.0999302806303559,45.63461593734222,-357.6162508703201,-429.42557487084645,71.80932400052637,584.0501727411635,17.80355921275279,25.310120779797764,-0.18669177130141268
2022-07-04,33558.461472188166,33978.10503166695,33515.21197492903,33940.50390625,152600,0.0,0.0,^NSEBANK,0.01196948660254904,0.011898418832196967,-0.06621475374776054,33601.66435546875,34415.5847265625,35450.86943359375,36583.70223632813,33716.58800093779,34402.3521607604,33601.66435546875,35104.96073811772,32098.36797281978,0.08947749532557339,50.70298227800683,-295.664966751865,-402.6734532470502,107.0084864951852,581.8108009264514,18.175696916717698,25.398921160010314,-0.176956889354262
2022-07-05,34084.30155139204,34360.64988968886,33756.6061559201,33815.50390625,115000,0.0,0.0,^NSEBANK,-0.0036829152668231835,-0.0036897138969066833,-0.0696538056871171,33542.65986328125,34370.2561328125,35408.74439453125,36568.52065429687,33726.00856334848,34379.33850372077,33542.65986328125,34901.26461673278,32184.05510982973,0.0810075741750446,49.16596616369237,-253.7297445308359,-372.88471150380735,119.15496697297147,603.1713203295864,18.196925098821538,25.373011381836562,-0.17998808739171282
2022-07-06,33929.00458345541,34388.10081668299,33875.7552015839,34323.8515625,122700,0.0,0.0,^NSEBANK,0.015032975929009984,0.014921100566017356,-0.05566793374236545,33511.56533203125,34328.6455859375,35365.88490234375,36551.79909179688,33782.9459918391,34377.162545241525,33511.56533203125,34758.8669016438,32264.263762418697,0.07444006612370012,55.12389809987728,-177.4310565994747,-333.79398052294084,156.36292392346616,557.0327692468002,18.73489785370205,25.513146449903374,-0.16766086804797098
2022-07-07,34626.99559501868,34965.343221260424,34552.69958436133,34919.89453125,184000,0.0,0.0,^NSEBANK,0.017365270551431777,0.01721621733287406,-0.03926935192140901,33503.30791015625,34306.4748046875,35324.97888671875,36537.341025390626,33891.22680511633,34398.44615253597,33503.30791015625,34708.2155315288,32298.400288783698,0.07192768096831965,60.909094662866536,-68.08328870055266,-280.65184215846324,212.56855345791058,560.0505284677874,18.30656817074466,23.79812899050697,-0.15320707383108004
2022-07-08,35258.48670658513,35261.689794181075,34977.34155215716,35123.640625,109000,0.0,0.0,^NSEBANK,0.00583467093715484,0.005817715166939843,-0.03366380473063091,33535.32001953125,34280.5120703125,35291.04728515625,36527.23290039063,34008.599549867155,34426.88515145613,33535.32001953125,34876.21260899459,32194.427430067917,0.07996897531810572,62.68017786731782,34.617167003169016,-217.5980403261368,252.21520732930583,548.7719508834954,17.853268574686343,23.11028181385989,-0.14826631575497387
2022-07-11,35017.19277706553,35542.68664252929,35006.14212481918,35469.234375,130600,0.0,0.0,^NSEBANK,0.009839348764832057,0.009791257572805514,-0.024155685881294686,33638.50849609375,34268.1421484375,35276.65841796875,36518.40198242188,34147.70762845124,34467.7615915951,33638.50849609375,35231.29959694217,32045.717395245338,0.09470045920932416,65.53271667751946,142.25472156303294,-145.62748794830287,287.8822095113358,522.1687409834243,18.006901705962232,23.15025017875845,-0.13988581098093167
2022-07-12,35298.287119265864,35419.2349259777,35047.09083317545,35131.83984375,113400,0.0,0.0,^NSEBANK,-0.009512315030059115,-0.009557846065759627,-0.033438224417483786,33729.55224609375,34247.5123828125,35246.28025390625,36509.340087890625,34241.43450609874,34493.80387599333,33729.55224609375,35446.811136755496,32012.293355432008,0.10182518155785013,60.65812938097155,198.05033906362223,-76.89192254591785,274.9422616095401,521.3508020147625,18.00845000017085,22.881481029264766,-0.14806748810870482
2022-07-13,35259.38949217214,35307.73658446935,34757.19613134104,34827.39453125,103400,0.0,0.0,^NSEBANK,-0.008665794727917175,-0.008703561068916338,-0.04181425035653297,33803.99130859375,34238.7774609375,35215.02060546875,36494.62075195312,34297.240222779816,34506.88586247399,33803.99130859375,35578.02903985577,32029.953577331733,0.10496025247829344,56.569146936551185,215.22163452347013,-18.46921113204025,233.69084565551037,504.9900836193504,18.126386837877227,22.83690873529911,-0.15545016037879367
2022-07-14,34817.544938824,35027.194848248146,34558.047951943474,34650.796875,121300,0.0,0.0,^NSEBANK,-0.005070653680152359,-0.005083553068554277,-0.04667287845423218,33905.6951171875,34227.1445703125,35186.21646484375,36478.72543945313,34330.912284896025,34512.52943159265,33905.6951171875,35625.538547929034,32185.851686445956,0.10144864600458907,54.28327143602406,212.13469816554425,27.651570727476653,184.48312743806758,496.57961663369395,18.169937832755636,22.704776872887543,-0.159732580131141
2022-07-15,34734.04627407356,34899.544354154124,34463.498631407856,34682.24609375,99100,0.0,0.0,^NSEBANK,0.0009076044878115752,0.0009071928639007382,-0.045807634480364734,34002.67392578125,34228.9735546875,35157.05181640625,36461.282646484375,34364.37264764402,34519.18498697138,34002.67392578125,35664.13477966547,32341.21307189703,0.09772530581040462,54.63483595505627,209.80743843309028,64.08274426859938,145.7246941644909,490.57981458554576,17.988502842533258,21.399688923274503,-0.1589699496499061
2022-07-18,34841.44740161468,35382.08956766407,34803.99471106599,35358.2890625,146600,0.0,0.0,^NSEBANK,0.019492479435229804,0.019304934286410207,-0.02720805941821991,34136.3673828125,34250.6393359375,35133.78306640625,36448.35129882812,34459.03135382078,34552.09102914897,34136.3673828125,35781.42810949373,32491.306656131273,0.09638170976033669,61.49046472981887,259.52247246397746,103.17068990767501,156.35178255630245,518.5726558053326,18.898138313048438,21.58921270366806,-0.14257618868904665
2022-07-19,35112.84297488848,35761.23389629566,35110.09300676588,35719.9375,183400,0.0,0.0,^NSEBANK,0.010228109082448533,0.010176155929447754,-0.017258237335422644,34262.79609375,34275.3931640625,35117.27029296875,36438.238173828126,34579.117653456895,34597.88892996666,34262.79609375,35988.73107812166,32536.86110937835,0.10074688473463422,64.57462043614937,324.36492465383344,147.4095368569067,176.95538779692674,532.425981587931,18.91849730928174,21.40880535885285,-0.13380636441706936
2022-07-20,36060.8817760722,36182.278803013716,35876.13392272817,35971.68359375,173400,0.0,0.0,^NSEBANK,0.007047775314556581,0.007023055823103728,-0.010332094199931419,34419.134375,34300.9719140625,35103.07095703125,36430.973251953124,34711.74298110385,34651.76323050719,34419.134375,36170.56265863709,32667.70609136291,0.10177061773576873,66.5810401112455,391.5532587808775,196.23828124170086,195.31497753917665,531.1865268911325,18.993002886326227,21.19898639346279,-0.12770162629458207
2022-07-21,36026.130939226,36331.27582062266,35886.93334265965,36200.578125,153800,0.0,0.0,^NSEBANK,0.0063631864951065875,0.006343026898242392,-0.004034652747104017,34572.4326171875,34354.3483203125,35112.79982421875,36425.84881835937,34853.536804332056,34712.50106950691,34572.4326171875,36386.07508635851,32758.790148016487,0.10491841805018777,68.33700802564155,457.99093890855875,248.58881277507248,209.40212613348626,521.0649927689758,19.037545135977176,21.219845099396217,-0.12215102906331624
2022-07-22,36322.47747801615,36823.0224581983,36285.93102657138,36738.5234375,143600,0.0,0.0,^NSEBANK,0.014860130427820417,0.014750800463942008,0.010765522214663426,34728.005859375,34426.6994921875,35115.88177734375,36421.64538085937,35033.05934082424,34791.95292707527,34728.005859375,36724.75727380402,32731.254444945982,0.11499372710972892,72.0535397816098,547.7369988216014,308.4184499843783,239.31854883722315,532.4615125161456,18.62528006166418,21.044052709917857,-0.10910607885926925
2022-07-25,36766.27297027975,37010.77013571061,36464.22569080408,36725.97265625,139700,0.0,0.0,^NSEBANK,-0.00034162454218800153,-0.00034168290914534933,0.010420219905877381,34873.76171875,34489.2747265625,35121.09271484375,36416.57243164063,35194.2891803886,34867.7968380233,34873.76171875,37009.38134158912,32738.14209591088,0.12247715861927774,71.8416648373989,610.807644422166,368.8962888719359,241.91135555023016,528.3544204545578,15.73255987881452,20.992818793934216,-0.10941043008721704
2022-07-26,36688.125661226906,36695.32479655764,36333.680549574536,36408.078125,114000,0.0,0.0,^NSEBANK,-0.008655850567266032,-0.00869353003122671,0.001674173472228091,35012.0626953125,34531.4062890625,35131.44958984375,36411.007255859375,35309.88812749445,34928.20002574788,35012.0626953125,37169.967581656216,32854.15780896879,0.12326636708739917,66.50721060743882,627.902089115807,420.69744892071014,207.20464019509689,515.4755059004486,16.0150654424054,20.7705727112081,-0.11711924032114786
2022-07-27,36370.12978288592,36807.87471581847,36248.1819757291,36783.32421875,113100,0.0,0.0,^NSEBANK,0.01030667129590479,0.01025391971184712,0.011998099923803407,35187.7533203125,34583.8067578125,35149.84388671875,36406.16006835937,35450.21537428069,35000.949994100905,35187.7533203125,37320.316328927496,33055.1903116975,0.12121052396851682,69.39596185709864,664.0737545268858,469.3727100419453,194.70104448494044,509.63272599537333,16.13766214887459,20.59826677025197,-0.10801967853765913
2022-07-28,37102.01882316425,37413.96442324299,37028.07046223949,37377.71484375,172500,0.0,0.0,^NSEBANK,0.01615924165703908,0.016030070789221997,0.028351221776936608,35385.4033203125,34665.0558203125,35179.54701171875,36404.17458007813,35633.78675232539,35094.156458793026,35385.4033203125,37562.24241145425,33208.56422917075,0.12303599150399779,73.32119655707979,732.2613627033497,521.9504405742263,210.31092212912347,530.2645075355103,14.70808332202775,20.67755801016715,-0.09360595296982575
2022-07-29,37716.860645117995,37754.20786554537,37220.714091140035,37490.9609375,166900,0.0,0.0,^NSEBANK,0.0030297757426691607,0.003025195221778934,0.03146689536362057,35582.9984375,34729.3550390625,35225.74794921875,36400.16260742187,35810.66048424678,35188.14879129134,35582.9984375,37771.58088954745,33394.41598545255,0.12301281781475497,74.00527834643839,786.3737200330215,574.8350964659853,211.5386235670362,530.046597299455,14.713653809947644,20.63017602084396,-0.09085978227283396
2022-08-01,37593.71063033792,37939.15973232214,37406.76358872746,37902.7578125,346400,0.0,0.0,^NSEBANK,0.010983897576978485,0.010924012687932463,0.042796422096338604,35781.1111328125,34802.4661328125,35273.19837890625,36397.07114257813,36009.907848842326,35294.60404702502,35781.1111328125,38059.17656006625,33503.04570555875,0.12733340889264264,76.37728544090297,852.6578108749745,630.3996393477832,222.25817152719128,537.9217831401786,14.700389556381351,20.680107138597165,-0.08087387923820688
2022-08-02,37767.260787798936,38179.4083470281,37631.86392208824,38023.55859375,317300,0.0,0.0,^NSEBANK,0.003187123793144231,0.0031820556797225474,0.046119943384607565,35991.5138671875,34877.1423046875,35315.28341796875,36394.01243164062,36201.684110262104,35401.62187238679,35991.5138671875,38282.46115757485,33700.566576800156,0.12730485851977133,77.03918114779226,904.5094223081251,685.2215959398517,219.2878263682734,537.707781126718,14.36415503174962,20.464200055598454,-0.07794451050982668
2022-08-03,37954.10977817859,38068.159234245075,37692.51125529018,37988.80859375,200300,0.0,0.0,^NSEBANK,-0.0009139070956317719,-0.0009143249633357339,0.04516388694546647,36174.76171875,34950.1364453125,35350.41951171875,36387.25426757812,36371.88644202286,35503.08017518535,36174.76171875,38490.22828421866,33859.29515328134,0.12801558077815978,76.3762206143312,932.054024743702,734.5880817006217,197.4659430430803,531.0292870303056,13.751013282308078,20.454473348919407,-0.078787183564238
2022-08-04,38110.60916182261,38231.40854326938,37249.068363964696,37755.11328125,186300,0.0,0.0,^NSEBANK,-0.006151688382731946,-0.006170687977511788,0.03873436440409317,36316.52265625,35003.3488671875,35382.51216796875,36377.60813476562,36503.62233147306,35591.39519895259,36316.52265625,38655.54975313766,33977.495559362345,0.12881338442160103,71.8954054416794,924.3704943186458,772.5445642242265,151.82593009441928,570.0503196416212,14.06105932276786,20.446701421542553,-0.08445419774512967
2022-08-05,37867.80920313661,38150.00513700995,37779.45866907314,37920.16015625,175900,0.0,0.0,^NSEBANK,0.004371510522839905,0.004361983226407309,0.043275202608521024,36456.3486328125,35049.4943359375,35408.59638671875,36369.50874023438,36638.53069573753,35682.71931492504,36456.3486328125,38829.22769581963,34083.46956980537,0.13017645222272334,73.09589768939048,920.9826300902641,802.2321773974342,118.75045269282998,548.2680612020413,13.70697764100903,20.44923330152417,-0.08045187963643052
2022-08-08,37846.91079248344,38301.90549355632,37681.01038083108,38236.953125,174100,0.0,0.0,^NSEBANK,0.00835420967223377,0.008319506407548223,0.051990942396954676,36594.7345703125,35097.7027734375,35440.74349609375,36363.10481445312,36790.761403286335,35782.88534669269,36594.7345703125,39046.72756944563,34142.74157117937,0.1340079674261286,75.27866234683015,933.1040259359434,828.406547105136,104.69747883080731,546.1076485731454,13.758388972222097,20.374598763853033,-0.07276978183520474
2022-08-10,38298.40612206288,38402.50256758975,38154.85701040139,38287.40625,163900,0.0,0.0,^NSEBANK,0.001319486017493654,0.00131861626082225,0.05337902973597752,36752.512890625,35153.7112109375,35466.13919921875,36354.393173828124,36933.29900773526,35881.10185270474,36752.512890625,39214.24002882606,34290.785752423944,0.1339623848593497,75.61794059192546,935.9919326419767,849.9236242125041,86.06830842947261,530.7722381570483,13.513554247046688,20.374780667857745,-0.07154631452733866
2022-08-11,38712.498038912374,38931.64782855268,38648.44800414183,38879.3984375,200900,0.0,0.0,^NSEBANK,0.015461799204536053,0.015343483609946444,0.0696661647800243,36955.1130859375,35218.8914453125,35490.65189453125,36347.17426757813,37118.64181056999,35998.68211093201,36955.1130859375,39416.69589030624,34493.530281568754,0.13322014729839632,79.22135250382492,974.8124108858246,874.9013815471683,99.91102933865636,545.050745342025,13.061678140496335,20.230050791279794,-0.057190750071848866
2022-08-12,38941.997252627385,39088.44477168754,38739.499602842676,39041.84765625,125300,0.0,0.0,^NSEBANK,0.004178285294489381,0.004169580499475686,0.07413553518633753,37174.665625,35287.4637109375,35520.88955078125,36336.42391601563,37301.80427206333,36118.0219362386,37174.665625,39552.75081921118,34796.580430788825,0.12794117468063584,80.09087732248794,1007.0772541864353,901.3365560750217,105.74069811141362,525.5150907453509,13.064302197877623,19.109839760896943,-0.0532514240473655
2022-08-16,39283.64401349645,39444.14214412405,39119.44280099981,39239.19140625,0,0.0,0.0,^NSEBANK,0.005054672405300664,0.00504194043467504,0.07956493843559675,37402.512890625,35366.7547265625,35549.80017578125,36326.430771484374,37486.31733246206,36240.42073898415,37402.512890625,39644.43160409269,35160.59417715731,0.11988064652359925,81.12425537367251,1036.6218350722556,928.3936118744685,108.22822319778709,515.2115223858881,13.053285212848822,18.959734346750263,-0.04846592014574
2022-08-17,39350.84502859512,39504.0424730467,39202.346748468866,39461.2421875,169800,0.0,0.0,^NSEBANK,0.005658903083681555,0.0056429516417755045,0.0856740917947445,37607.660546875,35449.7837890625,35582.94330078125,36319.367607421875,37674.405413894245,36366.727462455354,37607.660546875,39812.54754722929,35402.77354652071,0.11725733365445969,82.24120652286985,1065.669397118727,955.8487689233202,109.8206281954067,508.7403522360572,12.899422706847934,18.873076229195803,-0.04308128100702461
2022-08-18,39323.9413560481,39703.23772855038,39290.69174252466,39655.6875,137200,0.0,0.0,^NSEBANK,0.004927501054733385,0.004915400654953456,0.09102375202715973,37804.448046875,35542.9856640625,35624.23330078125,36320.10360351563,37863.09894590432,36495.706287457106,37804.448046875,40002.46923572321,35606.42685802678,0.11628373392055959,83.17982776936732,1091.7943849372532,983.037892126107,108.75649281114625,498.2298698029398,12.630421429539496,18.881657132591894,-0.0383660630098925
2022-08-19,39732.18663378138,39758.68632577778,38847.946911222076,38985.49609375,148100,0.0,0.0,^NSEBANK,-0.016900259420543406,-0.017044698489410655,0.07258516758392619,37955.138671875,35623.7807421875,35659.99134765625,36319.45534179688,37969.99391236581,36593.345103390166,37955.138671875,40034.12410791942,35876.15323583058,0.10954961614117162,69.53766866657283,1046.358016661885,995.7019170332626,50.656099628622314,518.2369562359906,13.837445967379116,19.092757762008038,-0.0546179260126238
2022-08-22,38693.19852163497,38732.4011907951,38246.805274695886,38297.3046875,124300,0.0,0.0,^NSEBANK,-0.017652498370036906,-0.017810161911749174,0.0536513596614252,38059.975,35688.0259765625,35685.86353515625,36312.125419921875,38001.1663671405,36660.16704786506,38059.975,39971.11347917697,36148.836520823024,0.10042773171432584,58.86199801917573,943.936954789031,985.3489245844163,-41.41196979538529,532.8938879966174,14.659784920239494,19.319815288281056,-0.07130628153274803
2022-08-23,37955.008615763974,38869.447219198795,37950.411012885525,38697.19921875,176400,0.0,0.0,^NSEBANK,0.010441845307733288,0.010387705792519158,0.0646534241672927,38157.9087890625,35772.3019921875,35714.36572265625,36305.921494140624,38067.455210150925,36740.05066240957,38157.9087890625,39982.71671224563,36333.10086587937,0.0956450697165138,62.467785553608735,884.8358352471696,965.246306716967,-80.41047146979736,560.5110353336594,14.794025470392903,19.387199706704603,-0.061609005386249464
2022-08-24,38552.251732503515,39120.34670097401,38551.75173830708,39038.046875,214900,0.0,0.0,^NSEBANK,0.008808070432261283,0.008769505668552526,0.07403096651330632,38273.5125,35884.9536328125,35741.40740234375,36304.103759765625,38159.89251156512,36830.16816094253,38273.5125,40007.02468753901,36540.00031246099,0.09058547670737097,65.26260475754131,855.6380664722383,943.3246586680212,-87.68659219578296,562.0146451713075,14.757247601123687,19.391997343330974,-0.05334359141269174
2022-08-25,39189.59487239689,39471.29081406086,38803.247804432984,38950.296875,333400,0.0,0.0,^NSEBANK,-0.0022478071272616917,-0.002250337237880557,0.07161675205187801,38400.6234375,35997.7402734375,35767.17857421875,36300.989052734374,38235.16911760654,36913.31046345459,38400.6234375,39917.48337065239,36883.763504347604,0.07900183889572533,63.94249332268986,816.0114605491763,917.8620190442523,-101.85055849507603,582.9000045050919,14.356390751808053,19.09697480992926,-0.05547149243498222
2022-08-26,39129.1936563052,39336.64437019792,38846.34928742936,38986.6953125,196300,0.0,0.0,^NSEBANK,0.0009344842124519026,0.000934047853905864,0.07261816098846952,38510.7919921875,36110.7019140625,35785.56486328125,36298.73356445313,38306.74304092973,36994.619673221074,38510.7919921875,39841.734320858,37179.849663517,0.069120485963545,64.26538407533153,778.5692775832576,890.0034707520534,-111.43419316879579,547.7539261810832,13.91312821927376,19.00148836483733,-0.05458884545645201
2022-08-29,38111.15817075209,38396.65484923479,37943.410122361645,38276.25390625,158000,0.0,0.0,^NSEBANK,-0.018222662899623043,-0.01839074063501427,0.053072201820763,38555.7189453125,36223.892578125,35781.97990234375,36293.27311523438,38303.83931381738,37044.87983922221,38555.7189453125,39782.178222880044,37329.25966774496,0.06362009637569736,54.0849448876502,683.6882610563043,848.7404288129037,-165.05216775659937,594.0677357795404,15.112637991135507,19.26632530279098,-0.07181675422724247
2022-08-30,38516.50017055356,39606.08902998059,38472.25068644028,39536.2890625,176800,0.0,0.0,^NSEBANK,0.0329195004123497,0.03238925913614837,0.08773881260283556,38657.9853515625,36359.7649609375,35796.66822265625,36295.840576171875,38421.21548035858,37142.58216170369,38657.9853515625,39851.26486532623,37464.70583779877,0.061735214751200106,64.75046199426122,702.0755880815559,819.4074606666343,-117.33187258507837,644.7063079942085,17.343376210524706,19.891078409332817,-0.04126142548529007
2022-09-01,38806.24793859346,39667.18714543041,38802.84954061363,39300.79296875,191200,0.0,0.0,^NSEBANK,-0.005956454167403535,-0.005974264600430726,0.08125974621946086,38727.887109375,36492.092421875,35813.35251953125,36299.545791015626,38504.98476496728,37227.217879627075,38727.887109375,39898.46581217651,37557.30840657349,0.060451462249699904,61.85837697315126,689.6947389494162,793.4649163231908,-103.77017737377457,688.7557399676678,16.98797119677713,19.581134456909393,-0.046972107862908764
2022-09-02,39421.84373491926,39595.39250409117,39199.994744477226,39420.54296875,133900,0.0,0.0,^NSEBANK,0.003047012310800401,0.003042379577068134,0.08455435797736444,38797.736328125,36616.676015625,35831.98880859375,36302.983994140624,38592.18078437516,37313.23062822013,38797.736328125,39958.02885810032,37637.44379814968,0.05981238287524559,62.76902201394945,681.6875809233825,771.1094492432292,-89.42186831984668,670.9811814720435,16.871048152325994,19.58402331176581,-0.04406822014303087
2022-09-05,39411.59440265754,39864.73759284759,39406.94211278015,39805.2890625,214100,0.0,0.0,^NSEBANK,0.00976004044528267,0.009712718908143736,0.09513965237633104,38888.5603515625,36755.8834375,35852.52556640625,36308.50092773438,38707.71490610133,37410.9584099566,38888.5603515625,40066.48381036093,37710.636892764065,0.06057943251947121,65.6099857712518,698.3376431574216,756.5550880260677,-58.21744486864611,678.7562037022279,16.940933835483467,19.593885300641674,-0.03473828730869588
2022-09-06,39892.485649837174,40073.28433012389,39563.841031337826,39666.0390625,210200,0.0,0.0,^NSEBANK,-0.003498278828759638,-0.0035044121142811737,0.09130854851588777,38984.106640625,36886.511953125,35873.05232421875,36315.29784179688,38798.9838733774,37499.39294535045,38984.106640625,40082.22287193159,37885.990409318416,0.056336611298012894,63.71498876671113,692.3160378632092,743.7072779934961,-51.39124013028686,686.409690195943,17.03371959811359,19.514595655618642,-0.038115041922416104
2022-09-07,39337.29433730401,39571.592404567426,39257.79525817987,39455.44140625,138900,0.0,0.0,^NSEBANK,-0.005309268614347218,-0.005323412866927494,0.08551449829068347,39060.870703125,37003.079609375,35890.13712890625,36322.36950195312,38861.50363841289,37576.10072813083,39060.870703125,40055.60964129425,38066.13176495575,0.05093275803960334,60.85239782185251,662.908801446225,727.5475826840419,-64.63878123781694,694.020267320393,16.826242948271986,19.473346654522494,-0.043221947540950066
2022-09-08,39763.43487583637,40265.28058782487,39705.935546162895,40208.48046875,203800,0.0,0.0,^NSEBANK,0.019085810110356816,0.01890596081322748,0.10623242187709869,39159.4470703125,37131.032109375,35917.59228515625,36333.53286132812,38989.787146064045,37679.33130619432,39159.4470703125,40200.09194952818,38118.80219109682,0.053149109963026665,66.62631442827917,692.3859197640195,720.5152501000374,-28.129330336017915,722.3983527167604,17.47715315294097,19.63033192701322,-0.02496106331395956
2022-09-09,40520.28003159838,40685.47733433219,40279.83360163029,40415.23046875,207000,0.0,0.0,^NSEBANK,0.005141950095843173,0.0051287754135227875,0.11192061378479456,39265.83828125,37266.495546875,35954.45884765625,36349.96715820312,39125.54365298652,37786.6214694318,39265.83828125,40364.55795128078,38167.118611219215,0.05596313325394801,68.02089725112776,724.0829677934671,721.2287936387233,2.8541741547437596,691.4167420757949,17.125832107809387,19.64054181790164,-0.019947461760015883
2022-09-12,40539.97695334109,40684.42448936752,40377.4280656841,40573.52734375,147000,0.0,0.0,^NSEBANK,0.0039167628927019305,0.0039091123473311016,0.11627574318449718,39350.5447265625,37412.575859375,35996.78232421875,36366.47295898438,39263.44686163066,37895.91189587565,39350.5447265625,40577.55132218065,38123.53813094435,0.06236287726862865,69.08603638133184,753.2928505197415,727.6416050149271,25.65124550481437,660.5814281207453,17.006243239999552,19.13847519129959,-0.01610882834533909
2022-09-13,40801.62582782897,40903.82385498074,40693.474745088024,40872.625,176400,0.0,0.0,^NSEBANK,0.007371743987550472,0.007344705482157109,0.12450464218276602,39442.08359375,37561.5340625,36042.36380859375,36383.62850585938,39416.70192242775,38012.64574309621,39442.08359375,40834.18059774136,38049.98658975864,0.07058942515967645,71.0482244070008,791.4531944589035,740.4039229037223,51.04927155518112,618.5285927577077,16.616417803658518,19.157541272837545,-0.008855834516289943
2022-09-14,40308.33303743262,41626.41539846129,40288.43092462966,41404.91796875,218400,0.0,0.0,^NSEBANK,0.013023214651615822,0.012939141738034865,0.1391493075146506,39550.369921875,37718.85125,36088.25626953125,36403.831513671874,39606.0558316013,38145.676026455185,39550.369921875,41190.79488557289,37909.944958177104,0.08295371026558146,74.18820226631611,854.7936073661331,763.2818597962046,91.5117475699285,673.484986412329,16.866602005789176,18.949071061648418,0.0
2022-09-15,41533.214966570275,41839.66061234929,41153.02018066165,41208.71875,245300,0.0,0.0,^NSEBANK,-0.004738548664631526,-0.004749811179088504,0.13375139308471118,39637.74375,37864.215546875,36139.90013671875,36429.74969726562,39758.690395258316,38265.79534894714,39637.74375,41436.67414320708,37838.813356792925,0.0907685565835001,71.12615465431738,879.0268295741698,786.4308537517976,92.59597582237222,674.8133737023117,16.865396497610746,18.889738063700655,-0.00473854866463157
2022-09-16,40976.724239621006,41162.02287299352,40501.58130971048,40776.328125,244200,0.0,0.0,^NSEBANK,-0.010492697616326652,-0.010548134094414916,0.12185528254498412,39693.77578125,38003.43203125,36186.84408203125,36453.751181640626,39855.60827428134,38364.2476146747,39693.77578125,41563.477462404386,37824.07410009561,0.09420629024853672,64.78038510780692,853.5028731323255,799.8452576279033,53.65761550442221,690.3021135252374,17.301721078023917,18.994819851745813,-0.015181526122679985
2022-09-19,40685.127549124045,41183.77017704965,40509.426471178245,40903.921875,206000,0.0,0.0,^NSEBANK,0.003129113283787177,0.003124227797655723,0.12536569481208248,39789.6970703125,38135.0334375,36231.83951171875,36479.796357421874,39955.44766482597,38463.842683707066,39789.6970703125,41702.741013848,37876.653126777,0.0961577536091795,65.75142112251044,833.9573616963244,806.6676784415874,27.28968325473693,663.9491503633124,17.274295946915647,18.9828498284485,-0.0120999175539515
2022-09-20,41303.66987068642,41677.16554316215,41206.823336553105,41467.8203125,175200,0.0,0.0,^NSEBANK,0.013785925936961263,0.013691764475000152,0.14087990293275876,39948.2228515625,38265.991953125,36286.23337890625,36505.31307617188,40099.48315508064,38581.64572797346,39948.2228515625,41866.00696170461,38030.438741420396,0.09601348812276872,69.72426584380301,854.1234903524964,816.1588408237693,37.964649528727136,624.1926178227093,17.370341378358074,18.11705043446159,0.0
2022-09-21,41282.1201707635,41501.215272140566,40888.67163377578,41202.96875,151300,0.0,0.0,^NSEBANK,-0.006386917867977848,-0.006407401492636264,0.13359319669550063,40073.511328125,38387.578515625,36334.04529296875,36528.78879882812,40204.57702126344,38684.442709229406,40073.511328125,41974.50212712223,38172.520529127774,0.09487517993777823,65.8599991826252,839.0618027999008,820.7394332189956,18.32236958090516,606.2073345047091,17.585234118427415,18.008778170824254,-0.006386917867977824
2022-09-22,40888.5751184573,41158.72041331745,40359.72970809354,40630.12890625,209500,0.0,0.0,^NSEBANK,-0.013902877902456923,-0.01400042811729088,0.1178329888907872,40153.1154296875,38490.79640625,36379.46927734375,36550.955810546875,40245.10577221454,38760.74412872041,40153.1154296875,42004.21972711439,38302.01113226062,0.09220227509710283,58.330068381170484,772.0027517652488,810.9920969282463,-38.98934516299744,638.1959975256032,18.151743184829336,18.101802489693362,-0.020200999231143275
2022-09-23,40428.88033187166,40527.92605241533,39412.23983787201,39545.7890625,226200,0.0,0.0,^NSEBANK,-0.026688072938483853,-0.02705066537478093,0.0880001805502264,40182.8900390625,38579.075390625,36413.29388671875,36570.00733398437,40178.50418081316,38791.53020455491,40182.8900390625,41970.604317027246,38395.17576109775,0.0889788801266847,47.3047549808005,624.1658125441827,773.6268400514336,-149.46102750725095,692.4883966906424,19.978012827367703,18.454368588000712,-0.04634994642871609
2022-09-26,39027.397555632575,39228.942086059105,38491.75144306961,38615.80078125,241800,0.0,0.0,^NSEBANK,-0.023516746113731668,-0.023797677930456014,0.062413956532532566,40164.3453125,38654.843515625,36446.81048828125,36579.996474609376,40029.675285616664,38784.638854621386,40164.3453125,42011.028820203544,38317.66180479646,0.09195636046525153,40.27375185519426,427.0390506895783,704.3092821790626,-277.27023148948433,731.3879910223799,20.732278621671313,18.906700808798224,-0.0687766926198986
2022-09-27,38811.24865257446,39050.04666157906,38184.45514787345,38358.703125,168700,0.0,0.0,^NSEBANK,-0.006657835679917734,-0.0066800979351983175,0.05534057898588762,40168.4677734375,38729.001640625,36478.07310546875,36585.36866210937,39870.53507984365,38767.935492675446,40168.4677734375,41997.68990037425,38339.24564650075,0.09107751568987524,38.56713813852454,247.21924986970407,612.891275717191,-365.6720258474869,764.0556845499138,20.773790030446335,18.430792191345343,-0.07497662438174481
2022-09-28,38080.80877615548,38368.35622573277,37625.76326729688,37759.4140625,210600,0.0,0.0,^NSEBANK,-0.015623287902802319,-0.015746617696308026,0.03885268928488106,40079.6240234375,38790.545,36509.75927734375,36588.75563476563,39669.475935334725,38728.38563266857,40079.6240234375,42189.240110850675,37970.007936024325,0.10527125135602705,34.85903797468174,55.71094224877743,501.4552090235083,-445.7442667747309,759.2523828971296,21.153852223435305,18.070723716710095,-0.0894285308958509
2022-09-29,38092.40889002798,38282.95355070553,37536.21222859797,37647.3125,253000,0.0,0.0,^NSEBANK,-0.002968837448442563,-0.0029732531882483352,0.0357685045175169,39996.95,38836.32546875,36543.48240234375,36591.466103515624,39476.88894149333,38685.99060785804,39996.95,42350.56499443185,37643.335005568144,0.11768972356301434,34.19670211857516,-103.90863642572367,380.38243993366194,-484.2910763593856,778.5198440775135,21.05852801881648,18.080836635152256,-0.09213186957281069
2022-09-30,37659.56208323766,38810.54869921765,37385.91682776734,38631.5,246100,0.0,0.0,^NSEBANK,0.026142304314551,0.02580643529320738,0.06284587996204127,39957.4978515625,38894.55671875,36584.97494140625,36599.99950195313,39396.375708970154,38683.85372127537,39957.4978515625,42377.31607096692,37537.67963215808,0.12111960705816797,44.21768392280841,-149.27188312026556,274.45157532287647,-423.723458443142,858.3509474894345,22.469986342905692,18.55947967766947,-0.06839810462970063
2022-10-03,38444.45221148561,38641.1530533725,37962.80936442989,38029.20703125,172900,0.0,0.0,^NSEBANK,-0.015590721787919204,-0.015713535263736502,0.04627534554411694,39868.69375,38935.7071875,36618.33955078125,36605.677939453126,39266.1691682349,38658.18130205869,39868.69375,42437.7867959565,37299.6007040435,0.12887771352962868,40.184603071965306,-231.15794703341817,173.32967085161755,-404.4876178850357,883.2114601831391,22.39139235395755,18.77579369593563,-0.08292245059751717
2022-10-04,38699.950058689654,39177.04609354033,38596.45125782994,39109.59765625,241100,0.0,0.0,^NSEBANK,0.028409496524926414,0.028013430638574355,0.0759995013374688,39840.8716796875,38993.887578125,36674.11794921875,36617.280302734376,39251.25759566491,38675.883904183844,39840.8716796875,42431.169863273244,37250.57349610176,0.13003220433584953,49.145088492226876,-206.494409392355,97.36485480282303,-303.85926419517807,869.6296450730463,23.326832743037716,19.006086358106476,-0.056868739144679395
2022-10-06,39343.24147957582,39607.8907442624,39232.44198742317,39282.39453125,158800,0.0,0.0,^NSEBANK,0.004418272888378372,0.004408540975688077,0.0807535607621368,39832.2193359375,39044.765,36735.73224609375,36630.95116210938,39254.223018101584,38699.66863465703,39832.2193359375,42429.08607949653,37235.35259237848,0.13039026129362946,50.42425637379762,-171.03354617622244,43.68517460701395,-214.7187207832364,856.1762633819578,23.175404486103563,18.876437545095197,-0.05270172786466012
2022-10-07,39093.043955076486,39234.59308506694,38807.04729140729,39177.59375,165000,0.0,0.0,^NSEBANK,-0.0026678816935823413,-0.002671446832271723,0.07787023812210547,39780.675,39093.797421875,36791.53607421875,36648.74795898437,39246.92499256811,38718.41079604303,39780.675,42387.00256532484,37174.34743467517,0.13103485877626936,49.609232240455604,-149.6618946259623,5.015760760418697,-154.677655386381,839.6198204928997,23.060737372942768,18.869239516170122,-0.05522900758325215
2022-10-10,38641.102890138834,39315.243513638445,38517.854318719685,39092.6484375,159700,0.0,0.0,^NSEBANK,-0.002168211581396573,-0.002170565555351996,0.07553318738856651,39714.5458984375,39147.488828125,36839.44755859375,36672.01393554688,39232.231987323525,38733.086781982514,39714.5458984375,42320.1972379901,37108.8945588849,0.13121899196410616,48.91904250523904,-137.98843877175386,-23.585079146015815,-114.40335962573805,848.4087839962823,23.060008566388824,18.793105774071815,-0.05727747099077768
2022-10-11,39058.39832410177,39174.4946331561,38622.30182211855,38712.0,177600,0.0,0.0,^NSEBANK,-0.009737084917860406,-0.009784800321141573,0.065060629410987,39621.46953125,39186.06234375,36884.93455078125,36692.536689453125,39182.68608376891,38732.25984935575,39621.46953125,42230.91491467979,37012.0241478202,0.1317187582541173,45.84130033683887,-157.63516850111773,-50.3950970170362,-107.24007148408154,832.6194370588112,23.238135817666432,18.875462837188067,-0.06645684030972059
2022-10-12,38783.749966670875,39163.647909868036,38605.95124495471,39118.09765625,195800,0.0,0.0,^NSEBANK,0.010490226706189265,0.010435586074231949,0.07623335686934496,39533.7431640625,39220.87,36942.96291015625,36712.98170898438,39176.534804957584,38747.39074374377,39533.7431640625,42083.368509947424,36984.117818177576,0.12898476804000786,49.49223101794051,-138.83623866229755,-68.08332534608847,-70.75291331620907,828.7017960979928,22.7813818041978,18.940944951932362,-0.05666376092455728
2022-10-13,38957.195338231824,39060.84647644702,38437.50216387478,38623.55078125,158900,0.0,0.0,^NSEBANK,-0.012642406063449907,-0.012723001277778413,0.06262717775277293,39394.6748046875,39243.521796875,36986.43841796875,36730.14577148438,39123.869659842574,38742.53427462636,39394.6748046875,41814.685875703806,36974.663733671194,0.12285980696702456,45.47208447714596,-161.976585783872,-86.8619774336452,-75.1146083502268,817.0843997029042,20.9577503931145,18.997898465152925,-0.06858980071331668
2022-10-14,39445.59211690753,39570.3914470194,39195.84502090976,39305.14453125,185600,0.0,0.0,^NSEBANK,0.017647102252724034,0.01749320012360347,0.08137946821509967,39299.49609375,39271.56953125,37037.01783203125,36752.38827148438,39141.133933309946,38764.597421944934,39299.49609375,41563.82985273006,37035.16233476994,0.11523474772187556,51.338745249230676,-123.88844936021633,-94.26727181895943,-29.6211775412569,797.7237995165763,21.55085441183547,19.1990900972756,-0.05215310968727445
2022-10-17,39295.14399463325,39974.23374329936,39146.24338473958,39919.984375,201600,0.0,0.0,^NSEBANK,0.01564273204137856,0.01552164562429645,0.098295197471437,39256.67890625,39309.498046875,37093.32017578125,36776.70073242187,39215.31016585186,38809.90671422161,39256.67890625,41434.149270783564,37079.20854171644,0.11093502686427655,55.94346789921579,-43.58842959114554,-84.13150337339665,40.54307378225111,781.5775665972469,22.005303133561124,19.27032299824365,-0.03732619476585854
2022-10-18,40251.582806702085,40434.88145687805,40139.38489239193,40318.28125,245200,0.0,0.0,^NSEBANK,0.009977380533481295,0.009927935090980215,0.10925330659470456,39227.396875,39356.0875,37153.11197265625,36802.37518554687,39320.355031008825,38869.05865680115,39227.396875,41325.9168063642,37128.8769436358,0.10699256634597683,58.67179416794454,51.59439563637716,-56.98632357144189,108.58071920781904,756.52796432385,22.01332855074949,19.315107870217428,-0.027721231881423114
2022-10-19,40556.17755757661,40643.12967301388,40194.732535405645,40372.73046875,232900,0.0,0.0,^NSEBANK,0.0013504846204226428,0.0013495735362455095,0.11075133612541377,39172.6423828125,39408.43984375,37205.89435546875,36829.013876953126,39420.58126317465,38928.026178838365,39172.6423828125,41072.79826613862,37272.486499486375,0.09701443495983515,59.045182231825684,129.92339130595792,-19.60438059596193,149.52777190191986,735.5139771218746,21.981255679141228,19.31116826015222,-0.026408184358315493
2022-10-20,40149.0345772265,40207.88545750487,39848.389624916344,40099.0859375,262800,0.0,0.0,^NSEBANK,-0.0067779545270492125,-0.006801029185933356,0.10322271407829664,39117.4482421875,39452.018359375,37250.75634765625,36854.193330078124,39485.20075596754,38973.950090942744,39117.4482421875,40823.50299845063,37411.39348592437,0.0872273030541487,56.29257166858564,167.982460733052,17.912987669840856,150.06947306321115,719.6282286737385,22.020124615470905,19.102416134666118,-0.03300714541264207
2022-10-21,40370.28213359293,41031.77446730909,40354.9815296674,40783.578125,324200,0.0,0.0,^NSEBANK,0.01707001971483524,0.016925963973544327,0.12205474755746715,39125.120703125,39502.950859375,37300.32681640625,36880.704794921876,39608.85574349444,39044.91589619989,39125.120703125,40860.93946099563,37389.301945254374,0.08873167554123272,61.169034313710775,250.4898553185776,64.42836119958821,186.0614941189894,684.4894185565083,21.880640481956718,18.43806573970382,-0.016500558320731003
2022-10-24,41347.87058829255,41426.768108026496,41200.66917559555,41304.41796875,74300,0.0,0.0,^NSEBANK,0.012770822661848147,0.012689963404576737,0.13638430975540827,39213.0521484375,39563.29109375,37358.50115234375,36905.11950195312,39770.33786018545,39133.52382061363,39213.0521484375,41198.78033425273,37227.323962622264,0.10127894040476311,64.42180842391019,353.82629325232847,122.30794761013627,231.5183456421922,681.9784395625003,22.129600923445558,18.500196177577045,-0.0039404613630185
2022-10-25,41513.16734496403,41530.16714795477,41020.97383020246,41122.2734375,351800,0.0,0.0,^NSEBANK,-0.004409807478410799,-0.0044195593592475,0.1313730737279002,39338.37578125,39608.14859375,37413.52001953125,36926.53227539062,39899.0936294535,39211.514001667994,39338.37578125,41475.96416705674,37200.78739544325,0.10867700271578541,62.451583591129136,416.22563337704196,181.09148476351743,235.13414861352453,636.360886381213,22.159898024541835,18.53401193958307,-0.008332892165442292
2022-10-27,41440.21710499562,41511.31784031264,41178.16937239799,41298.8203125,239400,0.0,0.0,^NSEBANK,0.004293217768427171,0.004284028201509764,0.13623030471074893,39485.381640625,39653.288046875,37470.37587890625,36944.549072265625,40032.40093260078,39293.36915111238,39485.381640625,41740.45635297292,37230.306928277074,0.11422327041802038,63.61318077737236,474.4542046043498,239.76402873168394,234.69017587266586,628.5574088669445,22.0953176496837,18.083563581252,-0.004075449317722081
2022-10-28,41236.32135932722,41481.91616024174,40838.82598068995,40990.375,237100,0.0,0.0,^NSEBANK,-0.007468622836343863,-0.007496652649825813,0.12774422910964023,39646.9296875,39688.31171875,37527.53322265625,36962.05188476563,40123.636558067374,39359.91840008837,39646.9296875,41843.5565179801,37450.3028570199,0.11080942952173453,60.114182759414355,490.06267047071015,289.8237570794892,200.23891339122093,640.5390474175927,21.878311770877755,18.16199051793571,-0.01151363416022326
2022-10-31,41265.21924083606,41353.218217272726,41105.62344093047,41307.41796875,237200,0.0,0.0,^NSEBANK,0.007734571073087171,0.007704812625632214,0.13646684700195255,39829.9349609375,39725.235234375,37587.50951171875,36979.89315429688,40236.37764479905,39436.290932192744,39829.9349609375,41932.98981355612,37726.880108318874,0.10560172165388462,62.403314459686975,521.9979427110738,336.25859420580616,185.73934850526769,609.5000490143045,21.954168053069075,18.1673441017635,-0.003868116108857753
2022-11-01,41551.91491010484,41676.76501976088,41188.071487793575,41289.0703125,304400,0.0,0.0,^NSEBANK,-0.00044417339916724696,-0.00044427207339156974,0.13596205865947875,39962.8134765625,39757.902890625,37650.44427734375,36994.60124023438,40336.634089342,39508.94894710675,39962.8134765625,42082.802764401415,37842.824188723585,0.10609809987889124,62.18090335664066,539.6061299482608,376.9281013542971,162.6780285939637,604.9643862235727,21.721939781040927,18.043787868187604,-0.004310571393744509
2022-11-02,41472.12122479492,41473.82042386448,41059.973654613575,41146.171875,175800,0.0,0.0,^NSEBANK,-0.003460926497459549,-0.0034669293578777093,0.13203057747055547,40118.66171875,39801.11640625,37712.44857421875,37008.123330078124,40413.73292607133,39573.15376780844,40118.66171875,42093.44559657511,38143.87784092489,0.09844714620189675,60.376037286913046,535.8530550777068,408.713092098979,127.1399629787278,594.6893936762572,21.736779100199062,17.93969297746647,-0.007756579320448216
2022-11-03,40873.2236904437,41477.51744120386,40818.673543842415,41297.87109375,263600,0.0,0.0,^NSEBANK,0.0036868367538747115,0.0036800570299636917,0.13620418941008383,40228.075390625,39861.127734375,37774.57685546875,37020.97717773438,40497.93656108835,39640.789741374785,40228.075390625,42209.93052450738,38246.22025674263,0.09853094460214909,61.648686586079734,538.9073864602906,434.75195097124134,104.15543548904924,593.1357083181304,21.386041917339153,17.909592409093698,-0.004098339808296381
2022-11-04,41314.37043692542,41515.71574841311,41050.670382838485,41257.96875,190400,0.0,0.0,^NSEBANK,-0.0009662082498009816,-0.0009666753298806282,0.13510637954881743,40326.8541015625,39912.343125,37842.32255859375,37034.919501953125,40570.32057907993,39704.208526026756,40326.8541015625,42307.18021956282,38346.527983562184,0.09821376658902772,61.09285781604414,531.9758934670317,454.19673947039945,77.77915399663226,558.7217583042178,21.304001833475773,17.796049807110535,-0.0050605882083641284
2022-11-07,41740.16343564171,41778.912985389434,41336.57046895981,41686.21484375,393400,0.0,0.0,^NSEBANK,0.010379718311992692,0.010326218923140264,0.14688846402267997,40452.28515625,39965.306484375,37925.13005859375,37051.50081054687,40676.59622333423,39781.93426397669,40452.28515625,42443.86945375836,38460.70085874164,0.09846584882983561,64.76462992881366,554.6449147718376,474.2863745306871,80.35854024115054,536.789892363479,21.075197046859127,17.839455390656166,0.0
2022-11-09,41914.36566130992,41948.412141618865,41667.415399133315,41782.71484375,490500,0.0,0.0,^NSEBANK,0.002314913943655128,0.0023122386582799916,0.14954341211986333,40586.7884765625,40021.95484375,38009.84755859375,37069.335869140625,40781.940853850014,39860.396247497214,40586.7884765625,42554.95868474518,38618.61826837982,0.09698575728992367,65.55350815951014,573.7828099277758,494.1856616101049,79.59714831767093,520.0827252640146,19.379333148152604,17.79566651107807,0.0
2022-11-10,41462.36882792137,41643.41359506859,41318.12050736358,41603.265625,253400,0.0,0.0,^NSEBANK,-0.004294819506608594,-0.004304068735919315,0.14460633064979755,40731.3517578125,40074.28625,38092.49408203125,37086.30291992187,40860.1622606262,39928.74406622281,40731.3517578125,42537.80040905722,38924.903106567785,0.08870064818795174,62.740456232713036,567.9230144952235,508.9331321871286,58.98988230809488,521.2396680338851,17.934926923485126,17.685363351720778,-0.004294819506608548
2022-11-11,42162.90985093517,42345.009303254774,41917.615818418504,42136.5625,255400,0.0,0.0,^NSEBANK,0.01281863014809903,0.012737166934584697,0.15927861586757008,40882.275,40151.492421875,38187.6925,37106.781181640625,40981.72418818562,40015.3251812729,40882.275,42624.44191439297,39140.10808560703,0.08522847196703062,67.23972101723297,599.4021503871481,527.0269358271325,72.37521456001559,536.7684419211079,17.95449508052717,17.76544441341653,0.0
2022-11-14,42177.06133025349,42230.959142287014,41964.96222909416,42076.26171875,142700,0.0,0.0,^NSEBANK,-0.0014310797481403847,-0.0014321047207582315,0.1576195957179498,41054.910546875,40202.291875,38281.02841796875,37127.910439453124,41085.96585776318,40096.146221958275,41054.910546875,42516.31938018856,39593.50171356144,0.07119288844363578,66.26533951542007,612.4241785744161,544.1063843765893,68.31779419782686,489.1476121628049,17.113193266349448,17.777942904976015,-0.0014310797481403472
2022-11-15,42234.360976193566,42449.5576952594,42079.06199886696,42372.20703125,139400,0.0,0.0,^NSEBANK,0.007033545766926386,0.007008925760447875,0.16576176612512272,41208.263671875,40263.72015625,38377.9062890625,37151.90215820313,41208.46501714287,40185.40350859716,41208.263671875,42533.9527872353,39882.5745565147,0.06434093539665897,68.6652886443454,639.2556024695732,563.1362279951861,76.11937447438709,469.8694688401551,17.021273571913884,17.723268004044503,0.0
2022-11-16,42371.30659441794,42611.2530146146,42295.80747498249,42534.8046875,185400,0.0,0.0,^NSEBANK,0.003837365755578359,0.0038300218491151544,0.1702352204056139,41339.0046875,40326.005390625,38471.340703125,37179.840576171875,41334.78308098641,40277.53688816198,41339.0046875,42645.35182451365,40032.65755048634,0.06320167342629149,69.93099300871543,665.9631624020258,583.701614876554,82.26154752547177,456.0303418315697,15.674717184372641,17.693273117706823,0.0
2022-11-17,42399.156927018914,42622.255903253215,42366.05965444769,42457.55859375,165400,0.0,0.0,^NSEBANK,-0.0018160679076234532,-0.0018177189581954534,0.1681099937774646,41445.9685546875,40379.05078125,38567.467109375,37203.59680664063,41441.714082201994,40363.027935439946,41445.9685546875,42750.74033380193,40141.196775573066,0.06296254253982746,68.51507008033883,673.1364835040658,601.5885886020563,71.54789490200949,446.5411879739191,14.714152516733778,17.58268467618724,-0.0018160679076234445
2022-11-18,42545.25655643274,42590.25603452489,42223.20951031225,42436.95703125,280100,0.0,0.0,^NSEBANK,-0.00048522720529275976,-0.000485344966108513,0.1675431950297095,41549.1798828125,40434.469140625,38660.490546875,37225.873291015625,41536.499124968475,40444.35848821681,41549.1798828125,42822.691913254304,40275.6678523707,0.06130142804424453,68.11893247746428,669.4421063503396,615.1592921517131,54.28281419862651,426.8237840211233,12.75356086154068,17.406076262077626,-0.002300413907360792
2022-11-21,42286.457723989864,42386.30812593039,42202.060267440036,42346.05859375,259100,0.0,0.0,^NSEBANK,-0.002141964077044034,-0.002144261363153479,0.16504235944755874,41661.528515625,40492.281484375,38747.680546875,37249.15877929688,41613.600026757194,40518.934962943604,41661.528515625,42783.88554290909,40539.171488340915,0.05387978152857028,66.29756130836275,651.6675240350232,622.4609385283752,29.206585506648025,417.684751630926,12.8208340286077,17.410451866902015,-0.0044374505804529564
2022-11-22,42466.90613004378,42508.25721317177,42346.65752405363,42456.55859375,216300,0.0,0.0,^NSEBANK,0.00260945182785699,0.0026060531196623296,0.16808248136194992,41745.1775390625,40537.243046875,38834.137578125,37271.56702148438,41693.88179504222,40594.92020336739,41745.1775390625,42841.08743869938,40649.26763942561,0.05250474254715538,67.43739200530362,639.1299735140856,625.7947455255173,13.33522798856825,394.3636864491018,12.725514007749329,17.361879297202364,-0.0018395780661241575
2022-11-23,42668.05539050716,42860.05316134725,42555.904348869175,42728.60546875,359100,0.0,0.0,^NSEBANK,0.006407652527919305,0.006387210798324663,0.1755671480264671,41816.3869140625,40583.510546875,38925.003046875,37292.68479492187,41792.426906823915,40678.59413534318,41816.3869140625,42974.99623524659,40657.77759287842,0.05541412860777097,70.11698923233291,643.7253188493705,629.380860190288,14.344458659082534,393.62424347384047,12.682283832021996,17.26555547612793,0.0
2022-11-24,42837.854314034324,43162.89741603527,42769.15198650954,43074.8984375,204900,0.0,0.0,^NSEBANK,0.008104476262471572,0.008071811363974089,0.1850945040725891,41914.0181640625,40633.53796875,39023.0569140625,37311.409072265626,41914.56705260259,40772.566853074815,41914.0181640625,43152.668059174306,40675.3682689507,0.05910432592090803,73.14627027896742,667.6142698944095,637.0275421311123,30.586727763297176,377.58481846839953,12.169064330463902,17.193633262985593,0.0
2022-11-25,43191.94679342608,43338.64430573424,42864.45060298763,42983.44921875,502800,0.0,0.0,^NSEBANK,-0.0021230280759150233,-0.002125284894779547,0.1825785151678303,41998.249609375,40675.754453125,39118.6442578125,37331.27858398438,42016.36535414044,40859.268122316986,41998.249609375,43288.78357305551,40707.715645694494,0.06145655953206344,71.09659516357114,671.4274503297565,643.9075237708412,27.51992655891536,378.2382711235415,12.096841164067873,17.16431135496344,-0.0021230280759150077
2022-11-28,42756.70227834148,43159.299161653216,42739.503259487334,43019.94921875,238700,0.0,0.0,^NSEBANK,0.0008491640541512524,0.0008488037183308766,0.18358271833412232,42099.7283203125,40708.055078125,39213.4531640625,37352.43381835937,42111.94476981754,40944.00071433397,42099.7283203125,43375.66928308753,40823.78735753746,0.060615163740114344,71.44058037189637,669.6750708950058,649.0610331956742,20.61403769933156,371.01339017900216,11.159674142398165,17.164463310315906,-0.0012756668208917352
2022-11-29,42958.899529756054,43279.09893608623,42958.899529756054,43052.94921875,223000,0.0,0.0,^NSEBANK,0.0007670859821846676,0.0007667919221026045,0.1844906280461125,42187.0048828125,40744.9396875,39304.5776171875,37377.723525390626,42201.56424114444,41026.70457725225,42187.0048828125,43473.50570925713,40900.50405636787,0.06099038459915725,71.76772693844471,663.3029779373464,651.9094221440087,11.393555793337782,373.8135804536183,10.360169408900207,16.92245147417813,-0.0005095593848432971
2022-11-30,43122.247355526306,43331.795694224704,42879.55096571048,43230.49609375,202000,0.0,0.0,^NSEBANK,0.004123918993281794,0.004115438945376115,0.18937537144447614,42284.076171875,40794.023046875,39398.7275390625,37403.73596679688,42299.5577509164,41113.12777397765,42284.076171875,43578.255977135865,40989.896366614135,0.06121357836932857,73.52489938424162,664.9148725951673,654.5105122342404,10.40436036092683,372.9314656056044,9.658732786003558,16.871678536662955,0.0
2022-12-01,43511.59472728786,43514.543911684945,43101.34950593882,43260.14453125,268400,0.0,0.0,^NSEBANK,0.0006858222823931115,0.0006855872137623277,0.1901910715763424,42389.7748046875,40841.1475,39488.09046875,37426.987685546876,42391.04220618627,41197.32450955696,42389.7748046875,43637.10633394223,41142.443275432764,0.05885058531222973,73.81795200827986,660.9654930809775,655.8015084035878,5.163984677389635,349.463660426415,9.420952381937878,16.853264447613693,0.0
2022-12-02,42976.20069252874,43131.39811098041,42937.30270624746,43103.25,212800,0.0,0.0,^NSEBANK,-0.0036267685406521366,-0.0036333612105613347,0.18587452404058435,42480.04375,40873.85609375,39569.9240234375,37447.451455078124,42458.871519882814,41272.06668565276,42480.04375,43653.79564918633,41306.291850813664,0.055261331937132604,69.43774835008654,637.8230765176559,652.2058220264014,-14.38274550874553,353.5240112699643,9.576784618548466,16.864740836779767,-0.003626768540652089
2022-12-05,43268.84839580863,43371.6440754137,42984.50013995016,43332.4453125,242600,0.0,0.0,^NSEBANK,0.005317355709836269,0.005303268489738388,0.1921802407121409,42583.767578125,40916.445625,39652.0120703125,37471.529677734376,42542.06902394159,41352.865847489906,42583.767578125,43665.87008243543,41501.66507381457,0.050822299944465216,72.04715044769196,630.7063012726867,647.9059178756585,-17.199616602971787,354.5131511952599,9.226509500333387,16.733735572854272,0.0
2022-12-06,43093.39895504571,43306.349611799546,43075.89915788053,43138.05078125,379200,0.0,0.0,^NSEBANK,-0.00448611957733025,-0.0044962124081702245,0.18683197759457593,42656.359375,40966.6040625,39728.700234375,37502.67932617188,42598.82919130429,41422.873099794226,42656.359375,43678.043255508026,41634.675494491974,0.04790300416996269,66.83493693698307,602.4356879608385,638.8118718926945,-36.37618393185596,350.30605226578547,8.364707381442438,16.763734090773273,-0.004486119577330281
2022-12-07,43156.85088205784,43326.84890984055,42947.95096184205,43098.19921875,242900,0.0,0.0,^NSEBANK,-0.0009238146318220064,-0.0009242416115459893,0.18573556484815978,42722.13359375,41037.652265625,39808.363828125,37527.32204101563,42646.38824153722,41488.57216328269,42722.13359375,43673.99304755337,41770.274139946625,0.04456048299716116,65.78425005211614,570.2419410588409,625.0978857259238,-54.855944667082895,359.0704593509976,7.734060094909373,16.676300790366728,-0.005405789866246658
2022-12-08,43141.74748266118,43640.390111945664,43094.79881077177,43596.34375,355700,0.0,0.0,^NSEBANK,0.011558360680491653,0.01149207312436163,0.19944072417836134,42821.7875,41137.263125,39896.0533203125,37555.53696289063,42736.86019472415,41571.229872565724,42821.7875,43694.464306299655,41949.11069370034,0.04075854172596864,71.76041726313616,578.258461607882,615.7300009023155,-37.471539294433455,371.8236577053727,8.064068423049504,16.695406377285757,0.0
2022-12-09,43764.79143424212,43852.88806519864,43361.19456891647,43632.94140625,443500,0.0,0.0,^NSEBANK,0.0008394661822987981,0.0008391140276306955,0.20044761410398104,42896.6064453125,41242.747890625,39985.874765625,37586.045615234376,42822.20126248851,41652.08130525922,42896.6064453125,43778.46007998144,42014.75281064356,0.0411153099391762,72.14534311561934,580.868842461321,608.7577692141166,-27.888926752795555,390.16628145338734,8.039388313720547,16.52198773223027,0.0
2022-12-12,43455.346688198595,43766.542291405865,43378.29680213205,43708.2421875,234200,0.0,0.0,^NSEBANK,0.001725778249715093,0.0017242908055181713,0.20251932048632404,42978.20546875,41361.724453125,40076.1347265625,37616.59327148437,42906.586112489604,41732.715065347096,42978.20546875,43842.2877993458,42114.123138154195,0.04021025639258433,72.96197195102975,582.3013246261326,603.4664802965199,-21.16515567038732,406.3124864428194,7.539746626549716,16.52062274196999,0.0
2022-12-13,43793.189279821374,43983.288628756665,43767.240363227094,43946.0390625,277000,0.0,0.0,^NSEBANK,0.005440549953482421,0.005425803622837524,0.2090616869194577,43056.8970703125,41487.698984375,40162.0122265625,37647.89764648437,43005.58163153821,41819.512084843285,43056.8970703125,43973.65935914106,42140.13478148395,0.042583760150271384,75.41338751147703,595.7572784632212,601.9246399298602,-6.167361466639022,397.1376202756349,7.42055220796432,16.45891179105993,0.0
2022-12-14,44078.08950104827,44151.287869442385,43987.43821040724,44048.58984375,349200,0.0,0.0,^NSEBANK,0.002333561418451202,0.0023308428924146006,0.21188310662458054,43132.586328125,41596.04078125,40245.29875,37681.28452148438,43104.91574698695,41906.92689891806,43132.586328125,44115.43385854703,42149.738797702965,0.04557331772062827,76.40683659489487,607.6911248060933,603.0779369051069,4.613187900986418,380.7773959654286,7.3821261431424,16.457345039274124,0.0
2022-12-15,43939.59253701847,44120.090446010574,43378.599035940526,43497.6953125,421900,0.0,0.0,^NSEBANK,-0.012506519123634652,-0.012585383872838056,0.19672666737597044,43184.5931640625,41705.410546875,40320.5588671875,37711.814912109374,43142.32332465486,41969.30997396049,43184.5931640625,44126.25987590133,42242.92645222367,0.04361123460218067,61.93031081734989,566.1697469430292,595.6962989126914,-29.52655196966225,399.870089345674,8.379730799065966,16.62274439703437,-0.012506519123634686
2022-12-16,43261.24560114738,43597.690897157314,43080.04849504141,43218.99609375,275200,0.0,0.0,^NSEBANK,-0.006407218054835906,-0.0064278323772524295,0.18905897866605548,43223.6951171875,41787.598515625,40390.743046875,37751.77143554688,43149.62549314011,42018.31727277576,43223.6951171875,44097.12049153125,42350.269742843746,0.04041419281603445,56.13571243341338,504.9542596919928,577.5478910685517,-72.59363137655896,406.8591250563898,8.694103413835688,16.626155574446248,-0.018833605183338462
2022-12-19,43345.84843854809,43450.94487492269,43109.80039715503,43413.24609375,175600,0.0,0.0,^NSEBANK,0.004494551413888326,0.0044844810808273875,0.19440326537981556,43277.0544921875,41870.215546875,40457.4902734375,37786.68602539063,43174.73221700772,42073.02036379436,43277.0544921875,44049.25308936409,42504.85589501091,0.03568628254568432,59.014194422739756,466.7346698549445,555.3852468258303,-88.65057697088582,408.3552015876386,8.70184442852892,16.626758059816815,-0.014423702376255483
2022-12-20,43152.14693519366,43425.694537349154,42954.89922755192,43358.99609375,182300,0.0,0.0,^NSEBANK,-0.0012496186044888002,-0.0012504000288732775,0.19291071683813477,43322.1763671875,41953.84359375,40523.8205078125,37822.456611328125,43192.28115764984,42123.45078457694,43322.1763671875,43991.05790554373,42653.29482883128,0.03087940608924903,57.871988933020155,427.14399781902466,529.7369970244692,-102.59299920544458,409.6802431078535,8.340664104643023,16.593241657150713,-0.01565529685390929
2022-12-21,43525.2433390054,43614.140741684154,42363.30764591198,42617.453125,279400,0.0,0.0,^NSEBANK,-0.017102401705672565,-0.017250336901878997,0.17250907855976716,43316.61875,42024.3396875,40585.9142578125,37858.681923828124,43137.53563073081,42142.82342537785,43316.61875,44007.7433298448,42625.4941701552,0.031910366034504936,45.03969122411545,332.10350230291806,490.2102980801591,-158.10679577724102,469.5115781097146,9.894392441917569,16.881227076035394,-0.03248995538396474
2022-12-22,42863.50252955492,42933.00172295274,42230.8614344378,42408.30859375,344800,0.0,0.0,^NSEBANK,-0.004907485452886218,-0.004919566701529435,0.16675500731335813,43283.2892578125,42098.265859375,40642.1641015625,37896.00399414063,43068.08543673263,42153.23460845127,43283.2892578125,44079.759650111744,42486.81886551326,0.036802674009137636,42.19771875384436,237.17302608884347,439.602843681896,-202.42981759305252,496.604325503457,9.922704590487728,16.73907165293686,-0.03723799685343928
2022-12-23,41950.86389423782,42226.15756901795,41597.16488090006,41667.56640625,332600,0.0,0.0,^NSEBANK,-0.017466911840222976,-0.01762125828948308,0.146375400461477,43217.4951171875,42149.255234375,40685.0626171875,37932.30481445313,42934.70267192476,42134.18879660024,43217.4951171875,44288.38388361806,42146.60635075694,0.049558113607776795,34.011923072884244,101.00392548135278,371.8830600417874,-270.87913456043464,526.8900238882,10.559330578675095,17.01306796421725,-0.05405447588551669
2022-12-26,41715.86610274812,42845.649830123984,41568.96546852383,42629.65234375,323200,0.0,0.0,^NSEBANK,0.02308956390972927,0.022827033391079436,0.1728447085349738,43197.9802734375,42229.377265625,40736.44953125,37981.098740234374,42905.650259717644,42153.61873962572,43197.9802734375,44297.85885282041,42098.10169405458,0.050922685385790256,48.095383660446444,69.91528696573369,311.48950542657667,-241.57421846084299,599.7570386725347,12.54611401004159,17.404517891021808,-0.032213006251352934
2022-12-27,42827.250370396294,42926.69842896922,42393.65386630298,42859.0,229600,0.0,0.0,^NSEBANK,0.005380002970716724,0.005365582453229976,0.17915461655108134,43188.2828125,42300.454375,40786.011953125,38029.60516601562,42901.207377839775,42181.28074983648,43188.2828125,44296.930545320094,42079.63507967991,0.05134020899294548,50.7915619881673,63.05687567040877,261.80297947534314,-198.74610380493436,610.7675111488019,12.479873931393094,17.40245763430678,-0.027006309349964116
2022-12-28,42733.106558728214,43034.450724324,42694.35700758802,42827.203125,230500,0.0,0.0,^NSEBANK,-0.0007418949345527892,-0.0007421702747905213,0.17827980771400753,43168.1181640625,42358.59875,40834.0483984375,38074.665908203126,42894.159353759795,42206.61103905858,43168.1181640625,44288.145264039435,42048.091064085565,0.05189140261895216,50.400672692367486,54.428376784671855,220.32805893720888,-165.89968215253703,596.0891122603795,12.441125775545382,17.391875530691262,-0.027728168440409245
2022-12-29,42684.40114229347,43497.5440125112,42489.305759004936,43251.84765625,308300,0.0,0.0,^NSEBANK,0.009915299161857183,0.00986646512055285,0.1899628045038675,43167.7033203125,42417.270078125,40886.6787890625,38118.54915039062,42928.22490637791,42247.60071032099,43167.7033203125,44287.59304053551,42047.813600089496,0.05188553636561178,55.343471642081504,80.92266787949484,192.4469807256661,-111.52431284617126,632.9851663478148,12.732372832332272,17.191828529541,-0.018087802363849083
2022-12-30,43401.194388739525,43422.44414156861,42832.60334617438,42985.94921875,258700,0.0,0.0,^NSEBANK,-0.006147678120326017,-0.0061666529006613275,0.18264729620661724,43161.83828125,42469.534453125,40938.9871484375,38160.74965820312,42933.722459937155,42276.5555537888,43161.83828125,44284.374791518916,42039.30177098108,0.05201523174032929,51.85855417687655,79.54683633976674,169.86695184848622,-90.32011550871948,647.3848310707015,12.881107404030024,16.94031915292248,-0.024124282497338032
2023-01-02,43038.25,43382.75,42961.75,43203.1015625,1798102100,0.0,0.0,^NSEBANK,0.005051705212904434,0.005038988160676737,0.18862168171789162,43155.37109375,42531.614765625,40991.8165625,38200.206474609375,42959.37761256219,42312.89069138532,43155.37109375,44275.25627951883,42035.48590798117,0.05190015320855465,54.384764133394484,94.88508308112068,154.87057809501314,-59.98549501389246,657.8100852666539,12.923482059277408,16.882231720475293,-0.019194446048083087
2023-01-03,43151.44921875,43482.80078125,43148.44921875,43425.25,197000,0.0,0.0,^NSEBANK,0.0051419557732128585,0.005128781061849046,0.19473352183636683,43169.7310546875,42584.448203125,41043.69953125,38242.22151367187,43003.74641136579,42356.51262505648,43169.7310546875,44296.02809884287,42043.43401053213,0.052179942595823654,56.87772468583774,123.5421593533465,148.60489434667983,-25.062734993333322,667.0317106636264,12.976728249168609,16.847054831022948,-0.014151187267540754
2023-01-04,43417.5,43578.3984375,42858.6484375,42958.80078125,216800,0.0,0.0,^NSEBANK,-0.010741428517970553,-0.010799534127373847,0.18190037711353835,43162.7611328125,42617.535859375,41090.4134765625,38278.276337890624,42999.465875164286,42380.131768436615,43162.7611328125,44292.64161842785,42032.88064719715,0.05235441181062032,50.62183405041326,107.37677249422268,140.3592699761884,-32.98249748196571,665.4787528014801,13.279310959385029,16.95643329225449,-0.024740611819032587
2023-01-05,43073.05078125,43137.55078125,42298.6015625,42608.69921875,189100,0.0,0.0,^NSEBANK,-0.008149705209015257,-0.008183095594790706,0.17226823745363906,43113.37890625,42647.264375,41127.706484375,38309.17918945313,42962.25000312483,42389.095197860675,43113.37890625,44249.78234773227,41976.97546476773,0.05271697418814588,46.48879433450616,65.55958666448714,125.39933331384815,-59.839746649361004,688.4292397039155,13.275548972615434,17.02761532488364,-0.03268868833503201
2023-01-06,42649.69921875,42685.8984375,41877.0,42188.80078125,195100,0.0,0.0,^NSEBANK,-0.0098547584225529,-0.00990363795007708,0.16071581716710148,43041.171875,42665.063984375,41159.176015625,38340.032783203125,42888.58817247009,42381.240514856334,43041.171875,44221.25511240267,41861.08863759733,0.054835088636985316,42.05399610122683,-1.4464552153804107,100.03017560800245,-101.47663082338286,721.8402368276542,13.552583679865021,16.815775158057214,-0.04222130763089305
2023-01-09,42404.8515625,42716.80078125,42186.55078125,42582.75,161800,0.0,0.0,^NSEBANK,0.009337767641053318,0.009294440200995608,0.17155431176510327,42984.897265625,42696.911484375,41192.6116015625,38371.20588867187,42859.460727472935,42389.142847607065,42984.897265625,44138.07724469868,41831.71728655131,0.053655123191180994,47.148089913066535,-22.50143405043491,75.52385367631499,-98.0252877267499,726.087000413566,13.850754365502388,15.996830991557283,-0.033277792749998474
2023-01-10,42642.0,42674.25,41835.75,42014.75,179300,0.0,0.0,^NSEBANK,-0.013338734581491374,-0.013428494585122396,0.15592725975266686,42888.3328125,42711.058125,41218.1466796875,38400.544990234375,42779.01208676123,42374.460775151885,42888.3328125,44025.97234432859,41750.6932806714,0.05305123595277753,41.48529990773271,-84.05161480096285,43.60875998085942,-127.66037478182227,696.634636429839,14.350342072234042,16.133213222198098,-0.04617264368653969
2023-01-11,42071.8515625,42318.0,41729.0,42232.69921875,169800,0.0,0.0,^NSEBANK,0.005187445331698903,0.00517403688755483,0.16192356922005424,42797.53828125,42729.930703125,41243.916796875,38434.07504882813,42726.98228980778,42368.90149843025,42797.53828125,43830.30143118901,41764.775131311,0.04826273619534176,44.25215310250982,-113.93057526305347,12.100892932076839,-126.03146819513032,688.5531872502007,14.38515208020843,16.145650528528634,-0.04122471641978465
2023-01-12,42238.5,42343.5,41742.94921875,42082.25,154100,0.0,0.0,^NSEBANK,-0.0035623870018519632,-0.0035687474124162337,0.15778434779991923,42726.766015625,42748.652265625,41274.8843359375,38467.43784179688,42665.57921458799,42357.66026319769,42726.766015625,43751.47053001903,41702.061501230964,0.04796546099554101,42.74945740234192,-148.04331016624928,-19.927947687588386,-128.1153624786609,673.5108349930623,14.40128669344611,16.090516318828875,-0.04464024502770777
2023-01-13,42171.25,42453.94921875,41885.6015625,42371.25,205500,0.0,0.0,^NSEBANK,0.006867503519892626,0.00684402962767234,0.16573543588371176,42684.3787109375,42770.11984375,41315.6237890625,38500.74366210937,42637.54786081771,42358.193194052685,42684.3787109375,43693.36563268513,41675.39178918987,0.04727663619426588,46.507180028615124,-150.02857756715093,-45.9480736635009,-104.08050390365003,622.9153560394797,14.547794243169804,16.107981906067323,-0.03807930854767183
2023-01-16,42622.5,42715.6484375,42066.55078125,42167.55078125,312300,0.0,0.0,^NSEBANK,-0.004807486650736048,-0.0048190797855021264,0.16013117833741086,42622.0939453125,42788.311484375,41350.3273046875,38532.34651367187,42592.786234192215,42350.7170210016,42622.0939453125,43594.777157206,41649.410733419005,0.04564220674570926,44.30006155254011,-166.12376944742573,-69.98321282028587,-96.14055662713986,631.2048627240339,14.489991424261452,16.10282530093189,-0.04270372943089569
2023-01-17,42241.19921875,42383.80078125,41861.1015625,42235.05078125,256300,0.0,0.0,^NSEBANK,0.0016007569505320784,0.0015994771047573803,0.16198826638466346,42565.8966796875,42799.288203125,41382.29734375,38561.85237304687,42558.71619105486,42346.18109003095,42565.8966796875,43487.86824872326,41643.92511065175,0.043319729687532754,45.22767263275433,-171.45619876163983,-90.27781000855667,-81.17838875308315,644.2481128678925,14.465278208057825,15.803329648214214,-0.041171330772063766
2023-01-18,42271.80078125,42555.8984375,42119.6484375,42458.0,170500,0.0,0.0,^NSEBANK,0.005278772361485551,0.00526488848112625,0.16812213792962538,42557.9240234375,42812.79390625,41417.374375,38592.276474609374,42549.124172859156,42350.56614532386,42557.9240234375,43480.77570662328,41635.072340251725,0.04336920582298821,48.290805600272584,-155.8949883381647,-103.40124567447828,-52.49374266368642,603.3918090460164,14.566973313719147,15.804460726792193,-0.0361098924935434
2023-01-19,42416.30078125,42506.25,42234.8984375,42328.8515625,143400,0.0,0.0,^NSEBANK,-0.003041792771680263,-0.003046428426166788,0.16456895245403125,42553.951171875,42827.305625,41450.7959375,38618.18040039062,42528.145829015426,42349.714593056255,42553.951171875,43480.192709439645,41627.709634310355,0.04353257509854088,46.66284549623758,-152.2290152048081,-113.16679958054425,-39.06221562426384,580.642578125,14.12841258012508,15.805967250162666,-0.039041846455250634
2023-01-20,42516.05078125,42709.19921875,42366.1484375,42506.80078125,159100,0.0,0.0,^NSEBANK,0.004203969920782091,0.00419515792750505,0.16946476530082477,42595.912890625,42834.710390625,41493.10140625,38637.54065429688,42526.11296732348,42355.87483573052,42595.912890625,43423.905462784394,41767.9203184656,0.038876620594349626,49.2038292831069,-133.42663116635958,-117.21876589770733,-16.207865268652256,577.7388392857143,14.198808758749362,15.775943471302478,-0.03500200728261821
2023-01-23,42891.44921875,43005.8515625,42727.69921875,42821.25,203600,0.0,0.0,^NSEBANK,0.007397621391650455,0.007370393190682036,0.17811602286539574,42605.4927734375,42849.61015625,41525.951015625,38661.30961914062,42554.221256149816,42374.12484217246,42605.4927734375,43439.540424725215,41771.44512214979,0.03915211851781247,53.426168639653106,-92.09061902893154,-112.19313652395218,20.102517495020635,589.5030691964286,14.381594439913851,15.677117564117912,-0.02786331748879234
2023-01-24,42994.44921875,43078.8984375,42615.6484375,42733.44921875,159500,0.0,0.0,^NSEBANK,-0.002050402107598437,-0.0020525070598243584,0.17570041128911695,42599.215234375,42856.835,41560.277578125,38686.815048828124,42571.29058592126,42388.21599419511,42599.215234375,43427.096148768665,41771.33431998133,0.03886836458553428,52.123341039373635,-65.65943971580418,-102.88639716232258,37.2269574465184,571.181640625,14.269659699015474,15.658504812318059,-0.02985658859148708
2023-01-25,42703.6015625,42733.05078125,41540.30078125,41647.6484375,244700,0.0,0.0,^NSEBANK,-0.02540868572746957,-0.025737060707118495,0.14582740902901503,42540.2375,42839.091875,41582.5486328125,38707.26872070313,42483.324667024004,42359.174129226674,42540.2375,43462.4226358349,41618.05236416511,0.043355899733041874,39.345345415019274,-130.8195816104635,-108.47303405195078,-22.346547558512725,596.4815848214286,15.897004878107154,16.145062419837615,-0.05450665764254123
2023-01-27,41382.3515625,41417.8984375,40148.80078125,40345.30078125,350800,0.0,0.0,^NSEBANK,-0.03127061683217036,-0.031769980432315596,0.10999667916547007,42394.91015625,42796.84671875,41587.94875,38720.23715820313,42279.70334456934,42280.198703815826,42394.91015625,43686.86731829003,41102.95299420997,0.060948692061307104,29.882712838785693,-284.2711345152784,-143.6326541446163,-140.63848037066208,645.763671875,17.808611745456577,16.978172483754197,-0.08407281766876937
2023-01-30,39856.1484375,40789.55078125,39419.80078125,40387.44921875,369900,0.0,0.0,^NSEBANK,0.0010446926081559837,0.001044147296588813,0.1111562844912719,42264.98515625,42755.8565625,41595.1628515625,38734.10758789063,42099.488665919875,42205.973233813245,42264.98515625,43805.41847500594,40724.55183749405,0.07289406647422669,30.465564153276816,-397.8948845459381,-194.48510022488068,-203.40978432105743,705.7279575892857,17.795442189820594,16.816289191283648,-0.08311595531177883
2023-01-31,40563.8515625,40811.6484375,40167.69921875,40655.05078125,289900,0.0,0.0,^NSEBANK,0.006625859460710037,0.0066040049374642635,0.11851864987119587,42137.5826171875,42722.03640625,41607.1589453125,38748.64803710938,41961.92315309417,42145.15274547743,42137.5826171875,43770.05819973877,40505.10703463623,0.0774831151270362,34.20509229894435,-461.0347932930963,-247.79503883852382,-213.23975445457248,691.8314732142857,17.87560319271847,16.822529401344042,-0.07704081048990732
2023-02-01,41115.0,42015.6484375,39490.5,40513.0,400100,0.0,0.0,^NSEBANK,-0.0034940500262642393,-0.0035001684753262117,0.11461048975323629,41991.9701171875,42683.165234375,41610.204140625,38763.89821289063,41823.93047184711,42081.146755458714,41991.9701171875,43659.982479530176,40323.95775484482,0.07944434889278759,33.18486579526447,-516.5811112625888,-301.55225332333686,-215.02885793925196,830.1277901785714,17.877899266436454,16.67006385000552,-0.08026567607025586
2023-02-02,39943.3515625,40757.6015625,39761.44921875,40669.30078125,348500,0.0,0.0,^NSEBANK,0.0038580401661194585,0.0038506170155740214,0.11891070179228236,41877.4951171875,42641.979140625,41612.74484375,38783.601845703124,41713.96573940929,42025.78024666622,41877.4951171875,43580.02339324397,40174.96684113103,0.08130993849045742,35.46572499156326,-541.7449036317048,-349.59078338501047,-192.15412024669433,858.3850446428571,17.384856814198415,16.05654805148189,-0.07671730410637613
2023-02-03,41019.3515625,41539.94921875,40609.75,41499.69921875,308800,0.0,0.0,^NSEBANK,0.020418311147430535,0.020212652192550938,0.14175696864766696,41822.0451171875,42610.47515625,41622.0065625,38809.39444335937,41693.559404108404,42005.149618120486,41822.0451171875,43496.30462508004,40147.785609294966,0.08006588406670101,46.01061530636833,-489.04378407894546,-377.4813835237975,-111.56240055514797,884.2315848214286,18.46924699913655,15.888688691251222,-0.05786543074458169
2023-02-06,41530.1484375,41724.5,41261.19921875,41374.6484375,197800,0.0,0.0,^NSEBANK,-0.0030132936769213803,-0.0030178427871482417,0.13831651959345992,41781.3375,42578.299140625,41627.026796875,38834.69530273438,41663.186931098084,41980.42408162557,41781.3375,43457.63983071626,40105.03516928374,0.08024167875029173,44.82283659320831,-452.1561455082119,-392.41633592068035,-59.73980958753157,870.9603794642857,17.78856550063565,15.851586464176357,-0.060704358884928124
2023-02-07,41513.1015625,41630.75,41095.1015625,41490.94921875,171900,0.0,0.0,^NSEBANK,0.0028109188994240863,0.0028069756545937956,0.1415162350119119,41726.7474609375,42547.719140625,41627.887109375,38858.07168945312,41646.78333944588,41961.22898896378,41726.7474609375,43363.81236048161,40089.68256139339,0.07846597202797302,46.21353015479982,-408.8252421920188,-395.6981171749481,-13.127125017070682,871.8853236607143,16.400850256348427,15.60604498944016,-0.05806407501517101
2023-02-08,41542.05078125,41791.94921875,41403.05078125,41537.6484375,136500,0.0,0.0,^NSEBANK,0.001125527847140706,0.0011248949155502636,0.14280104332238097,41702.8923828125,42517.413125,41631.17640625,38885.53827148437,41636.38953926056,41944.617986945595,41702.8923828125,43336.187002084494,40069.5977635405,0.07833004024177212,46.7934247299912,-366.4922578452388,-389.8569453090063,23.364687463767496,868.5030691964286,16.306496408234864,15.590884503288102,-0.05700389990137844
2023-02-09,41634.0,41634.0,41252.94921875,41554.30078125,142900,0.0,0.0,^NSEBANK,0.00040089760437589383,0.0004008172664021137,0.14325918952292716,41668.9724609375,42483.88921875,41638.9561328125,38912.900107421876,41628.57156230718,41929.311429859496,41668.9724609375,43284.014692552664,40053.93022932233,0.07751773735861547,47.01280490109282,-327.8204477262989,-377.4496457924648,49.62919806616594,876.3387276785714,16.311381879660562,15.006137439692615,-0.05662585502391313
2023-02-10,41452.3984375,41678.8984375,41424.8984375,41559.3984375,155000,0.0,0.0,^NSEBANK,0.00012267457649772773,0.00012266705258719035,0.14339943835982893,41642.8298828125,42449.874296875,41645.5108984375,38938.67520507812,41621.98364565888,41914.80503800226,41642.8298828125,43246.59231117806,40039.06745444694,0.07702466104627012,47.08473206345494,-293.37952479578234,-360.63562159312835,67.256096797346,867.3138950892857,15.988070054379778,14.746650976665368,-0.056510127000199264
2023-02-13,41563.5,41662.55078125,41157.8984375,41282.19921875,147000,0.0,0.0,^NSEBANK,-0.0066699526261639885,-0.006692296169184863,0.13577301827318644,41588.37734375,42413.45328125,41643.6546875,38964.94403320312,41589.62322404851,41889.99696665904,41588.37734375,43161.66844205702,40015.08624544298,0.07566013385436668,43.61745566230883,-285.16529750212794,-345.54155677492827,60.376259272800326,867.7140066964286,16.002596814737547,14.05449010625218,-0.06280315975637345
2023-02-14,41410.44921875,41718.0,41195.75,41648.3515625,143100,0.0,0.0,^NSEBANK,0.008869497039384777,0.008830394096052312,0.14584675369617361,41562.4173828125,42379.77140625,41648.108515625,38991.076904296875,41595.21639913913,41880.520676299864,41562.4173828125,43112.43197186636,40012.402793758636,0.0745873164583948,48.96362465757454,-246.27116838313668,-325.68747909657,79.41631071343329,871.9282924107143,16.171588370866193,14.108009001142488,-0.05449069515651173
2023-02-15,41674.6015625,41795.44921875,41455.6015625,41731.05078125,116300,0.0,0.0,^NSEBANK,0.001985654069066811,0.0019836852638390827,0.14812200896517735,41537.2173828125,42351.63140625,41659.117734375,39019.29350585937,41608.15300695921,41874.65911178811,41537.2173828125,43057.28597954747,40017.14878607753,0.07319068019052972,50.11415899038768,-206.39496238241554,-301.8289757537391,95.43401337132354,810.9782366071429,16.090199311711462,14.098141347110483,-0.0526132407580088
2023-02-16,41925.69921875,41979.1015625,41521.94921875,41631.3515625,111700,0.0,0.0,^NSEBANK,-0.0023890895839794313,-0.002391948012101028,0.14537904263242107,41495.8849609375,42322.294453125,41679.973359375,39046.63362304687,41610.36239320119,41865.11763926701,41495.8849609375,42954.23614187071,40037.5337800043,0.07028895430503704,48.68912009612214,-180.75405533190496,-277.6139916693723,96.85993633746733,736.5714285714286,15.843423196808287,14.099480245842852,-0.05487663259651385
2023-02-17,41514.0,41516.30078125,40882.69921875,41131.75,138800,0.0,0.0,^NSEBANK,-0.012000608765967202,-0.012073197394344896,0.1316337968530512,41436.0298828125,42273.002578125,41705.1328515625,39075.97166992188,41564.78026051536,41836.358124001636,41436.0298828125,42847.96040859891,40024.09935702609,0.0681498941756519,42.21152199281564,-198.45940601504844,-261.78307453850755,63.323668523459105,692.2073102678571,16.032674245595373,14.152087253520019,-0.06621868836429656
2023-02-20,41221.55078125,41292.6015625,40580.1015625,40701.69921875,143700,0.0,0.0,^NSEBANK,-0.01045544576270152,-0.010510487932183336,0.11980206106681424,41345.7748046875,42214.377734375,41728.5628125,39103.31795898438,41482.58206606152,41791.861696344706,41345.7748046875,42699.06504239632,39992.484566978674,0.06546208139049789,37.577191257194116,-244.37551908856403,-258.3015634485189,13.926044359954858,697.1037946428571,16.062012426524486,14.176353532803898,-0.07598178822232798
2023-02-21,40784.8984375,40946.19921875,40508.25,40673.6015625,170200,0.0,0.0,^NSEBANK,-0.0006903312831975095,-0.0006905696715553978,0.11902902667307069,41238.3923828125,42153.684921875,41757.7046875,39133.73198242187,41405.53630381757,41748.00835776256,41238.3923828125,42429.879189108804,40046.90557651619,0.05778531787737194,37.28913760237923,-279.8061840283408,-262.6024875644833,-17.20369646385751,548.0181361607143,15.753254601198147,14.003097647088106,-0.07661966690016236
2023-02-22,40494.1484375,40529.25,39899.0,39995.8984375,155200,0.0,0.0,^NSEBANK,-0.016661989569785818,-0.016802361957983385,0.10038377670235632,41101.51484375,42074.682109375,41781.190546875,39162.33647460937,41271.28507845399,41679.29816481109,41101.51484375,42194.76503353469,40008.264653965314,0.05319756188747535,31.097225362401687,-358.4383652885299,-281.76966310929265,-76.66870217923724,532.1930803571429,15.998185721631636,13.99825550216634,-0.09200502037921723
2023-02-23,39983.69921875,40147.80078125,39600.25,40001.55078125,200500,0.0,0.0,^NSEBANK,0.00014132308488656875,0.0001413130997201531,0.10053928633223896,41019.2099609375,41993.741328125,41794.8910546875,39189.932998046876,41150.3580025298,41613.50414976948,41019.2099609375,42184.800667726755,39853.619254148245,0.0568314556959651,31.19983913801201,-415.5091081956489,-308.51755212656394,-106.99155606908494,504.86104910714283,15.878811335556808,13.75323531343255,-0.09187669972763565
2023-02-24,40259.1015625,40348.1015625,39818.8984375,39909.3984375,144600,0.0,0.0,^NSEBANK,-0.002303719279633354,-0.0023063769233209095,0.09800395276032137,40997.41484375,41921.975390625,41813.69296875,39216.01625976562,41032.17137728887,41546.67647477852,40997.41484375,42230.41593627116,39764.413751228836,0.06015018738232127,30.404826577515124,-462.83869079301076,-339.38177985985334,-123.45691093315742,509.568359375,15.870576427573937,13.655669560340208,-0.09396876088275741
2023-02-27,39820.3984375,40371.44921875,39745.3984375,40307.1015625,165200,0.0,0.0,^NSEBANK,0.009965149578057941,0.009915824889584705,0.10894572638687694,40993.3974609375,41863.7375,41825.6680078125,39249.89297851562,40963.11710921374,41498.06569390486,40993.3974609375,42235.25829919151,39751.53662268349,0.06058833447202698,37.774182733782936,-462.9201521921641,-364.0894543263155,-98.8306978658486,516.0256696428571,16.040654359597216,13.756867996663017,-0.08494002406256089
2023-02-28,40302.69921875,40391.44921875,40073.0,40269.05078125,327800,0.0,0.0,^NSEBANK,-0.0009440217672560536,-0.0009444676364334722,0.1078988574824622,40974.0974609375,41800.85359375,41835.5345703125,39285.633408203124,40897.01555416957,41449.86903066349,40974.0974609375,42249.639612690306,39698.55530918469,0.062260902901831665,37.366500199711275,-460.743921853129,-383.4203478316782,-77.32357402145078,510.9935825892857,16.012866310570427,13.709807132100874,-0.08580386059819062
2023-03-01,40473.8515625,40725.3515625,40341.94921875,40698.1484375,169800,0.0,0.0,^NSEBANK,0.010655767839697683,0.010599395254098525,0.1197043704976617,40983.3548828125,41747.636640625,41850.7401171875,39321.13809570312,40878.07582877247,41420.389791715905,40983.3548828125,42247.44265101149,39719.2671146135,0.06168786190459606,44.6245736615736,-419.5582426347537,-390.64792679229333,-28.910315842460363,516.3685825892857,16.37544111740923,13.525564986897813,-0.07606239877677697
2023-03-02,40604.55078125,40773.25,40312.8984375,40389.80078125,149200,0.0,0.0,^NSEBANK,-0.007576454165317381,-0.007605301292503008,0.11122098165588068,40969.3798828125,41703.08359375,41863.711640625,39351.57959960937,40831.57344329414,41379.97453640352,40969.3798828125,42254.09819618522,39684.66156943978,0.06271602436002156,40.952089447299656,-407.1065036587097,-393.93964216557663,-13.16686149313307,531.1079799107143,16.35848803274359,13.410172677736263,-0.08306256966405795
2023-03-03,40671.3984375,41390.1484375,40605.3515625,41251.3515625,213800,0.0,0.0,^NSEBANK,0.0213308994990129,0.0211065802103458,0.13492432473677662,40956.9625,41679.944453125,41889.10515625,39387.01985351562,40871.552311789936,41374.93049821122,40956.9625,42224.78832562315,39689.13667437685,0.06191014900693132,52.672100043002374,-323.98377970416186,-379.9484696732937,55.964689969131825,566.5147879464286,17.647662375929308,13.86607348289542,-0.06350346949067875
2023-03-06,41418.3984375,41671.19921875,41259.1484375,41350.3984375,180200,0.0,0.0,^NSEBANK,0.0024010576926172256,0.0023981797593974796,0.13764934351722435,40955.75,41673.60109375,41911.4281640625,39427.19553710937,40917.156704714704,41373.968456614704,40955.75,42221.93922099362,39689.56077900638,0.06183206123651109,53.80722099794213,-247.26584036993154,-353.4119438126213,106.14610344268976,559.2003348214286,17.610945749228794,13.853375145887286,-0.06125488729198996
2023-03-08,41178.3515625,41625.3515625,41100.3515625,41577.1015625,157600,0.0,0.0,^NSEBANK,0.005482489493847442,0.005467515353767443,0.14388649409074006,40960.0576171875,41652.550078125,41940.963671875,39463.70104492187,40980.008595932355,41381.93446076707,40960.0576171875,42234.47268467334,39685.64254970166,0.06222721068395539,56.38565306083405,-166.2567686366092,-315.9809087774189,149.7241401408097,572.4255022321429,17.541531856200635,13.823784985352436,-0.056108227074167655
2023-03-09,41532.6484375,41659.0,41208.1015625,41256.75,119200,0.0,0.0,^NSEBANK,-0.007704999878802021,-0.0077348367512473344,0.13507284879240755,40946.0126953125,41620.505078125,41960.4797265625,39498.748779296875,41006.36492012927,41377.02526622719,40946.0126953125,42199.64786408464,39692.37752654036,0.06123356518744283,51.97099887443179,-126.44856906051427,-278.074440834038,151.62587177352373,571.9787946428571,17.649337978524052,13.826788437455958,-0.06338091307016337
2023-03-10,40805.25,40839.0,40341.69921875,40485.44921875,145300,0.0,0.0,^NSEBANK,-0.01869514155259444,-0.018872104750247132,0.11385250121172685,40892.5701171875,41573.67,41966.134375,39529.72727539062,40956.753900950294,41342.06149965946,40892.5701171875,42128.01911165177,39657.12112272323,0.06042413039453347,43.200933778510944,-155.3470668250011,-253.52896603223064,98.18189920722955,583.8643973214286,16.93918419954612,14.177118418773022,-0.08089113948117842
2023-03-13,40356.1015625,40690.05078125,39454.6015625,39564.69921875,174500,0.0,0.0,^NSEBANK,-0.022742738879468205,-0.023005344180082023,0.08852044462642605,40792.83515625,41499.92703125,41958.5985546875,39555.855263671874,40824.177264550264,41272.36101805517,40792.83515625,42120.25666949055,39465.41364300946,0.06508111084488648,35.49957222775106,-249.6681455085636,-252.75680192749724,3.088656418933624,621.2179129464286,15.748483323948559,14.662351927760392,-0.1017941922977635
2023-03-14,39522.3984375,39768.5,39132.6015625,39411.3984375,205700,0.0,0.0,^NSEBANK,-0.0038746858759727276,-0.003882211918281571,0.08430276983392448,40699.2951171875,41428.436015625,41948.985234375,39577.43979492188,40689.62690006929,41199.38209332752,40699.2951171875,42140.31981435004,39258.270420024965,0.07081325084443474,34.400008874923145,-332.95032764801,-268.7955070715998,-64.1548205764102,635.3571428571429,15.768274375790842,14.657369990526997,-0.10527445765458404
2023-03-15,39777.8984375,39914.1015625,38934.6484375,39051.5,164300,0.0,0.0,^NSEBANK,-0.009131836264849591,-0.009173787068851075,0.07440109447827825,40569.4525390625,41345.403984375,41938.509375,39594.63286132812,40533.6148143484,41115.151423000956,40569.4525390625,42114.62918061919,39024.27589750581,0.07617438958876302,31.90177943693797,-423.1154416871941,-299.6594939947187,-123.45594769247543,649.9893973214286,15.787622658435055,14.728599929248901,-0.11344494480926115
2023-03-16,39061.69921875,39381.3984375,38613.1484375,39132.6015625,196300,0.0,0.0,^NSEBANK,0.0020767848226059815,0.002074631286112104,0.07663239436468205,40439.530078125,41259.551015625,41921.999609375,39611.16321289063,40400.18498083903,41037.40436964798,40439.530078125,42010.22183924465,38868.83831700534,0.07768100955106257,33.08116573379752,-482.46615634254704,-336.22082646428436,-146.24532987826268,665.7536272321429,15.802676599726679,14.618979078999935,-0.11160376072623636
2023-03-17,39442.3984375,39705.1484375,38926.80078125,39598.1015625,173400,0.0,0.0,^NSEBANK,0.011895452421085029,0.011825257644343444,0.08943942378684588,40337.867578125,41192.33703125,41904.9364453125,39631.71879882812,40323.796083854366,40980.96112230884,40337.867578125,41845.7034695373,38830.0316867127,0.0747603173862365,39.55223042828981,-486.33391105722694,-366.2434433828729,-120.09046767435404,683.5496651785714,16.18908138393632,14.761388921991378,-0.10103588553088436
2023-03-20,39512.1015625,39512.1015625,38941.8984375,39361.94921875,173800,0.0,0.0,^NSEBANK,-0.0059637289271877725,-0.0059815829784177765,0.08294230238078959,40249.3775390625,41127.40203125,41887.333203125,39650.42661132813,40232.1916205111,40917.470459424185,40249.3775390625,41768.72717225466,38730.027905870345,0.0754968014955068,37.56751996646637,-502.66030002391926,-393.52681471108224,-109.13348531283702,685.7034040178571,14.936062114680576,14.775999808773935,-0.10639706382484754
2023-03-21,39599.6484375,39970.8984375,39366.30078125,39894.69921875,187900,0.0,0.0,^NSEBANK,0.01353464476668309,0.013443869617920134,0.09759954174632757,40209.0275390625,41081.52,41873.2919921875,39671.83393554688,40200.04948701004,40877.36178331932,40209.0275390625,41720.64222621138,38697.41285191363,0.07518782620049004,44.35165263869166,-467.2247324049531,-408.2663982498564,-58.95833415509668,706.4534040178571,15.568050896421099,14.794846572653453,-0.09430246552125188
2023-03-22,40036.0,40085.6015625,39837.80078125,39999.05078125,0,0.0,0.0,^NSEBANK,0.002615674877702867,0.002612259953760924,0.10047050529345158,40175.3,41029.846015625,41863.37875,39695.455986328125,40180.906753128125,40842.91821461072,40175.3,41673.309932449985,38677.29006755002,0.0745736774809389,45.59861651171118,-425.8129837587039,-411.775715351626,-14.037268407077931,691.560546875,15.563818179703173,14.803626433460629,-0.09193345523351831
2023-03-23,39836.1484375,40201.6015625,39552.5,39616.8984375,153200,0.0,0.0,^NSEBANK,-0.009554035315486487,-0.009599967906075497,0.08995657122222678,40156.35,40981.888984375,41846.4735546875,39716.99153320312,40127.191675449256,40794.83900766521,40156.35,41673.38350991954,38639.316490080455,0.07555634463388947,41.89609648994205,-419.00039917820686,-413.2206521169422,-5.779747061264686,705.0426897321429,15.733596263865646,14.824198995491274,-0.10060915507102908
2023-03-24,39555.25,39767.8984375,39294.8984375,39395.3515625,166100,0.0,0.0,^NSEBANK,-0.005592231692481242,-0.005607926761122729,0.08386128154120964,40126.0400390625,40925.14203125,41827.5363671875,39738.99032226563,40057.492617073134,40739.9571470705,40126.0400390625,41679.873169211125,38572.206908913875,0.07744761898437903,39.874675833127476,-426.5612257982939,-415.8887668532126,-10.672458945081303,667.375,15.765552365716356,14.826387658144785,-0.1056387570579684
2023-03-27,39484.69921875,39695.19921875,39273.75,39431.30078125,194200,0.0,0.0,^NSEBANK,0.0009125243797600824,0.0009121082825016095,0.08485033138489406,40102.13515625,40872.123046875,41810.38765625,39761.41811523437,39997.85529937569,40688.63728958734,40102.13515625,41684.45110161372,38519.81921088628,0.07891429916130602,40.377368775549925,-424.7561098220249,-417.66223544697505,-7.093874375049836,667.4893973214286,15.77527318617246,14.828166350973888,-0.10482263061947127
2023-03-28,39545.05078125,39645.19921875,39326.1015625,39567.8984375,202300,0.0,0.0,^NSEBANK,0.0034641935098158605,0.0034582070130840335,0.0886084628619992,40065.175,40816.056015625,41793.0879296875,39783.83239257812,39956.9070268161,40644.68674636823,40065.175,41661.80067857095,38468.549321429055,0.07970142042663976,42.34972438426856,-407.604640569145,-415.65071647140905,8.046075902264079,652.7820870535714,15.771422107918031,14.845091196616947,-0.10172156298632928
2023-03-29,39611.55078125,40055.0,39609.55078125,39910.1484375,259600,0.0,0.0,^NSEBANK,0.008649688598968863,0.008612494367662786,0.0980245870719576,40047.2298828125,40770.90796875,41779.6097265625,39810.96614257812,39952.45382783362,40615.88132249105,40047.2298828125,41642.27429758929,38452.18546803571,0.07965816459436834,47.07392829293435,-362.2198183274886,-404.964536842625,42.74471851513641,655.3680245535714,15.759151116800062,14.92572352412464,-0.09395173423099261
2023-03-31,40231.25,40690.3984375,40180.19921875,40608.6484375,188000,0.0,0.0,^NSEBANK,0.017501814133662252,0.017350421265369773,0.11724200930908224,40042.7548828125,40738.379921875,41768.8340625,39846.98206054688,40014.94855256375,40615.59767994238,40042.7548828125,41630.59599049938,38454.91377512562,0.07930728604132213,55.15153126707166,-266.81325026549166,-377.33427952719836,110.5210292617067,645.7393973214286,16.662205099811843,15.221884282423401,-0.07809424588737633
2023-04-03,40695.80078125,40857.6015625,40535.8984375,40813.05078125,167500,0.0,0.0,^NSEBANK,0.005033468278674569,0.005020842726372889,0.12286561152254216,40063.9173828125,40705.4809375,41759.137421875,39884.49249023438,40090.9582886291,40623.34093881719,40063.9173828125,41682.22351206511,38445.61125355989,0.08078621537627609,57.20961563510311,-172.71830769252847,-336.4110851602644,163.69277746773594,580.4718191964286,16.741511304284085,15.206086955292317,-0.07345386251812297
2023-04-05,40972.30078125,41071.1484375,40802.6484375,40999.1484375,177400,0.0,0.0,^NSEBANK,0.004559758525463975,0.004549394320132018,0.12798560756763244,40051.3072265625,40678.886875,41753.09625,39922.795166015625,40177.45258852157,40638.07848778515,40051.3072265625,41634.1974432988,38468.417009826204,0.0790431237503532,59.052031362501,-82.18350195652602,-285.5655685195167,203.3820665629907,554.2290736607143,16.447649456339878,15.161032793913364,-0.06922903586850424
2023-04-06,40940.69921875,41274.69921875,40820.55078125,41041.0,196500,0.0,0.0,^NSEBANK,0.001020791018715883,0.0010202703658523248,0.12913704514507818,40035.8373046875,40649.570859375,41742.140625,39964.9165625,40259.69519913856,40653.87933140141,40035.8373046875,41570.58496256351,38501.08964681149,0.07666869291110434,59.474625952779874,-6.976523793484375,-229.84775957431026,222.87123578082588,516.7073102678571,16.150730330214884,15.160649877399637,-0.06827891322783726
2023-04-10,41116.1484375,41139.8515625,40727.25,40834.6484375,153900,0.0,0.0,^NSEBANK,-0.00502793700202242,-0.005040619606688802,0.12345981521543892,39998.7146484375,40609.838828125,41729.7244921875,40005.37645507813,40314.452650411076,40660.9683159543,39998.7146484375,41407.217485891015,38590.21181098398,0.07042740497205148,56.38479752283648,35.564733585466456,-176.76526094235493,212.32999452782138,491.30385044642856,16.223234420834583,15.178073516729645,-0.07296354815558351
2023-04-11,41232.0,41403.25,40990.19921875,41366.5,219200,0.0,0.0,^NSEBANK,0.01302451674866334,0.012940427094768902,0.13809233639516272,40004.2021484375,40582.49984375,41719.667421875,40048.78685546875,40414.64763608621,40688.63622513256,40004.2021484375,41434.03561123454,38574.36868564046,0.07148416346320692,61.88153958610546,110.91638770190184,-119.22893121350359,230.14531891540543,476.32198660714283,15.821404743400597,15.345478272071578,-0.06088934636191443
2023-04-12,41426.0,41610.1484375,41332.0,41557.94921875,143000,0.0,0.0,^NSEBANK,0.004628122242635868,0.004617445414658967,0.1433595668514065,40057.8271484375,40580.705859375,41709.8988671875,40090.61978515625,40523.5335011018,40722.72693076462,40057.8271484375,41636.36952251873,38479.28477435627,0.07881318016735242,63.657097788430335,183.96088187913847,-58.59096859497518,242.55185047411365,449.31808035714283,15.849426828591342,15.34991600128934,-0.05654302745751562
2023-04-13,41680.1015625,42196.19921875,41502.6484375,42132.55078125,232600,0.0,0.0,^NSEBANK,0.01382651389931322,0.01373179970220625,0.1591682437943902,40186.2197265625,40616.450859375,41706.6487890625,40137.05794921875,40676.7732420683,40778.01414058758,40186.2197265625,41996.57828612254,38375.86116700246,0.09009847514288176,68.41274219871794,284.9302155578407,10.113268235587995,274.8169473222527,455.36104910714283,16.214114512123583,15.53244711999771,-0.04349830651325299
2023-04-17,42603.55078125,42603.55078125,41799.0,42262.55078125,229100,0.0,0.0,^NSEBANK,0.0030855003456817798,0.003080749958529263,0.1627448578113211,40328.77734375,40653.952890625,41704.9047265625,40182.69763671875,40827.79967437132,40836.231263750815,40328.77734375,42322.028598233745,38335.526089266255,0.09885007112880653,69.38870377895687,371.16054575559247,82.3227237395889,288.83782201600354,495.12890625,16.036871654842404,15.531688580106334,-0.04054702020735447
2023-04-18,42406.94921875,42500.69921875,42114.3515625,42265.19921875,214200,0.0,0.0,^NSEBANK,6.266629559847914e-05,6.26643321482048e-05,0.1628177227242864,40489.4623046875,40686.155859375,41704.0961328125,40225.88833984375,40964.694869074054,40892.26922277039,40489.4623046875,42565.58669546045,38413.33791391455,0.10255134410775303,69.40944046140086,434.7014428249968,152.7984675566705,281.90297526832626,476.3607700892857,16.025482464728746,15.503974017416969,-0.04048689484331002
2023-04-19,42280.1015625,42339.8984375,42022.1484375,42154.0,170000,0.0,0.0,^NSEBANK,-0.002630987687399111,-0.002634454818158824,0.15975836361310924,40640.5322265625,40718.975859375,41701.070546875,40267.6040625,41077.96202440033,40941.74886109312,40640.5322265625,42740.510248895676,38540.554204229324,0.1033440217084873,67.34658026595903,470.6597413941854,216.37072232417347,254.28901907001193,465.271484375,15.839201641926495,15.49265697172462,-0.04301136200887532
2023-04-20,42218.5,42378.1484375,42108.8515625,42269.5,180200,0.0,0.0,^NSEBANK,0.0027399535038192813,0.0027362066737507567,0.16293604760507474,40774.1021484375,40750.97984375,41696.4794921875,40310.74126953125,41191.4418316003,40993.81753320711,40774.1021484375,42933.883686355155,38614.32061051985,0.10593888885915877,68.39719108610886,502.6822289752454,273.6330236543879,229.04920532085748,454.40345982142856,15.622043265010795,15.499999630187839,-0.04038925763709625
2023-04-21,42252.55078125,42382.1484375,41962.3515625,42118.0,144100,0.0,0.0,^NSEBANK,-0.003584144595985328,-0.0035905830310196166,0.15876791665457457,40911.9046875,40763.345859375,41686.9105078125,40354.9837109375,41279.68546668598,41037.90312014017,40911.9046875,43043.828065600515,38779.98130939948,0.1042201967561727,65.42371970473715,509.95703002620576,320.8978249287515,189.05920509745425,461.5962611607143,14.512108486913098,15.382277264812044,-0.04382864129358568
2023-04-24,42469.94921875,42714.1484375,42269.1015625,42635.75,201000,0.0,0.0,^NSEBANK,0.012292843914715856,0.012217900462657947,0.17301246978738982,41048.9572265625,40788.567890625,41683.433515625,40401.03888671875,41408.834469858746,41100.56378209546,41048.9572265625,43256.62233533995,38841.29211778506,0.10756254277508805,70.19283977361007,551.1471786555849,366.9476956741182,184.19948298146664,469.3853236607143,14.889148705288257,15.525795474749362,-0.032074576025285996
2023-04-25,42731.6015625,42865.55078125,42601.5,42678.5,262400,0.0,0.0,^NSEBANK,0.0010026796760933543,0.0010021773285946375,0.17418862555064973,41182.9296875,40812.31890625,41680.0190234375,40446.73609375,41529.75499653886,41162.443633777984,41182.9296875,43446.81612482287,38919.04325017713,0.1099429523106519,70.55398937975191,580.5480395058839,409.6677644404714,170.88027506541255,432.51395089285717,14.830106851816021,15.523714844331032,-0.031104056874692445
2023-04-26,42559.05078125,42875.6015625,42432.25,42829.8984375,178000,0.0,0.0,^NSEBANK,0.003547417024965638,0.0035411397821429047,0.17835396227144917,41343.5796875,40838.16390625,41677.788515625,40491.18306640625,41653.5781813923,41227.83401823767,41343.5796875,43595.52608738089,39091.633287619115,0.10893814308787342,71.85459035368243,609.0443381549121,449.54307918335957,159.50125897155255,441.203125,14.61890223335961,15.507401426438305,-0.0276669789106295
2023-04-27,42753.8984375,43043.3984375,42736.6015625,43000.8515625,181400,0.0,0.0,^NSEBANK,0.003991443623184487,0.0039834989455577,0.18305729568001183,41523.8546875,40867.094921875,41675.4920703125,40537.1098046875,41781.88993197399,41297.364118012665,41523.8546875,43694.93121022822,39352.778164771786,0.10457008575274589,73.28923477833102,638.0671081716137,487.2478849810104,150.81922319060328,443.93861607142856,13.347344795912324,15.517665215392615,-0.023785966473990592
2023-04-28,43045.5,43302.05078125,42810.3515625,43233.8984375,238700,0.0,0.0,^NSEBANK,0.005419587439129625,0.005404954321621839,0.18946897813944985,41713.9845703125,40900.584921875,41675.229609375,40581.6600390625,41920.1764563098,41373.3066403455,41713.9845703125,43776.78559653152,39651.18354409349,0.09890213306005262,75.14889391103529,672.1249595160771,524.2232998880238,147.90165962805327,446.62081473214283,11.110785174733396,15.405294722519525,-0.018495289159991022
2023-05-02,43395.05078125,43483.8515625,43269.3984375,43352.1015625,241600,0.0,0.0,^NSEBANK,0.0027340380875178205,0.0027303074037265326,0.19272103162960397,41903.1947265625,40941.98296875,41677.718125,40623.82107421875,42056.55027594696,41450.906441214305,41903.1947265625,43826.6611848359,39979.728268289095,0.0918052416205925,76.05933850456486,700.5782267003015,559.4942852504794,141.08394144982208,435.00306919642856,10.9197285487383,15.373902893335783,-0.01581181789747632
2023-05-03,43154.8515625,43354.94921875,43078.1484375,43312.69921875,175900,0.0,0.0,^NSEBANK,-0.0009088912031910423,-0.0009093044952446459,0.1916369779760949,42073.322265625,40975.269921875,41677.5206640625,40664.7663671875,42176.18350859486,41523.9179226863,42073.322265625,43850.91893343476,40295.72559781524,0.08449994305593994,75.07200563123521,711.7436681358085,589.9441618275453,121.79950630826329,414.16015625,10.358114096029915,15.356555700376267,-0.016706337878473868
2023-05-04,43236.1015625,43739.80078125,43213.94921875,43685.44921875,175400,0.0,0.0,^NSEBANK,0.008606021022089516,0.008569200325486675,0.20189223085925634,42227.1623046875,41014.357890625,41682.9946484375,40705.84744140625,42319.923100038206,41608.68385586527,42227.1623046875,44003.59491122835,40450.72969814666,0.08413696348919235,77.98364008265408,742.1155248942741,620.378434440891,121.73709045338308,431.85323660714283,10.453747189085478,15.42188651096754,-0.00824409195136869
2023-05-05,43110.6484375,43588.0,42582.19921875,42661.19921875,251200,0.0,0.0,^NSEBANK,-0.02344602192073575,-0.02372525310222511,0.17371263926816827,42319.5697265625,41034.95484375,41678.6246484375,40743.49423828125,42352.42558753456,41649.95896813525,42319.5697265625,43974.389152946846,40664.75030017815,0.07820587199144774,57.95287624573987,675.7474294783242,631.4522334483777,44.29519602994651,461.11746651785717,12.799926054105276,15.657326480612499,-0.031496822711496064
2023-05-08,42796.8515625,43418.55078125,42780.30078125,43284.0,223400,0.0,0.0,^NSEBANK,0.014598764044501333,0.014493227979497045,0.19084739314489307,42433.8123046875,41077.99984375,41675.5012109375,40785.777265625,42441.14696015032,41714.039008600535,42433.8123046875,44018.8154343401,40848.8091750349,0.07470472453767772,64.00686419330019,665.7309221213436,638.307971182971,27.42295093837265,457.74609375,13.00167252178482,15.821468120891,-0.017357873349911263
2023-05-09,43438.55078125,43533.25,43125.8515625,43198.1484375,229000,0.0,0.0,^NSEBANK,-0.001983447983088471,-0.0019854176209196744,0.18848540928479363,42541.6697265625,41127.928828125,41671.15328125,40828.5140234375,42513.24233894553,41772.2393783613,42541.6697265625,44017.42002733219,41065.9194257928,0.0693790493064852,62.667401311980946,643.4479963046688,639.3359762073105,4.112020097358254,459.24972098214283,12.704703113442575,15.53942952445152,-0.019306892894113116
2023-05-10,43275.25,43383.6484375,42822.1484375,43331.05078125,249100,0.0,0.0,^NSEBANK,0.003076575005113602,0.0030718520328054146,0.19214187378894154,42666.48984375,41181.0778125,41667.3813671875,40871.758046875,42591.12885726024,41833.36923729811,42666.48984375,43943.190735946795,41389.78895155321,0.05984560233908302,63.92594477296876,629.2590192112038,637.3205848080893,-8.06156559688543,476.66043526785717,12.70518258984563,15.067474928998964,-0.01628971699310394
2023-05-11,43535.1015625,43774.25,43367.25,43475.30078125,190700,0.0,0.0,^NSEBANK,0.0033290215076533514,0.0033234925827626636,0.19611053972695913,42771.9298828125,41250.665859375,41662.673984375,40912.34310546875,42675.335707164035,41897.758709609945,42771.9298828125,43940.301133351844,41603.55863227316,0.05463261787534354,65.29354182769328,622.4783788193236,634.3521436103362,-11.873764791012604,489.08203125,12.162358765858134,15.051510861556212,-0.013014924303674236
2023-05-12,43447.1484375,43905.94921875,43347.75,43793.55078125,144900,0.0,0.0,^NSEBANK,0.00732024837737888,0.0072935853999033864,0.2048663659645611,42883.7099609375,41326.505859375,41660.12359375,40952.711171875,42781.83238088651,41972.103496733085,42883.7099609375,43989.12710446834,41778.29281740666,0.051554174978692635,68.16138035950848,635.4596049645043,634.5736358811698,0.8859690833344303,498.96791294642856,11.931150376728649,15.097562645680052,-0.005789948404811129
2023-05-15,43821.05078125,44151.69921875,43666.6015625,44072.1015625,161300,0.0,0.0,^NSEBANK,0.006360543419769105,0.00634040053149548,0.21252997080029812,42980.6875,41409.759921875,41665.86765625,40993.21326171875,42904.7151600878,42054.45636205728,42980.6875,44147.2560320216,41814.1189679784,0.054283381670970236,70.46200646171886,660.6089515316489,639.7806990112656,20.82825252038333,491.0357142857143,11.930522491238387,15.04503874958939,0.0
2023-05-16,44144.1484375,44144.1484375,43815.69921875,43903.69921875,222500,0.0,0.0,^NSEBANK,-0.003821064523351181,-0.0038283834403819313,0.2078968155453731,43062.744921875,41481.691875,41672.7146875,41031.7288671875,42999.85649900801,42126.97568977073,43062.744921875,44247.361407980505,41878.12843576949,0.05501815958340113,67.29601601147448,659.3507431978433,643.6947078485812,15.656035349262083,495.63560267857144,12.130493405305073,15.022030220358252,-0.003821064523351206
2023-05-17,43948.5,43992.75,43446.3984375,43698.69921875,203600,0.0,0.0,^NSEBANK,-0.004669310414564087,-0.0046802456978711085,0.20225677036482836,43134.419921875,41550.28484375,41675.56921875,41066.52974609375,43066.41294850725,42188.61190659344,43134.419921875,44288.94097979579,41979.89886395421,0.053531312581083006,63.55251667244443,634.4977225010152,641.8553107790681,-7.3575882780528445,502.9927455357143,12.252779317231779,15.022653671403457,-0.00847253320154172
2023-05-18,44006.8984375,44079.19921875,43673.69921875,43752.30078125,226500,0.0,0.0,^NSEBANK,0.0012266168892505203,0.0012258652093733874,0.20373147882457365,43214.3349609375,41611.367890625,41679.502265625,41101.66138671875,43131.735599244654,42249.93303893291,43214.3349609375,44302.4709732779,42126.1989485971,0.05035995640446597,64.11461754264606,612.0711474821146,635.8984781196775,-23.82733063756291,510.04296875,11.468280156834117,15.000241174253585,-0.007256308864610885
2023-05-19,43930.0,44020.8984375,43531.8984375,43969.3984375,192000,0.0,0.0,^NSEBANK,0.0049619711963362345,0.004949701189467548,0.2097043597506245,43299.3298828125,41682.95984375,41693.02171875,41139.46798828125,43211.51301241183,42317.36305456299,43299.3298828125,44341.30320571176,42257.356559913234,0.04812884290446583,66.3764120013839,604.8436308293385,629.6875086616097,-24.843877832271232,509.8501674107143,11.466933811632483,14.907928394877684,-0.0023303432638526107
2023-05-22,43935.30078125,44026.75,43684.8984375,43885.1015625,183800,0.0,0.0,^NSEBANK,-0.0019171714418568797,-0.0019190115672923713,0.20738514909902084,43387.6849609375,41735.63484375,41707.7896484375,41174.976875,43275.66430289642,42378.84299605072,43387.6849609375,44299.42946564421,42475.94045623079,0.042027801461523656,64.67193006813447,585.5637046104457,620.862747851377,-35.29904324093127,516.4143415178571,11.51992900539197,14.844222130235432,-0.004243047038154275
2023-05-23,43978.8984375,44095.25,43852.19921875,43954.44921875,142000,0.0,0.0,^NSEBANK,0.001580209542211941,0.0015789623248502675,0.20929307063275204,43453.619921875,41787.715859375,41730.6584765625,41207.860546875,43340.31048535866,42440.63147537226,43453.619921875,44326.29733328447,42580.942510465524,0.0401659246331355,65.45776982980613,569.3172654262889,610.5536513663594,-41.23638594007048,514.0036272321429,11.515689942613447,14.744156668976194,-0.0026695423993601396
2023-05-24,43751.94921875,44010.44921875,43639.80078125,43677.8515625,148600,0.0,0.0,^NSEBANK,-0.006292824985098644,-0.006312708266810048,0.20168320098356762,43503.5875,41829.730859375,41741.14046875,41238.795,43372.45725461022,42489.149910161585,43503.5875,44300.55168910788,42706.62331089212,0.036639010017639535,59.74895695882085,528.0358574139027,594.0500925758681,-66.01423516196542,502.91768973214283,11.591355624155245,14.710775925022526,-0.00894556842134932
2023-05-25,43630.25,43719.8515625,43390.30078125,43681.3984375,170200,0.0,0.0,^NSEBANK,8.12053448857597e-05,8.12020479102275e-05,0.2017807840823469,43546.1625,41878.223828125,41749.364453125,41267.688203125,43401.880224409244,42535.90475437093,43546.1625,44280.07469580722,42812.25030419278,0.0337073190229895,59.79737654438743,489.9583128752711,573.2317366357487,-83.27342376047761,447.65345982142856,11.146513078776632,14.528104203446409,-0.008865089504432455
2023-05-26,43765.3515625,44067.6015625,43588.80078125,44018.0,143200,0.0,0.0,^NSEBANK,0.007705833021385944,0.007676294737785179,0.2110415061327957,43597.019921875,41948.87484375,41761.272421875,41297.66041015625,43460.55829827503,42594.026136552464,43597.019921875,44312.56400468895,42881.475839061044,0.032825366692319585,64.19882966598901,481.3933150130906,554.864052311217,-73.47073729812644,427.75697544642856,11.24861900475424,14.5573214874206,-0.0012275693824873976
2023-05-29,44276.80078125,44483.3515625,44193.94921875,44311.8984375,148600,0.0,0.0,^NSEBANK,0.006676778533781569,0.006654587569326416,0.2191273620644616,43650.919921875,42043.818828125,41771.8729296875,41329.275859375,43541.638311534545,42661.3936777661,43650.919921875,44412.2353649457,42889.6044788043,0.034881988486532595,67.54040053283589,492.64177249983913,542.4195963489415,-49.77782384910233,431.896484375,10.773090907350594,14.577191471253395,0.0
2023-05-30,44277.3515625,44498.6015625,44207.5,44436.3515625,157600,0.0,0.0,^NSEBANK,0.0028085712729175594,0.002804634605837507,0.2225513681515836,43705.132421875,42144.317890625,41786.376953125,41362.68205078125,43626.849097340775,42730.999869324296,43705.132421875,44528.723565381406,42881.5412783686,0.03768853211821805,68.86561730493491,505.7683999039873,535.0893570599507,-29.320957155963356,412.58231026785717,10.770305570412319,14.543686054719318,0.0
2023-05-31,44318.0,44339.05078125,43822.69921875,44128.1484375,305700,0.0,0.0,^NSEBANK,-0.006935833257294077,-0.00695999794844743,0.2140719557136075,43745.9048828125,42245.850859375,41795.627421875,41393.7219921875,43674.591891641656,42785.790009252756,43745.9048828125,44568.43334970591,42923.37641591909,0.03760482125569552,62.103597467632476,485.7030478712986,525.2120952222203,-39.50904735092172,424.75753348214283,11.049881710267012,14.570306842515796,-0.006935833257294096
2023-06-01,44172.05078125,44179.94921875,43706.1484375,43790.19921875,182900,0.0,0.0,^NSEBANK,-0.00765835936281456,-0.007687835184272107,0.20477415638443763,43751.1423828125,42339.0028125,41799.2769140625,41421.48822265625,43685.60211327102,42825.17860570363,43751.1423828125,44573.38394000671,42928.900825618286,0.03758720400943067,55.65084705811758,437.48834096111386,507.66734436999906,-70.1790034088852,418.7290736607143,11.304839048761526,14.633583387018815,-0.014541075516543765
2023-06-02,43997.30078125,44088.8984375,43812.55078125,43937.8515625,123900,0.0,0.0,^NSEBANK,0.0033718125604411675,0.0033661407464229674,0.2088364290174296,43814.975,42425.7978125,41809.067421875,41449.74044921875,43709.625870340446,42868.812839303486,43814.975,44460.08253960205,43169.867460397945,0.02944689753227308,57.717930128343006,406.5061981145409,487.43511511890745,-80.92891700436655,405.41489955357144,11.313338215650644,14.61921633279028,-0.011218292737171653
2023-06-05,44103.25,44266.1484375,44074.19921875,44101.6484375,124500,0.0,0.0,^NSEBANK,0.0037279218071690767,0.00372099032800276,0.2133428767024641,43855.857421875,42520.591796875,41823.9969140625,41475.85169921875,43746.96135292707,42917.15933335041,43855.857421875,44461.72305134461,43249.99179240539,0.02762986132691185,59.94813759902806,390.66630758672545,468.08135361247105,-77.4150460257456,405.40401785714283,11.2363677612746,14.617676682872608,-0.007532191848136722
2023-06-06,44156.69921875,44236.19921875,44009.69921875,44164.55078125,123600,0.0,0.0,^NSEBANK,0.0014263036865649337,0.0014252874816249176,0.21507347212057204,43904.1775390625,42605.988828125,41843.7544140625,41501.46521484375,43786.73177467212,42966.07664503275,43904.1775390625,44439.185915212205,43369.16916291279,0.024371638697647826,60.803176356119565,378.8219500354535,450.2294728970676,-71.4075228616141,382.55747767857144,10.765905479627312,14.605121714258097,-0.006116631354572631
2023-06-07,44318.69921875,44346.30078125,44143.5,44275.30078125,119200,0.0,0.0,^NSEBANK,0.0025076673042268016,0.002504528353107374,0.21812047213884211,43951.3900390625,42691.513828125,41860.679921875,41526.64576171875,43833.26215625096,43017.418768021664,43951.3900390625,44437.900513739616,43464.87956438538,0.022138570554638824,62.328080097743374,374.0598812982935,434.9955545773128,-60.93567327901934,368.07896205357144,10.772374913744095,14.562279446300517,-0.003624302526805809
2023-06-08,44208.30078125,44459.25,43917.8984375,43995.25,160200,0.0,0.0,^NSEBANK,-0.006325214652603717,-0.006345303578787254,0.21041559867983306,43977.3875,42779.080859375,41880.484921875,41549.31580078125,43848.68956994134,43055.76509084435,43977.3875,44409.28282226543,43545.492177734566,0.01964169982882366,56.35744427379087,343.7258918313091,416.7416220281121,-73.01573019680296,371.818359375,10.96746525726695,14.600272917743792,-0.00992659268796152
2023-06-09,44045.75,44220.1015625,43932.6015625,43989.0,132300,0.0,0.0,^NSEBANK,-0.00014206079065348654,-0.00014207088224336455,0.2102436460828654,43987.1599609375,42870.953828125,41898.0479296875,41570.98236328125,43862.052468042166,43092.36253826222,43987.1599609375,44410.296953999925,43564.02296787507,0.01923911402501056,56.227989728988724,315.5442659887267,396.50215082023504,-80.95788483150835,367.9361049107143,10.93219711416265,13.934307383781434,-0.01006724329900931
2023-06-12,44035.19921875,44124.94921875,43874.05078125,43944.19921875,91400,0.0,0.0,^NSEBANK,-0.0010184541874105335,-0.001018973164275824,0.2090110683737254,43980.76484375,42961.211796875,41916.667421875,41595.77587890625,43869.87596810958,43125.767898281345,43980.76484375,44402.35979652653,43559.16989097348,0.019171788133940916,55.248329635639905,286.29484705520736,374.4606900672295,-88.16584301202215,368.4966517857143,10.853761992470739,12.849589317694651,-0.011075444460326243
2023-06-13,43889.69921875,44138.1484375,43889.69921875,44079.8515625,160000,0.0,0.0,^NSEBANK,0.003086922646484913,0.003082167883316617,0.21274319202053915,43989.5724609375,43051.450859375,41933.7534375,41624.68861328125,43889.87364376581,43163.182943936976,43989.5724609375,44411.7481614143,43567.3967604607,0.019194353427812477,57.65413383583401,270.93728588728845,353.7560092312413,-82.81872334395285,359.7681361607143,10.86036694302292,12.85441339873627,-0.008022710854165886
2023-06-14,44181.6484375,44212.3515625,43956.1484375,43988.0,154600,0.0,0.0,^NSEBANK,-0.002083753897622942,-0.0020859279334045733,0.2102161336673507,44004.0375,43133.007890625,41951.9579296875,41651.1426171875,43899.21901102621,43195.52871084141,44004.0375,44403.46182584335,43604.61317415665,0.018153985340247425,55.47930071999632,248.49021405045642,332.70285019508435,-84.21263614462794,354.52901785714283,10.87966336416253,12.829170734007715,-0.010089747396776956
2023-06-15,44054.3515625,44077.44921875,43397.5,43443.6015625,228200,0.0,0.0,^NSEBANK,-0.012376067052377926,-0.012453288362431057,0.1952384176492139,43988.6025390625,43189.706953125,41964.0434375,41673.170390625,43855.82687307133,43205.25705796528,43988.6025390625,44448.2972470109,43528.9078311141,0.020900627954260936,44.713443663772054,184.64388396120194,303.0910569483079,-118.44717298710594,368.89676339285717,11.221849046294256,13.000415219129389,-0.02234094305883081
2023-06-16,43583.3515625,44083.25,43536.94921875,43938.1484375,234700,0.0,0.0,^NSEBANK,0.011383652763883312,0.011319346554957662,0.20884459676578593,43987.0400390625,43252.20890625,41978.844921875,41698.1096484375,43863.66702206454,43233.997896378416,43987.0400390625,44447.22176682083,43526.85831130417,0.020923514169158455,53.53454993258559,171.96865943016746,276.8665774446798,-104.89791801451236,381.34654017857144,9.321020934463498,13.110902502409697,-0.011211611833146883
2023-06-19,44015.30078125,44040.3515625,43501.3984375,43633.75,234900,0.0,0.0,^NSEBANK,-0.006927884954756158,-0.0069519941648089716,0.20046986047121407,43974.4724609375,43304.9009375,41991.89390625,41721.344921875,43841.7701628203,43249.674449461614,43974.4724609375,44459.43753303215,43489.507388842845,0.022056663557496737,48.41423974579084,135.79567471862538,248.65239689946895,-112.85672218084358,399.0502232142857,8.656336427948071,12.751391581056163,-0.018061824030965637
2023-06-20,43597.55078125,43823.94921875,43345.94921875,43766.5,161900,0.0,0.0,^NSEBANK,0.0030423697252699444,0.003037751083869339,0.20412213363081078,43965.075,43359.4109375,42004.4908984375,41748.79615234375,43834.601575885026,43269.94211811018,43965.075,44458.87726051159,43471.272739488406,0.022463387609896773,50.63185264590835,116.49723171421647,222.22136386241846,-105.72413214820199,389.3607700892857,8.66455699676279,12.743208263906624,-0.0150744050523106
2023-06-21,43894.3984375,43946.69921875,43698.94921875,43859.19921875,180000,0.0,0.0,^NSEBANK,0.0021180404818754717,0.002115800596355233,0.20667251305496315,43974.1423828125,43419.901953125,42014.870390625,41770.410703125,43836.94420853883,43293.0502397039,43974.1423828125,44452.14507465579,43496.139690969205,0.02174017119797756,52.17785856056034,107.44457465417509,199.2660060207698,-91.82143136659471,373.2142857142857,8.643738098224249,12.740418683551615,-0.012988292770576174
2023-06-22,43874.80078125,44042.1484375,43663.3515625,43724.8515625,263800,0.0,0.0,^NSEBANK,-0.003063157983800302,-0.003067859054753736,0.2029762845127665,43976.3150390625,43467.068984375,42024.7844140625,41792.53099609375,43826.2687184399,43309.98362491159,43976.3150390625,44449.08152433073,43503.54855379427,0.02150095954371291,49.74641168703056,88.41040552276536,177.09488592116892,-88.68448039840357,378.935546875,8.655219649575798,12.755252438080195,-0.016011665561680304
2023-06-23,43641.6015625,43824.1015625,43519.55078125,43622.8984375,161300,0.0,0.0,^NSEBANK,-0.0023316974525178225,-0.0023344200920940887,0.2001713077747287,43956.5599609375,43508.36796875,42044.5369140625,41813.5427734375,43806.900120255144,43322.254794032706,43956.5599609375,44454.34962411142,43458.77029776358,0.022649163793358122,47.92141007185406,64.35705614034669,154.5473199650045,-90.19026382465782,377.23939732142856,8.414461745369431,12.764666551466746,-0.01830602865439736
2023-06-26,43714.75,43773.1015625,43541.75,43641.05078125,120700,0.0,0.0,^NSEBANK,0.0004161196160774594,0.00041603306232032886,0.20067072259854712,43923.017578125,43538.53796875,42077.4944140625,41832.72158203125,43791.104945111794,43334.756597452986,43923.017578125,44410.28771551664,43435.74744073336,0.022187461802912097,48.285185460669126,46.226475856230536,132.8831511432497,-86.65667528701917,377.5859375,8.190233393803943,12.76446854482501,-0.01789752653593544
2023-06-27,43804.55078125,44194.6484375,43693.1484375,44121.5,137300,0.0,0.0,^NSEBANK,0.01100911206648636,0.010948952922037057,0.21388904113858365,43907.275,43575.716953125,42114.834921875,41854.99888671875,43822.57114081543,43365.60927990581,43907.275,44342.25347598983,43472.29652401017,0.019813503615964876,56.87201319638964,69.82124122216919,120.27076915903362,-50.44952793686443,402.64285714285717,8.747407398712378,12.823007560324182,-0.007085450344796182
2023-06-28,44419.5,44508.3984375,44163.19921875,44327.80078125,243800,0.0,0.0,^NSEBANK,0.004675742693471374,0.004664845364139417,0.21956487395337243,43917.2576171875,43616.968984375,42151.562421875,41879.36068359375,43870.68824942825,43403.342279958524,43917.2576171875,44381.742302474246,43452.77293190075,0.021152718110748675,59.9473132603096,103.96852722143376,117.01032077151366,-13.041793550079902,391.61049107142856,8.716515524253866,12.767099367665303,-0.002442837394004381
2023-06-30,44666.0,44787.1015625,44447.19921875,44747.3515625,191300,0.0,0.0,^NSEBANK,0.00946473260246794,0.009420222650310686,0.23110772937670365,43965.115234375,43668.836015625,42193.9059375,41902.0550390625,43954.17999353031,43456.0485263327,43965.115234375,44554.833936199364,43375.396532550636,0.02682666467177962,65.35743132493744,163.0057107425455,126.20939876572004,36.79631197682545,403.88197544642856,9.095681810181313,12.849083927894874,0.0
2023-07-03,44957.94921875,45353.19921875,44882.1015625,45158.1015625,228200,0.0,0.0,^NSEBANK,0.009179314208714429,0.009137440357804626,0.24240845404942934,44026.127734375,43726.608046875,42238.7939453125,41925.76939453125,44068.83919057505,43522.795704221615,44026.127734375,44820.83672020442,43231.41874854558,0.036101698092740615,69.67599536857522,240.16868118511047,149.00125524959813,91.16742593551234,429.23549107142856,9.343503106464826,12.913233271843241,0.0
2023-07-04,45310.55078125,45655.5,45000.25,45301.44921875,463000,0.0,0.0,^NSEBANK,0.0031743508094910222,0.003169323194759028,0.2463522943312597,44086.1177734375,43790.27703125,42276.8114453125,41949.40900390625,44186.2306218298,43592.54682243842,44086.1177734375,45064.69748365388,43107.53806322112,0.044394006986298334,71.03314678528008,309.3221755496779,181.06543930961408,128.25673624006384,458.29268973214283,9.326317539480753,12.731134898387856,0.0
2023-07-05,45169.69921875,45418.8984375,45073.3984375,45151.80078125,366300,0.0,0.0,^NSEBANK,-0.0033033918358192915,-0.003308860080453837,0.2422351043376112,44135.4802734375,43840.598046875,42314.58296875,41970.8048828125,44278.189684631725,43653.694036509456,44135.4802734375,45224.12811579925,43046.832431075745,0.049332094524275234,67.6302482106739,348.03945759542694,214.46024296677666,133.57921462865028,464.67103794642856,9.410401661594548,12.602847624504793,-0.0033033918358192703
2023-07-06,45060.55078125,45417.5,45042.6015625,45339.8984375,244900,0.0,0.0,^NSEBANK,0.004165894892238953,0.004157241576324144,0.24741012521373107,44188.71015625,43893.826015625,42353.0724609375,41990.47978515625,44379.30480395252,43719.8196992934,44188.71015625,45403.00111446898,42974.41919803103,0.05495933028709266,69.60147393382093,389.4121900945611,249.45063239233355,139.96155770222754,442.88169642857144,9.200316442999696,12.608585511462946,0.0
2023-07-07,45118.05078125,45227.25,44844.80078125,44925.0,220900,0.0,0.0,^NSEBANK,-0.009150846203855756,-0.00919297238740138,0.2359952670047678,44235.19765625,43935.728046875,42386.9459765625,42009.06119140625,44431.27577500466,43767.08167187013,44235.19765625,45488.85430126777,42981.54101123223,0.05668140808411834,60.805517387257225,384.2916670942359,276.418839332714,107.87282776152188,432.556640625,9.679853562250818,12.3669736846866,-0.009150846203855704
2023-07-10,44958.6484375,45184.30078125,44721.8984375,44860.8515625,220900,0.0,0.0,^NSEBANK,-0.0014279006677796469,-0.0014289210894276783,0.2342303885376391,44278.790234375,43972.928046875,42420.011484375,42029.48380859375,44472.18775476612,43809.97460875758,44278.790234375,45556.79727160115,43000.783197148856,0.05772547219386272,59.55239684147877,370.7832148336456,295.29171443290033,75.49150040074528,427.08872767857144,9.4862944438794,12.37400191537121,-0.010565680372230102
2023-07-11,44998.0,45139.55078125,44663.05078125,44745.05078125,209000,0.0,0.0,^NSEBANK,-0.0025813326590260477,-0.00258467004267641,0.23104442932694447,44318.8328125,44003.15109375,42451.8680078125,42048.689453125,44498.17470966934,43846.64426258081,44318.8328125,45602.86954158404,43034.79608341595,0.0579454217360113,57.25836777462881,346.7365507140057,305.58068168912143,41.15586902488428,426.98158482142856,9.353720180484181,12.376381144149033,-0.01311973949544646
2023-07-12,44872.6015625,44937.25,44562.3984375,44639.44921875,233100,0.0,0.0,^NSEBANK,-0.002360072469607122,-0.0023628618302310627,0.22813907526042665,44346.8126953125,44028.898046875,42485.4405078125,42064.54759765625,44511.62942481988,43877.73465301882,44346.8126953125,45633.30849832373,43060.31689230128,0.05801976398394956,55.171207971772354,315.5211017517213,307.5687657016414,7.952336050079907,436.06026785714283,9.355193817720211,12.303718597984561,-0.015448848429061945
2023-07-13,45009.30078125,45085.1484375,44612.19921875,44665.05078125,336800,0.0,0.0,^NSEBANK,0.000573518780989879,0.0005733543819480937,0.22884343608575608,44380.665234375,44055.945078125,42515.6075,42081.8580078125,44526.24098257513,43908.6097953024,44380.665234375,45663.031339751695,43098.29912899831,0.05778940439961843,55.593819142687956,289.51116123424436,303.957244808162,-14.446083573917633,442.78543526785717,9.10957606244954,12.298973698944796,-0.014884189852790735
2023-07-14,44860.6484375,44923.8515625,44547.80078125,44819.30078125,196300,0.0,0.0,^NSEBANK,0.0034534831440233837,0.0034475335650226897,0.23308722617892208,44449.4501953125,44078.622109375,42546.49,42102.8038671875,44554.15143959179,43944.32316730035,44449.4501953125,45666.079173470986,43232.821217154014,0.05474213844322364,58.15350355406461,278.13857352130435,298.7935105507905,-20.65493702948612,447.892578125,8.818005116830724,12.20053510810958,-0.011482109007536306
2023-07-17,44951.19921875,45556.44921875,44695.05078125,45449.75,245900,0.0,0.0,^NSEBANK,0.014066467074688171,0.01396845240404614,0.2504324070461865,44525.0302734375,44134.393125,42584.673984375,42132.323671875,44639.44654058305,44003.35951368073,44525.0302734375,45794.576987602915,43255.483559272085,0.05702620330042963,66.62210300177263,316.35100146961486,302.3050087345554,14.045992735059485,492.8959263392857,9.600228834826167,12.301737584975337,0.0
2023-07-18,45754.80078125,45905.8515625,45281.30078125,45410.8515625,307300,0.0,0.0,^NSEBANK,-0.000855855917799353,-0.000856222371578045,0.24936221707080786,44613.8853515625,44176.93015625,42627.465,42166.29892578125,44712.91368552752,44058.555280301094,44613.8853515625,45869.45831069054,43358.31239243446,0.05628619651635278,65.73813489482288,339.5813645177768,309.7602798911997,29.821084626577147,497.96400669642856,9.585013285467719,11.8322198506377,-0.0008558559177993278
2023-07-19,45622.5,45707.3984375,45433.0,45669.30078125,261100,0.0,0.0,^NSEBANK,0.005691353715186143,0.005675219151024789,0.2564727793665469,44709.025390625,44226.353203125,42677.141015625,42202.8519140625,44803.99817083443,44121.72177053439,44709.025390625,45982.47976185044,43435.57101939956,0.05696632212843842,68.70889078877141,374.5289500026047,322.7140139134807,51.81493608912399,491.5103236607143,9.680987891294501,11.855286317611053,0.0
2023-07-20,45689.05078125,46256.19921875,45640.94921875,46186.8984375,315200,0.0,0.0,^NSEBANK,0.01133360150901419,0.011269857428611798,0.27071314115481093,44825.4103515625,44283.47015625,42732.273984375,42244.9893359375,44935.70295813591,44202.709090807555,44825.4103515625,46193.77500800039,43457.045695124616,0.06105307885442209,73.6386468203978,438.93124226276996,345.95745958333856,92.9737826794314,502.64955357142856,10.117797929638693,11.956081784944056,0.0
2023-07-21,46063.94921875,46369.5,45925.8984375,46075.19921875,235600,0.0,0.0,^NSEBANK,-0.002418417831220099,-0.0024213469270947235,0.2676400258358764,44942.927734375,44335.468125,42793.0669921875,42287.12876953125,45044.22641152773,44276.14007621707,44942.927734375,46317.014191916554,43568.841276833446,0.061148061633313315,71.03767454658691,475.4763342214428,371.86123451095943,103.61509971048338,491.060546875,9.919003723132915,11.87709444446931,-0.0024184178312200615
2023-07-24,46131.8984375,46191.5,45858.75,45923.05078125,225800,0.0,0.0,^NSEBANK,-0.003302176443722993,-0.003307640660877903,0.26345405480344075,45057.9353515625,44378.058125,42852.2819921875,42323.5865234375,45127.9239705489,44340.72480974777,45057.9353515625,46349.37831181072,43766.49239131428,0.057323663420074375,67.5383638579955,486.5527977591846,394.7995471606045,91.75325059858011,468.0248325892857,10.008004564445425,11.415283534548665,-0.005712608232549713
2023-07-25,46154.69921875,46156.1015625,45622.8515625,45845.0,228100,0.0,0.0,^NSEBANK,-0.0016995992191761733,-0.0017010451765266657,0.2613066892784319,45168.1328125,44413.51609375,42911.6380078125,42362.66548828125,45196.21692573472,44399.71599367923,45168.1328125,46318.98674125016,44017.27888374984,0.05095866740950031,65.74908543603709,483.4599043313792,412.5316185947595,70.92828573661973,481.435546875,10.024563170339386,10.672657856277063,-0.007402498307234381
2023-07-26,45935.1484375,46096.6015625,45804.69921875,46062.3515625,298400,0.0,0.0,^NSEBANK,0.0047410091067727755,0.0047298059187539645,0.2672865557787343,45265.175390625,44456.689140625,42969.1905078125,42397.4292578125,45278.70593875999,44464.917388534945,45265.175390625,46370.85920614469,44159.49157510531,0.04885361896769279,68.27005124341501,492.86576883288944,428.5984486423855,64.26732019050394,475.5072544642857,10.059696876144573,10.643466087333065,-0.0026965845123490275
2023-07-27,46285.8515625,46310.1015625,45570.6484375,45679.30078125,320400,0.0,0.0,^NSEBANK,-0.00831591892850403,-0.00835068908033899,0.2567479035216953,45332.750390625,44496.301171875,43023.2930078125,42429.4137890625,45316.85782852094,44512.54026668063,45332.750390625,46359.605619789276,44305.89516146072,0.04530301913367406,59.902168322465904,464.0615744955212,435.6910738130127,28.37050068250852,492.96121651785717,10.40804681099335,10.620683696049348,-0.010990078862664484
2023-07-28,45560.8984375,45727.75,45238.80078125,45468.1015625,194700,0.0,0.0,^NSEBANK,-0.0046235212697627315,-0.004634242804489082,0.25093730285903293,45368.787890625,44530.6171875,43070.9925390625,42460.866328125,45331.2619936618,44550.013258673556,45368.787890625,46359.07806782478,44378.49771342521,0.04365513046489917,55.8383125185096,419.3579338523341,432.424445820877,-13.066511968542898,494.857421875,9.745655428945858,10.67416660755965,-0.015562787269049343
2023-07-31,45546.3515625,45694.8984375,45359.75,45651.1015625,247900,0.0,0.0,^NSEBANK,0.0040247996663869134,0.004016721827411335,0.2559720748982508,45393.437890625,44564.25125,43123.605546875,42493.65859375,45361.722904979724,44593.19319215695,45393.437890625,46386.186795857975,44400.68898539202,0.04373975408626218,58.46753262522853,394.1529967802999,424.77015601276156,-30.617159232461688,484.76088169642856,9.323856055627177,10.541543872349536,-0.01160062470367087
2023-08-01,45740.0,45782.75,45471.05078125,45592.5,175200,0.0,0.0,^NSEBANK,-0.001283683426998361,-0.0012845080543512574,0.2543598043609312,45407.9904296875,44598.39921875,43167.01703125,42528.06109375,45383.70167593403,44632.381694425305,45407.9904296875,46403.59050018381,44412.390359191195,0.04385131608226336,57.29124816861226,365.2389983987305,412.86392448995537,-47.62492609122489,480.25,9.030334321070312,10.47529886092598,-0.012869416600994296
2023-08-02,45234.6484375,45404.8984375,44720.8984375,44995.69921875,233600,0.0,0.0,^NSEBANK,-0.013089889373252173,-0.013176317022579312,0.23794037328759243,45400.1853515625,44619.22421875,43203.4700390625,42557.4491015625,45346.749060964125,44646.629440477256,45400.1853515625,46406.63038742698,44393.740315698014,0.04433660471079309,46.935061821797945,290.81527354537684,388.4541943010397,-97.63892075566287,508.7251674107143,9.951316259075647,10.567389989259787,-0.025790846734641167
2023-08-03,44862.8515625,45038.44921875,44279.3984375,44513.44921875,245800,0.0,0.0,^NSEBANK,-0.010717690987654294,-0.0107755391414209,0.2246725109055545,45358.862890625,44635.936171875,43232.833515625,42586.89859375,45267.38717122944,44641.40668668404,45358.862890625,46440.765764969605,44276.9600162804,0.047704144477934717,40.55552514697976,190.721867765169,348.9077289938656,-158.18586122869658,536.0823102678571,10.499820310659803,10.756357629074875,-0.03623211939668362
2023-08-04,44754.75,45118.05078125,44520.55078125,44879.5,245200,0.0,0.0,^NSEBANK,0.008223374905214298,0.008189747187567145,0.23474345209884095,45356.587890625,44659.898203125,43269.061015625,42614.77037109375,45230.445535874256,44650.74367936309,45356.587890625,46442.51596333697,44270.65981791303,0.04788402846045771,46.49982528582246,139.32827179474407,306.9918375540413,-167.66356575929723,517.7396763392857,10.673723405380034,10.663501601050863,-0.028306694792878728
2023-08-07,44993.69921875,45011.3515625,44773.8515625,44837.5,200800,0.0,0.0,^NSEBANK,-0.0009358393030225454,-0.0009362774740161744,0.23358793064721706,45355.4203125,44676.288203125,43312.5815234375,42639.35794921875,45193.02215150528,44658.06745664297,45355.4203125,46443.64043507977,44267.20018992023,0.04798633173640128,45.9322808345359,94.12442000259034,264.41835404375115,-170.2939340411608,490.0931919642857,10.644728068176141,10.605243576400927,-0.029216043578375428
2023-08-08,44888.94921875,45096.8515625,44817.8515625,44964.44921875,229400,0.0,0.0,^NSEBANK,0.0028313179537218236,0.0028273173226376906,0.23708061030275318,45366.390234375,44689.33921875,43366.5790234375,42662.5887890625,45171.253300766686,44670.082427705995,45366.390234375,46432.91040615764,44299.87006259236,0.04701807511123153,47.998287106662126,67.76265704575053,225.08721464415103,-157.3245575984005,488.83984375,10.65745523025757,10.607294625460312,-0.026467445533373827
2023-08-09,44973.44921875,44975.0,44533.75,44880.69921875,177300,0.0,0.0,^NSEBANK,-0.0018625825836887655,-0.0018643193475417655,0.23477644550338428,45378.452734375,44698.226171875,43421.27203125,42685.1286328125,45143.581483431764,44678.34190970773,45378.452734375,46415.401954999215,44341.50351375079,0.04570227313364107,46.729683640444264,39.65571846649982,188.00091540862078,-148.34519694212096,476.41127232142856,10.25419061407638,10.616558226379516,-0.028280730313977365
2023-08-10,44797.6484375,44980.3515625,44418.3984375,44541.80078125,232000,0.0,0.0,^NSEBANK,-0.007551095312668732,-0.007579749169349342,0.22545253087355,45372.290234375,44706.49921875,43476.1750390625,42707.34220703125,45086.269035604935,44672.98735565056,45372.290234375,46428.379058893675,44316.20140985633,0.04655214973999956,41.90334011377185,-9.85193746843288,148.43034483321006,-158.28228230164294,484.86495535714283,10.441359415716157,10.650365898755515,-0.03561827513653341
2023-08-11,44568.1484375,44571.25,44120.8984375,44199.1015625,196900,0.0,0.0,^NSEBANK,-0.0076938788450210405,-0.0077236294273555234,0.2160240475706845,45341.2802734375,44714.677265625,43526.8400390625,42724.41982421875,45001.77689530922,44654.40359905642,45341.2802734375,46497.419865815085,44185.140681059915,0.05099721866719728,37.66679101911013,-75.86554361438903,103.57116714369025,-179.43671075807927,493.2650669642857,10.299023594940797,10.392643215350345,-0.04303811128798531
2023-08-14,44066.6015625,44212.75,43776.8984375,44090.94921875,172300,0.0,0.0,^NSEBANK,-0.0024469353431780805,-0.0024499339821140898,0.21304851535052927,45273.340234375,44717.73921875,43571.768515625,42738.35248046875,44915.03140230358,44632.307348848335,45273.340234375,46555.47448981568,43991.20597893432,0.056639702253167765,36.415502629934245,-135.34857820321486,55.78721807430924,-191.1357962775241,486.3080357142857,9.903924635561417,10.38506315963763,-0.04537973515554922
2023-08-16,43726.25,44002.80078125,43600.3515625,43946.3984375,0,0.0,0.0,^NSEBANK,-0.0032784683435331807,-0.003283854295877549,0.20907157419378253,45200.117578125,44714.63421875,43617.6130078125,42752.47310546875,44822.780643750855,44605.40896016801,45200.117578125,46610.082729004054,43790.15242724594,0.06238767624628574,34.75373801745266,-191.9407778445675,6.241618890533893,-198.18239673510138,500.5005580357143,9.856619542203465,10.389245040652437,-0.048509427473936995
2023-08-17,43897.25,44071.8515625,43745.1015625,43891.3515625,266400,0.0,0.0,^NSEBANK,-0.0012525912693002184,-0.0012533764174591517,0.2075571016959883,45111.2201171875,44709.170234375,43657.57953125,42765.43576171875,44734.07311220316,44577.40670927907,45111.2201171875,46617.535848131985,43604.90438624301,0.06678230945788924,34.1152847592452,-238.48324020922882,-42.70335292941866,-195.77988727981017,471.02176339285717,9.832742602023943,10.394795583790202,-0.04970125625790458
2023-08-18,43724.75,43957.6484375,43672.44921875,43851.05078125,167600,0.0,0.0,^NSEBANK,-0.0009181941274378769,-0.0009186159258807088,0.20644832985666506,44994.427734375,44700.685234375,43696.09953125,42779.739140625,44649.97574735047,44548.92216308186,44994.427734375,46511.75379855348,43477.10167019652,0.06744506555949674,33.62820868404002,-275.44525178884214,-89.25173270130335,-186.1935190875388,456.4681919642857,9.713703570548047,10.352579374652654,-0.05057381498372019
2023-08-21,43952.8515625,44113.80078125,43862.0,44002.0,126300,0.0,0.0,^NSEBANK,0.0034423170268600423,0.003436405815228699,0.2106013074845574,44890.7677734375,44700.820234375,43739.950546875,42793.21205078125,44588.26377141233,44527.474235117865,44890.7677734375,46380.22266386274,43401.312883012266,0.0663590740057054,37.24243992435382,-289.223582421997,-129.24610264544208,-159.9774797765549,451.296875,9.489188982018536,10.154830203502952,-0.047305589061291904
2023-08-22,44125.0,44151.30078125,43938.69921875,43993.25,160700,0.0,0.0,^NSEBANK,-0.00019885459751833867,-0.0001988743717153192,0.21036057384880236,44794.277734375,44700.905234375,43785.92953125,42806.73294921875,44531.59579318258,44506.52426511324,44794.277734375,46251.85205517093,43336.70341357907,0.06507859461153419,37.11626920498172,-297.4205812665241,-162.88099836965847,-134.53958289686562,444.21847098214283,9.48739498762794,10.134153696595956,-0.047495036724937045
2023-08-23,44064.5,44521.6484375,43952.05078125,44479.05078125,212400,0.0,0.0,^NSEBANK,0.011042620885022059,0.010982096306049152,0.22372612679999238,44725.9802734375,44711.602265625,43836.40703125,42823.39734375,44526.59150633186,44505.44687358919,44725.9802734375,46101.98085996919,43349.979686905805,0.061530259509991844,47.708478854881186,-261.69998434965964,-182.6447955656587,-79.05518878400093,422.64676339285717,10.049384548117665,10.041976507034848,-0.036976885524388596
2023-08-24,44704.19921875,44949.8984375,44433.75,44496.19921875,220400,0.0,0.0,^NSEBANK,0.00038553964616583336,0.00038546534485323823,0.22419792173792263,44647.67265625,44719.92921875,43885.6900390625,42839.388984375,44523.69700275264,44505.084220458244,44647.67265625,45873.518282301025,43421.82703019897,0.05491196083115112,48.04118325915667,-229.3634591657974,-191.98852828568644,-37.37493088011095,405.29659598214283,10.029097496439862,10.033383005589558,-0.036605601933584045
2023-08-25,44276.19921875,44359.1015625,43983.75,44231.44921875,152500,0.0,0.0,^NSEBANK,-0.005949946392015404,-0.005967717850931622,0.21691400973036523,44575.280078125,44724.798203125,43928.903046875,42854.25638671875,44495.86388046667,44494.35343607753,44575.280078125,45712.40338987515,43438.15676637484,0.051020355217383795,43.4453269527208,-222.53440428766044,-198.09770348608123,-24.436700801579207,398.7142857142857,10.16895471927185,10.09263666011908,-0.04233774695644717
2023-08-28,44253.6484375,44610.3984375,44201.44921875,44494.6484375,163000,0.0,0.0,^NSEBANK,0.005950499551762967,0.005932865249995644,0.2241552559997999,44526.607421875,44745.819140625,43967.763046875,42868.2985546875,44495.74812399365,44494.365004760766,44526.607421875,45583.31287635695,43469.90196739305,0.04746400032097707,48.69953601950225,-193.6520514852673,-197.20857308591846,3.556521600651166,410.96065848214283,10.274364644330783,10.118765174359236,-0.036639178148971156
2023-08-29,44655.75,44673.0,44429.80078125,44495.25,140300,0.0,0.0,^NSEBANK,1.3519884326074205e-05,1.3519792933261855e-05,0.2241718064372582,44468.81484375,44756.961171875,44004.5850390625,42881.86123046875,44495.7006836133,44494.399710456426,44468.81484375,45383.452771210235,43554.17691628976,0.041136150386467396,48.71126449833732,-168.76857861746976,-191.5205741922287,22.75199557475895,408.40345982142856,9.341003958554026,10.112880229937685,-0.03662615362209555
2023-08-30,44706.55078125,44779.6484375,44149.80078125,44232.6015625,153100,0.0,0.0,^NSEBANK,-0.005902842157308963,-0.005920332793684393,0.21694571349043135,44400.819921875,44768.938203125,44036.9195703125,42895.00791015625,44470.643624459655,44484.13311641892,44400.819921875,45151.16500080493,43650.47484294507,0.0337987037289038,43.98317468067289,-168.3017036798119,-186.87680008974536,18.57509640993345,421.87472098214283,9.462507187939051,10.14736580689729,-0.0423127973757439
2023-08-31,44265.8515625,44399.6484375,43895.05078125,43989.1484375,705100,0.0,0.0,^NSEBANK,-0.00550392959943824,-0.00551913202767963,0.21024772995704177,44350.4923828125,44773.391171875,44066.4010546875,42904.27083984375,44424.78693998731,44464.72195253975,44350.4923828125,45067.10268760475,43633.88207802026,0.03231577672720305,40.098051449178925,-185.43871244740876,-186.58918256127805,1.1504701138692894,417.7779017857143,9.344669917378473,10.00087438509653,-0.04758384031727071
2023-09-01,43996.1015625,44568.55078125,43830.75,44436.1015625,320800,0.0,0.0,^NSEBANK,0.010160531423676789,0.010109260226866475,0.22254449004770382,44346.625,44784.92921875,44102.4155859375,42916.0700390625,44425.86452308376,44463.599584302894,44346.625,45060.36148840896,43632.88851159104,0.032188987929023326,49.00409538704992,-161.0975017958408,-181.4908464081906,20.393344612349807,438.3099888392857,9.212854991531014,10.133875929980748,-0.0379067859983968
2023-09-04,44647.6484375,44656.05078125,44310.94921875,44578.30078125,238600,0.0,0.0,^NSEBANK,0.00320008312497877,0.0031949737563430865,0.22645673403984135,44331.5650390625,44801.998203125,44134.53359375,42927.1005078125,44440.382261956736,44468.09767045769,44331.5650390625,45009.78651883756,43653.343559287445,0.03059767816351377,51.47593872170847,-128.8473563218722,-170.96214839092693,42.114792069054715,431.82784598214283,9.295589534553848,10.131054390675006,-0.034828007739613656
2023-09-05,44625.05078125,44668.69921875,44401.69921875,44532.1484375,225500,0.0,0.0,^NSEBANK,-0.0010353096224208214,-0.0010358459256198218,0.22518697158160705,44316.2974609375,44820.183203125,44164.2755859375,42937.0872265625,44449.12189772276,44470.609465243666,44316.2974609375,44959.40297252755,43673.191949347456,0.029023431488468063,50.618358157781,-105.79347083574976,-157.92841287989148,52.134942044141724,415.85658482142856,9.27176595429254,10.116416585424357,-0.03582725959049196
2023-09-06,44494.6484375,44577.0,44207.25,44409.1015625,252000,0.0,0.0,^NSEBANK,-0.002763102147939067,-0.0027669265611331073,0.22180165482880287,44288.530078125,44835.54421875,44187.04109375,42946.84494140625,44445.31043722536,44468.19739062627,44288.530078125,44857.484552221664,43719.57560402833,0.025693084556792947,48.30763487269461,-96.34139137127931,-145.61100857816905,49.269617206889734,418.92801339285717,9.28377333244827,10.09429795971627,-0.03849136736050182
2023-09-07,44418.05078125,44915.55078125,44341.19921875,44878.3515625,169100,0.0,0.0,^NSEBANK,0.010566527659641833,0.010511092072095685,0.23471185580914766,44288.4126953125,44850.68125,44213.1991015625,42959.0519140625,44486.55244915628,44484.281867954654,44288.4126953125,44856.853496529984,43719.97189409502,0.025669955937601106,56.46890660750776,-50.40495998036204,-126.56979885860765,76.16483887824562,439.58175223214283,9.74144188396939,10.23152942274048,-0.028331559798732156
2023-09-08,44953.6484375,45383.3515625,44812.1484375,45156.3984375,179100,0.0,0.0,^NSEBANK,0.006195567914583089,0.006176454289573154,0.24236159696675408,44319.142578125,44867.253203125,44242.11109375,42973.10361328125,44550.34730518902,44510.639380485845,44319.142578125,45000.49582894497,43637.78932730503,0.0307475827005856,60.45311575340001,8.33991458494711,-99.58785616989671,107.92777075484382,461.61411830357144,9.682677607030918,10.274668284027749,-0.02231152198700829
2023-09-11,45340.80078125,45636.19921875,45231.30078125,45570.69921875,228100,0.0,0.0,^NSEBANK,0.009174796830252685,0.009132964058589295,0.2537600122086323,44387.7224609375,44883.72015625,44276.2780859375,42988.67431640625,44647.52367790911,44552.21035453542,44387.7224609375,45265.88691881692,43509.558003058075,0.039567898923051646,65.51747016094724,87.31969442005357,-62.206346051906664,149.52604047196024,480.6997767857143,9.976817121599241,10.287831187021197,-0.013341428837960169
2023-09-12,45893.80078125,45893.80078125,45322.55078125,45511.3515625,271400,0.0,0.0,^NSEBANK,-0.0013023205100523016,-0.0013031692663896396,0.2521272148300495,44458.742578125,44890.78515625,44308.6966015625,43002.588046875,44729.7930002511,44589.823735239916,44458.742578125,45457.33756281053,43460.14759343947,0.044922322439990336,64.24822517544962,143.46905710374267,-21.0712654207768,164.54032252451947,480.8178013392857,9.91371045202599,9.46326340439985,-0.014626374531603337
2023-09-13,45449.3515625,45990.5,45299.3984375,45909.44921875,441700,0.0,0.0,^NSEBANK,0.008747216740054409,0.008709181480549116,0.26307984296428866,44556.8951171875,44902.94515625,44346.61109375,43016.76080078125,44842.141211536706,44641.5737542011,44556.8951171875,45716.390157150374,43397.40007722463,0.05204559415162685,68.63729581007482,217.58282600573148,26.65955286452486,190.9232731412066,493.314453125,10.229423352914196,9.269225182895077,-0.006007097859698105
2023-09-14,46013.30078125,46153.8984375,45801.5,46000.8515625,238600,0.0,0.0,^NSEBANK,0.0019909266023752092,0.0019889473346230073,0.26559454222457024,44662.3701171875,44919.926171875,44380.262109375,43031.8478125,44952.49457829511,44694.87876629125,44662.3701171875,45944.27651264054,43380.46372173446,0.05740431562810074,69.5612577079404,280.4609478548009,77.41983186258008,203.04111599222082,481.8822544642857,9.422291311335359,9.260847994570689,-0.004028130948254908
2023-09-15,46122.1484375,46310.3984375,46028.75,46231.5,278400,0.0,0.0,^NSEBANK,0.0050140036470112115,0.0050014753910877,0.27194023787492183,44781.392578125,44937.758203125,44415.792109375,43047.90556640625,45074.304618457485,44755.13842251513,44781.392578125,46182.610216426,43380.174939824,0.06258035124104085,71.81755872547052,344.92760303165414,130.9213860963949,214.00621693525923,474.78208705357144,8.843354594195006,9.280487571966113,0.0
2023-09-18,46100.94921875,46252.94921875,45906.8984375,45979.8515625,348800,0.0,0.0,^NSEBANK,-0.0054432245871322005,-0.0054580929130551405,0.2650167814987583,44880.28515625,44958.855234375,44447.291640625,43062.540078125,45160.54718455677,44803.166388789046,44880.28515625,46328.29343902554,43432.27687347446,0.06452758834906337,66.06367027354571,371.43034807869117,179.02317849285419,192.40716958583698,482.12862723214283,8.797610563720783,9.327085020230951,-0.00544322458713215
2023-09-20,45493.69921875,45745.1484375,45276.3984375,45384.6015625,334000,0.0,0.0,^NSEBANK,-0.0129458878132932,-0.013030416140942079,0.24864001616354203,44949.852734375,44969.330234375,44471.129140625,43073.31060546875,45181.88569674185,44825.967768150265,44949.852734375,46351.36835374471,43548.3371150053,0.062359075018633255,54.866079801221,340.47745205480896,211.31403320524515,129.1634188495638,487.3861607142857,9.653208262231686,9.53034484347123,-0.0183186450255778
2023-09-21,45179.6015625,45276.80078125,44592.44921875,44623.8515625,257700,0.0,0.0,^NSEBANK,-0.01676229324063483,-0.016904370408570107,0.22770994606061778,44957.0927734375,44966.90625,44485.028671875,43080.129140625,45128.73958871882,44818.04164243849,44957.0927734375,46349.83656825684,43564.34897861816,0.061958801554989805,44.48770937762403,251.6599129813476,219.38320916046564,32.27670382088195,507.92578125,10.827246152732787,9.900104585290324,-0.03477387576652283
2023-09-22,44707.3515625,44996.75,44548.8984375,44612.05078125,249400,0.0,0.0,^NSEBANK,-0.00026445008301156925,-0.0002644850561006651,0.22738527806346798,44962.8853515625,44966.35828125,44497.6281640625,43087.67314453125,45079.53113086464,44809.96356945071,44962.8853515625,46348.50340472453,43577.267298400475,0.061633858340182125,44.34757374337718,178.26422986987745,211.159413302348,-32.89518343247056,487.21512276785717,10.816219749905347,9.877496843394542,-0.03502912989520132
2023-09-25,44615.0,44936.55078125,44400.8984375,44766.1015625,266500,0.0,0.0,^NSEBANK,0.0034531203688745737,0.003447172038334627,0.23162358716760578,44989.61796875,44968.379296875,44512.1621875,43094.84142578125,45049.68069578229,44808.24349074676,44989.61796875,46335.89040428612,43643.34553321388,0.05984813814028151,46.707572999038305,131.017939556099,195.13111855309825,-64.11317899699924,500.82589285714283,10.633013934093942,9.857680713570721,-0.03169696932827185
2023-09-26,44722.5,44773.80078125,44532.44921875,44624.19921875,188500,0.0,0.0,^NSEBANK,-0.0031698615424862187,-0.0031748961958367318,0.22771951092382436,44996.0955078125,44964.477265625,44521.5496875,43102.27216796875,45009.15865035064,44801.02606831552,44996.0955078125,46333.55829363931,43658.63272198568,0.05944794857120861,44.8220583678074,81.18868821845535,172.3426324861697,-91.15394426771434,498.99386160714283,10.420278323157964,9.87325727501583,-0.03476635586667099
2023-09-27,44465.8984375,44668.0,44182.5,44588.30078125,221900,0.0,0.0,^NSEBANK,-0.0008044612145088337,-0.0008047849670742244,0.22673185819499042,45000.748046875,44947.24828125,44540.820703125,43109.72267578125,44969.07694853153,44792.683900195305,45000.748046875,46331.505586214065,43669.990507535935,0.05914379636324634,44.33446838850082,38.35975625057472,145.5460572390507,-107.18630098847598,507.26171875,10.392944014324552,9.842244866211942,-0.03554284889631528
2023-09-28,44700.3515625,44756.80078125,44248.19921875,44300.94921875,389900,0.0,0.0,^NSEBANK,-0.006444550643670999,-0.00646540641249693,0.2188261226086481,45004.1654296875,44925.050234375,44550.9901953125,43113.245703125,44905.44573617139,44773.40018719745,45004.1654296875,46326.94440583014,43681.38645354486,0.05878473530230397,40.53345580338956,-18.555454764151364,112.72575483841028,-131.28120960256166,502.56529017857144,10.52978887324794,9.898481111074595,-0.041758341850253615
2023-09-29,44445.3515625,44755.05078125,44344.8984375,44584.55078125,156000,0.0,0.0,^NSEBANK,0.0064017039702608525,0.006381300096807636,0.22662868663680946,45033.935546875,44903.355234375,44564.85421875,43118.00375,44874.88431189316,44765.99432814069,45033.935546875,46285.408515222836,43782.462578527164,0.055579107317644975,45.49978766001865,-40.312199664418586,82.11816393784451,-122.4303636022631,494.20089285714283,10.665219211103361,9.951302979918326,-0.03562396242280696
2023-10-03,44561.5,44566.30078125,44243.1015625,44399.05078125,192600,0.0,0.0,^NSEBANK,-0.004160634048106404,-0.004169313569187289,0.2215251335588042,45032.0830078125,44867.59828125,44575.53421875,43121.45779296875,44829.56683278429,44751.60438512537,45032.0830078125,46287.38597896956,43776.78003665544,0.055751494814898266,42.97184612604685,-71.69640493198676,51.35525016387825,-123.05165509586502,484.31863839285717,10.744960554695252,9.918389926283437,-0.03963637819992862
2023-10-04,44108.1484375,44161.3515625,43857.5,43964.05078125,310300,0.0,0.0,^NSEBANK,-0.009797506756241359,-0.009845818138615875,0.20955723280984317,45001.3705078125,44825.3753125,44580.42171875,43121.5478515625,44747.136732638166,44720.719930071435,45001.3705078125,46331.260945273374,43671.48007035162,0.059104441596062006,37.6843644305073,-130.16897139595676,15.05040585191125,-145.219377247868,482.197265625,11.102334826646352,10.058535097701983,-0.04904554727296324
2023-10-05,44181.3515625,44391.8515625,44108.30078125,44213.3515625,243400,0.0,0.0,^NSEBANK,0.005670559851057355,0.005654542748643619,0.21641609949177076,44985.4306640625,44791.181328125,44584.6197265625,43122.37166015625,44696.300049767866,44700.823131343146,44985.4306640625,46346.282848221155,43624.578479903845,0.06050190757630332,42.082736501613276,-154.6101623275972,-18.881707783990443,-135.72845454360677,463.3900669642857,11.223100387574704,10.020604772074849,-0.04365310313314515
2023-10-06,44395.3984375,44500.69921875,44242.94921875,44360.6015625,157500,0.0,0.0,^NSEBANK,0.003330441932045014,0.0033249082932183165,0.22046730267633285,44983.0056640625,44761.493359375,44587.5047265625,43126.68619140625,44664.32876526617,44687.48110903557,44983.0056640625,46348.34751284817,43617.66381527682,0.060704785224099216,44.57128491693372,-160.25086562358047,-47.15553935190845,-113.09532627167201,458.7435825892857,10.789292907486828,9.973658807848699,-0.04046804532623861
2023-10-09,44057.80078125,44113.19921875,43796.75,43886.5,162300,0.0,0.0,^NSEBANK,-0.01068744664862209,-0.010744967608450853,0.2074236234925919,44933.4130859375,44717.976328125,44587.332734375,43130.0237109375,44590.249835240815,44656.07008515183,44933.4130859375,46384.143279102434,43482.682892772566,0.06457244591637573,38.791920170526836,-200.6640670307097,-77.85724488766871,-122.80682214304099,476.908203125,11.217764507200265,10.121838185897216,-0.050722991899462486
2023-10-10,44027.55078125,44487.25,44004.55078125,44360.1484375,175300,0.0,0.0,^NSEBANK,0.010792577159263184,0.010734752974331987,0.22045483611305294,44893.6005859375,44691.59328125,44593.9472265625,43134.75822265625,44568.33541640836,44644.465314655674,44893.6005859375,46362.15842706303,43425.04274481197,0.06542392777404174,46.28544783759937,-192.25614073110773,-100.73702405635652,-91.51911667475122,495.1010044642857,11.547259200830329,10.217993921214443,-0.04047784654402301
2023-10-11,44554.8984375,44710.55078125,44411.3984375,44516.8984375,213700,0.0,0.0,^NSEBANK,0.0035335769946949203,0.0035273485795833917,0.2247674072450061,44840.910546875,44672.56921875,44601.593203125,43140.547734375,44563.43665651232,44639.46269202212,44840.910546875,46282.55159105284,43399.269502697156,0.06430025735854786,48.53117968461023,-170.97350741111586,-114.7843207273084,-56.18918668380746,469.88309151785717,11.462192323921625,10.14943110404319,-0.037087301136670886
2023-10-12,44571.55078125,44693.05078125,44530.05078125,44599.19921875,112100,0.0,0.0,^NSEBANK,0.0018487537123805797,0.0018470468705989987,0.227031700535953,44795.3029296875,44651.531171875,44607.8912109375,43150.45646484375,44566.84261482068,44637.883732285954,44795.3029296875,46204.99826011795,43385.607599257055,0.06293942615560216,49.719802347652994,-145.7853590702507,-120.98452839589686,-24.800830674353847,425.88309151785717,11.474132492190776,10.139161921334123,-0.035307112709948844
2023-10-13,44322.05078125,44563.05078125,44203.69921875,44287.94921875,169900,0.0,0.0,^NSEBANK,-0.006978824854531163,-0.007003290747943073,0.21846846120695496,44714.2279296875,44625.44015625,44611.9196875,43159.85466796875,44540.281339004425,44624.160810186506,44714.2279296875,46038.01970168172,43390.43615769328,0.05921121009070598,45.44536033942848,-149.21874303031655,-126.63137132278081,-22.587371707535738,422.14369419642856,11.527188087930721,10.191416236174279,-0.0420395354087581
2023-10-16,44204.75,44356.94921875,44044.3984375,44225.8984375,140400,0.0,0.0,^NSEBANK,-0.001401075966365406,-0.0014020583910387882,0.21676129433018376,44625.4802734375,44610.044140625,44614.6341796875,43172.646328125,44510.34011028972,44608.54267792429,44625.4802734375,45817.52049747882,43433.44004939617,0.05342419697165094,44.62175480111901,-155.1581375941314,-132.33672457705092,-22.821413017080488,406.20786830357144,11.415672412452162,10.191721842550516,-0.04338171079242508
2023-10-17,44589.80078125,44589.8515625,44336.94921875,44409.5,120500,0.0,0.0,^NSEBANK,0.004151449014867747,0.004142855525817454,0.22181261680685993,44534.3802734375,44607.96515625,44621.9506640625,43181.54556640625,44500.736290262124,44600.73708271158,44534.3802734375,45457.86605210276,43610.894494772234,0.04147293722266422,47.645186264301636,-143.39704700915172,-134.54878906347108,-8.848257945680643,414.96512276785717,11.088405841670928,10.2067108296413,-0.03941035873808983
2023-10-18,44404.19921875,44412.5,43861.44921875,43888.69921875,217200,0.0,0.0,^NSEBANK,-0.01172723811909615,-0.011796544557655627,0.20748412931264992,44429.82265625,44588.149140625,44624.023671875,43186.6940625,44442.44704535621,44572.81402922289,44429.82265625,45104.13232925689,43755.512983243105,0.03035392142903536,40.83480585610119,-174.09372443392203,-142.45777613756127,-31.635948296360766,419.64732142857144,11.548927016276703,10.341447752755617,-0.05067542219590539
2023-10-19,43616.75,44058.80078125,43558.1015625,43754.5,156600,0.0,0.0,^NSEBANK,-0.0030577169325781695,-0.0030624013004157766,0.20379198464463122,44348.317578125,44566.489140625,44621.388671875,43191.330546875,44376.92827913181,44540.72328297886,44348.317578125,44923.48632531731,43773.148830932696,0.02593869524719068,39.27686073801157,-206.86520454524725,-155.33926181909845,-51.5259427261488,419.08286830357144,11.572017177574534,10.354035204345001,-0.053578188031969544
2023-10-20,43584.25,43877.5,43567.44921875,43723.05078125,152400,0.0,0.0,^NSEBANK,-0.0007187653555634776,-0.0007190237912254774,0.20292674067076355,44303.2775390625,44541.661171875,44615.5001953125,43193.6865625,44314.6542317145,44508.65769467577,44303.2775390625,44926.65681115445,43679.89826697056,0.028141451681190262,38.902283561414514,-232.69219695959328,-170.80984884719743,-61.882348112395846,408.7935267857143,11.553370346827512,10.353353378477728,-0.05425844324216173
2023-10-23,43822.69921875,43831.30078125,43029.44921875,43151.19921875,201400,0.0,0.0,^NSEBANK,-0.013078949256332129,-0.013165231862780173,0.18719372287044567,44230.2349609375,44507.071171875,44602.648671875,43194.5128125,44203.84899238455,44455.42402895319,44230.2349609375,45021.116858010726,43439.35306386428,0.03576204819041554,32.780496676709305,-295.89304560946766,-195.8264881996515,-100.06655740981617,441.67940848214283,11.618801313886882,10.566518282970238,-0.06662774907260201
2023-10-25,43308.30078125,43397.44921875,42758.3984375,42832.0,188300,0.0,0.0,^NSEBANK,-0.007397227065042977,-0.007424722225045077,0.17841178133217928,44133.5298828125,44472.87515625,44589.6871875,43192.6573046875,44073.19670739554,44391.76034154326,44133.5298828125,45101.64991456431,43165.40985106069,0.043872313604755936,29.947614353916606,-367.5005650433013,-230.16130356838147,-137.33926147491985,448.64369419642856,11.52622000945686,10.630345557247558,-0.07353211554892228
2023-10-26,42708.3984375,42716.19921875,42105.3984375,42280.1484375,307100,0.0,0.0,^NSEBANK,-0.012884095127474793,-0.012967814961403716,0.16322901184215843,44016.32734375,44434.49609375,44574.5866796875,43186.931796875,43902.43020550072,44308.95203158078,44016.32734375,45262.07848572874,42770.57620177126,0.056604047504914254,25.796876797496466,-463.43762867330224,-276.8165685893656,-186.62106008393664,469.98660714285717,11.484995906595168,10.647048879164513,-0.08546881590474027
2023-10-27,42555.6015625,42840.1484375,42482.75,42782.0,213900,0.0,0.0,^NSEBANK,0.011869673618621679,0.011799781563020518,0.17703616055643656,43926.0123046875,44408.317109375,44563.0281640625,43186.04779296875,43795.7225668816,44249.071559754084,43926.0123046875,45256.21053403669,42595.81407533831,0.060565398931386225,34.665268030055344,-493.2869113899869,-320.1106371494899,-173.17627424049704,489.46177455357144,12.212768308049316,10.662422968776234,-0.07461362923547797
2023-10-30,42721.3984375,43112.5,42390.5,43039.1484375,189000,0.0,0.0,^NSEBANK,0.006010668914496753,0.0059926769041118025,0.18411093521793176,43862.922265625,44390.172109375,44552.4031640625,43188.2000390625,43723.66788789288,44201.62359417549,43862.922265625,45237.206583354404,42488.63794789559,0.06266268851888239,38.707517939450305,-490.53833261942054,-354.19617624347603,-136.3421563759445,500.75809151785717,12.027255271977793,10.653603770126214,-0.0690514381428247
2023-10-31,43356.8515625,43356.8515625,42797.1484375,42845.94921875,157400,0.0,0.0,^NSEBANK,-0.004488918246850493,-0.004499023693386043,0.17879555803453684,43775.9921875,44369.2640625,44539.2171484375,43191.48578125,43640.0756336888,44148.45989317841,43775.9921875,45177.75590939853,42374.22846560147,0.06404257913308012,36.86221920840025,-498.20661077501427,-382.99826314978367,-115.2083476252306,497.826171875,11.981245094003032,10.664632603660746,-0.07323039012902459
2023-11-01,42694.25,42815.1484375,42589.6484375,42700.94921875,145200,0.0,0.0,^NSEBANK,-0.0033842172397605674,-0.0033899566555351656,0.17480625778488323,43691.087109375,44346.26203125,44523.4736328125,43192.07677734375,43550.63502274225,44091.69476869102,43691.087109375,45138.90290201477,42243.271316735234,0.06627510956709998,35.49455217037321,-510.1039043638739,-408.4193913926017,-101.68451297127217,491.10463169642856,11.77897665540067,10.670309183062123,-0.07636677982003612
2023-11-02,43018.69921875,43271.5,42796.44921875,43017.19921875,144700,0.0,0.0,^NSEBANK,0.00740615854649751,0.007378867618745069,0.1835070591914556,43643.74453125,44326.566015625,44513.693125,43197.0890234375,43499.83161283823,44049.557688301174,43643.74453125,45115.69987479663,42171.78918770337,0.06745321050500941,40.665316544024286,-488.3840756444479,-424.412328242971,-63.971747401476875,519.2759486607143,12.095609045130882,10.73645441062656,-0.0695262057525713
2023-11-03,43318.30078125,43416.1015625,43221.0,43318.25,124100,0.0,0.0,^NSEBANK,0.006998381733759551,0.006974006718013384,0.1917896933762766,43598.989453125,44313.066015625,44506.985625,43202.51677734375,43482.53812590126,44020.87895542662,43598.989453125,45052.336494890704,42145.6424113593,0.06666884072293702,45.17101829816741,-441.7860383925363,-427.8870702728841,-13.898968119652181,519.5189732142857,11.934541317477825,10.7963290774003,-0.06301439494716805
2023-11-06,43627.75,43648.69921875,43415.19921875,43619.3984375,149900,0.0,0.0,^NSEBANK,0.006951999157398969,0.0069279454279152055,0.2000750143204253,43561.929296875,44295.87296875,44503.7376171875,43210.20251953125,43495.57244129161,44005.13462139029,43561.929296875,44970.618731174945,42153.23986257506,0.06467525461049765,49.317126041430576,-376.2197687405569,-417.55360996641866,41.33384122586176,520.7974330357143,11.263758870165725,10.859612406855314,-0.05650047181034576
2023-11-07,43598.8515625,43799.3515625,43283.8515625,43737.8984375,198200,0.0,0.0,^NSEBANK,0.0027166812070962276,0.002712997698476701,0.2033352355589353,43554.49921875,44280.706953125,44500.3180859375,43217.03576171875,43518.65110759717,43994.65477104165,43554.49921875,44957.536751118954,42151.46168638105,0.06442675533116682,50.89080324586398,-311.1097880304151,-396.264845579218,85.15505754880292,531.6222098214286,11.30761586354714,10.709577879951196,-0.053937284373208744
2023-11-08,43791.80078125,43797.55078125,43547.75,43658.6484375,163400,0.0,0.0,^NSEBANK,-0.0018119297641436827,-0.0018135732944865352,0.20115487662938314,43519.42421875,44269.2509375,44497.0245703125,43224.49125,43531.98418663554,43981.478052079234,43519.42421875,44871.818920592435,42167.02951690756,0.06215131409113489,49.77765136119911,-262.8742215135935,-369.5867207660931,106.71249925249958,510.10435267857144,11.24500330239628,10.683088344103208,-0.05565148356639953
2023-11-09,43626.1015625,43876.75,43542.6484375,43683.6015625,108900,0.0,0.0,^NSEBANK,0.0005715505608407945,0.0005713872880284785,0.2018413973727773,43477.759375,44253.03,44499.4245703125,43231.73400390625,43546.423936717874,43969.79662111534,43477.759375,44749.71555510422,42205.80319489578,0.05851065916867855,50.14740566594954,-220.0965429432763,-339.6886852015298,119.59214225825349,498.2045200892857,11.229057058663367,10.559472918372036,-0.055111740642202825
2023-11-10,43543.25,43908.69921875,43504.94921875,43820.1015625,90000,0.0,0.0,^NSEBANK,0.003124742354512655,0.0031198704933572217,0.20559684209055473,43438.8044921875,44239.52703125,44498.2441015625,43238.54451171875,43572.48847250665,43963.92622665984,43438.8044921875,44609.86929616484,42267.73968821015,0.053917911308445934,52.21972764818763,-173.18415610962256,-306.38777938314837,133.2036232735258,504.89732142857144,11.283059562853612,10.454543459717419,-0.05215920827790576
2023-11-13,43915.1015625,43970.75,43681.3984375,43891.25,169600,0.0,0.0,^NSEBANK,0.0016236483933869117,0.0016223317013714822,0.20755430746628734,43418.96953125,44232.7,44500.8191015625,43246.35650390625,43602.8467132203,43961.07617855553,43418.96953125,44541.92684301088,42296.012219489116,0.05172657591298448,53.309204830736604,-128.78016963186383,-270.8662574328915,142.08608780102765,468.29017857142856,11.15870565437384,10.443112428499226,-0.05062024809923969
2023-11-15,44398.44921875,44408.55078125,44164.55078125,44201.69921875,202500,0.0,0.0,^NSEBANK,0.00707314598581732,0.007048248621603333,0.2160955153687989,43417.7595703125,44236.951015625,44505.17109375,43254.83099609375,43659.88028517551,43970.512376210216,43417.7595703125,44537.102381544486,42298.41675908051,0.051561518710760715,57.82782095281678,-67.75796141273895,-230.24459822886098,162.48663681612203,459.59375,11.195309386633772,10.503625946300664,-0.043905146518066686
2023-11-16,44251.69921875,44420.94921875,44064.1484375,44161.55078125,144300,0.0,0.0,^NSEBANK,-0.000908300771454762,-0.0009087135265565869,0.21499093487402665,43405.362109375,44231.46,44508.194609375,43261.5325,43707.65842765879,43978.00407836864,43405.362109375,44483.17782527615,42327.54639347384,0.049662791117153667,57.058762612079306,-22.379092877388757,-188.67149715856655,166.2924042811778,433.17940848214283,11.136453809563916,10.477994127028673,-0.04477356821106821
2023-11-17,43656.25,43872.8515625,43513.8515625,43583.94921875,227400,0.0,0.0,^NSEBANK,-0.013079286218029229,-0.013165573290044663,0.19909972068449844,43390.124609375,44211.57296875,44506.7855859375,43265.785,43695.8765982389,43962.55094661889,43390.124609375,44447.59396929619,42332.65524945381,0.04874239792769388,47.310552646310214,-32.647293821166386,-157.46665649108652,124.81936266992014,439.44363839285717,11.420373632822795,10.592257971808223,-0.0572672481154624
2023-11-20,43591.5,43724.0,43450.05078125,43584.94921875,124300,0.0,0.0,^NSEBANK,2.294422643944749e-05,2.2943963224710202e-05,0.19912723310001335,43381.6470703125,44192.628984375,44506.40609375,43275.47150390625,43685.312085906626,43947.74303572207,43381.6470703125,44429.49164535028,42333.80249527472,0.04830819693588141,47.32733080031737,-40.24035958827881,-134.021397110525,93.78103752224618,407.4400111607143,11.281797962248797,10.590722411775216,-0.05724561784173129
2023-11-21,43790.94921875,43790.94921875,43586.44921875,43689.1484375,108200,0.0,0.0,^NSEBANK,0.0023907156166922405,0.0023878624026896504,0.2019940053025866,43379.951953125,44178.229921875,44506.8870703125,43292.1907421875,43685.67745272504,43937.602071085916,43379.951953125,44425.57841680535,42334.32548944464,0.04820782027652886,49.14454945114219,-37.41857475238794,-114.70083263889758,77.28225788650964,382.17550223214283,11.257677734405133,10.593056134525732,-0.054991760217600556
2023-11-22,43663.6015625,43692.5,43230.94921875,43449.6015625,150900,0.0,0.0,^NSEBANK,-0.005482983385283524,-0.005498070110800117,0.19540349214230202,43394.8720703125,44149.654921875,44500.1680859375,43307.50150390625,43663.194034608365,43918.46479623941,43394.8720703125,44435.25771632332,42354.48642430168,0.04794970448697671,45.27721038535636,-53.89050458464044,-102.53876702804615,48.64826244340571,396.83621651785717,10.944472230352009,10.623571110333652,-0.060173224695283516
2023-11-23,43452.75,43649.6484375,43451.3515625,43577.5,72300,0.0,0.0,^NSEBANK,0.0029436043807220535,0.0029392804605423597,0.19892228709850257,43432.1470703125,44118.076953125,44492.665078125,43322.11375,43655.032697979,43905.09362775943,43432.1470703125,44440.548657994135,42423.74548263087,0.04643572356895587,47.6461027135732,-55.97900155196112,-93.22681393282916,37.24781238086804,370.3716517857143,10.479066134345523,10.636344795904634,-0.05740674648237674
2023-11-24,43607.3515625,43806.5,43566.1484375,43769.1015625,96800,0.0,0.0,^NSEBANK,0.004396800240950016,0.004387162554432283,0.20419370889929755,43506.5947265625,44082.045,44482.882578125,43338.3942578125,43665.89639936195,43899.76060559239,43506.5947265625,44365.69324784918,42647.49620527582,0.03949279536521236,51.06374286657387,-41.69289588189713,-82.92003032264276,41.22713444074563,359.04659598214283,10.511391776154115,10.646815063026729,-0.053262352238192576
2023-11-28,43851.55078125,43960.30078125,43739.80078125,43880.94921875,151200,0.0,0.0,^NSEBANK,0.002555402150311137,0.002552142661924442,0.20727090809241,43561.5421875,44049.436953125,44470.1110546875,43354.4525,43686.37762025605,43899.02290414759,43561.5421875,44364.229526230905,42758.8548487691,0.036853026703046056,52.992838974197966,-21.10262517593219,-70.55654929330065,49.45392411736846,351.19308035714283,10.527348700349478,10.379701359797625,-0.05084305681732152
2023-11-29,44081.75,44630.3515625,44003.44921875,44566.44921875,152300,0.0,0.0,^NSEBANK,0.015621813388373429,0.015501048944210703,0.22613066892784173,43637.9072265625,44022.576953125,44462.7610546875,43369.78625,43770.19396296976,43925.19648511239,43637.9072265625,44518.19050697805,42757.62394614695,0.04034488986124968,62.69831462692202,49.95359973816085,-46.45451948700835,96.4081192251692,367.900390625,11.329655020825406,10.71850430130282,-0.03601550417464283
2023-11-30,44711.19921875,44764.80078125,44254.6015625,44481.75,343200,0.0,0.0,^NSEBANK,-0.0019005153032107813,-0.0019023235738802606,0.2238003888278084,43719.697265625,43992.194921875,44456.060546875,43385.3217578125,43837.96120459169,43947.0221131472,43719.697265625,44594.11129929175,42845.28323195825,0.04000091896126937,61.02184847504222,98.29852659691824,-17.50391027022303,115.80243686714127,386.50027901785717,11.336839339094757,10.675831085791824,-0.03784757146101684
2023-12-01,44580.1484375,44951.1015625,44531.75,44814.19921875,204900,0.0,0.0,^NSEBANK,0.0074738340724005425,0.007446043357425682,0.2329468698716468,43825.359765625,43963.84890625,44450.8035546875,43401.9380078125,43930.93625355914,43981.029058464956,43825.359765625,44692.13178082139,42958.5877504286,0.039555728456392915,64.9799446798715,161.57556051363645,18.311983886548866,143.2635766270876,396.16099330357144,11.477061211885484,10.57611336514758,-0.03065660385775932
2023-12-04,45671.5,46484.44921875,45484.19921875,46431.3984375,311200,0.0,0.0,^NSEBANK,0.03608675926252802,0.035450884792819264,0.2774399267481924,43996.0697265625,43972.87984375,44465.8675390625,43426.4067578125,44169.07550917256,44077.12197528986,43996.0697265625,45382.023433890965,42610.11601923403,0.06300352353936292,77.14052403604757,338.31761239410844,82.31310958806078,256.00450280604764,486.62527901785717,14.952869467114965,12.19745402103331,0.0
2023-12-05,46895.8984375,47230.55078125,46653.6484375,47012.25,326100,0.0,0.0,^NSEBANK,0.01250988731864,0.01243228520385516,0.293420556288144,44180.7697265625,44005.4328125,44487.3815234375,43453.69650390625,44439.85403210851,44192.22503508242,44180.7697265625,46077.0121902247,42284.52726290031,0.08584017324270969,79.84732576641974,519.2709957774423,169.70468682593707,349.5663089515052,523.0396205357143,15.181376519544651,12.357952515978473,0.0
2023-12-06,47256.75,47259.8515625,46750.19921875,46834.55078125,244200,0.0,0.0,^NSEBANK,-0.003779849268009894,-0.003787010950670952,0.2885316215452294,44341.52734375,44049.646796875,44508.2765234375,43480.072265625,44667.92038916961,44295.845652579184,44341.52734375,46555.8491226339,42127.2055648661,0.0998757558222006,76.8493015286205,640.950535157237,263.9538564921971,376.99667866503995,522.4933035714286,15.262436747625088,12.372331101192666,-0.0037798492680099337
2023-12-07,46735.3984375,46927.69921875,46507.1484375,46841.3984375,208100,0.0,0.0,^NSEBANK,0.00014620949994759158,0.00014619881238039066,0.2887200171092821,44496.70234375,44094.23375,44530.296015625,43507.86826171875,44874.91829853441,44395.67125198785,44496.70234375,46954.502022259825,42038.90266524018,0.11047109331934771,76.88531821870156,729.5254797834932,357.0681811504563,372.4572986330369,527.046875,14.567020850384443,12.349155220772737,-0.0036341924179336235
2023-12-08,46797.19921875,47303.6484375,46793.8984375,47262.0,218300,0.0,0.0,^NSEBANK,0.008979269973359294,0.00893919603986232,0.30029178206297846,44676.869921875,44144.15171875,44556.2655078125,43535.93650390625,45102.2594129597,44508.076300929504,44676.869921875,47390.928104442835,41962.81173930716,0.12149723950284898,79.04207691044117,824.1603846355865,450.4866218474824,373.6737627881041,517.193359375,14.34442570819845,12.34992607301391,0.0
2023-12-11,47233.30078125,47588.0,47186.6015625,47314.25,182500,0.0,0.0,^NSEBANK,0.0011055393339258757,0.0011049286753463932,0.30172930577362966,44858.40234375,44197.952734375,44581.215,43563.8525,45312.92518315401,44618.122328344034,44858.40234375,47771.13816663633,41945.66652086367,0.12986355602083335,79.3004660771177,893.0804908913778,539.0053956562615,354.07509523511635,526.296875,13.52008377816045,12.321006548587023,0.0
2023-12-12,47421.69921875,47454.0,47004.05078125,47097.55078125,182000,0.0,0.0,^NSEBANK,-0.004579999022493175,-0.004590519352373194,0.29576738682563564,45022.2748046875,44248.137734375,44597.6930078125,43591.18349609375,45482.889525829814,44715.35481669329,45022.2748046875,48055.34779632608,41989.201813048916,0.1347365500653376,75.16163219439781,919.6136223209469,615.1270409891986,304.4865813317483,543.7218191964286,13.50659164770343,12.334875915071915,-0.004579999022493224
2023-12-13,47190.75,47201.94921875,46886.8984375,47092.25,202300,0.0,0.0,^NSEBANK,-0.00011254897891865845,-0.00011255531303025591,0.2956215495293324,45182.3248046875,44303.96375,44614.5069921875,43620.98599609375,45636.16195194126,44808.56639250924,45182.3248046875,48300.7264219225,42063.9231874525,0.13803635075065812,75.0584347411894,929.498906591165,678.0014141095919,251.4974924815731,533.2575334821429,13.514153748782261,12.331969514717148,-0.004692032527198466
2023-12-14,47567.6484375,47943.6015625,47510.8515625,47732.30078125,193100,0.0,0.0,^NSEBANK,0.01359142494253307,0.013499889987558984,0.31323089257368864,45358.8548828125,44366.91875,44635.1369921875,43656.13900390625,45835.794221399236,44923.222643048095,45358.8548828125,48639.051591993215,42078.65817363178,0.1446331358080055,78.83686944248326,977.7093892776174,737.9430091431971,239.7663801344204,579.779296875,13.654203643410193,12.314384696048512,0.0
2023-12-15,47939.8984375,48219.94921875,47632.8515625,48143.55078125,313900,0.0,0.0,^NSEBANK,0.00861575899902034,0.00857885516565085,0.3245453734541719,45557.9548828125,44441.80875,44654.703515625,43693.48875,46055.580560432645,45049.5100210168,45557.9548828125,49010.99953711934,42104.91022850565,0.1515890984654171,80.84480996068541,1037.1454154362,797.7834904017976,239.36192503440236,604.546875,13.560257920942002,12.232127999243108,0.0
2023-12-18,48068.5,48076.6015625,47806.69921875,47867.69921875,157300,0.0,0.0,^NSEBANK,-0.0057297718598569025,-0.005746249976686683,0.31695603064625044,45772.1423828125,44519.88171875,44672.628515625,43732.84775390625,46228.163289796204,45160.02724445732,45772.1423828125,49241.02366492321,42303.261100701784,0.1515717247009737,75.65934470769889,1049.8875287748524,848.2042980764086,201.68323069844382,612.8577008928571,13.809206024330129,12.218436693308643,-0.005729771859856943
2023-12-19,47940.3984375,48017.0,47646.05078125,47870.8984375,189800,0.0,0.0,^NSEBANK,6.683460459178114e-05,6.683237125910439e-05,0.31704404888182336,45986.43984375,44593.03265625,44692.1069921875,43772.1944921875,46384.61425624418,45266.33591869429,45986.43984375,49415.72233474386,42557.157352756134,0.1491432040682287,75.67882848898967,1048.1613440968795,888.1957072805028,159.96563681637667,585.8253348214286,13.80727348796626,12.215681348645074,-0.005663320202301888
2023-12-20,48085.3515625,48166.1484375,47202.6484375,47445.30078125,242500,0.0,0.0,^NSEBANK,-0.00889052994912265,-0.00893028652393494,0.3053348293209257,46174.2474609375,44654.726640625,44708.11,43809.87400390625,46485.63202053045,45351.78552114745,46174.2474609375,49483.09336635962,42865.401555515375,0.14331997108220734,67.89298196725946,1000.9132513965087,910.7392161037039,90.17403529280477,618.2039620535714,14.208056049569299,12.316372447181953,-0.014503500233554453
2023-12-21,47172.44921875,47932.3984375,46919.69921875,47840.1484375,208000,0.0,0.0,^NSEBANK,0.008322165730816566,0.008287727445082323,0.3161980421047417,46393.7748046875,44733.799609375,44725.88796875,43847.53923828125,46614.63358405136,45449.36838061226,46393.7748046875,49518.9822174741,43268.5673919009,0.13472529131088673,70.88561883274893,983.986914863206,925.3887558556045,58.598159007601566,657.0145089285714,14.296277441001068,12.37585735379818,-0.00630203503535853
2023-12-22,47837.75,48071.3984375,47415.8515625,47491.8515625,165800,0.0,0.0,^NSEBANK,-0.007280430483091571,-0.007307062155857616,0.30661555375721683,46589.4923828125,44796.433671875,44744.0134765625,43883.6532421875,46698.17815342742,45529.46576029413,46589.4923828125,49451.25988612177,43727.724879503236,0.12285034057872725,65.119668129465,931.7276478942294,926.6565342633295,5.0711136308999585,584.5357142857143,14.542995054235593,12.370805119637932,-0.013536583990473153
2023-12-26,47576.3984375,47838.44921875,47411.6484375,47724.8515625,118700,0.0,0.0,^NSEBANK,0.004906104780803666,0.004894109067561939,0.31302594657217764,46787.2798828125,44860.592734375,44766.5809765625,43918.7867578125,46795.9565733391,45615.559321164954,46787.2798828125,49360.55042471697,44214.00934090804,0.10999872394162272,67.05053438137935,898.7526934553534,921.0757661017343,-22.323072646380865,557.9391741071429,14.53826304589565,12.3070047874958,-0.008696891109100883
2023-12-27,47818.5,48347.6484375,47806.69921875,48282.19921875,184900,0.0,0.0,^NSEBANK,0.011678352849774809,0.011610687193216155,0.3283599268771571,47007.3423828125,44934.252734375,44792.891953125,43958.24875,46937.50349194966,45720.13343479574,47007.3423828125,49267.88036734408,44746.804398280925,0.09617808069737237,71.162787202986,907.1362009496224,918.287853071312,-11.151652121689608,566.0209263392857,14.754715275185026,12.425202295251498,0.0
2023-12-28,48479.05078125,48636.44921875,48343.1484375,48508.55078125,391100,0.0,0.0,^NSEBANK,0.004688095533396774,0.0046771406385845435,0.3345874051170932,47204.4474609375,45018.664765625,44822.0524609375,43994.53474609375,47087.12704331159,45829.48313465669,47204.4474609375,49245.67056606948,45163.22435580553,0.08648435539134838,72.65539298282216,921.423276468493,918.9149377507483,2.508338717744664,561.28515625,14.75157338414553,12.418318434965606,0.0
2023-12-29,48374.8515625,48477.69921875,48091.8515625,48292.25,174000,0.0,0.0,^NSEBANK,-0.004459023775527982,-0.004468994873993824,0.32863644814715576,47394.9724609375,45099.991796875,44855.01796875,44029.24400390625,47201.9006582343,45926.062227415256,47394.9724609375,49038.81572860322,45751.12919327177,0.06936783301311401,68.98104020859078,904.8615408183978,916.1042583642783,-11.24271754588051,554.638671875,14.878855615020687,12.447280711494905,-0.004459023775527977
2024-01-01,48203.44921875,48450.0,48044.1484375,48234.30078125,146900,0.0,0.0,^NSEBANK,-0.0011999693273765377,-0.0012006898670445375,0.3270421251621447,47565.9775390625,45176.4878125,44892.226484375,44062.53,47300.22447947389,46016.581386389174,47565.9775390625,48717.157714990346,46414.797363134654,0.04840351173199226,67.98900775931803,876.9512798723808,908.2736626658989,-31.322382793518045,554.9567522321429,14.88574587193407,12.448658752424913,-0.005653642411143847
2024-01-02,48194.80078125,48223.55078125,47689.80078125,47761.6484375,183200,0.0,0.0,^NSEBANK,-0.00979909185153427,-0.009847418918832469,0.31403831748682554,47632.4900390625,45253.946796875,44921.04796875,44095.0544921875,47344.169618333515,46085.01538839353,47632.4900390625,48654.07952789603,46610.900550228966,0.042894649765139105,60.36380088512569,807.3860590614349,888.0961419450061,-80.7100828835712,561.7103794642857,14.605831596786633,12.574344659941433,-0.01539733370139559
2024-01-03,47796.30078125,47798.75,47481.3515625,47704.94921875,233300,0.0,0.0,^NSEBANK,-0.001187128598046483,-0.0011878337933608964,0.31247838502120806,47667.125,45332.95578125,44949.7224609375,44131.1519921875,47378.529580277944,46148.542205270256,47667.125,48646.262661826535,46687.987338173465,0.041082304075462275,59.50169187359002,739.1593978527308,858.3087931265511,-119.14939527382035,561.8780691964286,14.632143871118652,12.57797098369236,-0.016566183684271516
2024-01-04,47805.3984375,48281.19921875,47738.1484375,48195.8515625,175700,0.0,0.0,^NSEBANK,0.010290386045669564,0.010237800466125754,0.3259842942796731,47735.1900390625,45422.411796875,44982.036484375,44174.30775390625,47456.36976906099,46228.82884673025,47735.1900390625,48658.29579466757,46812.084283457436,0.038676111055582794,64.26087326235566,716.4422930128276,829.9354931038065,-113.49320009097892,542.2279575892857,14.779323802618272,12.561467702410557,-0.006446270064016581
2024-01-05,48245.55078125,48381.94921875,47822.8515625,48159.0,181000,0.0,0.0,^NSEBANK,-0.0007646210473574166,-0.0007649135191266647,0.3249704187798015,47801.0701171875,45522.5678125,45014.8194921875,44218.04576171875,47523.28693391233,46304.52183313299,47801.0701171875,48639.80825250108,46962.33198187391,0.03509286019151303,63.65611613007611,687.539681180846,801.4563307192145,-113.91664953836857,540.2279575892857,14.597278245027457,12.564334958111441,-0.007205962157606073
2024-01-08,48096.6484375,48154.5,47387.3515625,47450.25,231400,0.0,0.0,^NSEBANK,-0.014716875350401781,-0.0148262429194308,0.30547099428364954,47810.4826171875,45614.9328125,45043.903984375,44260.03951171875,47516.331035444484,46349.452349480714,47810.4826171875,48627.6979329485,46993.26730142651,0.03418561248604552,53.272286335638334,600.521513150874,761.2693672055464,-160.74785405467242,571.2848772321429,15.521439431295015,12.783597294737337,-0.021816788261154667
2024-01-09,47705.3984375,47939.30078125,47156.05078125,47242.6484375,161000,0.0,0.0,^NSEBANK,-0.004375141595671206,-0.0043847405357086006,0.2997593738346169,47806.9025390625,45714.1828125,45074.339453125,44300.58974609375,47490.266026116435,46384.479647050095,47806.9025390625,48633.84066435759,46979.96441376742,0.03459492589461959,50.66523425088077,508.94052736499,710.8035992374352,-201.86307187244518,600.7349330357143,15.654972564688002,12.782858501696861,-0.02609647831902059
2024-01-10,47073.8515625,47423.44921875,47010.80078125,47360.8515625,165200,0.0,0.0,^NSEBANK,0.0025020427285395996,0.0024989178309646905,0.30301142732477104,47820.067578125,45805.75984375,45107.0384765625,44339.40349609375,47477.940839105344,46422.76874177362,47820.067578125,48606.86546454772,47033.269691702284,0.032906598684215776,52.102523022457014,440.818459841983,656.8065713583447,-215.98811151636176,561.3883928571429,15.65499205346517,12.785867496557229,-0.02365973009429958
2024-01-11,47538.6015625,47662.1015625,47237.0,47438.3515625,132500,0.0,0.0,^NSEBANK,0.0016363726040213855,0.0016350352051615789,0.30514363952717205,47837.37265625,45893.74390625,45141.9580078125,44379.7855078125,47474.170431809594,46462.59551905701,47837.37265625,48570.138320932725,47104.60699156728,0.030635698576016467,53.06794669816113,388.6052336078137,603.1663038082386,-214.56107020042487,519.4171316964286,15.160560827113631,12.73734464505253,-0.022062073624423015
2024-01-12,47572.69921875,47873.69921875,47408.5,47709.80078125,191600,0.0,0.0,^NSEBANK,0.005722146950919438,0.005705837654604986,0.31261186322460444,47836.24765625,45991.0209375,45180.1425,44418.861015625,47496.61141747059,46511.50552933908,47836.24765625,48569.76124651338,47102.734065986624,0.030667689302655447,56.38400862944811,364.9229543376423,555.5176339141193,-190.594679576477,505.8208705357143,15.145537595116304,12.718297395453366,-0.016466169100824605
2024-01-15,47891.05078125,48248.05078125,47825.3984375,48158.30078125,167100,0.0,0.0,^NSEBANK,0.009400584212379659,0.009356673695781043,0.32495118158301595,47836.98515625,46100.16796875,45223.215,44459.657265625,47559.62945211625,46576.08573529637,47836.98515625,48571.8281420271,47102.14217047289,0.030722796738836523,61.25509881092618,377.9875736634349,520.0116218639824,-142.02404820054755,513.7815290178571,15.211979897338173,12.70331455028506,-0.007220376497732479
2024-01-16,48109.94921875,48305.3984375,48002.8515625,48125.1015625,224500,0.0,0.0,^NSEBANK,-0.0006893768719291593,-0.0006896146014280258,0.32403779088199736,47849.8552734375,46202.326015625,45264.446015625,44502.19828125,47613.48393881947,46636.831454010244,47849.8552734375,48595.89427719836,47103.81626967664,0.031182497815202468,60.71456432792018,381.2674651020061,492.2627905115872,-110.99532540958108,490.90652901785717,11.401694966760498,12.700269190993016,-0.007904775809097446
2024-01-17,46573.94921875,47212.75,45979.6015625,46064.44921875,499600,0.0,0.0,^NSEBANK,-0.042818659635945555,-0.043762417116141934,0.2673442673690918,47759.5328125,46257.25,45285.1580078125,44535.54376953125,47465.95682262238,46614.38509184318,47759.5328125,48851.879051540614,46667.18657345939,0.04574358980139419,38.18882667032455,215.10972909117845,436.83217822750544,-221.722449136327,618.8529575892857,16.690778152802835,14.653274189051436,-0.05038496354017482
2024-01-18,45492.75,46184.05078125,45430.69921875,45713.55078125,275000,0.0,0.0,^NSEBANK,-0.007617554175751939,-0.007646715930118124,0.25769020375307905,47672.9453125,46299.133046875,45297.5030078125,44566.95501953125,47299.061009158344,46579.05825613364,47672.9453125,49094.96383727783,46250.92678772217,0.059657254883514414,35.756077153549214,54.48587561727618,360.3629177054596,-305.87704208818343,642.8995535714286,16.79058697670981,14.705538032508509,-0.05761870752651615
2024-01-19,46103.5,46249.8515625,45558.05078125,45701.1484375,296600,0.0,0.0,^NSEBANK,-0.0002713056312196871,-0.00027134244125044915,0.25734898531847095,47565.9953125,46338.398046875,45309.5525,44597.62126953125,47146.8788594766,46544.63042010879,47565.9953125,49235.310282880855,45896.68034211915,0.07018942668659635,35.66958709815927,-72.96930624253582,273.69647291586057,-346.6657791583964,663.3244977678571,16.78908144559748,14.604115875331495,-0.05787438087792028
2024-01-23,46495.44921875,46580.30078125,44886.1015625,45015.05078125,422600,0.0,0.0,^NSEBANK,-0.015012700549271618,-0.015126531851827359,0.2384727815159542,47442.1552734375,46365.52609375,45317.388515625,44623.14578125,46943.84761393121,46484.64690485943,47442.1552734375,49464.73844898067,45419.57209789433,0.08526523147550173,31.176810286721278,-226.7272326285165,173.61173180698518,-400.3389644355017,745.4458705357143,17.017334181621482,14.789399076172355,-0.07201823067759719
2024-01-24,44489.3984375,45485.5,44489.3984375,45082.3984375,348700,0.0,0.0,^NSEBANK,0.0014961141902798403,0.001494996126473156,0.24032567821865558,47310.0326171875,46393.50203125,45323.266015625,44645.51453125,46766.566739985385,46429.65676888455,47310.0326171875,49584.41674627049,45035.6484881045,0.09614806852856503,32.081143254804545,-339.23659573572513,71.04206629844312,-410.27866203416824,793.9246651785714,17.02303781035862,14.710244747566945,-0.07062986398419287
2024-01-25,45057.94921875,45139.05078125,44429.0,44866.1484375,386800,0.0,0.0,^NSEBANK,-0.00479677229905584,-0.004808313733847838,0.23437611836356864,47139.230078125,46414.42296875,45326.975,44665.78001953125,46585.57452070106,46368.342716673396,47139.230078125,49610.74791038053,44667.71224586947,0.1048603393886333,30.686819093940684,-440.76972528427723,-31.32029201810095,-409.4494332661763,803.4818638392857,17.026502983326647,14.730094181533623,-0.07508784090820328
2024-01-29,45171.5,45660.3515625,45110.8984375,45442.3515625,336800,0.0,0.0,^NSEBANK,0.012842714274943212,0.01276094596054244,0.25022885815952534,46985.9201171875,46445.445,45339.0725,44687.99603515625,46476.69614372953,46332.02933807836,46985.9201171875,49480.08933878482,44491.75089559019,0.10616666505100307,38.37266197040332,-469.330535041292,-118.92234062273917,-350.40819441855285,820.2751116071429,17.5288230701452,14.81556274573059,-0.06320945831956656
2024-01-30,45481.5,45678.69921875,45206.05078125,45367.75,232100,0.0,0.0,^NSEBANK,-0.00164167477991084,-0.0016430238045943679,0.2481763889739681,46839.6951171875,46468.766015625,45352.858515625,44709.62978515625,46371.0822252791,46294.21446207529,46839.6951171875,49354.22226772508,44325.16796664991,0.10736735771855602,37.78842178703023,-492.309863511422,-193.59984520047576,-298.7100183109462,798.91796875,16.964151186948982,14.813721450627378,-0.06474736372590238
2024-01-31,45295.6484375,46179.75,45071.19921875,45996.80078125,373100,0.0,0.0,^NSEBANK,0.013865593538361587,0.013770345632241544,0.265483095447661,46727.8201171875,46505.471015625,45368.4655078125,44735.440546875,46335.4363734668,46282.5511804743,46727.8201171875,49179.4038307587,44276.23640361629,0.10493036942116891,45.34494922871615,-454.52255297078955,-245.7843867545385,-208.73816621625105,822.1537388392857,17.30465749222066,14.973609934095583,-0.051779530815644695
2024-02-01,46164.8984375,46306.8984375,45668.3515625,46188.6484375,305700,0.0,0.0,^NSEBANK,0.004170891300949053,0.004162217244493407,0.27076128788196185,46649.1701171875,46557.565,45384.568984375,44759.5512890625,46321.456570041395,46278.86871996551,46649.1701171875,49061.72222740182,44236.618006973185,0.10343387049131803,47.441704727479156,-404.4332795076625,-277.5141653051633,-126.9191142024992,838.2893415178571,17.33032481207696,14.961293998438988,-0.047824606309341884
2024-02-02,46568.19921875,46892.3515625,45901.25,45970.94921875,337000,0.0,0.0,^NSEBANK,-0.004713262373212346,-0.004724404819613506,0.2647718565184529,46562.4701171875,46605.285,45398.9569921875,44781.6162890625,46288.07491753745,46266.793445408046,46562.4701171875,48939.638391777386,44185.30184259761,0.1021066222907452,45.31716303278543,-377.9469399196605,-297.60072022806276,-80.34621969159775,878.7179129464286,17.35696790844609,14.820882879841193,-0.05231245876512267
2024-02-05,45962.25,46048.6015625,45615.1015625,45825.55078125,265900,0.0,0.0,^NSEBANK,-0.0031628330493705947,-0.0031678453773811275,0.2607715942907425,46443.955078125,46648.013046875,45413.121484375,44800.0812890625,46244.02499979579,46249.489811519496,46443.955078125,48712.09188126086,44175.81827498914,0.0976719919447233,43.903040245470685,-364.487182380115,-310.97801265847323,-53.50916972164174,876.4536830357143,17.217859068568156,14.552827662366962,-0.05530983624101711
2024-02-06,45891.19921875,45932.1484375,45527.0,45690.80078125,178600,0.0,0.0,^NSEBANK,-0.0029404993001226343,-0.0029448310619688512,0.25706429630011596,46320.5451171875,46692.83703125,45421.2459765625,44817.2225390625,46191.336978981904,46227.58043778344,46320.5451171875,48460.75531792859,44180.334916446416,0.0924086793593001,42.57701043308075,-360.537375961605,-320.88988531909956,-39.64749064250543,866.9464285714286,16.990237247596895,14.562844896555438,-0.05808769700638314
2024-02-07,45944.6015625,46062.8515625,45620.5,45818.5,283700,0.0,0.0,^NSEBANK,0.002794856219775488,0.002790957870991246,0.2605776102672881,46238.9576171875,46737.65703125,45427.8669921875,44834.98904296875,46155.82869526934,46211.53806767429,46238.9576171875,48321.46922656986,44156.44600780514,0.09007606212161966,44.29414252865049,-343.1472779731848,-325.3413638499166,-17.805914123268224,876.9324776785714,16.941947261216146,14.559234729040812,-0.05545518754787836
2024-02-08,45973.8515625,46181.19921875,44893.75,45012.0,319900,0.0,0.0,^NSEBANK,-0.0176020603031527,-0.017758818805579425,0.2383888471545592,46127.4251953125,46762.515,45422.28,44849.27904296875,46046.89262905321,46164.49735913805,46127.4251953125,48222.49708074003,44032.353309884966,0.09083844921135704,36.807959169614875,-389.94822937287245,-338.2627369545078,-51.685492418364674,815.6431361607143,17.491087237976608,14.853928955020443,-0.07208112229569062
2024-02-09,44986.75,45718.1484375,44859.1484375,45634.55078125,276000,0.0,0.0,^NSEBANK,0.013830773599262436,0.013736001299759727,0.25551672292740557,46041.11015625,46797.58703125,45423.5119921875,44866.104296875,46007.62197688148,46143.71514039734,46041.11015625,48063.19237331261,44019.027939187385,0.08783811729127554,44.59257559102995,-372.50961638832086,-345.1121128412704,-27.397503547050462,823.189453125,17.646604398505055,15.028443704108199,-0.059247286379680644
2024-02-12,45664.30078125,45748.5,44633.8515625,44882.25,268800,0.0,0.0,^NSEBANK,-0.01648533333561597,-0.016622728539881292,0.234819111241507,45913.305078125,46803.903046875,45413.24,44879.925546875,45900.44369336896,46094.24591920529,45913.305078125,47886.059972291645,43940.55018395835,0.08593390917120225,38.43141382053476,-414.6143595185058,-359.0125621767175,-55.60179734178831,853.3928571428571,18.03112312254093,15.248384093059206,-0.07475590845009687
2024-02-13,45056.80078125,45750.3984375,44819.55078125,45502.3984375,245900,0.0,0.0,^NSEBANK,0.013817231477922798,0.013722643832086906,0.2518808927348939,45802.9349609375,46824.316015625,45408.25546875,44894.2587890625,45862.53462138144,46071.03621404038,45802.9349609375,47590.829052630805,44015.04086924419,0.07806897497804849,45.15810282423869,-393.4069255376744,-365.8914348489089,-27.51549068876551,798.8677455357143,18.628769364760064,15.383796264488378,-0.06197159666357147
2024-02-14,45014.6484375,46170.44921875,44860.75,45908.30078125,280000,0.0,0.0,^NSEBANK,0.008920460408422759,0.008880908143721852,0.2630482466745965,45690.4349609375,46846.198046875,45405.0234765625,44910.40779296875,45866.89330327368,46064.65443236233,45690.4349609375,47096.73012373976,44284.139798135235,0.06155753010469519,49.07953843764566,-339.92847063203226,-360.6988420055336,20.770371373501348,821.267578125,18.89155290112515,15.432694992725828,-0.05360395142963278
2024-02-15,46027.1015625,46297.69921875,45590.19921875,46218.8984375,277700,0.0,0.0,^NSEBANK,0.0067656099433950345,0.006742825911957405,0.27159353845128575,45595.1248046875,46841.948046875,45407.4139453125,44927.35279296875,45900.41760177143,46070.70321687754,45595.1248046875,46461.321035157685,44728.92857421731,0.03799512488147142,51.91302634052708,-269.37854653922113,-342.4347829122711,73.05623637304996,821.0853794642857,18.875088273221728,15.370993996715601,-0.04720100491303523
2024-02-16,46454.30078125,46693.3984375,46264.3984375,46384.8515625,291400,0.0,0.0,^NSEBANK,0.0035905902262991507,0.0035841594461462744,0.2761593097822741,45611.144921875,46829.400078125,45417.4164453125,44944.27279296875,45946.55416945986,46083.02275984313,45611.144921875,46524.458799351676,44697.83104439832,0.04004783826589077,53.40493054751792,-197.79612257432018,-313.507050844681,115.7109282703608,798.2494419642857,18.922248659083955,15.355508118875347,-0.04377989415364833
2024-02-19,46554.8984375,46717.3984375,46317.69921875,46535.5,158400,0.0,0.0,^NSEBANK,0.0032477938901456227,0.0032425311992474314,0.2803040121914375,45652.2423828125,46823.4190625,45436.5329296875,44960.78080078125,46002.64424855892,46100.766965339484,45652.2423828125,46654.59130396778,44649.89346165722,0.04391236306642639,54.77657276912469,-127.44140083458478,-276.29392084266175,148.85252000807697,793.0387834821429,18.669856838426092,15.355095072567446,-0.04067428833624613
2024-02-20,46444.8984375,47136.75,46367.80078125,47094.19921875,171900,0.0,0.0,^NSEBANK,0.012005871189736839,0.01193437241933096,0.2956751772455113,45721.894921875,46828.475078125,45461.3544140625,44979.4912890625,46106.601864767596,46139.72509292421,45721.894921875,46914.16468553326,44529.62515821674,0.05215312119917563,59.53416781818078,-26.299257795370067,-226.2949882332034,199.99573043783334,768.7815290178571,19.052754237937737,15.353201770189592,-0.02915674741300845
2024-02-21,47363.3984375,47363.3984375,46886.94921875,47019.69921875,198900,0.0,0.0,^NSEBANK,-0.0015819358060203959,-0.0015831883876443534,0.2936255022896548,45822.12734375,46823.6290625,45483.890390625,44998.0262890625,46193.56351752783,46174.23388217228,45822.12734375,47098.29724955473,44545.95743794527,0.05570103265748077,58.6481525020883,47.29984866322047,-171.57602085391866,218.87586951713914,757.203125,18.586130219762428,15.265235322736523,-0.03069255911630915
2024-02-22,46934.55078125,47024.05078125,46426.8515625,46919.80078125,177200,0.0,0.0,^NSEBANK,-0.0021246081782709814,-0.002126868360127916,0.2908770549678703,45913.9974609375,46815.740078125,45506.84640625,45014.198046875,46262.728971215656,46203.471799783176,45913.9974609375,47229.87471383549,44598.12020803951,0.057319219657034036,57.41424749860728,96.45483051923657,-117.96985057928764,214.42468109852422,729.0672433035714,18.554002563928798,15.264785230125952,-0.032751957632469596
2024-02-23,47060.69921875,47245.3515625,46723.1484375,46811.75,200500,0.0,0.0,^NSEBANK,-0.0023028823535239384,-0.0023055380650685965,0.2879043169774158,46011.2775390625,46810.0240625,45529.0808984375,45034.95080078125,46315.016688242744,46227.3258468505,46011.2775390625,47288.0733032004,44734.48177492461,0.055499252897463075,56.040881637095175,125.24793255150871,-69.32629395312838,194.5742265046371,735.4031808035714,18.546320654659983,15.271207658607096,-0.03497941608071837
2024-02-26,46615.8515625,46893.1484375,46513.55078125,46576.5,223700,0.0,0.0,^NSEBANK,-0.0050254476707236595,-0.005038117699070188,0.28143202122754674,46067.9849609375,46799.7090625,45551.83640625,45051.41330078125,46339.91986079106,46241.01895089558,46067.9849609375,47339.11957970583,44796.85034216917,0.05518516253081898,53.06470483276435,127.6129220918665,-29.938450744129412,157.5513728359959,733.578125,18.585660946000164,15.247295904329436,-0.03982907652637595
2024-02-27,46480.19921875,46722.25,46324.8984375,46588.05078125,157300,0.0,0.0,^NSEBANK,0.0002479959045871283,0.00024796515868591565,0.2817498111208179,46129.0,46776.8240625,45571.87140625,45068.3628125,46363.551377025244,46254.628042282035,46129.0,47375.52384422068,44882.47615577932,0.054045127543223694,53.196137063161984,128.9329856537879,1.8358365354540531,127.09714911833386,730.3638392857143,18.492773705228224,15.243646837907201,-0.0395909580696509
2024-02-28,46640.8984375,46754.55078125,45852.55078125,45963.1484375,167300,0.0,0.0,^NSEBANK,-0.013413361007185598,-0.01350413275056828,0.2645572381833623,46127.3173828125,46733.216015625,45587.5123828125,45081.52330078125,46325.417763737125,46243.197469545485,46127.3173828125,47374.68315711951,44879.95160850549,0.05408360360326474,45.734535204363965,78.64814209798351,17.198297647959944,61.44984445002356,702.8317522321429,18.588986385064466,15.410995248979715,-0.05247327126362789
2024-02-29,45881.44921875,46329.6484375,45661.75,46120.8984375,544700,0.0,0.0,^NSEBANK,0.0034320973510877373,0.0034262211462736548,0.26889732173083014,46123.9298828125,46698.28,45609.080859375,45094.7512890625,46305.93973266693,46238.401429073114,46123.9298828125,47370.96229553432,44876.897470090684,0.05407312065082771,47.72779847783307,50.93895535656338,23.946429189680632,26.99252616688275,689.181640625,18.6426516570515,15.280633351374744,-0.049221267287846884
2024-03-01,46218.0,47342.25,46218.0,47286.8984375,172500,0.0,0.0,^NSEBANK,0.02528138088159948,0.024967092850485924,0.30097679822114864,46189.72734375,46686.6,45639.816328125,45112.21802734375,46399.36437122246,46279.518958815344,46189.72734375,47537.56642446188,44841.88826303811,0.058360988826848446,59.55369039488904,121.66322266335192,43.489787884414895,78.17343477893702,696.8032924107143,15.694152794217043,15.815150248083587,-0.025184268012026553
2024-03-04,47318.5,47529.6015625,47191.6484375,47456.1015625,158100,0.0,0.0,^NSEBANK,0.0035782242141264575,0.0035718376004859756,0.30563198490256016,46271.2548828125,46686.816015625,45670.771328125,45129.13802734375,46500.00600848699,46325.65945307749,46271.2548828125,47719.83514538732,44822.67462023768,0.06261253412052564,60.93485999785354,189.1851831155218,72.62886693063628,116.55631618488552,654.4536830357143,15.4991083972976,15.818947442271927,-0.0216961587555158
2024-03-05,47265.69921875,47737.8515625,47196.75,47581.0,176900,0.0,0.0,^NSEBANK,0.0026318731077290547,0.002628415794512669,0.3090682426122162,46365.76484375,46681.633046875,45707.716328125,45147.52453125,46602.957817202514,46374.88849413328,46365.76484375,47899.057849358236,44832.47183814177,0.06613901488632157,61.9672855427807,249.89445559952583,108.0819846644142,141.81247093511163,599.5538504464286,15.496473173324347,15.641612441179447,-0.01912138718455646
2024-03-06,47451.6484375,48161.25,47442.25,47965.3984375,301700,0.0,0.0,^NSEBANK,0.008078822166410982,0.008046363185644305,0.31964397214797646,46473.109765625,46691.103984375,45743.768828125,45168.85802734375,46732.714066754656,46437.26143308884,46473.109765625,48139.87849741055,44806.341033839446,0.07173045833134326,65.0304394800288,325.27516317987465,151.5206203675063,173.75454281236836,600.3752790178571,14.80210590166152,15.616948193826968,-0.011197043304784618
2024-03-07,48035.80078125,48071.69921875,47747.19921875,47835.80078125,146300,0.0,0.0,^NSEBANK,-0.0027018988786023934,-0.0027055555955823565,0.31607842757947546,46614.2998046875,46693.32296875,45776.9578515625,45189.27552734375,46837.76994432564,46492.10611340888,46614.2998046875,48237.77580514075,44990.82380423425,0.06965570682196519,63.182827481353286,370.28900807126774,195.27429790825857,175.01471016300917,589.6609933035714,14.868330742658827,15.446993452299038,-0.013868688904638188
2024-03-11,47792.19921875,47853.80078125,47230.6484375,47327.8515625,204200,0.0,0.0,^NSEBANK,-0.01061859967752643,-0.010675379311589062,0.30210351761278065,46698.96484375,46674.236015625,45804.244375,45206.06779296875,46884.44438415177,46524.88044474579,46698.96484375,48283.451320388434,45114.478367111566,0.0678595973996411,56.41712538336959,360.81628211071074,228.38269474874903,132.4335873619617,605.6219308035714,15.19249280394695,15.474551859475087,-0.024340022526634118
2024-03-12,47351.3515625,47812.75,46884.44921875,47282.3984375,207200,0.0,0.0,^NSEBANK,-0.0009603885133043777,-0.000960849981835664,0.3008529923513321,46818.972265625,46649.71296875,45834.1888671875,45223.05427734375,46922.344770184936,46554.58703269693,46818.972265625,48170.55955340346,45467.384977846545,0.05773673459170768,55.8408974101898,345.65687394092674,251.8375305871846,93.81934335374214,617.0041852678571,14.845499043517801,15.456759147712681,-0.02527703516189035
2024-03-13,47341.1484375,47468.69921875,46842.1484375,46981.30078125,274600,0.0,0.0,^NSEBANK,-0.006368070702843176,-0.006388433358332902,0.2925690685220337,46892.9173828125,46623.493984375,45861.742890625,45238.18853515625,46927.959628381606,46571.320905189204,46892.9173828125,48094.74671024056,45691.08805538444,0.05125845839860503,52.04845058346166,305.8215488199785,262.6343342337434,43.187214586235086,627.7257254464286,14.991197297044145,15.479153757283015,-0.03148413991766432
2024-03-14,46825.75,47231.5,46565.55078125,46789.94921875,220400,0.0,0.0,^NSEBANK,-0.004072930279026443,-0.004081247250199425,0.28730452482511737,46936.9998046875,46594.606953125,45885.5473828125,45253.7490234375,46914.81577984527,46579.894564544535,46936.9998046875,48048.01049871296,45825.989110662034,0.047340507431176224,49.73663680741154,255.86187829706614,261.27984304640796,-5.41796474934182,632.6364397321429,14.570763996915833,15.485194776859974,-0.03542883748991097
2024-03-15,46572.1015625,46802.55078125,46310.5,46594.1015625,339300,0.0,0.0,^NSEBANK,-0.004185677897071027,-0.0041944623680132565,0.28191628272875735,46955.7599609375,46571.256015625,45912.60140625,45268.3125390625,46884.27156866952,46580.45170171926,46955.7599609375,48027.699509736114,45883.82041213889,0.045657425188746076,47.41531816123726,198.1807065535104,248.66001574782845,-50.47930919431806,630.4827008928571,14.594606037209736,15.472241320809724,-0.0394662216849816
2024-03-18,46458.75,46739.25,46022.1484375,46575.8984375,151300,0.0,0.0,^NSEBANK,-0.0003906744499747594,-0.00039075078311927785,0.28141547079008866,46965.3123046875,46548.675,45940.815390625,45281.10203125,46854.902699034326,46580.27314233812,46965.3123046875,48019.08166070453,45911.54294867047,0.04487436809450773,47.19484023197156,149.27833459997055,228.7836795182569,-79.50534491828634,654.5901227678571,14.51832525617706,15.439619246700973,-0.03984147769050705
2024-03-19,46421.8984375,46602.3515625,46258.75,46384.80078125,147100,0.0,0.0,^NSEBANK,-0.004102930113230818,-0.004111370225024453,0.27615791266742407,46957.77734375,46512.453984375,45967.432890625,45291.46654296875,46810.13108781677,46572.60755955036,46957.77734375,48026.53572945686,45889.01895804314,0.04551997331062392,44.83770798611057,94.01907533893245,201.83075868239203,-107.81168334345958,650.7508370535714,14.541339757450968,15.42677886253111,-0.04378094100516589
2024-03-20,46392.8984375,46655.55078125,45828.80078125,46310.8984375,210400,0.0,0.0,^NSEBANK,-0.0015932448238491492,-0.0015945153881094633,0.2741246806786526,46918.6123046875,46475.491953125,45999.0298828125,45300.83927734375,46762.58512111994,46562.34445672485,46918.6123046875,48023.13169995847,45814.09290941653,0.047082355637386046,43.9240588904407,43.757997780121514,170.21620650193793,-126.45820872181642,645.3758370535714,14.519310111990533,15.427920807464195,-0.0453044320713753
2024-03-21,46674.8515625,46990.25,46570.1484375,46684.8984375,150400,0.0,0.0,^NSEBANK,0.008075852825544683,0.008043417636968767,0.2844143240812076,46901.872265625,46460.184921875,46037.5588671875,45313.62302734375,46755.186389346614,46567.15049518662,46901.872265625,48010.08312608348,45793.661405166524,0.047256572368037486,49.52905754441108,33.71575185479014,142.91611557250837,-109.20036371771823,646.1939174107143,14.672035729106343,15.471319595230531,-0.03759445117158387
2024-03-22,46634.8984375,46974.1484375,46566.80078125,46863.75,172200,0.0,0.0,^NSEBANK,0.003831036769619267,0.0038237170370743288,0.28933496258418834,46899.0697265625,46452.606953125,46083.3948828125,45328.99078125,46765.52578083741,46578.781848316554,46899.0697265625,48007.37317345219,45790.766279672804,0.04726334459730141,51.99991000217351,39.731031379335036,122.27909873387372,-82.54806735453869,588.05078125,13.631210116014877,15.479616200773979,-0.033907440126736674
2024-03-26,46552.94921875,46788.3515625,46529.05078125,46600.19921875,171700,0.0,0.0,^NSEBANK,-0.005623766370595584,-0.005639639283031869,0.28208404398117426,46888.4921875,46437.39390625,46121.576875,45342.30251953125,46749.780393971945,46579.621745196295,46888.4921875,48004.31708212722,45772.66729287278,0.0475948294590155,48.25129671317041,22.967087985409307,102.41669658418085,-79.44960859877155,587.818359375,13.247872372468544,15.512053064743245,-0.03934051897583456
2024-03-27,46643.44921875,46956.1015625,46643.44921875,46785.94921875,285100,0.0,0.0,^NSEBANK,0.003986034461527899,0.003978111273917317,0.2871944751630582,46898.9646484375,46424.345859375,46159.0448828125,45355.7240234375,46753.225043950806,46587.713018669,46898.9646484375,48006.36009105799,45791.569205817,0.04722472877265912,50.935905659147096,24.38887492196227,86.81113225173715,-62.42225732977488,574.58984375,12.225132860027136,15.520936553361942,-0.03551129717867879
2024-03-28,46827.8515625,47440.44921875,46827.8515625,47124.6015625,348000,0.0,0.0,^NSEBANK,0.007238334359031873,0.007212263348418653,0.29651161915938684,46925.7921875,46412.641875,46201.83140625,45370.52427734375,46788.59423619358,46608.76747136825,46925.7921875,48027.4552759578,45824.129099042206,0.04695341461923176,55.47145610420175,52.23987644009321,79.89688108940837,-27.657004649315155,569.9827008928571,11.785935557766207,15.522864342716275,-0.02853000546214911
2024-04-01,47391.05078125,47646.80078125,47373.1015625,47578.25,134089400,0.0,0.0,^NSEBANK,0.009626573434224905,0.00958053321340379,0.3089925834695506,47006.547265625,46401.040859375,46250.6044140625,45387.0390234375,46863.79954703229,46646.786394059694,47006.547265625,48046.13047837022,45966.964052879775,0.04423142192813003,60.71093319236328,109.6536147925799,85.84822783004267,23.805386962537227,584.1040736607143,11.827858086791933,15.590770310782363,-0.019178078220584337
2024-04-02,47490.75,47707.3515625,47408.55078125,47545.44921875,183400,0.0,0.0,^NSEBANK,-0.0006894070557450505,-0.0006896448060667522,0.30809015474658885,47077.7748046875,46389.4478125,46295.8869140625,45404.79001953125,46928.71856338636,46682.02807345932,47077.7748046875,48055.21046028494,46100.339149090054,0.04152429292389249,60.15973873070599,150.76968804831267,98.83251987369668,51.93716817461599,560.9361049107143,11.720903105785993,15.413592477106114,-0.019854263773888447
2024-04-03,47350.25,47676.94921875,47279.80078125,47624.25,283800,0.0,0.0,^NSEBANK,0.0016573779939998978,0.0016560060587600706,0.3102581545832337,47094.6423828125,46420.643828125,46338.9469140625,45422.96626953125,46994.95965258766,46718.977952931506,47094.6423828125,48098.55780495908,46090.72696066592,0.042633954579638776,61.074079010183695,187.55106488060846,116.57622887507904,70.97483600552943,522.9966517857143,11.696709067735469,15.413043816699895,-0.018229791799754376
2024-04-04,48086.19921875,48254.6484375,47712.69921875,48060.80078125,324300,0.0,0.0,^NSEBANK,0.009166564959028234,0.009124806993208444,0.32226872107031745,47124.87734375,46467.588828125,46383.3609375,45443.54927734375,47096.46833150789,46771.59845600282,47124.87734375,48207.933019574644,46041.82166792535,0.045965347259128195,65.76202571461344,249.0556125853327,143.07210561712978,105.98350696820293,523.271484375,11.923301251740634,15.471548813159734,-0.009230331411448158
2024-04-05,48104.6484375,48557.3984375,47894.5,48493.05078125,214300,0.0,0.0,^NSEBANK,0.008993816019990941,0.008953612532067159,0.33416096267661266,47170.4798828125,46523.426875,46430.9124609375,45465.6152734375,47229.47618386427,46839.10639032624,47170.4798828125,48401.145464956695,45939.8143006683,0.052179481116223024,69.65845163711903,328.88617716783483,180.2349199272708,148.65125724056404,523.0535714285714,11.714080877314572,15.486582904398738,-0.00031953129397531313
2024-04-08,48586.75,48716.94921875,48424.6484375,48581.69921875,263400,0.0,0.0,^NSEBANK,0.001828064765400983,0.001826395888574812,0.33659989532385515,47201.294921875,46594.75984375,46480.14296875,45488.58376953125,47358.25933004387,46907.44336398992,47201.294921875,48541.73535259697,45860.85449115303,0.05679676512860887,70.40238802464714,394.7551709043473,223.13897012268612,171.6162007816612,508.7857142857143,11.690377286140006,15.48429042424809,0.0
2024-04-09,48810.80078125,48960.75,48568.25,48730.55078125,147600,0.0,0.0,^NSEBANK,0.0030639431080778934,0.003059258800255826,0.3406951613613902,47246.032421875,46667.722890625,46530.6124609375,45515.018515625,47488.953753968264,46978.937772509926,47246.032421875,48727.902117419224,45764.16272633078,0.06272991062242562,71.65894191220892,453.73749667051743,269.2586754322524,184.47882123826503,485.59988839285717,11.662080332840777,15.478239816705457,0.0
2024-04-10,48879.55078125,49057.3984375,48669.25,48986.6015625,247100,0.0,0.0,^NSEBANK,0.005254420012599681,0.005240663714303768,0.34773973684804305,47328.969921875,46750.131953125,46582.2774609375,45540.26078125,47631.58687859034,47057.66968584287,47328.969921875,49003.29734427274,45654.64249947727,0.07075275144003829,73.72536183644715,515.2036262261172,318.4476655910254,196.7559606350918,488.7818080357143,11.665506732027573,15.49131337985317,0.0
2024-04-12,48671.19921875,48882.6484375,48477.55078125,48564.55078125,208000,0.0,0.0,^NSEBANK,-0.008615637088266292,-0.008652966253831182,0.3361281003859249,47393.0775390625,46812.5759375,46629.01046875,45564.91478515625,47720.440583605545,47116.763062133345,47393.0775390625,49155.749788675195,45630.4052894498,0.07438522000010911,65.27676768361889,523.8217152514262,359.5224755231055,164.29923972832069,466.08900669642856,11.88544551778541,15.386103814247532,-0.008615637088266322
2024-04-15,48057.5,48255.5,47725.80078125,47773.25,197100,0.0,0.0,^NSEBANK,-0.01629379389946939,-0.01642799754713553,0.31435750449494715,47432.675,46860.6859375,46664.7259765625,45584.94853515625,47725.47005183359,47142.50764793204,47432.675,49191.9766411371,45673.373358862904,0.07418100038157659,53.01099158242677,461.48059202052536,379.9140988225895,81.56649319793587,477.474609375,12.946874953836016,15.649226984052317,-0.024769049572706824
2024-04-16,47436.69921875,47609.0,47316.55078125,47484.80078125,186100,0.0,0.0,^NSEBANK,-0.006037881424228009,-0.006056183136507173,0.30642156973376244,47467.417578125,46890.4459375,46697.9584765625,45603.07654296875,47702.549168920865,47155.93090806216,47467.417578125,49200.52585906228,45734.30929718772,0.07302307011266489,49.36927926923544,384.3685994804182,380.8049989541552,3.5636005262629737,480.99972098214283,12.404947140713016,15.650415799979461,-0.030657378412623986
2024-04-18,47592.69921875,47829.75,46982.1484375,47069.44921875,186400,0.0,0.0,^NSEBANK,-0.008747042330732646,-0.008785522260211872,0.29499424496151905,47491.1849609375,46908.061953125,46732.8134765625,45619.79953125,47642.25393557126,47152.539469265605,47491.1849609375,49186.49152666877,45795.87839520623,0.07139457847285531,44.61631480396677,286.43949379252444,361.9318979218291,-75.49240412930465,517.6356026785714,12.705882357448283,14.537965652602573,-0.03913625935663211
2024-04-19,46744.94921875,47668.69921875,46579.05078125,47574.1484375,164600,0.0,0.0,^NSEBANK,0.010722437316070366,0.010665359630509439,0.3088797395777909,47541.0974609375,46940.1259375,46772.70546875,45639.55578125,47635.767697659714,47169.073154294405,47541.0974609375,49180.80950474833,45901.385417126665,0.06898082422931504,50.813001886399555,246.71104959211516,338.8877282558864,-92.17667866377121,570.0460379464286,10.81997802356353,14.498110406135892,-0.028833458128298795
2024-04-22,48145.69921875,48146.30078125,47628.44921875,47924.8984375,177700,0.0,0.0,^NSEBANK,0.00737270159361425,0.007345656080200329,0.3185297193196255,47618.10234375,46982.112890625,46815.06296875,45660.97501953125,47663.30395859688,47198.71336147894,47618.10234375,49171.55691002625,46064.64777747374,0.06524638697535787,54.613609967196744,240.75331069330423,319.26084474336994,-78.50753405006571,564.1640625,10.976933389126598,14.532069127597458,-0.021673337017376403
2024-04-23,48299.6015625,48302.69921875,47899.30078125,47970.44921875,141100,0.0,0.0,^NSEBANK,0.000950461716875628,0.0009500103141427059,0.3197829313404015,47701.0798828125,47027.705859375,46860.2714453125,45680.219765625,47692.55588813528,47228.977512744474,47701.0798828125,49133.07966251559,46269.0801031094,0.060040560223001124,55.098835015488476,236.9756196250819,302.80379971971234,-65.82818009463045,555.6782924107143,10.957371737805543,14.532455273145391,-0.02074347497761266
2024-04-24,48120.8984375,48246.19921875,48028.69921875,48189.0,112200,0.0,0.0,^NSEBANK,0.004555946104515041,0.004545599196794767,0.32579579124524716,47776.2849609375,47075.115859375,46906.3864453125,45699.52576171875,47739.836279741445,47266.62545342116,47776.2849609375,49139.9322558611,46412.63766601389,0.05708469363151783,57.44936006373641,248.74956364998798,291.9929525057675,-43.24338885577953,554.0318080357143,10.786135587042459,14.476450948057046,-0.016282035027115994
2024-04-25,47772.6484375,48625.44921875,47737.19921875,48494.94921875,337400,0.0,0.0,^NSEBANK,0.006348943093859694,0.006328873457183694,0.33421319327794197,47857.844921875,47144.77484375,46953.644921875,45718.26375,47811.751797742254,47314.795012845825,47857.844921875,49186.358452458844,46529.33139129116,0.05551915397580305,60.561833537520215,279.54561629171803,289.5034852629576,-9.957868971239577,589.1104910714286,10.89462109892962,14.511696371435592,-0.010036465647095786
2024-04-26,48660.0,48679.6484375,48088.25,48201.05078125,208100,0.0,0.0,^NSEBANK,-0.006060392726143227,-0.0060788314411224925,0.3261273373462761,47937.8875,47196.10484375,46996.8459375,45733.47849609375,47848.82789140966,47349.55014101854,47937.8875,49133.62424409045,46742.15075590954,0.04988691852933471,56.30142212201211,277.0429831330548,287.0113848369771,-9.968401703922268,586.3247767857143,10.56629744185185,14.527942103283802,-0.016036033449835216
2024-04-29,48359.8984375,49473.6015625,48342.69921875,49424.05078125,327100,0.0,0.0,^NSEBANK,0.025372890843195828,0.025056342377252933,0.359775021520941,48069.792578125,47286.940859375,47045.421953125,45754.09150390625,47998.8491190135,47430.90310730213,48069.792578125,49311.627020652115,46827.95813559789,0.05166797591268292,66.77566581984024,369.48629922659893,303.50636771490144,65.97993151169749,629.8713727678571,12.751963649311133,15.121286213608117,0.0
2024-04-30,49477.1015625,49974.75,49249.8984375,49396.75,402900,0.0,0.0,^NSEBANK,-0.0005523784638946649,-0.000552531081082572,0.3590239110833109,48183.4,47364.827890625,47094.571953125,45775.31625,48131.98253625031,47507.99514230989,48183.4,49475.84954985898,46890.95045014103,0.05364708799540817,66.39309522354773,435.5248885537221,329.9100718826656,105.61481667105653,660.7678571428571,12.549592913708493,14.9611115609381,-0.0005523784638946894
2024-05-02,49262.0,49529.3515625,49123.6015625,49231.05078125,291900,0.0,0.0,^NSEBANK,-0.003354455885255625,-0.003360094686002236,0.35446512532657426,48266.0400390625,47431.282890625,47138.74046875,45794.77201171875,48236.65570244076,47575.56595168009,48266.0400390625,49606.055816718974,46926.024261406026,0.05552623652456166,63.99657998188677,469.0831061769204,357.74467874151657,111.33842743540384,661.7142857142857,12.522558443323014,14.909550324835251,-0.0039049814199611983
2024-05-03,49375.05078125,49607.75,48659.69921875,48923.55078125,223000,0.0,0.0,^NSEBANK,-0.006246058028830714,-0.006265646258022191,0.34600505755575695,48334.9451171875,47485.3759375,47163.6619921875,45814.764765625,48302.07428137497,47628.4281018593,48334.9451171875,49660.595853177336,47009.29438119766,0.054852684027087,59.690594819297445,465.4995660677232,379.29565620675794,86.20390986096527,701.7073102678571,12.620940256394048,14.91570360016545,-0.010126648708241346
2024-05-06,49174.55078125,49252.6484375,48784.0,48895.30078125,340200,0.0,0.0,^NSEBANK,-0.0005774315140434361,-0.0005775982918250629,0.3452278318174624,48398.49765625,47535.584921875,47182.4925,45834.93701171875,48358.57204326783,47678.10938340404,48398.49765625,49702.38208097333,47094.61323152667,0.05388119416367667,59.295866578349624,455.133549559745,394.4632348773554,60.67031468238963,698.8214285714286,12.62369020081687,14.91636161980189,-0.010698232776189035
2024-05-07,48965.05078125,49023.5,48213.75,48285.3515625,230300,0.0,0.0,^NSEBANK,-0.012474597947128241,-0.012553058939861368,0.3284466554682526,48409.7251953125,47570.581953125,47197.0005078125,45852.638515625,48351.59866414708,47701.922802192115,48409.7251953125,49705.20608740173,47114.24430322327,0.05352151398763457,51.39344912107594,393.1684018021042,394.20426826230516,-1.035866460200964,696.75,13.176392115164088,14.990617980637017,-0.023039374570689546
2024-05-08,48124.19921875,48223.05078125,47851.1484375,48021.1015625,286000,0.0,0.0,^NSEBANK,-0.005472674246928877,-0.005487704189704092,0.32117649966845274,48386.127734375,47589.12,47208.7975390625,45869.54677734375,48320.122749704504,47714.43961632183,48386.127734375,49692.36656116008,47079.88890758991,0.05399228613440341,48.3849372472059,319.0598854472337,379.1753916992909,-60.11550625205723,695.1431361607143,13.299667761138412,14.957698068166023,-0.028385961825740047
2024-05-09,47976.3515625,48258.6484375,47440.6484375,47487.8984375,272900,0.0,0.0,^NSEBANK,-0.011103517154974707,-0.011165621346124508,0.30650679373963463,48331.4376953125,47598.483984375,47211.0565234375,45883.661015625,48240.86329139931,47705.555648524896,48331.4376953125,49693.59403935442,46969.28135127058,0.056367300829291506,42.9246766478289,214.82692522108846,346.30569840365047,-131.478773182562,693.0287388392857,13.601689547002534,15.024540385698362,-0.03917429496662216
2024-05-10,47555.5,47868.69921875,47313.3515625,47421.1015625,218900,0.0,0.0,^NSEBANK,-0.0014066083612420677,-0.0014075985634430799,0.30466905035954084,48265.965234375,47608.51,47212.1250390625,45896.67001953125,48162.790745789855,47694.40058632784,48265.965234375,49672.50408508755,46859.426383662445,0.05828284356823832,42.28095791319737,125.38622931488499,302.1218045858974,-176.7355752710124,654.8643973214286,13.57839740592722,15.003811223704314,-0.04052580043701838
2024-05-13,47389.80078125,47841.6015625,46983.25,47754.1015625,220900,0.0,0.0,^NSEBANK,0.007022190312494292,0.006997649553708613,0.31383068472598663,48204.340234375,47627.35703125,47218.690546875,45908.19177734375,48123.867966428916,47696.74180107969,48204.340234375,49585.71290765861,46822.967561091384,0.05731320734055163,46.58177838177764,80.4468096810815,257.7868056049342,-177.3399959238527,675.3071986607143,13.583172779419368,14.920961687035932,-0.03378819000775891
2024-05-14,47748.8515625,47937.25,47607.8515625,47859.44921875,152000,0.0,0.0,^NSEBANK,0.0022060441470586056,0.002203614404426075,0.3167290532182523,48169.08515625,47653.016015625,47226.3625390625,45920.434765625,48098.685228554736,47703.12248412559,48169.08515625,49547.73777542927,46790.43253707074,0.05724221727305873,47.904289976920865,52.72489155281801,216.774422794511,-164.049531241693,670.021484375,13.557244937434042,14.904282837663773,-0.031656684099506525
2024-05-15,47923.1015625,47957.19921875,47534.5,47687.44921875,188800,0.0,0.0,^NSEBANK,-0.0035938566533401106,-0.003600330070505279,0.31199691774969773,48164.7951171875,47675.003984375,47225.9140234375,45930.5255078125,48059.51989428762,47702.50784626773,48164.7951171875,49549.15619553616,46780.434038838845,0.05748435449503873,45.90595918057958,16.68378884203412,176.7562960040156,-160.0725071619815,680.5178571428571,13.472892495307223,14.89782963873156,-0.03513677116807298
2024-05-16,47945.8515625,48052.8984375,47340.3515625,47977.05078125,219900,0.0,0.0,^NSEBANK,0.00607290948130923,0.006054543684896279,0.31996455627094833,48189.4076171875,47715.28203125,47224.2490234375,45939.47626953125,48051.66569304594,47713.27423587488,48189.4076171875,49539.9555927625,46838.8596416125,0.05605165294014963,49.709890704475626,11.358447956474265,143.67672639450734,-132.31827843803308,667.9676339285714,13.300381435568298,14.932240571112104,-0.029277244117532922
2024-05-17,47842.94921875,48188.6484375,47758.80078125,48115.6484375,143800,0.0,0.0,^NSEBANK,0.0028888323478224454,0.0028846676903923735,0.32377771257908305,48241.717578125,47755.17703125,47226.728515625,45949.678515625,48057.759287755856,47729.05361633077,48241.717578125,49486.522460333494,46996.9126959165,0.05160698850295281,51.468802035485005,18.11295462212729,118.56397204003133,-100.45101741790404,656.4282924107143,13.317389204046151,14.847549428021335,-0.0264729888195722
2024-05-21,47927.1015625,48259.75,47927.1015625,48048.19921875,166800,0.0,0.0,^NSEBANK,-0.001401814605857643,-0.0014027980671466199,0.32192202164668093,48265.4201171875,47770.403046875,47228.5015234375,45960.3042578125,48056.84880499339,47741.56913015114,48265.4201171875,49474.236481796695,47056.60375257831,0.0500903695305753,50.54235088177805,17.81796712801588,98.41477105762824,-80.59680392961236,589.2924107142857,13.322430604776777,14.848130293312837,-0.027837693203041882
2024-05-22,48113.8984375,48114.05078125,47435.25,47781.94921875,204900,0.0,0.0,^NSEBANK,-0.005541310690705403,-0.005556720706948552,0.3145968410158513,48258.27265625,47776.92,47231.8680078125,45969.98900390625,48030.66789201783,47743.15266303737,48258.27265625,49477.21465972678,47039.33065277323,0.05051743199179378,46.94974881217414,-3.8555184258148074,77.96071316093965,-81.81623158675445,586.0030691964286,13.15557886296218,14.777336185276491,-0.033224746586796645
2024-05-23,47899.3515625,48829.69921875,47873.1484375,48768.6015625,184500,0.0,0.0,^NSEBANK,0.02064906015518586,0.020438758407350825,0.34174203026580496,48298.1802734375,47800.67203125,47241.1525390625,45983.52025390625,48100.94728920661,47783.366345369235,48298.1802734375,49529.6435913029,47066.716955572105,0.050994191122461945,58.672972785685054,57.915077504105284,73.95158602957278,-16.036508525467497,631.8602120535714,14.248646816226604,15.17714453179324,-0.013261746222522451
2024-05-24,48668.0,49052.94921875,48644.80078125,48971.6484375,135000,0.0,0.0,^NSEBANK,0.0041634754431041365,0.004154832161642912,0.3473283402597973,48337.3126953125,47820.79703125,47255.9505078125,45999.9819921875,48183.871208091696,47829.96564309985,48337.3126953125,49603.42120878701,47071.204181837995,0.05238638405305012,60.60247549787602,121.84831417279202,83.53093165821663,38.317382514575385,593.2957589285714,14.287465104708568,14.979781435152148,-0.009153485734148441
2024-05-27,49105.8984375,49688.8515625,49051.25,49281.80078125,226500,0.0,0.0,^NSEBANK,0.006333304139145568,0.006313333046136753,0.35586138041395277,48376.6552734375,47849.71703125,47271.52,46019.05048828125,48288.43592934487,47886.900354399855,48376.6552734375,49710.47825935556,47042.83228751944,0.05514324950242803,63.41248375655366,195.29136959216703,105.88301924500672,89.40835034716031,611.0496651785714,14.373477026728592,14.99039689807376,-0.0028781534040905722
2024-05-28,49390.8984375,49511.1484375,49043.6484375,49142.1484375,155200,0.0,0.0,^NSEBANK,-0.002833750827610393,-0.0028377735007864874,0.35201920710507983,48423.71015625,47886.00296875,47280.1194921875,46036.50572265625,48369.7418825025,47936.125769423394,48423.71015625,49797.257806908965,47050.16250559104,0.05673037634773962,61.29263536642517,239.4663243983232,132.59968027567004,106.86664412265316,586.6032366071429,14.327897095767062,14.996947945886262,-0.005703748262110181
2024-05-29,48786.69921875,49022.6015625,48401.55078125,48501.3515625,183600,0.0,0.0,^NSEBANK,-0.013039659342834353,-0.013125422060961147,0.3343893372194606,48377.5751953125,47910.38203125,47280.0475,46051.04998046875,48382.27613774035,47958.291486798946,48377.5751953125,49669.190714568664,47085.959676056336,0.05339728227558266,52.60307147957164,220.22967133307247,150.12567848715054,70.10399284592194,608.4885602678571,14.617397908683985,15.16433743081024,-0.018669032670629342
2024-05-30,48313.6015625,49044.6015625,48313.6015625,48682.3515625,151000,0.0,0.0,^NSEBANK,0.0037318547662894552,0.003724908672137253,0.3393690844276489,48341.8552734375,47944.403046875,47283.948515625,46069.4832421875,48410.85474962222,47986.685999571535,48341.8552734375,49551.72161495775,47131.98893191724,0.05005460939291014,54.562575960507935,217.08722609582037,163.51798800888452,53.569238086935854,602.2742745535714,13.80782378398981,15.14780422848469,-0.015006848022893713
2024-05-31,48895.1484375,49122.55078125,48569.05078125,48983.94921875,303600,0.0,0.0,^NSEBANK,0.006195215443995039,0.006176103989232917,0.3476667644647047,48329.5001953125,47988.283046875,47291.445,46091.8357421875,48465.43517525344,48025.794361107946,48329.5001953125,49505.7119292963,47153.2884613287,0.04867469058154596,57.70065430869779,236.21034014246106,178.05645843559984,58.15388170686123,602.1422991071429,13.746859309184778,15.102522893635555,-0.00890460323553571
2024-06-03,50889.8515625,51133.19921875,50092.6484375,50979.94921875,453200,0.0,0.0,^NSEBANK,0.04074804158983514,0.039939725361496925,0.40258154583235095,48432.3201171875,48076.0,47323.6280078125,46122.33798828125,48704.9127032055,48141.64357121156,48432.3201171875,50088.69834157163,46775.94189280336,0.06839970583182219,71.65358591210466,407.72605239960103,223.99037722840006,183.73567517120097,694.3493303571429,17.61498959442761,16.552868448842574,0.0
2024-06-04,50667.05078125,50667.05078125,46077.8515625,46928.6015625,653100,0.0,0.0,^NSEBANK,-0.07946943295031661,-0.08280507185362752,0.2911191857184756,48333.98515625,48083.0540625,47315.86453125,46132.79349609375,48535.740213614496,48094.073296360126,48333.98515625,50104.23461896067,46563.735693539325,0.07325071404677101,41.63404355871791,214.2735802802781,222.04701783877567,-7.773437558497562,1020.970703125,29.465159604725027,20.0479560350931,-0.07946943295031664
2024-06-05,47486.6015625,49362.8984375,46446.80078125,49054.6015625,546800,0.0,0.0,^NSEBANK,0.045302862843005665,0.044306664329207206,0.34961058110305276,48372.44765625,48136.450078125,47324.45203125,46153.2442578125,48585.15558017502,48131.74107150287,48372.44765625,50171.44184959196,46573.45346290804,0.0743809453731259,52.80750026343135,229.86183055396396,223.60998038181333,6.251850172150625,1199.070591517857,32.24156177929851,21.36931716352895,-0.037766762928470574
2024-06-06,49426.3984375,49672.75,48906.75,49291.8984375,250400,0.0,0.0,^NSEBANK,0.004837402964075865,0.004825740326486466,0.35613919132842886,48435.9875,48196.070078125,47335.781015625,46175.30025390625,48652.46442372978,48177.237438796874,48435.9875,50272.11643356152,46599.85856643849,0.07581672340474176,53.86903432003861,258.38500435182505,230.5649851758157,27.82001917600934,1202.888671875,32.26092269375069,21.378653964211335,-0.03311205301532841
2024-06-07,49316.94921875,49943.19921875,49080.44921875,49803.19921875,170300,0.0,0.0,^NSEBANK,0.010372917202576604,0.010319487659455055,0.3702063108752478,48551.7525390625,48258.43609375,47359.3105078125,46201.60724609375,48762.05821373171,48241.00064585386,48551.7525390625,50427.71511675096,46675.789961374045,0.0772768223424744,56.157404737746496,318.5751885455611,248.1670258497648,70.4081626957963,1233.810267857143,32.35881790769168,21.26427927815157,-0.023082604397087182
2024-06-10,49808.1484375,50252.94921875,49622.75,49780.8984375,195800,0.0,0.0,^NSEBANK,-0.0004477780865451697,-0.0004478783690898994,0.369592762515192,48669.7423828125,48316.7790625,47384.6930078125,46229.51623046875,48859.09061599536,48301.38879454587,48669.7423828125,50543.12182342928,46796.36294219572,0.0769833308704077,56.02686030083014,360.3232740842941,270.5982754966707,89.72499858762342,1255.0638950892858,32.326679830471704,21.26603646668918,-0.02352004659920295
2024-06-11,49751.19921875,49970.30078125,49530.44921875,49705.75,128500,0.0,0.0,^NSEBANK,-0.0015095837933569722,-0.0015107243629730088,0.3675252474774,48767.3248046875,48378.890078125,47408.1419921875,46257.590234375,48939.72484304342,48356.46178299505,48767.3248046875,50643.2011388656,46891.4484705094,0.07693168906397722,55.558172282574404,382.9308928216633,293.0647989616692,89.86609385999407,1237.99609375,32.266214552139765,21.246929169378483,-0.024994124911394775
2024-06-12,49857.44921875,50233.3984375,49697.3515625,49895.1015625,211700,0.0,0.0,^NSEBANK,0.0038094498624403617,0.003802212283286512,0.3727347663432865,48869.107421875,48441.073125,47432.7094921875,46287.33375,49030.713102039284,48416.8005978776,48869.107421875,50758.42812480976,46979.78671894024,0.07732167836112576,56.54459927152339,411.38449775468325,316.7287387202721,94.65575903441118,1201.4458705357142,31.45927926604715,21.160711979583112,-0.021279888914659845
2024-06-13,50179.0,50186.44921875,49799.6484375,49846.69921875,125700,0.0,0.0,^NSEBANK,-0.000970082076882206,-0.0009705529110232862,0.3714031009501437,48977.069921875,48495.515078125,47454.0784765625,46317.11048828125,49108.42606553555,48472.87505359808,48977.069921875,50828.4723488979,47125.6674948521,0.0756028251578191,56.20119887168119,425.1279101209511,338.4085730004079,86.71933712054323,1199.9210379464287,31.460738249370223,21.15852095207109,-0.022229327752707924
2024-06-14,49993.94921875,50102.6015625,49693.3515625,50002.0,155000,0.0,0.0,^NSEBANK,0.0031155680051846435,0.0031107246803848657,0.3756758005736751,49078.3173828125,48543.990078125,47472.51546875,46347.865234375,49193.52834500835,48532.84073777071,49078.3173828125,50920.910202083505,47235.724563541495,0.075087856207405,57.101410484582054,443.43944469428243,359.4147473391828,84.02469735509965,1177.9243861607142,31.447803651163202,21.051588201399397,-0.01918301672984638
2024-06-18,50194.3515625,50562.1484375,49900.19921875,50440.8984375,189200,0.0,0.0,^NSEBANK,0.008777617645294278,0.008739318314281258,0.3877509567549948,49194.5798828125,48601.8990625,47495.6734375,46380.0597265625,49312.325496674224,48607.66652991696,49194.5798828125,51074.474094166304,47314.68567145869,0.07642688344252332,59.62692185463114,487.7444887936872,385.08069563008365,102.66379316360354,1191.8136160714287,31.460394340274593,21.0852199089011,-0.010573780270690062
2024-06-19,50607.8984375,51957.0,50441.75,51398.05078125,435300,0.0,0.0,^NSEBANK,0.0189757195727982,0.018797926255818602,0.41408452974725996,49362.0724609375,48677.375078125,47549.009453125,46417.08373046875,49510.96599996716,48717.09336330257,49362.0724609375,51402.01728819569,47322.127633679316,0.08265231687233107,64.53099596400367,593.252109298417,426.7149783637504,166.53713093466666,1247.206752232143,31.871431237650487,21.273086435734943,0.0
2024-06-20,51712.8984375,51842.19921875,51281.5,51783.25,235900,0.0,0.0,^NSEBANK,0.007494432432650244,0.007466488701992967,0.4246822907095067,49562.1375,48751.8240625,47609.7064453125,46453.6047265625,49727.37399997028,48837.3348000358,49562.1375,51730.39275710279,47393.882242897205,0.08749643846990222,66.30486431648211,699.8822099440149,481.3484246798033,218.5337852642116,1235.0424107142858,31.6151906323901,21.284087622968382,0.0
2024-06-21,51927.30078125,51934.3515625,51224.94921875,51661.44921875,289400,0.0,0.0,^NSEBANK,-0.002352127015009642,-0.0023548976111389904,0.42133125700572305,49706.7798828125,48815.19203125,47669.309453125,46489.4309765625,49911.57163985407,48948.08438508342,49706.7798828125,52032.39484913611,47381.164916488895,0.09357335042850976,65.1945824176929,765.732144310874,538.2251686060175,227.50697570485647,1246.1782924107142,31.559436698010796,21.280879134702666,-0.0023521270150096796
2024-06-24,51280.25,51783.94921875,51138.8984375,51703.94921875,176600,0.0,0.0,^NSEBANK,0.0008226637200989817,0.0008223255177726104,0.4225005346651043,49843.394921875,48877.63703125,47736.1984375,46526.7934765625,50082.27426641559,49056.157515815445,49843.394921875,52304.259012803675,47382.53083094632,0.09874383937072738,65.41222010130443,811.9879943782216,592.9777337604584,219.01026061776327,1138.7354910714287,31.29651077429902,21.279924146856956,-0.0015313983044710404
2024-06-25,51759.44921875,52746.5,51747.6484375,52606.0,204000,0.0,0.0,^NSEBANK,0.017446458053592462,0.017296015872525123,0.4473181305743519,50009.6048828125,48955.146015625,47811.434453125,46567.350234375,50322.629098185535,49195.36702499915,50009.6048828125,52744.53993133237,47274.669834292625,0.10937639099243622,69.73753984138196,910.9333751930681,656.5688620469804,254.3645131460877,863.0535714285714,31.54022582913119,21.200197710715603,0.0
2024-06-26,52653.19921875,52988.30078125,52373.69921875,52870.5,214300,0.0,0.0,^NSEBANK,0.00502794358058023,0.005015345682290795,0.4545951644780306,50196.0224609375,49032.823984375,47891.47796875,46609.226484375,50565.28346978691,49339.489886763884,50196.0224609375,53179.0125216708,47213.0324002042,0.11885364275843396,70.88717300371373,999.1733929232869,725.0897682222417,274.0836247010452,698.6609933035714,31.5270471558276,21.11000722052626,0.0
2024-06-27,52980.30078125,53180.75,52639.0,52811.30078125,332900,0.0,0.0,^NSEBANK,-0.0011197022678053337,-0.0011203296027188692,0.452966450973626,50411.519921875,49117.758984375,47965.1674609375,46652.11998046875,50779.189880402446,49475.63933360648,50411.519921875,53499.88788508403,47323.15195866597,0.12252627843775434,70.24398317949837,1052.1982737754806,790.5114693328895,261.6868044425911,682.6431361607143,31.554490521760936,20.89012314209188,-0.0011197022678052979
2024-06-28,52874.94921875,53030.30078125,52242.30078125,52342.25,244600,0.0,0.0,^NSEBANK,-0.008881636587457997,-0.008921313426579956,0.4400617309823096,50594.51484375,49209.138984375,48034.9124609375,46693.88548828125,50928.052748935545,49588.05543817093,50594.51484375,53685.19801819228,47503.83166930773,0.12217463430520749,65.19639772624308,1044.3339639870173,841.2759682637152,203.05799572330216,677.3038504464286,31.69444664575266,20.86864711880694,-0.009991394066634513
2024-07-01,52351.1484375,52656.1484375,52166.05078125,52574.75,0,0.0,0.0,^NSEBANK,0.004441918335570172,0.004432082133301923,0.44645836758951285,50774.0548828125,49310.93796875,48100.691953125,46734.57873046875,51084.88105856073,49705.1807151054,50774.0548828125,53887.903370888525,47660.20639473648,0.12265510388180911,66.48209633852582,1044.8182345061796,881.9844215122082,162.83381299397138,667.2965959821429,31.68560056286289,20.837864860870532,-0.00559385668756679
2024-07-02,52793.75,52828.44921875,51996.6484375,52168.1015625,0,0.0,0.0,^NSEBANK,-0.0077346718244023505,-0.007764739541481991,0.4352704868085473,50833.4625,49412.911015625,48160.486484375,46772.527734375,51188.044916078754,49801.765846375776,50833.4625,54008.5841238544,47658.3408761456,0.12492250056168809,62.15709244058861,1000.8516966279567,905.757876535358,95.09382009259866,695.29296875,31.84538306926119,20.877198870681728,-0.013285261866258122
2024-07-03,52872.30078125,53256.69921875,52482.6484375,53089.25,0,0.0,0.0,^NSEBANK,0.01765731184211128,0.017503232617334264,0.4606135053719047,51141.494921875,49523.213046875,48231.6694921875,46815.3132421875,51369.11206692839,49930.68679357673,51141.494921875,53887.96044553845,48395.02939821155,0.10740654053460963,67.34020301412625,1028.4811882147842,930.3025388712433,98.17864934354088,734.7608816964286,32.099820854984685,21.050331778303295,0.0
2024-07-04,53357.69921875,53357.69921875,52815.8984375,53103.69921875,163700,0.0,0.0,^NSEBANK,0.00027216844747290914,0.00027213141635999054,0.46101103828201984,51343.9498046875,49626.7890625,48304.4509765625,46858.78623046875,51534.310843292355,50055.11865338745,51343.9498046875,54039.168118781075,48648.73149059393,0.10498679296572197,67.41559327129646,1039.560286672102,952.1540884314151,87.40619824068688,745.8323102678571,32.001074852529854,21.049582981384823,0.0
2024-07-05,52560.1015625,52817.8515625,52290.05078125,52660.3515625,199600,0.0,0.0,^NSEBANK,-0.008348715113493665,-0.008383760829631158,0.4488134733457336,51512.3724609375,49720.587109375,48374.146484375,46897.69623046875,51641.552816550226,50157.28464982324,51512.3724609375,54085.90713096054,48938.837790914455,0.09991908922364579,62.63784477517916,1001.0268865412581,961.9286480533838,39.09823848787437,774.7179129464286,31.77140982486279,21.03903123028997,-0.008348715113493667
2024-07-08,52533.1015625,52710.80078125,52246.69921875,52425.80078125,158000,0.0,0.0,^NSEBANK,-0.004454029916067359,-0.004463978659639256,0.4423604147926503,51643.5025390625,49805.323125,48440.2194921875,46934.0432421875,51716.24309890259,50246.24606674194,51643.5025390625,54115.61263247868,49171.39244564632,0.09573750701925406,60.20683948546242,940.7185832445393,957.686635091615,-16.968051847075685,760.5859375,31.83644867609534,21.055769969427914,-0.012765559602684811
2024-07-09,52390.5,52626.6015625,52292.94921875,52568.80078125,145100,0.0,0.0,^NSEBANK,0.002727664582495848,0.002723951256397956,0.4462946902112743,51782.89765625,49886.80015625,48515.7875,46969.03375,51797.43906864996,50337.32664378147,51782.89765625,54123.70598785738,49442.08932464263,0.09040854944604856,61.19565060357248,894.1554557813652,944.9803992295651,-50.824943448199974,676.1252790178571,31.81560558855948,21.04908904125647,-0.010072715184992923
2024-07-10,52528.80078125,52528.80078125,52075.3984375,52189.30078125,228000,0.0,0.0,^NSEBANK,-0.007219110848261101,-0.0072452947212723,0.43585372852338766,51907.0751953125,49966.56515625,48581.335,47002.42349609375,51834.759231754724,50409.95308054494,51907.0751953125,54038.014805475825,49776.135585149175,0.08210594036150819,57.1378628630376,817.211062973678,919.4265319783879,-102.2154690047098,671.318359375,31.902999960504218,21.089297654974033,-0.017219109985790626
2024-07-11,52316.8984375,52400.30078125,51749.44921875,52270.6484375,138300,0.0,0.0,^NSEBANK,0.0015587037004187732,0.0015574901826520202,0.4380917990432971,52025.8525390625,50023.497109375,48655.218984375,47034.2294921875,51876.27248944475,50482.92152591573,52025.8525390625,53938.210062386184,50113.495015738816,0.07351566307876768,57.78405729130367,754.1033196716598,886.3618895170423,-132.25856984538245,667.1361607142857,31.57563227491753,21.06216343259785,-0.015687245775824674
2024-07-12,52272.6484375,52794.55078125,52171.1484375,52278.8984375,171000,0.0,0.0,^NSEBANK,0.00015783236379518506,0.0001578199095780896,0.4383187764712946,52147.4625,50081.140078125,48722.983984375,47065.6197265625,51914.61781783097,50553.35199303668,52147.4625,53762.576772777335,50532.34822722267,0.06194411752162756,57.85345497158339,696.7242806780923,848.4343677492524,-151.71008707116005,665.58984375,31.582410588590754,21.062304923927346,-0.015531889367111681
2024-07-15,52330.05078125,52662.25,52154.0,52455.8984375,186100,0.0,0.0,^NSEBANK,0.0033856872522211034,0.003379968716949005,0.4431884740174237,52270.157421875,50145.63703125,48788.4599609375,47096.74171875,51966.168353037545,50627.96165752545,52270.157421875,53533.55839199453,51006.75645175548,0.04834119629380694,59.39566959288456,657.948973424689,810.3372888843397,-152.3883154596507,627.4255022321429,31.564914033065993,20.9155229154683,-0.01219878823472382
2024-07-16,52466.69921875,52619.05078125,52331.6015625,52396.80078125,158800,0.0,0.0,^NSEBANK,-0.0011266160338557762,-0.0011272511427603748,0.44156255474271977,52367.9525390625,50215.10203125,48850.238984375,47128.82646484375,52007.180965248255,50697.32789767151,52367.9525390625,53292.52207910892,51443.382999016074,0.0353105093943387,58.62433564500109,615.3571222469545,771.3412555568627,-155.9841333099082,604.0574776785714,29.413367565491644,20.917857613819944,-0.013311660918160788
2024-07-18,52215.05078125,52782.75,52168.6484375,52620.69921875,139400,0.0,0.0,^NSEBANK,0.004273131835562882,0.00426402793328968,0.44772254158834635,52429.0849609375,50289.61,48912.5974609375,47165.006953125,52065.61127510556,50772.75422398832,52429.0849609375,53238.09539838394,51620.07452349106,0.03086113129951435,60.70631268914325,592.8356655151438,735.6401375485191,-142.8044720333753,609.2254464285714,16.78817615071547,20.5336079687291,-0.009095411564651622
2024-07-19,52531.55078125,52586.75,52146.30078125,52265.6015625,134100,0.0,0.0,^NSEBANK,-0.0067482504322836645,-0.006771122831425262,0.437952947321246,52453.2025390625,50369.215,48969.8984765625,47203.215703125,52084.657969143125,50831.297256871134,52453.2025390625,53208.09616570143,51698.30891242357,0.02878350949407714,55.90191378754454,540.1078089957591,696.5336718379672,-156.42586284220806,586.8253348214286,11.605045661205143,20.57343965410569,-0.015782283881912357
2024-07-22,52145.6015625,52427.0,51874.55078125,52280.3984375,175300,0.0,0.0,^NSEBANK,0.0002831092450414907,0.0002830691771813861,0.4383600450945673,52484.15,50454.4009375,49021.76046875,47241.55744140625,52103.29991851045,50888.1247541507,52484.15,53147.5842661821,51820.7157338179,0.025281318881304134,56.05797398922265,493.82211304471275,655.9913600793163,-162.1692470346036,591.2790178571429,11.588161487293599,20.57242797933015,-0.015503642747345682
2024-07-23,52511.0,52547.55078125,51342.6484375,51778.30078125,207800,0.0,0.0,^NSEBANK,-0.009603937063529577,-0.009650352285402888,0.4245461257467835,52487.867578125,50540.208984375,49069.346484375,47276.6184375,52072.34761972374,50923.033617958514,52487.867578125,53133.48801805144,51842.24713819856,0.02460074945759502,49.6385719883853,411.8774144301424,607.1685709494816,-195.2911565193392,617.9291294642857,11.777191068096613,20.616086925474896,-0.024958683801674302
2024-07-24,51657.6484375,51944.6484375,50784.25,51317.0,292200,0.0,0.0,^NSEBANK,-0.008909152565644729,-0.008949076367078798,0.4118546269757073,52423.417578125,50618.126953125,49113.3184765625,47310.08244140625,52000.409751178624,50938.48327999936,52423.417578125,53251.07398923538,51595.76116701462,0.031575828106855074,44.58679562677301,306.1830450520065,546.9714657699866,-240.7884207179801,623.0577566964286,12.137595043235601,20.673178185284215,-0.03364547564549227
2024-07-25,50762.30078125,51006.1015625,50559.8984375,50888.75,188400,0.0,0.0,^NSEBANK,-0.008345187754545291,-0.008380203780163626,0.4000724350314715,52324.330078125,50680.819921875,49154.0884765625,47341.5846875,51894.537393923514,50936.5329552935,52324.330078125,53371.911465072146,51276.748691177854,0.04004184613096856,40.46916878362728,185.722407561414,474.7216541282721,-288.9992465668581,638.4363839285714,12.420828523180841,20.640892945340582,-0.041709885588684936
2024-07-26,50456.1015625,51398.6015625,50438.30078125,51295.94921875,215700,0.0,0.0,^NSEBANK,0.008001753211662743,0.007969908944948765,0.4112754691350451,52248.5625,50749.549921875,49201.28296875,47376.5596875,51837.52899628794,50950.627710723165,52248.5625,53364.79576454353,51132.32923545647,0.04272780766144641,45.61238722129055,121.71104911367001,404.1195331253517,-282.4084840116817,648.9115513392857,12.567255955829554,20.67258218978434,-0.03404188458798958
2024-07-29,51546.6484375,52340.25,51186.94921875,51406.25,513700,0.0,0.0,^NSEBANK,0.0021502824868222525,0.002147973938197812,0.4143101100604081,52201.7625,50823.9259375,49249.4649609375,47410.66818359375,51796.45480616528,50968.49525147912,52201.7625,53378.31388605647,51025.21111394352,0.045077075167968716,46.949412314585274,78.97160212054587,339.0899469243906,-260.1183448038447,698.1400669642857,12.558288979079807,20.63583130832635,-0.03196480176941534
2024-07-30,51383.8984375,51957.75,51260.05078125,51499.30078125,235200,0.0,0.0,^NSEBANK,0.0018101063829787378,0.0018084701146688046,0.41687016181813985,52147.9900390625,50894.3709375,49304.826484375,47446.16943359375,51768.154422840016,50989.31115460739,52147.9900390625,53350.77634542711,50945.20373269788,0.046129728316034554,48.108358026620145,52.009173469290545,281.6737922333706,-229.66461876408005,724.1434151785714,12.545391835317126,20.61766398455574,-0.030212555078150086
2024-07-31,51583.44921875,51663.1015625,51335.69921875,51553.3984375,219000,0.0,0.0,^NSEBANK,0.0010504541892673025,0.001049902848337241,0.41835851901526966,52117.2548828125,50963.1259375,49359.151484375,47484.116171875,51747.70147185525,51011.43222452475,52117.2548828125,53348.94541741384,50885.56434821116,0.04726613239207772,48.808544125360164,34.60754897364677,232.26054358142585,-197.65299460777908,712.2862723214286,12.327874950937911,20.59789689655766,-0.02919383779393311
2024-08-01,51672.6015625,51877.1484375,51456.19921875,51564.0,156400,0.0,0.0,^NSEBANK,0.00020564235959841248,0.00020562121810672305,0.41865019360787636,52040.9923828125,51033.441953125,49401.9225,47520.8694140625,51730.20609358333,51033.1015490532,52040.9923828125,53206.37368939896,50875.61107622604,0.0447870516385982,48.953907396222526,21.42511825513793,190.09345851616828,-168.66834026103035,695.8646763392857,11.051599136913048,20.596827216446865,-0.028994198924024463
2024-08-02,51172.25,51608.69921875,51087.8515625,51350.1484375,163000,0.0,0.0,^NSEBANK,-0.0041473035935923885,-0.004155927509398077,0.41276662056187585,51953.31484375,51104.8059375,49440.86296875,47555.8171484375,51694.0101263373,51045.53476036484,51953.31484375,53043.48258282563,50863.14710467437,0.04196720622560152,46.10960454716058,-6.206541775092774,150.83345845791607,-157.04000023300884,688.5393415178571,10.891458988846697,20.597152991497225,-0.03302125477222595
2024-08-05,50586.25,50747.55078125,49719.1015625,50092.1015625,257800,0.0,0.0,^NSEBANK,-0.024499381467829817,-0.024804484852365218,0.37815471219971375,51824.90234375,51131.2759375,49465.973984375,47586.84515625,51541.44740597185,51008.14522319367,51824.90234375,53145.159944235726,50504.644743264274,0.05095070287749212,33.70356013804032,-128.14156411472504,95.03845394338785,-223.1800180581129,768.7391183035714,12.95720665774237,21.03751558936623,-0.05671163592284465
2024-08-06,50436.8984375,50688.80078125,49659.05078125,49748.30078125,162800,0.0,0.0,^NSEBANK,-0.006863373077311219,-0.006887034348547458,0.3686959222516326,51691.02734375,51146.808984375,49483.8030078125,47613.78591796875,51370.671536950715,50958.73955880372,51691.02734375,53271.99143535453,50110.06325214547,0.06116976863667181,31.230600711347776,-249.64010189803957,26.10274277510237,-275.7428446731419,821.7606026785714,13.05461056235529,21.04297304265884,-0.06318577588499272
2024-08-07,50286.19921875,50292.44921875,49782.19921875,50119.0,171000,0.0,0.0,^NSEBANK,0.007451495084827453,0.007423869843349755,0.37889475318891397,51568.5373046875,51163.55296875,49506.635,47641.79642578125,51251.46472390779,50925.80859571337,51568.5373046875,53240.1632385744,49896.911370800604,0.0648312331998197,36.62975907433506,-312.4149148832803,-41.60078875657416,-270.8141261267061,816.7639508928571,12.096886451776971,21.066472206409035,-0.05620510929860333
2024-08-08,50051.8984375,50440.75,49829.6015625,50156.69921875,124800,0.0,0.0,^NSEBANK,0.0007521941529160525,0.0007519113966770541,0.3799319497597493,51466.9072265625,51183.843984375,49534.9234765625,47669.58392578125,51147.20134246419,50895.647443675596,51466.9072265625,53224.564101644304,49709.250351480696,0.06830240905459588,37.17000712513527,-355.02983165367186,-104.28659733599372,-250.74323431767814,826.5318080357143,11.956437793806991,21.038120606992138,-0.055495192300265686
2024-08-09,50612.1015625,50707.75,50386.44921875,50484.5,120200,0.0,0.0,^NSEBANK,0.006535533365550128,0.006514269364804872,0.3889505410595928,51377.5998046875,51223.506953125,49566.9444921875,47700.5666796875,51084.08692889618,50879.52401451185,51377.5998046875,53144.789470294556,49610.41013908045,0.06879222354975878,41.81496190870196,-358.2223128794285,-155.07374044468068,-203.14857243474782,826.4319196428571,12.19374865508882,21.053010076636298,-0.04932234961562162
2024-08-12,50412.6015625,50830.69921875,50149.25,50577.94921875,163500,0.0,0.0,^NSEBANK,0.0018510477225683886,0.0018493366449316277,0.3915215547953812,51292.55234375,51261.41890625,49602.9109765625,47732.32693359375,51035.883337453684,50867.69755193296,51292.55234375,53040.72415057996,49544.38053692004,0.06816474232415437,43.10626822467647,-349.1866005163756,-193.89631245901967,-155.29028805735595,789.0424107142857,12.022601998839166,21.02661626620444,-0.04756259991598102
2024-08-13,50395.3515625,50559.25,49785.1015625,49831.8515625,148900,0.0,0.0,^NSEBANK,-0.014751441443841884,-0.014861325931531793,0.3709946060619733,51161.35,51278.376953125,49633.33,47759.43869140625,50921.21364460095,50827.07614058265,51161.35,52935.58007484598,49387.11992515402,0.06935821962657288,36.19882785586157,-397.64576596677944,-234.64620316057164,-162.9995628062078,762.7887834821429,12.52809049300664,21.1347103858461,-0.06161242445224545
2024-08-14,49887.1484375,49959.25,49654.6484375,49727.30078125,137100,0.0,0.0,^NSEBANK,-0.002098071373464183,-0.0021002754085631572,0.3681181615258209,51027.875,51253.323984375,49664.6619921875,47788.63169921875,50807.50765761515,50783.94769511862,51027.875,52812.38942425186,49243.36057574814,0.069942729312238,35.34413444078447,-439.4210061661943,-275.60116376169617,-163.8198424044981,730.4673549107143,12.400136618035402,21.13846427111314,-0.06358122856171669
2024-08-16,50133.0,50603.3984375,49806.05078125,50516.8984375,130700,0.0,0.0,^NSEBANK,0.01587855451321274,0.015753809052220322,0.38984190033412514,50922.6849609375,51325.089921875,49704.0719921875,47822.44369140625,50779.830589032754,50773.47517521201,50922.6849609375,52553.25120991536,49292.118711959636,0.06404085920562361,45.76006874294236,-404.15540119518846,-301.31201124839464,-102.84338994679382,724.4528459821429,12.169077266230515,21.29222564659072,-0.0487122520522383
2024-08-19,50683.55078125,50728.25,50283.55078125,50368.3515625,115300,0.0,0.0,^NSEBANK,-0.002940538306875351,-0.0029448701837599305,0.38575501698569226,50827.8224609375,51351.364921875,49743.9075,47855.6701953125,50740.64211031535,50757.5879747135,50827.8224609375,52346.33471957116,49309.310202303845,0.05975122226810618,44.313726961620866,-383.7697873153884,-317.80356646179337,-65.96622085359502,673.8384486607143,12.161159967764377,21.252993087360156,-0.05150955011593987
2024-08-20,50417.25,51025.6015625,50398.6015625,50803.1484375,144200,0.0,0.0,^NSEBANK,0.008632342761118128,0.008595297131399825,0.39771732927525183,50753.9599609375,51381.589921875,49788.83,47893.92994140625,50746.59509385674,50759.37465952865,50753.9599609375,52109.99489216118,49397.92502971382,0.05343563072782278,49.35909973326192,-328.7400566424403,-319.99086449792276,-8.749192144517565,670.94921875,12.352761260677667,21.24904191498027,-0.04332185544689352
2024-08-21,50666.6484375,50772.44921875,50333.3515625,50685.55078125,180800,0.0,0.0,^NSEBANK,-0.0023147710302772184,-0.0023174542542376366,0.39448193369292905,50699.3224609375,51399.236953125,49828.8365234375,47933.1976953125,50740.781349798955,50756.47960547851,50699.3224609375,51966.73977362718,49431.905148247824,0.049997406322981545,48.08999696373352,-291.26027947254624,-314.24474749284747,22.98446802030122,681.1202566964286,12.318804233711134,21.25360972695058,-0.04553634630120445
2024-08-22,50894.80078125,51080.0,50794.44921875,50985.69921875,133100,0.0,0.0,^NSEBANK,0.005921775197736068,0.005904310401470354,0.40273974222156284,50682.757421875,51423.33296875,49870.056015625,47976.72544921875,50764.10686112763,50765.468609920536,50682.757421875,51924.58499327479,49440.929850475215,0.049003946689917297,51.51645953492207,-234.63311112607335,-298.32242021949264,63.6893090934193,679.2273995535714,12.439138447336475,21.268513103636806,-0.03988422710959034
2024-08-23,51040.05078125,51117.8515625,50856.69921875,50933.44921875,88500,0.0,0.0,^NSEBANK,-0.0010247971647073806,-0.0010253226283482178,0.40130221851091186,50684.9923828125,51447.886953125,49913.388515625,48017.4826953125,50780.23470471071,50772.056084776596,50684.9923828125,51928.540632987766,49441.44413263724,0.04906968282773011,50.88675820038068,-191.7613055996262,-277.0101972955194,85.24889169589318,660.677734375,12.29830151148825,21.25549528514806,-0.040868151031439294
2024-08-26,51100.6484375,51317.8515625,51061.55078125,51148.1015625,100300,0.0,0.0,^NSEBANK,0.004214368888078024,0.004205513307253468,0.40720782298339886,50677.6,51472.946953125,49957.0100390625,48058.0274609375,50815.269643547785,50786.80296625594,50677.6,51907.53941659959,49447.66058340041,0.04853976575842545,53.40645554267389,-138.86370626295684,-249.3808990890069,110.51719282605006,571.6316964285714,12.366129439584798,21.20767122493031,-0.03682601560758148
2024-08-27,51214.05078125,51404.69921875,50938.1015625,51278.75,111400,0.0,0.0,^NSEBANK,0.0025543164557213505,0.002551059734062977,0.41080227708226524,50671.225,51501.58796875,49998.5515234375,48100.19146484375,50859.41062987656,50806.09500679493,50671.225,51886.49666448714,49455.95333551286,0.04796693446772364,54.922334288504466,-85.41512822126242,-216.58774491545802,131.1726166941956,531.4065290178571,12.399932575953091,21.014532357366473,-0.034365764449525237
2024-08-28,51208.94921875,51260.75,51033.69921875,51143.8515625,128100,0.0,0.0,^NSEBANK,-0.00263068888184681,-0.002634155224423855,0.4070908952174608,50653.4525390625,51524.425,50034.2075390625,48142.4059765625,50886.50024250737,50819.34036192062,50653.4525390625,51827.429491103154,49479.47558702184,0.04635328465064915,53.00480784614076,-53.327198807150126,-183.93563569379646,130.60843688664633,510.0424107142857,12.353814394050065,20.99051640626525,-0.03690604769691848
2024-08-29,51103.75,51368.94921875,50984.3984375,51152.75,143600,0.0,0.0,^NSEBANK,0.00017398841166915702,0.00017397327744088755,0.4073357127273938,50633.4201171875,51538.66203125,50070.280546875,48183.08373046875,50911.85736226857,50832.41524968844,50633.4201171875,51755.25351550363,49511.586718871375,0.04431197401715008,53.121076200554526,-26.869518937899556,-152.5224123426171,125.65289340471753,493.8568638392857,12.356710352638679,20.927254807712227,-0.036738480509869144
2024-08-30,51437.44921875,51466.55078125,51256.0,51351.0,478600,0.0,0.0,^NSEBANK,0.0038756469593521636,0.0038681559883432283,0.4127900491032135,50622.7701171875,51537.721015625,50107.548046875,48223.24748046875,50953.68047062395,50852.751906563404,50622.7701171875,51710.945494346815,49534.59474002819,0.04299153818095211,55.74787238728843,9.980452685449563,-120.02183933700377,130.00229202245333,476.91043526785717,12.343139686350222,20.868579812307715,-0.0330052189307963
2024-09-02,51579.5,51579.5,51295.80078125,51439.55078125,150200,0.0,0.0,^NSEBANK,0.0017244217493330716,0.0017229366412050055,0.4152262949911285,50627.240234375,51530.84703125,50141.335546875,48262.3482421875,50999.95383354072,50875.76362713935,50627.240234375,51728.650683016334,49525.829785733666,0.0435105861406799,56.90931049657309,45.80165570733516,-86.857140328136,132.65879603547114,448.49972098214283,12.231170261291489,20.84063559090078,-0.03133771209882904
2024-09-03,51479.75,51750.1015625,51240.05078125,51689.1015625,127200,0.0,0.0,^NSEBANK,0.004851340601927712,0.004839610770749729,0.42209203977693477,50707.090234375,51531.400078125,50173.2960546875,48302.1042578125,51065.58695058446,50907.65923244761,50707.090234375,51874.71528863269,49539.46518011731,0.04605371946450758,60.08846454170615,93.25192944860464,-50.83532637278787,144.08725582139252,428.29994419642856,12.327930161337237,20.851264100426242,-0.026638401411977906
2024-09-04,51364.6484375,51503.55078125,51259.8984375,51400.25,159700,0.0,0.0,^NSEBANK,-0.005588248852627764,-0.00560392153107091,0.4141450355673202,50789.6876953125,51525.32609375,50201.4815625,48340.812265625,51097.45962195737,50926.976517449664,50789.6876953125,51904.24691467942,49675.12847594559,0.043889193651008795,55.027765857226704,106.32307990745176,-19.403645116739945,125.7267250241917,437.20005580357144,12.11915667619804,20.870215757772904,-0.03207778824847934
2024-09-05,51544.25,51636.75,51389.1484375,51473.05078125,129600,0.0,0.0,^NSEBANK,0.0014163507230022798,0.0014153486444019108,0.416147960910876,50857.390234375,51502.667109375,50228.9065625,48379.75951171875,51133.23020855667,50948.391194461445,50857.390234375,51964.890135829504,49749.8903329205,0.04355315506165839,56.032830247040216,121.15982045319106,8.709047997246259,112.4507724559448,392.30747767857144,11.841861876810663,20.849418934218562,-0.030706870924055066
2024-09-06,51200.3984375,51380.05078125,50447.30078125,50576.8515625,186000,0.0,0.0,^NSEBANK,-0.017411037526387618,-0.017564392290923443,0.3914913556205395,50878.3978515625,51456.794140625,50244.8090625,48413.54326171875,51080.24176607508,50933.8210128159,50878.3978515625,51945.1241567273,49811.671546397694,0.04193238585369663,43.225862975692664,59.91163311206765,18.94956502021054,40.962068091857105,433.8111049107143,12.668237273836741,21.040026175439195,-0.047583269968466034
2024-09-09,50549.25,51192.75,50369.3984375,51117.80078125,172400,0.0,0.0,^NSEBANK,0.010695589030122354,0.01063879581679089,0.4063741752992247,50910.062890625,51422.924140625,50270.3415625,48449.676015625,51083.818815139355,50941.035905695666,50910.062890625,51965.0913062484,49855.034475001594,0.04144675357757951,50.56985571261895,54.39505212558288,26.038662441285005,28.356389684297874,445.67550223214283,12.842173305640426,20.69162426127949,-0.037396612038635785
2024-09-10,51328.30078125,51366.0,50958.25,51272.30078125,119300,0.0,0.0,^NSEBANK,0.0030224304965926763,0.00301787213611479,0.4106248434962694,50944.78046875,51401.52515625,50305.3320703125,48485.0290234375,51101.76947857847,50954.026685129174,50944.78046875,51999.490620319404,49890.0703171806,0.041406014192812944,52.46126696903674,61.77784420595708,33.18649879421942,28.591345411737663,441.2435825892857,12.857837608709827,20.69531854699215,-0.03448721020273791
2024-09-11,51218.55078125,51420.1484375,50947.69921875,51010.0,145100,0.0,0.0,^NSEBANK,-0.005115837933021394,-0.005128968634069694,0.4034083154126489,51003.687890625,51370.23015625,50340.5840625,48519.27126953125,51093.02952823766,50956.221717084896,51003.687890625,51919.077401392766,50088.29837985723,0.03589503224671819,49.03105385611501,45.93378315262089,35.735955665899716,10.197827486721174,446.8150111607143,12.927036898808836,20.706701962530364,-0.03942661715760003
2024-09-12,51271.0,51878.1015625,51025.0,51772.3984375,127900,0.0,0.0,^NSEBANK,0.014946058370907567,0.014835466619373659,0.4243837380130233,51105.9427734375,51362.31609375,50387.6135546875,48560.213515625,51157.731329119786,50988.228647297256,51105.9427734375,51864.45043897565,50347.43510789935,0.029683736347483492,57.69045369337146,93.81499206351145,47.35176294542207,46.46322911808939,490.1685267857143,13.658513168529115,20.815151121840376,-0.025069831308097285
2024-09-13,51952.55078125,51994.1015625,51643.94921875,51938.05078125,152000,0.0,0.0,^NSEBANK,0.0031996266108855753,0.0031945186983693644,0.4289412341252825,51177.000390625,51339.292109375,50431.252578125,48601.9790234375,51232.0474674179,51025.47657411893,51177.000390625,51968.70511116416,50385.295670085834,0.0309398641771195,59.30812438843389,143.4740749901248,66.5762253543626,76.89784963576219,487.7220982142857,13.68658922962018,20.81810313110241,-0.021950418796595428
2024-09-16,52038.69921875,52208.69921875,51921.44921875,52153.1484375,93800,0.0,0.0,^NSEBANK,0.00414142720056887,0.0041328750947581695,0.43485909022030333,51266.240234375,51320.28109375,50473.535078125,48644.2990234375,51319.77136933048,51069.69900013388,51266.240234375,52076.303236398984,50456.177232351016,0.03160220052496931,61.37332322593924,197.90451909228432,92.84188410194696,105.06263499033736,474.9115513392857,13.664566903108376,20.7044256831739,-0.01789989765749458
2024-09-17,52249.05078125,52284.6015625,52085.5,52188.6484375,111400,0.0,0.0,^NSEBANK,0.0006806875723437411,0.0006804560096334505,0.43583578097108067,51335.515234375,51310.84703125,50515.7170703125,48687.9942578125,51402.52156629901,51113.57937022667,51335.515234375,52212.995141212035,50458.03532753797,0.034186075773501176,61.718640949596015,241.12604060716694,122.49871540299097,118.62732520417597,471.6294642857143,11.416900211514168,20.676028061735213,-0.01723139432303261
2024-09-18,52177.1015625,52954.19921875,52154.55078125,52750.3984375,205100,0.0,0.0,^NSEBANK,0.010763834987463694,0.010706317288215363,0.4512908803865494,51438.7576171875,51317.338984375,50561.3310546875,48733.85875,51530.89079212767,51177.76835325699,51438.7576171875,52467.15679053474,50410.358443840254,0.039985381489992235,66.77963002856463,317.05314674438705,161.4096016712702,155.64354507311685,501.279296875,11.452233386577051,20.637007374295425,-0.006653035220666051
2024-09-19,52929.25,53353.30078125,52847.8984375,53037.6015625,164900,0.0,0.0,^NSEBANK,0.005444567880189322,0.005429799800114159,0.4591925320987138,51541.352734375,51326.715,50606.757578125,48780.20125,51674.38705597266,51250.70298891359,51541.352734375,52769.4576477251,50313.2478210249,0.04765512925822094,69.03370357751197,395.8378450371456,208.29525034444526,187.54259469270033,521.9294084821429,11.383482160369596,20.64384448069438,-0.0012446902423449637
2024-09-20,53235.80078125,54066.1015625,53037.6015625,53793.19921875,271900,0.0,0.0,^NSEBANK,0.01424645221484222,0.014145925158782133,0.47998084877951275,51684.340234375,51358.79296875,50662.6790625,48829.7625,51876.17869052288,51350.40872341698,51684.340234375,53237.36820193979,50131.31226681021,0.06009665444203076,74.02685061876048,513.3283721749322,269.3018747105427,244.02649746438948,575.1294642857143,11.922939219949917,20.73544088030373,0.0
2024-09-23,53917.8984375,54197.94921875,53741.3984375,54105.80078125,163700,0.0,0.0,^NSEBANK,0.005811172546715593,0.005794352813654416,0.4885812728576051,51832.2251953125,51395.496015625,50709.4965625,48877.4592578125,52088.52365154451,51458.463313920234,51832.2251953125,53701.36659159222,49963.083799032785,0.07212275333487915,75.76771403963068,624.466335776604,340.33476692375496,284.131568852849,571.3080357142857,11.902743352355044,20.748131781785727,0.0
2024-09-24,54110.6484375,54247.69921875,53904.6484375,53968.6015625,192600,0.0,0.0,^NSEBANK,-0.002535758029064139,-0.002538978508845427,0.4848065909430419,51966.7177734375,51429.290078125,50755.215078125,48924.893515625,52267.57869068313,51556.90010798219,51966.7177734375,54043.71102156518,49889.72452530982,0.07993551785136298,73.44109951922043,693.4791463816073,410.96364281532544,282.51550356628184,565.154296875,11.985984663005095,20.741603174691406,-0.002535758029064149
2024-09-25,53794.0,54141.30078125,53792.8515625,54101.6484375,184600,0.0,0.0,^NSEBANK,0.0024652644528118106,0.002462230673423336,0.4884670318509945,52114.6076171875,51462.205078125,50803.9210546875,48971.33076171875,52442.25199990378,51656.69416012015,52114.6076171875,54359.34047186903,49869.87476250598,0.0861460138458841,74.26633817401755,750.2595419110949,478.82282263447934,271.4367192766155,572.3577008928571,10.85647667330706,20.727673640142346,-7.67448903822336e-05
2024-09-26,54045.8515625,54467.3515625,54010.8984375,54375.3515625,170500,0.0,0.0,^NSEBANK,0.005059053335799701,0.005046299322874193,0.4959972659537082,52275.7376953125,51501.77609375,50858.4390625,49011.05052734375,52626.35672015104,51763.30817589975,52275.7376953125,54686.282801439935,49865.19258918506,0.09222424062869176,75.92370587892765,808.0295080164069,544.6641597108649,263.36534830554206,531.6936383928571,10.775661047771818,20.735203256637345,0.0
2024-09-27,54338.69921875,54338.69921875,53763.19921875,53834.30078125,217400,0.0,0.0,^NSEBANK,-0.009950294861599263,-0.010000129903335453,0.48111165204532247,52399.902734375,51526.048125,50907.8290625,49045.16078125,52741.399011684276,51844.523572187994,52399.902734375,54865.096078576935,49934.70939017306,0.09409152366936507,66.7691721336735,800.9218179078453,595.915691350261,205.00612655758425,516.6079799107143,10.69425515583732,20.81761879604213,-0.009950294861599315
2024-09-30,53556.94921875,53726.3984375,52926.55078125,52978.1015625,179300,0.0,0.0,^NSEBANK,-0.015904343630821494,-0.016032174897345076,0.45755554337558,52476.8302734375,51540.298125,50954.7565625,49075.87853515625,52763.942111761964,51888.977611023765,52476.8302734375,54911.67718967002,50041.98335720498,0.09279702693723788,55.387804224398195,717.9250082882209,620.317554737853,97.60745355036784,552.322265625,11.82963977353031,20.98630077822537,-0.0256963855837139
2024-10-01,52844.0,53235.25,52817.80078125,52922.6015625,240200,0.0,0.0,^NSEBANK,-0.0010476026577608266,-0.001048151776964424,0.45602860431450565,52538.5052734375,51553.1421875,51003.7715625,49106.28455078125,52779.05253564178,51929.51188363068,52538.5052734375,54951.73185597581,50125.278690899184,0.09186506429821853,54.73647860015127,640.2901858422119,624.3120809587248,15.978104883487163,548.3936941964286,11.669165379304443,20.730484616228086,-0.026717068639642415
2024-10-03,52314.44921875,52582.94921875,51683.3984375,51845.19921875,272300,0.0,0.0,^NSEBANK,-0.02035807598153727,-0.02056815774102152,0.4263866633565794,52560.752734375,51554.48015625,51047.3445703125,49129.200546875,52690.11412450923,51926.20550461575,52560.752734375,54937.72764894162,50183.777819808376,0.09044676078286328,43.935378233606734,486.2218025344555,596.6940252738709,-110.47222273941543,574.9009486607143,13.233759556577636,21.028290328630035,-0.04653123650780994
2024-10-04,51643.75,52358.3515625,51347.25,51462.05078125,255800,0.0,0.0,^NSEBANK,-0.007390239468140214,-0.007417682578876221,0.4158453243402127,52560.202734375,51557.381171875,51087.7540625,49149.93955078125,52573.155710865496,51908.0033586014,52560.202734375,54938.2422045996,50182.163264150404,0.09048821528495861,40.84835733025073,329.40741829009494,543.2367038771157,-213.82928558702076,622.1116071428571,13.346945882593955,21.049977744735205,-0.053577598995408794
2024-10-07,51543.19921875,51784.80078125,50194.30078125,50478.8984375,328700,0.0,0.0,^NSEBANK,-0.019104414395164526,-0.019289261773879247,0.3887964285445611,52555.305078125,51549.184140625,51115.00203125,49166.8462890625,52373.70263721164,51851.96002836214,52555.305078125,54950.88243491447,50159.72772133553,0.09116405482675351,34.20672102674543,124.36510784747952,459.4623846711885,-335.09727682370897,715.2008928571429,14.487932482412456,21.299058659176843,-0.07165844473706708
2024-10-08,50736.1015625,51176.05078125,50466.0,51021.0,153200,0.0,0.0,^NSEBANK,0.010739171798116676,0.010681916444619825,0.40371095198331197,52550.4650390625,51543.68515625,51146.6175390625,49186.4900390625,52244.87381462005,51819.37336058323,52550.4650390625,54958.62929265726,50142.30078546775,0.09165149163969094,39.99965726188343,5.546725929787499,368.67925292290835,-363.13252699312085,751.697265625,14.783376240135393,21.246167584113028,-0.061688825287767535
2024-10-09,51161.75,51707.1484375,50903.75,51007.0,310000,0.0,0.0,^NSEBANK,-0.00027439681699692464,-0.0002744344706917072,0.40332577816610393,52537.2,51535.70015625,51179.813046875,49202.86353515625,52126.98107037052,51787.515581736836,52537.2,54977.71430408114,50096.68569591885,0.09290614285044295,39.90194628468366,-88.72461860322801,277.1984786176811,-365.9230972209091,751.9651227678571,14.762944926798571,21.240304303145845,-0.061946294887461215
2024-10-10,51195.69921875,51659.44921875,51047.0,51530.8984375,123700,0.0,0.0,^NSEBANK,0.010271108622345926,0.010218719212350411,0.4177394896661861,52563.244921875,51536.332109375,51215.3515234375,49219.8002734375,52070.21129581142,51777.452164315786,52563.244921875,54945.559544280244,50180.93029946975,0.09064564510604674,45.288031024302676,-119.78035940710834,197.8027110127232,-317.58307041983153,755.5041852678571,15.0443087179232,21.281569404676016,-0.05231144338865625
2024-10-11,51491.8984375,51560.0,51005.8515625,51172.30078125,109400,0.0,0.0,^NSEBANK,-0.006958886165839506,-0.006983212134293377,0.4078736019447837,52533.2400390625,51528.71015625,51245.918046875,49236.32328125,51984.696008710336,51753.72073752889,52533.2400390625,54971.94291435185,50094.537163773144,0.09284418297732978,42.48157397163342,-171.3528427644851,123.97160025728152,-295.3244430217666,721.6219308035714,15.190618642303026,20.206751558247113,-0.05890630017478335
2024-10-14,51263.25,51893.0,51220.8515625,51816.8984375,126600,0.0,0.0,^NSEBANK,0.012596612745741309,0.012517935442152819,0.42560804050343415,52527.182421875,51533.768125,51283.6050390625,49256.05328125,51968.715287642684,51756.19829439051,52527.182421875,54972.70257036695,50081.662273383045,0.09311446134120124,48.642484803956584,-158.38499996453902,67.50028021291742,-225.88528017745642,740.4896763392857,15.586243531040973,15.188036623253398,-0.04705170728062821
2024-10-15,51975.94921875,52022.05078125,51698.75,51906.0,101400,0.0,0.0,^NSEBANK,0.0017195464257180326,0.0017180696983880427,0.42805943971395677,52514.825,51544.88515625,51324.845546875,49278.35677734375,51962.74240310529,51762.07287108108,52514.825,54970.77861890465,50058.87138109534,0.09353372572048582,49.448518319837916,-139.31223495074664,26.137777180184607,-165.45001213093124,739.0789620535714,15.586206179010487,13.224260196085613,-0.04541306844998847
2024-10-16,51711.19921875,52031.6015625,51711.19921875,51801.05078125,94400,0.0,0.0,^NSEBANK,-0.00202190919643197,-0.0020239560142832065,0.4251720331997477,52495.4451171875,51579.064140625,51355.1700390625,49298.1612890625,51947.34320102383,51763.601416577905,52495.4451171875,54968.294942783905,50022.59529159109,0.09421197668011672,48.48331244956709,-131.15359907154925,-5.320498070162163,-125.83310100138709,737.0756138392857,15.540862798701333,13.212748268966354,-0.04734315654568325
2024-10-17,51849.30078125,51930.19921875,51150.25,51288.80078125,107800,0.0,0.0,^NSEBANK,-0.009888795541294626,-0.009938014425723158,0.41107879835226435,52422.365234375,51609.874140625,51378.3415625,49317.14603515625,51884.62487533109,51744.98178381995,52422.365234375,54949.28808564341,49895.44238310659,0.09640628918480885,43.97174162457722,-164.13012538760813,-37.08242353365136,-127.04770185395677,760.1824776785714,15.726960883212888,13.222796839194281,-0.05676378529161809
2024-10-18,51261.0,52199.44921875,51000.8984375,52094.19921875,139100,0.0,0.0,^NSEBANK,0.01570320275053949,0.015581183202946233,0.4332372548197776,52375.1951171875,51649.378125,51406.465546875,49338.9927734375,51904.58433660908,51758.67658518976,52375.1951171875,54888.948339698596,49861.4418946764,0.0959902189151438,51.59801194080836,-123.8476979954794,-54.43547842601697,-69.41221956946242,802.0680803571429,16.372571209288164,13.468724610709701,-0.04195195577040091
2024-10-21,52361.1015625,52577.5,51855.1484375,51962.69921875,145700,0.0,0.0,^NSEBANK,-0.0025242733734675005,-0.0025274647231901728,0.42961937217957447,52283.6701171875,51685.498125,51434.6710546875,49357.3952734375,51910.11908728917,51766.67747278036,52283.6701171875,54711.877956387914,49855.46227798709,0.09288589855141684,50.39196009652888,-101.36605034642707,-63.82159281009899,-37.54445753632808,788.8253348214286,15.506857152118044,13.474166737265506,-0.04437033093895226
2024-10-22,52071.3515625,52257.30078125,51179.6015625,51257.1484375,203900,0.0,0.0,^NSEBANK,-0.013578024079923368,-0.013671048466876334,0.4102079659189952,52141.2375,51700.95109375,51462.2290234375,49371.13826171875,51847.93140635687,51746.69594198505,52141.2375,54450.703777706745,49831.77122229326,0.08858501978234569,44.395935230927456,-138.8803083809762,-78.83333592427444,-60.046972456701766,835.9860491071429,15.774466673506188,13.667054422534667,-0.057345893596952316
2024-10-23,51117.80078125,51551.55078125,51107.8984375,51239.0,208100,0.0,0.0,^NSEBANK,-0.00035406646786306784,-0.0003541291641944495,0.40970865856554983,52004.757421875,51714.172109375,51487.7955078125,49385.87201171875,51789.93793908479,51726.786297201324,52004.757421875,54178.13706862682,49831.37777512318,0.08358387787951184,44.25008339048346,-168.13687811310228,-96.69404436204002,-71.44283375106227,779.1609933035714,15.751164461198403,13.665776232824026,-0.05767965580682309
2024-10-24,51272.30078125,51781.55078125,51201.8515625,51531.1484375,171800,0.0,0.0,^NSEBANK,0.005701681092527222,0.0056854880315095595,0.417746367770065,51876.232421875,51748.158046875,51513.2675,49402.35625,51765.29131988624,51719.11422427186,51876.232421875,53819.31628107886,49933.14856267114,0.0749122967682792,47.25412678682249,-165.837313765187,-110.52269824266942,-55.31461552251757,748.3465401785714,15.756331805204727,13.68746756006994,-0.05230684571723315
2024-10-25,51369.75,51501.05078125,50382.1015625,50787.44921875,271700,0.0,0.0,^NSEBANK,-0.014432032688966756,-0.014537187430073713,0.39728540584574357,51696.8373046875,51769.361015625,51511.3425,49417.48525390625,51672.16350073041,51682.57834170238,51696.8373046875,53301.44782778535,50092.22678158965,0.062077705591183446,41.172159652627975,-221.4722102730666,-132.71260064874886,-88.75960962431773,716.8141741071429,15.697890272757887,13.834073690442908,-0.0659839842989521
2024-10-28,51061.3515625,51589.1484375,51012.55078125,51259.30078125,447600,0.0,0.0,^NSEBANK,0.009290711972315346,0.009247818775387358,0.410267182094576,51568.0873046875,51784.2090625,51554.6494921875,49435.25701171875,51632.84324173227,51665.97922168464,51568.0873046875,52826.43524144097,50309.739367934024,0.0488033589191931,45.92741874163237,-224.89632408665784,-151.14934533633067,-73.74697875032717,723.3604910714286,15.92340221286095,13.552232839006889,-0.05730631051954405
2024-10-29,51404.1015625,52354.8515625,51278.8984375,52320.69921875,374600,0.0,0.0,^NSEBANK,0.020706455634842413,0.020494991120592315,0.4394688169338916,51535.2171875,51823.256015625,51587.31046875,49455.88125,51698.353334781576,51691.6545156872,51535.2171875,52666.40318468233,50404.03119031767,0.04389953351964143,54.78186924172802,-140.34615244105225,-148.988706757275,8.642554316222743,744.228515625,17.019069593315653,13.933890749700478,-0.03778646546107101
2024-10-30,51988.69921875,52220.0,51733.0,51807.5,247700,0.0,0.0,^NSEBANK,-0.009808722482938181,-0.00985714490288118,0.4253494667857438,51479.462109375,51843.343046875,51612.466484375,49474.12375,51708.748255278566,51696.19747585633,51479.462109375,52415.87669505535,50543.04752369466,0.036380123152445,50.47781910767366,-113.44272313248803,-141.87951003231763,28.4367868998296,739.603515625,17.261126702155497,14.027398226952956,-0.047224550990690436
2024-10-31,51649.44921875,52005.6015625,51318.1015625,51475.3515625,319900,0.0,0.0,^NSEBANK,-0.006411203734980497,-0.006431843767241447,0.41621126096063454,51460.9697265625,51859.1390625,51629.1880078125,49494.2492578125,51686.51999882347,51687.53685180314,51460.9697265625,52381.44525713131,50540.49419599369,0.03577373436449988,47.85711551598198,-117.5679148635827,-137.01719099857064,19.44927613498794,749.1286272321429,17.030487296051174,14.068574648382754,-0.0533329885079766
2024-11-01,51550.1484375,51825.5,51459.3984375,51673.8984375,51400,0.0,0.0,^NSEBANK,0.0038571251865842093,0.0038497055520845392,0.4216737650848099,51471.562109375,51872.903046875,51648.1180078125,49516.4055078125,51685.317945364084,51687.00201202655,51471.562109375,52396.952576842086,50546.17164190792,0.03595734924464376,49.543475089801525,-103.62160023850447,-130.33807284655742,26.716472608052953,723.8002232142857,16.986392445069633,13.771768587973195,-0.049681575334642236
2024-11-04,51764.5,51764.5,51066.80078125,51215.25,320500,0.0,0.0,^NSEBANK,-0.008875824185294201,-0.008915448955357298,0.40905523869707183,51508.3796875,51878.5390625,51663.2130078125,49535.6775,51640.54956961512,51668.501933123545,51508.3796875,52318.94865697984,50697.810718020155,0.03147328548859595,45.85424121760794,-128.10146726741368,-129.89075173072868,1.7892844633149991,750.54296875,16.52068140858031,13.819862200760255,-0.05811643459201772
2024-11-05,51052.6015625,52289.55078125,50865.44921875,52207.25,245000,0.0,0.0,^NSEBANK,0.01936923084432851,0.01918403487432157,0.43634755488780574,51567.6921875,51899.72203125,51686.3344921875,49559.5219921875,51694.52103917558,51689.629308295174,51567.6921875,52401.37470420442,50734.009670795574,0.03233352051796908,53.85750659470954,-66.68710135254514,-117.25002165509198,50.56292030254684,829.3786272321429,17.48706235022393,14.205990846595782,-0.03987287438515125
2024-11-06,52440.3984375,52493.94921875,52185.3984375,52317.3984375,219100,0.0,0.0,^NSEBANK,0.0021098302917699208,0.002107607725449364,0.43937800446861774,51633.212109375,51920.495,51711.041484375,49582.55998046875,51753.84269615886,51714.247705518894,51633.212109375,52487.08287335993,50779.34134539008,0.03307447780611297,54.658900749832306,-9.023695990726992,-95.60475652221899,86.581060531492,795.7073102678571,17.506464368915413,14.132216180009918,-0.03784716909157915
2024-11-07,52258.94921875,52377.25,51752.25,51916.5,160500,0.0,0.0,^NSEBANK,-0.0076628129355270636,-0.007692323137335696,0.4283483200768625,51652.4921875,51935.94796875,51730.186484375,49601.3509765625,51769.33386795326,51722.179168047565,51652.4921875,52514.014964278795,50790.969410721205,0.033358420486331725,51.17516601965679,4.276517708596657,-75.62850167605586,79.90501938465252,754.7393973214286,17.57938381860303,14.170414384707367,-0.04521996625021821
2024-11-08,51869.1484375,52007.1484375,51494.0,51561.19921875,157200,0.0,0.0,^NSEBANK,-0.006843696729363469,-0.006867222217467195,0.4185731373503607,51671.937109375,51944.116953125,51741.3894921875,49618.53146484375,51749.51152041009,51715.86622885943,51671.937109375,52504.90777551529,50838.96644323471,0.032240736954650004,48.24060329039521,-13.69490445242991,-63.241782231330674,49.546877778900765,739.7963169642857,17.54285962568054,14.157601829556285,-0.051754191244453164
2024-11-11,51562.69921875,52177.69921875,51294.19921875,51876.75,160700,0.0,0.0,^NSEBANK,0.006119927116343238,0.00610127641765172,0.42725470156014733,51674.9296875,51954.631953125,51746.176484375,49647.59296875,51761.62947084722,51722.17539635514,51674.9296875,52510.519116223804,50839.340258776196,0.032340225086979875,50.931780035625536,-2.4468691289876006,-51.08279961086206,48.63593048187446,725.9249441964286,17.5052320280926,13.876927795686889,-0.045950996006491336
2024-11-12,52053.75,52169.05078125,51006.8515625,51157.80078125,131400,0.0,0.0,^NSEBANK,-0.01385879452259442,-0.01395572420980314,0.40747467191981834,51637.5197265625,51948.996953125,51739.9219921875,49674.81421875,51704.12197659987,51700.04305850788,51637.5197265625,52496.22557736231,50778.813875762695,0.03325898901988072,45.169293153000545,-50.95849572310544,-51.05793883331074,0.09944311020529994,777.2497209821429,17.36514805789261,14.062978581262131,-0.059172965117323235
2024-11-13,51030.94921875,51353.5,49904.3984375,50088.3515625,207100,0.0,0.0,^NSEBANK,-0.020904909953478046,-0.021126511396689276,0.37805154064153346,51551.884765625,51916.981953125,51724.191015625,49696.750234375,51550.23908001893,51636.839470429135,51551.884765625,52650.11754896776,50453.65198228224,0.04260689161359503,38.23869400439368,-173.6976451689552,-75.58588010043964,-98.11176506851557,839.3498883928571,18.288404571885433,14.4170343518946,-0.07884086956334334
2024-11-14,50053.44921875,50561.80078125,49939.3515625,50179.55078125,133900,0.0,0.0,^NSEBANK,0.0018207670227718964,0.001819111435817084,0.3805606514424136,51496.422265625,51892.56796875,51708.94703125,49722.572734375,51419.69733727904,51579.6908943829,51496.422265625,52751.44275395872,50241.40177729128,0.04874204587884448,39.09688241382082,-260.60618474711373,-112.58994102977447,-148.01624371733925,801.7357700892857,17.43940449132755,14.406726588177632,-0.07716365339591913
2024-11-18,50312.44921875,50445.80078125,50074.0,50363.80078125,161500,0.0,0.0,^NSEBANK,0.003671814456913225,0.003665089802305888,0.3856298140010255,51409.90234375,51870.38296875,51686.5250390625,49748.97974609375,51319.13576051437,51532.008929162,51409.90234375,52728.38578098169,50091.41890651831,0.0512929757545817,40.884076481738965,-311.0290441345787,-152.27776165073533,-158.7512824838434,771.0287388392857,17.383423710253783,14.413479665295863,-0.07377516955709339
2024-11-19,50580.55078125,50983.5,50440.8515625,50626.5,185800,0.0,0.0,^NSEBANK,0.005216032441455409,0.005202476064142504,0.3928573040627026,51343.0923828125,51871.3759375,51664.0850390625,49777.78150390625,51253.17044998919,51496.49877507722,51343.0923828125,52678.93484573375,50007.249919891256,0.052035917624955116,43.43285679587006,-326.03357983262686,-187.02892528711365,-139.0046545455132,737.0393415178571,16.55029323427904,14.397947761513633,-0.0689439507934216
2024-11-21,50625.0,50652.1484375,49787.1015625,50372.8984375,254600,0.0,0.0,^NSEBANK,-0.005009265157575604,-0.005021853583054966,0.38588011249998666,51298.8798828125,51856.477890625,51639.701015625,49802.43423828125,51169.33502022832,51452.43601674086,51298.8798828125,52703.4627340865,49894.2970315385,0.05476076103348204,41.56956351824318,-354.30411187716527,-220.483962605124,-133.82014927204128,756.8498883928571,16.30222714100105,14.415913726910388,-0.07360785742046208
2024-11-22,50512.80078125,51271.5,50508.25,51135.3984375,183400,0.0,0.0,^NSEBANK,0.015137107922151172,0.015023685067740456,0.40685832933006205,51293.6998046875,51853.73984375,51627.6325,49831.27248046875,51166.10296473039,51440.003170496115,51293.6998046875,52699.97563316422,49887.42397621078,0.05483230236194448,48.69620511013356,-311.5895245972206,-238.70507500354333,-72.88444959367726,771.9285714285714,16.911049681635134,14.647487086235344,-0.05958495958000271
2024-11-25,52046.3515625,52331.1015625,51774.05078125,52207.5,458500,0.0,0.0,^NSEBANK,0.02096593739873498,0.02074917662672449,0.4363544329916851,51327.5173828125,51877.68984375,51623.96,49862.3259765625,51265.283634756066,51470.10108537862,51327.5173828125,52789.27061810898,49865.76414751601,0.056957877950511056,56.69406779624492,-189.049030721515,-228.77386614713768,39.72483542562267,831.1858258928571,17.732022970610966,15.059082338116541,-0.03986827671372815
2024-11-26,52554.8984375,52555.5,51999.75,52191.5,113100,0.0,0.0,^NSEBANK,-0.00030646937700518073,-0.0003065163483417977,0.43591423434344745,51397.719921875,51886.071875,51624.193984375,49892.340234375,51353.49471716025,51498.391238893186,51397.719921875,52884.904219053344,49910.53562469666,0.05786966034442284,56.55237621472677,-92.16346964258264,-201.4517868462267,109.28831720364406,821.0465959821429,17.593298599291746,15.057982936685246,-0.04016252768480664
2024-11-27,52154.30078125,52444.3515625,52019.6484375,52301.80078125,151600,0.0,0.0,^NSEBANK,0.0021133859201210026,0.0021111558615275455,0.4389488752688102,51449.844921875,51893.346875,51616.3194921875,49923.9944921875,51443.809580406894,51529.8974954562,51449.844921875,52988.77950991226,49910.910333837746,0.05982271046196859,57.3438407644465,-6.4067600976341055,-162.4427814965082,156.03602139887408,749.6609933035714,17.236927903978636,15.04496412217037,-0.03813402068521109
2024-11-28,52389.94921875,52760.19921875,51782.8984375,51906.8515625,172000,0.0,0.0,^NSEBANK,-0.007551350294837,-0.007580006091594729,0.42808286825529374,51429.1525390625,51888.4209375,51604.351015625,49954.40099609375,51487.90881679671,51544.680007889285,51429.1525390625,52929.42779687938,49928.87728124562,0.05834337856052989,53.580127458940346,29.348636028436886,-124.08449799151919,153.43313401995607,797.4288504464286,17.382544084481705,15.05572510654581,-0.04539740763170353
2024-11-29,51984.1484375,52170.8984375,51759.44921875,52055.6015625,139600,0.0,0.0,^NSEBANK,0.0028657103161207065,0.002861611996177613,0.4321753400631281,51441.5576171875,51885.76,51598.303515625,49986.225,51541.97479257798,51564.716147285784,51441.5576171875,52959.009542536136,49924.105691838864,0.05899712200167242,54.783842826714384,68.89376249725319,-85.4888458937647,154.3826083910179,782.1752232142857,17.389434729373892,15.063455699983919,-0.04266179313495818
2024-12-02,52087.6484375,52197.25,51693.94921875,52109.0,102500,0.0,0.0,^NSEBANK,0.001025796185178729,0.0010252704157960642,0.4336444600634719,51473.2400390625,51872.93203125,51595.1355078125,50017.6775,51595.97719328484,51586.06061209811,51473.2400390625,53019.84232038438,49926.63775774062,0.060093449728370725,55.232627201766384,103.35100175348634,-47.72087636431449,151.07187811780085,781.4718191964286,17.12371434482692,14.976391895036917,-0.041679759254430106
2024-12-03,52357.94921875,52780.8984375,52216.8515625,52695.75,173600,0.0,0.0,^NSEBANK,0.011260051046844133,0.011197128571671565,0.4497873698668118,51524.3326171875,51866.095,51596.405,50056.09625,51700.71746059104,51629.57784299622,51524.3326171875,53163.58509186462,49885.080142510385,0.06363022639638398,59.937921462735964,175.97589288866584,-2.9815225137184314,178.95741540238427,766.357421875,16.828721269490288,15.012520070688543,-0.03088902442441105
2024-12-04,52775.0,53387.1015625,52685.1484375,53266.8984375,228600,0.0,0.0,^NSEBANK,0.010838605342935681,0.01078028866262057,0.46550104299997086,51626.9150390625,51855.568984375,51607.1809765625,50094.25798828125,51849.87755362999,51693.78649376108,51626.9150390625,53433.015620166836,49820.814457958164,0.06996740284550355,63.91391381608922,276.4320118078176,52.90118435058878,223.53082745722884,733.4827008928571,17.068340516494203,15.041481779115754,-0.020385213026639915
2024-12-05,53354.44921875,53888.30078125,52850.3515625,53603.55078125,155600,0.0,0.0,^NSEBANK,0.006320104110153935,0.006300216004784557,0.4747631621652699,51696.730078125,51845.523984375,51620.51,50137.8644921875,52016.89405149856,51768.67921091751,51696.730078125,53695.00902787845,49698.451128371555,0.07730775028647316,66.05254834184068,378.8421835472327,118.08938418991758,260.7527993573151,704.1146763392857,16.57046445266786,15.020516613937904,-0.014193945585121935
2024-12-06,53634.19921875,53868.5,53160.6484375,53509.5,209400,0.0,0.0,^NSEBANK,-0.0017545625220577454,-0.0017561035697197733,0.47217559799202347,51756.33515625,51836.341953125,51632.816015625,50177.9,52159.04699897488,51836.94669284231,51756.33515625,53898.501515971984,49614.16879652802,0.08277890438938071,64.89543372536626,447.2581568211681,183.92313871616767,263.3350181050004,710.21484375,16.58937752011598,15.022826480960402,-0.01592360394221589
2024-12-09,53380.75,53775.1015625,53326.3984375,53407.75,121800,0.0,0.0,^NSEBANK,-0.0019015315037517189,-0.0019033417099216408,0.4693762097133871,51830.89765625,51822.463984375,51642.33453125,50215.39724609375,52277.97109431061,51898.54682253477,51830.89765625,54096.77688684512,49565.01842565489,0.08743353223873343,63.59740913714116,487.6466469153165,244.66784035599744,242.97880655931908,715.7078683035714,16.568344919085053,15.02642938178276,-0.017794856211418172
2024-12-10,53450.05078125,53624.05078125,53302.6484375,53577.69921875,121800,0.0,0.0,^NSEBANK,0.0031821078167495465,0.003177055626576128,0.4740519232360618,51931.72265625,51806.5109375,51654.143515625,50252.19125,52401.754725209605,51964.39593611185,51931.72265625,54323.055959984595,49540.389352515405,0.0920952813201854,64.8616212231986,527.2900267250952,301.192277629817,226.09774909527823,694.4009486607143,15.892739159943451,15.033078331312359,-0.014669373545717018
2024-12-11,53459.30078125,53648.05078125,53302.1484375,53391.3515625,101600,0.0,0.0,^NSEBANK,-0.003478082466534582,-0.0034841450568980784,0.46892504908709287,52007.452734375,51797.651953125,51661.8500390625,50287.22375,52496.002043046785,52020.354980283926,52007.452734375,54485.80319435237,49529.102274397635,0.09530751189201267,62.30650601473556,537.4753115279018,348.44888440943396,189.02642711846784,657.3191964285714,15.802672253219797,15.047559758944498,-0.018096434721327232
2024-12-12,53201.0,53537.44921875,53174.3984375,53216.44921875,99500,0.0,0.0,^NSEBANK,-0.0032758553329608198,-0.003281232693891202,0.4641130631313213,52110.38515625,51802.41890625,51671.358515625,50320.62849609375,52564.61605978043,52067.26063669436,52110.38515625,54611.05505176342,49609.71526073658,0.09597587459832832,59.92059003357701,525.3778370255095,383.83467493264914,141.54316209286037,619.0655691964286,14.7512092518808,15.040756522460574,-0.021313008752098586
2024-12-13,53109.80078125,53654.0,52264.55078125,53583.80078125,139900,0.0,0.0,^NSEBANK,0.006902970188596758,0.006879253769818475,0.4742197919588518,52285.1576171875,51815.642890625,51684.3925390625,50353.07650390625,52661.681271348956,52126.73279922595,52285.1576171875,54677.02267401093,49893.29256036407,0.09149308009495839,63.11535085983553,539.216945041866,414.91112895449254,124.30581608737344,632.9045758928571,14.519111084423116,14.47355484012712,-0.01455716162754695
2024-12-16,53502.5,53738.8984375,53335.0,53581.3515625,85800,0.0,0.0,^NSEBANK,-4.57081937879078e-05,-4.570923843923035e-05,0.4741524080349149,52455.24765625,51850.3659375,51702.423046875,50385.884765625,52749.26891812524,52183.77667229553,52455.24765625,54695.6782448601,50214.8170676399,0.0854225530796118,63.07924863968058,543.7192493134644,440.67275302628695,103.04649628717743,622.0580357142857,14.346676282758402,14.416324001055457,-0.014602204439770144
2024-12-17,53394.1015625,53515.69921875,52709.3984375,52834.80078125,116200,0.0,0.0,^NSEBANK,-0.01393303377909727,-0.014031009626021638,0.45361299273822686,52578.79765625,51877.8209375,51717.6010546875,50415.459765625,52757.414809851405,52209.30702950943,52578.79765625,54594.91076398212,50562.68454851787,0.07668920544410633,53.10750180258222,481.4965564429076,448.83751370961113,32.659042733296474,654.0044642857143,14.991462518148946,14.58285325775091,-0.028331785211158835
2024-12-18,52696.94921875,52827.6015625,52010.6484375,52139.55078125,149500,0.0,0.0,^NSEBANK,-0.013158940503599448,-0.013246286460896239,0.4344849858515254,52654.4501953125,51911.033984375,51730.1090625,50442.09876953125,52698.570616651275,52206.571490362,52654.4501953125,54465.201004714945,50843.699385910055,0.06877864274285576,45.83984804886031,371.7979046902765,433.42959190574425,-61.631687215467764,643.0652901785714,15.279902327909891,14.764163404132416,-0.04111790943880392
2024-12-19,51428.44921875,51789.8515625,51263.75,51575.69921875,145900,0.0,0.0,^NSEBANK,-0.010814277339396772,-0.01087317665718863,0.41897206737532633,52714.590234375,51922.12796875,51732.9065625,50467.094765625,52591.630483517816,52181.83140127918,52714.590234375,54267.87379239745,51161.30667635255,0.05893182707544062,40.945921172033344,236.63504257991735,394.0706820405789,-157.43563946066155,676.2332589285714,14.552026603972992,14.847665226209456,-0.05148752630191328
2024-12-20,51401.3515625,51629.0,50609.3515625,50759.19921875,228200,0.0,0.0,^NSEBANK,-0.015831098993674297,-0.01595774929545478,0.3965081801074488,52695.7802734375,51917.171953125,51726.4360546875,50487.9505078125,52417.1132202066,52126.0419039251,52695.7802734375,54336.24924395005,51055.31130292495,0.06226187227896366,35.101793467983384,62.90761451533763,327.8380685355307,-264.93045402019305,713.115234375,15.201404065514623,15.087590054982883,-0.06650352116976255
2024-12-23,51044.3984375,51417.3515625,51030.3984375,51317.6015625,110800,0.0,0.0,^NSEBANK,0.011001007745286229,0.010940936818536123,0.4118711774131665,52651.2853515625,51912.906015625,51724.6190625,50514.7227734375,52312.39782423454,52094.338361124115,52651.2853515625,54392.68651624321,50909.8841868818,0.0661484768340618,41.27496136939953,-29.375597880163696,256.3953352523918,-285.7709331325555,712.1333705357143,15.447048226834529,14.985622528328213,-0.056234119175953605
2024-12-24,51314.94921875,51382.1015625,51137.5,51233.0,112000,0.0,0.0,^NSEBANK,-0.0016485876175831304,-0.001649948033531738,0.4095435840724606,52603.3603515625,51914.12,51721.415078125,50540.28328125,52209.5980314503,52060.56038617807,52603.3603515625,54447.75243421476,50758.96826891024,0.07012449662248522,40.644164642684395,-108.09133795777598,183.49800061035828,-291.5893385681343,679.4654017857143,15.329943207822112,14.983714585318216,-0.057789999920977525
2024-12-26,51395.80078125,51740.0,50951.80078125,51170.69921875,91300,0.0,0.0,^NSEBANK,-0.001216028365506605,-0.0012167683279371618,0.40782953909181074,52546.8052734375,51901.196015625,51717.4820703125,50559.70228515625,52110.655287383604,52025.66386980834,52546.8052734375,54496.49218184662,50597.118365028386,0.07420762873265241,40.157456352607085,-173.50126685952273,112.09814711638208,-285.5994139759048,661.6261160714286,15.215498000409383,14.754195713138705,-0.058935754007337596
2024-12-27,51268.19921875,51628.44921875,51240.1015625,51311.30078125,78200,0.0,0.0,^NSEBANK,0.002747696721886461,0.0027439287039176807,0.41169782770134833,52517.027734375,51889.30203125,51717.09359375,50578.97828125,52034.52628679945,51997.64963104135,52517.027734375,54525.18331680037,50508.872151949625,0.07647636087032154,41.84985504452206,-211.5550606787292,47.367505557359834,-258.92256623608904,643.76171875,14.692464064219438,14.750771390633888,-0.056349994863538956
2024-12-30,51255.3515625,51979.75,50718.3515625,50952.75,316300,0.0,0.0,^NSEBANK,-0.0069877546620493725,-0.007012283353431148,0.40183322962442336,52461.88515625,51872.336015625,51725.700078125,50595.83703125,51931.49997377093,51956.673174922085,52461.88515625,54580.89727191289,50342.87304058711,0.08078291923180889,38.83374540735741,-267.56074424729013,-15.618144403570163,-251.94259984371996,701.8113839285714,13.462303230284833,14.730961994057518,-0.06294398958627423
2024-12-31,50648.19921875,50945.55078125,50599.80078125,50860.19921875,105300,0.0,0.0,^NSEBANK,-0.0018164040459053288,-0.001818055708094611,0.39928693407444893,52399.4451171875,51863.763984375,51736.8190625,50610.31103515625,51829.471330435605,51913.67419624867,52399.4451171875,54632.75294872208,50166.13728565291,0.0852416595839882,38.07103107990245,-315.77368407454924,-75.64925233776599,-240.12443173678327,704.0647321428571,13.475031669581048,14.72890842290952,-0.06464606191482958
2025-01-01,50841.8984375,51321.94921875,50485.05078125,51060.6015625,81100,0.0,0.0,^NSEBANK,0.003940258725453782,0.003932516237647942,0.4048004866258492,52317.6876953125,51843.09203125,51746.235078125,50626.4350390625,51756.24563825126,51880.22036747422,52317.6876953125,54623.85440969908,50011.520980925925,0.08816011624279806,40.78312963429922,-333.9622826249688,-127.31185839520656,-206.65042422976222,739.1358816964286,13.48077357714832,14.710379283355977,-0.06096052539890188
2025-01-02,51084.94921875,51672.75,50992.80078125,51605.55078125,134400,0.0,0.0,^NSEBANK,0.010672596915705324,0.01061604675545918,0.4197933559665936,52234.6203125,51835.9490625,51760.72359375,50647.82353515625,51741.89374710828,51869.4490111517,52234.6203125,54516.38128958611,49952.859335413894,0.08736584906466995,47.51429931651322,-300.93503859609336,-162.03649443538393,-138.89854416070943,761.771484375,13.73722182631425,14.815825386328482,-0.05093853559854857
2025-01-03,51567.1484375,51671.6015625,50904.3515625,50988.80078125,148200,0.0,0.0,^NSEBANK,-0.011951233746430368,-0.012023223896118125,0.40282507369780807,52103.8828125,51830.582109375,51765.7666015625,50666.355546875,51670.17060750273,51834.91378644967,52103.8828125,54354.815124216904,49852.950500783096,0.08640171097486399,41.73256684448018,-320.8289637746566,-193.79498830323845,-127.03397547141813,717.3286830357143,14.128586264750925,14.93789188624603,-0.0622809909993398
2025-01-06,50990.6484375,51026.1015625,49751.0,49922.0,184600,0.0,0.0,^NSEBANK,-0.02092225674862891,-0.021144228724655777,0.3734748073324883,51924.5078125,51804.242109375,51759.207109375,50681.05904296875,51503.678168692946,51759.89755953008,51924.5078125,54273.44497008562,49575.57065491438,0.09047508610260341,34.02104399006947,-417.8601188857865,-238.6080144197481,-179.25210446603842,779.5574776785714,14.722663804968406,15.33587643799232,-0.08190018886372143
2025-01-07,50061.19921875,50447.6015625,49969.30078125,50202.1484375,103800,0.0,0.0,^NSEBANK,0.005611723037939109,0.005596035980463355,0.381182367550825,51764.227734375,51777.662109375,51762.910078125,50698.1200390625,51379.72295619838,51698.809358666156,51764.227734375,54124.462904185784,49403.99256456422,0.09119174662170892,37.29775188445152,-466.77171697700396,-284.24075493119926,-182.5309620458047,754.8180803571429,13.363723216937892,15.361670852519444,-0.07674806700244036
2025-01-08,50201.75,50246.8984375,49389.75,49835.05078125,131200,0.0,0.0,^NSEBANK,-0.007312389363316241,-0.007339255935095342,0.37108262429754646,51577.0953125,51758.614140625,51763.987578125,50714.32478515625,51232.611320489006,51625.72078700278,51577.0953125,53925.37785603762,49228.81276896238,0.09105912340776981,34.85502045367278,-529.0575773250894,-333.2041194099773,-195.85345791511207,757.1749441964286,13.473619925516436,15.408068418667947,-0.0834992446169529
2025-01-09,49712.55078125,49798.1015625,49230.1484375,49503.5,136400,0.0,0.0,^NSEBANK,-0.006652963648122623,-0.006675193260835087,0.3619608614395222,51382.702734375,51723.498125,51753.85359375,50728.96279296875,51067.934051871,51542.496442414435,51382.702734375,53742.276696192,49023.128772558004,0.09184312370701526,32.76768634413678,-598.2763897507903,-386.2185734781399,-212.05781627265037,737.8250558035714,13.508615343362388,15.429082680030708,-0.08959669082599322
2025-01-10,49426.5,49483.1484375,48631.19921875,48734.1484375,142400,0.0,0.0,^NSEBANK,-0.015541356924257843,-0.015663389834337238,0.34079414157502086,51158.5876953125,51651.767109375,51737.5115625,50740.70953125,50845.66875526424,51432.365148104065,51158.5876953125,53633.459803266436,48683.71558735856,0.09675294879888578,28.502234827293847,-707.0624627082434,-450.3873513241606,-256.6751113840828,727.3002232142857,13.99417852990807,15.632187212691019,-0.10374559359889196
2025-01-13,48264.25,48606.3515625,47898.3515625,48041.25,168800,0.0,0.0,^NSEBANK,-0.014217924385990233,-0.014319967454771185,0.3217308318529286,50881.46015625,51576.442109375,51709.892578125,50749.3612890625,50578.58125476289,51299.38024033528,50881.46015625,53452.30290573432,48310.61740676568,0.10105223952259285,25.307087919361607,-839.509973997323,-528.2118758587931,-311.2980981385299,739.9891183035714,14.342966604334709,15.770606484830788,-0.11648847097971349
2025-01-14,48266.8984375,49007.3515625,48235.19921875,48729.1484375,151900,0.0,0.0,^NSEBANK,0.014318912132802453,0.01421736472810984,0.34065657949744654,50638.85,51521.518046875,51690.3285546875,50759.5825390625,50402.44479597594,51198.58683630253,50638.85,53047.59251854404,48230.107481455954,0.09513417143335776,33.30118568571227,-878.8372374118771,-598.3369481694099,-280.50028924246726,791.5248325892857,15.133217711560478,15.948974614180006,-0.103837547027354
2025-01-15,48832.75,49083.6484375,48522.3984375,48751.69921875,145100,0.0,0.0,^NSEBANK,0.00046277806965822066,0.00046267102091261024,0.341277005961381,50434.694921875,51463.0740625,51667.9885546875,50769.02228515625,50245.23093147823,51102.630459143606,50434.694921875,52750.10075385141,48119.28908989859,0.09181797711131386,33.55225420911182,-897.8350340339675,-658.2365653423215,-239.59846869164608,775.3141741071429,14.614049336396132,15.946455925928829,-0.10342282269726705
2025-01-16,49082.8984375,49459.0,49038.44921875,49278.69921875,146700,0.0,0.0,^NSEBANK,0.010809879623586927,0.010751870547835236,0.35577604893770864,50291.65234375,51424.343046875,51651.4410546875,50782.41478515625,50153.180292170786,51031.10374383406,50291.65234375,52515.24894543311,48068.05574206689,0.08842805905379825,39.302406341798985,-860.4477233072903,-698.6787969353152,-161.7689263719751,793.1392299107143,14.61176489719051,15.800271162408697,-0.09373093133736923
2025-01-17,48959.5,49047.19921875,48309.5,48540.6015625,130600,0.0,0.0,^NSEBANK,-0.01497802636740786,-0.015091329802434902,0.3354691995284196,50139.8974609375,51351.010078125,51625.3660546875,50791.188046875,49999.601365535476,50933.436991624876,50139.8974609375,52408.33654149716,47871.45838037784,0.09048439248711812,34.764800958401324,-880.2295837971324,-734.9889543076787,-145.24062948945368,772.2678571428571,14.79107078402604,15.880981221872503,-0.1073050533437643
2025-01-20,48834.1484375,49650.6015625,48683.6015625,49350.80078125,173100,0.0,0.0,^NSEBANK,0.016691165594781454,0.016553398967217556,0.3577597370844787,50069.4775390625,51291.678125,51606.0865625,50802.31904296875,49937.810833698764,50871.37282651214,50069.4775390625,52344.40194221253,47794.55313591247,0.09087070666456262,42.59892249779935,-821.0658093655657,-752.2043253192561,-68.86148404630956,826.3429129464286,15.880211391230524,16.130185851208584,-0.09240493416350037
2025-01-21,49532.0,49543.1484375,48430.94921875,48570.8984375,134700,0.0,0.0,^NSEBANK,-0.015803235842250185,-0.01592943834498547,0.33630273974222114,49932.1423828125,51224.76609375,51580.35703125,50807.28228515625,49807.62870072745,50781.158144590096,49932.1423828125,52221.39837701163,47642.88638861336,0.09169468342248163,37.88281548953235,-827.5699814990512,-767.2774565552152,-60.29252494383604,846.0072544642857,16.328475572574824,16.31721127939072,-0.10674787303817719
2025-01-22,48689.55078125,48781.75,48074.05078125,48724.3984375,151700,0.0,0.0,^NSEBANK,0.003160328611123475,0.003155345269229849,0.3405258955237511,49806.7123046875,51168.030078125,51556.073515625,50813.17703125,49704.46391375341,50700.5009011748,49806.7123046875,52070.61915558948,47542.80545378552,0.09090770083569291,39.307032749619445,-810.9898316720282,-776.0199315785778,-34.969900093450406,847.9893973214286,16.32774771122052,16.119462654215347,-0.10392490278439291
2025-01-23,48770.1484375,48892.69921875,48493.0,48589.0,124600,0.0,0.0,^NSEBANK,-0.002778863194661696,-0.0027827314027984414,0.3368007574511893,49677.62734375,51102.275078125,51528.453515625,50818.00078125,49598.22925530071,50617.69694426598,49677.62734375,51908.235332752716,47447.01935474728,0.08980332227091974,38.469180627253216,-799.5586513896415,-780.7276755407906,-18.830975848850812,821.7357700892857,16.32763136526359,16.110360230101566,-0.10641497289169825
2025-01-24,48546.05078125,48858.6484375,48203.0,48367.80078125,139900,0.0,0.0,^NSEBANK,-0.004552454645084247,-0.004562848624140744,0.33071503263337854,49530.45234375,51046.475078125,51497.736015625,50819.53578125,49481.0455911054,50529.46572218693,49530.45234375,51694.64438279198,47366.26030470803,0.08738834137924302,37.07866515985582,-799.1363406824748,-784.4094085691274,-14.726932113347402,777.4891183035714,16.333115511734185,16.1022270602997,-0.1104829781991352
2025-01-27,47881.6484375,48319.19921875,47844.1484375,48064.6484375,271800,0.0,0.0,^NSEBANK,-0.006267647874275917,-0.006287372038481836,0.322374579387827,49386.047265625,51006.001015625,51461.491484375,50817.39376953125,49346.15062409536,50432.80622082666,49386.047265625,51536.01901822464,47236.07551302536,0.08706798262415788,35.20074646266501,-813.881596573643,-790.3038461700306,-23.577750403612413,777.3498883928571,16.074233301057973,16.126265656786348,-0.1160581576699576
2025-01-28,48642.5,49247.1484375,48449.05078125,48866.8515625,299900,0.0,0.0,^NSEBANK,0.016690086187629793,0.016552337280285295,0.3444451250901406,49286.3798828125,50979.74703125,51436.1575,50818.81953125,49300.50309441961,50371.39623422561,49286.3798828125,51330.8366503952,47241.9231152298,0.0829623426368004,43.37369922636951,-752.165731855057,-782.6762233070359,30.510491451978965,800.5892857142857,17.092412033814114,16.277033669065123,-0.10130509213661694
2025-01-29,48997.19921875,49199.6484375,48849.80078125,49165.94921875,177200,0.0,0.0,^NSEBANK,0.006120665577717066,0.00610201038691614,0.3526740240884094,49191.647265625,50955.79,51413.086484375,50820.9965234375,49287.688439593934,50324.12380224618,49191.647265625,51057.756198245814,47325.53833300418,0.07587096738371878,46.10321249431959,-671.381515045854,-760.4172816547996,89.03576660894555,782.37109375,16.9664307302373,16.284766082322957,-0.09580448114918798
2025-01-30,49206.19921875,49426.19921875,49031.80078125,49311.94921875,197900,0.0,0.0,^NSEBANK,0.0029695348573544056,0.0029651344979147315,0.3566908367535777,49076.9671875,50929.498984375,51400.4374609375,50822.62326171875,49289.99898998975,50284.43068132475,49076.9671875,50561.32308720783,47592.61128779217,0.060490938408512634,47.435159358486395,-588.7912424455208,-726.0920738129439,137.30083136742314,748.2352120535714,16.714876368191263,16.09820291070311,-0.09311944103809673
2025-01-31,49259.6484375,49674.80078125,49031.80078125,49587.19921875,232000,0.0,0.0,^NSEBANK,0.00558181139380598,0.0055662908131055185,0.3642636291240411,49006.887109375,50913.785,51385.1314453125,50827.73650390625,49318.3037736812,50257.08827102771,49006.887109375,50218.47491180704,47795.29930694296,0.04944561362275404,49.946566081675776,-495.41662724644993,-679.9569844996452,184.54035725319522,734.4640066964286,16.622022594369973,16.095534953148473,-0.08805740480126206
2025-02-03,49074.80078125,49373.44921875,48906.05078125,49210.55078125,122900,0.0,0.0,^NSEBANK,-0.007595678792795768,-0.007624672874087702,0.353901120808521,48971.3146484375,50875.288046875,51364.5139453125,50834.9230078125,49308.04158392584,50216.047585154076,48971.3146484375,50109.31641084207,47833.31288603294,0.04647625944184753,46.66128932433284,-446.6601331190177,-633.2976142235198,186.63748110450206,714.1102120535714,16.15948310074521,16.132165848988933,-0.09498422783186028
2025-02-04,49538.80078125,50206.6015625,49482.5,50157.94921875,155700,0.0,0.0,^NSEBANK,0.01925193728701302,0.01906896341398504,0.37996634027914333,48969.1046875,50834.29703125,51355.9934375,50848.28875,49388.985168194806,50213.769217844114,48969.1046875,50097.17058348363,47841.038791516374,0.04607255546869668,54.72769579612242,-327.7945129836371,-572.1969939755433,244.40248099190615,745.1674107142857,16.85321128584388,16.474412306424163,-0.07756092094232149
2025-02-05,50402.30078125,50522.1484375,50215.44921875,50343.05078125,149000,0.0,0.0,^NSEBANK,0.003690373418034465,0.003683580696708373,0.38505893137909175,48994.5046875,50797.328046875,51341.6999609375,50864.6567578125,49479.84855991435,50218.83908307572,48994.5046875,50223.06757865513,47765.941796344865,0.050151048530492695,56.12383385275899,-216.16469150453486,-500.99053348134163,284.82584197680677,720.66015625,16.89827032426984,16.462246922845786,-0.0741567762852108
2025-02-06,50468.3515625,50553.3515625,50149.80078125,50382.1015625,158400,0.0,0.0,^NSEBANK,0.0007756935792326836,0.0007753928844562097,0.3861333126990214,49038.434765625,50758.9340625,51326.14046875,50878.6965234375,49565.77741730346,50225.241533249224,49038.434765625,50399.33570693812,47677.53382431188,0.05550344124225947,56.42911254841289,-123.12685233709635,-425.41779725249256,302.2909449153962,680.2566964285714,16.90109471855857,16.391171787310004,-0.07343860564119915
2025-02-07,50484.44921875,50641.75,49871.1484375,50158.8515625,178700,0.0,0.0,^NSEBANK,-0.004431137111719163,-0.004440983698253697,0.37999116593533055,49109.669921875,50723.9740625,51306.1975,50889.8662890625,49622.26066922694,50222.63800498455,49109.669921875,50550.320264553586,47669.019579196414,0.058670740201284655,54.11117764574101,-66.63992019920988,-353.662221841836,287.02230164262613,656.0139508928571,16.910663261105498,16.200831341747506,-0.07754432622202874
2025-02-10,50052.5,50155.6484375,49703.1015625,49981.0,98400,0.0,0.0,^NSEBANK,-0.0035457662398508116,-0.003552067368259725,0.3750980398478647,49206.657421875,50682.48203125,51284.121015625,50899.91904296875,49656.42631977676,50213.162004789076,49206.657421875,50605.00698808705,47808.307855662955,0.05683578765463578,52.26915733664776,-35.81193652766524,-290.0921647790019,254.28022825133667,609.1247209821429,16.828714614674233,16.208369421455547,-0.08081513840786948
2025-02-11,49812.1484375,49906.75,49177.3984375,49403.3984375,127000,0.0,0.0,^NSEBANK,-0.011556422690622403,-0.011623717100814859,0.3592068256583365,49240.369921875,50628.37,51250.651015625,50905.99103515625,49632.32842622659,50181.40657077774,49240.369921875,50622.6657781831,47858.07406556689,0.05614482013442473,46.70812729404769,-57.32732255107112,-243.53919633341576,186.21187378234464,615.9748883928571,17.124691952792478,15.96947709600545,-0.09143762719924943
2025-02-12,49402.25,49702.3515625,48734.3515625,49479.44921875,136500,0.0,0.0,^NSEBANK,0.0015393835981993842,0.0015381999618260963,0.3612991663523155,49276.757421875,50564.043984375,51215.0694921875,50910.91353515625,49617.76850170501,50153.878831482536,49276.757421875,50643.1127400938,47910.402103656204,0.05545638104881645,47.500132351792836,-67.4640746628429,-208.3241719993012,140.8600973364583,656.5678013392857,17.079655762068263,15.93001821985327,-0.09003900118461877
2025-02-13,49469.3515625,49836.1015625,49276.1015625,49359.8515625,118600,0.0,0.0,^NSEBANK,-0.0024171177759326756,-0.00242004372095746,0.3580087459389629,49280.8150390625,50485.903046875,51170.736015625,50916.7075390625,49593.204983685486,50122.74050720871,49280.8150390625,50647.67653396734,47913.953544157666,0.05547235750144922,46.33394081548601,-84.17770687676239,-183.49487897479344,99.31717209803105,649.7357700892857,16.72038876547276,15.616480087735518,-0.0922384840902609
2025-02-14,49485.6484375,49592.94921875,48719.75,49099.44921875,130600,0.0,0.0,^NSEBANK,-0.005275590090060844,-0.005289555153079334,0.3508444484566713,49308.757421875,50395.821015625,51120.6725,50915.08453125,49546.18062512021,50082.61143707308,49308.757421875,50634.12419768122,47983.39064606878,0.05375786554370747,43.81177949062747,-117.08597940189065,-170.2130990602129,53.12711965832224,674.7034040178571,16.465307021316214,15.528483291692071,-0.09702746174773295
2025-02-17,48880.3984375,49319.0,48525.6015625,49258.8984375,114800,0.0,0.0,^NSEBANK,0.0032474746924271436,0.003242213034810687,0.35523128161644,49304.1623046875,50310.808984375,51073.57546875,50914.3952734375,49518.82041677542,50050.30896650159,49304.1623046875,50629.552586963335,47978.77202241167,0.05376382927207032,45.758776523045775,-128.8149050480497,-161.93346025778027,33.11855520973057,646.9104352678571,15.406413294221618,15.540334311222564,-0.09409508128180205
2025-02-18,49211.8515625,49328.55078125,48814.94921875,49087.30078125,107800,0.0,0.0,^NSEBANK,-0.003483586959779905,-0.00348966877730114,0.3505102155963151,49329.982421875,50224.4,51023.4319921875,50913.6765234375,49477.72330863014,50012.54393962898,49329.982421875,50614.722953046185,48045.241890703815,0.05208761358088286,43.99205577943553,-150.22496005517314,-159.59176021725884,9.366800162085696,658.6071428571429,15.32329744132456,15.444550635417412,-0.0972508798434493
2025-02-19,48895.3515625,49628.25,48804.0,49570.1015625,113300,0.0,0.0,^NSEBANK,0.009835553667974617,0.0097874994463339,0.36379323130096064,49372.267578125,50144.248046875,50975.3794921875,50916.90927734375,49486.52123757013,49995.19325817294,49372.267578125,50628.43687235106,48116.09828389894,0.050885622874758334,49.857982147766116,-126.77323188349692,-153.02805455050645,26.254822667009535,689.3108258928571,15.485720882040935,15.501035246220685,-0.0883718424234326
2025-02-20,49314.1015625,49455.80078125,49150.94921875,49334.55078125,112000,0.0,0.0,^NSEBANK,-0.004751872072584096,-0.004763198110848666,0.3573126603323624,49409.5451171875,50063.11203125,50930.3819921875,50919.10552734375,49472.04786077774,49969.28571005831,49409.5451171875,50610.898591994504,48208.1916423805,0.04862839647512161,47.257471000251556,-125.74503729732533,-147.57145109987022,21.82641380254489,673.3217075892857,15.425840319131668,15.363367509482137,-0.09270378280600197
2025-02-21,49127.94921875,49306.55078125,48764.0,48981.19921875,95300,0.0,0.0,^NSEBANK,-0.007162354919714731,-0.0071881277200750845,0.34759110532203974,49440.2150390625,49978.40703125,50890.41296875,50922.584765625,49425.30037106081,49930.537220203085,49440.2150390625,50558.001797691555,48322.42828043345,0.04521771427352788,43.58492319639117,-151.69406889166567,-148.3959746582293,-3.298094233436359,665.421875,14.876895957120972,15.398897429558048,-0.09920216033085993
2025-02-24,48619.80078125,48748.3984375,48281.8984375,48651.94921875,95700,0.0,0.0,^NSEBANK,-0.006721966902638932,-0.0067446610790008864,0.33853264251377446,49469.580078125,49879.77,50847.7064453125,50925.73900390625,49351.64788036454,49880.396514263746,49469.580078125,50458.65809613726,48480.50206011274,0.03998732216648111,40.43191739911429,-196.56075667764526,-158.02893106211252,-38.53182561553274,644.2254464285714,14.395999893567781,15.43125533435122,-0.10525729359508451
2025-02-25,48691.19921875,48862.1484375,48534.1484375,48608.3515625,106700,0.0,0.0,^NSEBANK,-0.0008961132482888656,-0.0008965149977923783,0.33733316567955085,49456.655078125,49780.31,50815.33796875,50931.34126953125,49280.85775485363,49830.512398508305,49456.655078125,50484.87782454613,48428.432331703865,0.04158076379394778,40.01908132299697,-232.95058713186882,-173.01326227606378,-59.93732485580503,641.6397879464286,13.785717489585966,15.351973184257181,-0.10605908438810381
2025-02-27,48732.19921875,48972.55078125,48627.1015625,48743.80078125,186700,0.0,0.0,^NSEBANK,0.002786542114596058,0.0027826669034080975,0.3410597008669629,49435.54765625,49698.49,50788.15546875,50937.954765625,49229.70947165328,49787.89625665504,49435.54765625,50505.386843768,48365.708468731995,0.04328218208310859,42.000497116858206,-248.0013646286825,-188.01088274658753,-59.99048188209497,638.8289620535714,13.809606042844589,15.115092322056778,-0.10356808037879066
2025-02-28,48437.55078125,48574.5,48078.69921875,48344.69921875,287700,0.0,0.0,^NSEBANK,-0.008187739899296442,-0.008221443538791617,0.3300794528468358,49387.18515625,49622.59296875,50766.8134765625,50940.90775390625,49145.42278090059,49731.30029438426,49387.18515625,50562.773302505426,48211.59700999458,0.047607011516697155,38.01560954709179,-288.8042196233,-208.16955012193003,-80.63466950136998,631.2932477678571,13.617406586601097,15.164143912799238,-0.11090783177407618
2025-03-03,48478.6015625,48574.69921875,47841.30078125,48114.30078125,151000,0.0,0.0,^NSEBANK,-0.004765743529761002,-0.004777135895262998,0.3237406353003629,49313.540234375,49553.365,50737.746484375,50942.18201171875,49047.22068569577,49667.88854877115,49313.540234375,50614.25203078245,48012.82843796755,0.05275272431163894,35.898152888942164,-335.8604147658334,-233.70772305071074,-102.15269171512267,651.1252790178571,12.98766948236901,15.024222526356052,-0.11514501702216005
2025-03-04,47942.5,48374.8984375,47924.75,48245.19921875,139300,0.0,0.0,^NSEBANK,0.0027205723740042487,0.0027168783154354987,0.32734196750310796,49265.27265625,49503.085,50710.1284765625,50944.97076171875,48970.83768884379,49612.09681033895,49265.27265625,50650.94700156386,47879.59831093615,0.05625359489969503,38.010711840210575,-358.45829441007663,-258.65783732258393,-99.8004570874927,625.8786272321429,11.996369898956264,15.034792089806473,-0.11273770500047055
2025-03-05,48241.30078125,48657.6484375,48190.25,48489.94921875,127800,0.0,0.0,^NSEBANK,0.005073043618086581,0.005060219086961644,0.3340756312003681,49181.87265625,49446.531953125,50679.718984375,50947.53525390625,48925.038786930105,49568.09102243351,49181.87265625,50541.871680707045,47821.87363179296,0.05530488983055084,41.868369784435906,-352.5539745369315,-277.43706476545344,-75.11690977147805,590.1213727678571,11.217147892171205,15.027668981626944,-0.10823658467725424
2025-03-06,48760.0,48839.1015625,48299.3984375,48627.69921875,137400,0.0,0.0,^NSEBANK,0.002840794890887066,0.002836767458683978,0.3378654664375391,49096.105078125,49394.4259375,50654.27296875,50950.0955078125,48896.72073281772,49531.21291248514,49096.105078125,50360.78639081694,47831.423765433065,0.051518600535805904,43.98133999224308,-332.92176979828946,-288.53400577202063,-44.387764026268826,588.6715959821429,11.209626601258837,14.855490013852677,-0.10570326772312535
2025-03-07,48463.80078125,48709.05078125,48359.3515625,48497.5,106000,0.0,0.0,^NSEBANK,-0.002677470265749271,-0.002681061100261846,0.3342833714315798,49001.875,49340.961953125,50621.078984375,50952.34201171875,48858.69971064461,49490.67515121122,49001.875,50137.35026214274,47866.39973785726,0.04634415569374599,42.41216015810231,-324.13269499112357,-295.6537436158412,-28.47895137528235,551.2787388392857,11.20751393643072,14.768264030548162,-0.10809772063255338
2025-03-10,48312.0,48599.1484375,48124.6484375,48216.80078125,123800,0.0,0.0,^NSEBANK,-0.0057879111036651665,-0.0058047259745134866,0.32656065789063526,48904.7724609375,49279.071953125,50584.1869921875,50954.51626953125,48797.56647927369,49440.719293565686,48904.7724609375,49952.41272039581,47857.13220147919,0.042844090944093895,39.16764898331895,-335.9448083046882,-303.7119565536106,-32.23285175107759,528.5002790178571,11.256363431233249,14.34678960769057,-0.11325997173868847
2025-03-11,47874.80078125,48029.05078125,47702.8984375,47853.94921875,222400,0.0,0.0,^NSEBANK,-0.007525417626652264,-0.007553876448123271,0.31657773493292174,48798.419921875,49217.0959375,50544.7159765625,50949.9430078125,48707.69816874762,49378.49301612194,48798.419921875,49817.512351654805,47779.327492095195,0.04176743556087861,35.39792805359217,-370.3163059628496,-317.03282643545845,-53.28347952739114,528.5217633928571,11.32215386683469,14.311538885124092,-0.11993306077762428
2025-03-12,47894.3984375,48222.1484375,47844.94921875,48056.6484375,243300,0.0,0.0,^NSEBANK,0.004235788729231471,0.004226843028653843,0.3221544800637077,48731.082421875,49161.024921875,50512.394453125,50945.3680078125,48645.69343243832,49326.65597382304,48731.082421875,49759.79124054071,47702.373603209286,0.04221982223829831,38.933752475480425,-376.8556749290656,-328.9973961341799,-47.85827879488568,496.58956473214283,10.238711297805557,14.305104093339146,-0.11620528315549684
2025-03-13,48219.1484375,48352.44921875,48006.1015625,48060.3984375,145900,0.0,0.0,^NSEBANK,7.80329074525632e-05,7.802986304361546e-05,0.32225765162188846,48660.1298828125,49101.020859375,50472.0564453125,50939.26099609375,48589.951051968004,49276.998815535866,48660.1298828125,49667.02480733062,47653.23495829438,0.04138480217553927,39.000269993064194,-377.3853152880256,-338.67497996494905,-38.71033532307655,491.3892299107143,10.045226412216026,14.284805775143461,-0.11613631808415031
2025-03-17,48219.55078125,48481.3515625,48196.1015625,48354.1484375,131300,0.0,0.0,^NSEBANK,0.006112100805448106,0.006093497681614749,0.33033942367937663,48609.8447265625,49035.9928125,50435.9709375,50935.32099609375,48567.493660113905,49240.8086046325,48609.8447265625,49568.919925295304,47650.769527829696,0.039460121879744424,44.13379044245673,-350.06653989645565,-340.9532919512504,-9.113247945205273,480.7036830357143,10.186329426324054,14.263995042242986,-0.11073405416200614
2025-03-18,48792.8984375,49400.30078125,48629.44921875,49314.5,146600,0.0,0.0,^NSEBANK,0.019860789477893492,0.019666137077787645,0.3567610149072149,48620.597265625,49002.506796875,50416.544453125,50939.38673828125,48638.637121055435,49243.69846327436,48620.597265625,49607.211254942216,47633.98327630779,0.04058419866490434,56.90316930919767,-248.06433721193753,-322.37550100338785,74.31116379145033,505.47879464285717,11.675293870575608,14.283702474807075,-0.09307253042185791
2025-03-19,49375.3984375,49807.55078125,49324.80078125,49702.6015625,137600,0.0,0.0,^NSEBANK,0.007869927962363965,0.007839121602958908,0.36743862635667845,48642.782421875,48998.118828125,50401.18046875,50944.48798828125,48739.967067859674,49261.694663243994,48642.782421875,49706.75168517118,47578.81315857883,0.043746233678347304,60.80240767923119,-134.36146873019607,-284.7726945487495,150.41122581855342,517.2681361607143,11.679570241400304,14.346945407089951,-0.08593507656918885
2025-03-20,49947.6015625,50155.30078125,49771.6484375,50062.8515625,115700,0.0,0.0,^NSEBANK,0.007248111540941959,0.007221970221284502,0.3773499740459041,48691.5599609375,48995.332890625,50386.4975,50949.8825,48865.95606734923,49293.112580861874,48691.5599609375,49918.3280850304,47464.7918368446,0.050389353928157916,64.05353461423567,-15.008948196293204,-230.81994527825825,215.81099708196504,523.5895647321429,10.44506152761965,14.353975458785758,-0.07930983204849969
2025-03-21,49927.1015625,50672.1484375,49891.94921875,50593.55078125,225500,0.0,0.0,^NSEBANK,0.010600659015347125,0.010544865978513278,0.391950791465562,48742.732421875,49010.502890625,50384.558515625,50947.9505078125,49030.48889724455,49344.110157347684,48742.732421875,50189.46532659431,47295.99951715569,0.059361994407602835,68.23350305023287,121.00688389661082,-160.45457944328444,281.46146333989526,531.8108258928571,10.844048821280097,14.427598642990592,-0.06954990951926317
2025-03-24,50982.69921875,51801.1484375,50795.8984375,51704.94921875,180400,0.0,0.0,^NSEBANK,0.021967195825122632,0.021729393247889268,0.42252804708062053,48861.25234375,49054.531875,50389.015,50971.83224609375,49285.19940405459,49436.69208132425,48861.25234375,50812.52514871649,46909.979538783504,0.0798699464859741,74.83352302651596,314.85156349763565,-65.39335085510041,380.24491435273603,565.6821986607143,12.549133336070351,14.860409788897607,-0.049110530176169835
2025-03-25,51874.19921875,52063.94921875,51429.6015625,51607.94921875,185200,0.0,0.0,^NSEBANK,-0.0018760293060073874,-0.0018777912529735028,0.4198593427756798,48992.58984375,49112.007890625,50381.8875,50984.598984375,49506.41367212082,49521.83942004683,48992.58984375,51299.121854291334,46686.057833208666,0.09415840305227624,73.40014909358331,455.3982319771021,38.764965711340096,416.633266265762,578.8392857142857,12.476550900931374,14.677997401517304,-0.050894426688333196
2025-03-26,51640.05078125,51875.80078125,51069.1484375,51209.0,152900,0.0,0.0,^NSEBANK,-0.0077303831054975625,-0.007760417401511165,0.40888328610010394,49120.4423828125,49175.362890625,50375.9025,50994.1844921875,49668.564750966456,49588.002580044995,49120.4423828125,51622.649392204075,46618.235373420925,0.10188047533819079,67.65996711189214,528.4984108345016,136.7116547359724,391.78675609852917,603.0717075892857,12.665949580787665,14.303950324470888,-0.05823137637759526
2025-03-27,51084.69921875,51714.3515625,51050.8515625,51575.8515625,415800,0.0,0.0,^NSEBANK,0.007163810316545893,0.007138272122071959,0.41897625871987687,49268.8173828125,49232.296953125,50376.9075,51003.04775390625,49850.21111396965,49665.95744210205,49268.8173828125,51985.875932778275,46551.758832846725,0.11029526155883032,69.9844803468483,609.0123689326283,231.17179757530357,377.84057135732473,611.9143415178571,12.228356423452126,14.348056643717083,-0.051484724595889826
2025-03-28,51608.3984375,51839.1015625,51335.3515625,51564.8515625,171200,0.0,0.0,^NSEBANK,-0.00021327810722948648,-0.00021330085423934848,0.41867362214921355,49409.869921875,49288.56,50375.81703125,51011.96751953125,50013.51020430587,49740.42387819609,49409.869921875,52299.584829524385,46520.15501422561,0.11696913641822959,69.82242123064201,664.2753005601407,317.79249817227105,346.4828023878697,622.91796875,12.237964577254807,14.337276668374022,-0.05168702213850629
2025-04-01,51178.1484375,51683.8515625,50742.0,50827.5,176300,0.0,0.0,^NSEBANK,-0.014299499371316582,-0.014402722419340411,0.39838729958118746,49534.0099609375,49319.536015625,50371.93953125,51017.57626953125,50091.033041991024,49783.05431434527,49534.0099609375,52444.30094299711,46623.71897887789,0.11750677905361043,59.82237558832632,641.1823126550808,382.470461068833,258.71185158624775,656.3002232142857,13.020061858742993,14.518640321103415,-0.06524742296924804
2025-04-02,50966.8984375,51404.19921875,50908.3515625,51348.05078125,149900,0.0,0.0,^NSEBANK,0.010241518493925517,0.010189429488519527,0.4127089089715188,49695.6974609375,49375.685,50363.3475390625,51024.841015625,50210.749017158545,49844.42672481212,49695.6974609375,52633.073038269984,46758.32188360502,0.11821448243648688,63.76764627853173,657.3080133687181,437.43797152881007,219.87004183990803,660.7857142857143,13.145270112395687,14.591211093658258,-0.055674137164343045
2025-04-03,50910.0,51661.6015625,50906.6484375,51597.3515625,291200,0.0,0.0,^NSEBANK,0.004855116746535382,0.004843368677377204,0.41956777565344616,49863.305078125,49420.616015625,50356.1470703125,51033.59427734375,50342.80640242916,49913.16887530968,49863.305078125,52834.54722473764,46892.06293151236,0.11917549957658631,65.51418518094484,682.338661567519,486.41810953655187,195.92055203096714,687.7681361607143,13.17178767077453,14.394380288598393,-0.0510893248535031
2025-04-04,51711.6015625,51893.6015625,51360.3984375,51502.69921875,189600,0.0,0.0,^NSEBANK,-0.0018344419022233716,-0.0018361265513455757,0.4169636610427414,50013.942578125,49479.25203125,50352.0090625,51041.0977734375,50453.2723849359,49975.50339858186,50013.942578125,52997.47644884718,47030.40870740283,0.11930808558280333,64.24789558316537,686.6230147965689,526.4590905885552,160.16392420801367,701.1149553571429,13.125283665308238,13.959409310573095,-0.052830046357458894
2025-04-07,49336.1015625,50426.25,49156.94921875,49860.1015625,236800,0.0,0.0,^NSEBANK,-0.031893428522519085,-0.03241310326398503,0.37177183180026785,50075.5626953125,49501.96609375,50334.9980859375,51038.1937890625,50396.779925656294,49970.97783638257,50075.5626953125,52988.62073145286,47162.50465917215,0.11634649235456489,47.198459207147806,551.1215068301972,531.3915738368836,19.729932993313582,838.6004464285714,16.095746795868273,14.938143853637875,-0.08303854357263495
2025-04-08,50388.55078125,50793.69921875,50030.80078125,50511.0,162300,0.0,0.0,^NSEBANK,0.013054494818549367,0.012970019296965426,0.3896796200707364,50176.2376953125,49540.40609375,50321.3405859375,51033.75853515625,50407.65802797474,49992.15517613227,50176.2376953125,52997.38615472087,47355.089235904125,0.11244958127547805,52.56968980592994,490.60229182144394,523.2337174337957,-32.63142561235179,830.5608258928571,16.439137911865227,15.102871584831057,-0.07106807499089446
2025-04-09,50487.1015625,50496.8984375,49910.8515625,50240.1484375,141800,0.0,0.0,^NSEBANK,-0.005362229266892338,-0.0053766576201205694,0.3822278393403893,50277.405078125,49577.853046875,50312.1640625,51026.04302734375,50391.70473364381,50001.88040206826,50277.405078125,52943.5542139418,47611.25594230819,0.10605754738829234,50.2777367324845,415.9896506684745,501.7849040807315,-85.79525341225701,838.2106584821429,16.37115087716968,15.077705643531115,-0.07604922094612894
2025-04-11,50634.1015625,51244.69921875,50634.1015625,51002.3515625,140000,0.0,0.0,^NSEBANK,0.015171195721051633,0.015057264006311015,0.4031978884221086,50434.8251953125,49636.607109375,50321.3040625,51022.7475390625,50449.86157448726,50041.114565222444,50434.8251953125,52859.32538278214,48010.32500784286,0.09614389176845908,56.080699506298124,413.5943588743394,484.1467950394531,-70.5524361651137,877.6286272321429,16.71179236056346,15.290375649545684,-0.06203178284048451
2025-04-15,52299.0,52486.3515625,51863.30078125,52379.5,203800,0.0,0.0,^NSEBANK,0.02700166551756733,0.026643552675940964,0.4410865684602392,50650.9677734375,49706.860078125,50343.3035546875,51026.12529296875,50633.63666263133,50132.81595482156,50650.9677734375,52950.310408487705,48351.625138387295,0.09079165655176412,64.20850721193736,516.8623747464662,490.6899109808557,26.17246376561053,927.9001116071429,18.232488363091047,15.951923839806847,-0.03670507877463436
2025-04-16,52690.8984375,53164.44921875,52471.3515625,53117.75,200500,0.0,0.0,^NSEBANK,0.014094254431600062,0.013995853937483777,0.46139760921407924,50903.8353515625,49785.89609375,50370.843046875,51028.68404296875,50870.218885237875,50249.872191887385,50903.8353515625,53114.25390950255,48693.41679362245,0.08684683747988753,67.66329341831494,650.7719327688246,522.7063153384495,128.06561743037514,897.7109375,18.53683277683961,16.0149543940625,-0.023128155062215834
2025-04-17,53153.75,54407.19921875,53084.8984375,54290.19921875,294900,0.0,0.0,^NSEBANK,0.022072644619736348,0.021832570096618705,0.49365451929039406,51200.637890625,49885.46109375,50407.4800390625,51035.7825390625,51195.93129795331,50408.31638901926,51200.637890625,53558.73638387981,48842.539397370194,0.09211207478673168,72.2452770237995,841.7993369000906,586.5249196507777,255.27441724931282,946.8504464285714,19.027341956871325,16.33460460631603,-0.001566009989877939
2025-04-21,54891.25,55461.6484375,54674.94921875,55304.5,300,0.0,0.0,^NSEBANK,0.01868294454332542,0.01851056209945288,0.521560383841184,51500.137890625,49999.807109375,50456.7960546875,51048.24853515625,51587.22355529109,50600.32358944988,51500.137890625,54324.958274809425,48675.31750644058,0.10970146876824763,75.48196482201445,1062.7844100154762,681.7768177237175,381.00759229175867,972.9073660714286,19.306359986457107,16.593337132176476,0.0
2025-04-22,55414.30078125,55961.19921875,55243.55078125,55647.19921875,276900,0.0,0.0,^NSEBANK,0.006196588320118712,0.006177468411529913,0.5309888671440497,51797.3677734375,50128.540078125,50501.9140625,51064.77328125,51973.88790419194,50798.240280794984,51797.3677734375,55045.14327797368,48549.592268901324,0.12540311000906448,76.4799700621798,1251.1471894789138,795.6508920747568,455.49629740415696,976.7751116071429,19.30128754590698,16.617411688523738,0.0
2025-04-23,56097.1015625,56098.69921875,55162.5,55370.05078125,245500,0.0,0.0,^NSEBANK,-0.0049804561845157025,-0.004992899990833982,0.5233638441722575,52062.727734375,50232.782109375,50533.5395703125,51078.74978515625,52297.33198772128,50977.52696708734,52062.727734375,55570.62608308804,48554.829385661964,0.13475661001130793,73.86149026645975,1362.3580708023583,908.9923278202773,453.365742982081,1007.6643415178571,19.509583276918228,16.63792950062668,-0.004980456184515688
2025-04-24,55103.8984375,55550.44921875,55088.3984375,55201.3984375,233200,0.0,0.0,^NSEBANK,-0.0030459127519368856,-0.0030505609853250237,0.5187238108134535,52293.1201171875,50329.9490625,50563.6385546875,51093.91626953125,52573.90974484306,51143.168985534896,52293.1201171875,55994.65824073031,48591.58199364469,0.14156883793691244,72.24062234771823,1420.5099068585914,1011.2958436279403,409.21406323065116,973.3928571428571,19.627478158834737,16.641666161469775,-0.008011198901449653
2025-04-25,55233.55078125,55350.55078125,54176.44921875,54664.05078125,210800,0.0,0.0,^NSEBANK,-0.00973431238084288,-0.009782000526163863,0.5039400788187713,52441.0751953125,50415.588046875,50587.2610546875,51101.7902734375,52772.97079592944,51281.24278144529,52441.0751953125,56277.71652761174,48604.43386301326,0.1463219935140529,67.1820228315623,1407.0169749868874,1090.4400698997297,316.5769050871577,1016.064453125,19.949683235846845,16.71556171400946,-0.017667527769640808
2025-04-28,54610.30078125,55577.3984375,54582.3515625,55432.80078125,178600,0.0,0.0,^NSEBANK,0.014063172944799085,0.013965203962897124,0.5250902482458144,52632.3177734375,50521.06703125,50622.520546875,51113.43578125,53026.28793738854,51444.04897751606,52632.3177734375,56670.13839457589,48594.4971522991,0.15343502972906142,70.37782718404642,1441.735994460767,1160.6992548119372,281.0367396488298,1033.2140066964287,19.926553851075234,16.86121542647276,-0.003852816323373193
2025-04-29,55524.3515625,55957.75,55262.3984375,55391.25,193900,0.0,0.0,^NSEBANK,-0.0007495703024995581,-0.0007498513707811542,0.5239470858870976,52841.4302734375,50629.27203125,50655.87703125,51127.0902734375,53251.52241954201,51598.84117447622,52841.4302734375,57000.258316700274,48682.60223017473,0.1574078529571273,69.98115819467935,1449.1928733851964,1218.397978526589,230.79489485860745,1044.7960379464287,19.65923156514218,16.827641847009204,-0.004599498669175778
2025-04-30,55382.3984375,55478.25,54723.69921875,55087.1484375,193500,0.0,0.0,^NSEBANK,-0.005490064992214494,-0.005505190785485016,0.5155805173408816,53016.9951171875,50742.94703125,50685.658515625,51140.39701171875,53426.34394506182,51735.63753773205,53016.9951171875,57246.724263807446,48787.265970567554,0.15956125530202733,67.00455552524232,1414.2613248401103,1257.5706477892934,156.69067705081693,931.1389508928571,19.891156356668294,16.85658199833366,-0.010064312114764874
2025-05-02,55100.94921875,55691.94921875,54994.3984375,55115.3515625,154200,0.0,0.0,^NSEBANK,0.0005119728611837626,0.0005118418477934279,0.5163564534346989,53194.5201171875,50855.665078125,50709.85453125,51153.129765625,53587.20181338926,51868.17534262491,53194.5201171875,57465.46152607111,48923.578708303896,0.16057824751401925,67.1441331920698,1373.0261862382322,1280.6617554790812,92.36443075915099,914.2784598214286,19.882908840635825,16.6820837086193,-0.00955749190825038
2025-05-05,55065.80078125,55345.5,54786.5,54919.5,139400,0.0,0.0,^NSEBANK,-0.003553484772348847,-0.0035598133962563474,0.5109681038679659,53399.1201171875,50966.858046875,50726.380546875,51166.78076171875,53714.08735497124,51987.83513311022,53399.1201171875,57583.804362887386,49214.435871487614,0.1567323295408745,65.08512448559446,1309.4489451827685,1286.4191934198188,23.029751762949672,911.3392857142857,20.01811344585996,16.535791162964276,-0.013077014278641467
2025-05-06,54918.25,55036.94921875,54172.94921875,54271.3984375,198700,0.0,0.0,^NSEBANK,-0.011800937053323524,-0.011871120813523034,0.49313726438464034,53545.2875,51070.29703125,50733.0590234375,51176.78451171875,53767.16460092636,52077.38663524315,53545.2875,57631.37948426207,49459.19551573793,0.15262190848306012,58.6731707368447,1193.0148117896533,1267.7383170937858,-74.72350530413246,901.2999441964286,19.98677233367739,16.555939553632683,-0.024723630309617307
2025-05-07,54013.3984375,54684.30078125,53919.8984375,54610.8984375,268900,0.0,0.0,^NSEBANK,0.006255597050644823,0.00623611202152172,0.5024777294519327,53695.96484375,51177.33703125,50744.0730078125,51188.44451171875,53847.520204409564,52176.74003925323,53695.96484375,57701.058984398376,49690.870703101624,0.14917672686589423,60.84903835307424,1115.2784985980106,1237.246353394631,-121.96785479662026,849.9001116071429,19.95997623428429,16.345700914211946,-0.01862269432781847
2025-05-08,54801.75,54937.25,54108.0,54365.6484375,302200,0.0,0.0,^NSEBANK,-0.004490861842909921,-0.004500976055335955,0.495730309546915,53839.1123046875,51282.903984375,50753.6519921875,51197.99326171875,53896.865750418176,52262.57958428252,53839.1123046875,57716.765928123365,49961.458681251635,0.14404597169029687,58.45476240398262,1022.1001506718239,1194.2171128500695,-172.11696217824556,853.064453125,20.04393506621297,16.279126985973573,-0.023029924223359456
2025-05-09,53595.94921875,54054.80078125,53483.05078125,53595.25,179300,0.0,0.0,^NSEBANK,-0.014170684239803832,-0.014272047112656998,0.4745347876224215,54025.8697265625,51363.406953125,50753.8275,51203.9855078125,53868.14044085454,52314.84116921262,54025.8697265625,57427.14856827349,50624.59088485151,0.12591296943207597,51.58788536803606,875.9930209499216,1130.5722944700399,-254.57927352011825,821.6570870535714,20.490164110496853,16.463933073593466,-0.036874258678927505
2025-05-12,54658.75,55466.30078125,54558.05078125,55382.8515625,199600,0.0,0.0,^NSEBANK,0.03335373120752316,0.03280956250641026,0.523716024584922,54269.4623046875,51484.37296875,50773.7425,51217.79626953125,54012.398642916014,52435.155302282714,54269.4623046875,57287.0130013041,51251.9116080709,0.11120621316183411,62.5741696232312,894.1394910145245,1083.285733778937,-189.14624276441236,871.6286272321429,21.685104834993457,17.351013439451606,-0.004750421583858072
2025-05-13,55233.5,55499.6484375,54888.5,54940.8515625,190000,0.0,0.0,^NSEBANK,-0.00798080971871229,-0.008012826842756487,0.511555536927357,54504.4974609375,51603.566015625,50790.9865234375,51231.17251953125,54100.82273049544,52533.41790072261,54504.4974609375,56860.328782900375,52148.66613897462,0.08644539191105331,59.008449832131916,862.907927777218,1039.210172578593,-176.30224480137508,864.021484375,21.86076669147374,17.412097851291573,-0.012693319091825923
2025-05-14,55008.55078125,55208.6015625,54491.0,54801.30078125,145200,0.0,0.0,^NSEBANK,-0.0025400185341366566,-0.0025432498541150574,0.5077161578481846,54694.444921875,51726.553046875,50803.1615234375,51243.77703125,54167.5349258054,52622.35448427271,54694.444921875,56378.03046544722,53010.85937830278,0.06156331034996463,57.88687841426355,817.4727896679105,994.8626959964566,-177.3899063285461,848.4073660714286,21.707527819690846,17.371492499004766,-0.015201096360209616
2025-05-15,54853.69921875,55490.55078125,54442.30078125,55355.6015625,138400,0.0,0.0,^NSEBANK,0.010114737667680451,0.01006392605215792,0.5229663112621421,54843.25,51861.498046875,50820.9040234375,51261.66353515625,54280.68412930012,52729.540644203196,54843.25,56149.025464587,53537.474535413,0.047618456768590514,61.05338467093555,816.7772561530146,959.2456080277683,-142.4683518747537,890.2787388392857,21.781084789547815,17.433892144243345,-0.005240113794473736
2025-05-16,55276.0,55418.8984375,55170.25,55354.8984375,136000,0.0,0.0,^NSEBANK,-1.270196656077971e-05,-1.2702047231440082e-05,0.5229469665949833,54955.107421875,51993.72,50846.105,51281.85302734375,54382.99025389059,52832.49585178346,54955.107421875,55994.6597187933,53915.5551249567,0.03783278190825642,61.04711420536301,806.8682298247804,928.7701323871709,-121.90190256239043,824.1749441964286,21.77903030448782,17.427568955223318,-0.005252749201284347
2025-05-19,55326.05078125,55695.55078125,55296.55078125,55420.69921875,138100,0.0,0.0,^NSEBANK,0.0011887074695708932,0.001188001516239402,0.524757305029935,55011.632421875,52135.24,50878.916484375,51304.5127734375,54481.819679115295,52933.99402303705,55011.632421875,56021.473361498975,54001.79148225103,0.036713723813162714,61.446176495796756,795.1587332875715,902.0478525672511,-106.88911927967956,781.6001674107143,21.19835960945741,17.349949055621792,-0.004070285713924703
2025-05-20,55445.30078125,55568.3515625,54829.44921875,54877.3515625,143400,0.0,0.0,^NSEBANK,-0.009804056316672582,-0.009852432525205082,0.5098084985421636,54990.275,52270.501015625,50911.9330078125,51322.41978515625,54519.48938229479,53010.20412262383,54990.275,55992.07191999849,53988.478080001514,0.03643542135399349,56.31565377792062,733.5790157494339,868.3540852036878,-134.77506945425387,784.7109375,21.396380968048902,17.308757176361713,-0.01383443672023307
2025-05-21,55060.19921875,55336.8515625,54690.80078125,55075.1015625,119500,0.0,0.0,^NSEBANK,0.0036034902262873647,0.0035970132106267704,0.515249078710226,54961.6701171875,52407.0990625,50955.09203125,51340.76404296875,54572.40482802862,53091.18049281505,54961.6701171875,55916.035975256134,54007.30425911887,0.03472841549515374,57.69995609754981,692.7478522565943,833.2328386142692,-140.48498635767487,776.9609375,21.3864949041179,16.916293796428274,-0.010280798751453334
2025-05-22,54875.8984375,54996.1015625,54576.6015625,54941.30078125,148200,0.0,0.0,^NSEBANK,-0.00242942414002012,-0.0024323799791412474,0.5115678960202641,54940.2326171875,52536.12609375,50991.3290234375,51357.97404296875,54607.53777595447,53163.73422961642,54940.2326171875,55875.0352952026,54005.429939172405,0.034029804152036075,56.39770896835582,642.1894954344971,795.0241699783148,-152.83467454381775,762.7430245535714,21.397095581936345,16.909727745745666,-0.012685246470808034
2025-05-23,54959.30078125,55441.30078125,54854.5,55398.25,88900,0.0,0.0,^NSEBANK,0.008317044049782396,0.008282648022834316,0.5241396727957015,54950.0751953125,52671.537109375,51032.9815234375,51377.19830078125,54682.843702054044,53251.36229904323,54950.0751953125,55900.471349034,53999.679041591,0.03459125944208256,59.73958365704628,631.7116379336003,762.361663569372,-130.65002563577173,764.7287946428571,18.84382268891469,16.89288550853017,-0.004473706174705699
2025-05-26,55534.8984375,55875.75,55307.5,55572.0,90800,0.0,0.0,^NSEBANK,0.0031363806618440737,0.003131472479956106,0.5289199549914072,54995.47265625,52813.027109375,51076.99453125,51397.23830078125,54767.52525423937,53342.36769908074,54995.47265625,55974.646630453215,54016.298682046785,0.03560925752283488,60.96470710352921,630.1638961544522,735.9221100863881,-105.75821393193587,743.6037946428571,18.628722947670777,16.84284745049112,-0.0013513567583948063
2025-05-27,55458.94921875,55831.3515625,55037.8515625,55352.80078125,145400,0.0,0.0,^NSEBANK,-0.003944418389656645,-0.0039522181249083965,0.522889255004626,54991.47265625,52955.747109375,51117.40953125,51417.2515625,54823.26578062134,53421.20821210699,54991.47265625,55963.75379826878,54019.19151423122,0.035361160378318233,58.54431787222663,604.283945445386,709.5944771581877,-105.31053171280166,745.6821986607143,18.576197066308815,16.624079630769746,-0.005290444831602669
2025-05-28,55328.6015625,55521.80078125,55235.55078125,55417.0,128300,0.0,0.0,^NSEBANK,0.0011598187958674622,0.0011591467256507572,0.524655530586605,54992.76015625,53107.008125,51162.05203125,51443.8760546875,54879.811896752646,53499.474556730245,54992.76015625,55967.33578680317,54018.18452569683,0.035443779427841896,59.05701588930207,582.242509257987,684.1240835781475,-101.88157432016055,706.896484375,18.239010477055285,16.410965984922747,-0.0041367619930894155
2025-05-29,55571.3984375,55782.75,55096.44921875,55546.05078125,185700,0.0,0.0,^NSEBANK,0.0023287218949059607,0.0023260146242464062,0.5282060293028714,55015.7052734375,53256.796171875,51208.910546875,51472.8648046875,54943.263219085726,53579.73244788788,55015.7052734375,56020.769364972715,54010.64118190229,0.03653735189033282,60.124590667061646,568.632984717915,661.025863806101,-92.39287908818608,692.8752790178571,16.738187631200347,16.270737287782264,-0.0018176734664108417
2025-05-30,55615.55078125,55813.30078125,55356.6015625,55749.69921875,281100,0.0,0.0,^NSEBANK,0.0036662991272233825,0.0036595946346980666,0.5338088897343221,55047.42265625,53410.5821875,51255.8015234375,51501.01830078125,55020.06664762518,53664.82918400012,55047.42265625,56104.4222394622,53990.4230730378,0.03840323605385693,61.81658426536938,567.735563243863,642.3678036936535,-74.63224044979052,591.8501674107143,16.352493566383323,16.273742334034004,0.0
2025-06-02,55598.25,55966.30078125,55400.55078125,55903.3984375,211300,0.0,0.0,^NSEBANK,0.00275695153344091,0.0027531581131464908,0.5380375265048805,55096.617578125,53561.5671875,51298.78,51529.751796875,55104.19348475611,53752.61621354914,55096.617578125,56218.16313673362,53975.072019516374,0.040711956846291475,63.089554104989475,572.8234406417541,628.4589310832737,-55.63549044151955,588.607421875,15.173466800708619,16.199524937694523,0.0
2025-06-03,56104.80078125,56161.3984375,55455.80078125,55599.94921875,212800,0.0,0.0,^NSEBANK,-0.005428099672495912,-0.005442885335163327,0.5296889055109728,55163.0451171875,53687.276171875,51344.891484375,51555.32904296875,55151.40831656506,53825.060645125646,55163.0451171875,56235.07809406122,54091.01214031379,0.038867795445168184,58.91357997793484,546.0749916299465,611.9821431926083,-65.90715156266185,587.75,14.319721275456592,16.002869867613075,-0.005428099672495872
2025-06-04,55650.3515625,55791.0,55408.3515625,55676.8515625,151500,0.0,0.0,^NSEBANK,0.0013831369422199202,0.0013821812894170905,0.531804674746289,55216.3427734375,53806.761171875,51402.44,51580.8235546875,55201.450530463626,53897.67989678739,55216.3427734375,56278.74106784079,54153.94447903421,0.03848129887060793,59.64263677041156,525.0298126562411,594.5916770853349,-69.56186442909382,540.20703125,14.212603414771133,15.796715217574395,-0.004052470535459117
2025-06-05,55806.75,56010.1484375,55580.44921875,55760.8515625,141300,0.0,0.0,^NSEBANK,0.0015087059997582752,0.00150756904627013,0.5341157176495366,55286.1029296875,53920.721171875,51458.02703125,51610.4685546875,55254.72681922899,53970.745452305535,55286.1029296875,56295.19397726574,54277.011882109255,0.03650432908471046,60.46779733727375,509.2590335440109,577.5251483770702,-68.2661148330593,553.1392299107143,14.13701347221758,15.526510251406142,-0.002549878522311437
2025-06-06,55699.44921875,56695.0,55534.75,56578.3984375,347000,0.0,0.0,^NSEBANK,0.014661664090327653,0.014555221053401587,0.556608406977406,55435.2603515625,54040.418125,51525.4605078125,51644.72404296875,55380.79078287385,54073.00635368571,55435.2603515625,56256.407539549364,54614.11316357564,0.029625447153283455,67.44460447952946,556.3169028031552,573.2834992622873,-16.966596459132006,607.5142299107143,14.696325184947293,15.678146231405716,0.0
2025-06-09,57049.5,57049.5,56792.69921875,56839.6015625,207500,0.0,0.0,^NSEBANK,0.004616658163071552,0.004606034082723467,0.5637947358861841,55508.0978515625,54143.111171875,51598.8215234375,51676.33755859375,55519.72514283825,54181.500283443136,55508.0978515625,56540.84221520832,54475.353487916684,0.037210583810943845,69.30830840327081,607.6825265497464,580.163304719779,27.519221829967364,588.3856026785714,14.382344184516857,15.667028185216564,0.0
2025-06-10,56993.8984375,57015.3984375,56564.1484375,56629.1015625,146000,0.0,0.0,^NSEBANK,-0.0037034038630361366,-0.00371027844126405,0.5580033724203077,55592.5103515625,54243.53421875,51677.7710546875,51707.64130859375,55625.3800399489,54277.484647327714,55592.5103515625,56703.08497166794,54481.935731457066,0.039954109396472724,66.02781416806343,624.20906906858,588.9724575895393,35.236611479040675,574.4712611607143,13.931415516052418,15.65793420078706,-0.003703403863036184
2025-06-11,56639.8515625,56782.5,56399.3984375,56459.75,135300,0.0,0.0,^NSEBANK,-0.0029905394545787223,-0.0029950200528604622,0.553344101864718,55675.4328125,54348.54921875,51761.9560546875,51735.92431640625,55704.843845668045,54363.06368076584,55675.4328125,56784.923475207375,54565.94214979263,0.039855663680023495,63.42676632110406,616.5341948988062,594.4848050513928,22.04938984741341,566.228515625,13.967453536074364,15.619671134171076,-0.006682868142246225
2025-06-12,56480.8984375,56611.05078125,55968.5,56082.55078125,135300,0.0,0.0,^NSEBANK,-0.006680851735085591,-0.006703268522981033,0.5429664402265901,55711.7802734375,54438.683203125,51835.490078125,51762.90931640625,55740.81593477109,54430.49454745149,55711.7802734375,56824.77864428665,54598.78190258835,0.03995558445220998,57.950957271098645,573.4051199663663,590.2688680343875,-16.86374806802121,570.2106584821429,14.017294777132633,15.47938253828655,-0.013319072626108364
2025-06-13,55149.30078125,55688.0,55149.30078125,55527.3515625,142000,0.0,0.0,^NSEBANK,-0.009899678438585191,-0.009949006077016643,0.5276915686268184,55720.4029296875,54517.933203125,51903.2466015625,51785.617578125,55720.485994554794,54473.50854804163,55720.4029296875,56824.39547588334,54616.41038349166,0.03962615085856245,50.97511454984674,488.79060654390196,569.9732157362905,-81.18260919238855,596.2820870535714,14.346148264605965,15.578080213942878,-0.023086896528594927
2025-06-16,55554.1015625,55999.8515625,55381.44921875,55944.8984375,107700,0.0,0.0,^NSEBANK,0.007519661270536604,0.007491529557008836,0.5391792917487468,55746.612890625,54620.281171875,51969.90859375,51810.67482421875,55741.85860816862,54531.21011233412,55746.612890625,56845.524744989394,54647.70103626061,0.03942524208674204,55.33014945505779,450.235503645461,546.0256733181246,-95.79016967266364,583.7751116071429,14.447147666104904,15.609632804849374,-0.015740840899741308
2025-06-17,55975.0,56067.30078125,55643.94921875,55714.1484375,106300,0.0,0.0,^NSEBANK,-0.004124594135384574,-0.004133123735948372,0.5328308018686945,55788.452734375,54707.603125,52041.6440625,51833.50505859375,55739.21954429542,54577.59985057592,55788.452734375,56808.93370828567,54767.97176046433,0.03658394968469469,52.55181862623766,396.4902178572738,516.1185822259545,-119.62836436868065,593.5680803571429,14.037466924774266,15.6213948907146,-0.019800510455064823
2025-06-18,55544.94921875,55933.6015625,55511.80078125,55828.75,116400,0.0,0.0,^NSEBANK,0.0020569561900163347,0.0020548435522054083,0.535983767674846,55826.13515625,54792.23109375,52106.4235546875,51856.25505859375,55747.74625436252,54626.664562318045,55826.13515625,56789.781347368764,54862.48896513123,0.03452312034217116,53.79280004642083,359.00568591088813,484.69600296294124,-125.6903170520531,574.6752232142857,13.95107003889125,15.548336576278837,-0.017784283047594596
2025-06-19,55784.8515625,55942.44921875,55475.44921875,55577.44921875,131300,0.0,0.0,^NSEBANK,-0.004501279022904869,-0.004511440283236665,0.5290698761618888,55857.942578125,54873.72609375,52176.4890625,51878.423046875,55731.527489066095,54663.9502351193,55857.942578125,56736.888716882706,54978.9964393673,0.0314707666695162,50.663624365099764,305.49944401943503,448.85669117424004,-143.357247154805,575.4109933035714,13.951411869968133,15.284085439754719,-0.02220551005027992
2025-06-20,55566.69921875,56328.19921875,55566.3984375,56252.8515625,161500,0.0,0.0,^NSEBANK,0.012152453076636371,0.012079204852049767,0.5476518260828445,55900.67265625,55001.58109375,52251.77359375,51903.9235546875,55781.1774008217,54726.26009109501,55900.67265625,56768.5452692043,55032.80004329569,0.031050524858300562,57.77325178561662,313.9753737310384,421.8804276855998,-107.90505395456137,589.4146205357143,13.582574057649785,15.388573902526245,-0.010322908392572355
2025-06-23,55832.3515625,56233.55078125,55779.25,56059.3515625,86800,0.0,0.0,^NSEBANK,-0.0034398256199512645,-0.0034457554223283485,0.5423281736807204,55925.040234375,55112.548125,52326.477109375,51927.4653125,55807.6701781244,54778.538188012855,55925.040234375,56781.34703460251,55068.73343414749,0.030623377171972818,55.31391997909162,301.60209502952785,397.82476115438544,-96.2226661248576,572.8434709821429,9.770929175836956,15.408642128839661,-0.013727225007762385
2025-06-24,56529.44921875,56862.0,56276.1484375,56461.8984375,132900,0.0,0.0,^NSEBANK,0.007180726565329643,0.007155067906978082,0.5534032105699258,55980.4951171875,55236.983125,52407.4180859375,51952.57705078125,55869.97763139826,54844.552315443725,55980.4951171875,56824.32662999651,55136.66360437849,0.03014734010631971,59.20456866289692,320.5828713171795,382.3763831869443,-61.79351186976476,602.8434709821429,9.6247795800952,15.410280544969964,-0.006645069891714197
2025-06-25,56564.5,56681.3984375,56420.6484375,56621.1484375,98700,0.0,0.0,^NSEBANK,0.0028204861049134777,0.002816515997316384,0.5577845627406663,56040.7025390625,55349.3590625,52492.9830859375,51977.23728515625,55941.51770816986,54914.22275160279,56040.7025390625,56887.07640958023,55194.32866854477,0.03020568380375947,60.6636888089589,344.5041875389288,374.8019440573412,-30.29775651841237,590.7756696428571,9.582214835184415,15.389673472162857,-0.003843326114096562
2025-06-26,56693.55078125,57263.44921875,56558.3515625,57206.69921875,176500,0.0,0.0,^NSEBANK,0.01034155606886622,0.010288448010729099,0.5738944791394631,56123.7349609375,55445.903046875,52576.3815625,52006.26953125,56062.01118536797,55004.12378953014,56123.7349609375,57083.9582568091,55163.511665065904,0.03421808247579815,65.54367198446432,406.03058949284605,381.0476731444422,24.982916348403876,558.2647879464286,9.600949851091595,15.302307198391482,0.0
2025-06-27,57234.69921875,57475.3984375,56993.8515625,57443.8984375,238000,0.0,0.0,^NSEBANK,0.004146353870951192,0.004137781433808544,0.5804204026055118,56208.444921875,55532.426015625,52659.1610546875,52036.12376953125,56193.61949509483,55099.80122670543,56208.444921875,57317.17107704154,55099.718766708465,0.03945051875061023,67.31270929265288,468.5297812431454,398.54409476418283,69.98568647896258,559.0108816964286,9.634124574185755,15.307862356633887,0.0
2025-06-30,57529.94921875,57614.5,57193.80078125,57312.75,183000,0.0,0.0,^NSEBANK,-0.0022830699354901007,-0.00228568011322425,0.576812192298888,56278.9125,55592.87703125,52739.1690625,52069.80326171875,56300.20335270485,55186.58353154051,56278.9125,57481.20616502631,55076.618834973684,0.04272625790437278,65.31596747737748,501.6950301216639,419.17428183567904,82.52074828598484,556.8286830357143,9.688540327825743,15.306856566389767,-0.0022830699354900483
2025-07-01,57375.80078125,57533.8515625,57150.3515625,57459.44921875,283300,0.0,0.0,^NSEBANK,0.0025596262393621227,0.0025563559753664987,0.5808482421608423,56371.8875,55635.976015625,52817.8915625,52101.51150390625,56410.60772089962,55275.71551927422,56371.8875,57638.95718737051,55104.81781262948,0.04495395643335578,66.51258625476135,533.6643789709779,442.07230126273885,91.592077708239,556.8571428571429,9.121268256864782,15.2617363579887,0.0
2025-07-02,57558.19921875,57628.3984375,56833.80078125,56999.19921875,169600,0.0,0.0,^NSEBANK,-0.00800999672391245,-0.008042249090694696,0.5681856529201312,56438.0048828125,55663.016015625,52895.778046875,52130.14599609375,56466.664054028224,55343.30311533209,56438.0048828125,57690.285029456,55185.724736169,0.04437719402887199,59.56880836418708,515.9148445484025,456.84080991987156,59.07403462853091,567.7176339285714,9.506926542292947,15.3473942901222,-0.008009996723912428
2025-07-03,57050.3984375,57193.25,56764.1015625,56791.94921875,149900,0.0,0.0,^NSEBANK,-0.0036360159939198278,-0.0036426423673500863,0.562483704804678,56489.559765625,55691.453984375,52962.118046875,52159.0557421875,56497.643593525536,55400.112766446524,56489.559765625,57708.92614913509,55270.193382114914,0.04317138914055043,56.69837151731477,479.5963791797258,461.3919237718424,18.20445540788336,531.7103794642857,9.552862550170707,15.34886441448308,-0.011616888241632907
2025-07-04,56825.25,57075.1015625,56623.6015625,57031.8984375,93900,0.0,0.0,^NSEBANK,0.004225056932379179,0.004216156440587588,0.5690852874133925,56512.234765625,55728.063984375,53029.0065234375,52185.3532421875,56548.52500723739,55464.1043613898,56512.234765625,57755.1950778808,55269.274453369195,0.04398906953196145,59.152536002094955,464.81750348712376,462.0770397148987,2.7404637722250413,519.7887834821429,9.356663859346535,15.29293341210657,-0.007440913323451818
2025-07-07,56938.69921875,57152.19921875,56838.55078125,56949.19921875,103300,0.0,0.0,^NSEBANK,-0.001450052006258029,-0.0014511043490927048,0.5668100321443887,56517.7146484375,55773.766953125,53094.6775,52210.408984375,56586.684455952876,55522.34337540392,56517.7146484375,57767.698432419915,55267.73086445508,0.04423334495238565,57.933831434761856,441.34445803295966,457.93052337851094,-16.586065345551276,511.95284598214283,9.359490724870948,15.264025400953146,-0.008880175618416765
2025-07-08,56942.55078125,57303.30078125,56923.05078125,57256.30078125,105500,0.0,0.0,^NSEBANK,0.005392552778843873,0.0053780650267477295,0.5752591379371494,56549.074609375,55810.236953125,53165.6519921875,52235.92474609375,56650.4574393145,55590.34170504494,56549.074609375,57841.57247043391,55256.57674831609,0.045712431900508325,61.13595695126144,442.42245922376605,454.828910547562,-12.40645132379592,508.9849330357143,9.336520763531652,15.203439385468714,-0.0035355096552806705
2025-07-09,57199.75,57290.6484375,57037.8984375,57213.55078125,91100,0.0,0.0,^NSEBANK,-0.0007466427173373757,-0.0007469215938337628,0.5740829821738895,56586.7646484375,55846.68296875,53237.9775,52261.0492578125,56704.08537664169,55653.99696293534,56586.7646484375,57911.84695692434,55261.68233995066,0.046833647999468285,60.446173166501964,434.81493925389805,450.8261162888292,-16.011177034931166,493.68136160714283,9.352582261725065,15.14156627244423,-0.004279512610081879
2025-07-10,57339.75,57363.69921875,56886.6015625,56956.0,102000,0.0,0.0,^NSEBANK,-0.004501569606031208,-0.004511732180315613,0.5669971380639647,56630.437109375,55884.06,53313.503515625,52282.077265625,56728.077245532964,55705.05590556533,56630.437109375,57943.0650307081,55317.8091880419,0.046357682841045855,56.32316005848161,403.35411411506357,441.3317158540761,-37.97760173901253,473.34542410714283,9.481996775059962,15.172053026161327,-0.008761817692218949
2025-07-11,56843.44921875,57091.05078125,56607.75,56754.69921875,95500,0.0,0.0,^NSEBANK,-0.0035343209012219656,-0.003540581368691832,0.5614588673267502,56691.8044921875,55916.846953125,53386.256015625,52300.66275390625,56730.61267155364,55746.218388435314,56691.8044921875,57897.71419632111,55485.89478805388,0.04254264668184255,53.26503398760326,358.05050942947855,424.67547456915656,-66.62496513967801,474.03822544642856,9.525916962612303,15.197349586133463,-0.012265171518038638
2025-07-14,56780.75,56896.30078125,56594.25,56765.3515625,123000,0.0,0.0,^NSEBANK,0.00018769095593196283,0.00018767334418816906,0.5617519390342072,56732.8271484375,55953.763984375,53460.311015625,52315.523515625,56733.921137358055,55786.18439526138,56732.8271484375,57886.44113746629,55579.21315940871,0.040668306058869154,53.40919670697312,319.3256441837366,403.6055084920726,-84.27986430833602,438.28125,9.504751886029178,15.106826655167428,-0.012079782623873535
2025-07-15,56709.19921875,57134.94921875,56707.80078125,57006.6484375,124600,0.0,0.0,^NSEBANK,0.0042507774259854525,0.004241768392862728,0.5683905989216429,56797.4521484375,56008.468984375,53539.3830078125,52330.02775390625,56759.895165943,55834.04573025113,56797.4521484375,57851.283637935194,55743.620658939806,0.03710840714275543,56.66976490460631,304.59536492643383,383.8034797789449,-79.20811485251107,450.16685267857144,9.391034608896318,15.070654003459563,-0.007880353665176507
2025-07-16,57111.25,57276.55078125,56937.6015625,57168.94921875,161300,0.0,0.0,^NSEBANK,0.0028470500493980033,0.002843004878456688,0.5728558854537782,56864.462109375,56059.63,53618.483515625,52346.0294921875,56798.852694781766,55886.39488666285,56864.462109375,57825.271347551694,55903.65287119831,0.033792959698753094,58.76032162756737,302.5304464635701,367.54887311587,-65.01842665229987,424.01339285714283,9.407824791417827,15.070856605410734,-0.0050557393770702015
2025-07-17,57231.94921875,57262.8515625,56780.1484375,56828.80078125,129800,0.0,0.0,^NSEBANK,-0.00594988087324233,-0.005967651939994163,0.5634975803045501,56927.0296875,56108.893046875,53695.898515625,52359.66525390625,56801.70489349303,55923.35198056823,56927.0296875,57674.17286067818,56179.88651432181,0.026249153601711355,52.99003160111619,270.33064414693945,348.10522732208386,-77.77458317514441,424.09598214285717,9.611952552383853,15.118600779416433,-0.010975539203292757
2025-07-18,56524.25,56705.1484375,56204.8515625,56283.0,141200,0.0,0.0,^NSEBANK,-0.009604298766587416,-0.009650717495986233,0.5484812824224687,56928.537109375,56162.648046875,53763.0275,52369.20349609375,56752.30442744607,55937.45582446752,56928.537109375,57670.05355325212,56187.02066549788,0.026050781612478993,45.30251378666125,198.48252423622034,318.1806867049112,-119.69816246869084,438.6138392857143,9.097373728242077,15.237515270023556,-0.020474425612247334
2025-07-21,56558.8984375,56983.44921875,56255.69921875,56952.75,133700,0.0,0.0,^NSEBANK,0.011899685517829495,0.01182944096968613,0.5669077227135415,56973.20703125,56194.046015625,53839.2094921875,52384.7957421875,56771.39448197502,55977.27128233154,56973.20703125,57591.68840302163,56354.72565947837,0.021711306208632153,54.10185813262417,193.3567035171509,293.2158900673591,-99.85918655020822,463.203125,9.657226832008568,15.314762208820307,-0.008818379320361731
2025-07-22,57253.3515625,57286.1484375,56692.0,56756.0,132800,0.0,0.0,^NSEBANK,-0.003454618082533334,-0.0034605990542028392,0.5614946549609943,56987.912109375,56230.348984375,53916.9575,52403.685234375,56769.92834083454,56007.80966341658,56987.912109375,57567.999918384,56407.824300366,0.02035827555484588,51.481728562920814,171.44209522139136,268.8611310981656,-97.41903587677422,448.8853236607143,9.64901371250268,15.286837340576445,-0.012242533270236299
2025-07-23,56918.1484375,57249.0,56715.80078125,57210.44921875,129800,0.0,0.0,^NSEBANK,0.008007069186517723,0.00797518270644815,0.5739976506976445,57017.3771484375,56278.531953125,54002.5425,52425.12447265625,56811.88271015983,56054.97199891985,57017.3771484375,57578.58398107902,56456.170315795986,0.019685466456322135,56.69814647267549,188.57113357689377,252.80313159391125,-64.23199801701747,456.31752232142856,9.867649631196715,15.237720635435922,-0.004333490894631601
2025-07-24,57316.6015625,57316.6015625,56850.8984375,57066.05078125,179800,0.0,0.0,^NSEBANK,-0.002523987129481875,-0.0025271777548591017,0.570024900885449,57010.3447265625,56312.7409375,54087.1194921875,52451.22873046875,56836.089193120795,56094.622147246526,57010.3447265625,57565.049853509656,56455.639599615344,0.019459806096864565,54.686243798740946,188.32339786024386,239.9071848471778,-51.583786986933944,457.33203125,9.678010665012165,15.252010349395647,-0.006846540348869675
2025-07-25,57170.69921875,57170.69921875,56439.3984375,56528.8984375,125100,0.0,0.0,^NSEBANK,-0.009412817890781522,-0.009457398434007124,0.555246542409422,56964.5947265625,56336.2209375,54164.97046875,52476.56296875,56806.83293068072,56111.65259000157,56964.5947265625,57519.671753711606,56409.517699413394,0.01948849209982263,47.87993947248003,143.133407722009,220.55242942214406,-77.41902170013506,487.16434151785717,9.633047041396035,15.367353687829773,-0.016194913002165454
2025-07-28,56215.1015625,56578.3984375,55997.44921875,56084.8984375,145700,0.0,0.0,^NSEBANK,-0.007854389741751233,-0.007885397934535004,0.5430310299208274,56903.2021484375,56349.504921875,54242.3724609375,52504.59296875,56738.077264663516,56110.60340755053,56903.2021484375,57558.672633929455,56247.731662945545,0.023038087866552624,43.10437413435588,70.678191428844,190.57758182348405,-119.89939039464005,501.5,9.705576917205018,15.435258661107309,-0.02392210158536397
2025-07-29,55881.80078125,56296.3984375,55843.25,56222.0,145100,0.0,0.0,^NSEBANK,0.002444536164272204,0.0024415531461510712,0.5468030250760632,56841.3296875,56376.397890625,54323.449453125,52530.59796875,56688.92704898128,56114.97190137208,56841.3296875,57509.21857406295,56173.44080093705,0.02350011480149538,44.93088969439542,24.042711382295238,157.27060773524627,-133.22789635295103,515.8141741071429,9.643571765445587,15.126957541662827,-0.021536043863542624
2025-07-30,56310.1015625,56321.1484375,56064.55078125,56150.69921875,139700,0.0,0.0,^NSEBANK,-0.0012682007265838457,-0.0012690055736690352,0.5448413683557796,56798.9046875,56397.90984375,54402.504453125,52556.31646484375,56637.66725562592,56116.3729726418,56798.9046875,57529.428504719224,56068.38087028077,0.025723165657453095,44.13731649985617,-18.456860507525562,122.12511408669191,-140.58197459421746,500.06417410714283,9.639691753127506,15.095293086355877,-0.022776932563651035
2025-07-31,55728.1484375,56406.19921875,55547.3515625,55961.94921875,182800,0.0,0.0,^NSEBANK,-0.0033614897521520026,-0.0033671522520134748,0.5396483999273511,56757.4046875,56418.3228125,54477.224453125,52578.47171875,56573.31315687583,56110.31713915586,56757.4046875,57578.30407281712,55936.50530218288,0.028926600496865598,42.02144026743807,-66.60089135559247,84.37991299823504,-150.98080435382752,526.8889508928571,9.596855678199972,15.08331947058238,-0.02606185789040491
2025-08-01,55897.1484375,56097.6015625,55562.1015625,55617.6015625,98900,0.0,0.0,^NSEBANK,-0.006153246287115111,-0.006172255526186973,0.5301745641270355,56686.68984375,56422.70984375,54547.1234765625,52600.69822265625,56482.293005030515,56090.994959679156,56686.68984375,57640.872063609444,55732.50762389055,0.033665123946716,38.40434800918093,-131.03091783080163,41.29774683242771,-172.32866466322935,543.5638950892857,9.0759790601823,15.050769254181217,-0.0320547391472206
2025-08-04,55557.5,55752.44921875,55437.30078125,55619.3515625,131100,0.0,0.0,^NSEBANK,3.1464859160390546e-05,3.1464364152093105e-05,0.5302227108541866,56620.1974609375,56423.656875,54618.3419921875,52619.71048828125,56400.10810574189,56072.499140181935,56620.1974609375,57677.162103230425,55563.23281864458,0.03733525101257818,38.43335213372341,-179.8774523303946,-2.937293000136748,-176.94015933025784,535.5638950892857,9.02935220239296,14.6312439500376,-0.032024282885912955
2025-08-05,55545.05078125,55648.1484375,55202.8515625,55360.25,105700,0.0,0.0,^NSEBANK,-0.0046584786629316755,-0.0046693631913759795,0.5230942010061388,56525.394921875,56423.805859375,54689.776484375,52636.98173828125,56301.074000433146,56044.56780135127,56525.394921875,57677.936046016635,55372.85379773336,0.04077958679402734,35.749282945662216,-236.7667142337159,-49.70317724685258,-187.0635369868633,543.16015625,8.83290039348333,14.653330412481164,-0.036533577110324886
2025-08-06,55329.80078125,55559.3984375,55227.69921875,55411.1484375,117600,0.0,0.0,^NSEBANK,0.0009194040399023162,0.0009189816468880913,0.5244945399676957,56435.2748046875,56423.688828125,54765.3484765625,52655.0322265625,56216.3191849157,56019.72782629828,56435.2748046875,57641.85513849663,55228.69447087837,0.04275979298355113,36.68471682900745,-274.57960288465983,-94.67846237441404,-179.9011405102458,532.3741629464286,8.78520609893814,14.581691679559365,-0.03564776218880992
2025-08-07,55215.6484375,55614.80078125,54973.55078125,55521.1484375,95500,0.0,0.0,^NSEBANK,0.001985160082434989,0.001983192256028456,0.5275209056743297,56363.5322265625,56423.19078125,54839.9934765625,52676.19396484375,56150.11244706658,56000.17569340423,56363.5322265625,57609.726755605116,55117.337697519884,0.04421988756961971,38.75984218627998,-292.30104438741546,-134.20297877701432,-158.09806561040114,533.6099330357143,8.185521559127658,14.54458854290371,-0.03373336862090038
2025-08-08,55609.3515625,55652.6015625,54905.6015625,55004.8984375,97300,0.0,0.0,^NSEBANK,-0.009298258673109738,-0.009341757331445696,0.513317621164787,56276.0421875,56408.294765625,54909.4384765625,52690.7474609375,56041.04444615548,55961.14521278053,56276.0421875,57646.139213516915,54905.94516148309,0.04869201787332648,33.251737453711044,-344.0366348025491,-176.16970998212128,-167.8669248204278,534.9849330357143,8.378541342743532,14.642698747532423,-0.042717965706657667
2025-08-11,54999.3515625,55582.1484375,54927.55078125,55510.75,105200,0.0,0.0,^NSEBANK,0.009196482074678825,0.009154451923238995,0.5272348195411245,56213.312109375,56400.441796875,54981.0044921875,52708.48771484375,55990.54021318829,55943.48265541659,56213.312109375,57603.81259118427,54822.81162756573,0.0494722843978222,41.955882446253916,-340.29674042919214,-208.99511607153545,-131.3016243576567,539.302734375,8.920255708591833,14.485479071177638,-0.033914338637866824
2025-08-12,55441.1015625,55566.69921875,55001.5,55043.69921875,74700,0.0,0.0,^NSEBANK,-0.008413699711317224,-0.008449294680272734,0.5143851243808377,56115.1646484375,56389.316796875,55038.296484375,52727.42046875,55900.364880384644,55908.19703044927,56115.1646484375,57546.398077094855,54683.93121978015,0.05101057575520115,37.14021728834099,-370.74621040243073,-241.3453349377145,-129.40087546471622,541.5884486607143,9.099651108592962,14.485598631541208,-0.04204269328797707
2025-08-13,55340.05078125,55340.05078125,55026.94921875,55181.44921875,80100,0.0,0.0,^NSEBANK,0.0025025570947287967,0.0024994309132680853,0.5181749596180087,56015.7896484375,56379.40875,55093.0849609375,52747.13271484375,55831.89672213372,55879.697116264986,56015.7896484375,57414.578080971936,54617.00121590307,0.04994264800383663,39.35126128038664,-379.3890007187656,-268.9540680939248,-110.43493262484083,530.6883370535714,8.946361570648897,14.47235649113936,-0.039645350433617624
2025-08-14,55102.55078125,55472.80078125,55074.30078125,55341.8515625,74200,0.0,0.0,^NSEBANK,0.0029068164395997798,0.0029025998180133386,0.5225880155488152,55941.4421875,56371.02875,55145.8749609375,52766.18623046875,55785.22575454955,55858.6051337644,55941.4421875,57316.14197618923,54566.74239881076,0.04914781367565132,41.913409100641196,-369.04126769630966,-288.97150801440176,-80.0697596819079,506.91685267857144,8.983827041650061,14.469781576329051,-0.03685377575041203
2025-08-18,55940.6015625,56156.30078125,55647.6484375,55734.8984375,101700,0.0,0.0,^NSEBANK,0.007102163442365361,0.007077061859869358,0.5334016844906295,55914.037109375,56354.15875,55197.2884375,52790.9234765625,55780.43267673531,55853.75389077364,55914.037109375,57281.903329603396,54546.170889146604,0.048927471202005135,47.73946420534368,-325.37430430040695,-296.2520672716028,-29.122237028804136,523.5954241071429,9.161892586201676,13.40402410660714,-0.030013353846894335
2025-08-19,55622.30078125,55965.55078125,55608.1484375,55865.1484375,89300,0.0,0.0,^NSEBANK,0.0023369559046753086,0.0023342294701038284,0.5369851766114391,55859.65703125,56334.6696875,55238.8904296875,52813.95271484375,55788.50084442719,55854.2007357433,55859.65703125,57137.14199939711,54582.17206310289,0.04573909100202446,49.54546113814763,-277.064013271709,-292.4144564716241,15.350443199915105,516.7564174107143,9.202417486825688,13.256463846630542,-0.027746537826710535
2025-08-20,55751.5,55812.6015625,55577.3515625,55698.5,69100,0.0,0.0,^NSEBANK,-0.002983048325494786,-0.002987506482289818,0.532400275554038,55806.78203125,56316.05765625,55279.7959375,52830.84171875,55779.92933543412,55848.094824537686,55806.78203125,57013.64598092264,54599.91808157735,0.043251515523573515,47.29354003339078,-249.35053795552813,-283.8016727684049,34.451134812876774,518.9849330357143,9.04538846910644,13.229298911910083,-0.030646816889003038
2025-08-21,55972.05078125,55993.6484375,55708.19921875,55755.44921875,70300,0.0,0.0,^NSEBANK,0.0010224551603723597,0.0010219328091183762,0.5339670861235342,55734.03203125,56301.971640625,55325.2604296875,52850.58146484375,55777.59789574992,55844.4616635264,55734.03203125,56743.97992476962,54724.08413773037,0.03624169494693467,48.16066153411061,-220.2531419761217,-271.09196660994826,50.83882463382656,478.720703125,9.062567805363573,13.015758460624948,-0.029655696724707827
2025-08-22,55669.25,55745.0,55102.6015625,55149.3984375,77100,0.0,0.0,^NSEBANK,-0.010869803575113024,-0.010929311509256646,0.5172931652066828,55638.1994140625,56283.30859375,55360.9958984375,52868.95169921875,55717.76937591659,55817.204282113606,55638.1994140625,56462.669863498384,54813.72896462662,0.029636848716117763,40.52058451397191,-243.2919608158918,-265.53196545113695,22.240004635245157,487.10267857142856,9.46489804887137,12.403844604368103,-0.040203148701540126
2025-08-25,55147.75,55306.0,55048.3984375,55139.30078125,79900,0.0,0.0,^NSEBANK,-0.00018309639880198514,-0.00018311316299395229,0.5170153542922065,55568.71953125,56275.547578125,55396.740390625,52886.2787109375,55662.67712880549,55790.61983109935,55568.71953125,56306.82888595275,54830.61017654724,0.02656564199891875,40.40557260583043,-259.37527053860686,-264.3006264686309,4.925355930024068,482.9921875,9.438466239512895,12.192409530131117,-0.04037888404859433
2025-08-26,54999.05078125,55068.8984375,54396.1015625,54450.44921875,123800,0.0,0.0,^NSEBANK,-0.012492932495332676,-0.012571625265719363,0.49806338387665083,55486.9970703125,56245.65859375,55432.9698828125,52902.45470703125,55547.226851657346,55738.06412081114,55486.9970703125,56337.79760463934,54636.19653598566,0.03066666351573191,33.43380819475139,-323.9714324804663,-276.234787670998,-47.73664480946832,504.2709263392857,10.004775603266115,11.822540342318678,-0.052367365871271034
2025-08-28,54256.0,54382.25,53768.44921875,53820.3515625,134300,0.0,0.0,^NSEBANK,-0.01157194596721578,-0.011639421991661167,0.4807278753429658,55366.9146484375,56207.78265625,55457.692890625,52910.52021484375,55382.76253840427,55662.85970675973,55366.9146484375,56431.900394815704,54301.9289020593,0.03847011353767958,28.576674812352948,-421.1531794294351,-305.21846602268545,-115.93471340674967,529.2924107142857,10.279865627335129,11.554031608945477,-0.06333331951017902
2025-08-29,53660.3515625,54086.0,53606.44921875,53655.6484375,103900,0.0,0.0,^NSEBANK,-0.0030602387427501876,-0.0030649308484190776,0.47619649453137103,55242.162109375,56164.320625,55478.275859375,52917.21146484375,55218.27548117529,55584.145539337784,55242.162109375,56489.498168589715,53994.826050160285,0.04515884286878889,27.453939172862746,-505.63196915379376,-345.30116664890716,-160.3308025048866,517.7424665178571,10.185205818908042,11.510946300008186,-0.06619974317485722
2025-09-01,53658.1484375,54035.8515625,53658.1484375,54002.44921875,78000,0.0,0.0,^NSEBANK,0.006463453361372773,0.006442654818862788,0.48573782172599644,55144.187109375,56132.820625,55503.273359375,52927.6412109375,55102.48250380145,55522.11823264806,55144.187109375,56459.44869774853,53828.925521001474,0.047702637660241104,33.388366440686056,-538.3918478506093,-383.91930288924766,-154.47254496136168,491.54268973214283,10.409573523876306,11.540659852021447,-0.0601641687660299
2025-09-02,54038.25,54160.94921875,53578.0,53661.0,77500,0.0,0.0,^NSEBANK,-0.006322846902126145,-0.006342920759285817,0.4763437289425245,55046.35703125,56080.98359375,55541.28234375,52938.14021484375,54965.19845582036,55449.13320391677,55046.35703125,56497.41074936487,53595.30331313513,0.05272115345584451,30.72355106261196,-585.1610141617857,-424.1676451437553,-160.99336901803042,486.42494419642856,10.234428618668757,11.576096000677605,-0.0661066068400548
2025-09-03,53630.75,54136.1484375,53561.75,54067.55078125,100100,0.0,0.0,^NSEBANK,0.007576280375878097,0.007547724504540846,0.4875289229641624,54968.7669921875,56041.147578125,55576.8478515625,52949.09421875,54879.708201099376,55394.953501067095,54968.7669921875,56456.310350248095,53481.2236341269,0.05412322085638252,37.155096985217725,-582.7036204407705,-455.8748402031583,-126.82878023761214,487.08203125,9.807838545455658,11.53848125612171,-0.0590311686522948
2025-09-04,54379.6015625,54450.55078125,53971.8515625,54075.44921875,120000,0.0,0.0,^NSEBANK,0.00014608461796172811,0.0001460739486429952,0.4877462280585807,54904.526953125,55993.41859375,55615.200859375,52963.6824609375,54803.11210754229,55343.20823509388,54904.526953125,56431.336626341596,53377.71727990841,0.055616895653071194,37.27693087977016,-573.5077400845257,-479.40142017943185,-94.10631990509387,498.91043526785717,9.807795953736695,11.287194962325476,-0.05889370758005357
2025-09-05,54308.05078125,54308.05078125,53719.55078125,54114.55078125,79900,0.0,0.0,^NSEBANK,0.0007230926985335451,0.0007228313929660533,0.4888220064933606,54839.6970703125,55943.286640625,55646.3228515625,52983.81345703125,54737.5348383716,55295.02558984511,54839.6970703125,56385.91763714615,53293.47650347884,0.05639055827938558,37.91857958367234,-556.6480768129986,-494.85075150614523,-61.797325306853395,512.4818638392857,9.407280091863278,11.288041380528323,-0.058213200491460726
2025-09-08,54215.3984375,54518.69921875,54067.1484375,54186.8984375,76300,0.0,0.0,^NSEBANK,0.0013369353566743403,0.0013360424543469032,0.4908124652736363,54772.9845703125,55882.890625,55664.3968359375,53003.8501953125,54685.09327638383,55251.56962308648,54772.9845703125,56310.5184557556,53235.45068486941,0.05614205241890193,39.15875509092019,-531.3240480895765,-502.14541082283154,-29.178637266745,486.560546875,9.449193321695901,11.255795664755421,-0.05695409242074863
2025-09-09,54330.55078125,54350.6484375,54079.44921875,54216.1015625,93800,0.0,0.0,^NSEBANK,0.0005389333186081036,0.0005387881462036393,0.49161591378296854,54733.5447265625,55818.3346875,55675.3803515625,53023.11169921875,54640.427398871085,55210.96303247524,54733.5447265625,56286.421462735736,53180.66799038926,0.05674314513818138,39.68254133029531,-503.0987159206343,-502.33607184239213,-0.7626440782421469,480.40318080357144,9.180352128314958,11.255842028891678,-0.05644585356017719
2025-09-10,54554.75,54705.19921875,54400.0,54536.0,116900,0.0,0.0,^NSEBANK,0.005900432312183623,0.005883092934565402,0.5004170925180209,54684.8072265625,55762.7996875,55677.838359375,53042.65919921875,54630.48193231194,55184.493893946805,54684.8072265625,56195.5925401703,53174.021912954704,0.05525429786553042,45.243610207435395,-449.73256931054493,-491.81537133602274,42.082802025477804,494.7818080357143,9.20233818973245,11.286217455288297,-0.050878476186228885
2025-09-11,54413.05078125,54757.44921875,54402.3984375,54669.6015625,96900,0.0,0.0,^NSEBANK,0.002449786608845539,0.0024467907734052447,0.5040927942189546,54666.10234375,55707.002734375,55671.489375,53064.14271484375,54634.20761137747,55164.302037811634,54666.10234375,56167.41219643861,53164.79249106139,0.05492653722587029,47.423772199745116,-392.13865379766503,-471.8800278283512,79.74137403068619,499.060546875,9.20250496687939,11.116849757901996,-0.048553330987022844
2025-09-12,54781.55078125,54852.25,54580.3515625,54809.30078125,80100,0.0,0.0,^NSEBANK,0.00255533632507432,0.002552077004466673,0.5079362571723047,54647.494921875,55663.204765625,55663.110390625,53082.5122265625,54650.88315136533,55150.38041990726,54647.494921875,56131.03068543788,53163.959158312115,0.0542947399760509,49.67989442956096,-331.4023019280721,-443.78448264829547,112.38218072022335,471.84988839285717,9.256376633756592,11.076054520806679,-0.04612206475232295
2025-09-15,54884.05078125,55018.69921875,54807.5,54887.8515625,72000,0.0,0.0,^NSEBANK,0.0014331651769012854,0.0014321391758581354,0.5100973789050709,54624.794921875,55625.1228125,55658.2883984375,53095.913984375,54673.45157147339,55140.08517059717,54624.794921875,56077.16188932905,53172.42795442095,0.053176106913764794,50.95432200092501,-273.7740174641003,-409.7823896114565,136.00837214735617,468.53543526785717,9.244896347808846,11.051402794786647,-0.04475500011251141
2025-09-16,54778.3984375,55185.44921875,54777.75,55147.6015625,98700,0.0,0.0,^NSEBANK,0.004732376884969192,0.004721214392373159,0.5172437288350538,54595.430078125,55587.436875,55657.7504296875,53110.6944921875,54718.60871347593,55140.37993106395,54595.430078125,55975.228513124595,53215.6316431254,0.050546297850392684,55.01184961358912,-204.7829225995738,-368.78249620907997,163.99957360950617,444.57114955357144,9.217997896289559,10.808800334778121,-0.04023442075556138
2025-09-17,55158.3515625,55540.75,55146.55078125,55493.30078125,155300,0.0,0.0,^NSEBANK,0.006268617473023097,0.0062490514160239005,0.526754749384464,54576.8376953125,55558.31890625,55666.0429296875,53126.6519921875,54792.38891040679,55154.21996440458,54576.8376953125,55893.15882308555,53260.516567539446,0.048237354282844716,59.78078910530831,-120.81921632281592,-319.1898402318272,198.37062390901127,424.01395089285717,9.410751617129977,9.313133988651726,-0.03421801747550361
2025-09-18,55797.1015625,55835.25,55490.8984375,55727.44921875,134300,0.0,0.0,^NSEBANK,0.004219400075389235,0.0042105233677184615,0.5331967384891176,54578.28515625,55527.741875,55668.9894140625,53145.75498046875,54881.44227310614,55176.69954300636,54578.28515625,55899.852796233914,53256.717516266086,0.04842833138492536,62.6674074893656,-34.98032076327945,-262.3479363381176,227.36761557483817,414.3568638392857,9.385394322685338,9.239114082859249,-0.030142996905630253
2025-09-19,55647.94921875,55688.75,55355.30078125,55458.8515625,190000,0.0,0.0,^NSEBANK,-0.004819844798488071,-0.004831497708986958,0.525806968164052,54563.4552734375,55492.647890625,55669.6654296875,53162.77123046875,54936.433634000794,55187.764328084544,54563.4552734375,55835.1183648501,53291.7921820249,0.04661226401589963,57.5635446473481,11.244417661015177,-207.62946553829107,218.87388319930625,413.78152901785717,9.495903085017344,9.265918556603934,-0.03481755713727187
2025-09-22,55429.30078125,55666.3515625,55215.6015625,55284.75,118600,0.0,0.0,^NSEBANK,-0.0031392926033420032,-0.003144230519450467,0.5210170136347669,54570.2228515625,55459.222890625,55671.6414453125,53178.64998046875,54969.60662123881,55191.56768776751,54570.2228515625,55856.37370009194,53284.07200303306,0.047137460003706534,54.46701006027942,33.44379556996137,-159.41481331664062,192.85860888660198,404.33872767857144,9.521083664636475,9.126682651474924,-0.03784754724102643
2025-09-23,55248.69921875,55662.0,55159.0,55509.75,171200,0.0,0.0,^NSEBANK,0.004069838427414485,0.004061579037007668,0.5272073071256089,54588.7453125,55434.32390625,55675.5854296875,53192.71998046875,55021.0488477875,55204.04542550211,54588.7453125,55919.30704318147,53258.183581818535,0.048748573467461205,57.638506322905435,68.40406264311605,-113.8510381246893,182.25510076780535,399.2388392857143,9.184213302388933,9.152026596835281,-0.03393174221575691
2025-09-24,55387.1015625,55511.1015625,55040.44921875,55121.5,172000,0.0,0.0,^NSEBANK,-0.006994266772954338,-0.007018841311088404,0.5165256118019672,54622.2978515625,55401.446875,55677.6054296875,53201.99298828125,55030.615624188686,55200.80834999222,54622.2978515625,55971.8833829436,53272.7123201814,0.04941518700105332,51.03304510037952,64.04354182985116,-78.27212213378121,142.31566396363237,398.6640625,9.021909356576138,9.225272834481963,-0.0406886813315831
2025-09-25,55061.6484375,55276.6484375,54903.30078125,54976.19921875,158400,0.0,0.0,^NSEBANK,-0.0026360092023983706,-0.002639489592227775,0.5125280363335845,54680.090234375,55360.837890625,55684.6534375,53208.85623046875,55025.433109385,55192.00014876704,54680.090234375,55983.27575599587,53376.90471275413,0.047665814596685334,48.77998260109282,48.30639292396518,-52.956419122231935,101.26281204619711,383.29603794642856,8.716094577787208,9.087479792508324,-0.043217434795557924
2025-09-26,54797.8984375,54897.0,54310.94921875,54389.3515625,127700,0.0,0.0,^NSEBANK,-0.010674576718462059,-0.010731958730311242,0.4963824397709169,54716.775390625,55305.2459375,55682.43796875,53213.25548828125,54964.85391444357,55160.52373361932,54716.775390625,55937.21718804516,53496.33359320484,0.04460941964168684,40.921853483277,-11.387840397444961,-44.64270337727454,33.25486297982958,398.56026785714283,9.206764075177583,9.241542298714679,-0.053430683690719655
2025-09-29,54460.3984375,54686.05078125,54226.6015625,54461.0,218300,0.0,0.0,^NSEBANK,0.0013173247233453367,0.0013164578123839447,0.49835366135440684,54739.7029296875,55257.889921875,55683.391484375,53218.52173828125,54916.86782735371,55133.09143034013,54739.7029296875,55920.2172769021,53559.188582472896,0.04313192377864958,42.147224907260004,-52.311505787183705,-46.17646385925638,-6.135041927927325,412.00669642857144,9.167613889302457,9.236324363386688,-0.052183744527985396
2025-09-30,54705.5,54793.05078125,54502.94921875,54635.8515625,206900,0.0,0.0,^NSEBANK,0.003210583031894476,0.0032054401150929768,0.5031642501953282,54788.4455078125,55224.946953125,55693.7975,53223.8125,54890.10437355812,55113.59182767973,54788.4455078125,55856.58066645978,53720.31034916523,0.0389912562310228,45.13784486822843,-69.82979128298757,-50.90712934400262,-18.92266193898495,400.7890625,8.953389621114878,9.143924973515823,-0.049140701740813274
2025-10-01,54653.8984375,55406.75,54582.55078125,55347.94921875,173000,0.0,0.0,^NSEBANK,0.01303352351771081,0.012949318023724071,0.5227557768012312,54852.4654296875,55192.8509375,55693.4484765625,53233.59548828125,54933.70864452878,55122.78231360405,54852.4654296875,55891.76879902853,53813.162060346476,0.037894499771327646,55.27739803237744,-25.95365159984067,-45.91643379517023,19.96278219532956,434.29966517857144,9.763380734984084,9.390899553194416,-0.03674765471491818
2025-10-03,55182.6015625,55616.44921875,55177.0,55589.25,156900,0.0,0.0,^NSEBANK,0.004359705908818956,0.004350229922705428,0.5293945441590397,54928.15546875,55169.5159375,55699.9324609375,53245.4594921875,54996.141154573656,55141.075164050955,54928.15546875,55949.53093607592,53906.780001424086,0.03718950540427316,58.103132573676326,27.967074594649603,-31.13973211720626,59.10680671185587,446.267578125,9.819268642237738,9.395632931666078,-0.03254815777349502
2025-10-06,55834.69921875,56164.19921875,55727.25,56104.8515625,162600,0.0,0.0,^NSEBANK,0.009275202714553732,0.009232452165212207,0.5435799885866472,55027.6705078125,55147.403984375,55712.96796875,53258.06474609375,55101.732621995216,55178.870316931316,55027.6705078125,56101.75111975289,53953.589895872115,0.039037836856564534,63.421414809363576,111.02455366902723,-2.7068749599595634,113.73142862898679,472.24972098214283,10.181987299769206,9.519730715978294,-0.023574845820275834
2025-10-07,56126.3984375,56502.44921875,56025.05078125,56239.3515625,153700,0.0,0.0,^NSEBANK,0.0023972971365973095,0.0023944282040244797,0.5472804084733949,55130.2931640625,55130.87,55721.80546875,53271.35474609375,55210.07728299567,55220.45781675754,55130.2931640625,56257.0471069444,54003.5392211806,0.04087603668381692,64.68089757666452,185.56218481084943,34.94693699420224,150.61524781664718,477.22823660714283,9.636869805815241,9.52018101190463,-0.021234064594059167
2025-10-08,56098.5,56303.6015625,55821.0,56018.25,133600,0.0,0.0,^NSEBANK,-0.003931438687629352,-0.003939187107666233,0.5411973704149116,55220.4005859375,55120.65703125,55728.438984375,53287.2719921875,55287.04611318656,55251.74378472783,55220.4005859375,56327.393928344245,54113.40724353076,0.040093636795842096,60.9647065963496,224.2082135138553,72.79919229813285,151.40902121572245,483.54268973214283,9.72653436621065,9.525737656529557,-0.0250820228586478
2025-10-09,55979.0,56286.25,55843.8984375,56192.05078125,118000,0.0,0.0,^NSEBANK,0.0031025742726700223,0.0030977712210964853,0.5459790497254675,55303.203125,55122.800078125,55736.1525,53307.5344921875,55373.23703395451,55288.61856890517,55303.203125,56441.93625913093,54164.46999086907,0.04118145314502279,62.77520798721994,265.7958115602087,111.39851615054802,154.39729540966067,490.54268973214283,8.927304864158502,9.528671953452097,-0.022057267424805495
2025-10-10,56168.6015625,56760.25,56152.44921875,56609.75,163000,0.0,0.0,^NSEBANK,0.007433421862036438,0.007405930136084602,0.5574709641919471,55400.210546875,55130.555078125,55753.476484375,53332.70474609375,55491.00017357789,55340.42764463439,55400.210546875,56637.932772726264,54162.48832102374,0.04468294302975641,66.76486436528558,328.6704108237682,154.85289508519207,173.8175157385761,507.375,8.264200414383877,9.561337378354356,-0.014787806536661487
2025-10-13,56337.05078125,56770.8984375,56327.3984375,56625.0,123500,0.0,0.0,^NSEBANK,0.0002693882237601031,0.00026935194526773895,0.5578905285285487,55490.9955078125,55140.04109375,55768.97546875,53362.03375,55599.00015704667,55390.803031119314,55490.9955078125,56809.9176463281,54172.0733692969,0.04753643817148347,66.90432937525321,375.4021292117468,198.96274191050304,176.43938730124376,506.85714285714283,8.15318073505201,9.559310379437942,-0.014522401973837664
2025-10-14,56598.6484375,56721.30078125,56230.1484375,56496.44921875,129800,0.0,0.0,^NSEBANK,-0.002270212472406219,-0.002272793311516435,0.5543537860200396,55571.425390625,55150.73109375,55784.526953125,53387.92798828125,55684.47149625651,55434.16170514405,55571.425390625,56931.04332151994,54211.807459730066,0.04893226766590392,64.44919719532139,397.4824487697115,238.66668328234476,158.81576548736672,506.01088169642856,8.112834868985255,9.565636043740296,-0.016759645508153544
2025-10-15,56528.94921875,56922.69921875,56491.8515625,56799.8984375,123700,0.0,0.0,^NSEBANK,0.005371120184475053,0.005356747161642234,0.562702407013947,55654.040234375,55174.37703125,55798.5434375,53415.76248046875,55790.7026335178,55487.7200083737,55654.040234375,57103.08198685235,54204.99848189766,0.0520731916811436,67.48261516022436,434.45890520380635,277.8251276666371,156.63377753716924,503.16768973214283,7.833797898430254,9.289268689139124,-0.011478543393951945
2025-10-16,57139.94921875,57525.80078125,56994.69921875,57422.55078125,148600,0.0,0.0,^NSEBANK,0.010962208751748692,0.010902559272173517,0.5798330770164941,55750.502734375,55210.441015625,55817.0489453125,53447.02173828125,55946.11674282563,55563.595724957086,55750.502734375,57397.7889624355,54103.21650631449,0.059094937167079926,72.64113600134573,508.14823717976105,323.88974956926194,184.25848761049912,528.3501674107143,8.103494541448145,9.436908452549991,-0.0006421648310537479
2025-10-17,57362.8984375,57830.19921875,57238.6484375,57713.3515625,147200,0.0,0.0,^NSEBANK,0.00506422611488988,0.005051446051080439,0.5878337089422878,55849.7978515625,55257.503046875,55840.654453125,53479.0319921875,56114.42482088986,55647.899875448966,55849.7978515625,57716.08745835725,53983.50824476775,0.06683245700387216,74.66277346969204,583.2889643013259,375.7695925156748,207.51937178565112,523.0859375,8.129917402838476,9.450074778562087,0.0
2025-10-20,57872.8515625,58261.55078125,57872.8515625,58033.19921875,341700,0.0,0.0,^NSEBANK,0.005542004537782308,0.005526704134539504,0.5966334905624897,55978.515234375,55309.9440625,55866.8164453125,53514.43423828125,56297.16523973368,55741.441026166656,55978.515234375,58072.48977273051,53884.540696019496,0.07481350763192977,76.70195972979187,661.027649418771,432.82120389629404,228.206445522477,529.4252232142857,8.174448751954118,9.475607181185838,0.0
2025-10-21,58063.3984375,58155.55078125,57887.19921875,58007.19921875,39000,0.0,0.0,^NSEBANK,-0.0004480194156106787,-0.00044811980629483095,0.5959181677591034,56114.6376953125,55359.665078125,55891.4279296875,53550.16923828125,56460.025618687614,55830.294288620906,56114.6376953125,58366.70699008559,53862.56840053941,0.08026673207804452,76.1653357921725,712.3268739476043,488.7223379065561,223.60453604104822,524.8752790178571,8.209886929093766,9.402274753816965,-0.00044801941561063615
2025-10-23,58314.55078125,58577.5,57951.44921875,58078.05078125,291600,0.0,0.0,^NSEBANK,0.0012214270548180917,0.001220681719646265,0.5978674653864802,56243.052734375,55421.128125,55914.7114453125,53585.256484375,56614.12325321737,55918.44160205734,56243.052734375,58638.24176733365,53847.86370141635,0.08517279615922219,76.64485598331478,750.0528653995643,540.9884434051578,209.06442199440653,510.72181919642856,8.199639958916912,9.240350881734413,0.0
2025-10-24,58172.75,58232.8984375,57482.05078125,57699.6015625,132100,0.0,0.0,^NSEBANK,-0.006516217635736843,-0.006537540863546357,0.5874554132289587,56371.9578125,55464.90515625,55932.6734765625,53615.72673828125,56717.50213981572,55988.29101227078,56371.9578125,58790.384593935254,53953.53103106474,0.08580247609917113,68.69489185159945,740.8729738402908,580.9653494921845,159.9076243481063,532.9645647321429,8.510873773299801,9.237606594910702,-0.006516217635736823
2025-10-27,57796.44921875,58224.55078125,57652.75,58114.25,153000,0.0,0.0,^NSEBANK,0.0071863310364606026,0.007160632405374563,0.5988633933340433,56528.8603515625,55526.316171875,55957.816484375,53651.353984375,56850.52574554755,56071.66195296605,56528.8603515625,58973.0506853018,54084.6700178232,0.08647583972287678,72.10848224658088,758.3151224893954,616.4353040916267,141.87981839776876,532.7396763392857,8.647308900921477,9.275943859792099,0.0
2025-10-28,58006.55078125,58313.80078125,57770.3515625,58214.1015625,256100,0.0,0.0,^NSEBANK,0.001718194117621863,0.0017167197107454987,0.6016105510113507,56720.0978515625,55586.96921875,55983.188984375,53692.8144921875,56980.39010906684,56155.67919255562,56720.0978515625,59055.54190009975,54384.653803025256,0.08234978912233704,72.8755206794045,771.3042225992176,647.4090877931449,123.89513480607275,537.4575892857143,8.646488277610635,9.274492093781749,0.0
2025-10-29,58316.25,58469.8984375,58087.05078125,58385.25,151800,0.0,0.0,^NSEBANK,0.002939982459683854,0.0029356691631949317,0.6063192579385688,56916.3103515625,55647.8371875,56009.43296875,53733.73,57114.18628915571,56243.11334186717,56916.3103515625,59107.54367237643,54725.077030748565,0.07699843181257011,74.1859220863877,786.3439430829894,675.1960588511139,111.14788423187554,530.3323102678571,8.648550438021335,9.244824017621319,0.0
2025-10-30,58152.05078125,58331.19921875,57999.19921875,58031.1015625,223000,0.0,0.0,^NSEBANK,-0.00606571758277985,-0.0060841887795977856,0.5965757789721329,57086.0728515625,55693.76125,56023.96,53774.71025390625,57201.51155328374,56313.230526990024,57086.0728515625,59047.437708890226,55124.70799423478,0.06871605487481137,66.9755705766227,760.9148579283064,692.3398186665524,68.575039261754,526.3108258928571,8.922204494619724,9.099724985011989,-0.006065717582779897
2025-10-31,57942.44921875,58254.94921875,57656.94921875,57776.3515625,307900,0.0,0.0,^NSEBANK,-0.004389887373163703,-0.004399551221245255,0.5895669911197241,57207.49296875,55731.9853125,56033.3275,53816.07451171875,57256.25822082814,56370.60782250022,57207.49296875,59010.039502529165,55404.94643497083,0.06301784749643975,62.28594125843203,711.9984537993805,696.271545693118,15.7269081062625,525.6107700892857,8.984123569720193,9.112344228549732,-0.010428977138917791
2025-11-03,57726.8515625,58247.55078125,57718.3984375,58101.44921875,27800,0.0,0.0,^NSEBANK,0.0056268290997627535,0.005611057631483192,0.598511212921379,57333.1029296875,55780.044296875,56048.0509765625,53862.911015625,57336.7526015826,56438.48395568648,57333.1029296875,59006.326528540754,55659.87933083424,0.058368499639912155,65.59655390728452,691.4934094243072,695.3159184393559,-3.822509015048695,531.7287946428571,9.032176606463278,9.083032909108272,-0.004860830111201031
2025-11-04,57966.6484375,58119.6484375,57732.94921875,57827.05078125,168600,0.0,0.0,^NSEBANK,-0.00472274687102725,-0.004733934277454623,0.5909618490922526,57419.212890625,55821.476328125,56061.723984375,53911.84001953125,57383.44766631283,56492.93755668898,57419.212890625,59001.054010297994,55837.371770952006,0.05509797296198275,60.74926811817067,645.6586028976963,685.3844553310239,-39.725852433327645,524.2678571428571,9.026401569906179,9.112226804523122,-0.009560620512030008
2025-11-06,57714.80078125,57945.05078125,57521.0,57554.25,170400,0.0,0.0,^NSEBANK,-0.004717528865201159,-0.004728691525114667,0.5834564406457261,57484.9578125,55869.573359375,56076.4409765625,53955.96552734375,57399.71455523542,56534.5576525051,57484.9578125,58966.44111469382,56003.47451030617,0.05154333789461976,56.29538273586975,580.628323463483,664.4332289575157,-83.80490549403271,523.7823660714286,9.106760231014938,8.987596894648544,-0.014233046873996428
2025-11-07,57391.3984375,58001.3515625,57157.8515625,57876.80078125,142400,0.0,0.0,^NSEBANK,0.005604291277359952,0.005588645664827148,0.5923305917641164,57577.8853515625,55924.323359375,56099.93546875,54001.59103515625,57445.15133866538,56587.19463794608,57577.8853515625,58896.16686724569,56259.603835879316,0.0457912445944808,60.02703778628124,548.7923739954858,641.3050579651097,-92.51268396962382,532.1821986607143,9.157188317746142,9.009543782850061,-0.008708521737082567
2025-11-10,57846.19921875,58097.19921875,57846.19921875,57937.55078125,123400,0.0,0.0,^NSEBANK,0.001049643366253239,0.0010490928758338147,0.5940019710066438,57665.1603515625,55994.065390625,56119.8619921875,54044.88529296875,57492.04652367344,56640.14978082074,57665.1603515625,58817.8549052383,56512.4657978867,0.039978890083657445,60.70751953800694,522.4417882414127,617.5324040203703,-95.09061577895761,507.85714285714283,8.805779626591661,9.001846565282348,-0.007668019212900518
2025-11-11,57962.30078125,58187.3515625,57594.25,58138.1484375,119600,0.0,0.0,^NSEBANK,0.003462308184330798,0.003456328194419302,0.5995208970766994,57741.5802734375,56080.421328125,56144.1019921875,54092.87302734375,57553.58003927597,56698.894826180716,57741.5802734375,58798.325436853695,56684.83511002131,0.03660257160998829,62.950360077640724,511.8450820866128,596.3949396336188,-84.54985754700601,511.064453125,8.723212939871678,9.009990481638008,-0.004232260074248205
2025-11-12,58505.3515625,58507.69921875,58171.8515625,58274.6484375,149300,0.0,0.0,^NSEBANK,0.0023478559890282025,0.0023451040817019527,0.6032763417944766,57824.0626953125,56172.801328125,56168.5609765625,54137.492265625,57622.25322005921,56760.68908544814,57824.0626953125,58765.02718136492,56883.09820926008,0.032545775657811034,64.43789737173304,508.5987159301585,578.8356948929268,-70.23697896276826,518.29296875,7.869243943890599,8.910651459345953,-0.0018943408223823653
2025-11-13,58158.75,58615.94921875,58127.1015625,58381.94921875,121200,0.0,0.0,^NSEBANK,0.001841294355727996,0.0018396012512929484,0.6062284454732951,57918.3376953125,56260.391328125,56196.6059765625,54186.54751953125,57694.60521993453,56824.26791420508,57918.3376953125,58654.85033091916,57181.825059705836,0.025432796068187893,65.60688600015092,508.8188763810176,564.832331190545,-56.01345480952739,508.4927455357143,7.864938709199394,8.889927949513599,-5.653450571848198e-05
2025-11-14,58050.0,58590.1484375,58050.0,58517.55078125,114800,0.0,0.0,^NSEBANK,0.0023226624721266464,0.002319969261120841,0.6099591720052582,58004.2203125,56357.52234375,56219.25296875,54235.51328125,57772.980987678864,56890.671163893116,58004.2203125,58573.111212535885,57435.32941246412,0.01961550028501242,67.0796520539975,514.0100797099803,554.6678808944321,-40.65780118445173,493.4428013392857,7.860527752817507,8.871962152062858,0.0
2025-11-17,58696.30078125,59001.55078125,58605.30078125,58962.69921875,157500,0.0,0.0,^NSEBANK,0.007607092770578472,0.007578304743652948,0.6222062807835458,58081.227734375,56455.4253125,56248.2864453125,54287.38177734375,57886.28748587611,56971.92716604436,58081.227734375,58729.95354237698,57432.50192637303,0.022338570767436807,71.40808204939935,547.7300137459388,553.2803074647335,-5.5502937187947055,487.1713169642857,7.358059121208462,8.950439998424978,0.0
2025-11-18,58990.5,59103.6484375,58798.8984375,58899.25,145500,0.0,0.0,^NSEBANK,-0.0010760908097949828,-0.0010766702112067637,0.6204606395132028,58140.52265625,56551.901328125,56272.6599609375,54340.0390234375,57982.76010626886,57047.50845365047,58140.52265625,58860.54083882285,57420.50447367715,0.024768204676448666,69.99540904481525,562.8453518653259,555.1933163448521,7.6520355204738735,470.12137276785717,7.38299130874158,8.91368771309852,-0.0010760908097949373
2025-11-19,58908.1484375,59264.25,58688.55078125,59216.05078125,149800,0.0,0.0,^NSEBANK,0.005378689563109829,0.005364276073094187,0.6291765942423828,58199.665234375,56653.931328125,56298.608984375,54395.79603515625,58100.21636102897,57132.54932924262,58199.665234375,59062.684403138446,57336.64606561156,0.02965718669645235,72.88026640666624,593.5455183906015,562.863756754002,30.681761636599504,483.896484375,7.1285890304107165,8.951587937393835,0.0
2025-11-20,59308.19921875,59440.1015625,59125.25,59347.69921875,120000,0.0,0.0,^NSEBANK,0.0022231884052235085,0.0022207207785368646,0.6327985607567641,58266.690234375,56757.14734375,56320.018984375,54448.2002734375,58219.0242522405,57219.417952360556,58266.690234375,59264.466895015175,57268.91357373482,0.034248612942546386,73.99903495879458,621.3361735783183,574.5582401188652,46.77793345945304,478.81082589285717,7.127521872460002,8.918031858983158,0.0
2025-11-21,59116.69921875,59232.1484375,58823.6484375,58867.69921875,121400,0.0,0.0,^NSEBANK,-0.008087929377527558,-0.008120814111297805,0.6195926013096347,58306.17265625,56850.179296875,56334.2569921875,54496.7090234375,58280.8028204795,57284.05643339544,58306.17265625,59334.544028831915,57277.80128366808,0.03527487144953885,63.683495673776676,597.738126519369,579.194217398966,18.543909120402986,473.5287388392857,7.5097469135865635,9.008061863674751,-0.008087929377527602
2025-11-24,58996.8984375,59309.8984375,58649.5,58835.3515625,190400,0.0,0.0,^NSEBANK,-0.0005494975458408824,-0.0005496485749466078,0.618702639149953,58362.96015625,56936.166328125,56349.4830078125,54544.32603515625,58333.616986386216,57344.89153649758,58362.96015625,59375.612421569094,57350.30789093091,0.03470188155665877,63.04566212748099,569.8573577948991,577.3268454781526,-7.469487683253419,482.90345982142856,7.523620597836428,9.009449689996384,-0.008632982626024558
2025-11-25,58925.6484375,59166.1484375,58746.19921875,58820.30078125,137400,0.0,0.0,^NSEBANK,-0.0002558118690598743,-0.0002558445944972061,0.6182885558023798,58398.2626953125,57019.1803125,56363.0915234375,54590.49154296875,58379.96782399229,57402.7507225663,58398.2626953125,59423.55702736229,57372.96836326271,0.035113864170897166,62.73084200244724,540.3187176085485,569.9252199042318,-29.6065022956833,485.27845982142856,7.328126254654682,8.986638795732937,-0.008886586075663342
2025-11-26,58783.05078125,59554.94921875,58783.05078125,59528.05078125,140200,0.0,0.0,^NSEBANK,0.012032410419526629,0.01196059645870062,0.6377604678830171,58463.96015625,57113.5553125,56388.3800390625,54642.07904296875,58489.30905801683,57486.095822906835,58463.96015625,59601.78059242552,57326.13972007448,0.03892382360464792,70.25318686578092,567.4771195410867,569.4355998316028,-1.958480290516036,510.12472098214283,7.952489327041684,9.187692423742323,0.0
2025-11-27,59605.30078125,59866.6015625,59523.0,59737.30078125,137800,0.0,0.0,^NSEBANK,0.0035151495346108508,0.00350898583647605,0.6435174408295001,58531.5626953125,57210.544296875,56417.8335546875,54689.97580078125,58608.16541261046,57574.37837029284,58531.5626953125,59802.560387262296,57260.56500336271,0.043429480896179144,72.04942797362553,598.9804017441711,575.3445602141164,23.635841530054677,474.41768973214283,7.8791983056557475,9.136916690478067,0.0
2025-11-28,59758.69921875,59897.5,59598.94921875,59752.69921875,100000,0.0,0.0,^NSEBANK,0.000257769221217119,0.0002577360044394682,0.6439410890402795,58617.642578125,57302.64625,56445.0415625,54737.02404296875,58717.1686322428,57659.80271729117,58617.642578125,59976.111919575524,57259.173236674476,0.04635018679367631,72.18254617258,618.0648383506414,583.8886158414214,34.17622250922,477.81417410714283,7.821082240238482,8.973502704156376,0.0
2025-12-01,60102.05078125,60114.30078125,59527.6015625,59681.3515625,122300,0.0,0.0,^NSEBANK,-0.0011940490920552271,-0.0011947625366541435,0.6419781426755187,58712.892578125,57386.407265625,56472.3630859375,54783.52029296875,58808.99557798158,57739.07914259348,58712.892578125,60090.00550021264,57335.77965603736,0.04691006903654813,70.50696115019616,620.28200740584,591.1672941543052,29.114713251534795,477.3568638392857,7.349801886313581,8.775277879666502,-0.0011940490920552688
2025-12-02,59354.19921875,59656.55078125,59251.94921875,59273.80078125,207100,0.0,0.0,^NSEBANK,-0.006828779352009207,-0.00685220215942046,0.6307654362383657,58771.51015625,57457.334296875,56492.5380859375,54829.0950390625,58853.26274019762,57799.26430489374,58771.51015625,60138.806729951306,57404.21358254869,0.0465292305767271,61.69680423581354,582.4391914102816,589.4216736055005,-6.982482195218836,481.63197544642856,7.62330805614927,8.836664785971386,-0.008014674546279323
2025-12-03,59158.69921875,59414.8984375,58925.69921875,59348.25,166400,0.0,0.0,^NSEBANK,0.0012560223533624182,0.001255234217161773,0.6328137140793719,58847.5701171875,57535.122265625,56513.885078125,54875.9312890625,58900.40438398832,57860.00884195673,58847.5701171875,60161.867816809456,57533.27241756554,0.044667866387845784,62.615777956227625,552.0917468535263,581.9556882551057,-29.863941401579382,481.65708705357144,7.496718185267387,8.745966098562983,-0.006768718803301969
2025-12-04,59287.1015625,59548.69921875,59062.1484375,59288.69921875,109600,0.0,0.0,^NSEBANK,-0.0010034125900931778,-0.0010039163455173728,0.6311753282413879,58934.292578125,57615.20125,56537.2120703125,54925.35779296875,58937.38484444181,57916.035915556466,58934.292578125,60110.956001758226,57757.62915449178,0.03993136668514026,61.34789332421783,517.2731254417886,569.0191756924423,-51.74605025065375,477.8286830357143,7.506204093424963,8.73515455165224,-0.007765339575729156
2025-12-05,59133.19921875,59806.6015625,59106.55078125,59777.19921875,119500,0.0,0.0,^NSEBANK,0.008239344199434173,0.008205586105955181,0.6446151432203937,59029.3125,57700.550234375,56567.4370703125,54976.84654296875,59017.36716580449,57989.02271176013,59029.3125,60152.107588653074,57906.517411346926,0.03804195038365302,67.21281110107356,523.0673892879568,559.8288184115452,-36.761429123588414,493.26088169642856,7.814604875703108,8.670577879730857,0.0
2025-12-08,59672.05078125,59713.1484375,59030.6015625,59238.55078125,131200,0.0,0.0,^NSEBANK,-0.009010934679774096,-0.00905177869866883,0.6297956235914675,59094.3625,57782.89125,56592.1690625,55026.2400390625,59038.4322720374,58038.02381252444,59094.3625,60094.92905640733,58093.795943592675,0.0338633505491265,56.95116784702898,478.6770666399316,543.5984680572225,-64.9214014172909,524.8214285714286,8.052208222125874,8.704736000549488,-0.009010934679774107
2025-12-09,58918.8515625,59358.25,58878.44921875,59222.3515625,137800,0.0,0.0,^NSEBANK,-0.0002734573776089766,-0.0002734947738953433,0.6293499439542016,59148.57265625,57867.814296875,56614.32609375,55076.85455078125,59055.9483949386,58084.468038013685,59148.57265625,60042.84034919184,58254.304963308154,0.030238014301342608,56.67094813631241,437.15106914771604,522.3089882753212,-85.15791912760517,517.9715401785714,7.832616095551222,8.700511286657415,-0.0092819279508158
2025-12-10,59281.55078125,59440.8984375,58853.8984375,58960.3984375,105200,0.0,0.0,^NSEBANK,-0.0044232138388417,-0.004433025191671029,0.6221429807337875,59182.86015625,57959.235234375,56632.2405859375,55125.36205078125,59046.848398992064,58118.818249758246,59182.86015625,59983.75415671345,58381.96615578655,0.027065065741972975,52.198282272300816,378.7381315780585,493.5948169358687,-114.85668535781019,537.4107142857143,7.9604628151035275,8.735564760681706,-0.013664085837494346
2025-12-11,58966.19921875,59423.3515625,58799.8984375,59209.8515625,96900,0.0,0.0,^NSEBANK,0.004230858874952004,0.00422193395606819,0.6290060387602661,59224.2552734375,58054.212265625,56656.05109375,55175.9748046875,59062.37250980234,58161.603869865765,59224.2552734375,59930.88512391935,58517.62542295565,0.023862853056381996,55.777585374619434,348.5563000738766,464.5871135634703,-116.0308134895937,544.5108816964286,8.004405606098615,8.731499813369032,-0.009491037781376064
2025-12-12,59401.5,59545.69921875,59224.8515625,59389.94921875,107700,0.0,0.0,^NSEBANK,0.003041683968079134,0.003037067406443612,0.6339609603122673,59267.8751953125,58149.29421875,56687.1205859375,55225.07404296875,59093.570291606884,58209.77427570436,59267.8751953125,59893.9349846398,58641.8154059852,0.02112644623294394,58.210495104076216,335.30417902275803,438.73052665532794,-103.4263476325699,521.3286830357143,7.789574853626174,8.66418480328997,-0.006478222550757
2025-12-15,59053.69921875,59533.0,59052.30078125,59461.80078125,125200,0.0,0.0,^NSEBANK,0.0012098269731692923,0.0012090957222487563,0.6359377703551587,59292.8302734375,58231.57125,56712.21109375,55275.71029296875,59128.63986204909,58258.87335435321,59292.8302734375,59907.35383246264,58678.30671441236,0.02072842723786923,59.175473387317325,326.83208142974036,416.3508376102104,-89.51875618047006,525.66796875,7.633923646383558,8.663683891631576,-0.005276233105967779
2025-12-16,59288.75,59335.25,58966.3515625,59034.6015625,123300,0.0,0.0,^NSEBANK,-0.007184431233786426,-0.007210363540427461,0.6241844879412881,59299.5978515625,58300.47828125,56734.997109375,55325.9773046875,59119.683833520605,58289.29406839818,59299.5978515625,59898.65796717786,58700.537735947146,0.020204525403862323,51.5531948538221,282.3912458491104,389.55891925799045,-107.16767340888003,505.92159598214283,7.8546395258931225,8.718529318358769,-0.012422757605830975
2025-12-17,59072.80078125,59127.19921875,58801.3984375,58926.75,132700,0.0,0.0,^NSEBANK,-0.0018269211554823306,-0.0018285920112611383,0.621217230939862,59285.1328125,58356.91625,56752.1601171875,55377.35130859375,59101.30918270912,58314.2923402257,59285.1328125,59906.25192395686,58664.01370104314,0.020953621320922374,49.808858090248734,235.7512500711382,358.79738542062006,-123.04613534948186,504.65011160714283,7.729787607776341,8.728937899224357,-0.014226983362633758
2025-12-18,58712.69921875,59211.0,58712.69921875,58912.8515625,97400,0.0,0.0,^NSEBANK,-0.00023585956293192822,-0.00023588738217301678,0.6208348513523549,59263.3904296875,58410.38625,56770.628125,55428.87380859375,59083.3608379273,58337.765250903125,59263.3904296875,59905.381028919175,58621.39983045582,0.021665672334199707,49.57606450004558,195.4146116402917,326.12083066455443,-130.70621902426274,518.91796875,7.567311810017093,8.72758115908428,-0.014459487355487953
2025-12-19,59047.3984375,59140.55078125,58897.5,59069.19921875,179100,0.0,0.0,^NSEBANK,0.00265388030121283,0.0026503649790089404,0.6251363530358782,59273.4654296875,58471.405234375,56796.0311328125,55480.50080078125,59082.01211229137,58366.448935916735,59273.4654296875,59895.31838990541,58651.61246946959,0.02098250728922127,52.2781070003682,174.0570628082496,295.7080770932935,-121.65101428504391,494.3716517857143,7.45159866735823,8.568602231125208,-0.011843980802933392
2025-12-22,59224.75,59371.19921875,59155.5,59304.0,114800,0.0,0.0,^NSEBANK,0.00397501209353579,0.0039671326067652534,0.6315962896928404,59296.8978515625,58533.64421875,56828.2221484375,55535.2973046875,59103.153815882666,58403.215644312164,59296.8978515625,59883.563232039676,58710.23247108532,0.01978738860659365,56.084116816370305,174.07093088504917,271.38064785164465,-97.30971696659549,485.271484375,7.511837015431877,8.467798144171306,-0.00791604867632497
2025-12-23,59334.3515625,59402.3515625,59216.75,59299.55078125,91800,0.0,0.0,^NSEBANK,-7.502392334413077e-05,-7.502673777943528e-05,0.6314738809378739,59320.8603515625,58587.440234375,56858.99765625,55591.2235546875,59121.8582887748,58438.36604183914,59320.8603515625,59863.02278955746,58778.69791356754,0.018278980944708322,55.992988196879786,171.7431584422593,251.4531499697676,-79.7099915275083,463.5859375,7.472268130717227,8.326097492228874,-0.007990478706640014
2025-12-24,59322.94921875,59478.1484375,59118.25,59183.6015625,82500,0.0,0.0,^NSEBANK,-0.0019553136106835733,-0.0019572277318867857,0.6282838378530013,59303.637890625,58638.612265625,56889.3266796875,55645.91556640625,59127.73860055815,58467.590964218,59303.637890625,59839.94011421401,58767.33566703599,0.01808665514173425,53.55095868842883,158.71270778546022,232.90506153290613,-74.1923537474459,454.53934151785717,7.492370845889833,8.334326103067081,-0.00993016842555262
2025-12-26,59092.8515625,59180.6484375,58947.05078125,59011.3515625,72900,0.0,0.0,^NSEBANK,-0.0029104345705980306,-0.0029146781210101914,0.6235448242805679,59267.3404296875,58688.9103125,56919.820703125,55698.522578125,59116.654120743086,58488.91490924867,59267.3404296875,59777.69903175994,58756.98182761506,0.017222254225424862,50.05820002351321,132.95423268072045,212.914895762469,-79.96066308174855,421.4321986607143,7.546305221048198,8.349360317717297,-0.012811701890673068
2025-12-29,59007.05078125,59140.3984375,58809.55078125,58932.3515625,106900,0.0,0.0,^NSEBANK,-0.0013387254809158478,-0.0013396223744246343,0.6213713434548944,59226.323046875,58731.559375,56952.968203125,55750.04583984375,59099.101496148505,58506.30458192519,59226.323046875,59703.20081142555,58749.44528232444,0.01610357489770644,48.495919317980594,104.95594896412513,191.32310640280025,-86.36715743867512,391.7357700892857,7.538519187686857,8.286107442566811,-0.01413327601981394
2025-12-30,58885.94921875,59272.69921875,58737.6015625,59171.25,295700,0.0,0.0,^NSEBANK,0.0040537740505168784,0.004045579646533765,0.6279440165332435,59200.81796875,58766.533359375,56988.4871875,55803.41458984375,59105.972782229604,58532.38087283009,59200.81796875,59627.106929627844,58774.52900787216,0.014401455098234118,53.24771325551646,100.88131771649205,173.2347486655386,-72.35343094904655,395.685546875,7.303718435919179,8.301067414661723,-0.01013679507687498
2025-12-31,59194.6015625,59766.19921875,59187.1015625,59581.8515625,122600,0.0,0.0,^NSEBANK,0.006939207174092132,0.006915241679801313,0.6392406573317913,59216.2205078125,58803.903359375,57030.703203125,55860.23984375,59151.29457082679,58573.536586150476,59216.2205078125,59674.66092252402,58757.78009310098,0.015483609415803136,60.06701229707861,129.29383875933127,164.44656668429715,-35.15272792496589,396.2533482142857,7.554050972903958,8.343952314186648,-0.0032679292239025867
2026-01-01,59674.80078125,59743.19921875,59569.6484375,59711.55078125,71800,0.0,0.0,^NSEBANK,0.0021768242400783677,0.0021744583909286933,0.642808996129993,59234.385546875,58837.470390625,57073.7072265625,55919.5278515625,59204.652305152806,58618.16459380143,59234.385546875,59741.10192884355,58727.669164906445,0.017108859230676517,61.954738056346734,160.42730330846098,163.64271400912992,-3.21541070066894,364.11746651785717,7.426417092154722,8.347204641491288,-0.0010982186913736903
2026-01-02,59757.3984375,60203.75,59738.25,60150.94921875,250400,0.0,0.0,^NSEBANK,0.007358684069514565,0.007331741049939064,0.65489790851907,59277.498046875,58880.345390625,57120.005234375,55979.99935546875,59294.77582073349,58678.27379477981,59277.498046875,59929.552665569034,58625.443428180966,0.022000072208796902,67.55117818297975,218.04311466964282,174.5227941412325,43.52032052841031,375.28543526785717,7.687254363871795,8.182812631854794,0.0
2026-01-05,60360.3984375,60437.3515625,59859.80078125,60044.19921875,318500,0.0,0.0,^NSEBANK,-0.0017747018357396893,-0.0017762784847065924,0.6519609581628594,59290.848046875,58919.668359375,57170.3982421875,56039.918359375,59366.149477687446,58731.8394976806,59290.848046875,59994.843755316215,58586.85233843378,0.02374719646056138,65.047736212525,252.18321628116973,190.05487856921997,62.12833771194977,382.20340401785717,7.284476213070959,8.193535223560518,-0.0017747018357396817
2026-01-06,59957.80078125,60305.0,59844.80078125,60118.3984375,295400,0.0,0.0,^NSEBANK,0.0012357433310032917,0.0012349804286495498,0.654002357899987,59334.8404296875,58968.044296875,57216.4747265625,56098.739609375,59437.792235764835,58786.21435806568,59334.8404296875,60129.23465082825,58540.44620854675,0.026776653156491255,65.99117211079405,281.97630232972733,208.43916332132147,73.53713900840586,379.685546875,7.276877466345162,7.870964186718327,-0.0005411515806944807
2026-01-07,60039.69921875,60065.3984375,59760.6484375,59990.8515625,376300,0.0,0.0,^NSEBANK,-0.002121594691724904,-0.002123848462031855,0.6504932352773658,59373.2654296875,59005.576328125,57265.94625,56152.1213671875,59490.46455259676,58833.45503274938,59373.2654296875,60217.52936907293,58529.001490302064,0.028439195091442254,62.85064876423894,291.93037912185537,225.1374064814283,66.79297264042708,381.96763392857144,7.3188018555338115,7.59369241546234,-0.002661598168098319
2026-01-08,59893.1484375,60112.8515625,59564.80078125,59686.5,312900,0.0,0.0,^NSEBANK,-0.005073299587736613,-0.005086212464532796,0.6421197886272711,59409.5705078125,59035.024296875,57310.9967578125,56202.040859375,59509.13459520659,58866.90777656313,59409.5705078125,60241.43691481786,58577.70410080715,0.028004457864106727,56.00192659502061,272.1235581855217,234.53463682224697,37.58892136327472,385.52120535714283,6.6600992243618204,7.63317411794431,-0.007721394670946005
2026-01-09,59558.1484375,59739.6484375,59154.19921875,59251.55078125,272500,0.0,0.0,^NSEBANK,-0.007287229419550512,-0.0073139109779722326,0.6301532849931604,59411.65546875,59052.3503125,57350.09375,56247.98435546875,59484.602803401205,58881.99181596262,59411.65546875,60241.62107379105,58581.689863708954,0.02793948758009623,47.95894448510575,218.80746668913343,231.38920279562427,-12.581736106490837,409.97823660714283,6.909563193468787,7.710878678211359,-0.014952356516090412
2026-01-12,59217.25,59541.1015625,58864.19921875,59450.5,262400,0.0,0.0,^NSEBANK,0.003357704838553577,0.0033520803344287207,0.6356268585657658,59414.6830078125,59080.73828125,57387.249765625,56292.2691015625,59481.354917362994,58904.286254552324,59414.6830078125,60244.75696999981,58584.609045625184,0.027941711380608296,51.39738960017203,190.4126606969221,223.19389437588384,-32.78123367896174,436.75697544642856,6.987833043768534,7.618642127274603,-0.01164485727735879
2026-01-13,59767.55078125,59767.55078125,59312.05078125,59578.80078125,224200,0.0,0.0,^NSEBANK,0.0021581110545747517,0.002155785677925855,0.639156722970396,59420.5330078125,59116.787265625,57424.3862890625,56331.638359375,59490.63547582842,58930.737804618904,59420.5330078125,60253.648697866316,58587.41731775868,0.02804134018603578,53.52976007657541,176.2308931309817,213.80129412690343,-37.570400995921716,456.03543526785717,7.0122094136116715,7.542816048764818,-0.00951187711800319
2026-01-14,59330.3515625,59796.6484375,59324.19921875,59580.1484375,341500,0.0,0.0,^NSEBANK,2.261972769379561e-05,2.2619471871612884e-05,0.6391938002491171,59447.8103515625,59146.36125,57463.2027734375,56371.49935546875,59499.160519797144,58956.2048882613,59447.8103515625,60263.25872833225,58632.361974792744,0.02743409292780857,53.5528114607569,163.21899775162456,203.68483485184765,-40.4658371002231,464.0747767857143,6.71118459568552,7.543281915668246,-0.009489472546379574
2026-01-16,59590.3515625,60235.1484375,59510.5,60095.1484375,478100,0.0,0.0,^NSEBANK,0.008643818679643589,0.00860667476897364,0.6533626942392663,59506.2302734375,59191.723203125,57506.599765625,56415.93009765625,59555.92127386408,59000.86934117263,59506.2302734375,60331.84981423352,58680.61073264147,0.02774901172540138,61.42718798778281,192.24706834896642,201.39728155127142,-9.150213202304997,498.9388950892857,7.141820872822432,7.6481170993243195,-0.0009276791467923505
2026-01-19,60093.30078125,60107.5,59594.6015625,59891.3515625,492900,0.0,0.0,^NSEBANK,-0.003391236735390546,-0.0033970000121344075,0.6477557499336377,59555.1552734375,59238.465234375,57554.019296875,56457.50759765625,59587.86701563893,59035.79021259723,59555.1552734375,60348.04117143165,58762.26937544335,0.02662694419496509,57.28817571852915,196.54170835145487,200.42616691130814,-3.8844585598532717,511.94252232142856,7.21651221100732,7.686143176995866,-0.004315769902581676
2026-01-20,59851.3984375,59993.5,59283.94921875,59404.19921875,396100,0.0,0.0,^NSEBANK,-0.008133934717463043,-0.00816719564873999,0.6343530122333532,59571.9052734375,59269.013203125,57596.66828125,56496.7043359375,59570.374844506645,59050.23762460322,59571.9052734375,60335.166478329105,58808.644068545895,0.025624871368078794,48.82006725705808,158.80550761720224,192.102035052487,-33.29652743528476,524.4034598214286,7.220762532903928,7.840308431636591,-0.012414600429401474
2026-01-21,59142.0,59447.3515625,58278.6015625,58800.30078125,331700,0.0,0.0,^NSEBANK,-0.010165921693114699,-0.010217947569373146,0.6177383074920828,59546.7203125,59286.268203125,57640.166796875,56536.56833984375,59497.03445752982,59040.43617976584,59546.7203125,60377.4601260232,58715.9804989768,0.027902118174216606,40.77392461135173,79.25612447650929,169.53285293729147,-90.27672846078218,565.3892299107143,7.349853912593976,8.016541221634412,-0.022454316266699605
2026-01-22,59194.25,59573.1015625,58823.05078125,59200.1015625,300700,0.0,0.0,^NSEBANK,0.0067992982338194174,0.006776287252379773,0.6287377927089957,59541.7478515625,59307.507265625,57693.964296875,56575.82859375,59468.75513419365,59046.697567324045,59541.7478515625,60379.87462287267,58703.62108025233,0.028152575345944453,47.00147888657107,47.92084531240107,145.2104514123134,-97.28960609991233,608.1928013392857,7.627430102498754,8.07395929499426,-0.01580769162581404
2026-01-23,59305.1484375,59400.1484375,58346.25,58473.1015625,323400,0.0,0.0,^NSEBANK,-0.01228038433738965,-0.012356411325390662,0.6087362666296976,59506.2228515625,59311.476328125,57742.138828125,56610.20734375,59373.93098450854,59024.20360635055,59506.2228515625,60460.45595968157,58551.98974344344,0.03207170821442948,38.97590296770736,-35.16999557471718,109.13436201490728,-144.30435758962446,648.3141741071429,8.330761063166985,8.364150789890552,-0.02789395143455173
2026-01-27,58366.05078125,59436.80078125,58121.6015625,59205.44921875,388800,0.0,0.0,^NSEBANK,0.012524522159427676,0.012446739121990508,0.6288849196497761,59515.927734375,59327.946328125,57794.168828125,56648.72109375,59357.88510205535,59031.31127742504,59515.927734375,60452.75860800037,58579.09686074963,0.03148168597174622,48.51325270609557,-41.44796391277487,79.01789682937086,-120.46586074214572,701.0033482142857,9.036440393975164,8.593214131254694,-0.01571878768798004
2026-01-28,59575.6484375,59699.8984375,59240.1015625,59598.80078125,289300,0.0,0.0,^NSEBANK,0.006643840519588995,0.006621867481046588,0.6397069712806926,59549.2501953125,59349.571328125,57853.5468359375,56697.41458984375,59380.82945245484,59053.56576777112,59549.2501953125,60445.19973253144,58653.30065809357,0.030091043439853752,52.78183554634758,-14.515786383759405,60.3111601867448,-74.8269465705042,703.4497767857143,9.200169980929301,8.623526503024511,-0.009179380286951259
2026-01-29,59416.25,60060.69921875,59339.0,59957.8515625,617400,0.0,0.0,^NSEBANK,0.0060244631862282905,0.006006388664420234,0.649585325565375,59588.5802734375,59369.474375,57912.44984375,56744.64884765625,59435.78393912581,59089.027955799706,59588.5802734375,60483.7227556695,58693.437791205506,0.030044094963310276,56.34004282280349,35.39257213764358,55.32744257692456,-19.934870439280978,729.4461495535714,9.35366905612061,8.619300344512663,-0.003210217939334005
2026-01-30,59542.25,59906.8984375,59501.80078125,59610.44921875,317800,0.0,0.0,^NSEBANK,-0.005794109273376313,-0.005810960246959909,0.640027447933291,59590.01015625,59383.698359375,57967.79984375,56791.5003515625,59452.41872766145,59109.475848464426,59590.01015625,60485.19874391175,58694.821568588246,0.03004492146634958,52.23826232013539,46.378220798149414,53.53759822116954,-7.159377423020125,722.8747209821429,9.265341642199328,8.671982495808056,-0.008985726859178436
2026-02-02,58239.30078125,58687.05078125,57829.8515625,58619.0,282500,0.0,0.0,^NSEBANK,-0.016632138018482623,-0.016772005053349873,0.6127502850651647,59535.3826171875,59371.75734375,58012.8443359375,56829.58359375,59373.04551550321,59090.241501465825,59535.3826171875,60527.44348385414,58543.32175052085,0.033326765464684965,42.686775012967544,-24.633282411399705,37.903422094655696,-62.5367045060554,808.2424665178571,10.480205878670851,9.101918044207885,-0.025468413028342823
2026-02-03,61411.19921875,61764.8515625,59793.19921875,60041.30078125,368300,0.0,0.0,^NSEBANK,0.024263477392142407,0.023973795661561374,0.6518812151460145,59529.9001953125,59385.629375,58071.388359375,56867.89259765625,59436.68887414576,59127.537943810305,59529.9001953125,60508.76177187568,58551.03861874931,0.03288638392981084,55.31063392806026,33.471537024546706,37.0170450806339,-3.5455080560871934,984.5959821428571,12.64523411737915,9.900396108848202,-0.0018228878999272857
2026-02-04,60163.3515625,60389.3984375,59891.75,60238.1484375,255600,0.0,0.0,^NSEBANK,0.003278537501497203,0.003273174815404378,0.6572969696578894,59539.59765625,59413.038359375,58131.608828125,56903.49458984375,59513.018356369976,59171.09129650402,59539.59765625,60543.43646758441,58535.75884491559,0.03372004013631545,56.73111823474273,94.31676087579399,48.476988239665914,45.839772636128075,987.6065848214286,12.655071295429169,9.894189018584264,0.0
2026-02-05,60315.3515625,60328.30078125,59881.05078125,60063.6484375,200,0.0,0.0,^NSEBANK,-0.0028968353863175755,-0.0029010393346724514,0.6524960531505475,59536.86015625,59437.604296875,58186.8853125,56932.3618359375,59565.459316477594,59206.0935373274,59536.86015625,60534.33145432003,58539.38885817996,0.033507689033390305,55.0603318151042,126.99245750140835,64.1800820920144,62.81237540939395,985.806640625,12.65650726076798,9.82480814344419,-0.0028968353863175625
2026-02-06,59967.1015625,60149.8984375,59644.55078125,60120.55078125,204800,0.0,0.0,^NSEBANK,0.0009473674215647598,0.0009469189522701549,0.6540615740755666,59543.3451171875,59463.609296875,58241.3948046875,56956.44208984375,59618.325170265445,59241.95460571652,59543.3451171875,60554.83210585383,58531.85812852117,0.03397481235478516,55.52035562012845,155.6850853277283,82.48108273915719,73.20400258857111,970.1422991071429,12.656255542452163,9.805812230209288,-0.0019522123322235456
2026-02-09,60805.19921875,60876.19921875,60495.69921875,60669.3515625,263400,0.0,0.0,^NSEBANK,0.009128339213771097,0.009086927746540699,0.6691604092041925,59592.4876953125,59486.4353125,58299.9953125,56981.5528515625,59718.42292190683,59297.93095696293,59592.4876953125,60721.88907320797,58463.08631741703,0.037904152740524256,59.79499795301892,220.16985508819926,110.0188372089656,110.15101787923365,987.4815848214286,12.876003110396061,9.696768797109137,0.0
2026-02-10,60740.80078125,60797.55078125,60531.55078125,60626.3984375,215900,0.0,0.0,^NSEBANK,-0.0007079872109025942,-0.0007082379522027358,0.6679786649815309,59661.230078125,59504.217265625,58357.38078125,57007.83458984375,59804.89678053476,59350.027720905564,59661.230078125,60867.971984286356,58454.48817196365,0.04045313529677997,59.3145301404308,264.75659230694146,140.9663882285608,123.79020407838067,955.7993861607143,12.835742105884856,9.702192366999359,-0.0007079872109025394
2026-02-11,60670.25,60779.94921875,60444.6484375,60745.3515625,235100,0.0,0.0,^NSEBANK,0.001962068143015694,0.00196014580141621,0.671251352783321,59725.97265625,59524.0703125,58413.35828125,57035.55435546875,59894.46390262669,59404.74630292888,59725.97265625,61020.83325285325,58431.11205964675,0.043360050544702114,60.266711611730884,306.1611902155564,174.00534862595993,132.1558415895965,896.2672991071429,12.820643345852528,9.697153728732404,0.0
2026-02-12,60786.1484375,60864.3984375,60597.6484375,60739.75,267000,0.0,0.0,^NSEBANK,-9.221384609547911e-05,-9.221809805357992e-05,0.6710972402682887,59784.0201171875,59545.23828125,58465.8227734375,57065.9328515625,59974.96734047176,59457.09938908853,59784.0201171875,61153.06501049652,58414.975223878486,0.04579969331689103,60.1952684346482,334.6648252981977,206.1372439604075,128.5275813377902,860.1208147321429,12.792288713806855,9.490026107908598,-9.22138460954767e-05
2026-02-13,60504.3984375,60621.8984375,60073.55078125,60186.6484375,236600,0.0,0.0,^NSEBANK,-0.009106088887425479,-0.009147802741315148,0.6558800802588742,59814.3451171875,59563.495234375,58510.414765625,57089.70208984375,59995.127444950645,59485.7091556929,59814.3451171875,61191.22201108773,58437.468223287266,0.04603835053957954,53.45672550767207,309.06082699773106,226.72196056787223,82.33886642985883,832.4280133928571,12.978381393378452,9.623654475249827,-0.00919746302604173
2026-02-16,59947.80078125,61011.30078125,59861.1015625,60949.1015625,168600,0.0,0.0,^NSEBANK,0.012668143928827647,0.01258857428863483,0.6768570074444724,59857.0427734375,59595.512265625,58565.317265625,57117.49134765625,60085.98212281249,59543.097093214754,59857.0427734375,61320.805933603966,58393.27961327103,0.04890863605497186,60.08934975455099,346.3011251725984,250.63779348881747,95.66333168378094,820.6422991071429,13.452897652975167,9.723476593885644,0.0
2026-02-17,60821.1484375,61241.6015625,60560.0,61174.0,264000,0.0,0.0,^NSEBANK,0.0036899385181154987,0.00368314739573757,0.6830445067056137,59921.1751953125,59633.21828125,58624.209765625,57147.92560546875,60189.60287302083,59607.05406995143,59921.1751953125,61499.202090614934,58343.14830001006,0.052670091671562565,61.817763822170335,389.4721614899754,278.4046670890491,111.06749440092631,834.0103236607143,13.337067023654429,9.731367990323895,0.0
2026-02-18,61255.3515625,61596.8515625,61100.8984375,61550.80078125,218100,0.0,0.0,^NSEBANK,0.006159492288390522,0.006140600153382305,0.693411206365685,60028.5052734375,59668.6903125,58684.6202734375,57180.1028515625,60319.24076904265,59683.279431178824,60028.5052734375,61744.45660801351,58312.553938861485,0.05717121646656488,64.58505938358346,448.91537578147836,312.506808827535,136.40856695394336,817.8856026785714,13.412524853284449,9.734435091236866,0.0
2026-02-19,61660.8515625,61678.80078125,60592.8984375,60739.55078125,190600,0.0,0.0,^NSEBANK,-0.013180169708646994,-0.013267798976200373,0.6710917592792607,60125.4677734375,59698.7103125,58740.80078125,57209.20310546875,60359.27029401478,59724.70183706396,60125.4677734375,61766.737344864225,58484.198202010775,0.054594820870626545,55.29336702744504,425.65675021748757,335.1367971055255,90.51995311196208,862.875,14.01475101279627,10.015216441372306,-0.013180169708647042
2026-02-20,60627.8515625,61360.5,60562.3515625,61172.0,219800,0.0,0.0,^NSEBANK,0.007119730277680869,0.007094504660357947,0.6829894818745843,60224.0626953125,59737.70328125,58802.7587890625,57243.70611328125,60436.67312315623,59781.45862776734,60224.0626953125,61868.18431224015,58579.94107838486,0.05460015626131493,58.70400616705933,437.08076473039546,355.5255906304995,81.55517409989596,792.7000558035714,14.12688229359601,10.009544607197238,-0.006154278684305806
2026-02-23,61145.55078125,61517.80078125,61029.1484375,61264.25,841900,0.0,0.0,^NSEBANK,0.0015080428954423741,0.0015069069406574165,0.6855275022058296,60363.6201171875,59783.7803125,58871.5077734375,57276.97287109375,60515.48996856992,59839.607309031366,60363.6201171875,61848.02995870962,58879.21027566538,0.049182267022433376,59.41528880844221,448.40920043446386,374.1023125912924,74.30688784317147,602.9001116071429,14.022021207483249,10.009546815904706,-0.0046555167051098864
2026-02-24,61392.1015625,61435.6484375,60801.8515625,61047.30078125,587700,0.0,0.0,^NSEBANK,-0.00354120418922943,-0.0035474890945932903,0.6795587051539569,60455.7126953125,59820.529296875,58937.37078125,57310.3811328125,60566.138617396595,59886.967837353666,60455.7126953125,61864.17832594134,59047.24706468365,0.0465949558059896,56.93178139984352,434.8681887304265,386.25548781911925,48.61270091130723,612.625,13.873018698918754,10.023176832204062,-0.008180234759080168
2026-02-25,61175.05078125,61317.55078125,60816.75,61043.3515625,321600,0.0,0.0,^NSEBANK,-6.469112801810173e-05,-6.46932205793711e-05,0.679450052606748,60527.940234375,59853.59734375,59001.44578125,57347.621640625,60611.5874693112,59932.316218731954,60527.940234375,61899.04185577173,59156.83861297827,0.045304750701496865,56.88516871903143,418.98833374885,392.8020570050654,26.18627674378456,616.4500558035714,13.85862771479293,9.995458804406763,-0.008244396698484261
2026-02-26,61193.8984375,61284.75,60813.30078125,61187.69921875,602700,0.0,0.0,^NSEBANK,0.002364674490426877,0.0023618830474073714,0.6834214053040932,60589.4326171875,59888.1153125,59059.84328125,57376.64587890625,60666.45525497203,59981.54692461502,60589.4326171875,61963.19218610919,59215.67304826581,0.04534650712447814,58.23128822874674,413.2869688487699,396.8990393738063,16.387929474963585,614.0287388392857,13.860362462127965,9.850946826183428,-0.005899217522619305
2026-02-27,61057.44921875,61086.44921875,60438.94921875,60529.0,369200,0.0,0.0,^NSEBANK,-0.010765222866038981,-0.010823587125162515,0.665298998698534,60635.36015625,59918.00328125,59109.24078125,57404.58662109375,60653.36427830803,60003.01567266933,60635.36015625,61930.47890777624,59340.241404723754,0.0427182669712484,50.485189724850294,351.5644578860447,387.832123076254,-36.2676651902093,613.5359933035714,14.268073023271702,10.00836443051195,-0.016600933997291997
2026-03-02,59204.30078125,60177.5,59148.0,59839.6484375,387100,0.0,0.0,^NSEBANK,-0.011388781617076127,-0.011454130426420892,0.6463332720752208,60696.392578125,59936.26125,59146.58875,57429.778359375,60575.86753156441,59996.609114427396,60696.392578125,61665.41590486402,59727.36925138598,0.03193017856841323,43.90314869235859,244.2089248481716,359.10748343063756,-114.89855858246597,693.1788504464286,14.462490905694356,10.168896541985282,-0.027800651202433458
2026-03-04,58447.1484375,59058.3984375,58393.55078125,58755.25,363100,0.0,0.0,^NSEBANK,-0.01812173810868234,-0.01828794787330861,0.6164988516790637,60632.0900390625,59933.10921875,59171.747734375,57446.7766015625,60402.475385701124,59947.92836484201,60632.0900390625,61906.65683048698,59357.523247638026,0.04204264740348985,35.96065335523332,70.81073813932016,301.4481343723741,-230.63739623305395,772.521484375,15.356149784312953,10.628366197397133,-0.045418593190774514
2026-03-05,59008.25,59274.3515625,58506.3984375,59055.8515625,273500,0.0,0.0,^NSEBANK,0.005116165151199281,0.005103122046475306,0.6247691267709778,60572.9751953125,59932.842265625,59202.12375,57465.2813671875,60274.22549777721,59912.9449608286,60572.9751953125,62022.17961277621,59123.77077784879,0.04784986746287015,39.241997787322916,-41.869890201116505,232.784529457676,-274.6544196587925,808.3217075892857,15.27068058892554,10.659268365183713,-0.0405347970632744
2026-03-06,58629.6015625,58807.1484375,57696.3984375,57783.25,256900,0.0,0.0,^NSEBANK,-0.021549118822767,-0.021784691487491663,0.5897567837986266,60458.9552734375,59902.427265625,59218.0357421875,57477.09412109375,60036.98973608414,59829.42751138434,60458.9552734375,62364.02114739361,58553.8893994814,0.06302013871526788,31.810708462962012,-231.19335738863447,139.9889520884139,-371.18230947704836,857.83984375,16.244700092365882,11.210345599286363,-0.061210426727668105
2026-03-09,56121.3984375,56274.1484375,55270.6015625,56019.80078125,374100,0.0,0.0,^NSEBANK,-0.030518346038860722,-0.030993727674825874,0.5412400361530338,60253.9177734375,59836.832265625,59212.13625,57482.8063671875,59654.40031181422,59680.03038471241,60253.9177734375,63006.51763162262,57501.31791525237,0.09136666825666852,24.801786619525288,-517.5630387903657,8.478553912657972,-526.0415927030236,955.1576450892857,18.257322559031564,12.256458272043051,-0.08986073178246755
2026-03-10,56583.8515625,57097.05078125,56387.19921875,56950.80078125,346800,0.0,0.0,^NSEBANK,0.01661912372083285,0.016482537304482354,0.566854094997362,60067.990234375,59792.17625,59215.3942578125,57492.18486328125,59396.914642236676,59573.00177281193,60067.990234375,63181.169149108806,56954.811319641194,0.10365517150105125,33.17321986355813,-661.760788734282,-125.56931461673001,-536.1914741175519,983.4182477678571,18.727513976222532,12.578027855356702,-0.07473501468077214
2026-03-11,56790.3984375,56938.3984375,55631.94921875,55735.75,261000,0.0,0.0,^NSEBANK,-0.02133509563661895,-0.021565978636077933,0.5334251130319652,59823.4578125,59726.66421875,59207.787265625,57496.157109375,59048.23229535699,59422.52131113303,59823.4578125,63473.89420045748,56173.021424542516,0.12204030062584345,28.684978033123016,-864.1219282061938,-273.2798373346228,-590.842090871571,1042.1967075892858,19.19759573029774,13.05269447016724,-0.09447563163177267
2026-03-12,55008.19921875,55636.94921875,54760.55078125,55100.94921875,311300,0.0,0.0,^NSEBANK,-0.011389472309065507,-0.011454829075412338,0.5159602101690619,59541.2376953125,59650.036171875,59190.7977734375,57494.67060546875,58672.30057377537,59253.04789574546,59541.2376953125,63725.32391506006,55357.15147556494,0.14054414660167397,26.655852544856558,-1063.4588157188773,-431.3156330114737,-632.1431827074036,1034.289341517857,19.208387759964722,13.147231792387856,-0.10478907635048666
2026-03-13,54592.05078125,54713.75,53675.69921875,53757.8515625,327500,0.0,0.0,^NSEBANK,-0.02437521812769361,-0.02467721128985809,0.47900834937328685,59192.1427734375,59541.768203125,59154.15078125,57485.59986328125,58204.257810796764,59037.55000032407,59192.1427734375,64063.75811615126,54320.52743072375,0.1646034461485957,22.955845876006563,-1314.6569444314373,-607.9838952954665,-706.6730491359708,1079.082310267857,20.033367272840874,13.725477901221167,-0.12661003788473763
2026-03-16,53721.5,54664.1484375,53258.1484375,54413.3984375,390200,0.0,0.0,^NSEBANK,0.012194439620375253,0.012120686422126884,0.49704402738775033,58903.4802734375,59438.399140625,59121.15125,57480.9028515625,57843.2235847685,58856.210723350574,58903.4802734375,64193.209275734145,53613.75127114085,0.17960667104018468,28.194823315680964,-1444.188412004747,-775.2247986373227,-668.9636133674244,1144.607142857143,20.530839111456178,13.855438426979813,-0.11595953672668124
2026-03-17,54649.1015625,54996.0,54113.1484375,54876.0,277100,0.0,0.0,^NSEBANK,0.008501611290302913,0.008465676120622942,0.5097713137930706,58599.8251953125,59341.688125,59089.5792578125,57478.1978515625,57560.6308624096,58700.12402831722,58599.8251953125,64088.62257340808,53111.02781721692,0.18733152734846856,31.72314653430702,-1492.3125036988786,-918.6423396496339,-573.6701640492447,1162.396763392857,20.367501488849413,13.92301212281471,-0.1084437683430322
2026-03-18,54927.05078125,55554.1484375,54689.1015625,55326.05078125,223200,0.0,0.0,^NSEBANK,0.008201231526532515,0.008167784175796665,0.5221532978896049,58307.427734375,59245.19015625,59062.7677734375,57477.0978515625,57347.81371182297,58567.80743039302,58307.427734375,63841.704782398454,52773.150686351546,0.18983094480639331,35.06604782019369,-1477.1086670210643,-1030.33560512392,-446.7730618971443,1188.414341517857,19.049025203673427,13.981050054264479,-0.10113190926829052
2026-03-19,53474.55078125,54150.30078125,53240.6015625,53451.0,395300,0.0,0.0,^NSEBANK,-0.033890920367037225,-0.034478532269772634,0.47056612168440526,57902.4376953125,59113.326171875,59016.497265625,57465.60435546875,56976.68859641126,58367.14831547565,57902.4376953125,63619.80071635898,52185.07467426603,0.19748263626245655,28.75025408064417,-1597.9403824641486,-1143.8565605919657,-454.08382187218285,1303.7000558035713,20.990574201091224,15.023877993024511,-0.13159537615174965
2026-03-20,53548.19921875,54382.44921875,53297.55078125,53427.05078125,403500,0.0,0.0,^NSEBANK,-0.000448059320686256,-0.0004481597292574672,0.46990722082689906,57536.8126953125,58979.49921875,58973.7717578125,57453.2226171875,56638.627852110185,58173.41900040798,57536.8126953125,63423.021092453186,51650.60429817182,0.20460668992254516,28.679202917060493,-1676.309437569529,-1250.3471359874784,-425.9623015820507,1327.710658482143,21.01264355767206,15.020637200894418,-0.13198447293759188
2026-03-23,52576.1015625,52665.30078125,51323.6015625,51437.75,397300,0.0,0.0,^NSEBANK,-0.03723396205032781,-0.03794484794789285,0.41517675114912755,57050.1001953125,58808.4371875,58907.0067578125,57432.41162109375,56143.306151909215,57909.27511803904,57050.1001953125,63270.97476603717,50829.22562458783,0.21808461508138793,23.48700798746576,-1877.297113577224,-1375.7371315054274,-501.55998207179664,1379.314174107143,23.0742423755378,16.187706250116527,-0.16430413013132888
2026-03-24,52384.80078125,52949.1484375,51827.5,52605.6484375,340600,0.0,0.0,^NSEBANK,0.022705084057914604,0.022451160028889094,0.4473084582407749,56617.1701171875,58666.82015625,58850.9222265625,57417.05560546875,55806.38636958453,57701.2897580179,56617.1701171875,62808.286092051734,50426.05414232327,0.21870100402580062,31.345548904827808,-1920.2067038843743,-1484.6310459812169,-435.57565790315743,1383.978515625,24.112970477016344,16.669124567585524,-0.1453295851591086
2026-03-25,53024.75,54146.1484375,53024.75,53708.1015625,348600,0.0,0.0,^NSEBANK,0.020956934430906404,0.02074035849950447,0.477639606701423,56250.21015625,58555.951171875,58804.1507421875,57406.79185546875,55606.549721290765,57544.6941425074,56250.21015625,62201.07096464298,50299.34934785702,0.21158537156973714,37.83614265833961,-1843.9976526562532,-1556.5043673162243,-287.49328534002893,1439.160435267857,25.211690969928995,17.066197824711292,-0.1274183133152525
2026-03-27,53244.25,53292.5,52211.19921875,52274.6015625,653000,0.0,0.0,^NSEBANK,-0.026690572898612652,-0.027053233886755235,0.4382005590608813,55811.77265625,58412.433203125,58746.5857421875,57385.27287109375,55289.221325215454,57338.0238452522,55811.77265625,61564.52478547406,50059.02052702595,0.20614833951452508,33.412797630077094,-1877.6287646267374,-1620.729246778327,-256.89951784841037,1448.978236607143,25.987717230858483,17.59489925748958,-0.15070801843370615
2026-03-30,51527.8984375,51624.5,50105.25,50275.3515625,564900,0.0,0.0,^NSEBANK,-0.038245150421848284,-0.038995694910507306,0.3831963623428116,55266.1552734375,58226.36421875,58671.5757421875,57352.45162109375,54811.70991924255,57061.056304752114,55266.1552734375,60941.48789229682,49590.82265457818,0.20538185045729235,28.422168837411405,-2042.0647781121443,-1704.9963530450905,-337.0684250670538,1424.45703125,27.676756501454175,18.590379670087785,-0.1831893180207787
2026-04-01,51433.8984375,52025.8515625,51133.55078125,51448.6484375,370100,0.0,0.0,^NSEBANK,0.023337417611916766,0.023069264074741663,0.4154765934900899,54812.1376953125,58063.73421875,58605.047734375,57326.54935546875,54491.41834955278,56840.96187858537,54812.1376953125,60158.02320004984,49466.25219057516,0.19506210593185896,34.59622708165374,-2054.0286872176657,-1774.8028198796057,-279.22586733805997,1472.5463169642858,28.94244763781076,19.056617835821854,-0.164127066025555
2026-04-02,50625.6484375,51731.94921875,49954.8515625,51548.75,339200,0.0,0.0,^NSEBANK,0.0019456597119671404,0.0019437693676904076,0.4182306292712761,54397.5927734375,57892.80625,58542.2647265625,57301.99435546875,54211.16422102395,56633.424157856534,54397.5927734375,59375.11533059749,49420.07021627751,0.18300525090847497,35.11048894005221,-2032.0090761212196,-1826.2440711279287,-205.76500499329086,1505.2781808035713,28.535929977614078,19.030529711167528,-0.16250074173359721
2026-04-06,51747.6015625,52704.55078125,51111.1015625,52609.1015625,355000,0.0,0.0,^NSEBANK,0.02056987924052467,0.020361176416342698,0.44740346205059955,54090.2853515625,57747.16125,58492.8132421875,57284.627109375,54058.58682497405,56475.60758548961,54090.2853515625,58678.72594459564,49501.84475852937,0.16965858335596998,40.45175472161201,-1907.0139960471206,-1842.3980561117671,-64.61593993535348,1549.4388950892858,29.40971158794039,19.375777251100473,-0.14527348312702826
2026-04-07,52258.69921875,52778.19921875,51868.44921875,52716.25,279700,0.0,0.0,^NSEBANK,0.0020366901223869416,0.002034618880900877,0.4503513743848666,53773.3052734375,57613.402265625,58441.207734375,57270.5716015625,53930.74522259557,56328.18179782336,53773.3052734375,57752.913467947415,49793.69707892759,0.14801426746128357,40.98042682760515,-1778.8035708204407,-1829.679159053502,50.87558823306131,1512.617466517857,29.299691787494336,19.348862478171803,-0.14353267007277082
2026-04-08,54904.44921875,55778.25,54797.5,55703.8984375,443600,0.0,0.0,^NSEBANK,0.05667414578047558,0.05512637722171712,0.5325487996096676,53669.3376953125,57551.47421875,58418.8712109375,57269.3666015625,54099.61695734837,56303.70009741852,53669.3376953125,57301.31365954477,50037.36173108022,0.13534640523613145,53.40282281965471,-1419.7516122146844,-1747.6936496857384,327.94203747105394,1630.9031808035713,34.18879866269261,21.633691673651015,-0.09499311576026027
2026-04-09,55505.94921875,55583.1015625,54626.8515625,54821.69921875,298800,0.0,0.0,^NSEBANK,-0.015837297630790226,-0.015964047662158153,0.5082773681365391,53609.4326171875,57463.906171875,58385.70671875,57264.90435546875,54168.38669652948,56245.582415902114,53609.4326171875,57115.5152314979,50103.3500028771,0.1308009595753986,50.052714851953965,-1192.6384585382184,-1636.6826114562346,444.04415291801615,1644.7742745535713,34.26569078413597,21.78497679975745,-0.10932597914387918
2026-04-10,55182.25,55978.5,55145.25,55912.75,281000,0.0,0.0,^NSEBANK,0.019901805248620175,0.019706353297889192,0.5382948105780938,53557.530078125,57412.699140625,58362.087734375,57265.32435546875,54334.51653495524,56232.530164298114,53557.530078125,56881.33813370756,50233.72202254243,0.12412103585561499,53.90412386853167,-914.0740911018001,-1492.1609073853479,578.0868162835477,1665.6138392857142,34.90440715534493,21.954230644227117,-0.09159995824079513
2026-04-13,54646.0,55752.6484375,54356.19921875,55605.05078125,303600,0.0,0.0,^NSEBANK,-0.005503203093212172,-0.005518401500951245,0.5298292618182483,53550.9951171875,57340.691171875,58334.31875,57265.46236328125,54455.51979650712,56207.92312966878,53550.9951171875,56857.23864760631,50244.75158676869,0.12348019016952509,52.67061505328289,-709.9546629410543,-1335.7196584964893,625.764995555435,1627.8353794642858,34.9126146296682,21.95821432858869,-0.09659906816047846
2026-04-15,56343.44921875,56786.25,56109.19921875,56301.94921875,268000,0.0,0.0,^NSEBANK,0.012533006043670358,0.012455118028885326,0.5490026212024002,53611.0451171875,57274.754140625,58312.162734375,57265.7078515625,54631.3702176731,56211.61042727981,53611.0451171875,57075.653868350746,50146.43636602426,0.12924981199639035,55.172637674500216,-486.3483448613697,-1165.8453957694653,679.4970509080956,1634.7140066964287,35.190526876917666,22.069189961928288,-0.08527673882187636
2026-04-16,56657.25,56834.25,55898.25,56086.3984375,402200,0.0,0.0,^NSEBANK,-0.0038284781298161263,-0.003835825511065472,0.543072298544099,53727.4724609375,57197.325078125,58283.3997265625,57265.8430859375,54769.944333847096,56206.700153170794,53727.4724609375,57365.03688450354,50089.90803737145,0.1354079861549687,54.21793500357604,-322.81071245008934,-997.2384591055902,674.4277466555009,1551.3247767857142,35.162594192658005,22.07571712405355,-0.08877873682213086
2026-04-17,56072.3984375,56628.69921875,55841.6484375,56565.69921875,290600,0.0,0.0,^NSEBANK,0.008545757877181481,0.008509449596209527,0.5562590207944427,53835.0875,57136.430078125,58260.06421875,57266.36208984375,54940.96860859975,56220.77854789939,53835.0875,57679.559202666314,49990.61579733369,0.1428240161276347,56.03952239540055,-152.7693630543581,-828.3446398953438,675.5752768409857,1499.585658482143,35.22121253376955,22.102668169839255,-0.0809916605344734
2026-04-20,56704.05078125,57085.1015625,56356.55078125,56582.3515625,596100,0.0,0.0,^NSEBANK,0.00029438942645443333,0.00029434610238978504,0.5567171669949889,53920.405078125,57095.697109375,58233.7272265625,57266.16810546875,55097.29079468549,56234.9578818053,53920.405078125,57934.14993426922,49906.660221980776,0.14887665811592948,56.10486898057411,-16.476730116912222,-665.9710579396575,649.4943278227453,1441.5892857142858,35.113686475755976,22.10118467463652,-0.08072111419651133
2026-04-21,56823.6015625,57456.30078125,56696.30078125,57371.44921875,281400,0.0,0.0,^NSEBANK,0.013946003205228763,0.013849652474197128,0.5784271495955355,54022.675,57042.300078125,58213.9647265625,57266.99185546875,55313.87731126306,56279.52616952862,54022.675,58283.83088439981,49761.5191156002,0.15775434609262892,59.199878712895014,153.44097744224564,-502.0886508632769,655.5296283055225,1397.0926339285713,35.0346711179685,22.231468123802127,-0.06790084790859684
2026-04-22,57163.3515625,57438.19921875,57002.1484375,57124.44921875,261900,0.0,0.0,^NSEBANK,-0.004305277335042046,-0.004314571727726197,0.5716315829633669,54206.3474609375,56980.02609375,58196.5322265625,57265.394609375,55486.31273102372,56312.660406752984,54206.3474609375,58675.36041043828,49737.33451143671,0.16488891647684886,57.825470543339435,265.11506766731327,-348.6479071571589,613.7629748244722,1273.285435267857,35.008458292962445,22.194610960356062,-0.07191379326210787
2026-04-23,56608.94921875,56868.69921875,56217.1484375,56305.0,336300,0.0,0.0,^NSEBANK,-0.01434498240170401,-0.014448866333997067,0.5490865555637952,54350.244921875,56904.853125,58171.2287109375,57260.355859375,55564.2829471167,56312.35999864502,54350.244921875,58898.240989729224,49802.24885402077,0.1673588067318438,53.39636170102828,284.218590220662,-222.07460768159473,506.29319790225674,1213.056919642857,34.69963236644103,22.27097121371389,-0.08522717356502711
2026-04-24,56170.19921875,56460.5,55750.3984375,56089.75,241200,0.0,0.0,^NSEBANK,-0.0038229286919456706,-0.00383025476115808,0.5431645081242231,54582.844921875,56824.237109375,58143.923203125,57253.50736328125,55614.327428343684,56303.63019477659,54582.844921875,58976.89520917219,50188.79463457782,0.16100480997597083,52.26394781296922,278.7758390562376,-121.90451833402827,400.68035739026584,1136.8429129464287,33.5450911361822,22.27801709089913,-0.08872428484981759
2026-04-27,56162.6015625,56474.94921875,55911.1015625,56264.30078125,235500,0.0,0.0,^NSEBANK,0.0031119907157723947,0.003107158495286169,0.5479668217464151,54765.7775390625,56736.13609375,58111.285703125,57249.83287109375,55676.22965243,56302.08786483437,54765.7775390625,59117.671770924455,50413.88330720055,0.15892750646178258,53.13197532597752,285.25892153075984,-40.471830361070644,325.7307518918305,1063.2999441964287,33.19923659538711,22.276186301348663,-0.08588840328476129
2026-04-28,55862.5,56138.05078125,55263.75,55400.3515625,292600,0.0,0.0,^NSEBANK,-0.015355193377572518,-0.01547430525651222,0.5241974918564325,54850.3900390625,56631.61515625,58067.9162109375,57242.8748828125,55649.95554862715,56266.725656899696,54850.3900390625,59181.452662822885,50519.32741530211,0.1579227648399932,48.437177230870354,218.16841973410192,11.256219657963868,206.91220007613805,1069.7857142857142,32.91232273758046,22.401078358048597,-0.09992476362100539
2026-04-29,55634.5,56178.75,55290.5,55403.6015625,313100,0.0,0.0,^NSEBANK,5.8663887652965485e-05,5.866216699440156e-05,0.5242869072068557,55006.8400390625,56524.78015625,58024.425234375,57234.7333984375,55626.49326423409,56232.87765319775,55006.8400390625,59168.89459384316,50844.78548428185,0.1513286184709035,48.45562832122085,163.37764573689492,41.68050487375008,121.69714086314484,914.5178571428571,32.734647497247394,22.39275548845017,-0.09987196170845919
2026-04-30,54880.6484375,55111.6015625,54440.25,54863.3515625,299000,0.0,0.0,^NSEBANK,-0.009751171129020464,-0.009799025140765394,0.5094233247249562,55236.2400390625,56407.2521875,57976.245234375,57224.30416015625,55553.81310216417,56179.1707476802,55236.2400390625,58756.525152954375,51715.95492517062,0.1274628798557747,45.53847073153283,75.49168154265499,48.44274020753106,27.048941335123928,906.3967633928571,32.04036522167082,22.44171558083461,-0.10864926424786944
2026-05-04,54937.8984375,55602.30078125,54723.5,54878.5,282600,0.0,0.0,^NSEBANK,0.0002761121416861023,0.00027607402974399434,0.5098400948318569,55407.7326171875,56301.08921875,57932.2922265625,57212.41515625,55489.49756862472,56128.16405169274,55407.7326171875,58453.27701767795,52362.18821669705,0.10993210718554905,45.63729746654027,6.98327519056329,40.150847204137506,-33.167572013574215,886.5396205357143,31.860182262153323,22.41628193113693,-0.10840315148722743
2026-05-05,54691.30078125,54888.55078125,54221.6484375,54547.05078125,379800,0.0,0.0,^NSEBANK,-0.0060396916597574846,-0.006058004370077423,0.5007211262035334,55557.64765625,56173.048203125,57884.280234375,57199.08265625,55399.74073173189,56066.15960971459,55557.64765625,58047.94057105125,53067.354741448755,0.08964716901656294,43.7659484072934,-73.21137715299847,17.47840233271031,-90.68977948570878,822.9933035714286,31.820682066335017,22.433291010482083,-0.11378812153705606
2026-05-06,55113.3984375,56078.80078125,54587.19921875,55981.05078125,653300,0.0,0.0,^NSEBANK,0.026289230663464558,0.02594960825333841,0.5401739300518325,55726.2451171875,56069.18921875,57851.20375,57194.20791015625,55455.10359359076,56062.822008598334,55726.2451171875,57797.311375487116,53655.178858887884,0.07433001286716309,52.786235304872854,-20.814465146926523,9.819828836782943,-30.634293983709465,848.0326450892857,32.647218677602496,22.88533802243653,-0.09049029304744144
2026-05-07,56114.0,56334.1484375,55783.19921875,56047.3984375,463500,0.0,0.0,^NSEBANK,0.0011851806160134704,0.001184478843896927,0.5419993143390192,55892.8025390625,55959.121171875,57813.9057421875,57190.67140625,55511.51262634402,56062.21716267291,55892.8025390625,57405.03266105146,54380.572417073534,0.05411180163786177,53.16059874430144,25.767138947827334,13.009290858991822,12.757848088835512,820.5290178571429,30.96701345489144,22.880990980986926,-0.08941235977268523
2026-05-08,55783.94921875,55797.69921875,55062.5,55310.55078125,429500,0.0,0.0,^NSEBANK,-0.01314686634512896,-0.013234051375529382,0.5217268554491237,55873.13515625,55850.541171875,57774.6257421875,57183.39740234375,55492.37340300173,56032.74004967594,55873.13515625,57405.803002626024,54340.46730987397,0.05486242510250762,48.555876880608295,3.1891850881875143,11.045269704830961,-7.856084616643447,834.6609933035714,31.263185430445894,22.96580026916841,-0.10138373377428007
2026-05-11,54832.44921875,55002.44921875,54360.69921875,54439.8984375,486800,0.0,0.0,^NSEBANK,-0.015741162064962566,-0.01586636983864761,0.49777310639889305,55854.0451171875,55715.899140625,57726.8012109375,57170.56365234375,55392.13769200156,55970.27567272786,55854.0451171875,57450.05641672701,54258.03381764799,0.05714935404198264,43.73531613790822,-83.99018721025641,-7.961821678186512,-76.0283655320699,850.4681919642857,29.53128102289328,23.103491603918144,-0.11552899805515071
2026-05-12,54178.3984375,54365.44921875,53457.5,53555.19921875,364400,0.0,0.0,^NSEBANK,-0.016250934409175688,-0.016384429095118183,0.4734328938869774,55736.167578125,55561.718125,57672.74921875,57152.49490234375,55217.191170739505,55875.56679217971,55736.167578125,57633.68902194879,53838.64613430121,0.06808941218156223,39.449506416722244,-221.9102577465237,-50.75150889185396,-171.15874885466974,858.2145647321429,29.32216683148237,23.24634202311929,-0.12990247829457438
2026-05-13,53600.3984375,54103.8984375,53194.25,53456.1484375,305900,0.0,0.0,^NSEBANK,-0.0018495082213291214,-0.001851220673448104,0.4707077676361566,55628.7224609375,55409.895078125,57615.2121875,57135.631640625,55049.47281519289,55780.6876410158,55628.7224609375,57783.433228899186,53474.01169297581,0.07746756253389525,38.988838614192346,-335.33988806415437,-107.66918472631404,-227.67070333784034,892.04296875,28.69543665317826,23.24455601412813,-0.1315117308143267
2026-05-14,53639.5,54393.75,53191.6015625,54128.94921875,311800,0.0,0.0,^NSEBANK,0.012586031745938975,0.01250748601446173,0.48921814228862437,55520.0724609375,55271.60703125,57562.6021875,57124.86138671875,54961.80390124595,55715.91358524067,55520.0724609375,57749.69064420541,53290.454277669596,0.08031755307367831,43.79027328663516,-366.7170017681201,-159.47874813467524,-207.23825363344486,913.103515625,27.763687972184336,23.355195550388057,-0.12058090988738025
2026-05-15,54207.75,54325.44921875,53628.30078125,53710.3515625,315100,0.0,0.0,^NSEBANK,-0.007733341627570334,-0.007763398976713035,0.47770150963633085,55401.2701171875,55122.060078125,57505.0876953125,57108.64939453125,54842.617964222525,55637.2640941528,55401.2701171875,57753.660685632014,53048.87954874299,0.08492190029104459,41.59687535480838,-420.5135050060562,-211.68569950895144,-208.82780549710478,912.1782924107143,25.2839557092313,23.368581495388206,-0.1273817581450282
2026-05-18,53282.1484375,53667.55078125,52783.44921875,53537.0,311800,0.0,0.0,^NSEBANK,-0.0032275261184667725,-0.003232745815053451,0.47293218941868176,55249.83515625,54982.220078125,57450.1116796875,57092.55439453125,54718.27339620133,55554.90079634289,55249.83515625,57675.41066366422,52824.25964883579,0.08780390024891602,40.68796429646149,-471.6982005057944,-263.68819970832004,-208.01000079747433,938.1107700892857,24.526548872750674,23.333069799107577,-0.13019815631206566
2026-05-19,53553.75,53770.6484375,53337.05078125,53409.1484375,267800,0.0,0.0,^NSEBANK,-0.002388097250499599,-0.002390953302664784,0.46941468410695864,55091.175,54853.610078125,57394.9356640625,57073.547890625,54593.594828705965,55470.75364501572,55091.175,57564.41260943035,52617.937390569656,0.0897870705945316,39.993872205207005,-516.6236768887102,-314.2752951443981,-202.34838174431206,897.6141183035714,24.550943290634734,23.327524320280173,-0.13227532770345635
2026-05-20,53015.69921875,53640.8984375,52836.1015625,53562.19921875,221400,0.0,0.0,^NSEBANK,0.002865628562288336,0.0028615304759552524,0.47362548079558153,54900.7125,54749.7490625,57341.429140625,57056.0286328125,54495.36667537683,55395.908373397455,54900.7125,57216.2386966108,52585.1863033892,0.08435322935420195,41.2851313842568,-533.7250712555178,-358.16525036662205,-175.55982088889579,891.6531808035714,23.869955999531367,23.29331018794654,-0.12978875109832103
2026-05-21,53963.1015625,54109.1484375,53156.1484375,53439.3984375,285500,0.0,0.0,^NSEBANK,-0.002292676235127633,-0.002295308441254413,0.470246934676283,54716.4599609375,54637.42,57285.1311328125,57040.5811328125,54394.79827176951,55319.18249355834,54716.4599609375,56867.55986446692,52565.36005740808,0.07862715917897865,40.531496963958666,-550.8373363291685,-396.69966755913134,-154.13766877003712,890.9137834821429,23.881959520730195,23.293844699008492,-0.13178386374821865
2026-05-22,53483.8515625,54213.05078125,53483.55078125,54055.3515625,229300,0.0,0.0,^NSEBANK,0.011526198703759594,0.011460278134295019,0.4871932929889553,54603.9775390625,54562.86203125,57232.6446484375,57030.4333984375,54362.47001374384,55269.62049626194,54603.9775390625,56637.37786624293,52570.57721188207,0.07447810283511973,45.869069204838006,-508.8311712292707,-419.12596829315925,-89.70520293611145,883.4031808035714,17.357625066020244,23.387612469126346,-0.12177663204397028
2026-05-25,54610.55078125,55405.19921875,54590.69921875,55293.6484375,262400,0.0,0.0,^NSEBANK,0.022907942307400564,0.02264949495102379,0.5212618311446993,54564.1724609375,54548.338984375,57192.585625,57025.791640625,54451.153673149194,55270.56276846735,54564.1724609375,56504.1313583764,52624.213563498604,0.07110742488865616,54.67637702030364,-371.34019519682624,-409.5688136738927,38.22861847706645,932.1849888392857,18.085801448610432,23.72837813080412,-0.10165834179782261
2026-05-26,55311.80078125,55536.80078125,54979.75,55092.8984375,321300,0.0,0.0,^NSEBANK,-0.003630615914717805,-0.003637222596407817,0.5157387137300926,54505.60234375,54511.1809375,57151.67859375,57020.50263671875,54512.27222213499,55263.59553980197,54505.60234375,56294.27125006817,52716.93343743183,0.06563247920966314,53.16612931710029,-275.401792946941,-382.7354095285024,107.33361658156139,862.5636160714286,17.136033002547496,23.722240467474638,-0.10491987531894545
2026-05-27,54992.94921875,55221.69921875,54738.6015625,54853.8515625,268100,0.0,0.0,^NSEBANK,-0.004338978013131545,-0.004348418696740373,0.5091619567775654,54478.27734375,54493.54296875,57110.10359375,57014.9621484375,54544.803587884046,55247.527148535235,54478.27734375,56225.61314490233,52730.94154259767,0.06414798287863972,51.34735532867831,-216.1671624896626,-349.42176012073446,133.25459763107187,857.7170758928571,17.109419938303898,23.70446170962765,-0.10880360829992755
2026-05-29,54748.30078125,55184.44921875,54116.1484375,54239.19921875,1042600,0.0,0.0,^NSEBANK,-0.011205272305257696,-0.01126852431685168,0.4922513860991371,54420.0572265625,54476.30796875,57063.1720703125,57008.07013671875,54515.698409871286,55207.98487677896,54420.0572265625,56114.36709746867,52725.747355656335,0.06226784598378452,46.90424595314692,-216.32691633379,-322.8027913633456,106.4758750295556,863.6743861607143,16.93286199789206,23.758264657839955,-0.11878970654639
2026-06-01,54403.8515625,54582.75,53470.0,53643.1015625,322900,0.0,0.0,^NSEBANK,-0.01099016329215885,-0.011051001293779882,0.47585129969295714,54359.0447265625,54474.01296875,57007.8905859375,56998.18888671875,54432.593948216876,55146.61690366998,54359.0447265625,56073.89981886667,52644.18963425833,0.0630936434196095,43.01667508368488,-261.5387653844955,-310.54998616757564,49.01122078308015,875.3099888392857,17.155635114469277,23.812026119461816,-0.12847435156617645
2026-06-02,53265.1015625,53933.55078125,53121.8515625,53714.6484375,406400,0.0,0.0,^NSEBANK,0.0013337572384146679,0.001332868574316176,0.47781972704674636,54300.8521484375,54460.03796875,56949.2185546875,56989.96087890625,54364.21818529146,55090.46127754567,54300.8521484375,56020.46919358914,52581.235103285864,0.06333665042496461,43.620684760010796,-288.2732124711183,-306.0946314282842,17.82141895716586,863.1171875,16.91699203139403,23.814715666399607,-0.12731194792411374
2026-06-03,53541.1015625,54299.3515625,53027.1484375,54185.94921875,339100,0.0,0.0,^NSEBANK,0.008774157421850948,0.008735888193194806,0.4907863499729712,54282.7970703125,54446.236953125,56893.9625390625,56983.8348828125,54347.24018847798,55054.99021641643,54282.7970703125,55999.10966691183,52566.48447371318,0.0632359675341042,47.563631326042035,-268.337196015098,-298.54314434564697,30.20594833054895,889.0139508928571,17.178953809216573,23.816226234594097,-0.11965484557503155
2026-06-04,53918.8515625,54461.0,53829.3984375,54307.8515625,273700,0.0,0.0,^NSEBANK,0.002249703945535364,0.002247177150598156,0.4941401779064556,54199.137109375,54425.87296875,56835.5315625,56977.7683984375,54343.48889076579,55025.69066136089,54199.137109375,55718.7488806751,52679.5253380749,0.05607512784690619,48.56559820869135,-239.9354326690518,-286.821602010328,46.88616934127617,848.2606026785714,16.596500237902973,23.819151259135758,-0.11767432960768877
2026-06-05,54405.19921875,54865.5,54140.6015625,54496.25,369000,0.0,0.0,^NSEBANK,0.0034690828688588304,0.0034630794810435084,0.4993234740013046,54121.5796875,54446.77796875,56780.0520703125,56975.22515625,54358.03756783571,55004.92828248399,54121.5796875,55379.87408468809,52863.28529031191,0.04649880526228269,50.15095679932966,-199.92009676922316,-269.44130096210705,69.52120419288389,850.2427455357143,16.646383792347365,23.79953965786661,-0.11461346873977638
2026-06-08,53853.44921875,54455.19921875,53843.30078125,54063.75,299400,0.0,0.0,^NSEBANK,-0.00793632589398352,-0.007967986150329098,0.48742435429113073,54059.2396484375,54459.511953125,56719.5055859375,56967.99015625,54330.01018042279,54968.01933022972,54059.2396484375,55186.19774825665,52932.281548618346,0.041693449894896005,46.59994040764899,-200.79218292440055,-255.71147735456577,54.91929443016522,830.6746651785714,16.317573639812586,23.777733905035213,-0.12164018479400114
2026-06-09,54265.0,55318.3515625,54242.30078125,55194.5,409700,0.0,0.0,^NSEBANK,0.0209151233497491,0.020699404825640498,0.5185340181345506,54096.9697265625,54534.646953125,56671.5420703125,56968.74416015625,54412.34254419205,54976.900925122674,54096.9697265625,55323.699047736736,52870.240405388264,0.045352977343272226,55.476214488320835,-108.98493210097513,-226.36616830384764,117.38123620287251,889.3178013392857,17.516607161495987,24.021905950378788,-0.10326918091350482
2026-06-10,55110.5,55555.8515625,55026.1484375,55100.30078125,343200,0.0,0.0,^NSEBANK,-0.0017066776354528468,-0.001708135668893387,0.515942370087126,54174.2248046875,54584.54,56625.680078125,56968.33841796875,54477.862376292804,54981.74013516689,54174.2248046875,55450.88977829967,52897.559831075334,0.047131822493626296,54.661073915933606,-43.328648397706274,-189.75866432261938,146.4300159249131,869.6682477678571,17.486447388873895,23.942168484332623,-0.10479961134746102
2026-06-11,54779.6484375,55600.1484375,54753.1484375,55176.75,339400,0.0,0.0,^NSEBANK,0.0013874555613317963,0.0013864939342382672,0.5180456727591618,54260.2548828125,54613.91296875,56584.9320703125,56967.51291015625,54544.42310236016,54989.38758084662,54260.2548828125,55564.76515767535,52955.74460794965,0.04808345547510747,55.2359385725383,14.703746864375717,-148.86618208522037,163.5699289495961,862.0968191964286,16.926301198372226,23.842315966139978,-0.10355756058971867
2026-06-12,55934.1015625,56867.1015625,55726.55078125,56814.80078125,337400,0.0,0.0,^NSEBANK,0.029687337171000472,0.0292552000143922,0.5631124064873412,54394.5474609375,54704.716953125,56558.575078125,56972.912421875,54760.649547968715,55060.97241223499,54394.5474609375,56125.44757121343,52663.64735066157,0.06364241237667964,65.36823700980467,190.67387673506164,-80.95817032116398,271.6320470562256,927.5753348214286,18.998805160696687,24.348920523496655,-0.0769445716365515
2026-06-15,57679.6484375,57804.5,57119.19921875,57198.80078125,350700,0.0,0.0,^NSEBANK,0.006758802190972801,0.006736063885749793,0.5736771740450446,54568.969921875,54843.1859375,56534.775078125,56979.58068359375,54992.85442732884,55144.80881886303,54568.969921875,56672.51684729121,52465.422996458794,0.07709681631989035,67.24024493316463,357.001769064118,6.633817555892406,350.3679515082256,901.8504464285714,18.79543085286601,24.35472905268179,-0.07070582258493921
2026-06-16,57320.1015625,57399.69921875,57076.25,57297.1484375,375400,0.0,0.0,^NSEBANK,0.0017194006676140017,0.0017179241904810088,0.5763829556287066,54756.97734375,54960.1559375,56511.945078125,56987.57392578125,55212.31099972609,55229.214294103695,54756.97734375,57127.38175961815,52386.57292788185,0.08657908200401093,67.72148753688174,491.0926456716261,103.52558317903915,387.56706249258696,885.1646205357143,18.792200338880694,24.340119826415865,-0.06910799355588197
2026-06-17,57434.05078125,57646.1484375,57222.3984375,57585.05078125,583400,0.0,0.0,^NSEBANK,0.005024723770748363,0.005012141975358964,0.5843038445376567,54965.7724609375,55080.881953125,56486.8441015625,56996.72193359375,55438.28621701408,55321.60003869767,54965.7724609375,57561.26774024406,52370.27718163094,0.09444041857689164,69.15018997209489,613.5196716242644,205.52440086808423,407.9952707561802,880.9255022321429,18.67941666602889,24.198617159711674,-0.06443051836310264
2026-06-18,57596.44921875,58021.25,57583.19921875,57963.80078125,409600,0.0,0.0,^NSEBANK,0.006577227854478673,0.00655569226941081,0.5947241719139074,55185.8525390625,55187.9759375,56467.56859375,57010.7939453125,55678.811413607975,55425.21575409188,55185.8525390625,58016.075923801945,52355.629154323055,0.1025706138266547,70.97055755030078,732.660279745287,310.9515766435248,421.7087031017622,835.9076450892857,17.26037156650717,23.873565552728785,-0.05827706470868036
2026-06-19,57754.94921875,57804.8984375,57464.55078125,57685.75,285800,0.0,0.0,^NSEBANK,-0.004796972895192653,-0.004808515296856724,0.5870743232859279,55398.1701171875,55287.3659375,56450.3841015625,57023.52619140625,55869.94842183579,55513.864155892195,55398.1701171875,58312.602128023034,52483.73810635197,0.10521762739348378,67.80726758649209,795.473967036749,407.8560547221697,387.61791231457926,792.0862165178571,17.3482052355663,23.877729810821574,-0.06279448410405404
2026-06-22,57906.8984375,58009.1015625,57720.1015625,57935.6015625,293500,0.0,0.0,^NSEBANK,0.004331252735727542,0.004321899857325419,0.5939483432904631,55592.1826171875,55332.0,56441.737109375,57040.951953125,56066.67729237524,55608.83425026897,55592.1826171875,58643.62475797381,52540.74047640119,0.10977954083216347,69.13840176023136,855.55291828177,497.3954274340898,358.15749084768015,757.2042410714286,16.840229048569917,23.88669625815363,-0.0587352101493907
2026-06-23,57886.75,57970.8984375,57078.44921875,57183.75,267200,0.0,0.0,^NSEBANK,-0.012977366976830607,-0.013062308683738562,0.5732630906974716,55686.6876953125,55379.241015625,56421.57359375,57057.7689453125,56173.065169291884,55670.59565221921,55686.6876953125,58815.299655573,52558.07573505201,0.11236480709280364,60.96870919271548,832.8966680517187,564.4956755576156,268.4009924941031,730.0789620535714,16.61039100831494,23.979752228992776,-0.07095034874965135
2026-06-24,57074.8984375,58256.3515625,57074.8984375,58150.3515625,283200,0.0,0.0,^NSEBANK,0.016903430826065158,0.016762157617961584,0.5998566345222778,55839.5603515625,55423.993046875,56418.34609375,57080.2424609375,56361.378159121225,55767.84098203415,55839.5603515625,59140.07590226911,52539.04480085588,0.11821423843335331,66.45647041457212,882.7621616828619,628.1489727826649,254.61318890019697,769.3540736607143,16.27409175656905,24.10260779754051,-0.05524622223576117
2026-06-25,58493.8515625,58706.05078125,58109.8515625,58177.05078125,296500,0.0,0.0,^NSEBANK,0.0004591411407255386,0.0004590357676848168,0.6005911945224496,56005.7203125,55475.433046875,56408.062109375,57101.11546875,56534.299361228725,55862.31979768968,56005.7203125,59429.59072374784,52581.849901252164,0.12226859656989925,66.59617614535944,913.9004529274025,685.2992688116125,228.60118411579003,760.1612723214286,16.230496406548934,24.102918167292113,-0.054812446908533694
2026-06-29,58191.44921875,58318.05078125,57637.25,57727.3515625,529800,0.0,0.0,^NSEBANK,-0.007729838702908887,-0.007759868757846111,0.5882188827594947,56180.1279296875,55503.94109375,56389.3476171875,57121.4472265625,56647.92338039742,55935.45829827048,56180.1279296875,59580.39967933805,52779.85618003695,0.12104891444555542,61.91845992589482,892.008288128367,726.6410726749634,165.36721545340356,762.1506696428571,16.242281095488025,24.131202759680782,-0.06211859423792783
2026-06-30,58011.94921875,58011.94921875,57456.6484375,57542.8984375,398700,0.0,0.0,^NSEBANK,-0.0031952466206647268,-0.0032003623213382685,0.5831441317414816,56375.1177734375,55533.07109375,56365.1980859375,57138.82396484375,56733.15910012148,55998.49516647556,56375.1177734375,59605.85820512075,53144.377341754254,0.11461582908498999,60.05515705706644,849.9767611419084,751.3082103683524,98.66855077355592,712.2006138392857,16.05331624832673,24.135478691001364,-0.06511535663027333
2026-07-01,57573.3515625,58134.1484375,57487.8515625,58033.05078125,260500,0.0,0.0,^NSEBANK,0.008518033624642207,0.008481959883035529,0.5966294066883104,56591.037890625,55562.418125,56349.4241015625,57158.61197265625,56856.95830784801,56078.281661172594,56591.037890625,59645.53285555236,53536.542925697635,0.10794977716545386,63.22236685898351,846.4602046152795,770.3386092177378,76.12159539754168,720.5287388392857,16.059694517283717,24.13743318985835,-0.057151977802888304
2026-07-02,58134.5,58396.1015625,57884.6015625,58031.6484375,273300,0.0,0.0,^NSEBANK,-2.4164570552875908e-05,-2.416486252081444e-05,0.5965908248243657,56783.3228515625,55591.4040625,56343.5505859375,57178.1974609375,56968.83355829105,56154.88427985211,56783.3228515625,59680.45935744924,53886.186345675764,0.10204180947494577,63.20692538112492,833.9469297198884,783.060273318168,50.886656401720415,696.564453125,16.008626295840305,24.03772302849585,-0.05717476132044129
2026-07-03,58343.25,58343.25,57799.05078125,57938.5,326300,0.0,0.0,^NSEBANK,-0.001605131682590799,-0.0016064212866243024,0.5940280863073062,56964.8552734375,55602.745078125,56322.522578125,57196.95546875,57061.182743215715,56224.82999436771,56964.8552734375,59656.59880633431,54273.111740540684,0.09450541109869064,62.12158388665239,807.2087685657243,787.8899723676793,19.318796198044993,614.6964285714286,16.05986356879348,24.02834360568413,-0.05868811998219205
2026-07-06,57983.8984375,58477.30078125,57938.6484375,58291.5,284400,0.0,0.0,^NSEBANK,0.006092667224729675,0.006074181972768617,0.6037399689840492,57154.6177734375,55626.08609375,56303.05609375,57217.3324609375,57178.35581529041,56305.87587694153,57154.6177734375,59640.86726462674,54668.368282248266,0.08700082646146975,64.60221210164796,805.2206506407747,791.3561080222985,13.864542618476207,582.4893973214286,16.01851312367093,24.02782254370999,-0.05295301994255888
2026-07-07,58567.8515625,58581.1015625,58110.1015625,58200.69921875,261900,0.0,0.0,^NSEBANK,-0.001557701916231391,-0.001558916395222658,0.601241820161226,57361.465234375,55664.000078125,56284.4266015625,57235.65595703125,57275.72185371513,56380.18267465951,57361.465234375,59415.82792897146,55307.102539778534,0.07162866869604811,63.4511235142489,787.2433375156252,790.5335539209639,-3.290216405338697,593.0287388392857,15.857841789190482,23.9325524247086,-0.054428236838155473
2026-07-08,57918.25,58075.6015625,56549.3984375,56742.6015625,304900,0.0,0.0,^NSEBANK,-0.025052923346670974,-0.02537208981308166,0.5611260315812427,57438.8703125,55677.057109375,56250.647109375,57246.02095703125,57224.94849264702,56394.395180065025,57438.8703125,59251.942835768416,55625.79778923159,0.06313050773471938,48.50497340772111,647.8716314344856,762.0011694236682,-114.12953798918261,680.7109375,16.574114691733737,24.251144978448174,-0.07811757373942574
2026-07-09,56871.0,57464.19921875,56867.30078125,57252.44921875,231600,0.0,0.0,^NSEBANK,0.008985271069892997,0.008945143712788841,0.5751531721492666,57546.477734375,55696.820078125,56216.4780859375,57258.23669921875,57227.56760941874,56428.04435805267,57546.477734375,58993.69721770005,56099.258251049956,0.05029741316245877,52.70048752076621,571.9657302292107,723.9940815847767,-152.02835135556597,700.9642857142857,16.676449658241197,24.30281316883221,-0.06983421024490377
2026-07-10,57592.5,58251.94921875,57576.69921875,58045.8984375,235600,0.0,0.0,^NSEBANK,0.013858782105869327,0.01376362733011518,0.5969828767454521,57689.93515625,55749.731015625,56190.6730859375,57274.02693359375,57305.50387875981,56491.48961607021,57689.93515625,58626.98775514132,56752.88255735868,0.03248582604065566,58.38315731968817,569.2722612053767,693.0497175088967,-123.77745630352001,736.6964285714286,16.96980900732044,24.418064197166057,-0.05694324524235411
2026-07-13,57616.69921875,58219.8984375,57492.05078125,58131.44921875,210300,0.0,0.0,^NSEBANK,0.0014738471374013962,0.0014727620907069863,0.5993365853868224,57755.767578125,55804.28796875,56164.5340625,57288.946171875,57384.16533971125,56555.80175735177,57755.767578125,58615.781936616244,56895.753219633756,0.029781072767422603,58.95573935786945,567.4991240219679,667.939598811511,-100.44047478954315,765.5890066964286,16.507789715857086,24.420096514354416,-0.05555332374394753
2026-07-14,57832.55078125,57840.05078125,57286.8984375,57462.30078125,206800,0.0,0.0,^NSEBANK,-0.011510953992940665,-0.01157771786224346,0.580926695533208,57768.942578125,55856.266953125,56131.7595703125,57298.791171875,57391.60681033399,56591.35073868112,57768.942578125,58600.63792282757,56937.24723342244,0.028793857307594168,52.8328577050951,506.26332495779934,635.6043440407688,-129.3410190829694,762.1676897321429,16.54504964077126,24.485488763998674,-0.06642480598311672
2026-07-15,57643.75,58148.80078125,57545.19921875,57757.8515625,231000,0.0,0.0,^NSEBANK,0.005143385789147414,0.00513020376130866,0.5890580114326973,57791.977734375,55913.853984375,56107.4716015625,57308.94318359375,57426.48726292123,56637.09586902696,57791.977734375,58593.630944137236,56990.32452461277,0.02774271589897174,55.05321435988794,476.09387718720245,603.7022506700555,-127.60837348285304,726.8138950892857,16.56159945391904,24.442789320617244,-0.06162306859710966
2026-07-16,57831.1015625,57931.30078125,57420.1484375,57582.25,171400,0.0,0.0,^NSEBANK,-0.0030403063436316158,-0.0030449374640283892,0.5842267882801397,57791.8376953125,55974.55796875,56073.8030859375,57319.56017578125,57441.32180930969,56674.160736908256,57791.8376953125,58593.644069477814,56990.03132114718,0.027748083678963937,53.44346330748847,433.02317235626106,569.5664350072966,-136.54326265103555,720.7391183035714,16.525028003748655,24.376381551890464,-0.06447602193437141
2026-07-17,57662.0,58596.8515625,57542.1484375,58521.3984375,251900,0.0,0.0,^NSEBANK,0.01630968636168273,0.016178112122444313,0.6100650303227648,57819.717578125,56025.364921875,56047.2770703125,57335.74341796875,57544.18625008972,56746.60143104911,57819.717578125,58683.11182961469,56956.323326635305,0.029865045616076846,60.153921443449136,469.26140521115303,549.5054290480679,-80.24402383691483,747.4464285714286,17.032172277729877,24.344902588866574,-0.04921791926828734
2026-07-20,57738.25,58111.0,57533.1015625,57945.0,540500,0.0,0.0,^NSEBANK,-0.009849361992188,-0.009898187824749298,0.5942069170081528,57832.680078125,56063.316953125,56011.2190625,57347.91966796875,57582.35898817641,56793.597453360904,57832.680078125,58695.38983651094,56969.970319739055,0.029834680226492216,54.92167141762105,446.32497263066034,528.8693377645864,-82.54436513392602,778.3747209821429,17.40304780102223,24.385864019748634,-0.058582516157099654
2026-07-21,57853.75,58228.6484375,57803.8515625,57835.3515625,312600,0.0,0.0,^NSEBANK,-0.0018922847096384254,-0.0018940773421539593,0.5911902236350983,57827.667578125,56113.81296875,55982.1770703125,57361.48892578125,57606.45351906437,56834.45055568009,57827.667578125,58689.02335229132,56966.311803958684,0.02979043804603145,53.96014333049898,414.5216247669596,505.9997951650611,-91.4781703981015,762.5532924107143,17.186816231710058,24.116530015111245,-0.060363946067161875
2026-07-22,57768.3984375,57824.0,56970.6015625,57126.80078125,308500,0.0,0.0,^NSEBANK,-0.012251170989845184,-0.012326835203711396,0.5716962801279748,57824.8201171875,56167.551015625,55941.725078125,57372.24193359375,57560.772305939194,56845.915270408324,57824.8201171875,58695.46508862728,56954.175145747715,0.030113192559020067,48.09990035084841,328.3580092781194,470.47143798767274,-142.11342870955332,787.7854352678571,16.74896054305208,23.648513997450955,-0.07187558803211651
2026-07-23,56796.94921875,56930.1484375,56374.75,56592.0,194900,0.0,0.0,^NSEBANK,-0.009361644165894356,-0.009405739777364057,0.556982618816557,57746.9025390625,56228.28703125,55895.002578125,57383.25517578125,57468.508276802124,56835.95780882368,57746.9025390625,58761.84971474067,56731.95536338434,0.035151571116445936,44.198208800424936,214.446760926141,419.2665025753664,-204.81974164922542,802.6319754464286,17.00937183734506,23.541070650857122,-0.0805643585186398
2026-07-24,56169.3984375,56831.44921875,56023.6015625,56693.5,218000,0.0,0.0,^NSEBANK,0.0017935397229289496,0.0017919332511206036,0.5597751289913144,57672.725,56293.0340625,55851.4645703125,57394.41767578125,57394.69796472573,56830.3712280855,57672.725,58768.90426480067,56576.545735199325,0.038013784325282844,45.10827776897571,130.85308474238263,361.5838190087697,-230.73073426638706,821.849609375,17.010694435556236,23.262980523952677,-0.07891531417296625
2026-07-27,57116.80078125,57330.05078125,56928.6484375,57087.19921875,398400,0.0,0.0,^NSEBANK,0.0069443449204935614,0.006920344006990089,0.5706067454854375,57640.7173828125,56352.1990625,55811.903046875,57406.6744140625,57365.4123698709,56840.44291399392,57640.7173828125,58767.147167646675,56514.28759797833,0.03908451650083233,48.60929264371019,95.2744660400931,308.32194841503434,-213.04748237494124,833.6746651785714,14.807569347429613,23.204448944157285,-0.0725189844135989
2026-07-28,56883.55078125,57054.19921875,56672.3984375,56755.6015625,282600,0.0,0.0,^NSEBANK,-0.005808616656413079,-0.005825552283698449,0.5614836929829361,57601.3525390625,56413.1040625,55767.5820703125,57413.71267578125,57307.3351501213,56837.11580217063,57601.3525390625,58795.18572291354,56407.51935521146,0.041451567757595315,45.95093716556405,39.861496289981005,254.6298579900237,-214.7683617000427,745.3532366071429,14.771909784649887,22.846128118567357,-0.07790636608924094
2026-07-29,57126.6015625,57315.94921875,56939.3515625,57205.8984375,176200,0.0,0.0,^NSEBANK,0.007933963566646884,0.007902655168474439,0.573872447712976,57559.994921875,56486.48203125,55734.3510546875,57421.79591796875,57297.67451082403,56851.577866301195,57559.994921875,58748.15497318386,56371.834870566134,0.04128423058137961,49.953512541968024,31.913632567921013,210.08661290560318,-178.17298033768216,733.8353794642857,14.951427806574744,22.79653151914339,-0.07059050879275598
2026-07-30,57127.05078125,57236.6484375,56768.6015625,57147.5,202900,0.0,0.0,^NSEBANK,-0.0010208464353339552,-0.001021367853945314,0.5722657656350578,57515.7875,56561.2490625,55707.4295703125,57427.00916015625,57283.37217645983,56863.18265585801,57515.7875,58695.82314259678,56335.751857403215,0.04103345164479523,49.44214211643257,20.664420876084478,172.20217449969945,-151.53775362361498,695.8744419642857,14.87700485429054,22.759417855781987,-0.07153929315882047
2026-07-31,57225.8984375,57411.25,57139.6015625,57264.8515625,158800,0.0,0.0,^NSEBANK,0.002053485498053176,0.0020513799786508104,0.575494390583875,57482.105078125,56635.302109375,55692.5255859375,57432.13666015625,57281.608308463656,56878.9343776871,57482.105078125,58649.729065523046,56314.48109072696,0.04062565161143995,50.537899643764106,20.97682216166868,141.95710403209333,-120.98028187042465,663.2887834821429,14.754893244800948,22.724136352428932,-0.0696327125618098
2026-08-03,57569.6015625,58247.94921875,57465.94921875,58247.94921875,152700,0.0,0.0,^NSEBANK,0.01716755792472502,0.017021860550263463,0.6025417817943031,57479.9275390625,56731.473125,55684.4465625,57443.28515625,57373.640776109976,56932.621234199374,57479.9275390625,58641.34180491481,56318.513273210185,0.04041112491184101,58.62754616763343,99.40627355736797,133.44693793714825,-34.04066437978028,673.1849888392857,15.533965319362508,22.135726158291828,-0.05366057826344537
2026-08-04,58068.94921875,58068.94921875,57352.6484375,57907.19921875,168700,0.0,0.0,^NSEBANK,-0.005849991365709961,-0.005867169592949047,0.5931669262076169,57465.2525390625,56808.510078125,55685.6860546875,57451.8608984375,57424.45586588521,56970.83997869156,57465.2525390625,58595.314192892285,56335.19088523272,0.03933025972735835,55.254307875406006,132.53867822854954,133.2652859954285,-0.7266077668789706,688.0993303571429,15.58850947642009,22.164522209952832,-0.05919665570963518
2026-08-05,57810.05078125,57931.8515625,57456.3515625,57739.94921875,240400,0.0,0.0,^NSEBANK,-0.002888241915624312,-0.0028924209349247554,0.5885654747127578,57515.119921875,56857.43609375,55702.8875390625,57457.51189453125,57454.502851872334,57001.001125360526,57515.119921875,58597.94620297574,56432.29364077425,0.03765362160668669,53.62345405811598,143.6448223073603,135.3411932578149,8.303629049545407,685.552734375,15.124287841219541,21.21200167926789,-0.06191392336297412
2026-08-06,57815.0,58076.8515625,57714.69921875,58063.6484375,211700,0.0,0.0,^NSEBANK,0.005606156969824472,0.005590500957957856,0.5974712221208411,57555.6798828125,56916.85109375,55714.016015625,57464.70513671875,57512.516717170205,57042.67356897384,57555.6798828125,58657.68007499897,56453.679690626035,0.03829336025324414,56.3111475338593,176.5313991091898,143.57923442808988,32.95216468109993,636.0848214285714,14.387379701821287,20.91600720731638,-0.056654865566140265
2026-08-07,57882.0,57994.44921875,57686.55078125,57746.44921875,180000,0.0,0.0,^NSEBANK,-0.005462957070144103,-0.005477933589076134,0.5887443054136043,57540.707421875,56974.703046875,55734.1230078125,57470.95513671875,57534.79600303495,57070.272614063106,57540.707421875,58622.61764564774,56458.79719810226,0.037605037277016064,53.06572969612218,174.98184041706554,149.85975562588501,25.122084791180527,592.427734375,14.47272881695173,20.67459103395905,-0.061808319537881726
2026-08-10,57812.30078125,58015.8515625,57527.75,57686.94921875,172000,0.0,0.0,^NSEBANK,-0.0010303663827815335,-0.001030897575136094,0.5871073166904706,57518.482421875,57043.658046875,55759.9830078125,57475.390390625,57549.286785484,57094.45601032534,57518.482421875,58567.04514830952,56469.91969544048,0.03646002753493145,52.45502274814291,167.02726491278736,153.29325748326548,13.734007429521881,596.9494977678571,14.299351452744311,20.144443578633677,-0.06277500070603519
2026-08-11,57604.3515625,57607.25,57158.1015625,57446.25,162300,0.0,0.0,^NSEBANK,-0.004172507335017173,-0.004181236533973835,0.5804850997701201,57517.6798828125,57119.721015625,55796.8669921875,57475.50888671875,57539.47375829505,57108.25185305768,57517.6798828125,58566.44821036527,56468.911555259736,0.03646768540349838,49.95063191457424,139.69052574376838,150.57271113536606,-10.882185391597687,572.9564732142857,14.321210506355541,19.032734851544355,-0.06668557889015077
2026-08-12,57391.80078125,57885.8515625,57254.0,57885.8515625,269700,0.0,0.0,^NSEBANK,0.007652397893683327,0.0076232668175916785,0.5925796006185988,57524.0798828125,57203.145078125,55831.5915234375,57476.37138671875,57572.46212060028,57138.74595931032,57524.0798828125,58580.55316423116,56467.60660139383,0.03673151430047736,54.24702125104287,151.74886869403417,150.8079426470997,0.9409260469344645,564.3708147321429,14.278517016063534,18.702509284434036,-0.059543485579905575
2026-08-13,57799.1484375,57799.1484375,57548.6015625,57635.25,144700,0.0,0.0,^NSEBANK,-0.004329236864200281,-0.004338635144843981,0.5856849463024274,57526.7298828125,57272.13109375,55859.1840234375,57474.381640625,57578.441918638346,57158.21670600404,57526.7298828125,58584.08304351158,56469.37672211342,0.03676041251964123,51.531298990603396,139.47594871269393,148.54154386021855,-9.065595147524618,530.7566964285714,14.332373648382235,18.72658085766933,-0.06361494459131034
2026-08-14,57589.75,57681.44921875,57380.44921875,57491.1015625,144900,0.0,0.0,^NSEBANK,-0.002501046451607314,-0.0025041792929618558,0.5817190745941105,57475.2150390625,57335.79609375,55880.83453125,57471.80115234375,57570.12378948231,57171.27101410192,57475.2150390625,58423.26654405732,56527.16353406769,0.03298992459099042,49.98131233378201,116.77192295850546,142.18761967987592,-25.415696721370466,506.78878348214283,14.342414705445547,18.45058365484073,-0.06595688711147836
2026-08-17,57418.30078125,57757.25,57119.6015625,57497.80078125,155600,0.0,0.0,^NSEBANK,0.00011652618523427805,0.00011651939658572051,0.5819033862839853,57452.855078125,57395.827109375,55921.3025390625,57468.89990234375,57563.23588393637,57184.076103009684,57452.855078125,58374.994548766765,56530.71560748324,0.03210073613879861,50.05649795016134,98.187545040455,133.38760475199174,-35.20005971153674,522.7064732142857,14.217934246870117,18.45048125376481,-0.06584804663068902
2026-08-18,57325.55078125,57584.69921875,57217.6015625,57262.3984375,129700,0.0,0.0,^NSEBANK,-0.0040941103929450495,-0.004102514208174204,0.575426899189565,57424.207421875,57459.800078125,55959.656015625,57466.71388671875,57534.584698561484,57187.14756710734,57424.207421875,58331.798463905325,56516.61637984467,0.03161005028289137,47.36243464082595,63.7296540643074,119.45601461445489,-55.72636055014749,508.9029017857143,14.254558277309048,15.885097645057186,-0.06967256785156824
2026-08-19,57260.6484375,57356.8515625,57001.75,57239.75,139400,0.0,0.0,^NSEBANK,-0.0003955202387255774,-0.00039559847748588703,0.5748037859663029,57429.8548828125,57500.705078125,56017.676015625,57462.34138671875,57506.505203460394,57189.21040761293,57429.8548828125,58331.0369226353,56528.6728429897,0.031383747761915555,47.09978404074298,34.19975410790357,102.40476251314463,-68.20500840524106,500.8353794642857,12.208937629836624,15.647765806862617,-0.07004053117962455
2026-08-20,57507.6484375,57702.94921875,57431.80078125,57495.8984375,135300,0.0,0.0,^NSEBANK,0.00447500971789716,0.004465026633761726,0.5818510482122834,57475.0498046875,57548.61703125,56066.578515625,57458.75037109375,57505.495035273685,57201.237389177135,57475.0498046875,58285.39377381984,56664.70583555516,0.028198112811943912,50.446774365752965,31.107545405786368,88.14531909167299,-57.03777368588662,514.517578125,11.998920926316183,15.316354110941207,-0.06587895351940296
2026-08-21,57613.19921875,57772.44921875,57481.55078125,57761.94921875,147500,0.0,0.0,^NSEBANK,0.0046273001810590575,0.004616627139821795,0.5891707478540846,57528.472265625,57600.321015625,56107.1169921875,57455.6338671875,57529.91924322381,57223.22608837607,57528.472265625,58258.79798883255,56798.14654241745,0.02539006145810481,53.721914640749056,49.553796973581484,80.42701466805468,-30.873217694473198,465.0747767857143,11.365259899975282,15.300419996264914,-0.061556495031892165
2026-08-24,57828.1484375,57873.75,57245.94921875,57525.94921875,148600,0.0,0.0,^NSEBANK,-0.004085734695452259,-0.004094104114047798,0.5826778177925793,57550.409765625,57614.543984375,56159.63046875,57453.10810546875,57529.54114565488,57235.09758368485,57550.409765625,58250.66442308383,56850.155108166175,0.024335349142104307,50.531464177288086,44.61506191160879,73.2646241167655,-28.649562205156712,445.96763392857144,11.410844973786876,15.181639686387363,-0.06539072621986221
2026-08-25,57360.6484375,57653.8515625,57231.25,57514.19921875,198900,0.0,0.0,^NSEBANK,-0.0002042556474004531,-0.00020427651042617616,0.5823545469102798,57588.3396484375,57620.851953125,56232.0189453125,57451.79734375,57528.08000975918,57246.042745844265,57588.3396484375,58181.282600142236,56995.39669673276,0.020592465604131274,50.371068656757394,39.29992689824576,66.47168467306156,-27.171757774815802,442.18917410714283,10.90703930350862,15.165946011148183,-0.06558162544214462
2026-08-26,57628.6484375,57996.05078125,57611.8515625,57783.75,170600,0.0,0.0,^NSEBANK,0.00468668233082381,0.004675734029336202,0.5897705400063828,57617.2322265625,57630.583984375,56295.3699609375,57450.20884765625,57552.42953263925,57267.12930483076,57617.2322265625,58187.59493445761,57046.86951866739,0.01979833761025972,53.97989026528234,56.190411339084676,64.41543000626618,-8.225018667181502,450.73911830357144,10.889305783946721,15.12039107540835,-0.06120230335650716
2026-08-27,57985.0,58012.3984375,57509.94921875,57509.94921875,193600,0.0,0.0,^NSEBANK,-0.00473836989205445,-0.004749631555371762,0.5822376191443415,57635.3546875,57629.081953125,56354.981953125,57448.62333984375,57548.38378845933,57276.65165439623,57635.3546875,58164.41194147724,57106.29743352276,0.01835877498614518,50.00247646354433,46.94169253815198,60.92068251264334,-13.978989974491355,459.6928013392857,10.942007057267002,15.143703043355321,-0.06565067409701272
2026-08-28,57429.75,57596.3984375,57264.0,57427.25,0,0.0,0.0,^NSEBANK,-0.0014379984658904332,-0.0014390333779379912,0.5799623638753377,57643.474609375,57618.3509375,56403.1634375,57447.98833984375,57536.847237177484,57282.55747187089,57643.474609375,58153.22146670153,57133.72775204847,0.017686194691796896,48.83209997865007,32.5635085911199,55.24924772833865,-22.685739137218754,448.57114955357144,9.788835111401545,14.96680924590873,-0.066994266994267
