Date,Open,High,Low,Close,Volume,Dividends,Stock splits,Ticker,Daily_Return,Log_Return,Cumulative_Return,SMA_20,SMA_50,SMA_100,SMA_200,EMA_20,EMA_50,BB_Middle,BB_Upper,BB_Lower,BB_Bandwidth,RSI_14,MACD,MACD_Signal,MACD_Hist,ATR_14,Volatility_30D_Ann,Volatility_90D_Ann,Drawdown
2021-08-30,379.07127692179955,387.2125223383699,378.2480099319661,386.6636962890625,20308691,0.0,0.0,SBIN.NS,,,,,,,,386.6636962890625,386.6636962890625,,,,,,0.0,0.0,0.0,,,,0.0
2021-08-31,387.7156002845112,390.5970483366075,383.00465786081486,389.72802734375,26262421,0.0,0.0,SBIN.NS,0.007925054987310443,0.007893816674061381,0.007925054987310443,,,,,386.95553734188985,386.78386613434435,,,,,,0.24444806134260944,0.04888961226852189,0.19555844907408754,,,,0.0
2021-09-01,391.0544291910187,395.67389139874035,388.9047676812977,393.24981689453125,18776721,0.0,0.0,SBIN.NS,0.009036531385193225,0.008995946251442179,0.017033201380625806,,,,,387.55499253737946,387.03743283082224,,,,,,0.7141219418147671,0.18193607817777094,0.5321858636369962,,,,0.0
2021-09-02,394.6219677974022,396.5429426529436,391.28314583574775,393.1126403808594,14372717,0.0,0.0,SBIN.NS,-0.0003488279149247431,-0.00034888876953412755,0.016678431809578953,,,,,388.0842923319966,387.275676264157,,,,,,1.0630190557171773,0.3581526736856522,0.7048663820315251,,,,-0.0003488279149247905
2021-09-03,394.48474174127756,397.27470961796934,391.6947738645858,394.6219482421875,14233624,0.0,0.0,SBIN.NS,0.003839377588738646,0.003832025989639227,0.0205818441956227,,,,,388.70692622820525,387.5637653613347,,,,,,1.4446579452256856,0.5754537279936589,0.8692042172320267,,,,0.0
2021-09-06,395.1707787933234,396.86306664679256,393.3870106393673,394.3017578125,10694099,0.0,0.0,SBIN.NS,-0.0008113852539468613,-0.0008117146051278681,0.019753759136796445,,,,,389.2397673314714,387.8280003594196,,,,,,1.701657178281721,0.8006944180512714,0.9009627602304495,,,,-0.0008113852539468804
2021-09-07,394.3017762099861,394.89638423296043,388.85904702541853,392.5180358886719,14928735,0.0,0.0,SBIN.NS,-0.0045237483437148285,-0.004534011456777028,0.015140649757904301,,,,,389.5519833845381,388.0119233213511,,,,,,1.7413265415584078,0.9888208427526988,0.7525056988057091,,,,-0.005331463094963008
2021-09-08,392.426571283819,398.28094811606775,390.9172439005169,394.57623291015625,22817464,0.0,0.0,SBIN.NS,0.005243573118429046,0.005229873458150517,0.02046361398039953,,,,,390.0304833393589,388.2693472267944,,,,,,1.916749006904297,1.1744064755830186,0.7423425313212784,,,,-0.0001158458931006888
2021-09-09,393.56996989751093,396.817311184705,393.341283105008,395.4451904296875,9662128,0.0,0.0,SBIN.NS,0.0022022550956055653,0.002199833686241585,0.02271093517416789,,,,,390.546169728914,388.55075284259414,,,,,,2.1016635154210803,1.359857883550631,0.7418056318704493,,,,0.0
2021-09-13,393.43280924717317,396.817357421056,392.2436210380753,395.9483642578125,9567921,0.0,0.0,SBIN.NS,0.0012724236893064678,0.0012716148443402064,0.024012256795396203,,,,,391.06066444595194,388.8408552510341,,,,,,2.262728196241426,1.54043194608879,0.7222962501526358,,,,0.0
2021-09-14,397.91503518613325,399.51584279895104,395.39948036599105,396.0855407714844,9981562,0.0,0.0,SBIN.NS,0.0003464505123766948,0.0003463905122555802,0.024367026366443056,,,,,391.5392240960026,389.1249605655616,,,,,,2.3740752527183986,1.7071606074147119,0.6669146453036867,,,,0.0
2021-09-15,396.0855461642564,407.062512801603,394.66769913994705,406.01055908203125,22181568,0.0,0.0,SBIN.NS,0.025057764772768998,0.02474896687831098,0.050035374354114204,,,,,392.9174464756244,389.7871408995408,,,,,,3.225997338802813,2.010927953692332,1.215069385110481,,,,0.0
2021-09-16,406.92531346386943,426.36369222629446,405.00433868534986,424.1683044433594,42637448,0.0,0.0,SBIN.NS,0.0447223476216525,0.043751154057488896,0.09699542138101092,,,,,395.8937186630277,391.1354218228278,,,,,,5.305175271666542,2.669777417287174,2.635397854379368,,,,0.0
2021-09-17,428.10169954211534,431.66920812179234,411.9564166703356,415.38671875,41529478,0.0,0.0,SBIN.NS,-0.02070306904445285,-0.020920382176823897,0.07428424943071121,,,,,397.750194861787,392.0864530748738,,,,,78.28830388475924,6.17317763929276,3.370457461688291,2.802720177604469,8.333995867887962,,,-0.020703069044452873
2021-09-20,411.08740166941243,414.83787091465945,398.50962719294813,400.15618896484375,18376916,0.0,0.0,SBIN.NS,-0.03666590455994512,-0.03735499542983801,0.03489464567083256,,,,,397.9793371573162,392.4029133058531,,,,,59.17137510025845,5.567915834608016,3.8099491362722366,1.7579666983357791,8.899180092934253,,,-0.05660987685071609
2021-09-21,402.6259971362843,403.7237050043555,395.76539275051596,401.3910827636719,17279588,0.0,0.0,SBIN.NS,0.003086029487692432,0.0030812774727550243,0.03808836106402769,,,,,398.30426531030247,392.755390539493,,,,,60.023734474797784,5.128765882301707,4.073712485478131,1.0550533968235758,8.925317362794747,,,-0.05369854711227962
2021-09-22,401.4825548085636,405.05006343256156,398.9212737236087,401.43682861328125,14321143,0.0,0.0,SBIN.NS,0.00011396827576337643,0.00011396178187282984,0.0382066702046282,,,,,398.6026046724909,393.0958390914063,,,,,60.05700084616545,4.72990429647723,4.204950847677951,0.5249534487992786,8.879579219331191,,,-0.05359069876734162
2021-09-23,404.68418393628315,412.6882224948167,404.36401681076757,411.45330810546875,20516770,0.0,0.0,SBIN.NS,0.024951570902919773,0.02464536357456387,0.06411155754812325,,,,,399.82648118991733,393.8157398370558,,,,,66.60908695861983,5.162539260846472,4.3964685303116555,0.7660707305348167,9.30755043821259,,,-0.029976299984452285
2021-09-24,412.64247446805365,413.37426107405764,402.4887747934983,403.1748352050781,10731274,0.0,0.0,SBIN.NS,-0.020120078602621327,-0.020325244011181746,0.042701549368297176,,,,,400.14537204850404,394.1827631848214,,,,,58.123012301032325,4.78227492166468,4.473629808582261,0.30864511308241926,9.686518333010863,,,-0.049493253075170725
2021-09-27,406.97104157222344,412.1393578960577,404.5469669689246,408.526123046875,11746892,0.0,0.0,SBIN.NS,0.013272871653993157,0.013185558838998435,0.05654119320648232,399.89776000976565,,,,400.94353881025364,394.74524788529413,399.89776000976565,418.5378357030481,381.2576843164832,0.09322420657133577,61.53445457187656,4.856731521689426,4.550250151203693,0.30648137048573254,10.078551667550455,,,-0.03687729901698284
2021-09-28,410.9044686740325,416.9417780856612,402.1228896445678,406.9710388183594,19241170,0.0,0.0,SBIN.NS,-0.0038065723115022765,-0.0038138357462690325,0.052519392754460936,400.91312713623046,,,,401.51758643007327,395.22469066698295,400.91312713623046,418.7112371855352,383.1150170869257,0.08878786372718064,60.0046780539399,4.735666793830774,4.58733347972911,0.14833331410166384,10.705805327089848,,,-0.04054349522312412
2021-09-29,404.18106543544235,422.88762936709935,401.6655105761151,420.7837219238281,38635938,0.0,0.0,SBIN.NS,0.03394021143512793,0.03337695181785853,0.08824212348411975,402.4659118652344,,,,403.3524564770975,396.22700561823183,402.4659118652344,421.52914016562914,383.4026835648396,0.09473213873963113,67.68847536817913,5.688714257126094,4.8076096352085065,0.8811046219175873,11.69569208247795,,,-0.007979338588188181
2021-09-30,420.73799754782823,425.26597956466856,412.91689202004414,414.3804931640625,26530369,0.0,0.0,SBIN.NS,-0.015217387047412378,-0.015334359677390766,0.07168192188976397,403.52244567871094,,,,404.4027456853799,396.93890709061736,403.52244567871094,422.77630251664067,384.2685888407812,0.09542892616813621,61.76452436992783,5.859776337195285,5.018042975605862,0.8417333615894229,12.329482044258482,,,-0.023075300951921725
2021-10-01,410.26412074001394,416.71307735787383,405.96479771752786,413.14556884765625,14777309,0.0,0.0,SBIN.NS,-0.0029801700050521296,-0.0029846195541557755,0.06848812757119149,404.52409210205076,,,,405.23539551035856,397.5744624536385,404.52409210205076,423.58108035988477,385.46710384421675,0.094219299319391,60.66187218318334,5.828508775402895,5.180136135565268,0.6483726398376266,12.770520848356,,,-0.025986702637219392
2021-10-04,415.11226920872434,424.8085951356085,413.0998421133248,423.6651611328125,16246765,0.0,0.0,SBIN.NS,0.02546219317926468,0.025143431131313194,0.09569417868515995,405.976252746582,,,,406.9906112839256,398.5976271077237,405.976252746582,426.2439582838972,385.70854720926684,0.09984675409064708,66.19776975935046,6.576759400445212,5.459460788541257,1.117298611903955,13.312834461879122,,,-0.0011861879005956265
2021-10-05,422.61320970441886,429.0164401544858,419.5945550871636,425.0830383300781,16487568,0.0,0.0,SBIN.NS,0.003346692924842909,0.0033411052115127076,0.09936113064075713,407.51531677246095,,,,408.71369957403533,399.63627068507094,407.51531677246095,428.7042191739413,386.3264143709806,0.10399070429694453,66.87441695135097,7.201153832947455,5.807799397422497,1.3933544355249579,13.10048241942671,,,0.0
2021-10-06,425.35745981885697,430.84594317135833,414.9750732272012,418.2224426269531,19056690,0.0,0.0,SBIN.NS,-0.01613942473469787,-0.0162710837726703,0.08161807441652824,408.800537109375,,,,409.61929415050366,400.3651401729879,408.800537109375,429.26510887066013,388.33596534808987,0.10012008255170081,60.557663438871714,7.0610033312916585,6.058440184196329,1.0025631470953291,12.708447876799031,,,-0.016139424734697903
2021-10-07,422.70471208824364,424.44272628944435,418.1309758135729,418.8627624511719,9984651,0.0,0.0,SBIN.NS,0.0015310508450878668,0.0015298799816913175,0.08327408668342606,410.0148635864258,,,,410.499624464853,401.0905371250736,410.0148635864258,429.79640514489887,390.23332202795274,0.09649182659107856,60.92861104801926,6.921811176868914,6.231114382730847,0.6906967941380673,11.751230664257227,,,-0.014633084169489231
2021-10-08,422.5217629584533,424.4427378292167,415.5239518511243,418.9542541503906,16521128,0.0,0.0,SBIN.NS,0.00021842882065548075,0.00021840496855389535,0.08351070496462687,411.19031677246096,,,,411.30482729204704,401.79107504763505,411.19031677246096,430.1013166872992,392.27931685762275,0.09198173762103903,60.98507225758633,6.74117493870483,6.3331264939256435,0.4080484447791868,11.18278026576012,,,-0.01441785163615134
2021-10-11,420.78370571390514,434.4591873159546,419.54879142917974,429.2451171875,20686981,0.0,0.0,SBIN.NS,0.02456321408641271,0.024266389171452043,0.11012521037559297,412.8551544189453,,,,413.0134263297092,402.8677041511592,412.8551544189453,431.977740256174,393.7325685817166,0.09263581007795312,66.79703683928608,7.3437518611809764,6.535251567376711,0.8085002938042658,11.721824616597578,,,0.0
2021-10-12,429.93119265475383,443.1035470167468,428.19317852294046,441.8229064941406,33763609,0.0,0.0,SBIN.NS,0.029302113880881997,0.028881013255527117,0.14265422571205666,415.14202270507815,,,,415.75718634536935,404.39535914500163,415.14202270507815,436.6154506444877,393.6685947656686,0.103450996357767,72.2401406180361,8.735523219648655,6.9753058978311,1.7602173218175556,12.349080244087114,27.9405994038675,,0.0
2021-10-13,444.70433623117833,444.70433623117833,437.2491522930377,440.63372802734375,17638983,0.0,0.0,SBIN.NS,-0.002691527418152706,-0.00269515609065089,0.1395787405340847,416.87318115234376,,,,418.12638079127163,405.8164716501915,416.87318115234376,440.7004929093004,393.0458693953871,0.1143144382235954,71.05413557448189,9.63152901346541,7.506550520957962,2.1249784925074486,12.077922390987482,28.000305291760856,,-0.0026915274181526522
2021-10-14,440.90819216569116,451.79367929366146,440.90819216569116,448.7750244140625,23431826,0.0,0.0,SBIN.NS,0.0184763350349193,0.018307721299339014,0.16063397914286393,418.10351715087893,,,,421.04529923153746,407.5011207781865,418.10351715087893,445.75169393555194,390.4553403662059,0.13225517437919926,74.17952021542716,10.873214985185882,8.179883413803546,2.693331571382336,12.097527032827363,28.272865564654996,,0.0
2021-10-18,451.8851502124249,458.2883810858803,449.78124266320947,455.4984130859375,20084248,0.0,0.0,SBIN.NS,0.0149816462728809,0.014870529840487954,0.17802218687066862,420.1091018676758,,,,424.32654817005175,409.3833675353532,420.1091018676758,452.36320099524124,387.85500274011036,0.1535510608276452,76.44176233715817,12.258473290299548,8.995601389102747,3.2628719011968013,12.136729460030097,28.390238685847375,,0.0
2021-10-19,457.693825186161,461.2156079362617,442.05164049793785,446.57965087890625,20645100,0.0,0.0,SBIN.NS,-0.019580226738020623,-0.019774458965691896,0.15495624534932206,422.4302749633789,,,,426.4458912851807,410.84204531353174,422.4302749633789,455.31401647756155,389.54653344919626,0.15568837492546378,67.93839206074259,12.492623714653291,9.695005854212857,2.7976178604404343,12.447092245546555,29.276438730134362,,-0.019580226738020654
2021-10-20,447.12843516657637,464.2342195457429,441.91439270149596,457.2821350097656,34080545,0.0,0.0,SBIN.NS,0.023965454112824025,0.023682789830291755,0.18263529624956076,425.2248275756836,,,,429.3826764018078,412.6632253016193,425.2248275756836,460.0240448085102,390.425610342857,0.16367443750274846,71.96813289634814,13.387468237453163,10.433498330860917,2.9539699065922456,12.525499963636747,29.777310460064914,,0.0
2021-10-21,461.8558533184021,463.31945441403883,449.82693328352144,460.0721130371094,20808243,0.0,0.0,SBIN.NS,0.006101218074666681,0.006082681004596044,0.18985081209477728,428.156591796875,,,,432.30547989088416,414.5223973696778,428.156591796875,464.3686595745897,391.94452401916027,0.16915338206398256,72.92353173116254,14.158555860204615,11.178509836729656,2.9800460234749586,12.607173791200532,29.637165747263243,,0.0
2021-10-22,461.5814403261629,465.33190941002294,457.3735976446583,460.0721130371094,24080485,0.0,0.0,SBIN.NS,0.0,0.0,0.18985081209477728,430.58753204345703,,,,434.9499211429056,416.3086607291849,430.58753204345703,468.5630149954209,392.6120490914932,0.1763891433258275,72.92353173116254,14.601333275634317,11.86307452451059,2.738258751123727,12.40789037155901,29.679659397951497,,0.0
2021-10-25,463.3194580078125,471.5064566355026,455.4069002903594,463.3194580078125,35619415,0.0,0.0,SBIN.NS,0.007058339070512565,0.007033545594104999,0.1982491825698669,433.5947631835937,,,,437.6517817967063,418.15222140677815,433.5947631835937,471.9537501840889,395.23577618309855,0.17693473380006264,74.11446345398642,15.040889159737844,12.498637451556041,2.5422517081818032,12.721519180334692,29.668980441777776,,0.0
2021-10-26,464.325716525764,474.0220431018292,464.325716525764,468.85369873046875,21107457,0.0,0.0,SBIN.NS,0.011944762144142418,0.011873986514055858,0.21256198404507698,436.61114196777345,,,,440.6233929332551,420.1405146351582,436.61114196777345,476.1399228104006,397.0823611251463,0.18107087539944092,76.04799401610966,15.655342298552341,13.129978420955302,2.525363877597039,12.812997753670013,29.699238949543265,,0.0
2021-10-27,469.9056384217324,481.93453036245717,469.03661743274023,474.8910217285156,29463032,0.0,0.0,SBIN.NS,0.012876773744974868,0.012794572995515735,0.22817587036538334,440.00714111328125,,,,443.88697662804185,422.28759334470163,440.00714111328125,480.4732379603152,399.5410442662473,0.18393381864052896,77.98030170877658,16.439952805461417,13.791973297856526,2.647979507604891,12.61370930280082,29.720672417480554,,0.0
2021-10-28,475.30262921780246,476.17165023590735,455.178218461403,458.6085205078125,28140401,0.0,0.0,SBIN.NS,-0.03428681629195229,-0.034888400131811506,0.18606562992395692,441.8983810424805,,,,445.28902842611524,423.7119434295295,441.8983810424805,482.1164299425483,401.6803321424127,0.1820239703308692,63.17710517384613,15.568437261297504,14.147266090544722,1.4211711707527819,13.66240082413174,31.38506462464335,,-0.03428681629195226
2021-10-29,458.7457214160472,468.94517504243936,446.7625274967812,459.3403015136719,31355893,0.0,0.0,SBIN.NS,0.0015956550590230378,0.0015943833541111983,0.18795818154667843,444.14637145996096,,,,446.62724491064444,425.10913394263315,444.14637145996096,482.8870793860027,405.4056635339192,0.1744501831623504,63.51234931152701,14.766583541849627,14.271129580805704,0.49545396104392303,14.609819507529295,28.94763650139012,,-0.03274587116480324
2021-11-01,465.14897708418124,472.87860252065997,458.2883727024087,471.73516845703125,20679604,0.0,0.0,SBIN.NS,0.02698406149539756,0.026626411347314694,0.22001411817149474,447.0758514404297,,,,449.018475724586,426.93760588437425,447.0758514404297,484.79351877473357,409.3581841061258,0.16873050607757797,68.70884199309933,14.958834731019124,14.40867061084839,0.5501641201707343,14.544483554149817,28.87967496059545,,-0.006645426270637107
2021-11-02,470.91185470185064,480.2422874529996,468.39629986281113,477.2236328125,26797820,0.0,0.0,SBIN.NS,0.011634630450429784,0.011567468571369014,0.23420853158072696,449.75377502441404,,,,451.7046811615302,428.9096069403792,449.75377502441404,488.0733710693306,411.43417897949746,0.17040255434359156,70.69879817978794,15.376814047402775,14.602299298159268,0.7745147492435063,14.325599203891398,26.176394105932026,,0.0
2021-11-03,479.3275322272319,496.0673948008811,471.27776804319853,482.6663818359375,80775924,0.0,0.0,SBIN.NS,0.011405028270207174,0.011340481245422442,0.24828471477473602,452.63294219970703,,,,454.65341455909277,431.01771575981286,452.63294219970703,491.7916253413458,413.47425905806824,0.17302621833636453,72.56226747398856,15.963235780941659,14.874486594715748,1.088749186225911,15.563773691001538,26.206406148409155,,0.0
2021-11-04,486.18816509995,490.2130753469266,483.03227590990497,485.2276916503906,9796046,0.0,0.0,SBIN.NS,0.005306584238808032,0.005292553934107845,0.25490884276770465,455.9832046508789,,,,457.5652504725497,433.1435971672865,455.9832046508789,494.20006990463054,417.7663393971273,0.16762400397186628,73.41898348018782,16.44508680203603,15.188606636179804,1.2564801658562263,15.305683851335207,26.14308697776544,,0.0
2021-11-08,488.8866594503413,488.8866594503413,472.42120960636737,478.6414794921875,36802110,0.0,0.0,SBIN.NS,-0.013573446593292404,-0.0136664079822543,0.2378754046109468,458.9721405029297,,,,459.57251037918184,434.92782784669436,458.9721405029297,494.19864724158396,423.7456337642754,0.1535017210415168,67.57594091116025,16.10980117002208,15.37284554294826,0.7369556270738205,15.802261935060645,26.160847220164847,,-0.01357344659329239
2021-11-09,481.3857542665781,486.6455511065455,477.68103896303666,484.0385437011719,25451967,0.0,0.0,SBIN.NS,0.011275797105404273,0.011212699181779508,0.25183343651511003,462.2263549804687,,,,461.90260879079995,436.85373827236015,462.2263549804687,493.7137034662061,430.73900649473137,0.13624211664463767,69.70372002086917,16.094060555684848,15.517088545495579,0.5769720101892695,15.073729414002432,25.082077011544136,,-0.0024507009176952294
2021-11-10,480.7454072864268,483.4439228470967,477.04069208091,479.6934814453125,15805538,0.0,0.0,SBIN.NS,-0.008976686489954089,-0.00901721969168258,0.24059612021787213,464.7487731933594,429.64488525390624,,,463.59697761503924,438.5337282007112,464.7487731933594,493.0311421941635,436.4664041925553,0.12171035463513619,65.95134760757884,15.551705415144852,15.524011919425433,0.027693495719418593,13.979302612289214,25.366698039849307,,-0.011405388233830553
2021-11-11,478.27555445162017,478.27555445162017,463.86831386915736,466.1551818847656,23086898,0.0,0.0,SBIN.NS,-0.02822281328434173,-0.028628732573331064,0.20558300755568437,465.96538696289065,431.23471496582033,,,463.84061611691794,439.61692246283104,465.96538696289065,492.107784560125,439.82298936565627,0.11220746574172623,55.8608946064617,13.869577571827506,15.193125049905849,-1.3235474780783427,14.145920215549053,27.073928031455395,,-0.039306309375613406
2021-11-12,468.35056153596366,469.2653087264636,459.8434238306619,467.7559814453125,19836221,0.0,0.0,SBIN.NS,0.003434048623195629,0.0034281657424409745,0.20972303822292893,467.3214996337891,432.79527404785154,,,464.2135080529555,440.72041497194795,467.3214996337891,490.58656707869744,444.0564321888807,0.09956771714179537,56.70440077887143,12.521312388054639,14.658762517535607,-2.1374501294809676,14.250461153437413,25.612929304878325,,-0.03600724053001203
2021-11-15,468.71647784739696,471.9180929806941,462.40469996620203,463.36517333984375,13328183,0.0,0.0,SBIN.NS,-0.009386963031240425,-0.00943129823545718,0.1983674127850905,468.05100708007814,434.1975811767578,,,464.1327142707544,441.60844471186545,468.05100708007814,489.72824776514034,446.37376639501593,0.0926276852614633,53.67452296018754,10.972022353744535,13.921414484777394,-2.949392131032859,13.780020915533758,25.293271071179053,,-0.04505620492554029
2021-11-16,464.14276841718083,464.14276841718083,451.4277866952607,452.8913879394531,19553216,0.0,0.0,SBIN.NS,-0.022603738914812377,-0.02286311952153151,0.17127982866247704,467.92065582275393,435.3931561279297,,,463.0621117630114,442.05091307373164,467.92065582275393,489.94430213475897,445.8970095107489,0.09413410601966454,47.19624347155111,8.797638194025978,12.896659226627111,-4.099021032601133,13.923763531812577,26.370530251823165,,-0.0666415051477235
2021-11-17,451.74790319983754,462.3132220273596,449.14086813765704,455.6813049316406,20488483,0.0,0.0,SBIN.NS,0.006160234145500043,0.006141337468730135,0.1784951866569391,468.3757385253906,436.6143432617188,,,462.3591777790713,442.58543824463004,468.3757385253906,488.8653556549982,447.886121395783,0.08749222235172144,48.96328397030396,7.21636035665432,11.760599452632555,-4.544239095978234,13.930300835935014,25.534703115505607,,-0.060891798277742035
2021-11-18,456.5503446929596,463.04505556100526,450.33004682553235,460.8496398925781,22471070,0.0,0.0,SBIN.NS,0.01134199473404518,0.011278156559769189,0.19186167285809974,468.5541137695312,437.9453009033203,,,462.21541226607195,443.3016814465104,468.5541137695312,488.69625976492875,448.4119677741337,0.08597575137417272,52.15732983119234,6.307518568057219,10.669983275717488,-4.362464707660269,13.338984904575625,25.661030666304818,,-0.05024043799910956
2021-11-22,462.86206387045587,462.86206387045587,436.7917697591753,444.9330139160156,28800269,0.0,0.0,SBIN.NS,-0.03453756843614453,-0.035148088731458735,0.1506976687653454,467.7971588134766,438.9936004638672,,,460.5694695660666,443.36565526884397,467.7971588134766,490.28297245080245,445.3113451761507,0.09613488758400761,43.19233317447722,4.253880125093701,9.386762645592732,-5.132882520499031,13.616673944977228,27.341437432231647,,-0.083042823869598
2021-11-23,443.8810960109461,453.16577486777436,439.078673024738,451.01611328125,20000371,0.0,0.0,SBIN.NS,0.013671944258967894,0.013579326451217752,0.1664299431516294,467.34435882568357,440.12239807128907,,,459.65962611036974,443.6656732301148,467.34435882568357,490.82775820866715,443.8609594427,0.10049719843411113,46.94564303882911,3.0816883584590187,8.12574778816599,-5.044059429706971,13.580736232461877,27.540942146820342,,-0.0705062364696825
2021-11-24,453.5316489509367,457.3735983433686,447.35710537330124,451.1075744628906,13963769,0.0,0.0,SBIN.NS,0.0002027891663896053,0.00020276860744597656,0.16666648250745308,466.7337646484375,441.23564575195314,,,458.84514500108605,443.95751249414525,466.7337646484375,491.26927942802865,442.19824986884635,0.10513708944143899,47.002340125302126,2.1354815887370364,6.9276945482802,-4.792212959543163,13.450058045310369,27.541060761537718,,-0.07031774520421176
2021-11-25,448.22614823051543,453.2115318618765,444.8415722714062,448.729248046875,12894211,0.0,0.0,SBIN.NS,-0.00527219348699115,-0.005286140541718822,0.1605155910768865,465.7275421142578,442.29126342773435,,,457.8817262435422,444.144639378566,465.7275421142578,491.51566005501644,439.93942417349916,0.11074336649144101,45.636587071414915,1.1800914813953227,5.778173934903225,-4.598082453507902,12.277224676223776,26.822983518440008,,-0.07521920993291736
2021-11-26,444.7958179437392,446.30514521322806,427.27841496419296,430.3885498046875,26305817,0.0,0.0,SBIN.NS,-0.04087252685671072,-0.041731289946473016,0.11308238641296486,463.5024185180664,442.9773236083984,,,455.2633284874608,443.60518488547274,463.5024185180664,493.325510582506,433.6793264536268,0.12868580992432152,36.76475249651687,-1.0449575107010105,4.413547645782377,-5.458505156483388,13.270377502773272,28.204897590233536,,-0.11301733761150434
2021-11-29,429.93116911587015,437.02045967044035,415.56962740671617,425.44891357421875,22407465,0.0,0.0,SBIN.NS,-0.011477155311660603,-0.011543526179894533,0.10030736698942944,461.84443817138674,443.3660906982422,,,452.42386040048535,442.8931742458157,461.84443817138674,496.1614461397438,427.52743020302967,0.14860851460821234,34.8024161068593,-3.170366220777396,2.8967648724704227,-6.067131093247818,13.626476247041145,28.372714311490615,,-0.12319737538648728
2021-11-30,428.10171289395703,436.5631249543611,418.95424039622293,421.2868347167969,23026652,0.0,0.0,SBIN.NS,-0.009782793479141905,-0.009830959392157765,0.08954328725459337,459.94176483154297,443.30846130371094,,,449.4584293829912,442.04586681330517,459.94176483154297,498.7669224415327,421.11660722155324,0.16882640620474954,33.19469570447497,-5.131460632161236,1.2911197715440907,-6.422580403705327,14.24393141951467,27.863550990338137,,-0.13177495438505085
2021-12-01,424.85434273313274,436.56309557594625,424.44269533208814,434.7793273925781,17156956,0.0,0.0,SBIN.NS,0.03202685572847619,0.03152468971348828,0.12443793292542593,458.09397277832034,443.6963134765625,,,448.0604196696185,441.7609044830806,458.09397277832034,498.0568325903737,418.131112966267,0.17447450604809453,42.472463053098814,-5.53312822669119,-0.07372982810296524,-5.459398398588225,14.83524636514949,29.171100172905202,,-0.10396843610929123
2021-12-02,434.047573993291,437.3863959023729,430.8002323931985,436.3344421386719,12962679,0.0,0.0,SBIN.NS,0.003576790910046146,0.003570409405783014,0.12845981230282466,456.0495132446289,444.41987854003906,,,446.94365990476643,441.5481020382018,456.0495132446289,496.0753740049875,416.02365248427026,0.17553296121550035,43.44731947722724,-5.660714730105326,-1.1911268085034374,-4.469587921601889,14.175317503222297,28.68406471295183,,-0.1007635185564525
2021-12-03,435.1910010036649,440.45079765268446,429.9769305504625,432.8126525878906,16653993,0.0,0.0,SBIN.NS,-0.008071307718729215,-0.008104057061932207,0.11935166590950907,453.55682678222655,445.0483099365234,,,445.5978496841116,441.2055353930916,453.55682678222655,492.80517116356856,414.30848240088454,0.1730691373770764,41.72296829089431,-5.977106573240121,-2.1483227614507743,-3.828783811789347,14.25045908939517,27.787313674114444,,-0.10802153291009067
2021-12-06,432.8126686828265,436.33445128369937,424.2597760566698,425.63189697265625,14353300,0.0,0.0,SBIN.NS,-0.016590909651783337,-0.01673008025180439,0.10078060355183127,450.57703704833983,445.53221130371094,,,443.6963303782587,440.5948044746432,450.57703704833983,488.73523858220733,412.41883551447233,0.1693748167187389,38.37839320618608,-6.729700555563966,-3.064598320273413,-3.665102235290553,14.433407818862134,28.012378299951123,,-0.12282026706891554
2021-12-07,429.1994236565711,438.8042698440122,429.1994236565711,436.0600280761719,13644942,0.0,0.0,SBIN.NS,0.024500351542463328,0.024205031832398666,0.12775011530997604,448.4479644775391,446.024345703125,,,442.9690634923457,440.4169701060757,448.4479644775391,484.7180079526213,412.17792100245686,0.1617580916766491,45.243151021232606,-6.410774265018006,-3.7338335092223316,-2.676940755795674,14.466078615250407,29.07747262163738,,-0.10132905524617984
2021-12-08,439.9019296864058,450.4215226487684,439.30734958040273,449.64398193359375,20397660,0.0,0.0,SBIN.NS,0.031151568552045816,0.0306762054344348,0.16288130033663228,446.72823638916014,446.9537286376953,,,443.60477001055983,440.7788137071549,446.72823638916014,478.925958078167,414.5305147001533,0.14414903319860148,52.643853654908845,-5.004225732345617,-3.987911953846989,-1.016313778498628,14.55101723545712,30.505842771707698,,-0.07333404570494947
2021-12-09,450.3300326137153,451.42774041328664,444.65861675824704,446.9912109375,12560970,0.0,0.0,SBIN.NS,-0.0058997142243205625,-0.005917186292316088,0.15602063298783997,445.0931228637695,447.7230303955078,,,443.92728819407796,441.02243712795274,445.0931228637695,473.31846772113084,416.8677780064082,0.1268289416639687,51.188836836550855,-4.056817864756852,-4.001693136028962,-0.05512472872788976,14.126311158283313,30.294737251645454,,-0.07880111001669754
2021-12-10,446.85403798071974,453.66891625649777,443.1035686192017,452.5254821777344,13261408,0.0,0.0,SBIN.NS,0.012381163443073051,0.012305143671285367,0.17033351338842717,444.411637878418,448.6341192626953,,,444.74616381156903,441.47353693382655,444.411637878418,471.11280732873234,417.71046842810364,0.12016413241463875,54.04261996267995,-2.8268348739520093,-3.7667214836135714,0.9398866096615621,13.01881498157013,30.274756011631748,,-0.06739559599623672
2021-12-13,455.31543011455665,457.78525878227936,444.8873173585926,446.21368408203125,14047645,0.0,0.0,SBIN.NS,-0.013947939606247628,-0.014046126185366667,0.15400977222451773,443.3345230102539,449.14271850585936,,,444.88592764685114,441.6594250572856,443.3345230102539,467.7071115937415,418.96193442676633,0.10995123239217654,50.42187339827155,-2.3344636053267322,-3.480269907956204,1.1458063026294716,12.933874951616588,28.89928863784204,,-0.08040350589980176
2021-12-14,444.5671251185129,448.5462808956485,440.7251758338574,446.89971923828125,11642447,0.0,0.0,SBIN.NS,0.0015374588021910274,0.0015362781224162304,0.15578401470663872,442.5112503051758,449.79310302734376,,,445.07771732222545,441.86492678987366,442.5112503051758,465.0806180658995,419.9418825444521,0.10200584841700115,50.807651212927,-1.867372614818919,-3.1576904493287468,1.2903178345098278,12.777061529596855,28.89888270708048,,-0.07898966417548342
2021-12-15,448.22611788573107,449.1408650650897,442.28026121989996,443.46942138671875,8639835,0.0,0.0,SBIN.NS,-0.007675766405513262,-0.0077053767190212626,0.14691248659452416,442.04015197753904,450.399580078125,,,444.9245462807486,441.9278481466127,442.04015197753904,464.08446083680656,419.9958431182715,0.09973894344506348,48.76440723035812,-1.7537795293340537,-2.8769082653298086,1.123128735995755,12.669250404933962,27.73030769419914,,-0.08605912437033571
2021-12-16,446.716837297836,448.7292645531708,437.47788423781503,440.1306457519531,11107781,0.0,0.0,SBIN.NS,-0.007528761789990734,-0.007557245974186699,0.13827765568898798,441.2626190185547,450.7288897705078,,,444.4679843256252,441.85736962133194,441.2626190185547,462.3576116257086,420.16762641140076,0.09561196302588641,46.791972892385786,-1.9111370824616074,-2.6837540287561685,0.7726169462945611,11.940718064410659,27.471978031484472,,-0.092939967513087
2021-12-17,439.12441627677026,440.3593306757933,426.7296019210809,427.91876220703125,12648603,0.0,0.0,SBIN.NS,-0.027746042368983814,-0.028138235364679704,0.10669495562657372,439.61607513427737,450.78560424804687,,,442.89186793337814,441.31075756586915,439.61607513427737,459.37210754990826,419.86004271864647,0.08987857147669848,40.36144772001171,-2.986810923025814,-2.744365407610098,-0.24244551541571635,11.382067813766955,28.080679610194064,,-0.11810729360568067
2021-12-20,419.8689607705104,424.4426967266162,405.2330057109719,410.9044494628906,22336114,0.0,0.0,SBIN.NS,-0.03976061403895381,-0.04057266522929644,0.06269208463704845,437.9146469116211,450.6392443847656,,,439.845447126665,440.1183533265367,437.9146469116211,461.275069269841,414.5542245534012,0.10668938581053886,33.46161680772974,-5.1528047102024175,-3.2260532681285623,-1.9267514420738552,11.744701523618469,29.789082653941858,,-0.15317188912839363
2021-12-21,418.08517885142146,419.1828866111858,406.60511314494727,407.97723388671875,16617447,0.0,0.0,SBIN.NS,-0.007123835188443839,-0.007149330859133858,0.055121641370030394,435.76270294189453,450.4215338134766,,,436.8103791990511,438.85791727007324,435.76270294189453,461.81569489532325,409.7097109884658,0.11957421678147923,32.4343072735865,-7.0245970428678675,-3.9857620230764237,-3.0388350197914438,11.551952424124835,29.692965325768345,,-0.15920455302318418
2021-12-22,411.6362717126858,418.31391562078755,410.7215244422132,416.987548828125,13102553,0.0,0.0,SBIN.NS,0.022085337594862198,0.021844988877590087,0.07842435902333267,434.05670166015625,450.38219970703125,,,434.92249059229624,438.0002557625459,434.05670166015625,460.3463228811462,407.7670804391663,0.12113450210739216,38.675379567405464,-7.692277056976536,-4.727065029856447,-2.9652120271200895,11.819846583045862,30.36984350002332,,-0.1406353017284781
2021-12-23,421.69845023830544,425.3574389605467,418.7255219014844,422.43023681640625,14471377,0.0,0.0,SBIN.NS,0.013052399294839923,0.012967950774603122,0.09250038436658703,432.7417510986328,450.2459020996094,,,433.73275213744955,437.3896667842659,432.7417510986328,458.5680699529675,406.9154322442981,0.11936134560054615,42.15141255025724,-7.693552361763125,-5.320362496237783,-2.373189865525342,11.669562513774414,30.773768141393344,,-0.12941853054674857
2021-12-24,423.1620908843943,424.07683815050154,413.64872490005297,417.9937744140625,13221159,0.0,0.0,SBIN.NS,-0.01050223685638274,-0.010557774534676871,0.08102668656427992,432.12201232910155,449.7693194580078,,,432.23380187807936,436.62904355406187,432.12201232910155,458.76794725574945,405.47607740245365,0.12332597815616257,40.153482461918536,-7.960781554455139,-5.848446307881254,-2.1123352465738847,11.55195094401863,29.98240287536093,,-0.13856158334172436
2021-12-27,415.0207807956359,421.24105006455295,412.13930502601886,418.9999084472656,8856482,0.0,0.0,SBIN.NS,0.0024070550682566694,0.002404162751586395,0.08362877732909513,431.79956207275393,449.3366430664062,,,430.9734310751447,435.9377049224228,431.79956207275393,458.9370585964857,404.66206554902215,0.12569487747261487,40.83835868023575,-7.999166593893278,-6.278590365083659,-1.7205762288096196,11.261191813102783,29.963368438660687,,-0.136488053634916
2021-12-28,421.8814392089844,423.4364927709809,419.91471030583773,421.8814392089844,8832210,0.0,0.0,SBIN.NS,0.006877163225159633,0.006853623401328554,0.09108106930626758,431.8292922973633,448.7987713623047,,,430.10752708789136,435.38647881601344,431.8292922973633,458.91955741793623,404.73902717679033,0.1254674733918617,42.85533588722866,-7.708216047288715,-6.564515501524671,-1.1437005457640446,10.552269652468409,30.05583919178395,,-0.1305495410328881
2021-12-29,421.69850103215094,422.7504548333301,412.9169214578515,415.6611633300781,11757303,0.0,0.0,SBIN.NS,-0.014744132594619708,-0.01485390767950869,0.07499402534893651,430.8733840942383,448.0020263671875,,,428.7316829204806,434.6129370322513,430.8733840942383,458.85974236063834,402.8870258278383,0.1299052543021734,39.70822315407205,-7.888624765533677,-6.829337354326473,-1.0592874112072046,10.771156061071192,29.69331338387947,,-0.14336883388435215
2021-12-30,414.1518186638395,416.11851967398894,410.2641428398278,413.19134521484375,28879190,0.0,0.0,SBIN.NS,-0.0059419025233133915,-0.005959625867909805,0.06860651563716891,429.7162292480469,447.3342602539062,,,427.251650758039,433.7728746080392,429.7162292480469,458.64963147137104,400.78282702472274,0.1346628321390338,38.49929583630956,-8.137094297390547,-7.090888742939288,-1.0462055544512587,10.434658146561556,29.587007588108484,,-0.14845885277184362
2021-12-31,415.523959645218,422.0643972353255,414.47200583688556,421.1954040527344,10005842,0.0,0.0,SBIN.NS,0.01937131290523242,0.01918607737149983,0.08930682682414659,429.13536682128904,446.61252563476563,,,426.67486535753375,433.27964046861547,429.13536682128904,458.272761789782,399.99797185279607,0.1357958221170201,44.406398652957634,-7.600533319071928,-7.192817658165817,-0.40771566090611167,10.147166046332627,30.015724801685522,,-0.13196338275720645
2022-01-03,422.61319979926327,431.7606716563902,420.87518572958294,430.6629638671875,13124509,0.0,0.0,SBIN.NS,0.022477832671858433,0.022228929161290406,0.11379208340581282,429.3869201660156,446.0243426513672,,,427.05468426321505,433.177025699932,429.3869201660156,458.4838024421626,400.29003788986864,0.13552756690817283,50.46682374596082,-6.338288085115778,-7.02191174355581,0.6836236584400321,10.366050393833778,29.321195658175313,,-0.112451800921777
2022-01-04,432.2180541865951,443.37798124940093,430.8916595735372,442.2802734375,23296671,0.0,0.0,SBIN.NS,0.026975408950873137,0.026617986113371205,0.14383708034192955,429.697932434082,445.668505859375,,,428.5047403750517,433.53401580728763,429.697932434082,459.22493797921766,400.1709268889464,0.13743145273181057,56.70387729842794,-4.350381362474309,-6.48760566733951,2.1372243048652013,10.78422278933547,30.13864132027338,,-0.08850982528803095
2022-01-05,440.8166633363645,452.79985705576144,438.30110857494367,450.4215087890625,24694169,0.0,0.0,SBIN.NS,0.01840741231411247,0.018240046626277442,0.16489216109995408,429.73680877685547,445.410546875,,,430.5920516525765,434.1962704340239,429.73680877685547,459.37622338539364,400.0973941683173,0.1379421729914167,60.46118194068196,-2.0938843139841197,-5.608861396668432,3.5149770826843127,11.016177658297039,30.632126910793005,,-0.07173164982184525
2022-01-06,446.1222608697689,452.2510509133829,444.0183253703631,449.78125,18190843,0.0,0.0,SBIN.NS,-0.0014214658415931947,-0.0014224770825725442,0.16323630668381073,429.87631072998045,445.02909790039064,,,432.4195943523311,434.80744610327787,429.87631072998045,459.881667378869,399.8709540810919,0.13959995421909122,60.02004478261647,-0.3531863666992763,-4.557726390674602,4.2045400239753254,10.630677428890433,30.59342522780002,,-0.07305115157345553
2022-01-07,451.3820229037345,459.1573742053209,447.72303405592913,449.36956787109375,22746330,0.0,0.0,SBIN.NS,-0.0009152941099840328,-0.0009157132474134494,0.16217160334378344,429.71851501464846,444.5186688232422,,,434.03387754459425,435.3785097020158,429.71851501464846,459.25183570830256,400.18519432099436,0.13745426208897402,59.71833053736223,0.9817924975763503,-3.4498226130244114,4.431615110600761,9.827004832699888,28.007995724081535,27.951821023126133,-0.07389958239467681
2022-01-10,451.2905476393541,461.90162099966733,450.513006917338,460.7124328613281,15832274,0.0,0.0,SBIN.NS,0.025241729305283567,0.024928418254599762,0.19150682436167465,430.4434524536133,444.5607470703125,,,436.57469233666416,436.3719968847339,430.4434524536133,462.3018647221408,398.5850401850858,0.14802600474895466,64.94677932976154,2.921371521542312,-2.1755837861110665,5.096955307653379,9.82373909429525,28.536214136071504,28.207848349078795,-0.050523206343973226
2022-01-11,460.11789055653037,464.50866641736116,456.6875881915463,462.81640625,16107950,0.0,0.0,SBIN.NS,0.004566782310615691,0.004556386199447715,0.19694817665014752,431.2392868041992,444.63026916503907,,,439.0739031855533,437.4090325461169,431.2392868041992,465.53086910114143,396.94770450725696,0.15903737598245338,65.83266696734871,4.575531066805297,-0.8253608155277938,5.400891882333091,9.64405312941997,28.287764459880123,28.18626228171806,-0.046187152518364694
2022-01-12,466.42961925486287,469.72271495260253,465.14897868237273,466.7497863769531,14489616,0.0,0.0,SBIN.NS,0.008498791472894451,0.008462880070206095,0.20712078960735836,432.40330505371094,444.5305615234375,,,441.7097015847342,438.5596503434046,432.40330505371094,469.875836878134,394.93077322928787,0.17332213415791733,67.48698251741409,6.133156121605282,0.5663425718988213,5.566813549706461,9.539511598718601,27.00372437805737,28.20455052817763,-0.038080896023450654
2022-01-13,466.5210671549638,469.12807431519354,463.776825583464,467.7559814453125,10450974,0.0,0.0,SBIN.NS,0.0021557483211074313,0.0021534280297398995,0.20972303822292826,433.7845718383789,444.34120849609377,,,444.19029966669405,439.7046045042637,433.7845718383789,474.3641817597303,393.2049619170275,0.18709568092463508,67.91495016340986,7.363890387980291,1.9258521351151154,5.438038252865176,9.176878418810096,27.001977500732878,28.202959830519355,-0.03600724053001203
2022-01-14,465.60635992683945,466.8412743231792,462.08457735797106,465.01177978515625,8724574,0.0,0.0,SBIN.NS,-0.005866737720118476,-0.00588401463173591,0.20262591044368938,435.6392227172852,443.9881164550781,,,446.17329777321424,440.69704275057325,435.6392227172852,478.4208806595449,392.8575647750255,0.19640865978692426,65.38702753715938,8.025311229053898,3.145743953902872,4.879567275151025,8.931854065153479,26.93473333324561,28.23014095326914,-0.0416627332139157
2022-01-17,464.6915705936892,474.6623372560519,464.2799231935481,470.1800537109375,17422211,0.0,0.0,SBIN.NS,0.01111428602554776,0.011052976206922121,0.21599223879409535,438.6030029296875,443.6871636962891,,,448.45965548156886,441.85323925882284,438.6030029296875,482.3712054040087,394.83480045536623,0.19958004018197628,67.81667616136122,8.864345862389825,4.289464335600263,4.574881526789563,9.35655618935266,26.417232068682967,28.249230080900173,-0.031011498721913496
2022-01-18,470.1800940601399,473.33598328973244,461.9473686777639,463.5939025878906,12592506,0.0,0.0,SBIN.NS,-0.014007721235865023,-0.014106755278180307,0.1989589584880922,441.3838363647461,443.38621215820314,,,449.9010123488376,442.7058142913353,441.3838363647461,484.0115034283104,398.75616930118184,0.19315463572317168,61.85773072869478,8.895300019861281,5.210631472452467,3.6846685474088146,9.467633420530515,26.10754542762677,28.373219632137165,-0.04458481952857561
2022-01-19,461.94734043264435,473.51891495637545,457.6480173850423,471.82659912109375,16079457,0.0,0.0,SBIN.NS,0.0177584228076475,0.017602584276946734,0.22025057860194042,444.1257888793945,443.14197326660155,,,451.9891634700048,443.8478058532866,444.1257888793945,487.1986216492823,401.05295610950674,0.19396681682713324,65.89216098020859,9.47492023682679,6.063489225327332,3.4114310114994586,10.183099187471372,25.084302744686717,28.496262216710104,-0.027618152796919183
2022-01-20,472.0095701312035,474.8910462350493,464.691592299712,467.8017272949219,17724642,0.0,0.0,SBIN.NS,-0.00853040467338917,-0.008566996821160163,0.20984134736352855,446.3943634033203,442.9041381835938,436.27451171875,,453.49512192952074,444.78717532158606,446.3943634033203,489.4352298016969,403.35349700494373,0.19283785785390334,62.416254990054185,9.499989945047332,6.750789369271332,2.7492005757760003,10.277842181389628,25.165268069608608,28.551710318080463,-0.0359129634506191
2022-01-21,462.2217652954026,464.23422037272604,455.5441216662415,459.84344482421875,16947941,0.0,0.0,SBIN.NS,-0.017012084407473482,-0.017158452305726643,0.18925942424252873,448.4868469238281,442.7779034423828,437.00630920410157,,454.0997241099682,445.3776172628658,448.4868469238281,489.7464013439316,407.22729250372464,0.1839944903762633,56.11319752209709,8.776520716559446,7.155935638728955,1.6205850778304907,10.375850731523425,25.514569964855237,28.727634598017765,-0.05231409349254818
2022-01-24,459.56900352713996,463.5938857626072,446.39664897657883,452.0223388671875,20233933,0.0,0.0,SBIN.NS,-0.017008192777481,-0.017154493333060423,0.16903227069257576,450.1379684448242,442.46323059082033,437.62925231933593,,453.90187789637,445.6381945806823,450.1379684448242,489.0025445602754,411.273392329373,0.17267850676859772,50.69502979301204,7.485776877535841,7.221903886490333,0.263872991045508,10.69600926036735,25.68169071240547,28.626430215073533,-0.06843251808292873
2022-01-25,448.2261178985928,473.3816653316771,447.3113707192079,470.774658203125,21791739,0.0,0.0,SBIN.NS,0.041485381857305326,0.04064794595769588,0.21753002084577,452.58262939453124,442.6114202880859,438.40450073242187,,455.5088093541562,446.62393825215065,452.58262939453124,490.0907386666511,415.0745201224114,0.16575143116870614,60.534587527567034,7.885113852363872,7.354545879665041,0.5305679726988313,11.522548269771022,28.29132588524375,28.492389443343,-0.029786085369750744
2022-01-27,460.6209582402638,485.59354654725604,460.3008190412504,483.8555603027344,35409230,0.0,0.0,SBIN.NS,0.027785909610209547,0.027406886209991172,0.2513601999527071,455.9923492431641,443.23070373535154,439.31192993164063,,458.2084999206875,448.08400186197747,455.9923492431641,491.72484809629134,420.25985039003683,0.15672411571130293,65.67978725076004,9.151616620048515,7.713960027741736,1.4376565923067783,12.74111983855572,29.10463867251491,28.586369610417517,-0.0028278092352669736
2022-01-28,488.47503528658655,490.6704510363016,476.94924217993685,478.824462890625,24715250,0.0,0.0,SBIN.NS,-0.010397932409749622,-0.010452368586871789,0.23834864117334797,459.2740051269531,443.6935668945313,440.153955078125,,460.1719249654434,449.2895101376107,459.2740051269531,490.1859298021965,428.36208045170974,0.13461212404868703,62.314777298970974,9.638257836840637,8.098819589561517,1.5394382472791204,12.904467603339507,29.207145312311955,27.91408591811933,-0.013196338275720646
2022-01-31,483.9012787789612,494.78679301613647,482.1175105358289,492.4084167480469,28674232,0.0,0.0,SBIN.NS,0.028369381496126334,0.027974423014338383,0.27347982620000444,462.83465576171875,444.32474243164063,441.1350216674805,,463.2420670399771,450.98044765174546,462.83465576171875,491.61035230075566,434.05895922268184,0.12434547059436929,67.20090321689335,10.993312000026606,8.677718071654535,2.3155939283720706,13.14948738883507,28.599854584781774,28.256620384655275,0.0
2022-02-01,497.57671786896583,497.57671786896583,475.6685127040387,486.9198913574219,32245356,0.0,0.0,SBIN.NS,-0.01114628670824147,-0.011208872059340944,0.25928525494001775,465.64750213623046,445.16447998046874,442.079040222168,,465.4970979273528,452.3898376009877,465.64750213623046,492.0852426978586,439.20976157460234,0.11355259263859836,63.6121170562542,11.491853128056562,9.24054508293494,2.251308045121622,14.155710741628805,25.785630739220792,28.34543473412999,-0.011146286708241507
2022-02-02,490.89912779394075,497.8511844727147,486.0509227652862,493.7805480957031,21661864,0.0,0.0,SBIN.NS,0.014089908545644514,0.013991568443064794,0.27702846901500133,468.22251586914064,446.0197686767578,443.07108337402343,,468.1907598481481,454.0130027184275,468.22251586914064,495.1057295003633,441.339302237918,0.11483093067970271,66.05258903537222,12.298775596341159,9.852191185616185,2.4465844107249737,14.505278813402088,25.593975104142785,28.157367076696087,0.0
2022-02-03,491.35647211378875,498.2628021851724,491.35647211378875,494.054931640625,22717677,0.0,0.0,SBIN.NS,0.0005556791290788343,0.0005555247966018316,0.2777380870824724,470.40418701171876,446.8787158203125,444.0571807861328,,470.6540143045745,455.58327444086666,470.40418701171876,498.2689096777594,442.53946434567814,0.1184714058055204,66.15036858578812,12.812710968565455,10.44429514220604,2.3684158263594153,14.616356051948811,25.21309540187898,27.90505164902641,0.0
2022-02-04,495.9302424816646,499.8179182828877,482.34621235952267,485.0904541015625,25332894,0.0,0.0,SBIN.NS,-0.01814469801828278,-0.018311331808913603,0.25455391534590266,472.1696472167969,447.60593994140623,444.9486016845703,,472.0289133328591,456.74041874128613,472.1696472167969,498.9873439242582,445.35195050933555,0.11359348007877333,60.063376655324696,12.354238069402129,10.826283727645258,1.527954341756871,15.459234754521926,26.039924573272433,28.053699285277535,-0.018144698018282814
2022-02-07,486.5540844927539,502.19624013136206,480.4709929489944,487.7889709472656,52289545,0.0,0.0,SBIN.NS,0.005562914757209603,0.005547498891916337,0.2615328918352955,474.09061737060546,448.75394836425784,445.86563598632813,,473.52987120089784,457.9580090238736,474.09061737060546,499.4987147052158,448.68252003599514,0.10718667024261455,61.220183994577006,12.06951291878147,11.074929565872502,0.9945833529089683,16.269437120226485,25.63538182513098,28.041982319482518,-0.012682720669444158
2022-02-08,489.8471265402949,491.8138553567655,474.75379771132225,486.0509033203125,26567546,0.0,0.0,SBIN.NS,-0.003563154828158277,-0.003569517984092905,0.25703785482087205,475.3575408935547,449.9659881591797,446.6660394287109,,474.72235045036587,459.0596911531457,475.3575408935547,500.48221910886343,450.23286267824597,0.10570855010769598,60.014394918274945,11.570244082170404,11.173992469132083,0.3962516130383218,16.674540194046106,25.751765818446167,27.536513140166203,-0.01620068500021496
2022-02-09,489.34402572709524,490.76187272051794,482.7578347218143,489.6184387207031,14856155,0.0,0.0,SBIN.NS,0.00733983904981983,0.007313033516797969,0.2662643103547879,476.69764251708983,451.33262023925784,447.3205407714844,,476.1410255237313,460.25807341069697,476.69764251708983,501.86491706881424,451.53036796536543,0.10559009446253825,61.68263537984374,11.331814124376137,11.205556800180894,0.12625732419524383,16.112621653144,25.754910484703963,27.40127242471506,-0.008979756370793552
2022-02-10,491.3106942745925,497.5767460360815,488.8409215226681,494.4665832519531,18659370,0.0,0.0,SBIN.NS,0.009901883074333151,0.009853180663283926,0.2788027114971221,478.08348236083987,452.5263653564453,448.1113394165039,,477.8863167359429,461.59958360055015,478.08348236083987,503.9860324743656,452.18093224731416,0.10835994578024519,63.88760792088566,11.402619115783693,11.244969263301453,0.1576498524822405,16.008076694435147,25.086501993225045,27.41972079981318,0.0
2022-02-11,490.5331950851254,491.85958971603907,482.1632357174107,484.4501037597656,14607095,0.0,0.0,SBIN.NS,-0.020257141395303657,-0.020465130926464178,0.25289782415362727,478.9181884765625,453.4886785888672,448.95427856445315,,478.5114393096403,462.4956824303233,478.9181884765625,504.49332810454854,453.3430488485764,0.10680379339669899,56.63614737823757,10.529113333426778,11.101798077326519,-0.5726847438997407,16.01134397342529,26.001269176279408,27.386157957751255,-0.020257141395303654
2022-02-14,471.0948345620402,471.6436605802897,457.0992127792638,458.6542663574219,26153332,0.0,0.0,SBIN.NS,-0.05324766617272869,-0.05471774710977099,0.18618393906455677,478.6003128051758,454.0055108642578,449.52691040039065,,476.62027998085756,462.34503866275855,478.6003128051758,505.0464221850017,452.1542034253499,0.11051438401625668,43.07602310163837,7.666965211638967,10.414831504189008,-2.7478662925500412,16.73660498731625,30.713150700968356,28.882649842868258,-0.0724261620654014
2022-02-15,459.2030716920032,481.9345161552179,454.7208162168285,480.0592956542969,23842951,0.0,0.0,SBIN.NS,0.04666920350893333,0.04561293498376475,0.24154219871578864,479.0942749023437,455.0940588378906,450.3131350708008,,476.94780528308985,463.03971540752474,479.0942749023437,505.24558453237466,452.9429652723128,0.10916978557241784,53.108629454553906,7.0446923511669866,9.740803673584605,-2.696111322417618,16.818276796310556,32.775587389957366,29.726602963464053,-0.029137029853269346
2022-02-16,481.6144139827795,482.9865348203373,470.18007366979805,472.64990234375,19773807,0.0,0.0,SBIN.NS,-0.015434329420594306,-0.015554678628460595,0.2223798274312403,479.54707489013674,455.8258563232422,450.9251010131836,,476.5384811936289,463.4165854834552,479.54707489013674,504.86879457562947,454.225355204644,0.10560681531127629,49.83446956197089,5.88581252572601,8.969805444012886,-3.083992918286876,15.926400628062956,32.47678188214599,29.8646805327684,-0.04412164875677056
2022-02-17,475.6685613206677,475.6685613206677,467.5730427227092,469.2196044921875,16408356,0.0,0.0,SBIN.NS,-0.007257587137017296,-0.007284051545452574,0.21350829931912596,479.4167251586914,456.21736877441407,451.5855487060547,,475.8414453173011,463.6441548563467,479.4167251586914,504.9318853368908,453.901564980492,0.10644251165727947,48.34836141196514,4.637141466059575,8.103272648422223,-3.4661311823626484,15.52456560960537,32.22970437278274,29.900075738551557,-0.05105901918330676
2022-02-18,466.61256337439534,476.49185011832066,466.61256337439534,471.3692321777344,15111223,0.0,0.0,SBIN.NS,0.00458128276177483,0.00457082062706554,0.2190677239720673,479.59510040283203,456.7049291992187,452.21397979736327,,475.41552025639,463.94709906502857,479.59510040283203,504.81655642413847,454.3736443815256,0.10517812212894535,49.36734542886673,3.7774732835034683,7.238112775438473,-3.4606394919350043,15.090062510920644,32.228361426080724,29.648337594034473,-0.04671165222594952
2022-02-21,467.9389379855899,473.3816952128393,461.6271876325928,468.21337890625,16866932,0.0,0.0,SBIN.NS,-0.006695076929192578,-0.006717589495239932,0.2109059717781787,480.0135971069336,457.01868713378906,452.8264031982422,,474.72960203256713,464.1144041568412,480.0135971069336,504.10767436350835,455.9195198503589,0.10038914481502594,47.87413022026731,2.809146973137274,6.352319614978233,-3.5431726418409593,14.36479839772917,32.31352062273171,29.292453941307766,-0.053093991049999685
2022-02-22,458.1968410153564,462.22172288483523,453.2572119975476,455.90997314453125,27108772,0.0,0.0,SBIN.NS,-0.02627734771368473,-0.02662876713501874,0.1790865745091863,480.2079788208008,457.2126129150391,453.1776657104492,,472.93725642418275,463.7926617642016,480.2079788208008,503.3969513351143,457.0190063064873,0.09657887222638972,42.47957084241485,1.0370054216518838,5.289256776312963,-4.252251354661079,14.590220197820164,32.48340351611509,29.636220116267094,-0.0779761694993563
2022-02-23,460.11788088928967,462.2675425760223,454.8580840401576,456.1844787597656,13899433,0.0,0.0,SBIN.NS,0.0006021048702686826,0.0006019236778588555,0.17979650827816673,479.4784698486328,457.39830810546874,453.59570556640625,,471.34175378947634,463.4943016463806,479.4784698486328,504.7421632498163,454.2147764474493,0.10537988664708565,42.634885882044706,-0.34134441059467235,4.163136538931437,-4.504480949526109,14.626157945283097,32.45371929241677,29.4806310739472,-0.07742101446050811
2022-02-24,439.0786525777233,446.3509039273894,428.1016862632802,432.3552551269531,32356037,0.0,0.0,SBIN.NS,-0.052235936868341715,-0.05364968625562493,0.1181687323542584,476.90345458984376,457.17602478027345,453.78780242919925,,467.6287539168551,462.2731625671874,476.90345458984376,509.6722839490799,444.13462523060764,0.13742332559707976,34.04182999390764,-3.3182648890680753,2.6668562533315345,-5.98512114239961,15.38409270050598,35.64325047337553,30.658330230020887,-0.1256127921052078
2022-02-25,439.0786756350873,449.9641622186997,438.4383414001046,441.7771911621094,21792287,0.0,0.0,SBIN.NS,0.021792116375200843,0.021558062456337717,0.14253599549683327,475.051091003418,457.2089556884766,453.9689227294922,,465.166700321165,461.46939898267453,475.051091003418,511.3599153211817,438.7422666856543,0.15286281835947818,39.25506767773187,-4.861187575790325,1.161247487507163,-6.022435063297488,15.09006840831876,36.30494648438124,30.70682115162714,-0.10655804431377745
2022-02-28,436.2429352502415,443.92680616738363,432.7669070473986,442.005859375,18069367,0.0,0.0,SBIN.NS,0.0005176098211161495,0.0005174759073607489,0.14312738334908115,472.5309631347656,457.4906976318359,454.1381509399414,,462.96090594533973,460.70612291962846,472.5309631347656,510.7154477842313,434.34647848529994,0.1616168574272898,39.38029614584817,-5.996390648680801,-0.27028013973042986,-5.726110508950372,14.668628513643174,36.2876467033589,30.439586652297073,-0.10609558998291703
2022-03-02,437.2491495618081,438.8956833101287,427.1869306388376,433.81884765625,22003848,0.0,0.0,SBIN.NS,-0.018522405405047127,-0.018696093244004536,0.12195391452507875,469.875910949707,457.9489855957031,454.2941149902344,,460.1854718225693,459.6517199681234,469.875910949707,511.11044223767533,428.6413796617387,0.17551242924807792,36.48055797445974,-7.470554781373494,-1.7103350680590428,-5.760219713314451,15.155406423461654,36.41331484285108,30.57394598697754,-0.12265284985861291
2022-03-03,439.0786773078168,442.1888123555731,424.99157532736507,427.5528564453125,20358590,0.0,0.0,SBIN.NS,-0.014443796632603978,-0.014549123708683002,0.10574864035252451,466.5645263671875,458.340498046875,454.3810159301758,,457.077603691402,458.3929410064446,466.5645263671875,510.2785855737387,422.8504671606363,0.18738698180473384,34.39317956259423,-9.040243303513762,-3.1763167151499867,-5.863926588363775,15.759793031661271,36.42558647060422,30.66308018598915,-0.1353250736714498
2022-03-04,421.0581495819761,430.7544760513815,418.63407494359245,422.5675048828125,20684268,0.0,0.0,SBIN.NS,-0.011660199405398308,-0.011728712636523256,0.09285539071376592,462.9901550292969,458.45209716796876,454.4171484375,,453.79092761439347,456.9880219427727,462.9901550292969,508.87641722448626,417.1038928341075,0.19821701043421022,32.78580793745458,-10.564725395036646,-4.653998451127319,-5.910726943909327,15.746725429750317,36.003589335194526,30.69017151572942,-0.14540735573328883
2022-03-07,409.34937464261577,415.2495052870526,396.49718756599424,402.76318359375,33720472,0.0,0.0,SBIN.NS,-0.04686664511639316,-0.0480004534452579,0.04163692495364657,458.87379150390626,458.05875610351563,454.1523291015625,,448.93114246957026,454.86155769379144,458.87379150390626,510.7873510801626,406.96023192764994,0.22626508873437978,27.322944675424253,-13.218556362792754,-6.366910033460407,-6.851646329332347,15.655255882344347,38.12824628837602,31.56206498146813,-0.1854592459112168
2022-03-08,400.65927618651557,404.4097453139011,388.7675625097468,402.76318359375,42510207,0.0,0.0,SBIN.NS,0.0,0.0,0.04163692495364657,454.6225021362305,457.7541442871094,453.7617318725586,,444.5341940052064,452.8184841996722,454.6225021362305,510.35150321233954,398.8935010601214,0.24516604793754584,27.322944675424253,-15.147129840518573,-8.12295399487204,-7.024175845646534,14.828718944184695,37.96924858309768,31.469511188530387,-0.1854592459112168
2022-03-09,404.3182856972216,415.56966573918965,401.16239650902844,413.19134521484375,32331325,0.0,0.0,SBIN.NS,0.025891546312763802,0.02556203581319031,0.06860651563716869,450.97952423095705,457.6379730224609,453.4873080444336,,441.54916078707663,451.26447874928675,450.97952423095705,507.57699119484596,394.38205726706815,0.25099794524109714,34.035135168892836,-15.653627451976945,-9.62908868629302,-6.024538765683925,14.943062378443406,38.73295775712558,31.312175744175292,-0.16436952625309353
2022-03-10,429.83971483102124,436.0142585909613,422.293050235539,428.7420349121094,34553299,0.0,0.0,SBIN.NS,0.037635564920121656,0.03694462957004073,0.10882412553049625,447.93570404052736,457.77518493652343,453.28697814941404,,440.32943451327026,450.3812456576328,447.93570404052736,502.286981386069,393.5844266949857,0.24267445910328306,42.55522320797606,-14.631556289070204,-10.629582206848458,-4.001974082221746,15.995019148311908,38.365657575722715,31.969461437283915,-0.13292010130915988
2022-03-11,426.63814075962455,434.3220125977183,422.6132581697538,430.25140380859375,22091309,0.0,0.0,SBIN.NS,0.003520459328868464,0.003514277017393993,0.11272769576729447,444.7249450683594,458.0669897460937,453.0345080566406,,439.3696220652058,449.59184009492543,444.7249450683594,494.93130595524445,394.5185841814743,0.22578612440625645,43.320446620702214,-13.5436414057163,-11.212394046622027,-2.3312473590942737,16.125695411457563,37.31323831236791,31.63632965847346,-0.1298675817909394
2022-03-14,430.8459145036026,444.5671219718702,430.4342671132074,443.7895812988281,27750689,0.0,0.0,SBIN.NS,0.03146573693983146,0.03098083624440494,0.14774049272797307,442.6919189453125,458.67895446777345,453.00660736083984,,439.79057056364604,449.36430053429416,442.6919189453125,489.2883870001449,396.09545089048015,0.21051420213789182,49.78212746619524,-11.456974373603146,-11.26131011201825,-0.19566426158489492,16.30863902453113,38.60448170954081,32.029071934046094,-0.10248822401675377
2022-03-15,447.3114104460001,448.68353133693876,439.67326523660074,444.4299621582031,27204899,0.0,0.0,SBIN.NS,0.0014429830855893222,0.0014419429859405834,0.14939666284562558,441.98070373535154,459.1436456298828,452.8780856323242,,440.2324173821753,449.1707970685651,441.98070373535154,487.9817430484074,395.9796644222957,0.20815858667259954,50.0720789857472,-9.640472962241176,-10.937142682062836,1.2966697198216597,15.883931823933674,37.522784585389566,31.966623800452528,-0.10119312970489266
2022-03-16,450.97038602708017,452.15954626404897,447.6772904039518,450.74169921875,16211288,0.0,0.0,SBIN.NS,0.014201871156247714,0.014101969334925999,0.16572024615878034,440.5148239135742,459.54522033691404,452.78478149414065,,441.233301366611,449.23240107445474,440.5148239135742,483.15222778247517,397.8774200446733,0.1935798822391779,52.95526926699438,-7.603924763754492,-10.270499098401167,2.6665743346466755,15.906797936075183,37.77113978894602,32.04861982333854,-0.08842839033861125
2022-03-17,456.458871892994,460.5752344651753,455.8185376598621,459.11163330078125,22947673,0.0,0.0,SBIN.NS,0.01856924730181042,0.0183989438696744,0.1873667936944301,439.8379104614258,459.8818475341797,452.77517669677735,,442.9359996460558,449.6198219460754,439.8379104614258,480.72097299081815,398.95484793203343,0.18590058545204846,56.53939634698425,-5.253997105817973,-9.267198699884528,4.013201594066555,14.60327956107089,37.96181408763675,32.13188382823448,-0.07150119168549945
2022-03-21,459.2031378987074,459.2031378987074,447.3114231722468,448.7750244140625,19064060,0.0,0.0,SBIN.NS,-0.022514369353709762,-0.022771687336760778,0.1606339791428637,438.81568145751953,459.8489178466797,452.62973236083985,,443.4920972430088,449.58669263109454,438.81568145751953,477.57256696440874,400.0587959506303,0.17664311985459957,51.33765047705011,-4.177583870696367,-8.249275734046895,4.071691863350528,14.194908677836176,38.40543542042483,32.28552211417534,-0.0924057568003715
2022-03-22,448.7749957825625,453.53166462015184,436.56311470170846,451.6107177734375,26157969,0.0,0.0,SBIN.NS,0.006318741474255152,0.006298861925882848,0.1679677252033036,437.8277557373047,459.88550720214846,452.45730255126955,,444.2652991982877,449.6660661660884,437.8277557373047,474.0127080406583,401.6428034339511,0.16529309450661905,52.62533645905642,-3.0604232176942787,-7.211505230776373,4.151082013082094,14.609812306297487,38.216416127910826,32.27506947841094,-0.0866709034140708
2022-03-23,456.0015113556305,459.5690201040249,447.4943729620845,448.82073974609375,15800195,0.0,0.0,SBIN.NS,-0.006177838385012402,-0.006197000188347662,0.1607522093580871,436.8581237792969,459.8745306396484,452.1965997314453,,444.69915067903116,449.63291611040233,436.8581237792969,470.5695057461714,403.14674181242236,0.15433560752051248,51.19008195263152,-2.3728406317092663,-6.243772310962952,3.870931679253686,14.413792192424486,38.16333484919945,31.94737684922972,-0.09231330296510806
2022-03-24,443.65238956518124,452.6169009096352,442.28026877271157,445.5733642578125,18174877,0.0,0.0,SBIN.NS,-0.007235350777502703,-0.007261652874664501,0.15235375995762013,436.34129333496094,459.5717492675781,452.0662481689453,,444.78240911510557,449.4737179985361,436.34129333496094,469.12708046822746,403.5555062016944,0.15027588556968524,49.49793708297535,-2.066145304071597,-5.4082469095846815,3.3421016055130846,13.923748985904174,38.18714035326615,31.96270558864065,-0.09888073461422835
2022-03-25,449.82695903940345,451.2448061069364,445.11601629710134,448.8664855957031,11541196,0.0,0.0,SBIN.NS,0.007390749991027734,0.007363572225542127,0.1608705184986876,435.9753936767578,459.29275085449217,451.9615100097656,,445.1713687799244,449.44990496313085,435.9753936767578,467.98283693090457,403.967950422611,0.14683142084792902,51.25755718862581,-1.5396119884659925,-4.634519925360944,3.094907936894952,13.49577675033603,38.188296168216,31.951514791497544,-0.09222078741166354
2022-03-28,449.0951479771104,456.092958457899,440.8624231959782,455.08673095703125,16738684,0.0,0.0,SBIN.NS,0.01385767385389225,0.013762534226615605,0.1769574835306411,437.1119674682617,459.05948974609373,451.79502563476564,,446.11568898726796,449.67095696289164,437.1119674682617,470.1751122299229,404.0488227066005,0.151279979604136,54.48354480187753,-0.6133385415639623,-3.830283648601548,3.216945107037586,12.721506603557641,38.31791705264669,31.808264967697646,-0.07964107915227116
2022-03-29,457.37363256589333,458.6542731539036,449.7812414316479,452.7998962402344,14301429,0.0,0.0,SBIN.NS,-0.005025052503701333,-0.005037720536205138,0.17104321038127535,437.663102722168,458.7603680419922,451.550788269043,,446.75228015421715,449.79366046396393,437.663102722168,471.4140063917824,403.9121990525536,0.15423234656835913,53.09231456634853,-0.06306167548416397,-3.0768392539780716,3.0137775784939076,12.237995811993455,37.95641164750075,31.804514120265214,-0.08426593105178087
2022-03-30,456.7332820613425,457.7395096003556,450.3300514332755,452.1595458984375,16461225,0.0,0.0,SBIN.NS,-0.001414201608953447,-0.001415202535835064,0.16938711918900018,438.17078704833983,458.5033233642578,451.24571990966797,,447.2672578441429,449.88644028492365,438.17078704833983,472.4972969200359,403.84427717664374,0.15668096042153135,52.686617820334554,0.3177034963208598,-2.3979307039182856,2.7156342002391454,11.738152164630517,34.705318792666795,31.748750377707136,-0.0855609636454609
2022-03-31,452.1595100771154,455.13243834748005,450.2385633735741,451.47344970703125,10240982,0.0,0.0,SBIN.NS,-0.0015173763279573427,-0.0015185287092959652,0.1676127188561245,439.0535171508789,458.1291912841797,450.9081774902344,,447.66784754537036,449.94867594853577,439.0535171508789,473.81407037924635,404.2929639225115,0.1583431261589102,52.22613881889764,0.5576719148443203,-1.8068101801657646,2.364482095010085,10.457506564472547,31.727479152338145,31.208247052908234,-0.08694851179258543
2022-04-01,449.1409085782977,466.29241985292714,449.1409085782977,464.87457275390625,18527226,0.0,0.0,SBIN.NS,0.029683081154763924,0.02925106669656003,0.2022710619472654,440.9196029663086,458.1548046875,450.77050842285155,,449.30658327951664,450.5340052350209,440.9196029663086,477.0603293123849,404.7788766202323,0.163933406920163,59.64515132291083,1.8083615807904039,-1.0837758279745309,2.8921374087649347,10.8462749106629,32.72771059986762,31.515204247430816,-0.05984633036964685
2022-04-04,465.8807418554522,471.0033597191569,462.86208723548157,468.71649169921875,16257176,0.0,0.0,SBIN.NS,0.008264420492076097,0.008230457165540881,0.21220713554865256,443.22705230712893,458.0926025390625,450.617287902832,,451.15514598615493,451.24704391989144,443.22705230712893,480.3147252453207,406.13937936893717,0.1673529300395333,61.491460766416594,3.0741164021031295,-0.25219738195899877,3.3263137840621284,10.405243076405677,32.75203637289457,31.54168048046105,-0.052076505116653224
2022-04-05,470.54599302683414,472.3754874696574,464.41717547702837,465.97222900390625,13602384,0.0,0.0,SBIN.NS,-0.005854845613312731,-0.005872052416880887,0.20510984991865922,446.3875045776367,458.0560125732422,450.48007537841795,,452.5662967497503,451.82450215848024,446.3875045776367,479.51835447059017,413.25665468468327,0.14843986246568985,59.40089458472627,3.811856444222258,0.5606133832772526,3.251243060945005,10.330103497283606,32.7696001609941,31.544913577455265,-0.057626450832427054
2022-04-06,463.7768642264401,471.2778029798829,462.8621169597213,470.1343688964844,13738275,0.0,0.0,SBIN.NS,0.008932162977770997,0.008892507176488408,0.21587408750424975,449.7560638427734,458.2618310546875,450.51986724853515,,454.2394464780107,452.5425361482059,449.7560638427734,477.467893438045,422.04423424750183,0.12323048791604124,61.53674493341903,4.678440497778013,1.3841788061774047,3.294261691600608,10.37911077687759,32.81243324574883,30.781887093203164,-0.049209016705321795
2022-04-07,466.56678874371477,475.5770819802615,466.56678874371477,471.049072265625,19620958,0.0,0.0,SBIN.NS,0.0019456211450519234,0.0019437308756668277,0.21823971783861862,452.6489501953125,458.6423657226562,450.5527981567383,,455.84036321968824,453.26828266261447,452.6489501953125,476.03035915330537,429.2675412373197,0.10330923753564016,62.0097596856642,5.377040346987883,2.1827511143395006,3.1942892326483823,10.320307776171976,31.827422718707226,30.70760946049282,-0.04735913766369899
2022-04-08,475.21120675178236,475.21120675178236,468.67074143876727,472.1010437011719,13572638,0.0,0.0,SBIN.NS,0.0022332523244068536,0.002230762322946546,0.22096035452016638,454.8169006347656,458.6688934326172,450.64015686035157,,457.38899945602,454.0068223111854,454.8169006347656,476.86766510096584,432.76613616856537,0.09696545768385065,62.57971924803795,5.947017547386906,2.935604400948982,3.011413146437924,9.938075675211584,31.827890489980547,30.650396581873867,-0.045231650243561544
2022-04-11,469.72274938650725,477.49810161588465,469.4483363565254,471.00341796875,12370288,0.0,0.0,SBIN.NS,-0.002324980524967102,-0.0023276874887605053,0.21812164547415014,456.85450134277346,458.4118505859375,450.8212771606445,,458.68561074294666,454.67335547422715,456.85450134277346,476.77606009870925,436.93294258683767,0.08721183088875309,61.542237884738746,6.238248713803898,3.596133263519966,2.6421154502839324,9.301019628134148,27.52347161760204,30.21602783231471,-0.047451468062600255
2022-04-12,469.036660399113,472.64992326429416,461.35278895185803,469.12811279296875,14460680,0.0,0.0,SBIN.NS,-0.003981510758178097,-0.003989458074033251,0.21327168103792515,458.12142791748045,458.2179235839844,450.9557452392578,,459.68013474771067,455.2402087024131,458.12142791748045,477.76548545673404,438.47737037822685,0.08575917362587109,59.720554567063154,6.245733132572013,4.1260532373303755,2.119679895241638,9.245482997455273,27.003363968965804,30.224735696019533,-0.051244050290195804
2022-04-13,470.4545037373942,476.4918691407067,469.9514039117203,473.5646667480469,15440525,0.0,0.0,SBIN.NS,0.009457020020959606,0.009412582352712872,0.22474561561636408,459.57816314697266,457.8410485839844,451.0828955078125,,461.00247112869505,455.9588149002811,459.57816314697266,479.2682278296587,439.8880984642866,0.0856875555089818,62.54520990295231,6.534333683492605,4.607709326562822,1.926624356929783,9.033134726799151,27.08074889099762,30.218334117351425,-0.04227164627878559
2022-04-18,468.35058881256134,471.09483054388494,461.03261086236506,466.063720703125,14492183,0.0,0.0,SBIN.NS,-0.0158393279136102,-0.015966110618729542,0.20534646819986002,460.3442642211914,457.4239251708984,451.2942025756836,,461.48449489768836,456.3550857160789,460.3442642211914,479.77733272326964,440.91119571911315,0.08442841591587996,55.46341211951021,6.087613818852674,4.903690225020792,1.1839235938318815,9.490510875073921,26.910885881896146,30.206078446812057,-0.05744141972553801
2022-04-19,469.4939971361894,476.5375616935719,462.03881309118987,468.1676025390625,20362934,0.0,0.0,SBIN.NS,0.004514150624647328,0.004503992405730796,0.21078758371220085,460.7970626831055,456.91166625976564,451.46571746826174,,462.120981339724,456.81832166992143,460.7970626831055,480.5289200859446,441.06520528026635,0.08564228811679259,56.93623804188221,5.836076136102918,5.090167407237217,0.7459087288657003,9.43824039939258,26.428301119486036,29.95341697350297,-0.05318656832162529
2022-04-20,468.35056590844295,469.90564731315845,463.7768299132433,465.8807373046875,11881305,0.0,0.0,SBIN.NS,-0.004884714837106174,-0.0048966840499949016,0.20487323163745796,461.65234832763673,456.3481823730469,451.6134490966797,,462.47905333638715,457.1737105183436,461.65234832763673,480.65970704959295,442.6449896056805,0.08234490213604033,54.81430205385286,5.390066466977316,5.1501472191852375,0.23991924779207885,9.24222509065397,26.1697462487938,29.529123898653737,-0.057811481939316095
2022-04-21,469.6312326954554,473.83904746379,468.53352489405654,472.2839660644531,10035638,0.0,0.0,SBIN.NS,0.013744351820190959,0.013650754861252612,0.22143343323181353,462.6860107421875,456.0920526123047,451.8489962768555,,463.41285454858394,457.7662695593675,462.6860107421875,481.64250552309926,443.7295159612757,0.08194107598154507,59.37923815723168,5.490002308561316,5.2181182370604535,0.27188407150086213,9.281428804369856,21.542003415276422,29.59022646302963,-0.044861711466145635
2022-04-22,469.1738621663764,469.7226881547967,456.45885372783556,457.9224548339844,16760456,0.0,0.0,SBIN.NS,-0.030408636037643544,-0.03088057051125322,0.18429130851645792,463.141096496582,455.4947222900391,452.12433532714846,,462.88995933766967,457.77239447209763,463.141096496582,481.1072047212506,445.17498827191343,0.07758373575816399,47.73186650565777,4.360087871946632,5.04651216403769,-0.6864242920910577,10.062231473134972,23.881418041009734,29.979115114917754,-0.07390616404778938
2022-04-25,452.79988432002824,456.6418338987888,448.2718743104798,452.5711975097656,14057444,0.0,0.0,SBIN.NS,-0.011685946534678693,-0.011754763863680663,0.1704517436036499,463.49098815917966,454.82512817382815,452.3955581665039,,461.9072201159645,457.56842596377095,463.49098815917966,480.2484470017349,446.7335293166244,0.07230975044028312,44.248997619183264,2.9982587362345043,4.636861478477052,-1.638602742242548,9.52645070519748,23.42129261248185,29.951033358349726,-0.08472844710082239
2022-04-26,456.45886713437346,464.60011188686263,455.955767324922,462.40472412109375,12137213,0.0,0.0,SBIN.NS,0.021728131762331016,0.021495440504880125,0.19588347331012002,464.1679000854492,454.2808538818359,452.8067370605469,,461.9546014497863,457.7580847150385,464.1679000854492,479.4683901140482,448.86741005685025,0.06592653229911973,51.283635198597274,2.6815712657257222,4.245803435926787,-1.5642321702010644,9.804139411870457,21.782027946156145,30.16380476809033,-0.06484130620111572
2022-04-27,457.373617641167,459.9348987336095,449.91843325679,454.8580627441406,12367342,0.0,0.0,SBIN.NS,-0.01632046772726492,-0.016455113559290035,0.1763660956783928,464.1564666748047,453.4886834716797,453.0075244140625,,461.2787406206772,457.64435836323855,464.1564666748047,479.48584370696835,448.827089642641,0.06605262721850078,46.44060511510614,1.8008822115733096,3.7568191910560915,-1.955936979482782,10.127566474132935,22.458785540181744,30.265136235071786,-0.0801035334831316
2022-04-28,456.5960774059972,466.52109050280944,454.1720028130292,464.2342224121094,12154792,0.0,0.0,SBIN.NS,0.02061337466769908,0.020403794272527552,0.2006149707549898,464.7281829833984,453.08436584472656,453.28652221679687,,461.56021507700405,457.9027844043708,464.7281829833984,479.0969994683144,450.3593664984825,0.06183750850948178,52.448930796786854,1.8383165476556655,3.3731186623760063,-1.5348021147203408,10.40852373624855,21.415543062004758,30.420700521552003,-0.061141362963326874
2022-04-29,464.78307837439434,468.80796064849517,451.88513670313483,453.9890441894531,12894773,0.0,0.0,SBIN.NS,-0.02206898528381518,-0.022316148535193467,0.17411861663386974,464.81965789794924,452.9910614013672,453.4982861328125,,460.8391511829516,457.7493043959426,464.81965789794924,478.8713656027761,450.7679501931224,0.060460901194983055,46.332690614161315,1.0294167926631985,2.904378288433445,-1.8749614957702465,10.973704501163809,22.48697744728931,30.284522842274193,-0.08186102040767204
2022-05-02,450.65019641708875,452.7998578912614,440.26781025398407,449.140869140625,18590895,0.0,0.0,SBIN.NS,-0.01067905737127206,-0.010736487738513217,0.161580136566158,464.7030288696289,452.37269287109376,453.7333758544922,,459.7250290836824,457.41171869965564,464.7030288696289,479.25110468358207,450.1549530556757,0.06261235632287905,43.73368384126776,-0.002816828877428179,2.3229392649712706,-2.3257560938486987,11.486616545624807,22.354923948171578,29.56302745933968,-0.09166587924553968
2022-05-04,450.0556172608926,454.12625342075836,436.79178301235004,438.75848388671875,14645323,0.0,0.0,SBIN.NS,-0.023116100019514252,-0.023387467183293115,0.13472893394861374,463.39722442626953,451.69486450195313,453.76036041259766,,457.72821525540013,456.6802192952267,463.39722442626953,482.00287384647237,444.7915750060667,0.08030108269741333,38.724068287494106,-1.6397392383291276,1.530403564311191,-3.170142802640319,12.149809770556882,22.60564368015642,29.810010327204072,-0.11266302163203731
2022-05-05,443.6523796717326,451.8851042429606,437.84372952997023,439.0786437988281,14130385,0.0,0.0,SBIN.NS,0.0007296950916442224,0.0007294289936199174,0.13555694008206265,461.91533203125,451.09204528808596,453.65470703125,,455.9520655928695,455.98996143262286,461.91533203125,483.2570976670542,440.57356639544577,0.09240553043327164,38.95627984202439,-2.8780019964682424,0.6487224521553046,-3.526724448623547,12.345826942025042,21.706074023888423,29.59538423456521,-0.11201553619428785
2022-05-06,430.84590776912756,444.65859532112023,430.84590776912756,442.69189453125,16710020,0.0,0.0,SBIN.NS,0.008229165283833106,0.008195490321614108,0.1449016258312017,460.7513153076172,450.51849853515625,453.6117138671875,,454.68919215842953,455.46846861296115,460.7513153076172,483.6445250559766,437.85810555925775,0.09937338858414303,41.64406626298682,-3.527116611837414,-0.18644536064323913,-3.3406712511941747,12.806464885186093,21.766253538138468,29.549566044613744,-0.10470816527215465
2022-05-09,436.42589383933114,442.4632309305549,433.4072113357847,435.32818603515625,13544947,0.0,0.0,SBIN.NS,-0.0166339356718761,-0.01677383311292563,0.12585740583649918,459.0110061645508,449.86079467773436,453.4397409057617,,452.8452868133559,454.67865360991,459.0110061645508,484.0885313880828,433.9334809410188,0.10926764232987463,37.97439009015416,-4.582905474144468,-1.065737383343485,-3.517168090800983,12.57450969302777,22.20669504100477,29.633035200212255,-0.11960039205857352
2022-05-10,436.33439995006216,441.41123557558666,433.13278485608896,434.6878662109375,10884328,0.0,0.0,SBIN.NS,-0.0014708898820694483,-0.0014719727025287262,0.12420139356960136,457.1929458618164,449.4363525390625,453.3244827270508,,451.1160086607447,453.89470116289147,457.1929458618164,483.82013428311893,430.56575744051383,0.11648118660759234,37.663589834076916,-5.408943281312531,-1.9343785629372943,-3.474564718375237,12.130202701393175,22.126995571679377,29.63353447580866,-0.12089536293407245
2022-05-11,434.7336302694935,438.1639324546815,424.12255659347113,435.92279052734375,14771351,0.0,0.0,SBIN.NS,0.0028409449915653973,0.002836917134153766,0.12739518788817383,455.384033203125,449.03111877441404,453.2147134399414,,449.6690355051827,453.1899203536543,455.384033203125,482.65464144886977,428.11342495738023,0.11976971635973305,38.70552328280079,-5.895971039109156,-2.726697058171667,-3.169273980937489,12.695385448628551,22.020931687232643,29.616945808407092,-0.11839787501833801
2022-05-12,432.6754334647198,432.6754334647198,417.4448978910489,423.2077941894531,18947096,0.0,0.0,SBIN.NS,-0.029168000880406053,-0.029601844074649046,0.09451132405528595,452.99425201416017,448.8481695556641,453.01209716796876,,447.14891728463704,452.0141507001562,452.99425201416017,482.76401040975315,423.2244936185672,0.13143547964781863,32.65364200854354,-7.224656642238983,-3.6262889749851306,-3.5983676672538527,13.446784196999431,23.026242287793824,29.92440773469865,-0.14411244657597097
2022-05-13,429.4281520147374,436.33448329892656,402.26014471845485,406.7424011230469,61403008,0.0,0.0,SBIN.NS,-0.03890616688178328,-0.03968323365645494,0.05192808382758951,449.8749664306641,448.1474737548828,452.6782147216797,,443.3006776501999,450.2387879716422,449.8749664306641,485.1004546372771,414.64947822405105,0.15660123738866483,26.808108267786082,-9.49679601588889,-4.800390383165883,-4.696405632723007,14.750300357274726,25.349278782085072,30.62173044461729,-0.17741175056152744
2022-05-16,407.0625191154061,422.15584847586496,401.43682920968183,416.2099914550781,27940958,0.0,0.0,SBIN.NS,0.02327662497416183,0.02300985606081443,0.07641341933463308,447.0072326660156,447.63155639648437,452.56112701416015,,440.7206122982835,448.9043253631495,447.0072326660156,483.43052493087487,410.5839404011564,0.16296511377511935,34.1119482323362,-10.413487224986568,-5.923009751530021,-4.490477473456547,15.540903124608908,26.5049275249779,30.69852251730415,-0.15826467237119585
2022-05-17,419.2286397659697,429.6110262963001,417.261938826114,427.46136474609375,16880698,0.0,0.0,SBIN.NS,0.027032924538117342,0.02667398937910435,0.10551202207132304,445.0771148681641,447.50440673828126,452.7266961669922,,439.4578268171226,448.0634249467944,445.0771148681641,481.33932127581267,408.8149084605155,0.16294797102021202,41.57380091057522,-10.115474921435293,-6.761502785511075,-3.3539721359242183,15.638911729189264,27.865098017213647,30.802024145236672,-0.13551010477833886
2022-05-18,428.01024663727935,428.650580899491,418.13098718174103,418.9542541503906,15644497,0.0,0.0,SBIN.NS,-0.019901472500926998,-0.020102174106791822,0.08351070496462643,442.61644744873047,447.33243469238283,452.8364663696289,,437.5051056107672,446.9218888371315,442.61644744873047,478.9602349076647,406.27265998979624,0.16422248955465685,38.06375451819813,-10.44534333601456,-7.498270895611773,-2.9470724404027866,15.49843336157828,26.698302623997684,30.64245336202266,-0.15271472665542202
2022-05-19,410.76724282787416,411.6362638846456,406.5594277964166,409.3493957519531,14201420,0.0,0.0,SBIN.NS,-0.022925792740583262,-0.023192675617570595,0.05867036311040419,439.7898803710938,447.0680725097656,452.7600848388672,,434.8236094337373,445.44845773575196,439.7898803710938,477.29024283893466,402.2895179032529,0.1705376323629737,34.520045489590444,-11.35095152923816,-8.26880702233705,-3.082144506901109,15.501700409020694,27.050016029808766,30.70398240051296,-0.17213941322426826
2022-05-20,416.0727953538191,424.44272717067,415.43246110768746,422.9791259765625,13596860,0.0,0.0,SBIN.NS,0.03329607998949724,0.0327537705500483,0.09391993620303829,437.3246383666992,447.4723913574219,452.76557373046876,,433.69556339019687,444.5673074706857,437.3246383666992,472.22299943590355,402.4262772974949,0.1595993365456892,42.675820804970925,-10.84384611821389,-8.783814841512418,-2.060031276701471,15.371022371403305,29.16004391709,31.23157321801565,-0.1445749009068314
2022-05-23,423.6194190471002,431.2118093744921,420.3263236594132,421.6069641113281,13499415,0.0,0.0,SBIN.NS,-0.0032440415636737496,-0.0032493148741545067,0.09037121446266427,435.5088638305664,447.8492669677734,452.8017056274414,,432.5442682207808,443.6669018487501,435.5088638305664,469.66589631201896,401.3518313491138,0.15686033198507426,42.10720869413496,-10.432424920840788,-9.113536857378092,-1.3188880634626958,15.16846892708972,28.93767361658184,31.234900943788823,-0.1473499354828994
2022-05-24,422.9791331929813,427.0040156085421,420.9667059431366,422.6589660644531,17175179,0.0,0.0,SBIN.NS,0.002495219582870023,0.002492111691327635,0.09309193006958938,434.0132522583008,448.03861938476564,452.83829620361325,,431.60281087255913,442.8430612297581,434.0132522583008,467.6399903201393,400.38651419646226,0.15495719490991827,42.737154274890656,-9.90727795887932,-9.272285077678339,-0.6349928812009811,14.361528874018088,28.947038375508644,30.934235816511496,-0.14522238634458087
2022-05-25,428.27954538016223,431.48468563956214,419.9647793082008,421.8692932128906,12728644,7.1,0.0,SBIN.NS,-0.0018683452025529679,-0.0018700927364545415,0.09104965700609458,431.9864807128906,447.90116455078123,452.83817474365236,,430.675809190686,442.02056052321433,431.9864807128906,463.20841023296316,400.7645511928181,0.14455049365687644,42.36450861955265,-9.44592842460247,-9.307013747063166,-0.13891467753930442,14.181423989616016,28.901489454408786,30.921545538093948,-0.14681940599830362
2022-05-26,424.4240910264561,436.7336436826211,420.3828359935606,435.6188049316406,17055257,0.0,0.0,SBIN.NS,0.032591876061980773,0.03207202597360269,0.12660901220470389,431.02451782226564,448.0085125732422,453.03775115966795,,431.1465706898245,441.7695112843291,431.02451782226564,460.41094238801196,401.6380932565193,0.13635616235577538,50.46365378256695,-7.879999183150801,-9.021610834280693,1.1416116511298924,14.362718285120861,30.74634831416664,31.386903271875365,-0.1190126498201131
2022-05-27,437.9413722079097,441.28586018700094,434.3181887103641,435.665283203125,10977001,0.0,0.0,SBIN.NS,0.00010669482345160297,0.00010668913196375855,0.12672921555436,429.59607086181643,447.8460266113281,453.26249053955075,,431.5769242625198,441.5301297909486,429.59607086181643,454.64239538091545,404.5497463427174,0.11660406701976285,50.488981637977,-6.559623314964597,-8.529213330417473,1.9695900154528765,14.197217448061688,30.751118882473037,31.383732083425038,-0.11891865303032258
2022-05-30,439.42780339092343,443.0509867972028,437.662665664944,440.91424560546875,9365470,0.0,0.0,SBIN.NS,0.012048153949178575,0.011976152686974738,0.14030422260239606,428.9423309326172,447.7757122802734,453.4596789550781,,432.46619296184826,441.50597746994936,428.9423309326172,451.90361954704076,405.98104231819366,0.10706002629537886,53.38755633473165,-5.031666607623549,-7.829703985858688,2.798037378235139,14.133449796245982,30.846097006788863,31.44165215271973,-0.10830324932028224
2022-05-31,440.35687050683106,442.586519877066,431.99566410480264,434.8756408691406,15441579,0.0,0.0,SBIN.NS,-0.013695644439965515,-0.01379029497188271,0.12468702141624233,428.229069519043,447.45839111328127,453.50180572509765,,432.69566419111425,441.24596426991764,428.229069519043,449.3619676172873,407.09617142079867,0.09869903564454094,49.77711584025162,-4.258920657959436,-7.115547320278838,2.8566266623194023,13.886984075606907,30.769867096862903,31.458544361489537,-0.12051561096586423
2022-06-01,434.78267534704867,438.4987665893312,431.71691141277614,435.0613708496094,9424008,0.0,0.0,SBIN.NS,0.0004270875694429854,0.0004269963935061482,0.12516736126260297,428.0442138671875,446.9773858642578,453.42961669921874,,432.9209695871614,441.0034311946115,428.0442138671875,448.85147680437103,407.236950930004,0.09722015746550675,49.88936423908273,-3.590142144447782,-6.410466285112627,2.8203241406648454,13.051552828482638,30.71599758338761,31.377911943138464,-0.12013999411578861
2022-06-02,433.7607749847262,438.82396099779396,433.0640078279661,436.50140380859375,9370989,0.0,0.0,SBIN.NS,0.0033099536191232293,0.0033044877804369326,0.12889161304213337,427.9153518676758,446.73191345214843,453.29041564941406,,433.26196332253585,440.8268811010422,427.9153518676758,448.46520763073244,407.3654961046191,0.09604635904444618,50.80738710529949,-2.9103826497325826,-5.710449558036619,2.8000669083040366,11.029096727722361,30.746969208449087,31.23251097330907,-0.11722769830499039
2022-06-03,439.66007813288394,441.7503796137059,430.6021050493222,431.5311279296875,11306291,0.0,0.0,SBIN.NS,-0.011386620605430497,-0.011451944522353078,0.11603735253977021,427.35731353759763,446.33032165527345,453.10791442871096,,433.0971218565503,440.4623417609891,427.35731353759763,446.79362358553044,407.9210034896648,0.09096046531667865,47.56822084119393,-2.741130037093683,-5.116585653848032,2.3754556167543495,10.34547210616526,30.491271345396587,31.256505876002954,-0.12727949158537405
2022-06-06,431.25244480314507,432.5530712027392,424.0989570780838,430.7879333496094,10661432,0.0,0.0,SBIN.NS,-0.001722227046849878,-0.0017237117847991132,0.11411528282593153,427.1303009033203,445.96966552734375,452.9220980834961,,432.8771991416035,440.082953195837,427.1303009033203,446.27854173787944,407.98206006876114,0.08965995057743888,47.08483474749808,-2.636572941988618,-4.62058311147615,1.984010169487532,9.992120626410506,29.348331276310937,31.135104208658436,-0.12878251444930627
2022-06-07,429.0692421203595,432.8782417701939,427.81505550557466,430.50921630859375,7672515,0.0,0.0,SBIN.NS,-0.0006469936120272468,-0.0006472030027154118,0.1133944573548813,426.92136840820314,445.6683825683594,452.62006591796876,,432.6516769670311,439.70751253359214,426.92136840820314,445.81185096710374,408.03088584930254,0.08849630848572736,46.89238151672995,-2.546842412719627,-4.205834971724846,1.6589925590052186,9.602377236901166,29.201485689454458,31.010103740060636,-0.129346186597144
2022-06-08,433.48208961754125,441.7968275387451,430.32341743653836,437.8484802246094,17168871,0.0,0.0,SBIN.NS,0.01704786712569417,0.016904182945723614,0.13237545812235174,427.0176528930664,445.4480224609375,452.37038665771485,,433.14661061060997,439.6346093057889,427.0176528930664,446.11975987056684,407.91554591556593,0.08946752832386533,52.40865512208204,-1.8620485242629456,-3.7370776822324663,1.8750291579695206,9.536561790346363,28.90799691371618,30.338910291395322,-0.11450339607377322
2022-06-09,435.66529676149,437.47687439087713,429.6266479604756,433.8072509765625,12635601,0.0,0.0,SBIN.NS,-0.009229743691182346,-0.009272601691561357,0.12192392288169729,427.54762573242186,445.0224328613281,452.04096130371096,,433.20952874070065,439.4060854497408,427.54762573242186,446.79228884355183,408.3029626212919,0.09002348254495571,49.367914214148016,-1.6266864317349246,-3.314999432132958,1.6883130003980336,9.045740422161852,28.66750009416798,29.98769782510125,-0.12267630276742472
2022-06-10,429.2085616259813,431.20595510609974,426.0498895700351,429.0692138671875,8621104,0.0,0.0,SBIN.NS,-0.010921986893278057,-0.010982069674879155,0.10967028450072824,428.6639663696289,444.5478192138672,451.6540936279297,,432.81521303846125,439.00071793669946,428.6639663696289,445.231083819114,412.09684892014377,0.07729652478043657,45.998244658149986,-1.801711269029397,-3.0123417995122463,1.2106305304828493,8.822302971551036,28.01074274048433,29.99245845726499,-0.13225842068976115
2022-06-13,421.77639544593,421.82283525019136,410.72102863648564,414.2048645019531,13426836,0.0,0.0,SBIN.NS,-0.03464324375841943,-0.035257550376596544,0.0712277063432949,428.56371002197267,443.7887255859375,451.14602447509765,,431.0427988921271,438.0283315274937,428.56371002197267,445.46897339868826,411.6584466452571,0.07889264994392015,37.3784655919426,-3.1040667317258226,-3.0306867859549618,-0.07337994577086082,9.701651226215063,28.994986545482483,30.096130617044857,-0.16231980374112162
2022-06-14,413.41518936323826,417.3635366773815,411.88230725275895,416.295166015625,11351101,0.0,0.0,SBIN.NS,0.005046540233623942,0.005033849128997859,0.07663370006272907,428.0054000854492,443.08515991210936,450.6071755981445,,429.63826242769835,437.1760505270283,428.0054000854492,445.7791860692815,410.2316141016169,0.08305402679631534,39.106581799553055,-3.922309019280817,-3.209011232620133,-0.713297786660684,9.270317161448004,28.986152341994426,30.074816403193577,-0.15809241692779114
2022-06-15,417.0848040398134,423.12345233593726,416.7596403843322,419.314453125,9920926,0.0,0.0,SBIN.NS,0.007252755630752894,0.0072265808818075365,0.08444226119311726,428.0234100341797,442.17395751953126,450.1643811035156,,428.65504249410805,436.4755957269487,428.0234100341797,445.75926906023284,410.2875510081265,0.08287331304910109,41.612955870897295,-4.277828546169587,-3.422774695330024,-0.8550538508395631,8.590137063680272,28.42805869120315,29.995726477341407,-0.1519862669640907
2022-06-16,422.84474864418956,425.2602137481273,408.9094057578501,410.2565002441406,10780703,0.0,0.0,SBIN.NS,-0.021601814135796427,-0.02183854879711221,0.06101634102582065,428.0687652587891,441.0047576904297,449.5486801147461,,426.9028003750635,435.4473959040935,428.0687652587891,445.6070928226899,410.5304376948883,0.08194163642515703,36.72876935500344,-5.23019104296111,-3.7842579648562413,-1.4459330781048685,9.260361100368868,29.01648343192298,30.178447417356658,-0.1703049020097353
2022-06-17,408.77007378472223,415.78418530109855,406.2152608235677,409.6990966796875,14326050,0.0,0.0,SBIN.NS,-0.0013586708903366995,-0.001359594720513081,0.059574769009097306,427.40476379394534,439.8792950439453,448.96765380859375,442.6210827636719,425.26435240407534,434.437658679607,427.40476379394534,446.6745316183752,408.13499596951544,0.09017104841498666,36.44528480764423,-5.961205921167675,-4.219647556118528,-1.7415583650491469,9.416305449186941,28.852531978387724,30.052798294753284,-0.17143218458722972
2022-06-20,410.16359660915805,411.97520254407925,400.1301609658986,403.84625244140625,12368534,0.0,0.0,SBIN.NS,-0.014285714285714235,-0.014388737452099556,0.04443798659468179,426.51672821044923,438.55353271484375,448.4076818847656,442.7069955444336,423.2245333600116,433.2379956898736,426.51672821044923,448.37466957868645,404.658786842212,0.10249511881959392,33.51974737903048,-6.9328979624611975,-4.7622976373870625,-2.170600325074135,9.505890149609607,28.75987438711108,30.100524850533983,-0.18326886766455502
2022-06-21,408.30554249996754,422.6589568704408,406.54040475559736,418.7570495605469,13801891,0.0,0.0,SBIN.NS,0.0369219648046728,0.03625667550430031,0.08300068917639392,426.3216323852539,437.5076922607422,448.07502899169924,442.8521406555176,422.7990587124435,432.67011544950793,426.3216323852539,448.39316508870013,404.2500996818077,0.10354404293282894,45.51840592468802,-6.425722464369869,-5.094982602783624,-1.3307398615862454,10.365236524786715,30.931333926792863,30.792238858673127,-0.15311354954158513
2022-06-22,416.8990365982563,419.17515409968314,413.0900369445457,415.8771057128906,11066447,0.0,0.0,SBIN.NS,-0.006877362066330606,-0.006901120111939106,0.07555250131884228,426.0220230102539,436.3832135009766,447.5260534667969,442.96527709960935,422.1398250934385,432.0115660480719,426.0220230102539,448.50684426782726,403.5372017526806,0.10555708410892249,43.87142117079151,-6.1848742475657446,-5.312960931740048,-0.8719133158256964,10.3884625237374,30.953054427960154,30.768987226634533,-0.15893789429045724
2022-06-23,417.13128210675404,424.05251405247765,414.3442134067089,419.3609313964844,12229833,0.0,0.0,SBIN.NS,0.008377055711258352,0.008342162910591245,0.08456246454277339,425.2091293334961,435.35036376953127,446.88110717773435,443.0965185546875,421.8751685508715,431.51546272840187,425.2091293334961,447.40680647050624,403.01145219648595,0.10440828103481414,46.39804309077112,-5.6477805844545514,-5.379924862282949,-0.2678557221716025,10.285607243836333,29.920063474991643,30.753866076112562,-0.15189227017430015
2022-06-24,423.44864119662316,427.67571254945517,421.0332042538962,422.0086669921875,10833364,0.0,0.0,SBIN.NS,0.0063137393053904756,0.006293891153610755,0.09141010920430825,424.5262985229492,434.4079748535156,446.31294921875,443.2334521484375,421.88788268813965,431.14264720933465,424.5262985229492,446.2037754637311,402.8488215821673,0.10212548441029055,48.30274314302489,-4.95140315889023,-5.294220521604405,0.3428173627141753,10.275654888716003,27.609069296328283,30.619593444008665,-0.14653753906529418
2022-06-27,427.30408395166796,431.85629038223016,425.5389178027619,428.4653625488281,9509175,0.0,0.0,SBIN.NS,0.015299912209528532,0.015184048857517791,0.10810858805972612,423.9038543701172,433.50598876953126,445.6735186767578,443.40427017211914,422.51430934153854,431.03765565402074,423.9038543701172,444.27560706485417,403.5321016753802,0.09611496798021602,52.71526887311418,-3.834318029968017,-5.002240023277128,1.1679219933091112,10.61740039767482,27.15221139997273,29.4560464186277,-0.13347963833886503
2022-06-28,426.32858071866406,432.69239291929085,425.49246582294194,431.2988586425781,13261290,0.0,0.0,SBIN.NS,0.00661312755106791,0.006591356752400855,0.11543665149299875,423.7250152587891,432.8106915283203,445.1173083496094,443.59817428588866,423.3509330844947,431.047898908474,423.7250152587891,443.7510813410282,403.69894917654995,0.09452387921920666,54.54869372284921,-2.6893790749866753,-4.5396678336190375,1.8502887586323622,10.312151611542118,26.081931762275474,28.3794637397744,-0.12774922866160235
2022-06-29,427.35054978503086,429.8589230482941,425.4925039164003,426.5144348144531,11800876,0.0,0.0,SBIN.NS,-0.011093059330560151,-0.011155046155192671,0.10306304653850562,423.29766845703125,431.9776281738281,444.44464721679685,443.75786529541017,423.65221896353836,430.87011600282614,423.29766845703125,442.658894932781,403.9364419812815,0.0914780681231892,50.955930195428934,-2.1433623748945934,-4.060406741874149,1.9170443669795558,10.139617501688122,25.6059261303307,28.326324502458633,-0.13742515821918608
2022-06-30,426.42153441913206,435.9904594718032,426.0499309091165,432.831787109375,16926328,0.0,0.0,SBIN.NS,0.01481157911494857,0.01470295892124046,0.11940115212108693,423.1141876220703,431.3166491699219,443.83241577148436,443.9447982788086,424.5264635488561,430.94704428151437,423.1141876220703,442.01257890683286,404.2157963373077,0.08932998153984283,55.15584303433336,-1.1871973997301097,-3.4857648734453415,2.2985674737152317,10.295558012842358,24.903766616537716,28.428431368031966,-0.12464906270758525
2022-07-01,430.4627752517755,435.52593315014667,427.86149406727816,433.71435546875,9405495,0.0,0.0,SBIN.NS,0.0020390562469294604,0.002036980193387999,0.12168367403313951,423.2233489990234,430.5452569580078,443.31865478515624,444.1336282348633,425.4015008745603,431.05556628885694,423.2233489990234,442.3502879380028,404.09641006004404,0.09038697408456788,55.72626712218627,-0.35413166801600937,-2.859438232359475,2.5053065643434658,9.532433287997119,23.068288004304662,28.418145284662632,-0.12286417291064361
2022-07-04,433.71435975090793,440.4962157869446,433.71435975090793,439.8459167480469,9186358,0.0,0.0,SBIN.NS,0.01413732610411289,0.01403832608211721,0.13754128191860548,423.67624816894534,430.18372619628906,442.83922424316404,444.3524301147461,426.7771595291781,431.4002859147075,423.67624816894534,443.951841412754,403.4006549251367,0.09571267368154919,59.573638020505285,0.791718242849413,-2.1292069373176976,2.9209251801671106,9.625335494680838,23.34291456457386,28.508726882788903,-0.11046381768548057
2022-07-05,441.4252524654903,445.9310194784432,437.5698128632224,438.63818359375,12003244,0.0,0.0,SBIN.NS,-0.002745809630850138,-0.0027495862810070276,0.13441781011122367,424.08269653320315,429.9050659179687,442.36509704589844,444.5155682373047,427.90678086866114,431.68412503937583,424.08269653320315,445.24169133171904,402.92370173468726,0.09978711685945559,58.495376627342495,1.584098083864376,-1.386545933081283,2.970644016945659,9.73482980146002,23.37323133246713,28.1770705374822,-0.1129063147018694
2022-07-06,441.4252250729725,446.8600147059179,440.26394644847693,445.8845520019531,12059857,0.0,0.0,SBIN.NS,0.016520149588514776,0.01638517640678531,0.15315856203013634,424.4845001220703,429.5746624755859,441.9277581787109,444.6241494750977,429.61894954802233,432.2410045281044,424.4845001220703,447.0055299104276,401.963470333713,0.106110021835336,62.84114308846247,2.764913979514972,-0.5562539505620321,3.3211679300770043,9.154188595880782,23.758178264757067,28.31661317901467,-0.09825139432171749
2022-07-07,449.64706093308615,453.59540805904817,447.4174117557896,452.2018737792969,11497832,0.0,0.0,SBIN.NS,0.014168066036331473,0.014068637032667409,0.1694965886873403,425.404231262207,429.52153869628904,441.5051110839844,444.80822525024416,431.76970423671514,433.0237837144257,425.404231262207,450.8418980267554,399.9665644976586,0.11959291842995019,66.16702877417964,4.162491544049146,0.38749514836020366,3.7749963956889427,9.02146942299251,22.24561061577831,27.004224715849556,-0.08547536052829775
2022-07-08,454.2921560795977,455.12827094195427,450.7154125751279,453.87408447265625,9057231,0.0,0.0,SBIN.NS,0.0036979295980881233,0.003691109065825938,0.17382130473751034,426.6444747924805,429.3143359375,441.1993508911133,445.0768147277832,433.87488330680475,433.8414425676896,426.6444747924805,455.0770065440054,398.21194304095553,0.13328442500212623,67.00878429358966,5.343419645145275,1.378680047717218,3.964739597428057,8.49059919361006,22.252643062156938,26.77169622195828,-0.08209351279581448
2022-07-11,450.5761264780428,456.4289596669393,450.5761264780428,453.54901123046875,7704792,0.0,0.0,SBIN.NS,-0.000716218998414897,-0.0007164756057737682,0.17298059161831314,428.61168212890624,429.3055352783203,441.14829833984373,445.33760437011716,435.74860977572513,434.61428839760254,428.61168212890624,458.80981443863374,398.41354981917874,0.14091138234839487,66.66157104520752,6.181822774602892,2.339308593094353,3.8425141815085393,7.56489410502877,22.031331525543365,26.772392330054785,-0.08275093486071843
2022-07-12,450.57610288995386,456.475403927994,448.810965064402,450.5296630859375,7364457,0.0,0.0,SBIN.NS,-0.006657159578718597,-0.006679417302689869,0.16517187263717026,430.3234069824219,429.33331115722655,440.85300201416015,445.5830685424805,437.15632913860253,435.23842073832157,430.3234069824219,461.4488085458811,399.1980054189627,0.14466050908883343,63.37675394253668,6.527383519490456,3.1769235783735743,3.350459941116882,7.677702798489812,21.714545102220654,26.60771080627934,-0.08885720826078104
2022-07-13,453.1309136197599,457.4973325339497,450.15802903756315,451.9696350097656,8208853,0.0,0.0,SBIN.NS,0.003196175616861474,0.0031910787051035562,0.16889596656594597,431.95616607666017,429.5975341796875,440.6461993408203,445.78565017700197,438.5671201739514,435.89454678818214,431.95616607666017,464.06059939698736,399.851732756333,0.14864671854055464,64.2807438269273,6.838605413032724,3.909259945305404,2.9293454677273196,7.508488716391083,21.720035873511456,26.489545299646224,-0.08594503588634499
2022-07-14,452.0625337200882,454.1992749781504,442.95809259308453,445.3271179199219,9385630,0.0,0.0,SBIN.NS,-0.014696821590017284,-0.014805889829232158,0.15171691108803542,433.7096969604492,429.7225036621094,440.40727447509767,445.99641159057614,439.2109294830915,436.26445153844645,433.7096969604492,464.6330622676612,402.7863316532372,0.14259937245549742,57.25944856451199,6.474620001512335,4.422331956546791,2.052288044965544,7.717517375826446,22.20137622371901,26.53467841262881,-0.099378738617393
2022-07-15,448.2999911595239,450.01868920290036,441.0071840415013,445.0948791503906,6945602,0.0,0.0,SBIN.NS,-0.0005215015214344865,-0.0005216375506479328,0.1511162889666411,435.4794860839844,429.7705633544922,440.1445309448242,446.17925537109375,439.7713056418819,436.61074281734625,435.4794860839844,464.6168354412886,406.3421367266802,0.13381732223172915,57.024924298656586,6.097135233076358,4.757292611852705,1.339842621223653,7.657794645209045,21.90610317363639,25.285080984626703,-0.09984841397544024
2022-07-18,450.1580570267316,456.61477784036623,447.8819678205412,455.49993896484375,9934786,0.0,0.0,SBIN.NS,0.023377172602647267,0.023108111690257352,0.17802613313953297,438.0621704101562,430.17399841308594,440.0173965454102,446.42189987182616,441.2692707202592,437.3514956074442,438.0621704101562,464.41776005897844,411.706580761334,0.12032807865671469,64.11632575268116,6.561935297328489,5.118221148947862,1.4437141483806268,7.966364044753809,22.811826217285287,25.553872671857064,-0.07880541498039738
2022-07-19,453.3631749213971,463.1643551697625,453.3631749213971,462.6069641113281,11724183,0.0,0.0,SBIN.NS,0.015602691764647902,0.015482221262999116,0.19640651178560908,440.2546661376953,430.73238037109377,440.0843664550781,446.63101608276367,443.3014319955991,438.34190613700827,440.2546661376953,467.1386261716548,413.37070610373587,0.12212913162197422,68.00040320942662,7.41825717932727,5.578228355023744,1.840028824303526,8.251708724910063,23.13428516947863,25.33279474845757,-0.06443229981507381
2022-07-20,465.4404581116844,474.3590833386211,464.8830387190893,472.50103759765625,19280117,0.0,0.0,SBIN.NS,0.021387644920855653,0.021162138938211037,0.22199482944067928,443.0858627319336,431.4639453125,440.24753204345706,446.92161880493165,446.08234681484265,439.6814799197788,443.0858627319336,471.06442311672225,415.107302347145,0.1262895647912632,72.46823658867686,8.793896912801756,6.2213620665793465,2.5725348462224096,8.381108058096222,23.404009501693604,24.815014953208138,-0.04442271004409702
2022-07-21,473.6158751794091,476.9603917266901,470.7823666026297,475.7061767578125,13814893,0.0,0.0,SBIN.NS,0.006783348405862144,0.0067604450141838645,0.2302840461189375,445.903125,432.5139129638672,440.6810412597656,447.2344218444824,448.90366395226835,441.0942131291134,445.903125,475.14178877628933,416.66446122371065,0.13114356969931235,73.74699337807284,10.0271425980971,6.982518172882898,3.0446244252142023,8.274935632467074,23.156725898282026,24.829651705959645,-0.03794069635759662
2022-07-22,477.0067884794819,483.27769264870454,474.916487089741,477.2390441894531,14699129,0.0,0.0,SBIN.NS,0.003222298777131538,0.003217118298144515,0.23424838889627098,448.6646438598633,433.9238458251953,441.03565979003906,447.5022912597656,451.602271593905,442.5116574844209,448.6646438598633,478.81949827207137,418.50978944765524,0.13442046225343615,74.36034358313277,11.00137131932155,7.786288802170629,3.21508251715092,8.387746006807712,22.76777654323234,24.30020137121878,-0.03484065383994167
2022-07-25,476.9603377702131,482.16284287336737,473.01196243947317,481.0480041503906,10229778,0.0,0.0,SBIN.NS,0.00798124128214761,0.007949559636872394,0.24409922309015397,451.2937759399414,435.2206060791016,441.42608123779297,447.7821160888672,454.40662707547506,444.02288676543935,451.2937759399414,483.15423406029987,419.4333178195829,0.14119608919489512,75.86900305975723,11.943132834893277,8.61765760871516,3.325475226178117,8.444151279570097,19.6799116071344,24.3287697037618,-0.027137484222518483
2022-07-26,480.95516288809955,483.8351111742268,476.6816235598744,477.7035827636719,8862656,0.0,0.0,SBIN.NS,-0.006952365164939245,-0.006976645458051286,0.2354497909898141,453.61401214599607,436.22545043945314,441.8649285888672,448.07952178955077,456.62538476006523,445.34369837321316,453.61401214599607,486.0961789715229,421.13184532046927,0.14321500639655016,71.87022503700626,12.27808464860982,9.349743016694092,2.9283416319157283,8.367841029726135,19.986202335545897,24.261069865722188,-0.03390117968748505
2022-07-27,478.7254522151504,492.33565933474154,475.8919439286603,490.7098693847656,15101546,0.0,0.0,SBIN.NS,0.02722668845363918,0.026862635366077997,0.2690869975492074,456.8237838745117,437.66056274414063,442.4964987182617,448.4387573242187,459.8715261528938,447.122763903078,456.8237838745117,490.6883620452315,422.95920570379195,0.14826101164654892,76.95677381666758,13.438128624587705,10.167420138272815,3.2707084863148896,8.991616697510864,21.02177830675607,24.483234306858275,-0.0075975080914078355
2022-07-28,495.35500078827533,499.3497877496615,491.9640446646601,494.6582336425781,12160734,0.0,0.0,SBIN.NS,0.008046229562822527,0.008014031259047451,0.2792983628666814,459.91510620117185,439.36673950195313,443.2174060058594,448.81727722167966,463.1845459138161,448.9868999712937,459.91510620117185,495.78636743136207,424.04384497098164,0.15599079372052518,78.24296419707903,14.50882314912991,11.035700740444234,3.4731224086856756,9.293549554515831,19.41483110784146,24.189492663718486,0.0
2022-07-29,497.07367724099106,498.885283185348,489.3627987297617,490.8492126464844,11921058,0.0,0.0,SBIN.NS,-0.007700308489853258,-0.0077301089456469725,0.26944737082204373,462.77184906005857,440.72414123535157,444.0982662963867,449.12529769897463,465.81927607883216,450.6285592918895,462.77184906005857,498.95637635252956,426.5873217675876,0.15638171321771543,73.95444746197703,14.878490139904727,11.804258620336332,3.0742315195683947,9.555667502136528,19.717626443220684,24.219174797815445,-0.007700308489853236
2022-08-01,491.49954787978527,497.0272454076405,489.03767124679666,495.865966796875,8295631,0.0,0.0,SBIN.NS,0.010220560655159305,0.010168683898702974,0.282421834674063,465.5728515625,442.2093212890625,445.029294128418,449.3955130004883,468.6808656710267,452.4025752724772,465.5728515625,502.9386958847167,428.20700724028325,0.16051556355493646,75.83322214553253,15.39875674421927,12.52315824511292,2.8755984991063492,9.578891451940232,18.77074045316972,24.23621226824768,0.0
2022-08-02,494.14730280546866,506.2246004960406,493.4040391236026,503.623291015625,16845027,0.0,0.0,SBIN.NS,0.01564399401890726,0.015522888164320476,0.30248403418542,468.8221069335938,443.82860778808595,445.9336135864258,449.7104608154297,472.0087157038456,454.41123079181637,468.8221069335938,507.6013374673137,430.0428763998738,0.1654326020902117,78.42482931373902,16.249706508705344,13.268467897831407,2.9812386108739375,9.97040987165819,16.71744357044951,24.312371869610324,0.0
2022-08-03,503.4375555855905,507.61815882985996,496.7021392476007,502.4620361328125,24262125,0.0,0.0,SBIN.NS,-0.0023058005924838643,-0.0023084630441791965,0.29948076572769455,471.6509811401367,445.4404626464844,446.67081359863283,449.97889587402346,474.9090319351758,456.2955760993064,471.6509811401367,511.621099580101,431.68086270017244,0.16949023764709764,77.09204376508067,16.63858748443215,13.942491815151557,2.6960956692805933,9.947183957172001,16.45660136378544,24.29973566728072,-0.002305800592483861
2022-08-04,505.0633506418616,505.3884859939053,486.9938428810629,495.4014892578125,18072293,0.0,0.0,SBIN.NS,-0.014051901173154024,-0.014151563871582472,0.28122059043127456,473.8109619140625,446.6361163330078,447.322314453125,450.1784112548828,476.86069453733165,457.8291413212086,473.8109619140625,514.0239678445542,433.5979559835707,0.16974282641348176,69.37253397873273,16.190418270435316,14.39207710620831,1.798341164227006,10.617408096560812,17.47215215608643,24.3423654090554,-0.016325300883587246
2022-08-05,497.5382080751771,504.3665604850358,491.45311935571334,493.35760498046875,21110734,0.0,0.0,SBIN.NS,-0.004125712824169736,-0.004134247058611929,0.27593464221074204,475.78513793945314,447.7899627685547,447.81799468994143,450.4123010253906,478.4318288652495,459.2224144058855,475.78513793945314,515.7530264232549,435.81724945565134,0.16800814189739563,67.2725278811591,15.491737453636176,14.612009175693885,0.8797282779422915,10.716946842228444,17.697088611406514,24.336464498959696,-0.02038366020454315
2022-08-08,486.807960466485,486.807960466485,477.3783561082888,483.4635009765625,32566317,0.0,0.0,SBIN.NS,-0.020054629550704806,-0.020258453310793158,0.2503462456302945,477.28086242675784,448.64094787597656,448.208330078125,450.54320785522464,478.9110357329936,460.1730452517944,477.28086242675784,515.9632958528462,438.5984290006695,0.1620950533378003,58.103192741538834,13.978520682856526,14.485311477126414,-0.5067907942698877,11.158237458215199,18.8843282650348,24.58891321393078,-0.04002950300095839
2022-08-10,484.53187490892833,486.34348087745,476.9603724089837,478.1680908203125,16904151,0.0,0.0,SBIN.NS,-0.010953071215414667,-0.011013497742420175,0.23665111415797946,478.66278381347655,449.506796875,448.48259399414064,450.6336877441406,478.840279074643,460.87873331330496,478.66278381347655,515.2386947487714,442.0868728781817,0.15282538008865812,53.87102245510019,12.211226725389736,14.03049452677908,-1.8192678013893442,10.989022404013298,19.361587059878605,24.665346543345922,-0.05054412821928592
2022-08-11,483.0919322631313,488.66606994309046,480.4906793530958,487.5047912597656,13862195,0.0,0.0,SBIN.NS,0.01952597971026404,0.019337793503438866,0.26079793872170365,480.4395416259766,450.5556652832031,448.76652557373046,450.7708511352539,479.6654707113213,461.9228924484603,480.4395416259766,514.9498193465996,445.9292639053535,0.1436612715257705,59.475774046989955,11.432243440773732,13.510844309578012,-2.07860086880428,11.297590546778837,19.387663428304037,24.385047247601296,-0.03200507213110463
2022-08-12,488.3873259134069,494.05434264419563,487.8763746840825,493.0324401855469,12154012,0.0,0.0,SBIN.NS,0.011338655588383428,0.011274854856496135,0.2750936923154128,482.82480773925784,451.6862860107422,449.2090997314453,450.9194160461426,480.9385154231523,463.14287471265976,482.82480773925784,513.4978386902716,452.15177678824404,0.12705656569153867,62.38934219230349,11.132598976071051,13.03519524287662,-1.9025962668055687,11.168186677169299,19.253392967341494,24.41764998419597,-0.02102931103269714
2022-08-16,495.4478629776831,495.95881419262287,487.7369848436232,488.61956787109375,10721167,0.0,0.0,SBIN.NS,-0.008950470506144392,-0.008990766593448819,0.263681003829773,485.001042175293,452.8280548095703,449.57918823242187,451.0182453918457,481.67004422771817,464.14196071887284,485.001042175293,510.06633476099097,459.935749589595,0.10336180917581901,58.757402462793074,10.41894356723293,12.511944907747882,-2.0930013405149523,11.101825885391118,19.631284421803905,24.44658220956043,-0.029791559310678815
2022-08-17,491.31375335391226,492.8931036739318,487.1331501731273,490.6634826660156,12054183,0.0,0.0,SBIN.NS,0.004183039176730352,0.004174314590082845,0.26896703097568286,486.75921936035155,454.02556579589844,449.99761566162107,451.0971076965332,482.5265621742227,465.1820204030745,486.75921936035155,507.70627864562067,465.81216007508243,0.08606743725489399,59.92117815588255,9.904124771102943,11.990380880418895,-2.0862561093159524,11.00228773442341,19.39763115498089,24.4138914029639,-0.02573313939368085
2022-08-18,489.45571197812444,496.8414556724269,488.8518810905393,494.5653381347656,9013662,0.0,0.0,SBIN.NS,0.007952202694093469,0.007920750562700902,0.2790581140181234,488.3571380615234,455.3066882324219,450.48753540039064,451.27689178466795,483.67311226570297,466.33430737294475,488.3571380615234,506.1911021898697,470.52317393317713,0.07303656581794266,62.118738357260085,9.699168318410216,11.53213836801716,-1.8329700496069439,10.398420532695294,19.335320045899888,24.443991858528552,-0.01798557184000124
2022-08-19,494.24016170944896,495.7730721102587,481.6983530946415,483.4170227050781,11087222,0.0,0.0,SBIN.NS,-0.022541643277575685,-0.022799589848591206,0.25022604228063816,488.9029373168945,456.21805908203123,450.8330407714844,451.397275390625,483.6487227837387,467.0042177781265,488.9029373168945,505.3042831846123,472.5015914491767,0.06709448692506773,53.15140460852936,8.53873376058857,10.933457446531442,-2.3947236859428713,10.786620579175386,20.43450573854789,24.748454392635285,-0.04012179077301644
2022-08-22,482.16288711456264,482.9990304092793,473.80168097962803,475.0093994140625,9676954,0.0,0.0,SBIN.NS,-0.017392071226554506,-0.01754509010301731,0.22848202190400002,488.868098449707,457.04210205078124,451.0322674560547,451.41364654541013,482.82593008186484,467.31814646973186,488.868098449707,505.38999031324585,472.3462065861682,0.06759243205246103,47.57369073403815,6.861560283119218,10.119078013848998,-3.2575177307297807,10.793253241308516,20.94660617038076,24.922949699291607,-0.056816060956709706
2022-08-23,472.1759006018143,486.80801163866346,472.1759006018143,484.8570861816406,8597965,0.0,0.0,SBIN.NS,0.020731561901144557,0.02051958776872735,0.2539503729855461,489.2490005493164,458.1578594970703,451.35283935546875,451.45181381225586,483.01937351993877,468.00594802706166,489.2490005493164,504.97409222707876,473.52390887155406,0.06428257047068718,53.70210851308976,6.254911514046967,9.346244713888593,-3.0913331998416265,11.26772016102318,21.655747066043986,25.147159256697243,-0.0372623847402684
2022-08-24,482.16289382103946,485.87898548825365,475.9384289378439,482.44158935546875,11930650,0.0,0.0,SBIN.NS,-0.0049818738242941585,-0.004994324727460663,0.2477033504454056,489.3186798095703,459.5225939941406,451.65565979003907,451.4506898498535,482.9643464566559,468.57205160856785,489.3186798095703,504.9024791945753,473.73488042456535,0.06369591036691982,52.0935388701147,5.5156466460017555,8.580125100311227,-3.064478454309471,11.062005530878306,21.74237636784591,25.117436685345705,-0.04205862206539428
2022-08-25,484.9034750151943,490.8027472747405,481.6983349272375,483.4635009765625,15473450,0.0,0.0,SBIN.NS,0.002118207973029529,0.0021159677334920716,0.25034624563029473,489.60667572021487,460.8659606933594,451.9755603027344,451.4418688964844,483.01188498236127,469.1560300151559,489.60667572021487,504.4835325078727,474.729818932557,0.060770645195039046,52.738520570685964,4.955114167637646,7.85512291377651,-2.900008746138864,10.93260501411,21.581612625964254,24.96941589555558,-0.04002950300095839
2022-08-26,486.6221618652344,491.91760349846345,485.13574797309,486.6221618652344,12855886,0.0,0.0,SBIN.NS,0.00653340093366217,0.0065121507767608895,0.2585152589588966,489.4022903442383,462.21211486816406,452.19303619384766,451.4817723083496,483.35572087596825,469.8409763622179,489.4022903442383,504.3275704984147,474.4770101900619,0.060993912160395375,54.765714895817126,4.711454955848865,7.226389322190982,-2.514934366342117,10.222566400471326,21.613374843099066,24.980822818525475,-0.03375763085957667
2022-08-29,475.0094140125052,480.3048560679867,472.6404168754124,478.30743408203125,9421339,0.0,0.0,SBIN.NS,-0.01708661962976077,-0.017234280347018512,0.23701148743081601,488.5847503662109,463.57313354492186,452.2889456176758,451.4531167602539,482.87493165749805,470.1729943120145,488.5847503662109,504.07826279250907,473.0912379399128,0.06342200576127364,48.828397611987995,3.8035789416180705,6.5418272460764,-2.7382483044583292,10.298873819078434,21.789512813797725,25.138956485862547,-0.050267446691237956
2022-08-30,481.41962920595967,494.7046439855239,481.187373504558,493.5433654785156,14835308,0.0,0.0,SBIN.NS,0.03185384610574826,0.03135703503947595,0.27641506098248003,488.7194580078125,465.2500189208984,452.56465698242187,451.5223661804199,483.89097297378544,471.0894794557989,488.7194580078125,504.3421780090926,473.09673800653235,0.06393328419933872,57.84659632345455,4.2643363758676855,6.0863290720346575,-1.821992696166972,10.328728178457911,23.365939242632976,25.589408080446642,-0.020014812096521253
2022-09-01,485.18221468066645,502.50851463100315,485.18221468066645,495.4479064941406,16670228,0.0,0.0,SBIN.NS,0.0038589132158193262,0.0038514867095798396,0.2813406359301762,488.6985549926758,467.0820520019531,452.81779235839844,451.6688298034668,484.99163330905736,472.04471188867507,488.6985549926758,504.28208373685123,473.1150262485003,0.06377562849314751,58.82348785676334,4.728661439550535,5.814795545537833,-1.0861341059872975,10.89609899859151,22.59925659230203,25.049731057950186,-0.01623313430361332
2022-09-02,498.88529342761575,499.67494020526334,493.5434117940799,498.6065979003906,10017930,0.0,0.0,SBIN.NS,0.0063754258820092335,0.0063551888221281185,0.28950972818415566,488.4477203369141,468.67904296875,453.0933676147461,451.82308288574217,486.28829660347003,473.0863544773698,488.4477203369141,503.15671119276647,473.7387294810617,0.060227493111060675,60.46011826634395,5.290536385788641,5.709943713587995,-0.4194073277993535,10.584209662049046,22.305021309753467,24.972970645208953,-0.00996120156618954
2022-09-05,498.88528551064644,502.4155611066096,498.23495815540304,500.65045166015625,7819994,0.0,0.0,SBIN.NS,0.0040991309950013655,0.004090752446252592,0.29479559747931106,488.3571411132813,470.3745098876953,453.3788616943359,452.00950927734374,487.65612089458295,474.16729946493007,488.3571411132813,502.7210210288952,473.9932611976673,0.05882530921067067,61.52572941911615,5.833503251730974,5.734655621216591,0.09884763051438306,10.41499905967594,21.590734246098283,24.7357397957337,-0.005902902841275697
2022-09-06,499.81432544404555,504.1807444604695,496.19111341480766,499.6285095214844,8657868,0.0,0.0,SBIN.NS,-0.002041228835973463,-0.002043314982906143,0.2921526233690448,488.56849212646483,471.9798614501953,453.6651126098633,452.2431948852539,488.7963483828593,475.16577829067734,488.56849212646483,503.48264993277655,473.6543343201531,0.061052474920757785,60.64564529859389,6.110903523082584,5.80990520158979,0.30099832149279404,10.398413466580381,21.573032923201357,24.56740717687987,-0.007932082501753649
2022-09-07,496.46984649081065,499.30335491557975,493.8220972783756,495.0298156738281,8445359,0.0,0.0,SBIN.NS,-0.009204226260148052,-0.009246846878803412,0.2802593582609123,488.6521026611328,473.44028442382813,453.9241296386719,452.4399374389648,489.39001193438014,475.94476014884015,488.6521026611328,503.69747806681545,473.60672725545015,0.06157908795950159,56.714201176883336,5.891752619364581,5.826274685144749,0.06547793421983261,10.401731948173543,21.797591092618067,24.405070616315616,-0.017063300079841345
2022-09-08,497.95623936941655,507.5251632256435,497.4917279520944,505.9923095703125,12240707,0.0,0.0,SBIN.NS,0.02214511843405309,0.021903476255108238,0.3086108533759051,489.77854309082034,474.99082336425784,454.2484060668945,452.6656507873535,490.9711831378023,477.12309542027043,489.77854309082034,506.471495291608,473.0855908900327,0.06816530628493564,62.89012008411823,6.527411650993258,5.966502078314451,0.5609095726788071,10.723572874596954,22.547829719296004,24.351751544799388,0.0
2022-09-09,510.63742890591453,517.4657241283614,509.10451853203244,514.0747680664062,18587927,0.0,0.0,SBIN.NS,0.015973480907164994,0.01584724734631508,0.329513923857214,491.573876953125,476.6463415527344,454.7285165405273,453.0113595581055,493.1715245595741,478.5721806220797,491.573876953125,510.5733178046772,472.57443610157287,0.0773004496061286,66.6663452572331,7.595803175165713,6.292362297684704,1.303440877481009,10.53776541334208,22.75405406038209,24.38820411851873,0.0
2022-09-12,515.5147705078125,518.9521094794106,512.1238146322019,515.5147705078125,9677415,0.0,0.0,SBIN.NS,0.0028011537053695967,0.0027972377853538242,0.33323809671136706,492.97437591552733,478.42634826660156,455.20198822021484,453.33385284423827,495.29945274512056,480.0209096372065,492.97437591552733,514.651577396071,471.2971744349837,0.08794453642863637,67.30469423295327,8.46117219170742,6.726124276489248,1.7350479152181713,10.338690636324843,21.51977528457629,24.02686916836814,0.0
2022-09-13,520.2528211805555,520.2528211805555,514.4464280870226,518.394775390625,16707275,0.0,0.0,SBIN.NS,0.005586658322079829,0.00557111082529927,0.3406864424196734,494.24249267578125,480.1376080322266,455.72712860107424,453.67028884887696,497.49900728278766,481.5257671177327,494.24249267578125,518.7204569435391,469.7645284080234,0.09905244745443285,68.59984894333306,9.27248822447342,7.235397066086083,2.0370911583873372,9.708282211802258,21.468827599690126,24.03388026683867,0.0
2022-09-14,510.9625172083379,534.0487100773495,510.26575013941743,531.1687622070312,21632641,0.0,0.0,SBIN.NS,0.024641426616965223,0.024342723695624936,0.37372286900691787,496.3699523925781,482.08669616699217,456.3159765625,454.0824864196777,500.7056506089061,483.4725512388817,496.3699523925781,525.7045785678292,467.035326217327,0.11819662344126106,73.59588713396423,10.821472802741653,7.952612213417197,2.8688605893244556,10.697025310910997,22.275724406434293,24.310412088085855,0.0
2022-09-15,531.9120414407419,537.4397389468393,527.5921190475323,531.5404663085938,12749947,0.0,0.0,SBIN.NS,0.0006997853187338254,0.0006995405831559217,0.3746841801026579,498.413801574707,483.92058715820315,457.0521566772461,454.58824600219725,503.6422997231621,485.3575675161253,498.413801574707,531.5270879963198,465.30051515309424,0.1328746768929489,73.72688407889981,11.941394690652032,8.750368708864164,3.1910259817878686,10.750111564611283,22.168164426104557,24.10348897846008,0.0
2022-09-16,528.7069045918777,533.2591394390437,520.5315144916118,521.925048828125,14739280,0.0,0.0,SBIN.NS,-0.01808971863844211,-0.018255337977143283,0.34981653006788327,499.781787109375,485.5863244628906,457.7456951904297,455.0706266784668,505.3835139236348,486.79158639110574,499.781787109375,534.4497357283893,465.1138384903606,0.13873234084629596,64.77431119432651,11.915700248941562,9.383435016879645,2.532265232061917,11.055363166434919,22.570863765175577,24.337073667885566,-0.018089718638442057
2022-09-19,520.903158514852,533.6307837600242,519.8347594839756,531.6333618164062,11194003,0.0,0.0,SBIN.NS,0.018600971557274804,0.018430089284204084,0.37492442895121525,502.1926040649414,487.3013006591797,458.4379815673828,455.62235931396486,507.8834994372321,488.55008738817634,502.1926040649414,538.7247619862346,465.6604461436482,0.14549062501354176,68.88280581936199,12.534230138416603,10.013594041187037,2.5206360972295663,11.042097401165393,23.089000133251734,24.492122830212143,0.0
2022-09-20,536.928815145089,536.928815145089,532.1907641678022,533.3056030273438,8484017,0.0,0.0,SBIN.NS,0.003145478314649175,0.003140541647146607,0.37924922392676264,505.10741424560547,488.92337524414063,459.22245697021486,456.1149906921387,510.30465216009986,490.30520564853583,505.10741424560547,541.8096668450298,468.40516164618117,0.14532454509399886,69.54177879068298,13.009391257955656,10.612753484540761,2.396637773414895,10.249114788678968,22.58349994513438,23.905461509388452,0.0
2022-09-21,534.1880915559465,536.3248325815604,525.2694956651019,529.2642822265625,9392526,0.0,0.0,SBIN.NS,-0.007577870507717188,-0.007606728448696976,0.36879745190997615,507.32777404785156,490.4311791992188,459.87275756835936,456.57963989257814,512.1103312140486,491.8330125731643,507.32777404785156,544.2441558737944,470.4113922219087,0.14553266631312345,65.90914247348505,12.911028752028415,11.072408538038292,1.8386202139901222,9.801188857687666,22.694174638718938,22.916503659017067,-0.00757787050771721
2022-09-22,526.5237167258603,533.2591325992832,522.1108580501693,527.03466796875,11869435,0.0,0.0,SBIN.NS,-0.004212667154550376,-0.004221565435952513,0.36303116384308276,509.55742797851565,491.90089233398436,460.6032138061523,457.0507499694824,513.5316966192582,493.213469647501,509.55742797851565,545.5194072293268,473.5954487277045,0.14114985780298517,63.925154648418896,12.508968913404885,11.35972061311161,1.1492483002932747,10.159527867539841,21.77534736904861,22.689443522831823,-0.011758614616078251
2022-09-23,524.7120943058618,527.6849787662827,510.49805604238094,511.51995849609375,12563239,0.0,0.0,SBIN.NS,-0.029437739897551052,-0.029879725826487357,0.3229066069696138,510.9602508544922,493.1206982421875,461.22700469970704,457.4801902770996,513.3401025122902,493.93137117097524,510.9602508544922,544.7602945464348,477.1602071625496,0.1323000904098426,52.159295251079854,10.813771772352254,11.250530844959739,-0.4367590726074848,11.088550708446645,23.40082543520439,22.942840597692317,-0.04085020747500566
2022-09-26,507.0607165629026,510.0336013540301,495.16923410145364,504.7381591796875,16158750,0.0,0.0,SBIN.NS,-0.013258132363681785,-0.013346806037552658,0.30536733606962163,511.86605072021484,494.17606872558594,461.88680145263675,457.8235809326172,512.520869813947,494.3551667791601,511.86605072021484,543.8415887740973,479.8905126663324,0.12493713153623554,48.00035847922801,8.821393761701984,10.764703428308188,-1.9433096666062042,11.685771661945093,23.23891273561431,22.788871885680543,-0.053566742380900007
2022-09-27,505.89946118025637,511.7987912272668,495.35507285585913,498.42083740234375,11066799,0.0,0.0,SBIN.NS,-0.012516037597812724,-0.012595022944120151,0.28902930941241767,512.8717208862305,495.2379431152344,462.4802233886719,458.0674652099609,511.17800958427046,494.5146048428144,512.8717208862305,541.4924052414152,484.25103653104577,0.11160952413491951,44.44528147808525,6.655939238222572,9.942950590291066,-3.287011352068493,12.445579242537873,23.36818205449007,22.529333960769208,-0.06541233661708104
2022-09-28,495.0763361087725,501.48656022664454,483.4170531154082,487.59765625,12233485,0.0,0.0,SBIN.NS,-0.02171494516311101,-0.02195418430222351,0.2610381086448841,512.5744354248047,496.08799865722654,462.92928100585937,458.27049743652344,508.9322616476733,494.2433519568217,512.5744354248047,542.148098740645,483.0007721089645,0.11539265820516609,39.10197768371115,4.020119229176032,8.75838431806806,-4.738265088892028,12.84373349678223,24.096673510528962,22.264573599647253,-0.08570685647756114
2022-09-29,491.45309768479353,497.67756224749945,482.67382023242186,484.7176818847656,17310168,0.0,0.0,SBIN.NS,-0.005906456539154781,-0.005923968643951122,0.2535898418619551,512.0379241943359,496.672353515625,463.4231759643555,458.4314584350586,506.626111194063,493.8697962677215,512.0379241943359,543.2630195595198,480.812828829152,0.12196399481274704,37.79973670213606,1.67946321313309,7.342600097081067,-5.663136883947977,13.095899743712847,24.123403068557028,22.28568614496788,-0.09110708919382367
2022-09-30,486.8079858742602,498.7924036275781,479.5151789961069,492.93951416015625,17466950,0.0,0.0,SBIN.NS,0.016962105123586646,0.0168198549401303,0.2748533645414779,511.7545700073242,497.27900451660156,464.00569244384764,458.6650875854492,505.32262576226236,493.8333146164444,511.7545700073242,543.5897514914233,479.91938852322517,0.12441581707279499,43.57689528401861,0.48234938534562843,5.970549954733979,-5.488200569388351,13.985109014017306,24.52898740991581,22.43224735642372,-0.07569035209464664
2022-10-03,490.1524567024575,493.91504478951293,481.6983710394965,482.8596496582031,9351162,0.0,0.0,SBIN.NS,-0.02044848143108724,-0.020660446177322878,0.24878454918929238,510.8650299072266,497.4861767578125,464.4750610351563,458.84488723754885,503.18329470473293,493.4029748141605,510.8650299072266,544.9232263904189,476.80683342403427,0.1333353997214384,38.816830127150055,-1.2651489230237303,4.523410179182437,-5.788559102206167,14.442986203766123,24.368773364113853,22.73194392304522,-0.09459108076641405
2022-10-04,495.16919845499825,497.7704511963268,490.3382681050698,494.8905029296875,8745887,0.0,0.0,SBIN.NS,0.024915838960659853,0.024610500888234396,0.2798990639134531,510.62812957763674,497.86986328125,465.19188812255857,459.1019926452637,502.39350501187147,493.4613092500635,510.62812957763674,545.0790626120431,476.17719654323037,0.13493550801011403,46.34961971653496,-1.6601276908525051,3.2867026051754484,-4.9468302960279535,13.80926060377981,24.814497845632804,22.47043493661028,-0.07203205794124504
2022-10-06,496.65556752239223,503.344543040829,496.65556752239223,499.1639404296875,9507322,0.0,0.0,SBIN.NS,0.00863511721219501,0.008598047833656154,0.29095114235012454,510.8348358154297,498.3083612060547,466.116103515625,459.3971591186523,502.08592743261585,493.68494184534285,510.8348358154297,544.9395751828667,476.7300964479927,0.13352550365127974,48.762720894592675,-1.6097641591986758,2.3074092523006238,-3.9171734114992995,13.709719190339419,24.240256546402197,22.500570950354287,-0.06401894599240829
2022-10-07,497.4917419504565,497.5846215553129,489.17697600581823,492.56793212890625,11065307,0.0,0.0,SBIN.NS,-0.013214112171450743,-0.01330219537310525,0.27389236914724746,510.1636169433594,498.538759765625,466.87968292236326,459.72040496826173,501.1794516894054,493.64113754273745,510.1636169433594,545.1857210586552,475.1415128280636,0.13729753730824795,45.370640349645974,-2.078137961421703,1.4302998095561585,-3.508437770977862,13.51395772437066,24.53484865073618,22.565797690775906,-0.0763871046304173
2022-10-10,488.38733378954294,496.0053326593176,485.1357537466073,493.0788879394531,9649292,0.0,0.0,SBIN.NS,0.0010373306446047614,0.001036792988957306,0.27521381673969203,509.1138229370117,498.8462658691406,467.5358581542969,460.1312771606445,500.40796942750524,493.6190885386871,509.1138229370117,544.8928272244773,473.3348186495461,0.1405540477414703,45.68583451435741,-2.380655001508103,0.6681088473433063,-3.0487638488514093,13.304925912703643,24.531832386549528,22.422211293713946,-0.07542901267029838
2022-10-11,493.0789093889518,495.81953831354355,488.20153911237713,489.9667053222656,10825440,0.0,0.0,SBIN.NS,-0.006311733666377606,-0.006331736871672603,0.2671650067607463,507.8364196777344,498.83140258789064,468.2459826660156,460.5412245178223,499.41356332224433,493.47585782431764,507.8364196777344,544.4673133216587,471.20552603381014,0.1442625704835022,44.01986452351495,-2.8388050849808906,-0.03327393912153298,-2.8055311458593577,13.470822046452481,24.552161498904184,22.459623257847078,-0.08126465849798327
2022-10-12,492.3821085577397,497.0272227894165,488.66601717239826,495.9123840332031,8522604,0.0,0.0,SBIN.NS,0.012134862729145768,0.01206182555282312,0.2825418801729651,506.7123001098633,498.85648559570313,469.11161254882813,460.9358486938477,499.080117675669,493.5714078717249,506.7123001098633,543.358796626861,470.06580359286556,0.14464419556838146,47.92667186648829,-2.6911043690516863,-0.5648400251075636,-2.126264343944123,13.278384096492463,24.207766085977415,22.529084531166927,-0.07011593124444146
2022-10-13,495.1691671630516,495.9123740845993,483.2776863091275,484.43896484375,12972765,0.0,0.0,SBIN.NS,-0.023135980384561106,-0.023407818186458,0.2528690163909053,504.37581024169924,498.72828063964846,469.7262109375,461.2458923339844,497.68572216786714,493.21327285102,504.37581024169924,540.4105488482304,468.34107163516813,0.14288844894945743,41.856181639284465,-3.4599750897011177,-1.1438670380262743,-2.3161080516748433,13.3845571804183,23.41352659551353,22.80375803126713,-0.09162971081908594
2022-10-14,492.56798317784336,496.8879059063708,488.66607541754723,489.7809143066406,8545479,0.0,0.0,SBIN.NS,0.011027084628945083,0.01096672961909972,0.26668450906363095,502.28783264160154,498.60657958984376,470.40795043945315,461.6048280334473,496.9328833239408,493.07867055516203,502.28783264160154,536.4878196362042,468.08784564699886,0.13617684830126262,45.328346209326526,-3.59679834570926,-1.6344532995628716,-1.9623450461463885,13.046129918898231,23.621146718928436,22.85426133744123,-0.0816130347658686
2022-10-17,489.03767889540234,506.0387866822973,486.99381716787735,505.0633239746094,13485349,0.0,0.0,SBIN.NS,0.03120254224198038,0.030725637963677138,0.3062082859649511,501.44474639892576,498.63538024902346,471.2319940185547,462.035145111084,497.70721100495683,493.5486569637678,501.44474639892576,534.4157160185576,468.47377677929387,0.13150389890973846,53.82388436900696,-2.443897295328327,-1.7963420987159626,-0.6475551966123643,13.238575998882506,25.267283674211676,23.383644049829268,-0.052957026688666406
2022-10-18,508.26839542147115,523.5043933483238,507.94326009440294,522.5289306640625,20440781,0.0,0.0,SBIN.NS,0.03458102352791537,0.033996536574791174,0.35137830543426296,500.9895248413086,499.0367181396484,472.23859039306643,462.5383825683594,500.07118430582403,494.685138285348,500.9895248413086,532.420983339712,469.55806634290514,0.12547750777168268,61.23731255634927,-0.11950879008395532,-1.4609754369895613,1.341466646905606,13.381243927618701,27.116022912580984,23.884284266350118,-0.020207311346640222
2022-10-19,523.039935784048,523.4580074640971,512.4026113622147,514.121337890625,9540583,0.0,0.0,SBIN.NS,-0.0160901957385452,-0.01622104846705219,0.32963436398300217,500.03031158447266,499.4111151123047,473.02361572265625,463.0306834411621,501.40929417104314,495.4473421914373,500.03031158447266,528.3235600781534,471.7370630907919,0.11316613348509384,56.53219766726232,1.032264077284367,-0.9623275341347757,1.9945916114191427,12.880235998379138,27.580225473869362,24.00354168080754,-0.035972367490268296
2022-10-20,512.8206087382911,517.2799070388827,506.596144356835,515.9793090820312,11225588,0.0,0.0,SBIN.NS,0.0036138768311566594,0.003607362468300456,0.33443949880491,499.3660629272461,499.8635491943359,473.82675598144533,463.54462326049804,502.7969146387563,496.25251736361747,499.3660629272461,525.294440107254,473.4376857472383,0.10384517132789389,57.312753974578484,2.0711007598386004,-0.3556418753401005,2.4267426351787007,12.57166604601986,27.41382412445818,23.90497444573681,-0.032488490364546464
2022-10-21,517.6980206478074,525.6411552498403,517.6980206478074,521.04248046875,11767639,0.0,0.0,SBIN.NS,0.009812741126628888,0.009764908838448858,0.3475340081558309,499.0664535522461,500.61512878417966,474.62803833007814,464.04385864257813,504.53458757494616,497.22467277950506,499.0664535522461,523.7576136455848,474.3752934589074,0.09894938807284048,59.44972528030323,3.2653015675057873,0.36854681322907706,2.89675475427671,11.88485329861542,26.834701724783578,23.111125307063173,-0.022994550383459954
2022-10-24,526.7559881853911,531.8656141730801,525.7340856690766,530.007568359375,3692065,0.0,0.0,SBIN.NS,0.01720605944175535,0.01705971152975539,0.37071975839994686,499.99083404541017,501.65191833496095,475.5793576049805,464.54058166503904,506.9605857448918,498.5102765277353,499.99083404541017,527.8288118957624,472.1528561950579,0.11135395273195738,62.98330430956102,4.878881273420177,1.270613705267297,3.60826756815288,11.785314723923538,26.89631331928991,23.235945446538942,-0.006184136542438787
2022-10-25,531.8656286557928,544.5932541668578,527.6850254611185,537.4862060546875,19899324,0.0,0.0,SBIN.NS,0.014110435665027232,0.014011810150884253,0.390061211365631,501.6282363891602,502.6515466308594,476.6036059570313,465.016611328125,509.867787679158,500.03874435232166,501.6282363891602,534.1074472259612,469.14902555235915,0.12949514592955988,65.67073997371617,6.684068593937354,2.3533046830013085,4.330763910936046,11.927988093038945,27.154891141809046,23.301460525718877,0.0
2022-10-27,542.5029045901114,543.478367241986,536.6035754708655,538.5081176757812,13613533,0.0,0.0,SBIN.NS,0.0019012797157993422,0.0018994745712148564,0.3927041065505199,503.63260040283205,503.5610601806641,477.6236730957031,465.4570443725586,512.5954381550268,501.54734722775146,503.63260040283205,539.9941174582955,467.27108334736863,0.14439699505702988,66.03362178104285,8.103737437689688,3.5033912339389843,4.6003462037507035,11.8151846401803,27.128082474253308,22.931546878714563,0.0
2022-10-28,538.7868289392258,541.2952020481209,526.7559713396231,530.2398071289062,10043644,0.0,0.0,SBIN.NS,-0.015354105677294672,-0.015473200594536897,0.371320380521341,505.7647079467773,504.3934649658203,478.61075988769534,465.8593371582031,514.2758542477773,502.6725417336791,505.7647079467773,543.153605810436,468.3758100831186,0.14785095628931555,60.46446911893051,8.464082984608922,4.4955295840729725,3.9685534005359493,12.140346517653768,26.623779302757743,23.127853863193454,-0.015354105677294708
2022-10-31,534.1417633453428,536.4643207503551,528.056674284823,533.0733642578125,9894639,0.0,0.0,SBIN.NS,0.0053439162635660065,0.005329688209560428,0.3786486018053685,508.1824920654297,505.2416625976563,479.63361419677733,466.2778561401367,516.066093296352,503.8647308522726,508.1824920654297,546.0910740655987,470.2739100652607,0.14919279035409272,61.65790667829645,8.875986953480037,5.3716210579543855,3.504365895525652,11.964494199998184,26.66720399169077,22.945592466406254,-0.010092240468770136
2022-11-01,535.4423611493793,544.1751996682159,533.8165709668451,535.953369140625,12069579,0.0,0.0,SBIN.NS,0.00540264263029222,0.00538810070961734,0.38609694751367507,510.33318481445315,506.0694232177734,480.6880557250977,466.6540608215332,517.9601195672352,505.12310882436486,510.33318481445315,549.4615873430586,471.2047822858477,0.15334453526800032,62.88426156670576,9.327296868991084,6.162756220161725,3.164540648829359,12.213339643515111,26.12841699297161,22.228652065756215,-0.004744122607069748
2022-11-02,535.0242932214652,537.8578016328036,529.4501560045153,533.1197509765625,10241440,0.0,0.0,SBIN.NS,-0.005287061015412764,-0.00530108698177293,0.37876856837889283,512.8461898803711,507.0634777832031,481.64076843261716,467.00557754516603,519.4038939871712,506.2210163597452,512.8461898803711,550.9886652377511,474.7037145229911,0.14874820603143132,60.822963892828675,9.34854966299622,6.799914908728625,2.548634754267595,12.216656787177255,25.644082367820726,22.210548520461614,-0.01000610115679429
2022-11-03,528.6140711438858,546.2190678064255,527.6850481717524,543.3855590820312,17557998,0.0,0.0,SBIN.NS,0.019256101629444355,0.01907304909071708,0.4053182760550802,515.2709426879883,508.4310009765625,482.7365515136719,467.3887564086914,521.6878620914435,507.678449407678,515.2709426879883,554.7496188220017,475.7922665539749,0.15323463003004575,65.26518558051015,10.07758939704911,7.455449806392723,2.6221395906563867,12.638036923648501,26.22242422591589,22.36115698148933,0.0
2022-11-04,544.4074086062908,554.5802205002109,539.2049031506616,551.7931518554688,25759031,0.0,0.0,SBIN.NS,0.015472609886138411,0.015354129627419062,0.427062217506341,517.9024032592773,509.76972229003906,483.9637908935547,467.8089422607422,524.5550325451602,509.4084377389639,517.9024032592773,559.8023653874031,476.00244113115144,0.16180640160941476,68.42310658623016,11.204621211671906,8.20528408744856,2.999337124223347,12.84706380128625,26.435989451126314,22.452144658047438,0.0
2022-11-07,569.4910492043815,578.5025828570365,564.5672390755263,570.5594482421875,44265903,0.0,0.0,SBIN.NS,0.03400965800973599,0.03344411647756356,0.47559611548234715,521.8019790649414,511.5320794677734,485.527336730957,468.33668060302733,528.9364054686866,511.8065165822276,521.8019790649414,568.0642236567681,475.53973447311466,0.17731724465563642,74.08625610221004,13.456961847007278,9.255619639360305,4.201342207646974,13.39452533608252,27.990567387971605,22.953101525185247,0.0
2022-11-09,576.9232326353217,576.9232326353217,567.2149317922315,571.8600463867188,18939854,0.0,0.0,SBIN.NS,0.002279513814972711,0.002276919664875746,0.4789597572129092,525.7410369873047,513.3000103759765,487.08298553466796,468.84508056640624,533.024371270404,514.1615569667174,525.7410369873047,575.0230357261959,476.4590382484136,0.18747632492717575,74.42854538568147,15.172011919303714,10.438898095348987,4.733113823954726,12.77075615532365,26.273209135110044,22.94679260930751,0.0
2022-11-10,569.5839107900034,571.4419565687384,559.4575953177317,562.755615234375,11618405,0.0,0.0,SBIN.NS,-0.015920733070739712,-0.01604882935191066,0.45541363369595644,529.3804824829101,514.8226794433593,488.5173971557617,469.3408891296387,535.8559183145917,516.0672063105471,529.3804824829101,578.2880495973286,480.4729153684916,0.18477283818636955,67.68836480757842,15.616532289499446,11.47442493417908,4.142107355320366,12.866974367259688,26.434754779908705,23.046192028375344,-0.01592073307073966
2022-11-11,573.4393865971748,575.5761279324214,556.0202071744174,558.6214599609375,15525267,0.0,0.0,SBIN.NS,-0.007346271030482243,-0.007373387765721517,0.44472177068136687,532.5159362792969,516.4289599609375,490.0010467529297,469.7748634338379,538.0240651380532,517.7360005713467,532.5159362792969,580.4194859001967,484.612386658397,0.17991405085678094,64.8179418876613,15.457046890609377,12.27094932546514,3.1860975651442374,13.500699944113714,26.19945840658947,23.028023411955942,-0.02315004608108029
2022-11-14,561.0834383305436,561.0834383305436,549.6564670534292,550.4925537109375,12957268,0.0,0.0,SBIN.NS,-0.014551725690181039,-0.014658640514867153,0.42369857577577896,535.8186157226562,517.5679437255859,491.4089813232422,470.18831756591794,539.2115402402326,519.0205712827033,535.8186157226562,578.6000002050563,493.0372312402562,0.159686069976128,59.47707805851167,14.507485502412123,12.718256560854536,1.789228941557587,13.626780309064097,25.666798580801686,23.213050410573025,-0.03736489865097437
2022-11-15,552.1183410483677,559.3647088910534,550.5854871660459,558.2034301757812,10286417,0.0,0.0,SBIN.NS,0.014007231183898572,0.013910036488631126,0.4436406508628574,539.2397415161133,518.8230541992187,492.95255310058593,470.6801174926758,541.0202916626658,520.5571539843926,539.2397415161133,577.1904034176551,501.28907961457145,0.1407561757033734,62.62319430176509,14.213312332189162,13.017267715121463,1.1960446170676988,13.487424700191655,25.63580507352805,23.21125482148549,-0.023881046240643033
2022-11-16,557.36727343122,560.6652932272399,553.6976218118226,557.1814575195312,11555749,0.0,0.0,SBIN.NS,-0.0018308247513423304,-0.00183250275938261,0.4409975978272138,541.8456481933594,519.9945513916016,494.3367971801758,471.2059130859375,542.5594503157007,521.9934011818491,541.8456481933594,576.9672809755101,506.7240154112086,0.129637039253723,61.93684795598842,13.739334823599279,13.161681136817027,0.5776536867822522,12.777384893740077,25.441599117610735,23.205617496841537,-0.025668148981440025
2022-11-17,556.5775677316582,559.9685238213378,553.8369956817869,556.5311279296875,8167131,0.0,0.0,SBIN.NS,-0.0011671773729493573,-0.0011678590549401408,0.43931569803655557,543.5457580566406,521.1121649169922,495.74333740234374,471.6346954345703,543.8900862789376,523.347821838627,543.5457580566406,578.0161372313682,509.0753788819129,0.12683524308227848,61.475119740180475,13.159533163564333,13.16125154216649,-0.0017183786021561787,12.724294634342252,24.41016771276602,23.097286127761727,-0.02680536707169277
2022-11-18,558.342768853174,562.7556276752249,554.7660533312614,559.922119140625,12933675,0.0,0.0,SBIN.NS,0.00609308453877877,0.006074596759573194,0.4480855702626836,545.8357971191406,522.318037109375,497.14894927978514,472.0150282287598,545.4169465514792,524.7821080073328,545.8357971191406,578.0896799999623,513.5819142383189,0.11818163283190312,63.02303235974685,12.825812835195052,13.094163800772202,-0.26835096557715055,12.25646203687551,23.664375085732022,23.021879592733026,-0.0208756099005748
2022-11-21,559.3646510750879,559.3646510750879,553.0937466607794,555.6485595703125,7412419,0.0,0.0,SBIN.NS,-0.007632417838522976,-0.007661693798929542,0.437033176124503,547.8192596435547,523.5304119873047,498.4853482055664,472.3991487121582,546.3913858866061,525.992557088234,547.8192596435547,577.0827972989782,518.5557219881312,0.10683646892759562,59.76397218258307,12.077277195277475,12.890786479673258,-0.8135092843957832,12.143656752183615,23.870050936783358,23.082902474637933,-0.028348696361702595
2022-11-22,555.6950493243781,558.0640462892758,553.8370035945674,556.5775756835938,8048595,0.0,0.0,SBIN.NS,0.0016719491075432025,0.0016705529566129996,0.43943582246083435,549.5960144042969,524.5421173095704,499.76647033691404,472.7199945068359,547.361499200605,527.1919695821697,549.5960144042969,576.209266223284,522.9827625853097,0.09684659685108174,60.24525485464447,11.427294407281579,12.598088065194924,-1.1707936579133449,11.652600129633973,23.338061136874703,23.077364976306182,-0.02672414483174135
2022-11-23,558.8536786018122,566.3323011304334,558.342727379929,564.520751953125,12435924,0.0,0.0,SBIN.NS,0.014271462984787542,0.014170584314867651,0.4599786775200614,551.3216735839844,525.5510369873047,501.0986892700195,473.10799880981443,548.995713748464,528.6558434006386,551.3216735839844,577.0479335619941,525.5954136059747,0.09332577045546074,64.18939567958424,11.421466746936517,12.362763801543244,-0.9412970546067267,11.748820116673357,23.497627538143615,23.110970889518008,-0.012834074490720012
2022-11-24,566.4717295081228,567.911703703776,562.8020776073517,566.10009765625,8960032,0.0,0.0,SBIN.NS,0.0027976751920293363,0.002793768982630025,0.464063223647051,552.7523681640625,526.5627435302735,502.4945458984375,473.4695965576172,550.6247026920627,530.1242455283096,552.7523681640625,578.4214610512514,527.0832752768737,0.09287736920041569,64.93432207832139,11.412729442391878,12.172756929712971,-0.7600274873210928,10.789934863941296,23.276455219150378,23.110782725166217,-0.010072304870506027
2022-11-25,567.2149011984452,570.1413459163525,563.2201142032641,564.2885131835938,9994513,0.0,0.0,SBIN.NS,-0.0032001133371227786,-0.0032052446499206883,0.45937805539866705,554.0413879394531,527.4806182861328,503.8091131591797,473.82076446533205,551.9260179769703,531.4640207304776,554.0413879394531,579.2843696473703,528.7984062315359,0.0911230902868067,63.307562482409935,11.131310520016655,11.964467647773708,-0.8331571277570529,10.186071604194094,23.288265635057485,22.946503220971696,-0.013240185690477092
2022-11-28,562.6161908483663,567.5400571020017,559.596866716974,565.4032592773438,7934274,0.0,0.0,SBIN.NS,0.0019754896080745876,0.001973540894499007,0.4622610415813593,555.799560546875,528.1653082275391,505.1260021972656,474.22232849121093,553.2095647674821,532.7949712617273,555.799560546875,578.8669312090881,532.7321898846619,0.08300607736902889,63.906769477514175,10.872898682101436,11.746153854639255,-0.873255172537819,8.845625845869806,21.795890013791215,22.940266372501718,-0.011290851931643107
2022-11-29,564.0097780174993,568.3761969734692,564.0097780174993,565.3568725585938,6942919,0.0,0.0,SBIN.NS,-8.20418311866522e-05,-8.204519680176651e-05,0.46214107500783497,557.4137359619141,528.841636352539,506.3811117553711,474.61016799926756,554.3664512237784,534.0719085674867,557.4137359619141,578.1894455576627,536.6380263661655,0.07454322796655344,63.860035596903614,10.542831222613927,11.50548932823419,-0.9626581056202639,8.464062853932635,21.77805671235502,22.6777892838318,-0.011371967440661603
2022-11-30,565.3103961576169,568.0045850653908,555.9272881877424,559.6898193359375,15606230,0.0,0.0,SBIN.NS,-0.010023851301230846,-0.01007442836718922,0.44748479029053456,558.6005584716797,529.5969317626954,507.591628112793,474.9783625793457,554.8734386630317,535.0765325191907,558.6005584716797,576.7618549519492,540.4392619914103,0.06502426896943471,58.255139703472324,9.71201251468267,11.146793965523887,-1.4347814508412178,8.4408375545513,20.69997756008427,22.664101829810242,-0.0212818278312648
2022-12-01,564.7065260219437,566.518131949988,558.8536933108481,564.9387817382812,14209313,0.0,0.0,SBIN.NS,0.009378341754673336,0.009334638140108133,0.46105979733857083,560.1915100097656,530.2630401611328,508.78217041015625,475.3549642944336,555.8320427654364,536.2476011160178,560.1915100097656,574.009760827575,546.3732591919562,0.049334024421642815,61.61556610337158,9.369128618744753,10.79126089616806,-1.422132277423307,7.591445974632426,18.59446239244888,22.464725105259937,-0.012103074331157267
2022-12-02,564.3813556103872,566.3322808251035,561.3620314857226,564.4277954101562,7533838,0.0,0.0,SBIN.NS,-0.0009044985839929964,-0.0009049078896667663,0.4597382708207489,561.2436218261719,530.885484008789,509.90442962646483,475.7047703552246,556.6506858744574,537.3527067746115,561.2436218261719,572.671672323704,549.8155713286397,0.04072402804453292,61.099919082726615,8.952954251093956,10.42359956715324,-1.470645316059283,7.1302515505086035,17.76547229621454,22.456039687261935,-0.012996625701555763
2022-12-05,565.3104494503227,574.1361672313877,564.4278663316044,573.48583984375,11585602,0.0,0.0,SBIN.NS,0.016048189878762997,0.015920779014511086,0.48316442776417756,562.328256225586,531.7699151611328,511.1005471801758,476.1499490356445,558.2540338715329,538.769692385166,562.328256225586,574.0924614354328,550.5640510157391,0.041841060197862386,66.45854901422635,9.247442786798501,10.188368211082292,-0.9409254242837903,7.189981310588288,18.15334685451008,22.578024799811942,0.0
2022-12-06,571.1168371932469,575.8083915750034,564.6601165911579,565.728515625,12996244,0.0,0.0,SBIN.NS,-0.013526618583753591,-0.013618936735769811,0.4631022282528203,562.0867095947266,532.5437921142578,512.2223422241211,476.6853202819824,558.9658892766249,539.8269011396693,562.0867095947266,573.3259813122229,550.8474378772303,0.03999123809776609,58.96695640004934,8.753965573255982,9.901487683517031,-1.1475221102610487,7.4885958511903015,18.710030326470033,22.707023328172397,-0.013526618583753583
2022-12-07,567.4935934113071,569.39813564367,561.594320910099,563.9633178710938,7613892,0.0,0.0,SBIN.NS,-0.0031202205742733025,-0.003125098612168312,0.4585370265779607,561.6918731689453,533.5926593017579,513.3566787719726,477.1048403930664,559.4418348570505,540.7734272859997,561.6918731689453,572.001924136448,551.3818222014427,0.03671070015428765,57.381830357520535,8.126764339276974,9.54654301466902,-1.4197786753920454,7.608044893620307,18.27366939033111,22.673732601737413,-0.01660463312442156
2022-12-08,566.471711256473,570.2342426474543,564.0562744063031,568.2368774414062,10020015,0.0,0.0,SBIN.NS,0.00757772613021146,0.007549159386766913,0.4695894207161415,561.9659362792969,534.8626336669922,514.5193511962891,477.5827752685547,560.2794579603225,541.8504253313097,561.9659362792969,572.6785927290546,551.2532798295392,0.03812564341776576,60.17316534647111,7.883665397018831,9.213967491138982,-1.3303020941201513,7.4852842102200965,17.997678788483668,22.28854435512202,-0.009152732356519673
2022-12-09,570.7917501751427,574.1362102722019,565.8678829446616,572.74267578125,11202267,0.0,0.0,SBIN.NS,0.007929436681638702,0.007898163906806973,0.4812424369757162,562.6719970703125,536.3490704345703,515.7935067749023,478.100390625,561.4664310861251,543.0618861332681,562.6719970703125,574.2804961766772,551.0634979639478,0.041262046687260474,62.92997461976779,7.96279782666727,8.96373355824464,-1.0009357315773695,7.588138127912576,18.081797506893714,22.28761551913946,-0.0012958716865659316
2022-12-12,571.1632044460752,574.786416036808,567.6329291569044,569.5374145507812,9285187,0.0,0.0,SBIN.NS,-0.005596337353588332,-0.005612055519679921,0.47295290459594885,563.6242401123047,537.9878656005859,517.0379321289063,478.5912315368652,562.2350961779971,544.1001421496412,563.6242401123047,574.0948176870155,553.153662537594,0.037154461534956204,59.76095573292645,7.678361679640261,8.706659182523765,-1.028297502883504,7.797169855426513,17.473352940680094,22.265186293707092,-0.006884956905029293
2022-12-13,569.9555899098569,573.5788021601909,569.0265669434187,572.9749145507812,7455415,0.0,0.0,SBIN.NS,0.006035599966178307,0.00601745869175598,0.48184305909711034,564.3628143310547,539.7530102539063,518.2126818847656,479.1150392150879,563.2579360230242,545.2324861653722,564.3628143310547,575.2970369911501,553.4285916709592,0.03874891251669684,61.97266058956282,7.6422266735120274,8.493772680721419,-0.8515460072093912,7.4255634104216925,17.48447393371922,22.231094446725496,-0.0008909117845140779
2022-12-14,574.6006605360243,582.2650994194879,573.6716376410591,581.1038208007812,14010673,0.0,0.0,SBIN.NS,0.014187193965329525,0.01408749756403074,0.5028662540026982,565.5589324951172,541.5162963867188,519.3976504516602,479.74100845336915,564.9575440970963,546.6392051706823,565.5589324951172,578.2742134662006,552.8436515240338,0.04496536166438568,66.6419827096228,8.175284626847315,8.430075069946598,-0.25479044309928334,7.724174751299009,17.79523676876037,22.206552245333906,0.0
2022-12-15,581.1502249817225,584.8663163337957,570.6987180540169,572.2316284179688,10622271,0.0,0.0,SBIN.NS,-0.015267826617602176,-0.015385579978503292,0.47992075260713984,566.3439575195313,543.3037359619141,520.3949563598633,480.32124420166014,565.6503140324174,547.6428296117524,566.3439575195313,578.6443262615667,554.0435887774959,0.04343780340098784,58.236939390754216,7.79200374918662,8.302460805794603,-0.5104570566079829,8.24177236320546,18.411859916554036,22.37781765094267,-0.015267826617602188
2022-12-16,568.5620106489584,571.9064703833176,559.3646613248847,560.5259399414062,9435071,0.0,0.0,SBIN.NS,-0.020456206709378977,-0.0206683327546068,0.4496471877783086,566.3741485595704,544.6164447021484,521.2431539916993,480.96209762573244,565.1622784047021,548.14804962468,566.3741485595704,578.6109496426648,554.137347476476,0.0432110155953114,49.38673920862406,6.469127584807211,7.935794161597125,-1.4666665767899136,8.593470699495201,18.85000937420309,22.529341229426,-0.03541171150968852
2022-12-19,561.1298409450822,566.239466980178,560.2008180296101,561.5479125976562,8322012,0.0,0.0,SBIN.NS,0.0018232388252306109,0.0018215787428351984,0.4522902408139524,566.6691162109375,545.8641241455078,522.0862426757812,481.56095123291016,564.8180530897454,548.6735344471496,566.6691162109375,578.0734169198882,555.2648155019868,0.04025029909943266,50.09973084713993,5.440488778059148,7.436733084889529,-1.9962443068303815,8.712915699109349,18.354477383448216,22.509468484543152,-0.03365303669175033
2022-12-20,560.2008180296101,563.4523982337621,556.99567763062,561.5479125976562,6753785,0.0,0.0,SBIN.NS,0.0,0.0,0.4522902408139524,566.9176330566406,547.2437237548828,522.8912417602539,482.1586614990234,564.5066111381178,549.1784120216793,566.9176330566406,577.5890723461157,556.2461937671656,0.037647230099152315,50.09973084713993,4.572575310913976,6.863901530094419,-2.2913262191804433,8.311445965216048,15.39028457374812,22.212934021728373,-0.03365303669175033
2022-12-21,562.8950131289239,565.9143376361941,547.7518940838596,551.2822265625,9217253,0.0,0.0,SBIN.NS,-0.018281051010711424,-0.018450214250033806,0.4257408488392742,566.2557067871094,548.4077905273438,523.6270281982422,482.7459783935547,563.24714594044,549.2609145526919,566.2557067871094,578.9950874867909,553.5163260874278,0.04499515164964529,43.03689492661937,3.021561881589264,6.095433600393388,-3.0738717188041242,9.061303459015667,16.20161323958963,22.365023368414505,-0.05131887482203448
2022-12-22,554.6266864124063,556.4847322630342,545.847408427578,551.2822265625,8740149,0.0,0.0,SBIN.NS,0.0,0.0,0.4257408488392742,565.5148132324218,549.6341009521484,524.2327517700195,483.3646252441406,562.1076298092077,549.3401816903315,565.5148132324218,579.9084417830348,551.1211846818088,0.05090451466104162,43.036894926619375,1.7719466662313152,5.230736213560974,-3.4587895473296584,9.466094494449619,15.587519609881827,22.161603850575922,-0.05131887482203448
2022-12-23,548.1235219709549,548.7738493545831,530.9365979769505,533.2591552734375,13047046,0.0,0.0,SBIN.NS,-0.032693002641214663,-0.033239359912237684,0.3791290995024841,563.963345336914,550.3810363769531,524.6187609863281,483.91808349609374,559.3601560438963,548.7095532033945,563.963345336914,584.3535967976038,543.5730938762242,0.07231055574545746,33.438464173113815,-0.6650275986750103,4.0515834511137765,-4.716611049788787,10.225898549043766,18.068764017786208,22.8210040060602,-0.08233410935314818
2022-12-26,533.2591374365397,558.993082761458,530.1933732483348,554.7195434570312,13201587,0.0,0.0,SBIN.NS,0.04024382511086855,0.039455132896815084,0.4346305297881716,563.4291595458984,551.7866479492187,525.2574642944336,484.67786529541013,558.9181929403853,548.9452390956941,563.4291595458984,584.2164968673267,542.6418222244702,0.07378864572143204,48.241066754190584,-0.854819459968212,3.070302868897379,-3.9251223288655908,11.486715301135039,21.313259042506484,23.683599902913244,-0.0454037237397468
2022-12-27,557.7852988401935,560.2936149794674,551.1892030916332,559.1788330078125,9638618,0.0,0.0,SBIN.NS,0.008038818180067686,0.008006679006955536,0.44616326377271287,563.1202575683594,553.1746063232422,525.890592956543,485.45994354248046,558.9430158039498,549.3465565040125,563.1202575683594,583.9704975312951,542.2700176054237,0.07405253028179187,50.6947618177438,-0.6380484531132424,2.3286326044952546,-2.966681057608497,11.579615097868125,21.049291529799756,23.704652607947242,-0.03772989783952092
2022-12-28,558.2499017736284,563.9169189700275,556.0666638645115,558.3892211914062,7988631,0.0,0.0,SBIN.NS,-0.001412091749179667,-0.0014130896903006328,0.44412114855997276,563.0552276611328,554.2411242675781,526.4382522583007,486.1859329223633,558.890273459898,549.701170805479,563.0552276611328,583.9585622069536,542.151893115312,0.07424967754105008,50.24058743947215,-0.5239313880470036,1.758119805986803,-2.282051194033807,11.692424407093515,21.04622915523933,23.68497175920986,-0.039088711511264015
2022-12-29,557.413761402815,574.1361742448994,554.7660687173757,568.376220703125,20130392,0.0,0.0,SBIN.NS,0.017885373020650297,0.017727311612276753,0.46994979398897785,563.227099609375,555.1580700683594,527.0973941040039,486.88410385131834,559.793697006872,550.4335257034259,563.227099609375,584.2518169855264,542.2023822332237,0.07465804607318426,55.65232217026074,0.3681310187151894,1.4801220485324804,-1.111991029817291,12.485408564235188,21.657591579491033,23.490275800209478,-0.021902454676889192
2022-12-30,571.5813315569454,576.5051415202785,567.9581196143295,570.141357421875,13052895,0.0,0.0,SBIN.NS,0.0031055780563205015,0.003100765709626496,0.4745148378130828,563.5127777099609,556.2784704589844,527.8447927856446,487.58355361938476,560.7791884749674,551.2063818492474,563.5127777099609,584.7602769792721,542.2652784406497,0.07541088724077619,56.55174031642878,1.203653713614699,1.4248283815489242,-0.22117466793422524,12.584946780381292,21.61130822695136,23.262716636050264,-0.018864896403192798
2023-01-02,571.3026768929869,575.2510244474183,567.8188408155474,568.7478637695312,6726084,0.0,0.0,SBIN.NS,-0.002444119575266357,-0.0024471113112833395,0.4709109472339632,563.27587890625,557.3338415527344,528.5986953735352,488.2083450317383,561.5381099315925,551.8942831010231,563.27587890625,584.1576957588424,542.3940620536576,0.07414418985290105,55.593170970169886,1.7333867733789248,1.4865400599149243,0.24684671346400044,12.790657381459775,21.489609923042934,23.060532972870327,-0.02126290791587476
2023-01-03,570.8845802218594,572.8355056585625,566.7039771120167,568.9336547851562,6818062,0.0,0.0,SBIN.NS,0.0003266667489414399,0.0003266134049758249,0.47139144493107854,563.4361358642578,558.2916650390625,529.4533969116211,488.83086349487303,562.2424475366938,552.5624937553029,563.4361358642578,584.4460090407068,542.4262626878088,0.07457765606113222,55.70098518578898,2.143487037707132,1.617929455473366,0.5255575822337659,12.565039072734,21.48875948246233,23.03290748417898,-0.020943187051935208
2023-01-04,568.4225967132537,571.302601512438,561.1297901679545,562.24462890625,7011191,0.0,0.0,SBIN.NS,-0.011757128133740302,-0.011826789716495848,0.45409210717813453,563.3502014160156,558.93640625,530.2941622924805,489.38837814331055,562.2426552861754,552.9421853298498,563.3502014160156,584.3650544846354,542.3353483473958,0.07460671183145996,50.908715448482674,1.9067659548866231,1.6756967553560176,0.23106919953060556,12.279697148784335,21.396947184875323,23.146569230889916,-0.03245408345197701
2023-01-05,563.9168383606225,568.1903205500095,559.225284571544,562.1516723632812,8241475,0.0,0.0,SBIN.NS,-0.00016533113557626322,-0.00016534480427505378,0.4538517004788223,563.0459411621093,559.4297155761719,531.0406311035156,489.90357833862305,562.2339902458997,553.3033416841021,563.0459411621093,583.9387483775652,542.1531339466535,0.07421350795046573,50.843249803443356,1.6921558557462504,1.678988575434064,0.01316728031218628,12.000987783454434,21.379941995873416,23.134784734840412,-0.03261404891708212
2023-01-06,564.2885438654469,564.3349836708002,554.6266828234792,558.0176391601562,7972036,0.0,0.0,SBIN.NS,-0.007353946285965085,-0.007381119852885205,0.4431601531657421,562.3096893310546,559.8199060058594,531.6904830932617,490.44979141235353,561.8324329996384,553.4882160949278,562.3096893310546,582.7976084514568,541.8217702106525,0.07287058896237533,47.893555103424156,1.1749497863044098,1.5781808176081333,-0.4032310313037235,12.263105776079653,21.46523216616533,22.967613094506483,-0.03972815323914312
2023-01-09,562.0588874246389,565.7749792423224,557.506652266752,564.5672607421875,8878905,0.0,0.0,SBIN.NS,0.011737302053549392,0.011668954216749763,0.4600989597950951,562.061181640625,560.506455078125,532.4499600219726,491.01457412719725,562.092892784643,553.922688434036,562.061181640625,582.2990145666865,541.8233487145635,0.07201291812036696,52.58676802495494,1.2788185499941847,1.5183083640853439,-0.23948981409115921,12.392506231253103,21.739241120913004,22.463857685584884,-0.028457152520191306
2023-01-10,565.2640136601837,565.7749649315789,548.6809203213877,552.9080200195312,10622660,0.0,0.0,SBIN.NS,-0.020651641590638592,-0.020867868887046195,0.4299455193905426,561.0578369140625,560.9031481933594,533.0724053955078,491.53501052856444,561.2181429974895,553.8828975158201,561.0578369140625,581.00510279267,541.110571035455,0.07110591659612737,44.84360995807491,0.4155418992259001,1.2977550711134551,-0.882213171887555,12.31619202110001,22.551628085559788,22.766251959694838,-0.048521107196292754
2023-01-11,554.1157057067913,556.9492141378572,550.2137982871492,554.3479614257812,7419630,0.0,0.0,SBIN.NS,0.0026043055157694006,0.0026009201885034906,0.4336695343939412,559.7200439453125,561.2710400390625,533.6702316284179,492.0788835144043,560.5638399906602,553.9011353162108,559.7200439453125,577.4749891997197,541.9650986909052,0.06344223490464115,45.90304348370923,-0.15068285058384845,1.0080674867739945,-1.158750337357843,12.037484307903712,22.391668487846374,22.75128788412501,-0.0460431654676259
2023-01-12,555.4628501283095,555.4628501283095,548.2164256822556,552.67578125,8183715,0.0,0.0,SBIN.NS,-0.003016481149277439,-0.00302103989843488,0.4293448972691485,558.7422515869141,561.6621606445312,534.3628192138672,492.5979299926758,559.8125963010735,553.853082215575,558.7422515869141,575.7335262373406,541.7509769364876,0.06081972359229551,44.82624805898421,-0.725982336957486,0.6612575220276984,-1.3872398589851844,11.101826869368308,22.21728984833743,22.75747350082772,-0.04892075827621719
2023-01-13,555.462786881279,560.1079011495518,551.5144397532472,557.506591796875,7877610,0.0,0.0,SBIN.NS,0.00874076757253417,0.008702788215686664,0.44183846879716593,558.5912841796875,561.9445812988281,535.1877911376953,493.110029296875,559.5929768244832,553.9963571011161,558.5912841796875,575.5694788979256,541.6130894614494,0.06078932915385974,48.579032205565625,-0.7830784454829427,0.3723903285255702,-1.1554687740085128,9.658523432452691,22.38244413724454,22.785486325085984,-0.04060759568124754
2023-01-16,560.2008666992188,563.080815306165,557.9711888271506,560.2008666992188,5483191,0.0,0.0,SBIN.NS,0.004832722952494484,0.004821082834173636,0.4488064746591114,558.5239318847656,562.1127355957032,535.9412289428711,493.64703414916994,559.6508710982675,554.2396712030026,558.5239318847656,575.4633849495214,541.5844788200098,0.06065793101324329,50.59729796977588,-0.603959980517061,0.17712026671704398,-0.781080247234105,9.406367119699537,21.9007926267965,22.722885417075194,-0.035971117988447404
2023-01-17,560.2007424065299,562.9878107767116,544.4537947743928,550.8640747070312,13461999,0.0,0.0,SBIN.NS,-0.016666864596624364,-0.016807319601104237,0.4246594133192554,557.9897399902344,561.718828125,536.6254537963868,494.1405567932129,558.8140333467212,554.1072948698272,557.9897399902344,575.1993506232178,540.780129357251,0.061684326429674516,44.13273187467536,-1.2015575816383262,-0.09861530295403004,-1.1029422786842962,10.169492898042595,22.078930256544595,22.65126332536804,-0.05203845683216913
2023-01-18,553.6047441160317,554.7660226892714,545.8938090272761,549.4705810546875,11538075,0.0,0.0,SBIN.NS,-0.00252965062767041,-0.002532855599933776,0.4210555227401358,557.8991577148438,561.2710388183593,537.285524597168,494.6305424499512,557.9241807474799,553.9254629555081,557.8991577148438,575.275681779911,540.5226336497766,0.06229270585831849,43.244683201693014,-1.767229753283459,-0.43233819301991583,-1.3348915602635434,9.419643479076276,22.074185836790974,22.517183501112243,-0.054436468344851094
2023-01-19,549.0524687135959,549.7492358058721,545.8473287485155,547.9840698242188,7475688,0.0,0.0,SBIN.NS,-0.002705351809036749,-0.002709017886754877,0.41721106761094906,557.7342498779296,560.9756079101562,537.8991436767578,495.04608993530275,556.9775035166931,553.6924671464379,557.7342498779296,575.434760390245,540.0337393656143,0.06347291928437024,42.26760025688827,-2.3088629232047424,-0.8076431390568812,-1.5012197841478612,9.08784956131968,21.936868338574318,22.522451040042405,-0.056994550355773485
2023-01-20,551.6537723185195,554.2550250301911,548.8667036910736,550.1673583984375,6750607,0.0,0.0,SBIN.NS,0.0039842190575341,0.003976303075822134,0.4228575469550728,558.5796600341797,560.8065258789062,538.6177429199219,495.45334426879884,556.3289182673354,553.5542275876928,558.5796600341797,572.5882781936258,544.5710418747336,0.05015799593772854,44.25963164761091,-2.532742096872539,-1.152662930620013,-1.3800791662525262,9.004904673755496,21.825008905347513,22.51435877066931,-0.053237410071942444
2023-01-23,556.0201811934469,559.0395054856419,550.8641156658481,557.831787109375,6604469,0.0,0.0,SBIN.NS,0.013931085866760728,0.01383494020337096,0.4426794976178725,558.7352722167968,560.953310546875,539.2606271362305,495.9126420593262,556.472048633244,553.7219750199157,558.7352722167968,572.6320426018931,544.8385018317006,0.04974366601185016,50.69169052689579,-2.0678754315302967,-1.3357054308020697,-0.732170000728227,9.200663140945396,22.217248206201226,22.262613320648654,-0.040047979136218
2023-01-24,560.6652540658442,561.687156454172,550.9569545645247,552.1646728515625,7609623,0.0,0.0,SBIN.NS,-0.010159181295814834,-0.010211137969160436,0.4280230550498174,558.3845642089843,560.8325354003906,539.8277947998047,496.3227935791016,556.0618223683219,553.6609043466469,558.3845642089843,572.5849139941844,544.1842144237843,0.050862257646095456,46.425829417040426,-2.132175615358051,-1.4949994677132659,-0.637176147644785,9.240476751314247,22.29277544812122,22.335838570180783,-0.04980030575145694
2023-01-25,553.5582645072653,553.5582645072653,527.1276087360154,528.3353271484375,25686294,0.0,0.0,SBIN.NS,-0.0431562301515277,-0.044115150753000786,0.3663949634243997,556.881869506836,560.2556127929688,540.1250820922852,496.6092248535156,553.421203775952,552.6677444565211,556.881869506836,576.4327854120514,537.3309536016205,0.0702156668254593,33.61584072714088,-4.0591714209953125,-2.007833858369675,-2.0513375626256374,10.48802102222742,24.90903853926075,23.30022137127494,-0.09080734244635827
2023-01-27,527.6849638745811,528.195915087018,494.472397926489,501.6258850097656,40163464,0.0,0.0,SBIN.NS,-0.05055395837872445,-0.05187657854755466,0.29731828931454385,553.544352722168,559.1575079345703,540.1348364257813,496.7568490600586,548.4883162744104,550.6661029095895,553.544352722168,584.3713925719967,522.7173128723393,0.11138055947361898,25.216992300309002,-7.653335354753494,-3.136934157646439,-4.516401197107055,12.2133516204151,28.283969211017634,24.594939306494926,-0.13677063021456695
2023-01-30,497.95626040713466,515.0038074618653,487.92282470969167,500.0001220703125,40797825,0.0,0.0,SBIN.NS,-0.003240986934758161,-0.0032462503083405965,0.2931136976886526,550.0372909545898,557.959067993164,540.1385525512695,496.9018325805664,543.8703930168773,548.6792017002061,550.0372909545898,588.0386476043444,512.0359343048352,0.13817738278727698,24.810650958269008,-10.511748752671338,-4.6118970766514185,-5.899851676019919,13.557112747315333,27.86243670109185,24.591160221395768,-0.13956834532374102
2023-01-31,506.3174777560764,517.4657524956598,499.67494137585163,514.2141723632812,21911943,0.0,0.0,SBIN.NS,0.028428093645485042,0.028031513855886224,0.32987445498080503,547.3106063842773,557.1303802490235,540.3303961181641,497.127262878418,541.0459910498682,547.3276319222875,547.3106063842773,587.4262389191014,507.1949738494533,0.14659183310859533,34.715604122478325,-11.497570066670164,-5.989031674655168,-5.508538392014996,13.606881783716545,29.344233755113926,25.03580752170952,-0.11510791366906475
2023-02-01,521.5534386941342,524.8978981961093,463.9075551645127,489.920166015625,38218810,0.0,0.0,SBIN.NS,-0.047244917883152104,-0.048397405086689056,0.26704464556033525,543.3599319458008,555.797232055664,540.1696746826171,497.2090403747559,536.1768648561308,545.0763587494772,543.3599319458008,589.6040296701532,497.1158342214484,0.17021533979787515,27.94074762940616,-14.076894165864928,-7.6066041728971205,-6.470289992967808,17.482233725208584,32.029391817950206,26.237887628200152,-0.15691456762322092
2023-02-02,483.2776668207723,494.8440118998063,466.8339520930055,490.6169128417969,39287056,0.0,0.0,SBIN.NS,0.0014221640065121832,0.0014211536890594476,0.26884659084989515,539.7785461425781,554.3191552734374,539.9350961303711,497.33180633544924,531.8378218071466,542.940694204078,539.7785461425781,590.7204563574168,488.8366359277394,0.18875114833253412,28.37248120245451,-15.881730745586538,-9.261629487435005,-6.620101258151532,18.965350536690504,31.792310037169262,25.784250775201166,-0.15571556186687996
2023-02-03,497.95628057015045,507.2000698803014,482.30226719240557,505.57427978515625,32317232,0.0,0.0,SBIN.NS,0.030486855531991264,0.03003136583955464,0.30752973355739543,536.9496765136719,553.1086389160156,539.8356912231445,497.5188397216797,529.3365320907666,541.4753446190223,536.9496765136719,588.9333713666873,484.96598166065644,0.1936259471857297,37.086786508894434,-15.92160784537873,-10.593625159023752,-5.327982686354979,20.129946343232735,33.29166753547719,26.199022904258573,-0.12997598417360717
2023-02-06,519.1379591275065,519.1379591275065,498.46720063982644,506.6890869140625,25338586,0.0,0.0,SBIN.NS,0.002205031334624019,0.002202603820871658,0.31041287759084213,534.3832489013672,551.956650390625,539.7186343383789,497.7228814697266,527.1796325501281,540.1111776502004,534.3832489013672,587.0511453234864,481.715352479248,0.19711656954217238,37.69520666941176,-15.682477279714703,-11.611395583161942,-4.071081696552762,21.20827027026059,32.07058102967621,26.113112826658774,-0.12805755395683452
2023-02-07,509.1045148167841,512.2632151446792,502.64779475723776,508.26837158203125,16195947,0.0,0.0,SBIN.NS,0.003116871290019807,0.003112023916514874,0.31449726586707727,531.5683044433594,550.8139526367188,539.4896304321289,497.90280349731444,525.378560076976,538.862440157331,531.5683044433594,583.4558219359559,479.6807869507628,0.19522427149576357,38.60108072138788,-15.190423760114754,-12.327201218552506,-2.863222541562248,20.571227726340776,29.579421155196233,25.84914291596047,-0.125339821580213
2023-02-08,510.9625718765987,515.1431747374072,506.7819690157902,510.7303161621094,15502847,0.0,0.0,SBIN.NS,0.004843788670963578,0.004832095271653206,0.3208644128314968,529.4594192504883,549.721421508789,539.2815289306641,498.1668428039551,523.983489227941,537.7592196084988,529.4594192504883,581.1230766376585,477.795761863318,0.1951562499740064,40.06405356388189,-14.435407061617184,-12.748842387165443,-1.6865646744517413,20.534727159170902,29.492613053392,25.835194327428958,-0.12110315251704032
2023-02-09,512.8206493861524,512.8206493861524,504.27362722243805,511.705810546875,15061047,0.0,0.0,SBIN.NS,0.001909998983604444,0.0019081772548436421,0.3233872625174843,527.327311706543,548.7617413330078,539.1793365478516,498.46251586914065,522.8141864964109,536.7375172923568,527.327311706543,578.1794555587794,476.4751678543066,0.19286747613230223,40.667308345325,-13.601546482965546,-12.919383206325465,-0.6821632766400807,20.866521095339305,29.52235880987104,25.689496223090075,-0.11942446043165468
2023-02-10,507.710993148678,517.6979888967993,507.710993148678,513.7960815429688,13824475,0.0,0.0,SBIN.NS,0.004084907681348726,0.00407658709748082,0.3287931773115411,525.3833267211915,547.7388873291015,539.0009637451171,498.71947265625,521.9553193579878,535.837853145322,525.3833267211915,575.1156317305412,475.65102171184174,0.18931817010531618,42.014093620091764,-12.62648826942791,-12.860804218945955,0.23431594951804513,21.13195256263566,28.950103291210766,25.448696991552666,-0.11582739064606407
2023-02-13,514.678669831032,517.3728588344746,495.44788508698696,499.34979248046875,18488732,0.0,0.0,SBIN.NS,-0.02811677547076008,-0.028519621112220495,0.29143179789799456,522.4754867553711,546.4373272705078,538.6614056396485,498.94193130493164,519.8024120363193,534.4069488055238,522.4754867553711,571.0876259106177,473.8633476001245,0.18608390398230246,35.94192250524351,-12.87107269093633,-12.862857913344032,-0.008214777592298717,22.064297324084464,29.762389998628752,25.573704213388037,-0.14068747338066476
2023-02-14,501.6259495057949,505.94587216970376,493.0789270880096,502.4620361328125,18559909,0.0,0.0,SBIN.NS,0.006232592261396608,0.00621324998499262,0.2994807657276952,519.5885452270508,545.016851196289,538.3933831787109,499.13307037353513,518.1509476645567,533.1542071320841,519.5885452270508,565.5532012920803,473.6238891620212,0.17692713393034415,38.0201889388558,-12.667749622233941,-12.823836255122014,0.15608663288807278,22.216921837802094,29.91366399261014,25.554495644788393,-0.13533172877713598
2023-02-15,501.6723936721992,505.99237307671194,498.69950888760354,503.7626953125,12796579,0.0,0.0,SBIN.NS,0.0025885720435676607,0.002585227461506362,0.30284456530901194,517.2334762573242,543.7775347900391,538.1606634521485,499.3819386291504,516.7806379167417,532.0015988254338,517.2334762573242,561.2357068665956,473.23124564805295,0.17014455803467818,38.91217200709065,-12.260332814788512,-12.711135567055313,0.4508027522668012,20.849936724791984,29.94891192048384,25.45620838292163,-0.13309347266328844
2023-02-16,508.0361017308311,508.0361017308311,500.27878393689315,501.76519775390625,12767016,0.0,0.0,SBIN.NS,-0.003965155771120887,-0.003973037843929188,0.2976785836620035,514.8482070922852,542.5335723876954,538.0631158447266,499.6450602722168,515.3505959964717,530.8158576069425,514.8482070922852,556.6073635484232,473.0890506361472,0.1622192944673217,38.00751638983842,-11.960757254486452,-12.561059904541542,0.6003026500550899,18.985250194219805,29.855649632787294,25.46629823931912,-0.13653089208317995
2023-02-17,500.27885988741946,501.3472589639467,490.2918631487198,493.3111877441406,14192008,0.0,0.0,SBIN.NS,-0.016848538016604242,-0.01699208933765662,0.27581459671184105,512.1145629882812,541.03505859375,537.9488461303711,499.9178237915039,513.2516047343449,529.3450862397738,512.1145629882812,551.8494225459589,472.3797034306036,0.155179572812058,34.36595669509765,-12.264136092584522,-12.50167514215014,0.23753904956561733,17.870418183720716,30.07897039032889,25.604673759664536,-0.1510790841740798
2023-02-20,494.2401880600991,496.0517940749912,485.0893350789315,487.87640380859375,12570032,0.0,0.0,SBIN.NS,-0.011016948471003762,-0.011078084484023731,0.2617590130413123,509.00001525878906,539.3377331542969,537.8434017944336,500.16181259155275,510.83491893189245,527.7188633993353,509.00001525878906,545.8354830782748,472.16454743930336,0.14473660791840096,32.228200343167984,-12.79560784843045,-12.560461683406201,-0.2351461650242488,17.382678746310113,30.13136724011828,25.59231400309731,-0.16043160215969132
2023-02-21,489.6879577366885,491.4066841580176,485.321595381503,486.29705810546875,10223218,0.0,0.0,SBIN.NS,-0.003237184030209006,-0.003242435045830027,0.2576744669143227,505.42327880859375,537.6729260253907,537.8303958129883,500.3798384094238,508.4979798055664,526.0944788780073,505.42327880859375,535.5809939732917,475.2655636438958,0.11933647075293824,31.61277970604573,-13.19217189729494,-12.68680372618395,-0.505368171110991,13.46087487094711,29.749328900298007,25.29904281562428,-0.16314943956944816
2023-02-22,483.7886509710897,484.8570499338609,476.12421242954093,479.700927734375,14763050,0.0,0.0,SBIN.NS,-0.013563993985057476,-0.013656825349962093,0.2406153780099365,501.8000915527344,535.8074462890625,537.7802282714844,500.6017021179199,505.75540341783386,524.2751239311982,501.8000915527344,524.898957707051,478.7012253984178,0.09206401729756998,29.112374782793793,-13.878719123047574,-12.925186805556676,-0.9535323174908985,12.186788147313328,29.49074569403193,25.334813664505774,-0.1745004755375202
2023-02-23,480.2583733415285,486.80797308923644,475.05583971454416,484.0209045410156,15535085,0.0,0.0,SBIN.NS,0.009005562751449814,0.0089652544895252,0.2517878176470185,499.5843704223633,533.8657879638672,537.691042175293,500.84836730957034,503.6854511438512,522.6965270923675,499.5843704223633,520.3496807856549,478.8190600590717,0.08313034431295747,32.85795492099189,-13.91383667291609,-13.122916779028559,-0.7909198938875317,11.24781176779879,29.683485074556852,24.825304471880806,-0.16706638776868132
2023-02-24,486.99376629777686,490.0595302172936,480.8621817556913,484.06732177734375,12253035,0.0,0.0,SBIN.NS,9.589923884001372e-05,9.58946408019719e-05,0.2519078631459202,498.70644226074216,532.1025018310547,537.7031188964844,501.08908996582034,501.8170578708505,521.1816562956999,498.70644226074216,520.5642935708497,476.8485909506346,0.08765818709307732,32.89898102989602,-13.779085382047015,-13.254150499632251,-0.5249348824147635,10.428282480221807,29.709241889720484,24.111746314390736,-0.1669865100692641
2023-02-27,484.11383686759666,492.19634787828124,482.16291135259667,490.24542236328125,11048799,0.0,0.0,SBIN.NS,0.012762895382512962,0.012682136055898604,0.26788583223179696,498.2187072753906,530.6968914794921,537.6566680908203,501.4242781066894,500.7149973463201,519.9684706512913,498.2187072753906,520.3881240729662,476.04929047781496,0.08899471847941456,38.30269481124498,-13.023644462037282,-13.208049292113257,0.18440483007597486,10.458140775810604,29.88426587116031,24.07479643729581,-0.15635484604505606
2023-02-28,489.82737042433325,490.9422093505489,484.0674165581049,485.6932067871094,15768010,0.0,0.0,SBIN.NS,-0.009285585073344316,-0.009328964865082084,0.2561127704733206,496.792658996582,529.1797973632813,537.5219607543945,501.81903213500976,499.2843506263952,518.6243426566176,496.792658996582,518.2888296747634,475.29648831840063,0.08653980806237832,36.00208282494348,-12.646496898738121,-13.095738813438231,0.4492419147001101,10.351968423726817,29.797462739375092,24.110430429942955,-0.16418858489381938
2023-03-01,486.111228651769,499.2569252659543,485.9718525366277,498.6065979003906,13510198,0.0,0.0,SBIN.NS,0.02658754730934798,0.026240241038690333,0.2895097281841561,497.2269805908203,527.9209710693359,537.5823474121094,502.2310151672363,499.2198027477281,517.8393330583342,497.2269805908203,518.4882225226606,475.96573865898,0.08551926086785178,45.92448604576329,-11.176763227301933,-12.711943696210971,1.5351804689090383,10.710303874807575,30.889081569065034,24.475345781622035,-0.14196640935299062
2023-03-02,497.90982849243375,501.5794802430642,494.70468818610954,495.865966796875,10376913,0.0,0.0,SBIN.NS,-0.005496580099534021,-0.0055117418800802054,0.28242183467406345,497.4894332885742,526.8126458740235,537.6102182006836,502.5730381774902,498.9003898000278,516.9776324206299,497.4894332885742,518.5356164646258,476.44325011252255,0.08460956863718379,44.35279567585679,-10.116517809479376,-12.192858518864654,2.0763407093852777,10.488003611152818,30.896028315686042,24.307959640296747,-0.14668265971207267
2023-03-03,503.53036537022797,524.247562789315,503.2981096666439,521.3676147460938,27656538,0.0,0.0,SBIN.NS,0.051428510236245284,0.05014972548624663,0.348374879125783,498.2791000366211,526.2143536376954,537.9242272949218,503.08510498046877,501.04012550917696,517.149788590256,498.2791000366211,521.6583756555607,474.89982441768154,0.09384008126056786,58.563317167496564,-7.136233753304907,-11.181533565752705,4.045299812447798,10.949190914363697,34.72264489593533,25.710047411407494,-0.1027978201423094
2023-03-06,524.8050992044442,527.5921681185347,519.323840992175,521.8322143554688,16162268,0.0,0.0,SBIN.NS,0.0008911171239533999,0.0008907203148072178,0.3495764390700806,499.03625640869143,525.9858148193359,538.1834255981445,503.6475190734863,503.02032444691906,517.3334131300683,499.03625640869143,524.4542798923194,473.61823292506347,0.10186844405474052,58.76989152955779,-4.682866689134812,-9.881800190429127,5.198933501294315,10.620718203268382,34.692327065828884,25.708256211536185,-0.10199830791618986
2023-03-08,520.2527988045408,525.3624245070854,516.954779009873,524.7120971679688,12637578,0.0,0.0,SBIN.NS,0.005518790778482385,0.005503618050463857,0.35702446907687757,499.85844268798826,525.3856658935547,538.5861569213868,504.1561839294434,505.08620756320954,517.6227732884173,499.85844268798826,527.5003546189002,472.2165307570762,0.1105989599065994,60.097802361260754,-2.4776127627720825,-8.400962704897719,5.923349942125636,10.70034543956152,34.45140924070317,25.597343421007583,-0.09704242445885616
2023-03-09,524.6657186870224,525.5947416506116,518.394813682795,519.23095703125,8993423,0.0,0.0,SBIN.NS,-0.010445995368321248,-0.010500937731322449,0.3428489977582019,500.2834747314453,524.5867083740235,538.8806573486328,504.644303894043,506.43332656016577,517.685839317548,500.2834747314453,528.8743871138079,471.6925623490827,0.11429884785904759,56.37619163998838,-1.1588567600008446,-6.952541515918344,5.793684755917499,10.660531880552854,34.45754957989627,25.64054964296864,-0.10647471511074956
2023-03-10,513.8425840023452,515.5613105252938,506.3175205976238,508.5007019042969,11522371,0.0,0.0,SBIN.NS,-0.02066566906623657,-0.020882192264359466,0.3150981247646034,500.1232192993164,523.5889379882813,538.9150311279296,505.07351257324217,506.630219450083,517.3256378503617,500.1232192993164,528.4795263761703,471.76691222246257,0.11339728283994356,49.86590800361455,-0.9684117906350025,-5.7557155708616765,4.787303780226674,10.763396296869981,32.68388303905643,25.850518236401754,-0.12494001295058559
2023-03-13,508.17549904877285,513.8890122586054,490.9421365185342,492.3821105957031,14373729,0.0,0.0,SBIN.NS,-0.03169826757019378,-0.032211533220526424,0.273411792524755,499.0525207519531,522.0690557861328,538.6135629272461,505.42607666015624,505.27325670204687,516.3474603109634,499.0525207519531,526.8466148306587,471.25842667324747,0.11138745091128507,42.01666960078016,-2.0939802889326415,-5.0233685144758695,2.929388225543228,11.619426064299372,30.59313643645411,26.36306862404384,-0.15267789856004824
2023-03-14,490.1989440527501,494.9833778506137,483.09189635780217,488.108642578125,14750800,0.0,0.0,SBIN.NS,-0.008679169948737409,-0.008717053300880184,0.2623596351627062,498.49046325683594,520.4284014892578,538.3534359741211,505.6885258483887,503.63853154738763,515.2400556939893,498.49046325683594,526.7106215551438,470.270304958528,0.11322246012063863,40.20953342450635,-3.2928763583580576,-4.677270083252307,1.3843937248942497,12.034168401177725,30.676879178039545,26.176698540311055,-0.1600319510797669
2023-03-15,492.1962953100218,494.24015692362525,478.957719678139,480.8157653808594,11282329,0.0,0.0,SBIN.NS,-0.014941094176791458,-0.01505383673196672,0.24349860096876008,497.4081497192383,518.6697595214844,538.0018005371094,505.91427825927735,501.464934769623,513.890083524847,497.4081497192383,526.6295760338521,468.18672340462444,0.11749476292701619,37.264013223367385,-4.776424720699879,-4.697101010741822,-0.07932370995805726,12.399139227574759,29.666617809021616,26.127596429672856,-0.1725819928041799
2023-03-16,481.6054746741917,491.7782296576636,477.79644691553125,487.2724914550781,20040008,0.0,0.0,SBIN.NS,0.013428690444674318,0.013339324735173916,0.26019715874955507,496.58363952636716,517.0365362548828,537.6641006469727,506.14606948852537,500.11327350157114,512.846256384856,496.58363952636716,525.9801692819083,467.18710977082605,0.11839507956234324,41.35970497126474,-5.369250278201548,-4.831530864233767,-0.537719413967781,12.558399896677619,26.701234933585617,25.558728269088032,-0.16147085251719787
2023-03-17,491.1279772701672,493.86854945437267,483.1847861369172,492.1963195800781,18787379,0.0,0.0,SBIN.NS,0.010104876042348776,0.010054163128102705,0.27293129482763945,496.1051956176758,515.6355700683594,537.2859881591797,506.43267288208006,499.3592778900004,512.0364549415314,496.1051956176758,525.4580854676788,466.75230576767285,0.11833332974252421,44.34371285911345,-5.379742698999735,-4.941173231186961,-0.4385694678127736,12.664572386381419,26.86080166867629,25.626014281067423,-0.1529976194239878
2023-03-20,489.2234291835881,489.2234291835881,478.4467863850695,482.34869384765625,14275315,0.0,0.0,SBIN.NS,-0.020007515986351643,-0.020210376720757452,0.24746310159684826,495.55707092285155,514.0395104980469,536.7346130371094,506.66910949707034,497.73922226692,510.8722290162814,495.55707092285155,525.5324598608491,465.58168198485396,0.1209765360916994,39.96363221298081,-6.112221232992056,-5.175382831547981,-0.9368384014440752,12.930007862761707,25.88978356331252,25.69998658997475,-0.1699440330938403
2023-03-21,484.94995350871756,486.29704805352003,479.7938877574261,484.8105773925781,29485180,0.0,0.0,SBIN.NS,0.005103949852716783,0.005090968851517723,0.2538300907105131,495.4037796020508,512.5753692626953,536.1976376342774,506.91065536499025,496.5079227550779,509.85020346241066,495.4037796020508,525.575265742796,465.23229346130563,0.12180563565736782,41.51883394506991,-6.4200559129296835,-5.424317447824322,-0.9957384651053616,12.903462684450988,25.938824038166754,25.70535190193236,-0.1657074690638029
2023-03-22,485.1357478906121,489.5950462693423,483.1847658665671,484.5318603515625,11619538,0.0,0.0,SBIN.NS,-0.0005748988450594572,-0.0005750641627641573,0.25310926523946287,495.31551971435545,510.9746612548828,535.7405581665039,507.1756590270996,495.3673453833145,508.85732726198523,495.31551971435545,525.609252577903,465.0217868508079,0.12232095162702636,41.38811795986429,-6.610307737657763,-5.6615155057910105,-0.9487922318667525,12.392502821874578,25.90572385630211,25.609755826581864,-0.16618710287627989
2023-03-23,482.53450058691243,484.020914495311,475.19519724443677,476.3564758300781,22097792,0.0,0.0,SBIN.NS,-0.01687274912232306,-0.017016715659003315,0.23196586698421884,495.14829711914064,509.4436303710938,535.1733892822266,507.40350173950196,493.5567863782444,507.5827840685771,495.14829711914064,525.8392671119254,464.45732712635584,0.12396677993784985,37.64432035261394,-7.336201719000144,-5.996452748432837,-1.3397489705673067,12.568350754029654,26.208974713883933,25.608844944238783,-0.18025581870440577
2023-03-24,477.9822736866617,478.4003453249582,467.7165821618938,469.4817199707031,14416984,0.0,0.0,SBIN.NS,-0.014431956335631546,-0.014537109958671654,0.21418618938491418,494.421337890625,507.7463055419922,534.5086727905274,507.5983642578125,491.2639229108595,506.0886246921899,494.421337890625,526.8610121321138,461.9816636491362,0.13122279220345898,34.7941143802734,-8.369732209187191,-6.471108640583709,-1.8986235686034822,11.30421983764568,26.41403981073001,25.698280405688266,-0.1920863309352518
2023-03-27,471.01462349240376,477.6571600946743,465.95143720498004,473.9410400390625,15674218,0.0,0.0,SBIN.NS,0.00949838913565726,0.009453563064338122,0.225719002294833,493.91502380371094,506.17161071777343,533.9168856811524,507.7788270568848,489.6141245421169,504.82793509794965,493.91502380371094,527.3363818647774,460.4936657426444,0.13533242136950527,38.06960731857479,-8.728367519872734,-6.922560416441514,-1.8058071034312198,11.549748106455288,26.581542575508287,25.76725516174802,-0.18441245251845825
2023-03-28,475.1487925684998,475.42748810904595,468.08821257551915,472.03656005859375,15833599,0.0,0.0,SBIN.NS,-0.004018390094075341,-0.00402648551787448,0.2207935851978915,493.00458068847655,504.4622100830078,533.203395690918,507.96997360229494,487.94007078178134,503.5419988218965,493.00458068847655,527.8102431054842,458.19891827146887,0.14119812991758365,37.20991896357602,-9.06180535409544,-7.3504094039723,-1.7113959501231406,11.473435966192037,25.461675198971307,25.736725764291325,-0.18768980144010933
2023-03-29,472.87266022053484,481.23386639339304,470.36428702806575,479.84033203125,24203789,0.0,0.0,SBIN.NS,0.016532134654331898,0.01639696662576802,0.24097590913352773,492.7119369506836,502.8549993896484,532.4838674926758,508.22382919311525,487.1686670912546,502.6125216928516,492.7119369506836,527.8730416414312,457.55083225993593,0.14272479334823573,42.89991833645006,-8.597254265093909,-7.599778376196622,-0.997475888897287,11.735553923157084,25.91325076347707,25.897870074225835,-0.1742605798564302
2023-03-31,483.6958266526176,487.6441742313719,482.4880514425495,486.5757751464844,17356345,0.0,0.0,SBIN.NS,0.014036842394473226,0.013939238231297902,0.2583952923853732,492.11039581298826,501.5692333984375,531.6440307617188,508.5856837463379,487.11220119175266,501.98362967142543,492.11039581298826,527.2585304906596,456.9622611353169,0.14284654409547706,47.335828258490984,-7.59801502360574,-7.5994257056784456,0.0014106820727057823,11.370582906478205,26.276511937480134,26.023049436049,-0.16266980575697118
2023-04-03,487.50474724319236,490.98858297861295,485.04281397560624,489.36279296875,14210949,0.0,0.0,SBIN.NS,0.005727818696741771,0.005711477114615638,0.2656031524689899,491.78523712158204,500.36707763671876,530.819058227539,508.95102188110354,487.3265432657524,501.4886948987715,491.78523712158204,526.9073982415521,456.663076001612,0.1428353617344838,49.09796415502618,-6.506222002160939,-7.380784964974945,0.8745629628140055,10.15621813954503,26.332385810055815,25.916801840618202,-0.1578737302150396
2023-04-05,489.59508956413197,490.15248064711744,482.20934584774216,485.8789978027344,13574801,0.0,0.0,SBIN.NS,-0.00711904381794326,-0.007144505122441356,0.25659326817043615,490.01080627441405,499.1249761962891,530.0502920532226,509.2838446044922,487.18868179308396,500.8765499146132,490.01080627441405,522.3127826147854,457.7088299340427,0.13184189379807976,46.9817907324026,-5.8545932151024545,-7.075546615000446,1.2209533998979918,9.874193375728156,25.96235422135465,25.923861479763925,-0.16386886402987982
2023-04-06,486.807957600551,495.8194902936909,484.62477665512847,490.19891357421875,25125879,0.0,0.0,SBIN.NS,0.008890929204637521,0.008851637614336041,0.2677655499567635,488.42914123535155,497.9256072998047,529.3660665893555,509.6835566711426,487.4753705341444,500.457819077735,488.42914123535155,517.0597617399625,459.79852073074056,0.1172355131481198,49.86726069102216,-4.932730164096654,-6.646983324819688,1.7142531607230342,9.582213118090737,25.894495795960452,25.981143274535796,-0.1564348812941763
2023-04-10,491.6853922039444,492.7537912687955,487.17965361508993,488.94476318359375,17335453,0.0,0.0,SBIN.NS,-0.0025584519995781596,-0.002561730430895165,0.26452203265048024,486.6407745361328,496.54786682128906,528.750588684082,510.0797850036621,487.6153126912348,500.00632668972946,486.6407745361328,509.64412399724756,463.6374250750181,0.09453934263129343,49.032929716222924,-4.254305523796063,-6.168447764614964,1.9141422408189008,8.981667040345968,25.887217591194293,25.975393882675764,-0.15859310215890357
2023-04-11,493.17179020753014,497.6775853530546,489.73445079520377,494.33306884765625,26414406,0.0,0.0,SBIN.NS,0.011020274824048437,0.010959994064796467,0.27845741297135285,485.3958801269531,495.39123474121095,528.1118850708008,510.5322190856934,488.25509899184635,499.78384599004033,485.3958801269531,503.04472422480137,467.74703602910483,0.0727193815210475,52.694925778291065,-3.244457783706082,-5.583649768433188,2.3391919847271057,8.842314101203495,25.722465854797726,26.058614645982942,-0.1493205669058446
2023-04-12,495.35498352755394,496.09819044978934,488.6660078213281,490.7098693847656,21292441,0.0,0.0,SBIN.NS,-0.007329470131012483,-0.0073564626721048295,0.26908699754920784,484.50633850097654,494.6387255859375,527.4471691894531,510.8919831848145,488.48888664831486,499.42800377022564,484.50633850097654,498.708770255957,470.3039067459961,0.05862640228370032,50.0888104912685,-2.7053228130547495,-5.0079843773575,2.302661564302751,8.39107477502154,25.723440663321245,26.03713189088559,-0.15555559640177485
2023-04-13,491.73178559870985,496.3304600695866,489.7344204831548,495.12274169921875,28597560,0.0,0.0,SBIN.NS,0.008992833830682612,0.008952639097175107,0.2804996860348479,484.6433700561523,494.50866271972654,526.8330853271484,511.2882113647461,489.1206823674486,499.2591699635195,484.6433700561523,499.2138719777383,470.07286813456636,0.06012875785300756,53.12927737395777,-1.900069727624441,-4.386401447410889,2.486331719786448,8.397709010045673,25.837774216437566,26.032723520895413,-0.1479616482009662
2023-04-17,490.5241214527803,506.3175117268282,490.5241214527803,505.38848876953125,32476990,0.0,0.0,SBIN.NS,0.020733741768922398,0.020521723360034168,0.30704923586028054,485.50736236572266,494.6164300537109,526.2877490234375,511.71834915161133,490.669997262885,499.49953540689256,485.50736236572266,502.74773684104053,468.2669878904048,0.07102003311056306,59.33530566450275,-0.4286002251384389,-3.594841202956399,3.16624097781796,9.067931143708007,26.256209652198027,26.293257889543554,-0.13029570503754673
2023-04-18,506.6426052589142,509.56905001405534,502.1368669691831,507.10711669921875,22283456,0.0,0.0,SBIN.NS,0.0034006075877823783,0.0033948385968160483,0.31149399740935224,486.8219299316406,494.4742889404297,525.8023345947265,512.1438414001465,492.2354372092025,499.7978719281603,486.8219299316406,506.40614204524394,467.2377178180373,0.08045739482752276,60.283418340510025,0.8662433535380387,-2.7026242916575116,3.5688676451955503,8.931896853547045,26.07506095319278,26.14458039640595,-0.12733818201297054
2023-04-19,505.3884457950075,508.6400258690563,500.0465642447845,501.9510498046875,21156372,0.0,0.0,SBIN.NS,-0.010167609021329294,-0.010219652228456656,0.29815923920987375,487.5558578491211,494.71490661621095,525.2560693359375,512.5112698364258,493.1607336468677,499.88231027625943,487.5558578491211,508.2782623946764,466.83345330356576,0.08500525308822388,56.060426885940096,1.4595400420707278,-1.8701914249118636,3.3297314669825915,8.782589600776143,25.17085616706767,26.105865178067596,-0.13621106618610507
2023-04-20,502.7872234668011,506.73557093822814,498.56018045565,506.1316833496094,25588577,0.0,0.0,SBIN.NS,0.008328767409787385,0.008294274615802207,0.3089713055741192,488.2526260375977,495.0252020263672,524.6721786499023,512.8854339599609,494.39606218998597,500.12738373011626,488.2526260375977,510.5121168720331,465.99313520316224,0.0911802196132842,58.593232722900886,2.2412385276435316,-1.0479054344007845,3.2891439620443164,8.530423000267847,25.211023693702412,26.152198414894606,-0.12901676906522086
2023-04-21,506.31745499760086,507.6181096733121,501.39364521621684,504.5987854003906,22599418,0.0,0.0,SBIN.NS,-0.0030286543989380688,-0.0030332500541187476,0.3050068838714084,489.36513061523436,495.00569213867186,524.0571655273437,513.2758557128906,495.3677501147864,500.3027328152251,489.36513061523436,512.5855418264924,466.1447194039763,0.094900146163112,57.28924063460555,2.705856723779732,-0.29715300276468126,3.003009726544413,8.450793637665596,20.139083116920624,26.11312423813608,-0.1316546762589928
2023-04-24,505.20270772839496,516.1187282305297,504.92401216257053,515.2361450195312,23335611,0.0,0.0,SBIN.NS,0.021080826840873312,0.020861700437904043,0.3325175080164493,490.886408996582,495.17663330078125,523.5666418457031,513.6878775024414,497.2599782009526,500.88835682323713,490.886408996582,516.6930596402999,465.0797583528641,0.10514306434545269,63.37975562891103,3.887602155056925,0.53979802879964,3.3478041262572846,8.497248170866433,21.13048105872137,26.334877194719596,-0.11334923885112656
2023-04-25,515.6077045098767,527.592122485113,515.6077045098767,521.925048828125,38142390,0.0,0.0,SBIN.NS,0.012982209950235912,0.012898663365284637,0.34981653006788394,492.75606842041014,495.44976684570315,523.131859741211,514.1289309692382,499.6090325463976,501.71332513715436,492.75606842041014,521.8349977779578,463.67713906286247,0.11802565699805076,66.60460274184089,5.302755692440428,1.4923895615277978,3.81036613091263,8.822400689827854,21.418987287257945,26.42716300174554,-0.10183855251735541
2023-04-26,522.1108120871492,526.7559260736897,516.9547469026996,526.1520385742188,23143882,0.0,0.0,SBIN.NS,0.00809884437542241,0.00806622473787192,0.3607484840802764,495.2458465576172,495.7582012939453,522.7398114013672,514.5604615783691,502.1369378823806,502.67170605625495,495.2458465576172,526.8316158772793,463.66007723795514,0.12755591809284314,68.49284621323153,6.688259717800349,2.5315635927823084,4.1566961250180405,9.09778713039809,21.313891251421317,26.444593878251776,-0.0945644827301893
2023-04-27,524.8979661864694,527.1276439453,521.2747540041349,524.6657104492188,17845169,0.0,0.0,SBIN.NS,-0.0028249023400682693,-0.002828899906949368,0.3569045025033537,498.00504608154296,496.0173992919922,522.3895703125,514.9905992126464,504.2825352696985,503.5342160324496,498.00504608154296,529.7552667821533,466.2548253809327,0.12750963449238442,67.05707847364835,7.57898159985956,3.5410471941977586,4.037934405661801,8.948483926240215,20.37897090587881,26.324379735144714,-0.09712224964170571
2023-04-28,527.499226189582,539.2513893335699,525.3624847187829,537.2539672851562,16183423,0.0,0.0,SBIN.NS,0.023992909361580717,0.023709602141760586,0.38946058924423754,501.17069244384766,496.48655700683594,522.1127221679687,515.4474462890626,507.42267165212303,504.8565592188302,501.17069244384766,535.3508299048885,466.99055498280677,0.13640118217754926,72.34462407913028,9.194661892090664,4.67177013377634,4.522891758314325,9.190695729510841,18.924961054831353,26.540653528688367,-0.07545958561277119
2023-05-02,538.8332768389454,539.6229236151588,532.4694927161221,534.4668579101562,13667511,0.0,0.0,SBIN.NS,-0.005187694358189221,-0.00520119716376278,0.382252492384489,504.2922073364258,497.1888983154297,521.8131127929687,515.8587712097168,509.9983084386024,506.0177474028038,504.2922073364258,538.671816946563,469.91259772628854,0.13634797091838363,69.67800594413433,10.133392291792006,5.764094565379473,4.369297726412533,9.303502389891637,18.764418747311247,26.338798592730196,-0.08025581870440578
2023-05-03,530.1469444766262,534.1881714402115,528.6140339990961,530.007568359375,9699527,0.0,0.0,SBIN.NS,-0.008343435116290876,-0.008378436394291063,0.37071975839994775,506.80056915283205,497.73980895996095,521.378330078125,516.2394386291504,511.9039522405808,506.9585246952184,506.80056915283205,540.9884291158794,472.61270918978465,0.13491642292429074,65.5169407662062,10.39765777136131,6.69080720657584,3.7068505647854693,9.097788228577299,18.305123819856206,26.369507769867205,-0.08792964460463165
2023-05-04,529.7288993852984,539.5765200104115,528.1495490238584,538.8333129882812,12533761,0.0,0.0,SBIN.NS,0.01665211056556437,0.01651498437222046,0.3935451353712274,509.4134460449219,498.44122131347655,521.1093780517579,516.6658601379395,514.4686532641713,508.2085163929856,509.4134460449219,545.0500867809762,473.77680530886755,0.13991244641356318,69.41053789426621,11.190259553143335,7.59069767588934,3.5995618772539952,9.383130254155288,18.48284021377865,26.525299033472592,-0.07274174820301435
2023-05-05,539.0190608734192,546.4976833637962,534.2345705860378,535.5816650390625,18163461,0.0,0.0,SBIN.NS,-0.006034608237537542,-0.006052890072073538,0.3851356364179357,511.7243896484375,499.1175506591797,520.8255615234375,517.091120147705,516.4794162903514,509.2819732026357,511.7243896484375,547.8769787346894,475.5718005621856,0.14129711156073393,66.43425545292641,11.424328810121551,8.357423902735782,3.0669049073857693,9.787921196392906,18.56760422806435,26.36920134909046,-0.07833738848763314
2023-05-08,536.6500935577258,545.8938259243915,536.3713413290757,542.177734375,12990869,0.0,0.0,SBIN.NS,0.01231571162066647,0.012240490217985282,0.40219456747156723,514.5393264770507,500.0948815917969,520.5649700927735,517.5421606445312,518.926875155556,510.57200305253235,514.5393264770507,550.9846441379902,478.0940088161112,0.14166193247258052,69.30916274835084,12.003706792556727,9.086680480699972,2.9170263118567554,9.39640481148442,17.433128524193,26.452033787030565,-0.06698645755269644
2023-05-09,543.4783797193426,544.8254742233607,531.4939619981551,532.7946166992188,18959065,0.0,0.0,SBIN.NS,-0.017306350078351573,-0.017457855503313573,0.3779276974089416,516.6691116333008,500.99324584960937,520.1654895019532,517.9794981384277,520.2476124454287,511.4434780975005,516.6691116333008,552.089358078881,481.2488651877205,0.13710998257127976,61.2698158470395,11.572330220128265,9.58381042858563,1.9885197915426343,9.817785467222519,18.48398692645065,26.03639136622156,-0.0831335165461324
2023-05-10,534.188166838668,534.188166838668,523.2721477771822,531.5869140625,18561315,0.0,0.0,SBIN.NS,-0.0022667320555915804,-0.002269304981521953,0.37480430452693736,518.8012191772461,501.89904296875,519.7859844970703,518.4119583129883,521.3275459327688,512.2334167627946,518.8012191772461,552.2748679099705,485.3275704445218,0.12904229016966975,60.30031711062458,11.006137763927427,9.86827589565399,1.1378618682734363,9.983682427023524,18.52060760049744,25.137843450655577,-0.0852118071948748
2023-05-11,531.5868903735,538.8332573209989,531.4010744613989,532.7481689453125,16016715,0.0,0.0,SBIN.NS,0.0021845061495926466,0.0021821235852206057,0.37780757298466283,520.7219741821289,502.9599877929688,519.3837170410156,518.7981994628906,522.4152243149158,513.0379168483835,520.7219741821289,552.6572559054238,488.786692458834,0.12265770720912625,60.94031947902073,10.529749331471066,10.000570582817407,0.5291787486536599,9.93059616823937,17.52631296345561,25.101597188242692,-0.08321344676211728
2023-05-12,533.9094229370257,539.5299996252273,530.9829783895638,537.1145629882812,11319335,0.0,0.0,SBIN.NS,0.008195981323808166,0.008162576667384232,0.3891000581206465,523.0422088623047,504.02186096191406,518.9438244628906,519.1707374572754,523.8151613314268,513.982099049948,523.0422088623047,552.4384717577005,493.6459459669089,0.11240493557618261,63.333854865891524,10.384829721646952,10.077422410583317,0.30740731106363484,10.096493080994248,16.688390789448288,25.142230312849513,-0.07569948129386118
2023-05-15,537.6720048826024,542.5493751212783,533.8630336631455,540.5984497070312,11410243,0.0,0.0,SBIN.NS,0.006486300984592797,0.006465355458232128,0.3981101791953323,525.3159942626953,505.1524835205078,518.6274926757812,519.5112245178223,525.4135697481511,515.0258775070886,525.3159942626953,552.5768751922351,498.05511333315553,0.10378850530832077,65.1679264301447,10.430859968190475,10.148109922104748,0.2827500460857273,9.894092982993802,16.63351319152495,24.98052365222388,-0.06970418992931796
2023-05-16,542.5492941398024,548.4950625102256,540.6912486119264,544.68603515625,22178229,0.0,0.0,SBIN.NS,0.007561223032426234,0.007532780270287177,0.40868160208413373,527.2808715820313,506.24129577636717,518.4690936279297,519.8561238098144,527.2490426441605,516.1890209443106,527.2808715820313,554.1562854665158,500.4054576975468,0.10193965050865066,67.2385521926278,10.67412854512736,10.253313646709271,0.4208148984180884,9.575566935680415,16.458948384676187,25.009506737939823,-0.06267001582324183
2023-05-17,544.4073396676786,548.5879421053996,538.3686917020814,544.68603515625,23739774,0.0,0.0,SBIN.NS,0.0,0.0,0.40868160208413373,529.1598175048828,507.42115234375,518.3004748535157,520.1933587646485,528.9097085976928,517.3065509134063,529.1598175048828,555.3422461920348,502.9773888177306,0.09895849163531967,67.2385521926278,10.743081093495334,10.351267136066484,0.39181395742884995,9.605429166561,16.132174383817212,25.00715011811726,-0.06267001582324183
2023-05-18,548.4021291522823,551.7466451422207,530.843632841543,533.4448852539062,45656620,0.0,0.0,SBIN.NS,-0.020637852224573927,-0.02085378884201519,0.3796094393488454,530.7345092773437,508.1179180908203,518.0194445800781,520.455343170166,529.3416301839989,517.9394267698965,530.7345092773437,553.6056340239708,507.86338453071664,0.08618668787062193,56.52204184009509,9.777945564041147,10.236602821661418,-0.45865725762027054,10.680437906526192,17.391648470647382,25.235934069097958,-0.08201449352234397
2023-05-19,537.9041684945907,544.639583385067,529.4500842098329,534.3274536132812,42293962,0.0,0.0,SBIN.NS,0.0016544696252076552,0.0016531024980431495,0.38189196126089775,532.1442977905274,508.88714782714845,517.849896850586,520.7384625244141,529.8164705105972,518.5820944892449,532.1442977905274,551.892874189147,512.3957213919077,0.07422263653154268,57.1001552622464,8.980759983432677,9.98543425401567,-1.0046742705829939,10.723567927303545,17.378801286893808,25.16758446916947,-0.08049571438549577
2023-05-22,536.5107432551475,539.1119961242575,532.7482117209831,536.1856079101562,21484049,0.0,0.0,SBIN.NS,0.0034775572250866915,0.003471524505000413,0.38669756963506985,533.7236389160156,509.1835076904297,517.6989306640625,520.965841217041,530.4230550248409,519.2724283488885,533.7236389160156,548.6636618022956,518.7836160297356,0.05598411536211106,58.35565899997008,8.402068375772956,9.668761078367128,-1.266692702594172,10.667164606177664,17.11238742445541,25.17609405101394,-0.07729808561355894
2023-05-23,537.8113856521496,542.2706842826218,535.8604035179653,540.3197021484375,16120548,0.0,0.0,SBIN.NS,0.00771019247307736,0.007680620843796321,0.39738927479890473,534.977816772461,509.5532574462891,517.7695361328125,521.1941485595703,531.3655928461358,520.0978116351454,534.977816772461,547.3788500565214,522.5767834884006,0.04636092523939129,61.084441016795395,8.182712743471939,9.37155141138809,-1.1888386679161513,10.706982952863118,17.08253379412356,25.184474723525597,-0.0701838762583626
2023-05-24,538.647424884356,543.7106106427419,537.2074508400949,541.3416137695312,17616658,0.0,0.0,SBIN.NS,0.001891309195334534,0.0018895229220071822,0.40003216998379365,535.9486450195312,509.88584777832034,517.6357568359375,521.4466105651856,532.3156900769353,520.9309019149252,535.9486450195312,547.015473000758,524.8818170383045,0.04129809109163235,61.75162179322447,7.999122645278021,9.097065658166077,-1.0979430128880558,10.355282154012684,16.998261809670623,25.10573503517203,-0.06842530647355975
2023-05-25,540.6912739415322,541.5274171494668,536.046159904234,539.9945068359375,16479436,0.0,0.0,SBIN.NS,-0.002488459965627632,-0.0024915613282741156,0.39654824597819816,536.6407684326172,510.3011187744141,517.4439135742188,521.6672532653809,533.0470059587451,521.6784942647688,536.6407684326172,546.8240316987816,526.4575051664527,0.0379518809050121,60.28439062675976,7.65666463466539,8.80898545346594,-1.1523208188005505,9.870863901689429,16.926523924705627,24.872589108552585,-0.07074349280339215
2023-05-26,539.9945509718547,546.0331997139054,539.3442236128685,544.4074096679688,9788076,0.0,0.0,SBIN.NS,0.00817212541269785,0.008138914409454514,0.4079610133892151,537.6278533935547,511.0192529296875,517.3040954589844,521.8711738586426,534.1289491691473,522.5698242805806,537.6278533935547,546.6890663833873,528.5666404037221,0.03370812331480751,63.35596112378096,7.653128075804148,8.577813977933582,-0.9246859021294345,9.612064988525706,16.6988886416686,24.907411629646884,-0.06314949208601583
2023-05-29,548.1235013048188,554.0692704408735,546.3118953412509,552.7686157226562,18432231,0.0,0.0,SBIN.NS,0.015358361966063105,0.015241616157042321,0.4295849882669516,538.4035858154297,512.2269830322266,517.1480194091797,522.1227067565918,535.9041555075767,523.7540906116425,538.4035858154297,549.7086306725402,527.0985409583192,0.04199468634663208,68.35049957691184,8.230132929197907,8.508277768186447,-0.27814483898854014,9.349947027647074,16.97969713138209,25.035494199047953,-0.04876100287738274
2023-05-30,552.7686543075964,553.2331657818045,549.5170739881399,550.7247924804688,15031640,0.0,0.0,SBIN.NS,-0.0036974299626535423,-0.0037042823528544763,0.42429919789717374,539.2164825439453,513.4793060302734,516.9538537597656,522.399323272705,537.3156447430902,524.8117651947337,539.2164825439453,551.6148480691509,526.8181170187397,0.04598659694789701,65.98303544907242,8.425371539412367,8.491696522431631,-0.06632498301926404,8.835666508516981,16.317591635423533,25.000790466226757,-0.05227814244698847
2023-05-31,552.9030104609316,553.8500865520962,546.9364426475817,549.1620483398438,28797643,11.3,0.0,SBIN.NS,-0.002837613563003716,-0.00284164722081874,0.4202575871754455,540.1742065429687,514.8462316894531,516.7579956054688,522.6783454895019,538.4438736570667,525.7666782592478,540.1742065429687,552.5365683079093,527.8118447780281,0.04577175887037555,64.15329327392125,8.357657282186779,8.464888674382662,-0.1072313921958834,8.798628011725166,16.40153041785578,24.991642542284733,-0.05496741084393599
2023-06-01,551.0088964611522,555.3654814653645,550.251247096706,551.9086303710938,17820226,0.0,0.0,SBIN.NS,0.005001405394915892,0.0049889399129626946,0.42736087113411503,540.8279724121094,516.1389544677735,516.5877453613281,523.0205711364746,539.7262314393549,526.7918528518692,540.8279724121094,554.2309057576164,527.4250390666024,0.049564497508253876,65.94093196799153,8.42846140472011,8.457603220450153,-0.02914181573004271,8.631228861000677,15.949536711578597,24.84748573899555,-0.050240919754159445
2023-06-02,553.7554176157541,557.7331488713374,552.1453766545729,556.1231079101562,11323908,0.0,0.0,SBIN.NS,0.007636187055507282,0.00760717895970625,0.438260465741807,541.8550445556641,517.417490234375,516.5265301513672,523.4103462219239,541.2878387222884,527.9420981482726,541.8550445556641,556.6419757759878,527.0681133353404,0.05457891873074429,68.53396670186358,8.724081516319984,8.51089887962412,0.2131826366958638,8.42681293543717,15.931498864597263,24.874739794072564,-0.042988381759735655
2023-06-05,557.3542953022576,558.5854826943589,554.9866050078555,556.1231079101562,12920507,0.0,0.0,SBIN.NS,0.0,0.0,0.438260465741807,542.5523132324219,518.892978515625,516.4662445068359,523.7534378051757,542.7007215020853,529.0472357859936,542.5523132324219,558.6595405861077,526.445085878736,0.05937575773190279,68.53396670186358,8.856272982487098,8.579973700196716,0.2762992822903829,8.119831855673535,15.852702999624219,24.86973978511604,-0.042988381759735655
2023-06-06,556.8807464651535,557.7331380766161,552.1453659680009,554.3709716796875,11199940,0.0,0.0,SBIN.NS,-0.0031506265529103183,-0.0031556002262873215,0.4337290441284396,543.6311309814453,520.2841864013672,516.4297778320313,524.0601304626465,543.8121738999522,530.0403234680992,543.6311309814453,559.8762550305263,527.3860069323642,0.059765245672200075,66.10725496195106,8.719144056028085,8.607807771362989,0.11133628466509649,7.789011977480462,15.024179627685374,24.86835407051609,-0.046003567975607104
2023-06-07,556.8807700208413,559.3431448615423,554.9866177418588,558.0172729492188,11113781,0.0,0.0,SBIN.NS,0.006577366882113855,0.0065558303885950445,0.44315920606121484,544.9526489257812,521.7538946533203,516.3642779541016,524.4071189880372,545.1650404760728,531.1374587418686,544.9526489257812,561.3715981131966,528.5336997383658,0.06025825994159545,68.59911461170236,8.803216433653574,8.646889503821107,0.156326929832467,6.651094897564543,14.74750452636287,24.783741120845722,-0.039728783437955086
2023-06-08,558.7276422332659,562.515947212822,555.3181330686974,557.3543701171875,15971917,0.0,0.0,SBIN.NS,-0.001187961133403026,-0.0011886673185660173,0.4414447890151014,546.182958984375,523.3738525390625,516.4087414550781,524.740573425293,546.3259290133219,532.1655729134498,546.182958984375,562.4381223039907,529.9277956647593,0.05952277731199121,67.62567181721647,8.715882413185,8.660688085693886,0.055194327491113526,6.080260252485289,14.674150167797464,24.72372757147072,-0.04086954832075649
2023-06-09,556.8807949778836,557.9225556560352,546.2261879311128,548.072998046875,18870272,0.0,0.0,SBIN.NS,-0.016652550994371906,-0.016792763498434404,0.4174410561604558,546.7308807373047,524.945678100586,516.3459918212891,525.0081117248535,546.492316540327,532.7893935069175,546.7308807373047,562.4281896978888,531.0335717767206,0.057422434011465365,55.70652918846576,7.807737674579926,8.490098003471093,-0.6823603288911677,6.461159061174434,15.585216747615165,23.78700730083094,-0.05684151707760005
2023-06-12,549.3042256177404,550.7248399943379,547.12596180128,548.0256958007812,8786066,0.0,0.0,SBIN.NS,-8.63064706021488e-05,-8.631019521988998e-05,0.417318721825612,547.1022430419922,526.4273712158204,516.2994909667968,525.331155090332,546.6383526603703,533.3868955576572,547.1022430419922,562.5379351213384,531.666550962646,0.05642708387931579,55.6526930535732,7.003477797926621,8.1927739623622,-1.1892961644355786,6.260344591774534,14.052942756163375,22.162435511893648,-0.05692291775747954
2023-06-13,548.7833464014943,550.6301566559672,543.858538324549,545.894775390625,12612098,0.0,0.0,SBIN.NS,-0.0038883585687392586,-0.0038959378887075484,0.4118076784289668,547.1626800537109,527.904535522461,516.1833728027344,525.6855819702148,546.5675357775374,533.8774006491462,547.1626800537109,562.5679742037519,531.75738590367,0.05630974008873827,53.160251690545266,6.123559995203664,7.778931168930493,-1.655371173726829,6.279520200972472,14.010621078905054,22.166273534863322,-0.060589939611198844
2023-06-14,546.462938992896,547.9308954655977,544.8055557290528,546.0367431640625,8948696,0.0,0.0,SBIN.NS,0.00026006435642456083,0.0002600305455516945,0.4121748392842528,547.2302154541015,529.2284637451172,516.0417315673828,525.9914802551269,546.5169841000636,534.3542376105155,547.2302154541015,562.6015997400117,531.8588311681914,0.056178858008250517,53.31027794918864,5.375706610379211,7.298286257220237,-1.922579646841026,6.111240378923331,13.745129129092657,21.677736687734157,-0.06034563253842506
2023-06-15,545.5158387577229,546.1788035949786,535.3347705864633,536.5186157226562,17934877,0.0,0.0,SBIN.NS,-0.017431294799416852,-0.017585008726299773,0.3875588033523698,547.383901977539,530.2273205566406,515.898276977539,526.2618653869629,545.5647585403105,534.4391151835406,547.383901977539,562.2273521349788,532.5404518200993,0.054234149392463585,43.29736162597049,3.9692391584487723,6.632476837465945,-2.663237679017173,6.408030158028931,13.92740520455219,20.3412148417219,-0.07672502482720736
2023-06-16,538.6495217087493,544.284635958382,537.039480808149,541.0172119140625,12660226,0.0,0.0,SBIN.NS,0.008384790498549455,0.008349833411999904,0.39919319322289737,547.7183898925781,531.2604089355468,515.8137432861328,526.5496339416504,545.1316588616203,534.6970797612082,547.7183898925781,561.5928974886399,533.8438822965163,0.050662924057682066,48.24514747934687,3.1809348491743776,5.942168439807633,-2.761233590633255,6.272612976801854,14.020736575440736,20.377758297407617,-0.06898355758783002
2023-06-19,541.0172686527673,542.4378829249408,535.950434203992,538.7442626953125,17903691,0.0,0.0,SBIN.NS,-0.004201251214741464,-0.004210101266851984,0.3933148311202117,547.846322631836,532.3177142333984,515.7213452148437,526.8102444458008,544.52333541721,534.8557928174477,547.846322631836,561.3143110167022,534.3783342469698,0.04916703034590585,46.058326716133855,2.3457496566610416,5.2228846831783144,-2.877135026517273,6.4705670430364455,13.609538561205742,19.782621662095284,-0.07289499154745843
2023-06-20,538.7443080848411,539.3125885245541,532.7777392000137,537.37109375,14549152,0.0,0.0,SBIN.NS,-0.0025488326101935632,-0.002552086414141322,0.3897635048423862,547.6988922119141,533.2611578369141,515.5933825683594,527.1055627441406,543.8421695441424,534.9544320697046,547.6988922119141,561.5722484828166,533.8255359410116,0.050660523394064676,44.73896343979724,1.5551295511438639,4.489333656771425,-2.934204105627561,6.443510287324012,12.632432736984796,19.788936970028104,-0.07525802702607605
2023-06-21,537.3710020274224,539.3598387145792,535.7136188531458,536.3765258789062,14946871,0.0,0.0,SBIN.NS,-0.0018508026997753335,-0.0018525175513199926,0.38719132679557466,547.4506378173828,534.2097930908203,515.3788299560547,527.3197285461425,543.131155861739,535.0102004543792,547.4506378173828,561.9658273412384,532.9354482935272,0.053028304366310924,43.76118502624329,0.8386368229033678,3.7591942899978137,-2.920557467094446,6.260852197032055,12.625616911985379,19.789429974234597,-0.0769695419662518
2023-06-22,536.3765181498571,538.8862928995716,531.3570264553653,533.156494140625,14979063,0.0,0.0,SBIN.NS,-0.006003304736360127,-0.00602139701555672,0.3788635945331851,547.1087371826172,534.9862615966797,515.1887481689453,527.508271484375,542.1811880787758,534.937506089134,547.1087371826172,562.6493236796927,531.5681506855418,0.056809864076026236,40.66262211530384,0.010856377804657313,3.0095267075591825,-2.998670329754525,6.382619907315099,12.74355887908919,19.807956689635713,-0.0825107750867705
2023-06-23,532.256861613067,532.3515461177094,524.490824669111,525.2484741210938,12215712,0.0,0.0,SBIN.NS,-0.0148324555856304,-0.014943556422555522,0.358411661508629,546.1507904052735,535.6770336914062,515.1578796386718,527.6414808654786,540.5685486542346,534.5575440511716,546.1507904052735,564.5005638236956,527.8010169868513,0.06719672933112715,34.248899709922654,-1.2686524782074002,2.153890870405866,-3.4225433486132664,6.744533606244423,13.20491710486468,19.972942767910524,-0.09611939326559046
2023-06-26,526.5743681702502,528.9420586746129,525.1537538676326,527.5687866210938,8360264,0.0,0.0,SBIN.NS,0.004417552100237199,0.00440782335791941,0.36441251579691314,544.8907989501953,536.3259545898437,515.4173086547852,527.7760725402832,539.3304760796498,534.2834751323451,544.8907989501953,564.7276920631317,525.0539058372589,0.07281052699423385,37.37036193426192,-2.0715629496902466,1.3088001063866437,-3.3803630560768902,6.616000227556209,13.120279373464808,19.974772921808697,-0.09212645359294723
2023-06-27,528.7052460586985,537.8918960196315,526.2428712590395,536.1397705078125,10694768,0.0,0.0,SBIN.NS,0.01624619216313583,0.016115634923919632,0.3865790237183373,544.1615478515625,536.9409802246093,515.7787051391601,527.9586288452149,539.0265993585224,534.3562710294223,544.1615478515625,564.1670467522874,524.1560489508377,0.07352779328017506,47.31927592942254,-1.9932910950774385,0.6483818660938272,-2.641672961171266,7.092918197466012,13.822716914990476,19.55829998868655,-0.07737696549819054
2023-06-28,541.9643300759469,543.6217133483505,538.4601367390198,539.6439819335938,18028934,0.0,0.0,SBIN.NS,0.006536003517258582,0.006514736463663347,0.3956417090943174,543.68564453125,537.5917175292968,516.0330032348633,528.1816996765136,539.0853976990054,534.5636322413507,543.68564453125,563.6430657972828,523.7282232652171,0.07341529601444434,50.76302459086854,-1.6297131910298503,0.19276285466909165,-1.822476045698942,7.113213104352683,13.971857774567994,19.560723505649,-0.07134669809958297
2023-06-30,543.621753554977,543.621753554977,540.0228754582851,542.5325927734375,8718232,0.0,0.0,SBIN.NS,0.005352808400630238,0.005338533041260022,0.4031123117590274,543.2168426513672,538.4033483886719,516.5591275024414,528.3644010925293,539.4137019918085,534.876140497511,543.2168426513672,562.7979032120444,523.63578209069,0.07209298027323571,53.4635976819148,-1.0958559833578647,-0.0649609129362996,-1.0308950704215651,6.561884811242741,12.647737054416424,19.573072002873786,-0.0663757949038973
2023-07-03,544.0952635802307,555.3180931535118,543.5270409961187,554.4657592773438,15421985,0.0,0.0,SBIN.NS,0.021995298831547938,0.021756891801801626,0.4339741863503912,543.1339752197266,539.3700299072266,517.1976159667969,528.566356048584,540.8472312570975,535.6443608418182,543.1339752197266,562.4978824066759,523.7700680327773,0.07130434872580217,62.59175726322676,0.2868301082449989,0.005397291299960097,0.2814328169450388,7.218072110315339,14.08790828875603,19.87019865115424,-0.04584045151644215
2023-07-04,557.0702178075081,564.4100581652275,551.4351030041416,558.0646362304688,24799250,0.0,0.0,SBIN.NS,0.006490710910292297,0.006469736954566611,0.4432816982468133,543.2310516357422,540.4393469238281,517.72251953125,528.7791053771973,542.4869841117043,536.5235873276476,543.2310516357422,562.886413169698,523.5756901017864,0.0723646465892214,64.83218909937247,1.653952357376852,0.3351083045153385,1.3188440528615135,7.661167598148746,14.155803699490072,19.65296854914267,-0.039647277724940276
2023-07-05,558.5854903048938,562.279110336461,557.0701916178066,559.3431396484375,13598114,0.0,0.0,SBIN.NS,0.0022909593888704727,0.002288339142565241,0.4465881980041968,543.4796600341797,541.3214868164063,518.2490600585937,528.9838471984863,544.0923322580599,537.4184717323844,543.4796600341797,563.8413801286313,523.1179399397281,0.07493093704066506,65.61994306449574,2.8081999493566627,0.8297266334836033,1.9784733158730594,7.809994668299429,14.031558692833238,19.53983513232223,-0.03744714863921696
2023-07-06,559.153741476405,562.0896542062237,557.922496326865,561.142578125,11323509,0.0,0.0,SBIN.NS,0.0032170564882469943,0.0032118928335713656,0.45124195395240774,543.6359252929688,542.1058374023437,518.7778021240234,529.1337162780761,545.7161651977684,538.3488288458203,543.6359252929688,564.50895712236,522.7628934635775,0.07679048001893055,66.74888415079975,3.824067656880061,1.428594838162895,2.395472818717166,7.33307501621681,14.042558529065257,19.52448598262009,-0.03435056174346602
2023-07-07,558.7749361423764,563.9838550386189,554.5130934090871,562.1843872070312,11707209,0.0,0.0,SBIN.NS,0.00185658533614097,0.0018548640117801956,0.45393630848330835,543.8774261474609,542.826484375,519.2923428344726,529.2869358825684,547.2845672938887,539.2835566246913,543.8774261474609,565.5164731254251,522.2383791694967,0.07957324918316146,67.41600548773437,4.659503563541875,2.074776583238691,2.5847269803031843,7.4548422586315315,13.998815870667267,19.353652235682087,-0.03255775115654611
2023-07-10,563.1788570435173,568.0562645445196,559.0116988517439,561.2373046875,11417363,0.0,0.0,SBIN.NS,-0.0016846474948128964,-0.001686068109117527,0.4514869383236044,544.5356414794921,543.5579162597656,519.7876577758789,529.4834971618652,548.6133994266136,540.144487921272,544.5356414794921,567.4738986194499,521.5973843395344,0.0842488733249304,66.11733693261448,5.185396867048894,2.696900640000732,2.488496227048162,7.637493470904888,13.874227182906045,19.32419233027635,-0.034187550317436394
2023-07-11,563.5102635613317,564.4099973918707,556.2651084792831,557.401611328125,13221177,0.0,0.0,SBIN.NS,-0.006834352113337716,-0.006857813253305694,0.4415669654991905,545.0044372558593,543.960869140625,520.2237130737304,529.6123384094238,549.4503719886623,540.8212378587957,545.0044372558593,568.6163637887344,521.3925107229843,0.08664856620897605,60.99280004909326,5.232347456603634,3.2039900033213122,2.0283574532823216,7.75249629862254,13.367415542512957,19.375400477756124,-0.040788252674012336
2023-07-12,557.8278671866714,563.0367861502142,557.0702178075081,558.0646362304688,16029716,0.0,0.0,SBIN.NS,0.0011894922599235969,0.0011887853745063464,0.4432816982468133,545.6129302978516,544.4328247070313,520.8108615112304,529.7361335754395,550.2707781069296,541.4974495596457,545.6129302978516,569.9379463315568,521.2879142641464,0.08916583417634955,61.54759616025449,5.262395090697055,3.6156710207964613,1.6467240699005936,7.9182354758563065,13.31496129921747,19.283877220784433,-0.039647277724940276
2023-07-13,563.4156674537284,566.3515806192413,552.4768908483136,554.6552124023438,20024503,0.0,0.0,SBIN.NS,-0.006109370862763308,-0.006128109428480627,0.4344641550927846,546.0438537597656,544.9257775878906,521.3327932739257,529.8630882263184,550.6883432779214,542.0134402593593,546.0438537597656,570.7035364812963,521.384171038235,0.09032125369322366,57.053841499306166,4.953989540342036,3.8833347247055765,1.0706548156364595,8.37147999919355,13.419060126476143,19.240791103007613,-0.0455144286643829
2023-07-14,555.6969192600167,560.0061040903931,549.9671202346848,553.4713134765625,12190152,0.0,0.0,SBIN.NS,-0.002134477237946575,-0.002136758481238884,0.4314023240050888,546.891488647461,545.2185375976562,521.8298794555664,529.9952714538574,550.9533880587444,542.4627686208183,546.891488647461,571.3370977538895,522.4458795410325,0.08939838931077862,55.53747999584374,4.561463459342349,4.018960471632931,0.5425029877094181,8.469573883778862,13.364141354349416,18.777132794254246,-0.04755175639034725
2023-07-17,555.933724407829,570.9448589210546,553.2819226326304,569.2874755859375,19378986,0.0,0.0,SBIN.NS,0.028576299664074156,0.02817561273999907,0.4723065057557103,548.3050018310547,545.8926538085938,522.5051022338868,530.2841090393066,552.6994916327628,543.5147179135681,548.3050018310547,574.5253426100011,522.0846610521083,0.09564144296106732,67.83612752436287,5.4636344364084835,4.3078952645880415,1.155739171820442,9.460618989596282,15.580618894380654,19.29014424235182,-0.02033430996643666
2023-07-18,571.1342759530944,572.0813521283934,557.5910982073067,561.0005493164062,25757209,0.0,0.0,SBIN.NS,-0.014556663592505625,-0.01466365134580047,0.45087463524636706,549.4178161621094,546.2691101074219,523.1819958496094,530.5654209899902,553.4900685550145,544.2004367921107,549.4178161621094,575.8182023777948,523.0174299464239,0.09610313112924548,58.677836779670415,5.447134565755277,4.535743124821489,0.9113914409337882,9.663563929631616,16.206352820394923,17.545916645715586,-0.034594973849375134
2023-07-19,563.1789116560258,570.5187525475399,560.6691364872713,569.6190185546875,17556585,0.0,0.0,SBIN.NS,0.015362675221589406,0.015245864161024473,0.47316395105489906,551.0302124023438,547.0055981445313,523.9994219970703,530.9214118957519,555.0261590311738,545.1972439200549,551.0302124023438,578.2587790117879,523.8016457928996,0.09882785370600593,64.10538860593564,6.059644924670465,4.840523484791285,1.2191214398791805,9.832683445326657,16.739209225500318,17.712607241333153,-0.019763769975332968
2023-07-20,569.5716199279582,578.4741010580569,567.0618450076182,577.7637939453125,34038351,0.0,0.0,SBIN.NS,0.014298636677003929,0.014197375296576928,0.4942281871566927,553.099575805664,547.9291357421876,524.9140893554687,531.3722425842285,557.1916480706157,546.4743635288886,553.099575805664,581.885296109171,524.313855502157,0.10408874482167778,68.3378670782673,7.120201847577732,5.296459157348575,1.8237426902291576,10.363718047402049,17.109914778240235,17.836026997573363,-0.005747728264574267
2023-07-21,577.7164436119874,586.7136669141413,576.7693674749186,582.5465087890625,21040281,0.0,0.0,SBIN.NS,0.0082779760411964,0.008243901513791443,0.5065973722900561,555.5690765380859,548.9251025390626,525.9425451660156,531.86138671875,559.6063967104677,547.8889574606601,555.5690765380859,585.5983980758671,525.5397550003048,0.10810292655200555,70.53497963775206,8.251507722319047,5.88746887034267,2.3640388519763773,10.160775123055512,17.213992473331235,17.76689646489271,0.0
2023-07-24,582.4991762065254,588.9866825360349,581.7888690919402,584.9616088867188,11756364,0.0,0.0,SBIN.NS,0.004145763576330674,0.004137193576479036,0.5128433688002918,558.5547332763672,549.8820434570313,526.9519522094727,532.3214971923828,562.0211788224916,549.3427869283487,558.5547332763672,587.7533627534019,529.3561037993325,0.10455064736722065,71.60644287289054,9.236481760492666,6.55727144837267,2.679210312119996,9.748122143270425,16.33799442898811,17.3775362616295,0.0
2023-07-25,588.8919257906668,588.8919257906668,572.2234090326344,577.3375854492188,18503305,0.0,0.0,SBIN.NS,-0.01303337402262994,-0.01311905371977054,0.4931259153370622,561.0431732177734,550.616826171875,527.8846548461914,532.7938868713379,563.4798842155133,550.4406221644613,561.0431732177734,587.4747325227347,534.6116139128121,0.09422290678047936,63.728093677692506,9.294741809511947,7.104765520600526,2.1899762889114216,10.566664860368851,16.9177538429272,16.628888423163588,-0.013033374022629982
2023-07-26,579.610620027468,583.7303782733334,576.9114760463759,582.5939331054688,9999125,0.0,0.0,SBIN.NS,0.009104461217712245,0.009063265465306482,0.5067200223264097,563.3658813476562,551.3749841308594,528.8081399536132,533.2324040222168,565.3002698240805,551.7015363190106,563.3658813476562,588.7257590192256,538.0060036760868,0.09002986695220072,66.46736674605643,9.653773948022717,7.614567206084965,2.039206741937752,10.75607517091162,16.95764958203784,16.57701339083438,-0.004047574653242781
2023-07-27,583.7777730624562,588.3710693551636,580.6523754641814,583.9197998046875,17444742,0.0,0.0,SBIN.NS,0.0022757990151929253,0.0022732133069059625,0.5101490142693916,565.5796722412109,552.1596594238281,529.790405883789,533.6561833190918,567.0735583936621,552.9649976321745,565.5796722412109,589.9304153550212,541.2289291274006,0.08610897565436211,67.14145040679819,9.930819560206373,8.077817676909248,1.8530018832971251,10.630927475300934,16.947402446610894,16.32662257611808,-0.001780987104459709
2023-07-28,583.7777393499562,587.0925057464485,581.1258799888113,583.4462280273438,11930586,0.0,0.0,SBIN.NS,-0.0008110219545597319,-0.0008113510107917027,0.5089242502641624,567.6253540039063,553.1596862792969,530.6388021850586,534.110574798584,568.6328602635365,554.1603400006125,567.6253540039063,590.6626393182364,544.5880686895762,0.08117074105950377,66.62626654270935,9.99692854979071,8.461639851485542,1.535288698305168,10.411074622791034,15.919920342760047,16.22319822219824,-0.002590564639376979
2023-07-31,584.0145391310097,588.1342973187537,581.9783022582515,587.3766479492188,8605483,0.0,0.0,SBIN.NS,0.006736558971619289,0.006713969750562341,0.5190892074597735,569.2708984375,554.2206701660157,531.553908996582,534.5820635986328,570.4179829002682,555.4629403123225,569.2708984375,593.0403427508854,545.5014541241146,0.08350837669245459,68.76820183180837,10.248336002067163,8.818979081601865,1.4293569204652972,10.269010776213511,15.877211274582256,16.185621955939705,0.0
2023-08-01,587.3766262120196,587.9921910123245,578.2846606992431,579.468505859375,13493453,0.0,0.0,SBIN.NS,-0.013463494194831283,-0.013554948826380522,0.49863695873370806,570.3410919189453,555.086328125,532.1349179077148,535.0295726013184,571.2799374678021,556.4043350396579,570.3410919189453,593.9126644356207,546.7695194022698,0.08265780898713634,60.37243378444635,9.697668557201382,8.994716976721769,0.7029515804796134,10.536222345526037,16.448398446499983,15.96907395661499,-0.013463494194831258
2023-08-02,577.5743429390312,578.189965532909,562.6578941967817,566.7777099609375,14977497,0.0,0.0,SBIN.NS,-0.021900751758055503,-0.022144133276165646,0.46581568272503393,570.7128204345703,555.61548828125,532.5843728637695,535.383899230957,570.8511538957199,556.8111340561787,570.7128204345703,593.7832822594595,547.6423586096811,0.0808478835548925,49.85358450982738,8.1433480252266,8.824443186422736,-0.6810951611961347,10.745931052073574,17.858689004391824,16.456662617018715,-0.03506938530872974
2023-08-03,567.0145102168711,569.0506892838814,554.0395552258084,559.2484741210938,27774877,0.0,0.0,SBIN.NS,-0.01328428360452405,-0.013373309004786813,0.44634337148375547,570.618115234375,555.9736254882813,532.9297366333008,535.7579467773437,569.7461367743269,556.9067160195087,570.618115234375,593.8688393154484,547.3673911533015,0.08149311583465418,44.85976059857244,6.23215103972916,8.30598475708402,-2.0738337173548604,11.101084637956765,18.364219825567233,16.64472191251565,-0.04788779725297626
2023-08-04,563.32081394777,567.0144336055272,541.159269416028,542.9586791992188,52725616,0.0,0.0,SBIN.NS,-0.02912800959801598,-0.029560652129211905,0.40421426787714987,569.6568298339844,556.0329089355469,533.1670138549805,536.0238356018067,567.1949503386023,556.3597341834189,569.6568298339844,595.7871391149753,543.5265205529935,0.09174052837602625,36.37104452811518,3.3642819998908635,7.31764420564539,-3.9533622057545266,11.686243773747842,20.301422433734924,17.14952850408338,-0.07562093063297969
2023-08-07,546.46297490863,546.46297490863,536.660759225921,537.8446044921875,32736325,0.0,0.0,SBIN.NS,-0.009418902216599134,-0.009463540593539339,0.3909881109968616,568.4871948242187,555.9016528320312,533.4604528808594,536.1877420043945,564.3996793056104,555.6336506661157,568.4871948242187,598.0703885104097,538.9040011380278,0.10407690430155894,34.18406415562309,0.6710762854979748,5.988330621615908,-5.317254336117933,11.351383899578009,20.00021462861863,17.03770808966638,-0.08432756669841854
2023-08-08,540.7804504311654,543.858447740975,538.3654179490715,542.769287109375,25038671,0.0,0.0,SBIN.NS,0.009156329869362878,0.009114664820524707,0.40372445698551074,567.7555786132813,555.7016662597656,533.964324645996,536.2889437866211,562.339641953588,555.1291658207534,567.7555786132813,599.1607433792137,536.3504138473488,0.11062917194979652,38.04724967895972,-1.0537805900542025,4.579908379281886,-5.633688969336089,11.077400127329359,20.12011349217419,17.03329584647398,-0.07594336784682705
2023-08-09,544.5687939346745,544.5687939346745,538.270714326323,543.3849487304688,15769111,0.0,0.0,SBIN.NS,0.0011342970866545787,0.0011336542577742117,0.4053166975475351,567.0215942382813,555.5548693847657,534.5170877075195,536.4352618408203,560.5344330751957,554.6686082878011,567.0215942382813,600.0258662161431,534.0173222604195,0.11641275151856839,38.53299105930412,-2.344042678447522,3.195118167736005,-5.5391608461835276,10.712101810037423,19.596579886106703,17.007276651154747,-0.07489521310107186
2023-08-10,543.3849066549969,547.0311264796395,539.9280558044107,543.2902221679688,27325801,0.0,0.0,SBIN.NS,-0.00017432680592521788,-0.00017434200260900182,0.40507171317633817,566.4533447265625,555.4374328613281,535.1418322753906,536.57181640625,558.8921272745074,554.2223970674155,566.4533447265625,600.7212730260894,532.1854164270355,0.12099117647921633,38.48299592197133,-3.335775576864421,1.8889394188159199,-5.2247149956803405,10.509156898323567,19.51394150625801,16.82130552264709,-0.07505648366371805
2023-08-11,544.9950425510931,548.3571516956642,541.7276179100518,543.7638549804688,18221179,0.0,0.0,SBIN.NS,0.0008717860052955828,0.0008714062205873691,0.40629663503232205,565.9679718017578,555.2745373535156,535.7067459106445,536.6854232788086,557.4513394369799,553.812258162045,565.9679718017578,601.2695295257352,530.6664140777805,0.12474754573689005,38.90979289356699,-4.036977075460413,0.7037561199606533,-4.7407331954210665,10.468565494146267,19.456200773261937,16.685779659860582,-0.07425013085048712
2023-08-14,542.6272987876729,542.6746410348028,529.0367211747788,531.1203002929688,28084093,0.0,0.0,SBIN.NS,-0.023251921898990724,-0.023526512695671225,0.373597535507737,564.0596130371093,554.7744812011719,536.0959857177735,536.6909869384766,554.9436214232645,552.922377461297,564.0596130371093,602.5849412333433,525.5342848408753,0.13660020077948545,32.4396433832388,-5.548948685323921,-0.5467848410962616,-5.00216384422766,10.329895283264664,19.4607320041989,17.165301505397903,-0.09577559450595252
2023-08-16,529.2261065424499,536.4239194959671,524.6801528799289,535.429443359375,15725767,0.0,0.0,SBIN.NS,0.00811330891330897,0.008080572967906359,0.3847419566358712,562.7810577392578,554.3606079101562,536.6267932128907,536.680703125,553.0851282743226,552.2363800455353,562.7810577392578,603.3755582921681,522.1865571863475,0.14426391931520247,36.32584217079724,-6.326556640058243,-1.702739200888658,-4.623817439169585,10.681671311056148,19.523194439246836,17.151336443554033,-0.0884393425772262
2023-08-17,535.8083185745926,542.8167050327628,534.1509353531953,541.86962890625,27910162,0.0,0.0,SBIN.NS,0.012028075083932999,0.01195631265826611,0.40139773686215974,561.393588256836,554.1105810546875,537.1973837280274,536.6975106811524,552.0169854773633,551.8298407851712,561.393588256836,602.8908747206841,519.8963017929879,0.1478366954375091,41.72137711524145,-6.349949134870826,-2.6321811876850916,-3.7177679471857346,10.749319581669381,19.879790672594176,17.19945836252563,-0.07747502254618578
2023-08-18,539.8334329901751,544.805583030874,537.3710579967587,542.6273193359375,18253227,0.0,0.0,SBIN.NS,0.001398289162684474,0.001397312466756109,0.40335729613022475,559.6367645263672,553.8027819824218,537.7783383178711,536.7594482421875,551.1227315591323,551.4689575910836,559.6367645263672,601.1909861647783,518.082542887956,0.1485042594497143,42.34042020257322,-6.235469953967026,-3.3528389409414787,-2.8826310130255477,10.854169529989244,19.85338437220769,17.187897401770993,-0.07618506586790631
2023-08-21,542.6273267091841,545.0897017360593,540.5437474837812,541.4434814453125,9380810,0.0,0.0,SBIN.NS,-0.002181677642168478,-0.002184060967898908,0.40029562289328346,557.5816131591797,553.4845642089844,538.4292083740235,536.801298828125,550.2008982149589,551.0758016637985,557.5816131591797,598.4246878671958,516.7385384511637,0.14650079466073093,41.596959021091685,-6.169156012009921,-3.9161023551551675,-2.2530536568547537,10.739166615116087,19.836643674516193,17.116490808070935,-0.0782005322552036
2023-08-22,542.2010852877467,544.0478953051733,537.4657046302118,538.4127807617188,14073413,0.0,0.0,SBIN.NS,-0.005597446063075107,-0.00561317046941965,0.3924575436717781,555.2541717529297,553.2913598632813,539.1185189819336,536.8135958862305,549.0782203622693,550.579212608815,555.2541717529297,594.8127488908058,515.6955946150536,0.14248817622743917,39.676217645546146,-6.288662168860014,-4.390614317896137,-1.8980478509638772,10.51592806953609,19.87772531075612,17.09486651829927,-0.08336025505687644
2023-08-23,540.7805133977928,547.362704587704,536.0451323697911,546.3682861328125,18579297,0.0,0.0,SBIN.NS,0.014775847928124364,0.014667748625441618,0.413032284583442,553.7057067871094,553.2582116699218,539.8427914428711,536.8798385620117,548.8201313880354,550.414078237207,553.7057067871094,592.0298418165578,515.381571757661,0.138427813041065,46.64123905010662,-5.675999473896354,-4.647691349096181,-1.0283081248001729,10.12356810920178,20.33698527031497,17.197656113910682,-0.0698161255807221
2023-08-24,547.5520913034119,551.198311306055,545.0896586661597,546.4155883789062,24131644,0.0,0.0,SBIN.NS,8.6575753560858e-05,8.657200609659716e-05,0.41315461891828553,551.8967895507812,553.2686279296875,540.5865817260742,536.894988708496,548.5911272919278,550.2572747133521,551.8967895507812,587.8197608631392,515.9738182384233,0.13018003363127956,46.680659115149304,-5.127535935716082,-4.743660266420162,-0.38387566929592065,9.487676579331938,20.33112628223383,16.87606111393894,-0.069735594210844
2023-08-25,543.4322918904455,544.8529061378787,537.1816123237163,539.7860717773438,12271885,0.0,0.0,SBIN.NS,-0.012132736954358903,-0.012206939404011855,0.39600918565111276,549.6901031494141,553.1436145019532,541.1860391235351,536.8349533081055,547.7525505762532,549.8466393040969,549.6901031494141,582.6286148415829,516.7515914572452,0.11984393207536305,41.997685217749655,-5.168244904665812,-4.828577194069292,-0.3396677105965198,8.300448855452705,20.546169464224633,17.01112841455711,-0.0810222475442868
2023-08-28,542.4852505231413,544.3794029745524,539.0757992325795,542.5325927734375,9711932,0.0,0.0,SBIN.NS,0.005088165737678896,0.005075264765409937,0.40311231175902784,547.6444213867187,553.2638940429688,541.7456072998046,536.6948190307617,547.2554117378897,549.5598139499534,547.6444213867187,576.5964655282601,518.6923772451773,0.10573300123547465,44.48253494516414,-4.922146326181064,-4.847291020491647,-0.07485530568941723,7.979119431114408,20.61267496108348,16.92519951047203,-0.0763463364305525
2023-08-29,543.290312559334,545.8000299325134,541.5855290696916,544.4267578125,13144855,0.0,0.0,SBIN.NS,0.0034913387035044874,0.003485258129319126,0.4080110520784357,545.4969268798828,553.3320849609376,542.2962469482422,536.5576525878906,546.9860161259479,549.3585176308376,545.4969268798828,567.602024948693,523.3918288110726,0.08104572905752666,46.19452351959398,-4.522139729366927,-4.782260762266703,0.26012103289977606,7.850594974974009,18.724719656529935,16.884554172333992,-0.07312154864629884
2023-08-30,546.1788914185498,547.1259676797906,536.139848366429,537.37109375,15281416,0.0,0.0,SBIN.NS,-0.012959803979601503,-0.013044514926649204,0.38976350484238664,543.392056274414,553.3046215820312,542.8111679077149,536.4307299804688,546.0703092330004,548.888422576687,543.392056274414,558.9136496772918,527.8704628715362,0.05712852524674873,41.109237160569194,-4.720054888080995,-4.769819587429562,0.0497646993485672,8.1854549539033,18.63286048491102,17.03057472297133,-0.08513371168875945
2023-08-31,539.1705031784551,540.1175794383171,529.7944828887896,531.6412353515625,27898476,0.0,0.0,SBIN.NS,-0.010662758873857814,-0.010720013445430734,0.37494479169856465,541.6352325439453,553.1900244140625,543.2255911254883,536.2958288574218,544.6961117204826,548.2120622933489,541.6352325439453,553.5457210221198,529.7247440657709,0.043979740469368714,37.49900338194218,-5.278409544064857,-4.871537578756621,-0.4068719653082358,8.415456802067492,18.12215131023801,16.784495408361572,-0.0948887103228435
2023-09-01,532.9197778538285,540.9699253809107,532.3514974630689,539.4072265625,18121168,0.0,0.0,SBIN.NS,0.014607578747728223,0.01450191581280513,0.39502940601708025,540.6431701660156,553.2506384277344,543.7302157592774,536.2404022216797,544.1924083721033,547.8667746176294,540.6431701660156,549.2134704317226,532.0728699003085,0.03170409149189972,44.60034863581453,-5.036204809913897,-4.9044710249880765,-0.13173378492582088,8.608253676620043,18.14684686177919,16.821148263541634,-0.08166722588342654
2023-09-04,541.7274912508851,545.8472488753125,538.3653828923951,545.089599609375,12108655,0.0,0.0,SBIN.NS,0.010534477046381552,0.010479376078497799,0.4097253112737944,540.7497161865234,553.4893005371093,544.2377810668945,536.1748330688476,544.2778551566054,547.7578657937763,540.7497161865234,549.4924705782648,532.006961794782,0.03233567815216655,49.1527321097202,-4.3357559026669605,-4.7907280005238535,0.45497209785689297,8.090734546422002,18.27167507321656,16.857521268222456,-0.07199307035355558
2023-09-05,545.1369963939355,547.6467712562122,541.11192284817,542.6746215820312,14444729,0.0,0.0,SBIN.NS,-0.004430423968966535,-0.004440267381659442,0.4034796304650683,540.9912170410156,553.8378234863281,544.7574285888672,536.1022988891601,544.1251662447412,547.5585228835117,540.9912170410156,549.6626336891177,532.3198003929135,0.03205751359710023,47.371118304924636,-3.9302086424448817,-4.61862412890806,0.6884154864631782,7.718668960136573,18.18381317023907,16.86848661428068,-0.07610453449802823
2023-09-06,543.8584813779117,543.8584813779117,537.9392554160275,540.3069458007812,20609936,0.0,0.0,SBIN.NS,-0.004362974952371368,-0.004372520502370848,0.3973562839911857,540.8680999755859,554.0925866699218,545.2092706298828,536.0211779785157,543.7615262024593,547.2741473116399,540.8680999755859,549.5030656687477,532.2331342824241,0.03193002395057713,45.625043175568216,-3.7565579038241594,-4.44621088389128,0.6896529800671205,7.5224872660163395,17.91631961761824,16.408055505235616,-0.0801354672726228
2023-09-07,537.9392991892722,550.2512901918436,537.9392991892722,548.4044799804688,12390597,0.0,0.0,SBIN.NS,0.014986914831691234,0.014875720619213589,0.41829834360889007,541.1190765380859,554.337880859375,545.6394305419922,535.9635897827148,544.2037122765554,547.3184740829665,541.1190765380859,550.3343409424879,531.9038121336839,0.03406002413871053,52.124510409530956,-2.9317398361112055,-4.143316674335265,1.21157683822406,7.870877692334635,18.313986547826232,16.569897845359073,-0.06634953586394417
2023-09-08,550.2512460973644,557.3543172604112,549.0200586567578,552.5715942382812,14032068,0.0,0.0,SBIN.NS,0.0075986145444342235,0.007569890489848958,0.4290754460309836,541.5831451416016,554.5964331054688,546.0940753173828,535.9482049560547,545.0006534157674,547.5244787949397,541.5831451416016,552.1014430893251,531.064847193878,0.03884278173012001,55.09893381025305,-1.9196853427088172,-3.698590408009976,1.7789050653011587,8.185440765739234,18.484869787758335,16.548062283895366,-0.059255085867742134
2023-09-11,555.9337399799246,560.9532323744613,554.3710410982075,560.385009765625,10946134,0.0,0.0,SBIN.NS,0.014140096249635414,0.014041057607392791,0.4492827103858523,542.4142028808594,554.9534814453125,546.6784149169922,535.9672421264648,546.465830210992,548.0288133428097,542.4142028808594,555.8733479954591,528.9550577662598,0.049626816713558466,60.10399269951662,-0.48159599278835685,-3.0551915249656525,2.5735955321772956,8.31397272725485,19.05160822244474,16.483925571413714,-0.045952862235557064
2023-09-12,562.2317689827164,562.7999915400404,553.7080837932164,557.2122192382812,16093060,0.0,0.0,SBIN.NS,-0.005661804780735857,-0.0056778935538242155,0.4410771546075518,543.718798828125,555.0084106445313,547.1892202758789,535.9306994628906,547.4892958326386,548.388946907338,543.718798828125,557.6195404214628,529.8180572347873,0.05113209851599024,57.310350606095426,0.39750036172358705,-2.3646531476278048,2.762153509351392,8.154996693605645,18.93718038012915,16.479865429169752,-0.051354490881199186
2023-09-13,557.2596541767706,566.3515624928049,552.5716154680572,564.8836059570312,19377172,0.0,0.0,SBIN.NS,0.013767441656675983,0.013673531386213217,0.4609171002563799,545.1915069580078,555.1447900390625,547.7920684814453,535.9246170043946,549.1458967968665,549.0357962818357,545.1915069580078,561.4376640227129,528.9453498933028,0.05959798293760413,61.919182477477996,1.693683621463947,-1.5529857938094545,3.2466694152734012,8.702946292523677,19.109430507634613,16.511114155462252,-0.03829406918153839
2023-09-14,566.7777593769611,571.749909391221,563.6997617490858,565.6885986328125,13178911,0.0,0.0,SBIN.NS,0.0014250593702704872,0.0014240449368036708,0.46299899385928867,546.382455444336,555.27169921875,548.2965930175782,535.9316174316406,550.7213922098138,549.688847354423,546.382455444336,564.9321464300178,527.8327644586541,0.06790002424436073,62.378180494239004,2.7541265185142265,-0.6915633313447184,3.4456898498589448,8.61838712016262,18.03466870614731,16.234008024957667,-0.03692358113338084
2023-09-15,567.6300722204844,568.9086597168509,563.6997408474365,567.1091918945312,11756389,0.0,0.0,SBIN.NS,0.0025112637326474285,0.002508115779006411,0.4666729701734671,547.6065490722656,555.3910314941406,548.7484344482422,535.9401470947265,552.2821350369297,550.3719981207018,547.6065490722656,568.228259001315,526.9848391432162,0.07531579001013024,63.220682069461645,3.6668954699183587,0.18012842890789704,3.4867670410104616,8.611623914979873,17.599536767481226,16.228824197133694,-0.034505042250913096
2023-09-18,567.1091681687718,576.2011335888857,565.4517849614788,571.9866333007812,19305055,0.0,0.0,SBIN.NS,0.00860053315298237,0.008563759267310653,0.47928713967802716,549.1337066650391,555.5870764160156,549.2067803955078,535.9732958984375,554.1587539192013,551.2196308728619,549.1337066650391,572.2112499532506,526.0561633768276,0.08405072574533592,66.0331835770082,4.729323501631939,1.0899674434527054,3.6393560581792332,9.078398755307376,15.325752948786214,16.280080814556605,-0.02620127085775469
2023-09-20,569.0507065380637,574.6858214384503,567.6774923043499,569.2874755859375,21314600,0.0,0.0,SBIN.NS,-0.0047189174671227185,-0.004730086709829067,0.47230650575571054,550.67744140625,555.7480798339843,549.652998046875,536.0212841796875,555.5995845541286,551.9281738027864,550.67744140625,574.8404648337912,526.5144179787087,0.0877574478658025,63.1550049074107,5.292497287099536,1.9304734121820717,3.3620238749174645,8.794270885360138,15.085903934747805,16.258317861160858,-0.030796546690165894
2023-09-21,568.2457179919575,574.4963977678915,553.7081214953073,557.0228881835938,23453425,0.0,0.0,SBIN.NS,-0.021543750615136026,-0.021779205067061026,0.44058750156666715,551.210171508789,555.7405053710937,549.8506872558594,535.9817047119141,555.7351372807443,552.1279665236024,551.210171508789,575.4428828886792,526.9774601288989,0.08792548698279506,52.052805564636145,4.695045305873236,2.483387790920305,2.2116575149529316,9.541783722721334,16.3782866446438,16.6476732397316,-0.05167682418360155
2023-09-22,562.0896643296132,570.1398111649995,560.1008276451988,566.4935913085938,18784139,0.0,0.0,SBIN.NS,0.01700235901595204,0.016859436646773026,0.465080887462197,552.2140716552734,555.9090844726562,550.1709545898437,535.9920336914063,556.7597519500633,552.691324358308,552.2140716552734,577.2603614832802,527.1677818272666,0.09071224770832093,58.1681667121285,4.92894904216746,2.972500041169736,1.9564490009977238,9.812371790725447,17.029415553923638,16.83675767316015,-0.03555309308522328
2023-09-25,569.6662630363052,569.6662630363052,559.2010838964593,562.6105346679688,9712784,0.0,0.0,SBIN.NS,-0.006854546459484578,-0.006878146771185193,0.4550384224521844,553.3552947998047,556.0681909179688,550.4969842529297,535.9376571655273,557.3169693517686,553.0803129979025,553.3552947998047,578.0953644465674,528.615225153042,0.08941838952029268,55.066990543519566,4.746277091668048,3.327255451269399,1.4190216403986495,10.02546558764891,17.19387944224742,16.881438388742,-0.042163939216376775
2023-09-26,562.5632240608297,563.5103001956123,559.9587646901778,562.9420776367188,8327427,0.0,0.0,SBIN.NS,0.0005892939223857141,0.0005891203569062743,0.45589586775137314,554.3757690429687,556.2576062011718,550.7380718994141,535.923724975586,557.8526939503354,553.4670488660914,554.3757690429687,578.9191169100558,529.8324211758817,0.08854408593455222,55.28618700932205,4.575517286457284,3.5769078183069762,0.9986094681503079,9.812371808891223,17.19457478705903,16.501253944633508,-0.041599492247115136
2023-09-27,562.0423402102848,562.8473317978076,557.0701905339704,558.5381469726562,9865347,0.0,0.0,SBIN.NS,-0.0078230618015811,-0.007853822483057016,0.4445063044012876,555.0813385009766,556.0426196289062,550.96763671875,535.8965991210938,557.9179751905564,553.6659154585058,555.0813385009766,579.2285695369931,530.9341074649601,0.08700429778895907,51.67978549278545,4.038277758900222,3.6691818064256254,0.36909595247459626,9.808990461810092,15.812935580039994,16.561046123407355,-0.04909711864993263
2023-09-28,559.9587875621745,563.6997500083563,557.6857816238776,558.7276000976562,21960816,0.0,0.0,SBIN.NS,0.0003391946029591697,0.0003391370894749728,0.44499627314368095,556.1491638183594,555.9971606445313,551.1331353759765,535.849052734375,557.9950823245658,553.8644128953352,556.1491638183594,578.8439769432732,533.4543506934456,0.08161412297771985,51.825372222335396,3.586456409573202,3.6526367270551408,-0.06618031748193864,9.359131703374901,15.700235843407723,16.553642915728574,-0.04877457752464026
2023-09-29,561.4740302773386,568.2456473637309,560.0060739159695,566.8723754882812,12189735,0.0,0.0,SBIN.NS,0.01457736361905404,0.01447213525604506,0.4660605092454744,557.9107208251953,555.9422277832032,551.4739129638672,535.8197012329101,558.8405388163483,554.3745290754508,557.9107208251953,577.9043836485564,537.9170580018342,0.07167334154751083,57.72278265284876,3.841319697989775,3.6903733212420677,0.15094637674770706,9.39971813095577,15.865746785824545,16.6776184441832,-0.03490821865752856
2023-10-03,565.0255828135226,572.8863607525196,558.3960500586644,571.03955078125,15322196,0.0,0.0,SBIN.NS,0.007351170163088838,0.0073242820042506976,0.4768377695183226,559.4923370361328,555.8077429199219,551.8684393310547,535.8272119140624,560.0023494796723,555.0280593384233,559.4923370361328,578.2918488243571,540.6928252479084,0.06720203492978394,60.39424249720936,4.329647429402144,3.818228142874083,0.5114192865280605,9.836051885075424,15.954263852959876,16.714684013458523,-0.027813664749881516
2023-10-04,568.2456856343284,568.6718814595422,553.5186631759601,555.223388671875,24914612,0.0,0.0,SBIN.NS,-0.02769713951990993,-0.028087938198118435,0.4359335877677011,559.9990264892579,555.2612805175781,552.0931915283203,535.738454284668,559.5472103551201,555.0357193122842,559.9990264892579,577.6768639208433,542.3211890576724,0.06313524343930099,47.99756092207782,3.4012115244401,3.7348248191872866,-0.3336132947471864,10.43812187496584,18.073928255167335,17.3681367052865,-0.05474044531665402
2023-10-05,558.7749204115613,562.8946784824502,556.0283764943421,560.8111572265625,13248028,0.0,0.0,SBIN.NS,0.010064000668368323,0.010013695843949129,0.4503848243547277,560.9058532714844,554.778271484375,552.3301574707032,535.6369909667969,559.6675862476384,555.2622070736284,560.9058532714844,576.5901132453635,545.2215932976053,0.055924750588358475,51.76458110431642,3.0807921499925897,3.6040182853483476,-0.5232261353557579,10.001789216810664,18.154417176409847,17.395069600085737,-0.04522735252653924
2023-10-06,561.9949962079626,567.2512571455039,560.8584932959413,562.7999877929688,8216780,0.0,0.0,SBIN.NS,0.003546346289260427,0.003540072830787884,0.4555283911945778,562.0305053710938,554.48751953125,552.5521728515625,535.5898327636719,559.9659102043365,555.5578063175241,562.0305053710938,574.3632342841574,549.6977764580301,0.04388633284209609,53.06771777687028,2.9532957377030016,3.4738737758192784,-0.5205780381162768,9.886785808011114,17.723312745792214,17.218661434908505,-0.041841398091084406
2023-10-09,556.8808215242663,557.8278977513484,550.7721682985978,554.13427734375,9189597,0.0,0.0,SBIN.NS,-0.01539749580166394,-0.015517268295096032,0.4331168989019567,562.3169952392578,553.9183264160156,552.6466552734375,535.5578744506836,559.4105165985663,555.5019816518859,562.3169952392578,573.532560380496,551.1014300980197,0.03989054300756486,47.09722347463211,2.128467849074468,3.2047925904703165,-1.0763247413958483,10.373850138365153,18.353320056063918,17.40505978853195,-0.05659464114130512
2023-10-10,555.9337191138808,563.5103285736951,554.7498738857847,560.337646484375,10373508,0.0,0.0,SBIN.NS,0.011194703872788647,0.011132506929165824,0.4491602182002532,562.7052978515625,553.4466833496094,552.8031713867188,535.5518231201172,559.4988146829292,555.6916155668855,562.7052978515625,573.00017838078,552.410417322345,0.036590665019589734,51.319467524251436,1.9528347868759965,2.9544010297514527,-1.0015662428754561,10.275757467117883,18.199113651017193,17.495506524989636,-0.046033497516880156
2023-10-11,565.309766412258,565.4044509034987,556.5019121391563,557.2122192382812,14220119,0.0,0.0,SBIN.NS,-0.005577757028647046,-0.005593370802340567,0.44107715460755115,562.5466583251953,552.9220031738281,553.0408447265625,535.5301446533203,559.2810436882008,555.7512470834108,562.5466583251953,573.0869422536592,552.0063743967313,0.03747345672568503,49.18935546870635,1.5436541767828658,2.6722516591577357,-1.12859748237487,10.41105815499232,18.269112975677736,17.504295777087737,-0.051354490881199186
2023-10-12,559.5326085412145,561.6161877464566,554.0395781309901,555.0339965820312,11983797,0.0,0.0,SBIN.NS,-0.0039091437356267855,-0.003916804408965728,0.43544377687606217,562.4377471923829,552.2751501464844,553.24791015625,535.5489035034179,558.8765630114228,555.7231196127685,562.4377471923829,573.2515798888413,551.6239144959244,0.03845343862654926,47.703262593110786,1.0317182256212618,2.3441449724504406,-1.3124267468291788,9.467367679483914,18.305689435916605,17.471374856495572,-0.055062882530501386
2023-10-13,547.173196531182,550.5353050008061,544.3793105785601,545.6578979492188,19064577,0.0,0.0,SBIN.NS,-0.016892836638028874,-0.017037148131918076,0.41119505965021963,561.4764617919922,551.5989379882812,553.3426330566406,535.5207818603516,557.6176425293082,555.3284050377274,561.4764617919922,574.5556527105134,548.3972708734709,0.046588563576745776,41.84317591145218,-0.12907955554885575,1.8495000668505814,-1.9785796223994372,9.291493609631443,18.59408444302301,17.699599840155937,-0.07102555088912348
2023-10-16,545.5158407243849,548.1203000333988,541.2539982187257,545.1843872070312,11290293,0.0,0.0,SBIN.NS,-0.0008677795079428119,-0.0008681562465464764,0.4099704534957451,560.4512512207032,551.1670715332032,553.3912799072266,535.5804080200195,556.4335229748057,554.9306004169158,560.4512512207032,575.2426308570879,545.6598715843185,0.052783822336618984,41.565472616855914,-1.0748384512205575,1.2646323632363536,-2.339470814456911,9.03443094354768,18.29387832732386,17.69276047785909,-0.07183169587946439
2023-10-17,547.1259228663044,549.2568442795587,544.8529169035228,545.9420776367188,10765224,0.0,0.0,SBIN.NS,0.0013897874690966816,0.0013888226083561715,0.41193001276381014,559.3928955078125,550.9009436035157,553.4372845458985,535.536520690918,555.4343377045117,554.5781093274962,559.3928955078125,575.1743899179065,543.6114010977184,0.05642364977040959,42.22621755201646,-1.7431262303476842,0.6630806445195461,-2.4062068748672303,9.095316077162058,17.8286475554293,17.658386284773762,-0.07054173920118492
2023-10-18,547.173266107088,548.593880385168,539.2178030278637,542.3432006835938,11777454,0.0,0.0,SBIN.NS,-0.0065920490479574045,-0.0066138725639463694,0.40262250086738804,557.9107238769532,550.8886340332032,553.460771484375,535.4523425292969,554.1875627501386,554.0983089885196,557.9107238769532,574.2696399699857,541.5518077839206,0.0586434904113459,39.91741599406221,-2.5339387346954254,0.023676768676551774,-2.557615503371977,9.345615381058906,17.67826383267157,17.69023068818128,-0.07666877364439986
2023-10-19,539.6439799329851,543.6217113329951,536.9921782679586,540.9699096679688,11441499,0.0,0.0,SBIN.NS,-0.002532143878440918,-0.002535355176876704,0.39907085888805316,556.4948455810547,550.9511401367188,553.426396484375,535.3652459716797,552.9287386470749,553.5834697994784,556.4948455810547,573.5929133352238,539.3967778268857,0.061449150481587625,39.04021939446072,-3.234194666873236,-0.6278975184334058,-2.6062971484398303,9.389584286813033,17.6464659945899,17.47582762942576,-0.07900678115698952
2023-10-20,539.7387483748817,539.8334328727063,532.3515077863527,533.298583984375,11110988,0.0,0.0,SBIN.NS,-0.014180688327567359,-0.014282195054460036,0.3792310710899798,555.3086303710937,550.7617260742187,553.2316961669922,535.189857788086,551.05920010777,552.7879840812391,555.3086303710937,575.2995715668291,535.3176891753584,0.0719993895372239,34.48177502589496,-4.357928917078311,-1.373903798162387,-2.984025118915924,9.325323902208847,18.079325658013794,17.6342830984167,-0.09206709894520532
2023-10-23,533.2985175092036,536.0450612630916,521.8389200635397,523.6857299804688,11875035,0.0,0.0,SBIN.NS,-0.018025275694690146,-0.018189709955554297,0.3543700507869001,553.1682373046875,550.3677416992188,552.9613055419921,534.9575796508789,548.452202952789,551.6467192145423,553.1682373046875,576.9282569987763,529.4082176105987,0.08590522047997365,29.788092491766335,-5.95552183801135,-2.2902274061321797,-3.6652944318791705,9.30502608118718,18.1737750001973,17.87409759613661,-0.10843283979899786
2023-10-25,529.0366808435873,531.1202598029354,524.3013003927678,526.7637329101562,12134624,0.0,0.0,SBIN.NS,0.005877576480463276,0.005860370912929379,0.362330464343249,551.3758972167968,550.0372119140625,552.7373223876953,534.747658996582,546.3866343773002,550.6709158300566,551.3758972167968,577.433926622287,525.3178678113067,0.09452001633377294,32.935951214391835,-6.893789313433672,-3.210939787592478,-3.6828495258411937,8.58457195384266,18.1058463003501,17.904649167612728,-0.10319258562744692
2023-10-26,522.2651596499072,523.6384316419934,514.4517813350399,518.0506591796875,19424825,0.0,0.0,SBIN.NS,-0.016540762368609796,-0.016679088243370437,0.3397964798650295,549.1313262939453,549.5229479980469,552.3987426757812,534.4932440185547,543.6879700727657,549.3916900790617,549.1313262939453,578.5158272086587,519.746825379232,0.10702176149019811,28.97567829930395,-8.245397469959471,-4.217831324065877,-4.027566145893594,8.91604779416703,17.981590533436652,17.881178813899147,-0.11802646395899072
2023-10-27,520.8919203009132,532.7303730350249,520.8919203009132,531.4518432617188,10415296,0.0,0.0,SBIN.NS,0.025868481864788073,0.0255395532151672,0.37445498080692485,547.7770111083985,549.5295788574218,552.1520300292968,534.3392800903321,542.5226246621897,548.6881666744601,547.7770111083985,577.8253045150625,517.7287177017345,0.10970994692114898,40.771814987687804,-8.141344760181255,-5.002534011288953,-3.1388107488923023,9.50459164676674,19.743593691559933,18.35538795926309,-0.09521114753669087
2023-10-30,533.2038356037756,536.7080286776119,527.047841054176,535.2874145507812,8593704,0.0,0.0,SBIN.NS,0.007217156808643654,0.00719123776559307,0.38437463792982984,546.6050018310547,549.52673828125,551.9436730957032,534.2049588012695,541.8335570325318,548.1626469833354,546.6050018310547,576.6834158679767,516.5265877941326,0.1100553926003725,43.65618214969605,-7.6610716253566125,-5.534241534102485,-2.126830091254128,9.335475084557086,19.391528963329293,18.383135043151288,-0.08868114450975048
2023-10-31,536.9921684408466,539.3598587778873,533.3459484437798,535.618896484375,13039696,0.0,0.0,SBIN.NS,0.0006192597183924953,0.000619068056214779,0.3852319253782639,545.0423278808594,549.4017236328125,551.75615234375,534.0929650878907,541.241684599374,547.6707351990625,545.0423278808594,573.9103261356115,516.1743296261072,0.10592938118032691,43.91040752119815,-7.171040591969586,-5.861601345675906,-1.30943924629368,9.09532216342583,19.38157631630026,18.37836564338981,-0.08811680145193383
2023-11-01,536.2818656519717,539.5019476582157,534.0088597881594,536.4239501953125,13575575,0.0,0.0,SBIN.NS,0.0015030345572599746,0.0015019061313870262,0.38731397683192714,543.3115478515625,549.27765625,551.5402191162109,533.9522485351563,540.7828527513682,547.2296848067587,543.3115478515625,569.6573260235848,516.9657696795402,0.09698221315634607,44.56460585710563,-6.641171075002148,-6.017515291541155,-0.6236557834609933,8.851789956691107,19.364523536850847,18.377215364404336,-0.08674620949233128
2023-11-02,540.875189434217,544.9950055470891,537.5604227664763,541.822265625,11148516,0.0,0.0,SBIN.NS,0.010063524247420297,0.01001322416981752,0.4012752446765604,542.6414916992187,549.2852319335938,551.3848980712891,533.8968197631835,540.8818444536189,547.0176291525721,542.6414916992187,568.3864825679631,516.8965008304743,0.09488766068413576,48.87098863598615,-5.719713429710737,-5.957954919175072,0.2382414894643352,8.922821794998972,19.437180933851252,18.423535068462822,-0.07755565782750887
2023-11-03,545.5158262786344,548.830592584147,543.1007938170342,547.5520629882812,11371371,0.0,0.0,SBIN.NS,0.01057504965520728,0.010519524925747452,0.4160937999696277,541.9785369873047,549.468017578125,551.3796887207031,533.8628402709961,541.517103361682,547.0385873422077,541.9785369873047,566.4024615025878,517.5546124720215,0.09012875178064571,53.04075997170018,-4.475513907357822,-5.661466716811622,1.1859528094538003,8.662367577547245,19.736058277881675,18.32503720333411,-0.06780076310486982
2023-11-06,551.1983420030499,551.6718800975543,542.911425349224,543.9531860351562,16499138,0.0,0.0,SBIN.NS,-0.006572666229187507,-0.0065943613151583595,0.4067862880732056,541.0361968994141,549.4197155761718,551.3389636230469,533.8192272949219,541.7491112353462,546.9175912125195,541.0361968994141,563.449138413984,518.6232553848442,0.08285191136199241,50.26777857474231,-3.7368006036855377,-5.276533494186406,1.5397328905008685,8.797664215665609,18.853760509778787,18.351249266495618,-0.07392779754808476
2023-11-07,544.3793444383654,550.4406547530965,542.2957654048678,549.0673828125,17923281,0.0,0.0,SBIN.NS,0.009401906098980284,0.00935798327074637,0.4200127606550028,540.7828521728516,549.4727514648438,551.3706896972657,533.77703125,542.4460894807894,547.00189676546,540.7828521728516,562.6810439495762,518.884660396127,0.08098700500113214,53.95197946610149,-2.707481883770356,-4.762723172103196,2.05524128833284,9.064875785107956,18.354928044557557,18.219236283467527,-0.0652209536597559
2023-11-08,551.1036132997641,551.766520334941,548.3570694499737,549.5882568359375,15434808,0.0,0.0,SBIN.NS,0.0009486522779216244,0.0009482025917241738,0.421359858995076,540.2453826904297,549.6687951660156,551.4062048339844,533.7239682006835,543.1262958955654,547.1033226505767,540.2453826904297,560.5956782605191,519.8950871203402,0.07533723090327832,54.323122912922976,-1.8286298946876514,-4.175904516620087,2.347274621932436,8.638688179941036,18.276931907772195,18.189311997203024,-0.0643341733880919
2023-11-09,550.2512299373365,551.0562215235307,545.9893873646721,547.741455078125,12434363,0.0,0.0,SBIN.NS,-0.003360337006552583,-0.003365995619070923,0.4165836108612664,539.7718444824219,549.7729724121094,551.518433227539,533.708355102539,543.5658348653329,547.1283474516571,539.7718444824219,558.8615044370108,520.682184527833,0.07073232940815452,52.70122395135742,-1.2665547740102738,-3.5940345680981247,2.327479794087851,8.527066829499754,18.288263297697934,18.178774222951034,-0.06747832589102246
2023-11-10,547.2205864297704,550.2512416625661,544.9476383588791,548.8306274414062,6773038,0.0,0.0,SBIN.NS,0.0019884789679209813,0.0019865045605631285,0.4194004575777657,539.4616760253906,549.8610498046875,551.5965673828125,533.7051553344727,544.0672436821018,547.1951035296864,539.4616760253906,557.6893356272465,521.2340164235347,0.0675772178522574,53.581444903549944,-0.7248633111778418,-3.0202003167140683,2.2953370055362265,8.290295502504827,18.18386000803482,17.80307083224449,-0.06562402615492635
2023-11-13,550.2511881041967,551.6718021870819,544.7581585446942,550.5826416015625,11282362,0.0,0.0,SBIN.NS,0.0031922674729796263,0.003187183004951063,0.42393156348962346,539.7079132080078,550.1252807617187,551.714951171875,533.7181481933594,544.6877577696695,547.3279481599561,539.7079132080078,558.4147711307919,521.0010552852236,0.06932215542881753,55.031148697943166,-0.15243880403249932,-2.4466480141777547,2.2942092101452554,7.7694028198502405,18.214359463454077,17.77728936044131,-0.06264124812608698
2023-11-15,556.1705260328454,556.8808332180726,551.7665983624585,553.7554931640625,11397676,0.0,0.0,SBIN.NS,0.005762716298629789,0.005746175365772558,0.43213727711867844,540.1364685058594,550.5675659179688,551.8787951660156,533.7360888671875,545.5513516167546,547.5800087483525,540.1364685058594,559.7426736228426,520.5302633888762,0.07259722777548594,57.61292120205493,0.5508840974806617,-1.8471415918460714,2.398025689326733,7.6882358051390565,17.756861900115016,17.79992073963383,-0.05723951556899985
2023-11-16,553.7554110919988,556.8807506828024,552.0506856611003,553.7080688476562,8622660,0.0,0.0,SBIN.NS,-8.564125682131163e-05,-8.56449242431365e-05,0.4320146270823253,540.5247680664063,550.8535827636719,552.0521105957031,533.7154702758789,546.3281818292214,547.8203248306781,540.5247680664063,560.9073368996882,520.1421992331244,0.07541770530218432,57.559727414552206,1.091859540975861,-1.259341365281685,2.351200906257546,7.153815337038038,17.593206703175593,17.79133788139122,-0.05732025476176795
2023-11-17,544.0952543037619,544.0952543037619,532.3514867895021,533.251220703125,37173221,0.0,0.0,SBIN.NS,-0.03694518699556759,-0.03764494979611878,0.3791085789043809,540.0701690673828,550.6168151855469,552.0530578613282,533.6209030151367,545.0827569600694,547.2489874139113,540.0701690673828,560.686196926262,519.4541412085036,0.07634573816391253,40.282341054184236,-0.12862746543328285,-1.0331985853120047,0.9045711198787219,7.630734494382092,18.964878098512425,18.826033452218734,-0.0921477342265284
2023-11-20,534.1509536100332,536.8027552939175,530.9308715478544,533.9141845703125,12714585,0.0,0.0,SBIN.NS,0.0012432486630098438,0.0012424764693437034,0.3808231538012492,539.7173828125,550.4416064453125,552.1397149658203,533.6487973022461,544.0190833991402,546.7260539690643,539.7173828125,560.5093110103066,518.9254546146933,0.07704746543258871,40.90145689002977,-1.0304976324405288,-1.0326583947377095,0.0021607622971806517,7.360141360284039,18.6766937636344,18.82726688463674,-0.09101904811089513
2023-11-21,536.045106882722,536.6607295090693,531.3097260798711,531.7832641601562,14280013,0.0,0.0,SBIN.NS,-0.003991129046086672,-0.0039991148569679036,0.375312110404604,539.6416168212891,550.2711328125,552.1818597412109,533.799584197998,542.8537672811417,546.1400622118523,539.6416168212891,560.5427866301682,518.74044701241,0.07746315019955498,39.48449622897285,-1.8953354583139799,-1.2051938074529636,-0.6901416508610163,7.312790867076225,18.62497125341386,18.80611464173832,-0.09464690839031924
2023-11-22,533.1565296940364,534.6244861641455,525.7693472920832,529.3682250976562,14909071,0.0,0.0,SBIN.NS,-0.004541397267012637,-0.004551740739339298,0.3690662717451232,539.9257415771484,549.8904077148437,552.1141442871094,533.9464247131348,541.5694299303336,545.4823431093348,539.9257415771484,560.0538444089991,519.7976387452977,0.07455878200233819,37.882720215028826,-2.743968375783993,-1.5129487211191694,-1.2310196546648235,7.552937367219507,18.19818873581654,18.81638977113467,-0.09875847644623689
2023-11-23,532.0200331450485,533.6774164258742,528.7526088304325,530.3153076171875,6376210,0.0,0.0,SBIN.NS,0.0017890807846590029,0.00178748228591027,0.3715156419048271,540.1033203125,549.4452819824219,552.0208575439453,534.0269303894042,540.497608757653,544.8875574037604,540.1033203125,559.8005483929296,520.4060922320705,0.07293874093954056,38.92902540558287,-3.3020306785026605,-1.8707651125958678,-1.4312655659067928,7.2924910989098715,17.830342073907566,18.796323525742135,-0.09714608255411007
2023-11-24,532.2094483034675,532.6829863733514,529.6523311651066,530.694091796875,6529851,0.0,0.0,SBIN.NS,0.0007142622025930745,0.0007140072387461835,0.3724952636881049,540.7354919433594,548.8514636230469,551.9024725341797,534.2308000183106,539.5639404756741,544.3309509093727,540.7354919433594,558.1295603246542,523.3414235620646,0.06433484999766496,39.36890122008566,-3.6714125973128375,-2.230894609539262,-1.4405179877735756,7.008371688131141,17.80689519547757,18.79504866149886,-0.09650120812641534
2023-11-28,533.7720990209981,535.2874555553268,531.4044086282419,534.5771484375,8153314,0.0,0.0,SBIN.NS,0.007316939646863974,0.007290300708709779,0.38253772869811753,540.8917572021485,548.3987622070313,551.7035864257813,534.4506011962891,539.0890079006099,543.9484488516523,540.8917572021485,557.9882656534603,523.7952487508367,0.06321600661746564,43.83499284582287,-3.6092154216604513,-2.5065587719635,-1.1026566496969514,6.710722331711248,17.974809156205254,18.19416145779217,-0.08989036199526185
2023-11-29,537.9392237521445,538.8862998502997,535.1926799455193,538.5074462890625,10299034,0.0,0.0,SBIN.NS,0.007352162102421067,0.007325266704396215,0.3927023701922192,541.0527587890625,547.8712390136719,551.5080145263672,534.6152670288086,539.0336210804625,543.735076202139,541.0527587890625,557.9869236175293,524.1185939605957,0.06259709262500532,48.009387857142045,-3.2058267469175235,-2.646412366954305,-0.5594143799632185,6.436741050609173,17.501395419047206,18.08848089495998,-0.08319908840567528
2023-11-30,539.5966479405728,540.0228437781268,533.8195064246602,534.8612670898438,19758998,0.0,0.0,SBIN.NS,-0.006770898386540658,-0.006793924918084702,0.38327252396095335,541.0148773193359,547.2546923828126,551.2631958007812,534.7561279296875,538.6362540337369,543.3870836879313,541.0148773193359,558.0035250297101,524.0262296089618,0.06280288554928792,44.69087282373455,-3.1441111487299622,-2.7459521233094364,-0.39815902542052584,6.636304369787695,17.599034206057276,17.921096465521163,-0.0894066542187683
2023-12-01,536.9921114929493,543.8110705014656,536.565915716492,541.49072265625,10614230,0.0,0.0,SBIN.NS,0.012394719854134983,0.012318534201243734,0.40041779937737165,541.2682159423828,546.7423229980469,551.0666772460937,534.9222396850586,538.908108188262,543.3127165886497,541.2682159423828,558.1191626604207,524.4172692243449,0.062264682173141545,51.284298565460524,-2.5310826873171663,-2.702978236110982,0.17189554879381586,6.913659316413641,17.990582418355068,17.87895387246245,-0.07812010479677052
2023-12-04,556.8808348894886,564.457444887985,553.6134102666476,563.2262573242188,26077882,0.0,0.0,SBIN.NS,0.04014017924692492,0.039355491807658204,0.4566308208649634,542.3384155273437,546.5671154785156,551.0770959472657,535.1847193908692,541.2241223916864,544.0936397547505,542.3384155273437,561.8467160138428,522.8301150408447,0.07194142966077774,65.71519114443859,-0.2880566806479692,-2.2199939250183798,1.9319372443704106,8.175310668417069,21.33724516775076,19.08413977785338,-0.04111568055917658
2023-12-05,563.5576649909151,578.9476527969288,563.5576649909151,576.05908203125,36430152,0.0,0.0,SBIN.NS,0.02278449298155527,0.022528802980065106,0.48981941557967823,543.7637664794922,546.7025476074218,551.2253137207031,535.506485748291,544.5417375954544,545.3471865106916,543.7637664794922,568.3743941165397,519.1531388424447,0.09051955703626564,71.14918283362681,2.4962836907295696,-1.27673840186879,3.7730220925983593,8.804435799154378,22.18212808501634,19.45834949210477,-0.01926798751275383
2023-12-06,581.504796593788,581.504796593788,572.554914792064,576.24853515625,21439069,0.0,0.0,SBIN.NS,0.0003288779413597176,0.00032882387286385997,0.49030938432207183,545.3785339355469,547.087060546875,551.4137829589844,535.8187480163574,547.5614326012444,546.559004104635,545.3785339355469,573.9592379626253,516.7978299084685,0.10481052057856034,71.22170095638461,4.664412337071212,-0.08850825408078944,4.752920591152002,8.993842240955376,21.643624239229226,19.334867336968788,-0.018945446387461463
2023-12-07,577.7164360777733,580.1314686348155,572.981055454185,579.3264770507812,10725706,0.0,0.0,SBIN.NS,0.005341344414344862,0.005327130027758987,0.49826964002766627,546.891488647461,547.3437182617188,551.6264013671876,536.2186314392089,550.5866749297718,547.8440030436996,546.891488647461,579.2485220462478,514.5344552486741,0.11833072582208323,72.43398863876465,6.555466757135491,1.2402867481624669,5.315180008973025,9.159581395164546,20.742410864832056,19.295196626700136,-0.01370529612735553
2023-12-08,577.7164613742833,584.1565677433689,573.3125340795355,581.6468505859375,17722136,0.0,0.0,SBIN.NS,0.004005295160975031,0.003997295320345789,0.5042706521667049,548.494418334961,547.7244445800782,551.8963177490234,536.6145555114746,553.5447868970257,549.1696049081011,548.494418334961,584.3960928374985,512.5927438324235,0.13090989918009574,73.3455633108507,8.147456949367552,2.6217207884034837,5.525736160964068,8.408685081284498,20.730494657034328,19.303113972238258,-0.009754894722639051
2023-12-11,582.4518843244429,587.0925809963234,580.6524163565841,581.7415771484375,11706255,0.0,0.0,SBIN.NS,0.00016285923736125696,0.0001628459772353298,0.5045156365379015,550.1944244384765,548.1004345703125,552.1790203857422,537.0044499206543,556.2301954923983,550.4469371528202,550.1944244384765,589.0448116962409,511.3440371807121,0.141224212867714,73.38425836410283,9.309450735169094,3.9592667777566057,5.350183957412488,8.449276573689938,19.882848616413167,19.302600539312127,-0.009593624159992868
2023-12-12,584.34602945594,585.2457634285711,578.474145313708,579.989501953125,14494836,0.0,0.0,SBIN.NS,-0.0030117757852219373,-0.0030163203089302896,0.49998437277528884,551.7523681640625,548.5294616699218,552.2860406494141,537.3955714416504,558.492986583896,551.6054691057733,551.7523681640625,592.808857443269,510.69587888485614,0.14882215880946914,71.32185219044243,9.97398743797828,5.162210909800941,4.811776528177339,8.550749051237428,18.851195206358913,19.275758451002744,-0.012576506100277246
2023-12-13,581.9309286579414,587.6607275753272,579.2791271049712,587.0451049804688,13977914,0.0,0.0,SBIN.NS,0.012165052994207448,0.012091653410671083,0.5182317621605832,553.5754913330078,549.0958117675781,552.5464862060547,537.864241027832,561.2122359549983,552.9952587479182,553.5754913330078,597.5479735933887,509.60300907262683,0.15886715705023494,74.43745099473207,10.94381230489057,6.318531188818868,4.625281116071703,8.51692487968698,19.00165319715153,19.248482259684472,-0.0005644469692616437
2023-12-14,592.8697099849069,594.5270933594653,589.4602587363645,590.6441040039062,15813797,0.0,0.0,SBIN.NS,0.00613070272267624,0.006111986421836405,0.5275395897585147,555.419921875,549.5712463378907,552.7567370605469,538.3780795288086,564.0152710072753,554.4716840520746,555.419921875,602.4149100643667,508.4249336856333,0.1692232717570515,75.87708623264716,11.866030429784018,7.428031037011898,4.43799939277212,8.699580649940897,19.004996135348133,18.904904718768403,0.0
2023-12-15,594.763786742552,615.5994608004121,587.0450934582335,613.9420776367188,29813572,0.0,0.0,SBIN.NS,0.03944502869812516,0.03868694447231871,0.5877934327140617,558.4316223144531,550.429296875,553.1185198974609,539.0163046264648,568.7702049719842,556.8038563495116,558.4316223144531,612.1972302404272,504.66601438847897,0.19255932428446423,82.67800202893105,14.311868390881727,8.804798507785865,5.507069883095863,10.522702945221884,21.680430870439885,19.849443263647093,0.0
2023-12-18,612.4268262567273,620.9505117561671,608.4017525486585,614.1788940429688,16221796,0.0,0.0,SBIN.NS,0.00038573086106352683,0.00038565648604015166,0.5884058936420535,562.4780059814453,551.6084069824219,553.43484375,539.6886944580078,573.0948420263637,559.0538578276864,562.4780059814453,620.2930633783599,504.66294858453074,0.20557268651255223,82.73129570850216,16.083916325677592,10.26062207136421,5.823294254313382,11.090945477297371,21.649882348677785,19.1792738301002,0.0
2023-12-19,614.1788360277644,624.6913573620863,606.3654583913279,620.7136840820312,19964008,0.0,0.0,SBIN.NS,0.010639880501340349,0.010583675299058102,0.6053063425380296,566.8179809570313,552.8064575195312,553.7923645019531,540.3721583557129,577.6299698411892,561.4718902298176,566.8179809570313,628.5065941655339,505.12936774852875,0.21766639478989638,84.17788972845413,17.81027426829837,11.770552510751044,6.039721757547328,12.092141731437275,21.651529446373637,19.15131634795436,0.0
2023-12-20,623.8391081716461,625.4491492821084,600.3989720837247,602.7666625976562,22542056,0.0,0.0,SBIN.NS,-0.028913526388445465,-0.02933975841349426,0.5588912752415174,570.3671508789063,553.605791015625,554.0466552734375,540.9656550598145,580.0239405799003,563.0912930677721,570.3671508789063,631.735748945308,508.9985528125045,0.21518980527485126,67.46317043586376,17.52819659190243,12.92208132698132,4.606115264921108,13.438344577502773,23.51267685627783,19.778880702055694,-0.028913526388445444
2023-12-21,598.6941772244857,614.6050440767264,594.2902502559922,609.6802368164062,19915516,0.0,0.0,SBIN.NS,0.011469735550661664,0.011404456812900815,0.5767713459207713,574.3827514648438,554.7167102050781,554.3175183105469,541.5628291320801,582.8483497452819,564.9183104696793,574.3827514648438,634.9608503132525,513.804652616435,0.21093286208165876,69.93941434806925,17.658954229362507,13.869455907457558,3.789498321904949,14.250129606725084,23.565101271833658,19.852755103294122,-0.017775421339296365
2023-12-22,610.6273291849556,615.0312562708087,601.5354215427969,603.0507202148438,14998068,0.0,0.0,SBIN.NS,-0.010873760048677572,-0.0109333114695164,0.5596259126535985,578.0195220947265,555.5709716796875,554.5088275146485,542.1496166992188,584.7723850280972,566.4136990871368,578.0195220947265,636.1418877475148,519.8971564419383,0.20110865959043897,64.84321242757031,17.03130770098744,14.501826266163537,2.5294814348239036,13.573637642173424,23.927135961234004,19.95658291451435,-0.028455895721566253
2023-12-26,605.0395096283313,607.3598575049451,602.0089125212561,604.2818603515625,10153089,0.0,0.0,SBIN.NS,0.0020415200503867137,0.0020394389802116373,0.5628099202253836,581.6989105224609,556.5123645019531,554.7171838378906,542.6779930114747,586.6304302969987,567.8987250190752,581.6989105224609,636.4245432579238,526.973277786998,0.18815793444175555,65.34817714262323,16.443683477970353,14.890197708524902,1.5534857694454516,12.832891178671925,23.849359785392597,19.956934528847945,-0.026472468952846835
2023-12-27,606.8390745327218,615.0786490253292,605.1816911844077,614.2262573242188,14417646,0.0,0.0,SBIN.NS,0.016456553845370703,0.016322612243548813,0.588528385827652,585.6813659667969,557.6962097167968,554.9856799316407,543.2697944641113,589.2586042995911,569.715490991826,585.6813659667969,637.4828483120923,533.8798836215014,0.17689305262353908,69.19678404259275,16.58918695373336,15.229995557566593,1.3591913961667679,12.964813098103548,24.142379092289186,19.68068144539453,-0.010451560718218587
2023-12-28,615.8363152935132,618.7248862187143,612.2847794498366,616.9254760742188,16982092,0.0,0.0,SBIN.NS,0.004394502380537624,0.004384874750408645,0.5955091776007233,589.6022674560547,559.1215612792969,555.3602496337891,543.7475837707519,591.8935444686032,571.5668629558413,589.6022674560547,638.1375846491891,541.0669502629204,0.16463748486771845,70.16537922203473,16.729457133277265,15.529887872708727,1.1995692605685377,12.914076925835493,24.141956618522066,19.656150922820576,-0.0061029877461375
2023-12-29,611.3376758557351,615.2206650823382,605.7025610083924,608.0702514648438,13221898,0.0,0.0,SBIN.NS,-0.014353799531387268,-0.014457811826043141,0.572607558714954,593.2627166748047,560.3792785644531,555.7731750488281,544.1787739562989,593.43418323015,572.9983683875669,593.2627166748047,634.9784902005047,551.5469431491047,0.1406317044816635,63.14978732778278,15.942306654014942,15.61237162896997,0.3299350250449713,12.9411398831207,24.705324911167303,19.757262614561196,-0.020369186214874217
2024-01-01,608.2123370371694,612.6636066637731,604.2346055026524,607.4072875976562,8295548,0.0,0.0,SBIN.NS,-0.0010902751213209827,-0.001090869903597916,0.5708929838180856,596.558544921875,561.6085827636718,556.2547631835937,544.5922499084472,594.7649550746744,574.3477377683547,596.558544921875,630.7975107488422,562.3195790949077,0.11478828396113644,62.64477583516286,15.091028600754385,15.508103023326855,-0.41707442257247074,13.083199634647949,24.71879039607962,19.761506940195282,-0.021437253319223547
2024-01-02,607.4072591036456,613.7053385549276,600.3041880555562,605.6078491210938,15164482,0.0,0.0,SBIN.NS,-0.0029624907591732086,-0.002966887620844209,0.5662392278698745,598.6776245117187,562.8738757324219,556.8812548828125,545.0241343688965,595.7976116505238,575.57362448807,598.6776245117187,629.2837668368051,568.0714821866324,0.10224582002725996,61.21387007027135,14.108550377411461,15.228192494143777,-1.1196421167323152,13.556737662112832,21.69992078386504,19.765867543757615,-0.024336236413536466
2024-01-03,605.5131321806922,613.7053642545236,602.1510233047925,609.3961791992188,14571772,0.0,0.0,SBIN.NS,0.006255417732156099,0.0062359338177877715,0.5760367085086902,600.3444793701171,564.2424011230469,557.5967706298828,545.5286117553711,597.092713321828,576.8999991826249,600.3444793701171,629.3534311695372,571.3355275706971,0.09664102126784382,63.12359259777228,13.480224249942808,14.878598845303584,-1.3983745953607762,13.783361982068195,21.686389207885455,19.74788554425353,-0.018233052006175556
2024-01-04,608.4964462867835,612.1900665146259,604.8502261119448,608.7332153320312,13883388,0.0,0.0,SBIN.NS,-0.0010879028944006386,-0.0010884950902945066,0.5743221336118218,601.9687133789063,565.75109375,558.2564099121093,546.1103672790528,598.201332560895,578.1483606002487,601.9687133789063,628.8572170563434,575.0802097014691,0.08933521985390062,62.54322808823064,12.781439149273638,14.459166906097597,-1.677727756823959,13.773208555188514,21.603697530976117,19.62287416873372,-0.019301119110524886
2024-01-05,610.8641568235059,617.2569212553799,603.9978542855673,607.9755859375,15984585,0.0,0.0,SBIN.NS,-0.0012446000570512927,-0.0012453752149434222,0.5723627321945115,603.4011688232422,567.4368908691406,558.9023162841797,546.7097019958496,599.1322138348575,579.3180557115135,603.4011688232422,628.1805461679157,578.6217914785686,0.08213234784744779,61.84345932327891,12.027862846344874,13.972906094147053,-1.9450432478021789,12.680687100019513,21.503325304741068,19.62642496473781,-0.020521696993630045
2024-01-08,606.1287006578947,610.8640811317845,591.9699014799768,593.8167114257812,14739531,0.0,0.0,SBIN.NS,-0.023288557697404455,-0.023564021328980868,0.5357446719845511,604.0096618652344,568.7779504394531,559.4075811767578,547.2747067260742,598.6259755101835,579.8866304454064,604.0096618652344,627.0783898822841,580.9409338481847,0.07638529471800651,50.47701722373732,10.170901532900643,13.212505181897772,-3.0416036489971283,13.133931417469446,22.977493090139546,19.928459822230522,-0.043332333966549695
2024-01-09,598.5521938399974,600.7777999197968,591.4491219194277,592.301513671875,13400235,0.0,0.0,SBIN.NS,-0.0025516253159467706,-0.0025548862601428965,0.5318260270006849,604.5376586914062,570.2629675292969,559.8929577636719,547.7998518371583,598.023645811297,580.3734886111503,604.5376586914062,625.8791282443987,583.1961891384138,0.07060426838979249,49.430016945055456,8.479239127094047,12.265851970937028,-3.786612843842981,12.49127277672736,23.03598496166262,19.92658936178878,-0.045773391402148304
2024-01-10,591.73317522907,592.2067133106882,585.4824956736869,588.8446044921875,12742464,0.0,0.0,SBIN.NS,-0.005836401055700491,-0.005853499405350992,0.5228856759595486,604.9804138183594,571.4108227539062,560.470200805664,548.2830932617187,597.1494513999533,580.705689233936,604.9804138183594,624.4640984452449,585.4967291914738,0.06441096003063446,47.033062883939074,6.781468257759457,11.168975228301516,-4.387506970542059,11.189047119570537,23.17495200756911,19.955386231802763,-0.05134264058794626
2024-01-11,592.8696781345247,593.9588388441286,585.7666069108683,587.3766479492188,15533860,0.0,0.0,SBIN.NS,-0.0024929438628968903,-0.002496056421480636,0.5190892074597717,604.9969909667968,572.452607421875,560.9896728515625,548.8082330322266,596.218708214169,580.9672954580648,604.9969909667968,624.4168837258247,585.5770982077689,0.06419831188910391,46.01269556528421,5.256922259750468,9.986564634591307,-4.729642374840839,10.323149841893837,23.202127268313454,19.825243983168978,-0.05370759013008452
2024-01-12,590.7861088551372,602.8139878885283,588.2289916110394,600.0674438476562,16620797,0.0,0.0,SBIN.NS,0.021605891113898545,0.021375792275848796,0.5519104834684461,605.4681579589844,573.7415783691406,561.5716510009765,549.3845173645019,596.5852544649774,581.7163208851076,605.4681579589844,623.8514067361067,587.0849091818621,0.060724081144388084,55.08478121571594,5.014940626316729,8.992239832936392,-3.977299206619662,10.461828785557966,23.617400284015897,20.019063297451133,-0.033262099360526536
2024-01-15,605.0869435954805,611.337622735401,602.4350842707261,606.223388671875,16844018,0.0,0.0,SBIN.NS,0.010258754890527966,0.010206491002274233,0.5678311527303896,605.0822235107422,575.1375671386719,562.2076116943359,549.9929750061035,597.5031720084916,582.6773823669416,605.0822235107422,623.035480771961,587.1289662495234,0.059341545871410294,58.70936084933583,5.259276077537834,8.24564708185668,-2.986371004318846,10.884631207276234,23.559059349812422,19.951087404756212,-0.02334457219448261
2024-01-16,606.1287229383505,610.7694190953231,599.9253858505162,603.1928100585938,15025543,0.0,0.0,SBIN.NS,-0.004999111993881811,-0.00501164935548204,0.5599933892103937,604.5329193115234,576.3649780273438,562.8251049804687,550.6271566772461,598.0450422989775,583.4819089430848,604.5329193115234,621.9793976846952,587.0864409383516,0.05771886961272785,56.30060540055981,5.149016657605557,7.626320997006455,-2.477304339400898,10.888005819493385,21.016695688769452,19.918486963652075,-0.028226982057514952
2024-01-17,590.9755375773763,603.0981011461799,590.0284613953612,592.8696899414062,30016308,0.0,0.0,SBIN.NS,-0.01711412991839989,-0.0172622692565011,0.5332954596756021,603.1407196044922,577.2713305664063,563.3696740722656,551.2440965270996,597.5521515982564,583.8500572175288,603.1407196044922,619.5644028026423,586.7170364063421,0.054460535209494385,48.93549216634323,4.180456058195091,6.937148009244182,-2.756691951049091,11.3683088119473,20.829782832061632,20.13200302200638,-0.04485803173777822
2024-01-18,592.6802223057629,599.9253777209321,586.2874585176507,595.0479125976562,14695436,0.0,0.0,SBIN.NS,0.0036740327481832313,0.003667299975777585,0.5389288374070909,602.7547821044922,578.2932250976562,563.8564703369141,551.8496308898925,597.3136526458184,584.2891888010633,602.7547821044922,619.5734882193489,585.9360759896355,0.055806130831960926,50.40963525158563,3.547733110344325,6.259265029464212,-2.711531919119887,11.540809107479804,20.842387405655874,20.115583568581545,-0.04134880886721857
2024-01-19,599.499188239714,601.8668785566165,591.6384679485856,594.5270385742188,11675202,0.0,0.0,SBIN.NS,-0.000875348039057311,-0.0008757313798727983,0.5375817390670179,601.9971221923828,579.2024182128906,564.3375848388672,552.4620832824708,597.0482608294756,584.690673105893,601.9971221923828,618.8674014327632,585.1268429520023,0.056047707267906664,50.037644231759806,2.970028791949403,5.60141778196125,-2.631388990011847,11.669338353687676,20.81170559983159,19.98135427951452,-0.0421879623075166
2024-01-23,593.8166718075666,601.2985955791091,568.8612414971168,573.07568359375,30954343,0.0,0.0,SBIN.NS,-0.03608137828670144,-0.03674840524478934,0.48210367069301663,600.4983703613282,579.6721667480468,564.6704809570313,552.9282600402832,594.7651582355969,584.2351833211031,600.4983703613282,621.7353511588836,579.2613895637727,0.0707311854477703,37.69925679884919,0.7723457657968993,4.63560337872838,-3.8632576129314806,13.029067181017743,23.38375768971342,20.887681441155944,-0.07674714076705547
2024-01-24,577.6690860249656,589.4127951297775,571.1815799753688,585.5771484375,19221835,0.0,0.0,SBIN.NS,0.021814683822132253,0.02158014835557249,0.5144352936608063,599.563134765625,580.4288806152343,565.1009265136719,553.4232669067383,593.8901096833972,584.2878094040991,599.563134765625,621.72583070383,577.4004388274201,0.07392948182802649,46.048646807246016,0.038980524685371165,3.716278807919778,-3.677298283234407,13.505986767066142,24.254047440173114,21.068378493265687,-0.05660667155500914
2024-01-25,585.7666108260978,590.7861029633766,574.1649277499139,580.3209228515625,22684904,0.0,0.0,SBIN.NS,-0.008976145329377516,-0.00901667362942406,0.5008415023729684,597.8678680419922,581.0586865234375,565.4598681640625,553.8780575561524,592.5978061756034,584.1322452255682,597.8678680419922,620.4901958775694,575.2455402064151,0.07567668056711233,43.41419048166608,-0.9553376514132879,2.781955516053165,-3.737293167466453,14.168939253550548,24.386739200736006,21.103433048880152,-0.0650747071738966
2024-01-29,586.2401775236805,596.1844777886217,583.020095268293,589.9811401367188,19572140,0.0,0.0,SBIN.NS,0.01664633637141355,0.016509304739543283,0.5258250148616466,596.5206512451172,581.8466564941406,565.9859686279297,554.3985682678223,592.3485998861859,584.3616136534565,596.5206512451172,617.5149579696746,575.5263445205597,0.07038920339383395,49.16982630388568,-0.9528592008067562,2.0349925726811806,-2.987851773487937,14.35497410835388,24.612406283721445,21.159952089648037,-0.04951162626737096
2024-01-30,592.3487686641458,599.9727198414752,591.1649235184444,593.5799560546875,16966577,0.0,0.0,SBIN.NS,0.006099882984623495,0.006081354009950744,0.535132368907314,595.7961364746094,582.6431457519532,566.605355834961,554.9154734802246,592.4658719022336,584.7231172770342,595.7961364746094,616.101024843393,575.4912481058258,0.06816052379570589,51.162766422422784,-0.6529735699715502,1.4973993441506346,-2.150372914122185,13.719074112135932,24.61177154732332,21.17974442952414,-0.043713758409356825
2024-01-31,593.2484841784004,609.1593508832941,589.0813262725044,606.6022338867188,23270745,0.0,0.0,SBIN.NS,0.021938540375563864,0.021701353354411684,0.5688109323644222,595.7558837890625,583.7010290527344,567.2773059082032,555.5037608337402,593.8121920912322,585.5811218499631,595.7558837890625,615.9668284047666,575.5449391733584,0.06784975244276431,57.63548729126127,0.6282350398757899,1.3235664832956657,-0.6953314434198758,14.486884584308834,22.634667372775485,21.47618965223733,-0.022734234087624178
2024-02-01,608.7331444634665,618.3933319459276,599.7359217915055,613.3738403320312,26587707,0.0,0.0,SBIN.NS,0.011163174263181252,0.011101325890487339,0.5863238421883901,596.1441833496094,585.3034814453125,567.9601483154297,556.0989646911621,595.6752062094035,586.6710323786717,596.1441833496094,617.4223237590703,574.8660429401485,0.07138588617909,60.562562919788604,2.165056715138803,1.4918645296642934,0.6731921854745098,15.332484024039834,22.877351846056513,21.506672999482948,-0.011824846041302987
2024-02-02,617.493672317934,625.5911621347344,612.4741801008781,615.26806640625,27471811,0.0,0.0,SBIN.NS,0.0030882081198528866,0.0030834493999182936,0.5912227403585524,596.437777709961,586.9305590820312,568.6860827636718,556.7217556762695,597.5411928948174,587.7924846934786,596.437777709961,618.6282926955644,574.2472627243576,0.07441015916464738,61.366678651906454,3.4955526237281447,1.8926021484770637,1.602950475251081,15.684251888368115,22.67762303373093,21.488924772722655,-0.008773155507010825
2024-02-05,612.8528772368899,620.1453742448914,604.9448154909967,608.9225463867188,28339525,0.0,0.0,SBIN.NS,-0.010313423312532932,-0.010366975183022011,0.574811786652706,596.4472442626953,588.4733447265625,569.3722387695312,557.290754699707,598.6251313226176,588.6211145638018,596.4472442626953,618.6599950252233,574.2344935001673,0.07448353890874802,57.16195876350836,3.9919332613927736,2.3124683710602056,1.679464890332568,15.667338946552766,21.22496808422061,21.236700636783333,-0.01899609755301323
2024-02-06,610.3432732703525,620.334915694985,603.950508871969,615.8363037109375,14079390,0.0,0.0,SBIN.NS,0.011354083315266106,0.011290109498574239,0.592692330884224,596.8402801513672,590.2027062988282,570.0465570068359,557.842993774414,600.2642905976957,589.6883768832975,596.8402801513672,620.1623877044216,573.5181725983128,0.07815192214285385,60.3496963580502,4.886868154242734,2.8273483276967113,2.0595198265460226,16.032640941929287,21.219764599458475,21.137584493495538,-0.007857697512029029
2024-02-07,620.3822334047071,642.0703008129436,620.3348911572103,639.51318359375,41696232,0.0,0.0,SBIN.NS,0.03844671017304302,0.037726048788274576,0.653926111324558,599.1251037597656,592.3866638183594,570.9159729003907,558.5050241088867,604.0022804068437,591.6422908719427,599.1251037597656,629.1813656358811,569.0688418836501,0.10033384242289181,68.8880666018937,7.421091116167304,3.74609688539083,3.674994230776474,17.13192407458638,23.617574723473066,22.00154802176077,0.0
2024-02-08,644.3906262816,680.8530575303441,642.591158500595,662.527099609375,74222434,0.0,0.0,SBIN.NS,0.035986617017491396,0.035354225817069686,0.7134453168680237,602.6363830566406,595.0233239746094,571.9373937988281,559.3079043579102,609.5760727118467,594.4220872930185,602.6363830566406,643.7209421239817,561.5518239892996,0.13634941474643622,74.61106565773896,11.157890542099153,5.228455616732495,5.9294349253666585,19.144461594112208,25.581985859372313,22.743940776447555,0.0
2024-02-09,666.4101226667173,689.8028561552406,657.4602419368277,686.866943359375,43235061,0.0,0.0,SBIN.NS,0.03673788402670741,0.03607913358145056,0.776393672205226,607.5375,598.0691198730469,573.2339410400391,560.211580657959,616.9371080116113,598.047375766209,607.5375,662.6772743680197,552.3977256319804,0.18151891650480712,79.0089414473275,15.900066909514635,7.3627778752889235,8.537289034225712,20.480511238050173,27.124269272841172,23.41619220931548,0.0
2024-02-12,687.5772971988666,687.5772971988666,667.215159609644,670.4352416992188,22873137,0.0,0.0,SBIN.NS,-0.02392268519983065,-0.02421347972268485,0.7338975655940894,611.6904296875,600.70767578125,574.289457397461,561.0407629394531,622.032168362812,600.8861156067193,611.6904296875,672.6418415067399,550.7390178682601,0.19928842715547693,70.17182284511195,18.123458895032627,9.514914079237665,8.608544815794962,21.204348879563863,28.293410525211893,23.825241230770978,-0.02392268519983067
2024-02-13,671.0508318054963,680.0007134812453,664.9895787916939,675.6915283203125,23351472,0.0,0.0,SBIN.NS,0.007840110862566974,0.007809536891641453,0.7474915147326819,615.4716339111328,603.5242810058594,575.3894866943359,561.843039855957,627.1425835968596,603.8196612033308,615.4716339111328,682.4699859440636,548.473281878202,0.21771385825590991,71.27850440242841,20.078202444400063,11.627571752270145,8.450630692129918,19.959618922960935,27.842941595060633,23.752204609902194,-0.01627013084136067
2024-02-14,668.209531384723,708.8864614766698,668.209531384723,704.056396484375,36782182,0.0,0.0,SBIN.NS,0.041979019974653475,0.04112180874714516,0.8208494959351826,620.3632843017579,606.7755944824219,576.7589587402343,562.7536965942382,634.4677086337658,607.7505135672933,620.3632843017579,697.9653275889245,542.7612410145912,0.2501825793075768,76.37290121187132,23.643609780275256,14.030779357871168,9.612830422404087,21.562884275642222,29.92359755893598,24.659901061697692,0.0
2024-02-15,708.1288129906382,723.5661418914713,702.399014134815,721.3878784179688,33941282,0.0,0.0,SBIN.NS,0.024616610288801466,0.0243185038778001,0.8656726383711797,626.2730377197265,609.9388269042969,578.2529711914062,563.729875793457,642.7458200417851,612.2068808163394,626.2730377197265,715.5007252476594,537.0453501917937,0.28494820039774593,78.84231301343725,27.55014559903657,16.734652606104248,10.81549299293232,21.887595171584614,30.34214721058986,24.401517943122084,0.0
2024-02-16,723.0452778952919,733.6051419871368,713.4797743669861,714.7583618164062,27365121,0.0,0.0,SBIN.NS,-0.009189947322238434,-0.009232435397246882,0.8485272051040069,632.3674713134766,612.7128125,579.707680053711,564.680339050293,649.6041573536538,616.2285075222244,632.3674713134766,728.3812121871429,536.3537304398103,0.3036643889169006,75.5879461133625,29.76800970991826,19.341324026867053,10.426685683051208,22.192010363234,30.660460484445938,24.456983270242546,-0.009189947322238465
2024-02-19,718.5466855971592,724.5132537731262,710.3071115422806,719.0675659179688,13979584,0.0,0.0,SBIN.NS,0.006028896382004545,0.006010795302798068,0.8596717840828954,638.5684539794922,615.5691931152344,581.3281268310546,565.5894070434571,656.2197200740648,620.2614117730379,638.5684539794922,740.283893779211,536.8530141797735,0.3185733312249883,76.27349865546013,31.510170127287324,21.77509324695111,9.735076880336216,22.49305054366894,30.596710510952875,24.462611136599143,-0.0032164561803956757
2024-02-20,718.878140197099,723.092640626177,714.095417199918,719.87255859375,12528399,0.0,0.0,SBIN.NS,0.00111949518228327,0.0011188690148357478,0.8617536776858044,644.8357299804687,618.3801147460938,582.8619165039063,566.516435546875,662.2818951711777,624.1677312562032,644.8357299804687,750.4953443153361,539.1761156456014,0.327710173063976,76.40679032287564,32.5802363073135,23.936121859023586,8.644114448289912,21.701564744773886,30.55741814330374,24.269257109174898,-0.002100561805310486
2024-02-21,720.3934973720231,736.3517073942173,719.3990211695317,730.6692504882812,21465311,0.0,0.0,SBIN.NS,0.014998060095001042,0.014886701255472066,0.8896763712258253,652.7154083251953,621.3605627441407,584.5425036621094,567.5197439575195,668.7949766299495,628.344261422167,652.7154083251953,759.3430282788206,546.08778837157,0.3267200945270205,78.1775373422331,33.90859706892263,25.930616901003397,7.977980167919235,21.579798749792708,29.379698885539955,24.31380536000067,0.0
2024-02-22,732.0898793051539,732.0898793051539,716.9366605873241,725.3656616210938,18799244,0.0,0.0,SBIN.NS,-0.007258535737809213,-0.007285007081584442,0.875960087752389,659.704833984375,624.2330444335937,586.1667395019531,568.4524057006836,674.1826609148203,632.1490222142819,659.704833984375,766.1283734194142,553.2812945493358,0.3226398654449144,75.19211605906077,34.1398344845511,27.57246041771294,6.567374066838163,21.725244227219385,29.545291132247716,24.33234937829469,-0.007258535737809266
2024-02-23,725.3656188570327,729.7221458595922,715.0424660921377,718.8781127929688,14143636,0.0,0.0,SBIN.NS,-0.0089438322922899,-0.008984068450293396,0.8591818153405022,666.6326934814454,627.0108166503907,587.7701391601563,569.3688879394531,678.4393706175011,635.5501630212893,666.6326934814454,769.2696347401011,563.9957522227896,0.3079265156427929,71.5906808644613,33.41442019444321,28.740852373058996,4.673567821384214,21.688038585330794,29.675540517440187,24.387643359123402,-0.016137448903772653
2024-02-26,715.0425247498395,725.7918164039028,712.8642610698683,718.7361450195312,11355186,0.0,0.0,SBIN.NS,-0.00019748517990891834,-0.0001975046826747739,0.8588146544852162,673.070443725586,629.6446374511719,589.370224609375,570.2516799926758,682.2771586557897,638.8123583937695,673.070443725586,771.530737186382,574.6101502647899,0.2925705455607222,71.50996411346013,32.45395948728162,29.483473795903524,2.970485691378098,21.441120621832106,29.620207335927624,24.161117388635773,-0.016331747176681535
2024-02-27,718.7361245980043,722.0034911226533,702.9199410846512,710.1650390625,13969393,0.0,0.0,SBIN.NS,-0.011925246860651995,-0.011996923024209212,0.8366478308622824,678.8996978759766,632.0350561523437,590.8031512451172,571.1385321044922,684.9331472659526,641.6105027337197,678.8996978759766,771.1535888381513,586.6458069138018,0.27177472975994155,66.62589278971973,30.64788114193857,29.716355265110536,0.931525876828033,20.93037440297467,29.769190271134942,24.284100678045718,-0.0280622339205858
2024-02-28,710.1650270994766,716.6998756485756,701.7834263040562,703.2040405273438,11263318,0.0,0.0,SBIN.NS,-0.009801944832915965,-0.009850300137652056,0.8186451101466756,683.7297882080078,633.8202954101563,592.1247961425781,571.9966177368165,686.673232338466,644.0259355883717,683.7297882080078,769.9649492003282,597.4946272156874,0.25224924372049007,62.870285023918,28.328305562105243,29.43874532450948,-1.110439762404237,19.04298693211219,30.074294336269485,24.377884476954222,-0.03758911428472382
2024-02-29,704.529955894372,714.0007171898741,698.1371920199082,708.5076293945312,19217113,0.0,0.0,SBIN.NS,0.007542034120296304,0.007513735179607682,0.832361393620112,688.4864776611328,635.7068701171875,593.6576385498047,572.8754150390625,688.752698724758,646.5546294631231,688.4864776611328,768.6637146594916,608.309240662774,0.23290867605920176,64.51165297537648,26.61122288854017,28.87324083731562,-2.2620179487754513,17.8659091429374,29.92649773700184,24.336215492463598,-0.030330578546914556
2024-03-01,712.2012253214909,731.1427472715305,712.1538830776034,728.443603515625,17348526,0.0,0.0,SBIN.NS,0.02813798086850583,0.02774938066065478,0.8839203434579834,694.1452545166015,637.8614685058594,595.3339630126953,573.8320602416992,692.5327848953168,649.7659617789075,694.1452545166015,768.3144073897822,619.9761016434209,0.21369922906072913,69.8983960882147,26.55300251419851,28.4091931726922,-1.8561906584936878,18.028264877778593,29.822326344127482,24.674396171454717,-0.0030460389172925046
2024-03-04,733.415788130336,735.8781629797205,728.3015538370722,731.1901245117188,9789141,0.0,0.0,SBIN.NS,0.0037703962020374515,0.003763306074415772,0.8910234695658985,700.2586334228515,640.4299377441406,597.0178643798828,574.7850186157226,696.214436287355,652.959066199802,700.2586334228515,764.3178079727711,636.1994588729319,0.18295861412461137,70.5613577511612,26.423885633543023,28.012131664862366,-1.5882460313193434,17.49722733871409,29.821389368433255,24.493794716717897,0.0
2024-03-05,728.7751257237001,745.3016167439201,728.3962721270127,742.4603881835938,18088847,0.0,0.0,SBIN.NS,0.01541358846907448,0.015296005822029722,0.9201709271111487,706.5898376464844,643.0855407714844,598.9011254882812,575.7738903808594,700.6188126584254,656.4689219638724,706.5898376464844,759.592658170347,653.5870171226218,0.15002429330261777,73.17241390683284,26.920651155189944,27.793835562927885,-0.8731844077379414,15.799256947639858,29.818393247180364,24.29501931673646,0.0
2024-03-06,742.1761948466667,748.4742161095596,731.9951269642696,742.4129638671875,26710525,0.0,0.0,SBIN.NS,-6.387454086576039e-05,-6.387658093111842e-05,0.9200482770747958,711.7348266601563,645.8727856445313,600.7218786621094,576.7625250244141,704.5992080116409,659.8392765483161,711.7348266601563,756.6880673626107,666.7815859577019,0.1263201940346218,73.14301555493,26.999283727761735,27.63492519589466,-0.6356414681329241,15.464397046827985,26.919425650597283,24.302368477671703,-6.387454086577214e-05
2024-03-07,748.1901327438186,751.4102146649448,741.5605999220379,746.3433227539062,15497868,0.0,0.0,SBIN.NS,0.005294033210634819,0.005280069079518178,0.9302130764196519,715.9256378173828,648.7140148925781,602.6131896972656,577.827017211914,708.5748379870948,663.2315920857902,715.9256378173828,757.0259270290865,674.8253486056792,0.11481720178929371,74.0727271595758,27.066739201762744,27.521287997068278,-0.45454879530553427,14.730414698453428,26.650078507909154,24.05485208821323,0.0
2024-03-11,748.1901368545919,750.8419384368862,729.7694947090195,732.7528076171875,16778340,0.0,0.0,SBIN.NS,-0.018209468380545824,-0.018377301304204667,0.8950649224368721,718.2199310302734,651.0845458984375,604.3903778076171,578.8191439819336,710.8775017613895,665.9579142634922,718.2199310302734,757.576146926783,678.8637151337638,0.10959377259289885,65.61450212149484,25.726992406079262,27.162428878870475,-1.4354364727912134,15.22086480538351,27.295355541532583,24.06022463244182,-0.018209468380545806
2024-03-12,729.2486473566764,736.5884876385131,717.2681107424115,719.4937744140625,21529705,0.0,0.0,SBIN.NS,-0.01809482415528585,-0.01826053756636641,0.8607740559025265,720.6728576660156,653.1359118652343,606.1287365722657,579.7356848144532,711.6980991568821,668.057359759593,720.6728576660156,752.9715944082492,688.374120923782,0.08963494711549667,58.58581805366821,23.326447482646813,26.395232599625743,-3.0687851169789298,15.958232910372269,28.176026297445016,24.32643617406642,-0.03597479540752443
2024-03-13,718.4993277010051,723.2820505868954,703.6775631743476,707.70263671875,27950252,0.0,0.0,SBIN.NS,-0.016388102461226906,-0.016523872801529112,0.8302795000172032,722.2734130859375,655.1285595703125,607.7539190673829,580.5725994873047,711.3175789246791,669.6120765030894,722.2734130859375,747.6086847986846,696.9381413731903,0.07015424146515752,53.13475274716354,20.239246629817103,25.164035405664016,-4.924788775846913,16.14764728093385,28.9664740508095,24.547084681474242,-0.051773339235591104
2024-03-14,710.2124696487804,711.0648035507907,695.2012771081664,701.830810546875,19730882,0.0,0.0,SBIN.NS,-0.008297024579560164,-0.008331636471436867,0.8150936260180954,722.1621337890625,657.0170300292968,609.3128063964843,581.3750454711914,710.4140771744121,670.8755562695125,722.1621337890625,747.8513844948761,696.4728830832489,0.07114538274397317,50.609398959232934,17.121445051868477,23.55551733490491,-6.434072283036432,16.198383546990595,28.849549429156667,24.621134402624964,-0.05964079914694766
2024-03-15,700.1260254598068,707.0396696118478,684.7360384273795,693.1650390625,29792241,0.0,0.0,SBIN.NS,-0.012347379673489312,-0.012424241919447587,0.7926819758747197,720.7509918212891,658.768173828125,610.8210247802734,582.1408981323242,708.7713116399443,671.7496536339434,720.7509918212891,749.5336957168454,691.9682879257327,0.07986864873491017,47.05498557855466,13.79232022079782,21.602877912083493,-7.810557691285673,16.742951505348724,29.217608228293972,24.727257450597136,-0.07125177122933928
2024-03-18,688.6190419826069,698.8475105936745,683.8836612570906,692.2653198242188,18145126,0.0,0.0,SBIN.NS,-0.0012979870414383532,-0.0012988301562652728,0.7903550979006142,719.6263397216796,660.425556640625,612.333978881836,582.8801876831054,707.199312419399,672.5541895629738,719.6263397216796,751.0331249579197,688.2195544854396,0.08728636933547151,46.68835407733622,10.955081622223702,19.473318654111534,-8.518237031887832,16.888401076959408,29.260344543228843,24.702168893118824,-0.07245727439504243
2024-03-19,691.3655971347375,695.4853553107556,682.983996236656,685.4937133789062,15205043,0.0,0.0,SBIN.NS,-0.009781808002503944,-0.009829964180055722,0.7728421880766463,717.9476470947266,661.9607666015625,613.8559301757813,583.5438131713868,705.1321125107806,673.061621869481,717.9476470947266,752.8722215489283,683.0230726405248,0.09729003109218018,43.91499347871151,8.067144523746379,17.192083828038506,-9.124939304292127,16.418244579537802,29.23798536825524,24.74218578707008,-0.08153031925102933
2024-03-20,686.7723283939229,699.8419683708956,681.7054360495005,697.2848510742188,25405455,0.0,0.0,SBIN.NS,0.017200942131463393,0.017054680766208065,0.8033367439619696,716.81826171875,663.7469519042969,615.5919213867187,584.2766134643555,704.3847542787271,674.0115524265295,716.81826171875,752.9217202420734,680.7148031954266,0.10073252999095306,49.53616356061323,6.653186048796215,15.08430427219005,-8.431118223393835,16.648250506457504,29.412312231466515,24.83630586734127,-0.06573177542296266
2024-03-21,702.730488902024,710.8753205031713,701.3572169516723,704.9087524414062,15161161,0.0,0.0,SBIN.NS,0.010933697118820751,0.010874356402928817,0.8230538817236903,715.5302368164063,665.9687927246093,617.3733715820313,585.0553469848633,704.4346588656489,675.2232073290737,715.5302368164063,751.3903158245754,679.6701578082371,0.10023358109287071,52.82822839670448,6.077738508838365,13.282991119519714,-7.205252610681349,16.48588938209941,27.666890157400537,24.87164395044901,-0.055516769627698984
2024-03-22,704.4826218254808,709.170660666822,702.162331334717,707.1818237304688,15535921,0.0,0.0,SBIN.NS,0.003224631955823787,0.003219443980081587,0.8289325595278851,714.621044921875,668.2663989257812,619.2646832275391,585.8317129516602,704.6962936146795,676.4764864036382,714.621044921875,750.3529938801239,678.889095963626,0.10000250961586304,53.79603336708809,5.738954943510635,11.7741838843179,-6.035228940807265,15.369690200321243,25.885385481538908,24.849185228286668,-0.0524711588213007
2024-03-26,703.7249566183376,708.270910802939,699.4157714829856,700.8837280273438,14678342,0.0,0.0,SBIN.NS,-0.008905907210541408,-0.00894580184406385,0.8126442558583917,713.7213256835937,670.5071813964844,620.9590020751953,586.555516052246,704.3331921301714,677.4336331339796,713.7213256835937,749.9052685956029,677.5373827715845,0.10139515693286223,50.69267619043234,4.905712835457507,10.40048967454582,-5.494776839088313,15.461013784414465,23.914533671676207,24.928029305269547,-0.06090976276015001
2024-03-27,703.6776175097407,706.3767615612527,691.5550536950569,694.490966796875,30088789,0.0,0.0,SBIN.NS,-0.00912100106598468,-0.00916285207263246,0.7961111256684563,712.509066772461,672.6494677734376,622.5510375976562,587.2473553466797,703.3958373365241,678.1025481795833,712.509066772461,749.5988186517529,675.419314893169,0.10411025938884375,47.685676597511645,3.6870184038062916,9.057795420397914,-5.370777016591623,15.31218258793506,22.95117049195308,25.00815509241061,-0.06947520581507054
2024-03-28,698.7054262433901,719.3516746513696,697.9004346418056,712.53271484375,21705116,0.0,0.0,SBIN.NS,0.025978376839207895,0.025646671321042133,0.8427711773361655,712.6274505615235,674.8987731933594,624.32017578125,588.0381640625,704.2660161467361,679.4527507938644,712.6274505615235,749.700811255995,675.554089867052,0.10404696216868739,55.6765853876889,4.129411289826862,8.072118594283705,-3.9427073044568424,15.910869638592535,23.980920418591833,25.305151024159482,-0.04530168205350812
2024-04-01,718.8781538057333,721.1985019784711,712.2959628767208,718.1678466796875,9949971,0.0,0.0,SBIN.NS,0.00790859383512399,0.007877484818308864,0.8573449061087905,713.3756408691406,677.1376623535157,626.1376147460937,588.8389169311523,705.5900000070172,680.9709898482104,713.3756408691406,750.2517104318257,676.4995713064556,0.10338471753186623,57.84259121410354,4.878482771030804,7.433391429633125,-2.5549086586023213,15.843221378509927,20.860473556911767,25.31353146281825,-0.037751360821793166
2024-04-02,718.0731365019557,728.064778156646,713.4797825681824,725.8391723632812,15713063,0.0,0.0,SBIN.NS,0.010681800527635232,0.010625153136746513,0.8771846939068639,714.2422180175781,679.5905895996094,627.9777838134765,589.6813409423828,707.5184926123758,682.7305264174288,714.2422180175781,751.4496999133546,677.0347361218016,0.10418729377002683,60.66098041183197,6.021724495781655,7.1510580428628305,-1.1293335470811758,15.37983222569542,19.840820992607565,24.42338981293506,-0.027472812800103108
2024-04-03,724.4185584476019,731.7109984397689,719.9199468084377,730.2430419921875,19136981,0.0,0.0,SBIN.NS,0.006067280186280888,0.006048948354056745,0.8885740994061948,714.3321899414062,682.338056640625,629.8046936035156,590.5921911621094,709.6827354104531,684.5937623223213,714.3321899414062,751.6926516953636,676.9717281874489,0.10460248685425157,62.22236724646356,7.200108900148507,7.160868214319967,0.03924068582854012,14.842023278211823,19.700271746403537,24.423839628970015,-0.021572217866585693
2024-04-04,733.9840367300943,734.2681480220336,717.9784262265191,719.1149291992188,15889530,0.0,0.0,SBIN.NS,-0.015238916570310623,-0.015356222124960371,0.8597942762684943,713.7284301757812,684.8193969726562,631.5563110351562,591.4476373291016,710.5810395808118,685.9475335723957,713.7284301757812,750.3242700499839,677.1325903015786,0.1025483596476312,56.15693033569825,7.153579320083395,7.159410435472653,-0.005831115389257846,14.605254305566591,20.16748140666317,24.594766396499175,-0.03648239720859081
2024-04-05,717.8363829672766,727.0703754749767,712.7694908570097,724.2764892578125,9939620,0.0,0.0,SBIN.NS,0.007177656656831566,0.007152019880843658,0.8731432410358901,712.8192352294922,687.4143859863282,633.3084020996093,592.3395458984374,711.8853681214786,687.4506298737847,712.8192352294922,747.2489257119049,678.3895447470794,0.09660146298192449,58.19262487076124,7.44735063017572,7.216998474413266,0.2303521557624535,14.493637032376787,20.27078568427983,24.564747906295114,-0.029566598672940637
2024-04-08,725.507689454445,729.2486518920224,721.4826157264696,727.6386108398438,9797174,0.0,0.0,SBIN.NS,0.004642041584804968,0.004631300537200385,0.8818384498550751,712.080517578125,690.50564453125,635.0889056396485,593.2475552368164,713.385676951799,689.0266291273556,712.080517578125,744.4064175096703,679.7546176465796,0.09079282225411747,59.51137289169111,7.860846675906714,7.345768114711956,0.5150785611947581,13.455237388168541,19.834999917674544,24.563408941328433,-0.025061806468696785
2024-04-09,727.7806889266177,731.5689935781403,720.8196444464801,723.755615234375,7465892,0.0,0.0,SBIN.NS,-0.005336434251320132,-0.005350723876347722,0.8717961426958172,710.9511322021484,693.2692138671875,636.8490472412109,594.183740234375,714.3732901215682,690.3885501511602,710.9511322021484,739.6067496014625,682.2955148028343,0.08061205925800906,57.264728710814374,7.78547388080483,7.433709267930531,0.35176461287429817,13.154201659245416,19.782164135552893,24.604637112912826,-0.030264500037577417
2024-04-10,725.933847345905,739.3823398361972,723.2347035208019,737.8196411132812,14530669,0.0,0.0,SBIN.NS,0.019432009345242696,0.01924561861254628,0.9081689028330715,711.2044738769531,696.4191882324219,638.7389373779297,595.1677523803711,716.6062759303028,692.2485929339884,711.2044738769531,740.7475059013228,681.6614418525834,0.08307887002825863,62.749889166064136,8.759614366369306,7.698890287618287,1.0607240787510186,13.414650033623682,20.36810051240395,24.739999945482605,-0.011420590739894026
2024-04-12,736.1149412559511,738.2458626040706,724.3238315687016,725.7444458007812,14408722,0.0,0.0,SBIN.NS,-0.016366052947953458,-0.016501456169327296,0.8769397095356672,711.5170074462891,699.1344543457031,640.4905554199219,596.1027532958984,717.4765778227293,693.5621557915097,711.5170074462891,741.5573338730612,681.476681019517,0.08444022029660288,56.09287115589356,8.459741737636477,7.851060577621926,0.6086811600145516,13.11361422747895,20.97698372855385,24.958399705735296,-0.0275997336951015
2024-04-15,719.5884197508934,722.9031861494083,709.1232402537129,717.41015625,11356572,0.0,0.0,SBIN.NS,-0.011483779998598842,-0.01155022780461868,0.8553853468407255,712.0023834228516,701.6110583496094,642.1271020507812,597.0029486083985,717.4702519586599,694.4973714957642,712.0023834228516,742.0968618049542,681.907905040749,0.08453476865464296,51.992995264366705,7.463547870759044,7.77355803624935,-0.310010165490306,13.330095378772935,20.954808290941333,25.02537570965674,-0.03876656442392593
2024-04-16,711.4909794514435,714.9478306266623,705.003530747474,711.9171752929688,13338991,0.0,0.0,SBIN.NS,-0.007656681340760252,-0.007686144213575274,0.8411792524756501,712.5067016601563,703.7173571777344,643.7091931152344,597.8806518554687,716.9413875143084,695.1805010564389,712.5067016601563,742.2191068884745,682.7942964318381,0.0834024582760769,49.428709036138166,6.159812908732874,7.450809010746055,-1.2909961020131808,13.71568796237444,20.872916101112043,25.046003965014062,-0.046126422534216095
2024-04-18,712.2486264937273,719.7305514049899,702.7305224873335,705.38232421875,14589648,0.0,0.0,SBIN.NS,-0.0091792294118056,-0.009221618134710287,0.8242786457289193,713.1175659179687,705.5575268554687,645.4305041503907,598.7417810058594,715.8405243433028,695.5805725530001,713.1175659179687,741.6339401807546,684.6011916551828,0.07997664235371313,46.49103781852639,4.546872178618173,6.870021644320479,-2.323149465702306,14.297465790781798,20.94475604091117,24.3340756794892,-0.05488224693163421
2024-04-19,695.6274008930026,712.2012327726861,693.3070528688593,710.7332763671875,10886554,0.0,0.0,SBIN.NS,0.007585889190466988,0.007557261021982548,0.8381174213879541,714.0409637451172,707.4668310546875,647.1986950683594,599.6692050170899,715.354119774149,696.1747962319879,714.0409637451172,740.8598004237087,687.2221270665257,0.07511848210480188,49.1557238489124,3.658212550869621,6.227659825630308,-2.5694472747606873,14.58835665061259,19.32441467618329,24.109318957200994,-0.04771268838491444
2024-04-22,714.2374792815871,728.3015365467629,710.7332860753157,725.5549926757812,17452186,0.0,0.0,SBIN.NS,0.020854118980263348,0.020639648445498062,0.8764497407932734,716.0440277099609,709.7994799804687,649.1364123535157,600.6591360473633,716.3256314790664,697.3269607984112,716.0440277099609,739.6808391324969,692.407216287425,0.06602055322807675,55.73175596219722,4.102639356585428,5.802655731821332,-1.7000163752359043,14.067467530975502,20.282152432702482,24.302044393322365,-0.027853575485098286
2024-04-23,729.580068899774,736.5411130931677,725.0341150661952,732.08984375,12292429,0.0,0.0,SBIN.NS,0.009006693000786603,0.00896637465054857,0.893350347540004,717.78427734375,712.12455078125,651.1636285400391,601.6388864135743,717.826985028679,698.6902111102382,717.78427734375,740.7203977248535,694.8481569626465,0.0639081158645086,58.29300961039295,4.9253819327212796,5.627200972001322,-0.7018190392800427,14.253500311348514,19.936190160895205,24.32114844603773,-0.019097751087680175
2024-04-24,737.2987433357519,737.2987433357519,729.438023272222,732.1845092773438,7842615,0.0,0.0,SBIN.NS,0.0001293086199076754,0.00012930026026872533,0.8935951740604462,719.1480651855469,713.9779772949219,653.1823205566407,602.601589050293,719.1943682904566,700.0037129991443,719.1480651855469,742.104320513911,696.1918098571828,0.06384291758454835,58.330620895359694,5.521402774522016,5.606041332505462,-0.08463855798344522,13.773194916710386,19.936545654014274,24.323992629716212,-0.018970911971608974
2024-04-25,729.8642420676275,771.2988227188599,728.9171659384565,769.6887817382812,36732974,0.0,0.0,SBIN.NS,0.0512224336703786,0.049953709531127016,0.9905897272623063,722.2734130859375,716.1212109375,655.5722674560546,603.7373699951172,724.0033600473923,702.736460792836,722.2734130859375,753.7928907197437,690.7539354521313,0.08727852102194428,69.90845602258386,8.91724251612709,6.268281569229787,2.6489609468973025,15.958238141644115,24.899743209634,25.63957672667034,0.0
2024-04-26,772.7194981434557,773.6665743476738,756.6192026717495,758.8921508789062,14964358,0.0,0.0,SBIN.NS,-0.014027268053708242,-0.014126579988799098,0.96266719157304,725.1738342285156,717.5617150878907,657.8154174804688,604.759501953125,727.326102031346,704.93864471778,725.1738342285156,758.9974711163525,691.3501973406787,0.0932842176354047,64.36415743448892,10.614910022720892,7.137607259928009,3.477302762792883,16.01235599024481,24.645468250115748,25.7815328811891,-0.014027268053708231
2024-04-29,764.2904382833768,787.2570344771462,756.4297179512396,782.7584228515625,27302732,0.0,0.0,SBIN.NS,0.031448832281392836,0.030964447142605746,1.0243907829050127,729.58720703125,719.8081787109375,660.2579272460938,605.8829708862305,732.6053706808905,707.9904007230264,729.58720703125,769.1084784833646,690.0659355791355,0.10833871830875387,70.02364094083848,13.727885918609104,8.455662991664228,5.272222926944876,17.192815412240503,25.43076978493202,26.172044666805554,0.0
2024-04-30,782.7584365175279,790.666499233327,776.5077570611428,782.5216674804688,27449073,0.0,0.0,SBIN.NS,-0.0003024628853321998,-0.00030250863645627874,1.0237784798277754,733.0866546630859,721.9447814941407,662.73453125,606.9988635253907,737.3593037094217,710.913195497828,733.0866546630859,778.2424096413663,687.9308996848056,0.12319349886142224,69.90503725746386,15.9914975348604,9.962829900303463,6.028667634556937,17.649437269857035,24.78786315864861,26.17472716561399,-0.0003024628853321797
2024-05-02,783.1372892528356,789.7668222833302,781.3378214511536,786.1205444335938,19943724,0.0,0.0,SBIN.NS,0.004599076425209514,0.004588532987584881,1.0330859917241977,736.4842895507812,723.586064453125,665.1808294677735,608.1237533569335,742.0032313974382,713.8625032992306,736.4842895507812,786.8400651821426,686.1285139194199,0.1367463674264548,70.71697234032482,17.869833030635732,11.544230526369917,6.325602504265815,17.483698105608205,24.53632724378132,25.450319212780837,0.0
2024-05-03,790.619154131125,791.9450838558431,776.6024387488413,787.4464721679688,22667634,0.0,0.0,SBIN.NS,0.0016866722842492354,0.0016852514499821692,1.0365151415179343,739.5646545410157,724.907236328125,667.4230316162109,609.2500637817383,746.3311590898696,716.7481491372205,739.5646545410157,794.5070113774631,684.6222977045683,0.1485802667801787,71.02711165998193,19.2435905969553,13.084102540486995,6.159488056468305,17.426198733580097,24.061252956355826,25.447644830313422,0.0
2024-05-06,790.8085783183144,791.755654460013,760.5021417839598,765.048095703125,35283557,0.0,0.0,SBIN.NS,-0.028444316225301414,-0.028856694488947735,0.9785878608349838,741.3049072265625,725.9130310058594,669.3129217529297,610.2691177368164,748.1137244816082,718.6422646888246,741.3049072265625,797.2006578508374,685.4091566022876,0.15080367087652824,59.55284952603359,18.313831130671588,14.130048258523916,4.183782872147672,18.66416170791469,25.837634891616645,25.946180615626346,-0.028444316225301462
2024-05-07,769.0258341813609,771.5356091020818,751.2208141135195,759.4603881835938,16725013,0.0,0.0,SBIN.NS,-0.00730373364879211,-0.007330536498391426,0.9641367820987117,743.3221801757812,726.7208874511718,671.1450402832031,611.2794116210938,749.1943591198925,720.2429754141098,743.3221801757812,798.7562178207004,687.8881425308621,0.1491521149868287,57.075692093899505,16.930939426120062,14.690226492043147,2.2407129340769156,18.927989525164257,25.73702341343499,25.45369276291705,-0.035540300164561965
2024-05-08,760.1232467274178,778.4965459957647,757.1873339703332,767.8892822265625,27908322,0.0,0.0,SBIN.NS,0.011098530185528421,0.011037393435521058,0.9859358134633409,745.5028198242187,727.6812219238282,673.030668334961,612.3285348510742,750.9748279871944,722.1114580342061,745.5028198242187,801.2128395046863,689.7928001437512,0.1494562279284292,59.79262195688457,16.326922493775328,15.017565692389585,1.3093568013857428,19.56388856251465,25.515521785926243,25.450145776484455,-0.024836215073212674
2024-05-09,768.9311579165353,795.2125213733023,761.0230372925254,776.4130249023438,49290254,0.0,0.0,SBIN.NS,0.011100223525800423,0.01103906818709421,1.0079801449006762,747.9415405273437,728.5960974121094,674.978330078125,613.4373239135742,753.3975134076849,724.2409312447212,747.9415405273437,804.6206809077958,691.2624001468917,0.15156034879541483,62.38545949647787,16.34758474036221,15.28356950198411,1.064015238378099,20.791706788451823,25.519871546785083,25.384011697504484,-0.014011679086259816
2024-05-10,783.2320208951047,788.0147441654584,772.4353290449478,774.0927124023438,20543142,0.0,0.0,SBIN.NS,-0.0029885028014462467,-0.0029929772928537863,1.0019792906123923,750.4583953857422,729.5706384277344,676.901841430664,614.5404309082031,755.3684847405095,726.195903054824,750.4583953857422,807.0859452613842,693.8308455101002,0.15091456161679673,61.22796166272361,15.992379694350575,15.425331540457403,0.5670481538931718,20.554937875357805,25.585955011519907,25.402983063303143,-0.0169583079455038
2024-05-13,776.4603581145727,776.4603581145727,756.33498993591,765.9951782226562,15398505,0.0,0.0,SBIN.NS,-0.010460677448515643,-0.010515774909532294,0.981037230994688,751.8671722412109,730.5129797363281,678.7618981933593,615.5239694213867,756.3805507864282,727.7566589437587,751.8671722412109,808.5726674546449,695.1616770277769,0.15083913038629643,57.236767112642774,14.88587865884665,15.317440964135253,-0.43156230528860284,20.737588446721183,25.653452794734626,25.39498939176409,-0.027241590004528922
2024-05-14,769.9728976160259,778.875436405395,765.1428324503737,774.897705078125,10912462,0.0,0.0,SBIN.NS,0.011622170881186777,0.011555152221575984,1.0040611842153013,754.3248352050781,731.6362109375,680.640424194336,616.5934552001953,758.1440892903994,729.6053274196162,754.3248352050781,810.5216586802909,698.1280117298653,0.14899900109992953,60.30071233370808,14.559495332790107,15.165851837866224,-0.6063565050761177,20.89656029872467,25.499429922167348,25.43835752128412,-0.015936025537450115
2024-05-15,777.5495004946132,781.6219162809175,774.7556143581575,776.8865356445312,9755062,0.0,0.0,SBIN.NS,0.002566571759566205,0.0025632837390265036,1.009204751055151,757.2986541748047,732.9706408691407,682.5028485107422,617.6297927856446,759.929084181269,731.4594924480442,757.2986541748047,811.5308235373831,703.0664848122263,0.14322531557030901,60.97344095403173,14.296514876558376,14.991984445604654,-0.6954695690462778,20.82553043152683,24.6160248501784,25.27492395773201,-0.013410354730987962
2024-05-16,781.6219595013043,782.4270089369695,755.1511687191949,768.978515625,20536990,0.0,0.0,SBIN.NS,-0.01017911838692187,-0.010231279886443085,0.9887528180305947,760.1517211914063,734.2861303710938,684.053212890625,618.585866394043,760.7909347949577,732.9308266902779,760.1517211914063,810.1717164151752,710.1317259676374,0.13160529359947037,56.84838380214932,13.296713607279571,14.652930277939639,-1.3562166706600678,19.746543534196203,24.859700143672985,25.360658084855064,-0.023452967529492448
2024-05-17,771.3934803092677,778.9227468345998,768.26814075298,774.566162109375,12492509,0.0,0.0,SBIN.NS,0.007266323272807629,0.007240050738903478,1.003203738916112,763.6109130859375,735.6073010253906,685.657085571289,619.5459646606446,762.1028612058545,734.5635849420072,763.6109130859375,806.7831964005784,720.4386297712965,0.1130740343669821,58.961052161747105,12.807602205803164,14.283864663512345,-1.476262457709181,19.289917420317312,24.780389835063065,25.35318539853788,-0.016357061100460774
2024-05-21,777.5495346221023,792.0397884444491,776.2236048637419,786.6888427734375,14037801,0.0,0.0,SBIN.NS,0.015650929845745898,0.015529717135098849,1.034555740100624,767.40869140625,736.7722058105469,687.3168371582032,620.5546008300781,764.4443832599101,736.6077127001025,767.40869140625,803.831219691118,730.986163121382,0.09492341875389756,63.173627059689,13.24549113561659,14.076189957933195,-0.8306988223166059,18.336082406686412,25.06158621281734,25.43738799646019,-0.0009621344704807332
2024-05-22,795.9331822307055,796.0295133266376,783.414724155801,788.422119140625,19239277,13.7,0.0,SBIN.NS,0.0022032553062236726,0.002200831698483037,1.0390383858308083,770.5520477294922,737.916845703125,689.1733917236328,621.6100234985352,766.7279771533115,738.639650207574,770.5520477294922,802.3195284866708,738.7845669723135,0.08245382216758665,63.746625823562766,13.575887800680675,13.976129526482692,-0.400241725802017,18.225800049447294,24.485717936796984,25.42849170642584,0.0
2024-05-23,794.1517316465437,804.5516696610887,791.5517324493296,801.277587890625,17497488,0.0,0.0,SBIN.NS,0.01630531213915254,0.016173808087953354,1.0722855431754934,774.0114349365234,739.0931896972656,691.089365234375,622.7034417724609,770.0184162711508,741.0960399206349,774.0114349365234,803.0991116404183,744.9237582326285,0.07516084489444361,67.75412702950842,14.70554209324439,14.122012039835031,0.5835300534093584,18.775839312896373,24.75644656585484,25.514893851689745,0.0
2024-05-24,799.2553916967729,810.0886726083256,796.3665167870256,797.9072265625,12252075,0.0,0.0,SBIN.NS,-0.004206234367539863,-0.004215105455974343,1.0635690245044325,777.2975708007813,740.2030749511719,693.0379302978515,623.77337890625,772.6744934417555,743.3239295928649,777.2975708007813,800.8033811244136,753.791760477149,0.060480853682371216,65.70349869520896,15.154153617160546,14.328440355300135,0.825713261860411,18.66009007820339,24.85329346628822,25.15119767968703,-0.004206234367539876
2024-05-27,801.7590699633794,808.3072335281287,792.5146936444445,802.818359375,12295193,0.0,0.0,SBIN.NS,0.006155017336611834,0.006136152586406774,1.0762703276255525,778.9540496826172,741.3325756835937,695.0232952880859,624.8702395629883,775.5453378163502,745.657044486282,778.9540496826172,804.759081210936,753.1490181542985,0.06625559373838018,67.25853046814463,15.724704253509003,14.60769313494191,1.1170111185670937,17.55573487874846,24.73339178734224,25.13494463897893,0.0
2024-05-28,804.7443027300019,809.5590944673188,792.8035957117308,800.3628540039062,13818893,0.0,0.0,SBIN.NS,-0.0030586063988439216,-0.0030632934951572858,1.0699198339157472,781.0275848388671,742.6847766113282,696.8846612548828,625.9351705932618,777.9089107865937,747.8023703497182,781.0275848388671,806.7094010798372,755.3457685978971,0.0657641720715113,65.65563447253092,15.796637181119081,14.845481944177344,0.9511552369417373,17.301499433536005,24.336409069298497,25.10999053404302,-0.0030586063988439164
2024-05-29,797.7146835951445,803.5405695871641,788.9517277526038,792.1776733398438,14518232,0.0,0.0,SBIN.NS,-0.010226837269015188,-0.010279490662019925,1.0487511006143837,781.4985473632812,744.1384545898437,698.637183227539,626.9987164306641,779.2678405535698,749.5425783101152,781.4985473632812,807.6550885203483,755.3420062062141,0.06693944920388482,60.481336730198656,15.020027345718859,14.880391024485649,0.13963632123321013,16.821472991330918,23.978061594262513,25.195792944787243,-0.013254163797948146
2024-05-30,790.9739767920537,805.0331445629747,788.9517290829909,795.2590942382812,17818705,0.0,0.0,SBIN.NS,0.0038898103318742994,0.00388226458102863,1.0567203538129926,782.1354187011718,745.8895837402343,700.5090716552735,628.1411233520507,780.7908170949709,751.3353828563178,782.1354187011718,809.0073404144661,755.2634969878776,0.0687142432647232,61.704909901891526,14.486215297395006,14.80155587906752,-0.31534058167251366,15.528039519845695,23.57996757444679,25.008075594764,-0.00941590964935542
2024-05-31,799.9294778988177,804.0701868667423,786.8332096505334,799.5924072265625,22267336,0.0,0.0,SBIN.NS,0.0054489323286919245,0.005434140605335477,1.0679272838399627,782.8090118408203,747.8448156738282,702.4309228515625,629.3428430175782,782.581444726551,753.2278151845627,782.8090118408203,810.7554512359147,754.8625724457258,0.07140040283740931,63.4201440303959,14.24857879937008,14.690960463128032,-0.44238166375795274,15.64643681239558,23.343697606969265,24.982877486430382,-0.004018283975155884
2024-06-03,831.5626306363492,878.2179721623354,825.0145259321062,872.1032104492188,64269020,0.0,0.0,SBIN.NS,0.09068470706739773,0.08680567064531164,1.2554566638116693,787.0418487548828,751.4235791015625,705.0958764648437,630.9885656738281,791.1073271763289,757.8895953910198,787.0418487548828,835.823588663888,738.2601088458777,0.12396225178160207,79.75812515130065,19.684356970538374,15.689639764610101,3.994717205928273,19.825022295046306,33.973816917911975,28.91462479060609,0.0
2024-06-04,863.7736004371982,863.7736004371982,704.8373437950039,746.4852905273438,122381193,0.0,0.0,SBIN.NS,-0.14404019893146525,-0.1555318653116487,0.9305802372749374,786.1137084960938,752.507978515625,706.466767578125,632.031769104004,786.8576094002351,757.4423677493071,786.1137084960938,837.3042844395827,734.9231325526048,0.13023707738520715,43.5057427949616,13.69803164682503,15.291318141053088,-1.5932864942280585,30.791683916417274,55.48128886918684,37.95804026700522,-0.14404019893146527
2024-06-05,761.4592351040986,765.5518076607758,716.4890731382206,760.4962768554688,74256082,0.0,0.0,SBIN.NS,0.018769273160395672,0.018595303833636185,0.9668158251064123,786.1655029296875,754.0080297851563,707.9843981933594,633.1204040527343,784.3470063007336,757.5621288907253,786.1655029296875,837.2445051613975,735.0865006979775,0.1299446542524732,46.43044369968974,9.969473317990264,14.226949176440524,-4.25747585845026,33.80571481640264,55.42382240759811,38.05118951730081,-0.12797445561089205
2024-06-06,770.3666270723245,802.4812623286783,766.5147939369629,786.6887817382812,40555649,0.0,0.0,SBIN.NS,0.034441332166824434,0.033861505301766306,1.0345555822498693,787.1054779052735,755.7961083984375,709.7715301513672,634.3369232177735,784.570032532881,758.7043505710216,787.1054779052735,837.455074142856,736.7558816676909,0.12793608391998007,51.48672004959224,9.024056517469603,13.18637064464634,-4.162314127176737,34.8563680489337,56.180833683724664,38.4059905597345,-0.09794073417863086
2024-06-07,789.5295559574165,800.699849042878,780.4777241722821,799.207275390625,25061284,0.0,0.0,SBIN.NS,0.015912892039317894,0.015787609298959903,1.066931245578203,788.2451904296875,757.6820788574219,711.8254357910156,635.6165084838867,785.9640556621899,760.2927005639472,788.2451904296875,838.6076342575752,737.8827466017997,0.12778370090766872,53.7343812608802,9.179133372320166,12.384923190181107,-3.205789817860941,35.53976224814628,56.29601826755838,37.87375693500971,-0.0835863624685491
2024-06-10,803.2516957835098,814.1331129043821,798.4850404060916,800.9887084960938,16725508,0.0,0.0,SBIN.NS,0.002229000110888668,0.002226519575533343,1.071538435553796,789.589990234375,759.5582165527344,713.9123077392578,636.9026327514648,787.3949749797047,761.8886224436392,789.589990234375,839.7973910153399,739.3825894534101,0.12717334667847496,54.060561781547776,9.338135447954869,11.77556564173586,-2.4374301937809904,35.40936554551888,54.45226395041946,37.75441552203117,-0.08154367636887158
2024-06-11,805.0331354685376,808.4997618244676,798.3405635563713,804.5997924804688,14754408,0.0,0.0,SBIN.NS,0.004508283258018775,0.004498151389194976,1.0808775176011456,791.5202209472657,761.6325378417969,716.0698596191406,638.2700302124024,789.0335290273965,763.5635702882207,791.5202209472657,840.8692099308962,742.1712319636351,0.12469419650346082,54.756875561401436,9.644355905419957,11.349323694472679,-1.7049677890527217,35.23396619532314,54.24491711852723,37.692835513234556,-0.07740301510182392
2024-06-12,805.9960606828112,814.2293420209461,802.1442276568479,808.0182495117188,15071442,0.0,0.0,SBIN.NS,0.004248642695657834,0.0042396426961299,1.0897184226668601,793.1762481689453,763.9030834960937,718.2762756347656,639.6329742431641,790.841597644951,765.3068910420834,793.1762481689453,842.3992878740962,743.9532084637945,0.12411627256560624,55.44535272460853,10.047062455437526,11.08887144666565,-1.0418089912281232,34.94507789843989,53.553975366441705,37.63140219609446,-0.07348323016090029
2024-06-13,813.6997946256373,814.5664806385139,805.1294419180801,812.6405639648438,12523972,0.0,0.0,SBIN.NS,0.005720556999694315,0.005704256748301266,1.101672776017037,794.9639495849609,765.9052404785157,720.4020068359375,640.986828918457,792.9176896754169,767.1631135096427,794.9639495849609,844.2929174976836,745.6349816722383,0.12410366014327211,56.41123796532037,10.616808484271132,10.994458854186746,-0.37765036991561374,34.638998105520876,53.563448946518356,37.6307957458159,-0.06818303816786307
2024-06-14,813.6997704563229,818.4182896763856,804.1664596950984,808.1146240234375,12903496,0.0,0.0,SBIN.NS,-0.0055694240997820055,-0.005584991168829207,1.089967669008432,796.9207550048828,767.7041760253907,722.4209191894531,642.3142654418946,794.3650167561807,768.769055098419,796.9207550048828,844.998574201657,748.8429358081087,0.12065897115825419,55.15052518476209,10.58115778806814,10.911798640963024,-0.3306408528948843,34.5289473982068,53.59899817120623,37.536417820236814,-0.07337272201167663
2024-06-18,810.377569958488,819.9590170862313,809.1257358857379,813.603515625,14929083,0.0,0.0,SBIN.NS,0.006792219121384502,0.006769255923161379,1.1041631873729463,798.8726226806641,769.459462890625,724.5250262451171,643.675065612793,796.1972547436874,770.5272692367164,798.8726226806641,846.2943704093794,751.4508749519488,0.11872167447568516,56.4224854152494,10.870503634893339,10.903539639749088,-0.03303600485574876,34.178154134435786,53.62095602885276,37.51819909633218,-0.06707886649572779
2024-06-19,815.4330423267555,828.7218545519676,809.8478961769484,821.0181884765625,32925140,0.0,0.0,SBIN.NS,0.009113373663173885,0.00907209746084994,1.123339212747771,800.5890899658203,771.2749658203124,726.8065112304688,645.0880926513672,798.5611531944373,772.5073052853379,800.5890899658203,848.6350364876339,752.5431434440068,0.12002648330834684,58.14916716602164,11.56480258982549,11.03579222976437,0.52901036006112,34.48423388732571,52.887839328376316,37.53019351206152,-0.0585768076078317
2024-06-20,821.4033966290509,821.4996689454273,811.1478676397271,812.4960327148438,13985352,0.0,0.0,SBIN.NS,-0.010379984123776831,-0.010434231879401502,1.1012989854300566,801.7927856445312,773.142587890625,728.9809924316406,646.4187313842773,799.8882845773333,774.0754906747303,801.7927856445312,849.7614685915037,753.8241026975588,0.11965356587341251,55.43059098133626,11.297146296147048,11.088063043040906,0.20908325310614195,34.07497573201973,52.94701190052356,37.5308886244429,-0.06834876539861773
2024-06-21,813.6034982004232,816.6367816070117,797.9072307555297,805.322021484375,18990090,0.0,0.0,SBIN.NS,-0.008829595396912637,-0.00886880726158825,1.0827453655807662,801.9950073242187,774.7634985351563,731.0889422607422,647.7132635498047,800.4057833303848,775.3008448241281,801.9950073242187,849.9886391104461,754.0013755379913,0.11968561237395647,53.17678088378633,10.386415867659139,10.947733607964553,-0.5613177403054141,34.18158813453924,52.991276992655614,37.563170698679144,-0.07657486885118206
2024-06-24,800.699845971808,805.0331584274583,790.6369197366024,801.8554077148438,12715254,0.0,0.0,SBIN.NS,-0.004304630541632992,-0.004313922137862702,1.0737799162696424,802.192416381836,776.2478344726562,733.3767395019531,649.0236102294922,800.5438427955713,776.3422002316072,802.192416381836,850.1477166584068,754.2371161052652,0.1195605924395689,52.07492560047333,9.277977927910683,10.61378247195378,-1.3358045440430963,29.614412192539216,52.95341641604345,37.108049603178486,-0.0805498728736367
2024-06-25,805.996104620019,814.5182621448073,803.3961054308986,811.0516357421875,20917530,0.0,0.0,SBIN.NS,0.011468686173173648,0.011403419334471667,1.0975634473215692,802.6040802001953,777.9937548828125,735.631484375,650.366205444336,801.5445849809634,777.7033545653554,802.6040802001953,850.7230797041303,754.4850806962603,0.11990718883944021,54.75334132268314,9.037413938233044,10.298508765209634,-1.2610948269765903,18.57133989080698,53.00928866711183,36.71179791646506,-0.07000498791373981
2024-06-26,808.7404727237647,817.3589609223837,805.0331069252793,814.0367431640625,16281760,0.0,0.0,SBIN.NS,0.0036805393027083966,0.00367378269150283,1.1052836120293605,803.2877746582031,779.5180969238281,737.968642578125,651.7142553710937,802.7343143317347,779.1281933339322,803.2877746582031,851.6605920866283,754.914957229778,0.12043708109215943,55.62037062863751,8.984075633099906,10.035622138787689,-1.0515465056877833,15.94727699613193,52.875816963606766,36.25333985027859,-0.06658210472043363
2024-06-27,812.6405440846468,816.0108981811181,807.1998061049042,812.73681640625,20378887,0.0,0.0,SBIN.NS,-0.0015968895369020686,-0.0015981659240123962,1.1019217066570994,804.3157318115234,781.2579443359375,740.1961993408203,653.091083984375,803.6869335769265,780.4461785524545,804.3157318115234,852.5680970849888,756.063366538058,0.11998364165969713,55.124989581822206,8.736205873376889,9.775738885705529,-1.03953301232864,13.577713182060815,52.81850211023505,35.990131174792495,-0.06807266999096269
2024-06-28,815.5294261991826,831.9959899913704,812.736823556385,817.5034790039062,23636388,0.0,0.0,SBIN.NS,0.0058649522224591966,0.005847820342641058,1.1142493770419932,805.4279510498047,783.2598107910156,742.4354345703125,654.5203952026367,805.0027950461626,781.8994060211389,805.4279510498047,853.8265905326309,757.0293115669785,0.12018117677625367,56.64966764399987,8.822694606473874,9.585130029859199,-0.762435423385325,13.508930947383996,52.82938278087974,35.98320135566638,-0.06260696072565572
2024-07-01,817.888612537416,818.9960380974777,808.8368397383734,810.7627563476562,10967797,0.0,0.0,SBIN.NS,-0.008245497211171848,-0.00827967935214795,1.0968163396998718,805.9864685058594,785.2367224121094,744.4770397949219,655.8771728515625,805.551362789162,783.031302112375,805.9864685058594,854.3593669291324,757.6135700825864,0.12003402119875996,53.86266026586376,8.252191440664205,9.3185423120202,-1.0663508713559953,13.116868508870693,52.79276243298604,35.39493158758251,-0.07033623241676423
2024-07-02,812.7368170641629,814.9516094316318,792.6591597257975,795.5480346679688,21142840,0.0,0.0,SBIN.NS,-0.018765935608866857,-0.01894425012833801,1.0574676192854442,802.1587097167969,787.0400366210938,746.2987817382813,657.1294650268554,804.5986648728579,783.5221543694571,802.1587097167969,839.318973646268,764.9984457873259,0.09265065249391989,48.10941291271561,6.497463966614077,8.754326642938977,-2.2568626763249,13.983529325851984,53.11936680877854,35.34832822809456,-0.08778224281712776
2024-07-03,798.292447663417,812.5923552125606,794.440614381567,808.8368530273438,23598009,0.0,0.0,SBIN.NS,0.016703979873347707,0.016566002792494688,1.091835516988053,805.2762878417968,789.0021081542968,748.2344696044922,658.460276184082,805.0023018399518,784.5148876501585,805.2762878417968,831.6736038905118,778.8789717930819,0.06556089244714217,52.84684542217607,6.108708988928129,8.225203112136807,-2.1164941232086782,14.416859787773083,53.14467999274126,35.39539704105677,-0.07254457576103478
2024-07-04,811.7738338725269,813.6034781228886,803.3960850421123,808.2108764648438,13372587,0.0,0.0,SBIN.NS,-0.0007739219104039297,-0.0007742215425702048,1.0902165996484947,807.6620178222656,790.6552258300782,750.2273529052734,659.7997958374024,805.3078803756557,785.4441421134794,807.6620178222656,823.5525325361409,791.7715031083903,0.039349416868015116,52.603219683177805,5.684578508673667,7.7170781914441795,-2.0324996827705126,14.471885099226126,53.148247822218984,35.38976295167143,-0.07326235383477625
2024-07-05,806.9590387546798,829.3478187678616,805.996080474543,827.9033813476562,24873722,0.0,0.0,SBIN.NS,0.024365552922213318,0.024073448188831986,1.1411458828261187,809.7227478027344,792.5714965820313,752.3480236816406,661.1972903442382,807.4598328491795,787.1092103187412,809.7227478027344,824.8316101680438,794.613885437425,0.03731860666211697,59.00578793872857,6.85841309731768,7.54534517261888,-0.6869320753012005,15.121878550085512,53.39546705387569,35.59484995285033,-0.05068187867213016
2024-07-08,827.9033739699761,832.9589048956433,821.8848847727533,824.5330200195312,10359800,0.0,0.0,SBIN.NS,-0.004070959732811796,-0.004079268647222266,1.1324293641550578,810.9890350341797,794.418466796875,754.1982220458984,662.5570974731445,809.0858506749273,788.5768106991644,810.9890350341797,826.6231308063336,795.3549392620257,0.038555627996857064,57.57234799394899,7.431064784783075,7.52248909505172,-0.0914243102686445,15.06685191152096,53.394188525716544,35.5378190334844,-0.05454651451768442
2024-07-09,828.0478287632818,837.7255474919629,824.2922680509901,829.3959350585938,13585081,0.0,0.0,SBIN.NS,0.005897780829865695,0.0058804570018952075,1.1450059651800144,812.4093963623047,795.6126098632812,755.8669104003907,663.9021520996093,811.0201444257527,790.177560674044,812.4093963623047,829.3270136326499,795.4917790919595,0.041648009848474395,59.11563619166078,8.182963861727785,7.654584048386933,0.5283798133408517,14.678231987660508,53.39236342714522,35.51313165941401,-0.04897043707547707
2024-07-10,828.2403880397673,828.3848552906051,812.2553041995063,817.5515747070312,17343236,0.0,0.0,SBIN.NS,-0.01428070701929074,-0.01438365762949978,1.1143737634366477,813.0569854736328,796.7857983398437,757.1737567138672,665.2038488769531,811.6421854049221,791.2510514204357,813.0569854736328,829.7053113208606,796.4086596264051,0.040952420665888584,53.966635033174754,7.733956171896239,7.670458473088795,0.06349769880744383,15.163148384331025,53.57733607389276,35.569805392823106,-0.06255181163028635
2024-07-11,822.7516382126789,826.5071405152041,818.273858372934,824.9664306640625,8501366,0.0,0.0,SBIN.NS,0.009069588006956453,0.00902870629458217,1.1335502623637361,813.90439453125,797.6299584960938,758.7190686035157,666.5042630004883,812.9111611438879,792.5732231554799,813.90439453125,831.186122403134,796.6226666593659,0.04246623556280734,56.51985035613458,7.885531748550534,7.713473128181143,0.17205862036939124,14.46500659552323,53.508791214541795,35.58969381906407,-0.054049542783905336
2024-07-12,824.9663498407772,831.032975099971,823.6181847723751,827.855224609375,11446064,0.0,0.0,SBIN.NS,0.00350171090354201,0.0034955941890674603,1.14102133858071,814.6651275634765,798.5366296386719,760.2407055664063,667.8150961303711,814.3344052834581,793.9568310556327,814.6651275634765,833.0188460100218,796.3114091169313,0.04505831371827116,57.5086621880574,8.144869033605914,7.799752309266097,0.34511672433981744,13.945698636939182,53.50767533617162,35.51489201278202,-0.05073709775366117
2024-07-15,827.8552953420664,854.4810581363205,827.8552953420664,848.7033081054688,25392820,0.0,0.0,SBIN.NS,0.025183248080521414,0.024871375226522167,1.1949392100958782,816.6945617675781,799.7882849121094,761.6871746826172,669.2230667114258,817.6076341236495,796.1037517242537,816.6945617675781,840.2402474069211,793.1488761282351,0.057660934066667204,63.89090701376335,9.91832947561852,8.223467742536581,1.6948617330819395,14.943054286723607,53.92487156259206,35.66891824834424,-0.026831574592755775
2024-07-16,849.6180412132858,855.2031872360685,841.9143753130872,848.0773315429688,11893692,0.0,0.0,SBIN.NS,-0.000737568189638993,-0.0007378403268775848,1.19332029275632,818.4182525634766,801.0009020996093,762.9540692138672,670.6035202026367,820.5095100683466,798.1419313249877,818.4182525634766,845.7535900413907,791.0829150855625,0.06680041016263616,63.582101849877866,11.144827936875004,8.807739781404265,2.337088155470738,15.011836995714807,47.01123026948154,35.661705066391605,-0.027549352666497252
2024-07-18,848.0292886499858,861.7514450438412,844.9959463584611,860.451416015625,19435183,0.0,0.0,SBIN.NS,0.014590750173858691,0.014485329386894893,1.225322481199182,820.3899139404297,802.9089685058593,764.4109997558594,672.0593399047851,824.3135011109446,800.5854405285421,820.3899139404297,853.5770274754493,787.20280040541,0.08090570830062506,66.97965879168555,12.96585964722351,9.639363754568116,3.3264958926553945,15.579294610655243,19.12467314517971,35.454792647281245,-0.013360568214846878
2024-07-19,861.8476591694113,865.6994922830175,850.581035557251,856.4069213867188,14562742,0.0,0.0,SBIN.NS,-0.004700433462745068,-0.004711515239854398,1.2148625009431546,822.5854583740235,804.8478991699219,765.7843933105469,673.5562600708008,827.370017327685,802.7745182092549,822.5854583740235,859.206072514493,785.9648442335539,0.08903783495724878,64.85005844486878,13.922197060749454,10.495930415804384,3.42626664494507,15.2835291207014,18.844433534347658,35.47187869854687,-0.017998201215673623
2024-07-22,848.7996180509505,861.8476914572568,835.8478169663675,844.3218383789062,14614111,0.0,0.0,SBIN.NS,-0.014111379422581005,-0.014211891634890369,1.1836077358234989,824.53544921875,806.3765502929688,767.0288861083984,674.9454013061523,828.9844764754204,804.4038248825746,824.53544921875,861.4378075279362,787.6330909095639,0.08951066529438191,58.83096345836951,13.548754542965753,11.106495241236658,2.442259301729095,16.415005987257473,17.2207846356559,35.50012711363978,-0.03185560119197631
2024-07-23,850.2921997086647,851.7366371940136,817.647889030057,831.8997192382812,18279212,0.0,0.0,SBIN.NS,-0.014712540379715144,-0.014821843208279879,1.1514813188367374,826.0376647949219,807.4862841796875,768.0411907958984,676.2918472290039,829.2621186433119,805.482095249465,826.0376647949219,861.4694061079805,790.6059234818632,0.08578722937980117,53.34966720350114,12.110831333564306,11.307362459702187,0.8034688738621192,17.257598734266214,17.421373627136518,35.60504308244272,-0.04609946475283442
2024-07-24,832.1885940113407,835.8478238817672,815.8183025297853,820.4404907226562,19624845,0.0,0.0,SBIN.NS,-0.013774771466586788,-0.013870523960387418,1.1218451553551305,826.5071075439453,808.4132397460937,768.991939086914,677.5793392944336,828.4219636032494,806.0686989935118,826.5071075439453,861.3466771533247,791.6675379345659,0.08430555355515072,48.82998138106509,9.932111657333166,11.032312299228384,-1.100200641895217,17.391725914336803,17.9638422220906,35.69073707001789,-0.059239226627718904
2024-07-25,816.1071101173486,819.2367244039343,810.0404849474438,817.070068359375,9522375,0.0,0.0,SBIN.NS,-0.0041080643890607504,-0.0041165256665052245,1.113128478833315,826.6587738037109,809.4347375488281,769.9738586425781,678.8719989013672,827.3408307228804,806.5001252431535,826.6587738037109,861.2955866445366,792.0219609628853,0.0837995408467052,47.55390591971572,7.8430854927611335,10.394466937934935,-2.551381445173801,17.405483963939382,17.98542522994829,35.55007711543904,-0.0631039324594348
2024-07-26,813.362771563015,832.23673119642,812.7368251429314,830.50341796875,12081506,0.0,0.0,SBIN.NS,0.01644087836475072,0.01630719043192967,1.1478701671229041,827.5471038818359,810.5468518066406,771.0915313720703,680.2308779907227,827.6420295082013,807.4414308402359,827.5471038818359,861.5866926057238,793.5075151579481,0.08226622645216411,52.843430896870096,7.188610426761443,9.753295635700237,-2.564685208938794,17.130353089665814,18.540418226975948,35.481600744919795,-0.04770053817258713
2024-07-29,833.9699855260068,856.1661615632173,831.2255780072089,839.3143920898438,26582781,0.0,0.0,SBIN.NS,0.010609196699808532,0.01055331407155747,1.1706573442115618,828.6376495361328,811.7954089355469,772.3830249023438,681.5930880737304,828.7536830874053,808.6913508892401,828.6376495361328,862.7199137212789,794.5553853509867,0.08226095979159323,55.97948086476426,7.296793305774827,9.261995169715156,-1.9652018639403295,18.17240476620705,18.702442301855022,35.376063647153686,-0.03759740586493832
2024-07-30,842.2996149354311,847.9328973347123,836.8107410128214,840.469970703125,13528447,0.0,0.0,SBIN.NS,0.0013768125796149722,0.0013758656422458166,1.173645932549106,830.1230102539063,813.2252380371094,773.7556842041016,682.9402401733398,829.8695200031882,809.9375712740983,830.1230102539063,863.5074363910178,796.7385841167948,0.08043247982464759,56.389114801080034,7.390580541323061,8.887712244036738,-1.497131702713677,18.007324543415482,18.593812398731917,35.33216739966037,-0.03627235786667902
2024-07-31,841.4810813734941,842.5403707610664,835.8477988655185,840.0848388671875,11636874,0.0,0.0,SBIN.NS,-0.0004582339040802852,-0.00045833892531979667,1.1726498942873458,832.3498504638671,814.5356115722657,775.0714562988281,684.3645474243164,830.8424075140452,811.1198170620627,832.3498504638671,861.7243912182915,802.9753097094427,0.07058219746913878,56.201406895442375,7.349114661563135,8.579992727542018,-1.2308780659788834,17.26103461744837,18.528902481294715,35.248908576208954,-0.03671397054660382
2024-08-01,845.2848286735671,848.7515140014297,827.6145664441017,830.696044921875,11787203,0.0,0.0,SBIN.NS,-0.01117600688755771,-0.011238927694010067,1.1483683441045387,833.4428100585938,815.4157556152344,776.0939807128906,685.713971862793,830.8284682195529,811.8875122722513,833.4428100585938,860.6828159413507,806.2028041758368,0.0653674266644447,51.68458092959878,6.483912934927844,8.160776769019183,-1.676863834091339,18.131133313816594,18.701941046568884,35.31687279656281,-0.0474796618464631
2024-08-02,824.9663688604599,826.5070785961769,814.8071707781978,816.4441528320312,12609331,0.0,0.0,SBIN.NS,-0.017156566685211705,-0.017305445869623858,1.1115097193445114,833.8544738769531,815.9761962890625,776.9465209960938,686.9821926879882,829.4585334207413,812.0662040589094,833.8544738769531,859.7022047352328,808.0067430186733,0.061995783840080365,45.6827249191217,4.595254515896272,7.447672318394601,-2.852417802498329,18.736425014965253,19.141151264540397,35.40963715633821,-0.06382164054701464
2024-08-05,799.25534329257,800.5553134135039,770.3665959446458,781.5850830078125,27676951,0.0,0.0,SBIN.NS,-0.04269620855670497,-0.04363449647850087,1.0213562599978685,831.5385589599609,815.5823461914063,777.337767944336,688.1194467163086,824.8991571909386,810.8708659784743,831.5385589599609,866.3701965341207,796.7069213858011,0.08377636177864113,34.98230262405579,0.28238830969860373,6.014615516655402,-5.732227206956798,20.125833826425247,22.716951492408857,36.10282987133318,-0.10379290702849325
2024-08-06,792.1776770526977,795.9331791962649,766.1778026885571,768.15185546875,17900930,0.0,0.0,SBIN.NS,-0.017187159569840738,-0.01733657326970914,0.9866148874097886,828.7195007324219,814.9872387695312,777.5951568603516,689.1585177612304,819.4946522650159,809.1956106643675,828.7195007324219,873.6117904333107,783.8272110315331,0.10834133783798501,31.883043110165687,-4.17145251946647,3.9774019094310282,-8.148854428897499,21.30201701104857,23.18683501832881,36.202044369864204,-0.11919616134301765
2024-08-07,779.0333009734679,780.6703419145541,770.8962912047291,778.6962890625,17692355,0.0,0.0,SBIN.NS,0.013727017019721233,0.013633654939905692,1.0138851837808942,826.1845184326172,814.5047973632812,777.9186865234375,690.2659381103516,815.6090938647762,807.9995588368432,826.1845184326172,876.3339800794422,776.0350567857922,0.1214001485817363,36.62903955170151,-6.772239634331072,1.8274736006786085,-8.59971323500968,20.999373279650285,23.304069645015264,36.26110276504124,-0.10710535205873743
2024-08-08,781.9221664085547,787.507312985182,773.06293798995,778.1184692382812,14769069,0.0,0.0,SBIN.NS,-0.0007420349015845318,-0.0007423103457500018,1.0123908106867447,824.2128631591797,814.0599096679688,778.3723431396485,691.3813604736329,812.0385581860625,806.8277514016055,824.2128631591797,878.7041357948347,769.7215905235248,0.13222621259947762,36.47904705977642,-8.778810725865469,-0.293783264630207,-8.485027461235262,20.951224584612103,23.257942929758947,36.22150747555047,-0.10776791105094789
2024-08-09,785.7739981345145,799.2072786074854,779.5629051443975,793.7665405273438,15320885,0.0,0.0,SBIN.NS,0.02011013991787247,0.01991060177836518,1.052860271459096,822.6528686523437,814.0916870117187,779.1150708007813,692.6219036865234,810.2983660280893,806.3155470535952,822.6528686523437,878.8141182813658,766.4916190233216,0.136536932572847,43.25575644575887,-9.002587965679595,-2.0355442048400847,-6.967043760839511,20.600434218777448,24.078308223119578,36.31058107235161,-0.08982499890296691
2024-08-12,790.2035442003192,792.5146675912324,781.1517715969126,782.4998779296875,16120449,0.0,0.0,SBIN.NS,-0.014193924815942949,-0.014295622035532635,1.0237221271083694,820.3851013183594,813.8365026855469,779.8630432128906,693.8084811401367,807.6508909710986,805.3815992448145,820.3851013183594,879.2591883575953,761.5110142791234,0.14352792839515316,39.95093527658974,-9.974083526421964,-3.623252069156461,-6.350831457265503,19.06657855923991,24.3056251087504,36.17369844826577,-0.102743954437889
2024-08-13,783.3665819906377,789.6258109801142,765.5999894887229,768.0073852539062,17585172,0.0,0.0,SBIN.NS,-0.01852076030238503,-0.01869441709643638,0.9862412546735626,816.3503051757813,813.2048022460938,780.524808959961,694.9188076782226,803.8753189980328,803.9159437941908,816.3503051757813,878.0459312232352,754.6546791283273,0.1511498817512399,36.127335169612685,-11.777658284314498,-5.254133312188069,-6.523524972126429,19.352028569197728,24.73776438010433,36.30723499332442,-0.11936181858761068
2024-08-14,771.2815013387534,779.1777715549281,770.7518860016988,773.2555541992188,11788665,0.0,0.0,SBIN.NS,0.006833487601916044,0.006810245150106117,0.9998142096617886,812.6092163085938,811.2278491210938,781.3257141113281,696.0733694458008,800.9591509219553,802.7135755747802,812.6092163085938,875.2708846721133,749.9475479450742,0.1542233760236442,38.42557465827581,-12.637839751022398,-6.730874599954935,-5.906965151067463,19.407055749612685,24.310853913434443,36.283923499003954,-0.11334398849315525
2024-08-16,773.2555353649926,784.7147629479969,773.2555353649926,782.0184326171875,11427335,0.0,0.0,SBIN.NS,0.0113324480766821,0.01126871692167312,1.0224770003557917,808.6875671386719,811.9385119628906,782.2232452392578,697.2786120605468,799.1552729881678,801.9020013411491,808.6875671386719,868.4945119383339,748.8806223390098,0.14791112718913965,42.16734428171968,-12.468717097567833,-7.878443099477515,-4.590273998090318,18.832721573149513,24.02227878142237,36.31554443976644,-0.10329600528087582
2024-08-19,784.8110381744631,794.8258283062914,782.4999146750221,783.5592041015625,10151482,0.0,0.0,SBIN.NS,0.0019702495748321613,0.001968311178803636,1.0264617848058504,805.0451812744141,812.3997705078125,783.2039001464843,698.5299151611329,797.6699330942054,801.1826759592045,805.0451812744141,861.3882916890364,748.7020708597918,0.13997502680639418,42.82524014596119,-12.071209406249409,-8.716996360831894,-3.3542130454175147,17.91448243705213,24.037804048908907,36.211277764789564,-0.10152927461653008
2024-08-20,787.6517443817361,792.5146719871843,783.2221009869668,789.9146728515625,10347493,0.0,0.0,SBIN.NS,0.00811102558266441,0.008078308010971265,1.0428984681847022,802.3248229980469,812.4642883300781,784.1301983642578,699.8610598754883,796.9313368806204,800.740793484395,802.3248229980469,855.8674542016367,748.782191794457,0.1334687140889325,45.57549263144376,-11.115219156284866,-9.196640919922489,-1.918578236362377,17.78379777121832,22.99082670064449,36.215961640510066,-0.09424175557766963
2024-08-21,789.9146891751129,790.588771746324,781.1517920723019,785.3406372070312,14607257,0.0,0.0,SBIN.NS,-0.005790543968526518,-0.00580737417038329,1.0310689747814434,799.9968688964843,812.1869555664063,784.9345172119141,701.1539443969726,795.827460721231,800.1368657872436,799.9968688964843,852.1560667336944,747.8376710592743,0.13039850495704677,43.937397257336336,-10.604435118340348,-9.478199759606062,-1.1262353587342862,17.979826898252195,23.013171467924973,36.23021322290811,-0.09948658851685256
2024-08-22,788.662838830503,793.3813579571615,786.8331945713555,789.9146728515625,7832917,0.0,0.0,SBIN.NS,0.00582426965806615,0.005807374170383335,1.0428984681847027,798.4705780029296,811.9654748535156,785.761845703125,702.513264465332,795.2643380669768,799.7359954760404,798.4705780029296,849.8922237446385,747.0489322612208,0.12880035196868628,46.02656149175382,-9.71851959425203,-9.526263726535255,-0.19225586771677428,17.044382126309504,23.011122321676268,36.2220701029638,-0.09424175557766963
2024-08-23,791.0702271868793,791.5517063269808,784.3295192254573,785.1480102539062,5537747,0.0,0.0,SBIN.NS,-0.0060344018936232535,-0.006052682475416169,1.0305707977998089,796.8744750976563,811.5764392089844,786.6044885253906,703.781745300293,794.3008782752559,799.163917624192,796.8744750976563,847.8450150335757,745.9039351617369,0.12792614528071822,44.178935251449055,-9.293920463861923,-9.47979507400059,0.1858746101386668,16.42533305186996,22.73629296688838,36.11040166387287,-0.0997074648429766
2024-08-26,787.6998695275697,792.9480038850295,783.6554330147424,784.859130859375,8523795,0.0,0.0,SBIN.NS,-0.0003679298562290212,-0.0003679975590256696,1.0298236901781115,794.5922607421875,811.1132568359375,787.5081701660156,705.0296038818359,793.4016642356482,798.6029455941992,794.5922607421875,843.2581968949272,745.9263245894477,0.12249285213848773,44.06349126072734,-8.878388214101733,-9.359513702020818,0.48112548791908516,13.797834050648655,22.527740115979334,35.992136764465364,-0.10003870934600101
2024-08-27,787.5073199593448,789.0962247326166,781.0073511539267,785.677734375,12833290,0.0,0.0,SBIN.NS,0.001042994192765212,0.0010424506522290586,1.0319407844993047,791.9104278564453,810.5740002441406,788.2396203613281,706.279898071289,792.6660518679674,798.0960745659954,791.9104278564453,835.8848907046423,747.9359650082482,0.11105918371911776,44.506022226953476,-8.386348840945175,-9.16488072980569,0.778531888860515,12.250226698575952,22.49095714355672,35.928772637844645,-0.0991000549461355
2024-08-28,784.5702603306938,786.9295198766698,776.625854503473,779.41845703125,10371300,0.0,0.0,SBIN.NS,-0.007966723594030833,-0.007998627495795455,1.0157528739097605,788.8578521728516,810.0000769042969,788.8521264648438,707.4948706054688,791.4043761692325,797.3636189763976,788.8578521728516,826.6856735572526,751.0300307884506,0.09590529213902604,41.78398865337136,-8.404592552179338,-9.012823094280419,0.6082305421010812,12.092025193389718,21.061698218346844,35.93099197341581,-0.1062772757942572
2024-08-29,779.5628735084862,785.7739662465469,777.0592054590912,784.3295288085938,18247268,0.0,0.0,SBIN.NS,0.006300943649768964,0.006281175698705203,1.028454019180126,786.0700866699219,809.4145971679687,789.4370300292969,708.7074069213867,790.7305811825049,796.8524781855033,786.0700866699219,815.2261211721485,756.9140521676953,0.0741817682587112,44.64467893612265,-7.9313408160397785,-8.796526638632292,0.8651858225925135,11.68276703569141,21.2183141668742,35.896878959047875,-0.10064597927051884
2024-08-30,786.8814263829273,790.2999167148297,784.1850960274376,785.3887939453125,8911426,0.0,0.0,SBIN.NS,0.00135053583705802,0.0013496246838055836,1.031193519026853,783.8047241210937,808.7020092773438,789.9884875488282,709.8965905761719,790.2218395408676,796.40292194079,783.8047241210937,804.0360381134401,763.5734101287474,0.051623353036133884,45.269379427000004,-7.385674107975319,-8.514356132500899,1.1286820245255793,10.613196415561983,20.629656735062436,35.88182138422017,-0.09943136943532155
2024-09-02,787.0257841074723,794.8257813768107,782.9332114506573,791.6961669921875,11813750,0.0,0.0,SBIN.NS,0.00803089259166856,0.007998816591924128,1.0475058160110509,782.5673248291016,808.2860119628906,790.7142999267578,711.1353054809571,790.3622516790886,796.2183433153547,782.5673248291016,796.4125081958161,768.7221414623871,0.03538400576522428,48.96279263977495,-6.37083796420859,-8.085652498842437,1.714814534633847,10.561610772399288,20.864739296187306,35.74860085023908,-0.09219899949183048
2024-09-03,791.6961816359209,795.3554113830713,786.159171468402,794.2479858398438,10548350,0.0,0.0,SBIN.NS,0.003223230014300915,0.003218046543796853,1.0541053982116733,783.2004699707031,808.06453125,791.4140148925782,712.3612084960937,790.7323215991605,796.1410743947464,783.2004699707031,797.9829547979427,768.4179851434635,0.037748917152188574,50.42054998074497,-5.299572382649899,-7.52843647560393,2.228864092954031,9.502354945490579,20.632294370944148,35.72607051431159,-0.0892729480599801
2024-09-04,785.2443376942574,788.325815931437,783.5110245528155,786.2554321289062,10789570,0.0,0.0,SBIN.NS,-0.010063045614759902,-0.010114020320465477,1.0334348418919448,784.1056488037109,807.7525317382813,792.0001831054688,713.5445443725586,790.305951173422,795.7534021490271,784.1056488037109,797.1195186912462,771.0917789161756,0.03319417455387602,45.98977192423099,-5.037450386772434,-7.030239257837631,1.9927888710651969,9.471396015919611,20.425411492250348,35.77511973368879,-0.09843763592624831
2024-09-05,788.0369123055189,791.6962009160937,784.2332739868236,788.422119140625,8395074,0.0,0.0,SBIN.NS,0.002755703710500379,0.0027519137201607187,1.039038385830807,784.5919403076172,807.29994140625,792.6468481445313,714.7479476928711,790.12653859887,795.46590085458,784.5919403076172,797.4809809375497,771.7028996776846,0.0328553990113105,47.340732062292986,-4.601836179531574,-6.54455864217642,1.9427224626448458,9.185945969224317,20.143095722067113,34.755349498366954,-0.09595319717432273
2024-09-06,781.4406841241514,782.7888492947188,748.2186217676717,753.514892578125,40220096,0.0,0.0,SBIN.NS,-0.04427479355925312,-0.045284848211368856,0.9487603822387554,783.3617614746094,806.0895043945312,792.8038006591797,715.7713690185547,786.6397151683228,793.8207632751113,783.3617614746094,802.183446998898,764.5400759503207,0.04805362337027664,33.013508147537706,-6.992722481641749,-6.634191410069486,-0.35853107157226294,11.142810375213555,23.69043167569048,35.47477699128967,-0.13597968273733235
2024-09-09,755.9222919924988,759.0037704153561,742.4408753200211,755.2000732421875,21322103,0.0,0.0,SBIN.NS,0.002236426486936116,0.0022339294075503376,0.9531186415742858,781.4334381103515,804.93876953125,793.0983569335938,716.7944561767578,783.64546355631,792.306226411075,781.4334381103515,803.4055156318616,759.4613605888414,0.05623531435932038,34.05115618961547,-8.651804488935,-7.03771402584259,-1.6140904630924098,11.662119239150522,23.048075890275236,35.08024475354448,-0.13404736481455523
2024-09-10,758.8111049121503,759.5814597612606,748.7000432350214,753.6593017578125,12824701,0.0,0.0,SBIN.NS,-0.002040216280382756,-0.0020423003567449404,0.9491338571242269,779.9914093017578,803.6618859863281,793.4608483886718,717.7939752197266,780.7896386231198,790.7906607383982,779.9914093017578,805.2139736354666,754.768844968049,0.06467395418184875,33.53959556773874,-9.975969547660043,-7.62536513020608,-2.3506044174539626,11.765293300023163,22.68490383097468,35.08166862820905,-0.13581409547890097
2024-09-11,751.1555836071334,758.811113576376,737.0482802754062,740.1296997070312,20060665,0.0,0.0,SBIN.NS,-0.01795188093509259,-0.018114970743757987,0.9141432381945751,778.597525024414,802.2492248535157,793.7429736328126,718.7260833740235,776.9172634882542,788.8039563842269,778.597525024414,809.1307687254609,748.0642813233671,0.07843139162326386,29.367420532574315,-11.979019035923898,-8.496095911349645,-3.4829231245742527,12.745444196511698,23.014504300702573,35.19769576984718,-0.151327857942649
2024-09-12,746.2927156991332,760.6408185171384,744.1260594277486,758.5704345703125,17578964,0.0,0.0,SBIN.NS,0.024915545032959452,0.024610214105913963,0.9618351602453468,777.8632690429688,801.5096728515625,794.2748547363282,719.8526794433594,775.1699464484502,787.6183280777989,777.8632690429688,809.6192139473055,746.1073241386321,0.08164916938013317,40.27309634956362,-11.940790993066344,-9.185034927692985,-2.755756065373358,13.694653604267671,24.493300564670193,35.450704671856734,-0.13018272896900096
2024-09-13,761.7000092457633,765.5518424151477,756.0185318111974,761.5555419921875,12950936,0.0,0.0,SBIN.NS,0.003935175015838732,0.003927452467725135,0.9695553249531381,776.8401245117187,800.5640466308594,794.7830773925781,720.9908862304687,773.8733365002347,786.5962580352259,776.8401245117187,809.3422062498807,744.3380427735567,0.08367765956628756,41.838581424129686,-11.536634629617197,-9.655354868077827,-1.8812797615393695,13.711849299529328,24.461522991187834,35.131788341394184,-0.12675984577569477
2024-09-16,761.5555716904744,765.5518722692779,755.344537482079,756.451904296875,9553736,0.0,0.0,SBIN.NS,-0.006701596159305323,-0.006724152687825442,0.9563561605518929,775.4847595214844,799.5288671875,795.092046508789,722.1142294311524,772.2141524808671,785.4141265160748,775.4847595214844,809.0504797074173,741.9190393355516,0.08656706601595801,39.912424796017355,-11.495644079764702,-10.023412710415203,-1.4722313693494993,13.863167957279968,24.112625324786567,35.12829040044587,-0.13261194863939554
2024-09-17,756.5000258703583,758.3296701716079,751.637098153009,753.9000854492188,10665630,0.0,0.0,SBIN.NS,-0.0033734052795176828,-0.0033791080398674054,0.9497565783512703,773.6840301513672,798.0488012695313,795.3101489257813,723.2368887329102,770.4699556207102,784.178281768355,773.6840301513672,807.8490990958346,739.5189612068998,0.088317885888851,38.94694599028915,-11.53608838234561,-10.325947844801284,-1.2101405375443264,13.605232717665826,20.883252004757978,35.084697634322936,-0.13553800007124592
2024-09-18,754.7667043250664,765.3111094724715,753.0333911386886,763.3851928710938,18324412,0.0,0.0,SBIN.NS,0.012581385259060163,0.012502897270993112,0.9742872170248944,772.5862579345703,796.8258447265625,795.6221557617188,724.4022381591797,769.7952163112229,783.362866517482,772.5862579345703,806.5848157379831,738.5877001311575,0.0880123286021278,44.33683276119415,-10.679663373422045,-10.396690950525436,-0.2829724228966093,13.859729685260627,20.673844170193508,35.09878224086837,-0.12466187060832462
2024-09-19,765.5999675189145,771.6665929182252,755.0074264560737,760.6889038085938,10645478,0.0,0.0,SBIN.NS,-0.003532016454706466,-0.00353826875130903,0.9673140020880457,771.1249694824219,795.4517041015625,795.5321569824218,725.5522122192383,768.9279484538297,782.4736915092903,771.1249694824219,804.4940379621978,737.7559010026459,0.08654646082119014,43.17011885972183,-10.10205813924074,-10.337764388268496,0.23570624902775705,14.612897240600578,20.270203524106343,35.10023836913333,-0.12775357928476802
2024-09-20,765.4073730812867,765.4073730812867,750.625986843672,752.7445068359375,21372244,0.0,0.0,SBIN.NS,-0.010443687206268537,-0.010498605206417305,0.9467679900137258,769.5047943115235,794.1555627441406,795.4706805419922,726.6430490112305,767.3866682997447,781.3078411299432,769.5047943115235,803.1524933997308,735.8570952233162,0.08745286406775919,39.843264479795366,-10.168136325216778,-10.303838775658154,0.13570245044137508,14.819241262847811,20.466029028402446,35.100094321221945,-0.13686304806950522
2024-09-23,756.8852061006995,775.1814133728537,755.4407686844768,772.1480712890625,17309545,0.0,0.0,SBIN.NS,0.025777092063660856,0.025450463947167882,0.9969500077188975,768.8692413330078,793.0991955566407,795.3645770263672,727.8112521362305,767.8401352511082,780.9486344695166,768.8692413330078,801.7676465631304,735.9708361028853,0.08557607317750349,49.981967760559996,-8.55616809488913,-9.95430463950435,1.3981365446152196,15.765003164436873,21.032589969667942,35.311420100702115,-0.11461388739604518
2024-09-24,769.6444158126969,774.4592072785255,766.9962805064912,768.6814575195312,15180653,0.0,0.0,SBIN.NS,-0.004489571234366885,-0.004499679625542418,0.987984558407774,768.0194274902344,791.9157202148438,795.2261749267578,728.9803530883789,767.9202611814343,780.4675687067721,768.0194274902344,799.9536204165963,736.0852345638725,0.08315985711642158,48.41210830835787,-7.47226282374163,-9.457896276351807,1.9856334526101769,15.531143556223014,20.682095629904378,35.31785587200672,-0.11858889141849982
2024-09-25,768.3444760133515,768.4407483367515,759.4852476109977,763.7222290039062,18465571,0.0,0.0,SBIN.NS,-0.006451604194574911,-0.006472505740416924,0.9751588688920003,767.2346160888671,790.2160986328125,795.002191772461,730.0915106201172,767.5204485930983,779.8108887184245,767.2346160888671,798.758123379261,735.7111087984733,0.08217436134748776,46.17764832984408,-6.933503272678877,-8.953017675617222,2.019514402938345,15.65494948331326,20.05514197424082,35.29252645055245,-0.12427540702376919
2024-09-26,766.5147888755175,773.2554968178902,762.277748944874,772.1480712890625,23198842,0.0,0.0,SBIN.NS,0.011032600551833749,0.010972185365959326,0.9969500077188975,766.6255432128906,788.6975134277344,794.8492077636719,731.1361196899414,767.9611745641425,779.5103860741359,766.6255432128906,797.2152259841159,736.0358604416654,0.07980345304703884,50.369012434204954,-5.760236966076718,-8.314461533709121,2.554224567632403,13.567395947603464,20.217716925551557,35.3195603762517,-0.11461388739604518
2024-09-27,772.1480434176262,778.0702601200948,768.8740206569526,772.91845703125,15193681,0.0,0.0,SBIN.NS,0.0009977176280469013,0.0009972202386228824,0.9989423999439271,766.0020263671875,786.9468542480469,794.9279113769531,732.1204165649414,768.4332967038671,779.2518790528463,766.0020263671875,795.4691427704992,736.5349099638757,0.07693743721034617,50.74667839083386,-4.713912228295726,-7.594351672626442,2.880439444330716,13.041206259589687,19.93564133492981,35.2232726554149,-0.11373052206387231
2024-09-30,772.1962595176911,772.8702832866289,757.3185425049131,758.71484375,15484573,0.0,0.0,SBIN.NS,-0.018376599953125128,-0.01854754719101177,0.9622086351308177,764.3529602050781,784.9930126953125,794.9204559326172,733.0327481079102,767.5077297558797,778.4465051194014,764.3529602050781,791.3539457319213,737.351974678235,0.07065056834371042,44.08583425292294,-4.973474108842879,-7.07017615986973,2.096702051026851,13.378241831025239,20.594435095159742,35.355860464474475,-0.13001714171056958
2024-10-01,758.811137952777,770.7036494096986,758.811137952777,767.4296264648438,13280535,0.0,0.0,SBIN.NS,0.01148624254109798,0.011420776486304933,0.9847470394301672,763.0120422363282,783.4551684570313,794.915859375,733.9732638549805,767.5002913472096,778.0144706623599,763.0120422363282,786.1491388555361,739.8749456171203,0.0606467403879889,48.54819496394838,-4.424960447017952,-6.541133017299375,2.1161725702814227,12.680096999505874,20.746736813449377,35.301425511466036,-0.12002430759365951
2024-10-03,760.6408027275493,774.2184915699847,755.2482008550121,764.6851806640625,15944135,0.0,0.0,SBIN.NS,-0.003576153051874642,-0.0035825627731922594,0.9776492802479098,761.9335296630859,782.1108776855468,794.7985809326171,734.8884555053711,767.2321855678622,777.4917534075247,761.9335296630859,782.3609380873644,741.5061212388074,0.05361992254970365,47.26881278557166,-4.163716525741506,-6.065649718987801,1.901933193246295,12.570037849853406,20.711078246954198,35.29957083146526,-0.12317123535163392
2024-10-04,762.6629675013947,779.8517495092212,756.1629990283715,767.1407470703125,20097454,0.0,0.0,SBIN.NS,0.0032112122326177772,0.0032060673019833766,0.9839999318084696,760.8694610595703,781.0448828125,794.7290612792968,735.8154513549805,767.2234771395241,777.0858315903791,760.8694610595703,777.3165066857141,744.4224154334265,0.04323224013548919,48.574641591914094,-3.7157028396189844,-5.595660343114039,1.8799575034950546,13.581140698203367,20.652160111080008,35.287957585698884,-0.12035555209668393
2024-10-07,770.3666227637009,774.2184558775194,737.0482898388944,742.1038208007812,24267990,0.0,0.0,SBIN.NS,-0.03263667894730726,-0.033181134287553926,0.919248763002557,760.2989074707032,779.5455578613281,794.4901477050781,736.6260229492187,764.8311289167866,775.7139880300027,760.2989074707032,778.51659217254,742.0812227688664,0.04792242767372062,38.19017197521244,-5.319598453592448,-5.540447965209721,0.2208495116172733,15.507057216162375,22.577219642147348,35.69929215633308,-0.14906422553068582
2024-10-08,743.6445559601656,755.3445229531092,743.6445559601656,752.5037841796875,8560960,0.0,0.0,SBIN.NS,0.01401416228754071,0.013916871824455963,0.9461454266374365,760.1640930175781,777.9855651855469,794.2662084960938,737.4533163452148,763.6570960846819,774.8037839574414,760.1640930175781,778.5794842256819,741.7487018094744,0.048451094644582,43.585308235641826,-5.685962913475464,-5.56955095486287,-0.11641195861259401,15.974780797143021,23.035464467367074,35.7442200921457,-0.13713907349099863
2024-10-09,757.5593104537433,774.5554892758929,753.0815308248506,767.8629760742188,18758697,0.0,0.0,SBIN.NS,0.02041078359662274,0.02020527523891262,0.9858677797880901,760.8742767333985,776.5565368652344,794.1759729003907,738.3394107055664,764.0576560836854,774.5315954130014,760.8742767333985,779.328914040693,742.4196394261039,0.048509031969182576,50.46234806501098,-4.682968616515609,-5.392234487193418,0.7092658706778092,16.67292270874463,23.875236174737566,35.90572076915227,-0.11952740584604206
2024-10-10,769.4036799200226,774.6518143977434,765.5518467289336,767.5740356445312,10241015,0.0,0.0,SBIN.NS,-0.000376291654488603,-0.000376362469958626,0.9851205143156381,762.2464935302735,775.0986181640625,794.1619281005859,739.1075704956055,764.3925493751946,774.258749931885,762.2464935302735,778.1051753358158,746.3878117247311,0.04161037653868197,50.33803116367829,-3.866829089168732,-5.087153407588481,1.220324318419749,16.13297993779165,23.774351156123263,35.89333862394645,-0.11985872033522811
2024-10-11,767.6703835690523,772.9666543229133,763.6259468748779,770.1259155273438,14322720,0.0,0.0,SBIN.NS,0.003324604226183414,0.0033190899480345813,0.9917202543670152,762.824267578125,773.6994396972656,794.1175256347656,739.8873056030274,764.9385842468279,774.096677994452,762.824267578125,778.958637041565,746.6898981146851,0.04230166802287145,51.47504170189574,-2.979768339607972,-4.6656763939923795,1.6859080543844076,15.744360024250275,23.71702416559239,32.44144302854118,-0.1169325989172161
2024-10-14,772.2925246699068,779.273972056262,771.136963002821,775.3258666992188,8967564,0.0,0.0,SBIN.NS,0.006752079195146088,0.006729386001970879,1.0051685072590777,763.5127838134765,772.5920361328125,794.0038958740234,740.6603665161133,765.9278492422937,774.1448814730703,763.5127838134765,780.5681681725114,746.4573994544417,0.04467609376191252,53.79638938649027,-1.8360093302057976,-4.099742981235063,2.2637336510292654,14.795156452250419,23.80515491132786,21.657451693904907,-0.11097005789045332
2024-10-15,775.6629124338771,777.5888290383062,771.9073515455158,774.8444213867188,6252104,0.0,0.0,SBIN.NS,-0.000620958661613713,-0.0006211515362923642,1.0039233805065,764.4324096679687,771.7600415039062,793.8681188964844,741.5207553100586,766.7770465893818,774.1723144108604,764.4324096679687,781.8640499903478,747.0007693455897,0.04560675372189017,53.541005246368314,-0.9573845548313784,-3.471271295954326,2.5138867411229477,14.667910075161574,23.673115049671832,21.436584015612883,-0.11152210873344014
2024-10-16,773.0628831824524,779.0332361787332,772.3406644838936,775.61474609375,6494240,0.0,0.0,SBIN.NS,0.0009941669395421293,0.0009936730828804976,1.005915614880775,765.5181427001953,771.640634765625,793.6114904785156,742.3504278564453,767.6187322564645,774.2288803592089,765.5181427001953,782.8925544400704,748.1437309603202,0.045392553803076975,53.917955536212034,-0.19664255128679997,-2.816345547020821,2.619702995734021,14.489078774183431,23.65056783025282,20.644157166501838,-0.1106388133874289
2024-10-17,779.514689677183,789.1442720079697,776.1443358614076,781.0072631835938,18580553,0.0,0.0,SBIN.NS,0.006952571643334737,0.006928513961245005,1.0198618869037177,766.3992462158203,771.8977429199218,793.4424908447265,743.240210571289,768.8938304400006,774.4946992934985,766.3992462158203,785.0580659504668,747.7404264811738,0.0486921661960824,56.57417950830345,0.8317936301818918,-2.086717711580279,2.9185113417621706,14.671348634269398,23.578182910077228,20.50164878384055,-0.10445546602070373
2024-10-18,781.0554274190987,792.1294474976112,773.1592166434322,790.010986328125,11704698,0.0,0.0,SBIN.NS,0.011528347518600102,0.01146240246143639,1.0431475566755193,767.8653503417969,772.1240368652344,793.3144171142578,744.1688562011718,770.9049881436315,775.1031811379937,767.8653503417969,789.0693068521265,746.6613938314673,0.05522831965497898,60.65236412919614,2.3463150644555526,-1.2001111563731126,3.546426220828665,15.369490876486314,23.806993708872035,20.59135396358616,-0.0941313174146076
2024-10-21,794.1517285715379,795.8369056109815,779.0332713770955,783.7999267578125,10359618,0.0,0.0,SBIN.NS,-0.007861991387209333,-0.007893059788300105,1.0270843481821386,769.4181213378906,772.237666015625,793.1487878417969,745.0167245483399,772.1330775354583,775.4442299858297,769.4181213378906,790.5078333592813,748.3284093164999,0.05481989944484072,56.6968237268844,3.0106981590386113,-0.35794929329076774,3.368647452329379,15.455470855596966,19.92096895221116,20.61750826730055,-0.10125324919503667
2024-10-22,783.8480454773676,786.5924530851014,758.329650876446,761.1222534179688,16645356,0.0,0.0,SBIN.NS,-0.028932987316865333,-0.029359798980378236,0.9684347424459685,768.866830444336,771.5847802734374,792.8382336425781,745.7377084350586,771.0844276195069,774.8825838459136,768.866830444336,790.2307259212836,747.5029349673883,0.05557242068721109,45.12519127043363,1.6878711073536579,0.051214786838117365,1.6366563205155404,16.61789918052245,21.768595679823463,21.155089517720967,-0.1272566775371506
2024-10-23,760.7370259136948,763.2406938816622,750.9148399002006,756.8851928710938,13866198,0.0,0.0,SBIN.NS,-0.0055668593683178,-0.005582412076614001,0.9574767430590609,768.2770172119141,771.0724865722656,792.4544946289062,746.4817831420899,769.7321195482294,774.1768038076854,768.2770172119141,790.303526719155,746.2505077046732,0.05734001932577748,43.34516103051369,0.2942340163129984,0.09981863273309358,0.19441538357990482,16.143296556700232,21.826187109423277,21.144281008611596,-0.13211511687793973
2024-10-24,756.9333844585227,767.4777899396578,755.585278059477,765.1185302734375,5607500,0.0,0.0,SBIN.NS,0.010877921090135523,0.010819182094702428,0.978770020605833,768.3468322753906,771.0147094726562,792.109755859375,747.2703393554688,769.2927300934873,773.8215773945776,768.3468322753906,790.3213451978588,746.3723193529224,0.05719946253280601,47.6652657506207,-0.14420954162380895,0.05101299786171308,-0.19522253948552204,15.300708085223878,21.332616400794517,21.21604827966374,-0.12267433360401647
2024-10-25,768.4407046924659,771.0888399529977,743.4037895019845,752.0222778320312,9717125,0.0,0.0,SBIN.NS,-0.017116632159890233,-0.017264815070569275,0.9449001420341046,767.340542602539,770.5900439453125,790.9089465332031,748.0024114990234,767.6479251162058,772.9667029019288,767.340542602539,790.3986639847976,744.2824212202804,0.06009879604185613,42.15848182585124,-1.530791332579497,-0.265347868226529,-1.265443464352968,14.62319982896589,20.741448267391405,21.359502237096997,-0.13769119432014706
2024-10-28,754.7667145175037,774.1703480481368,754.5259749390806,762.7111206054688,13757251,0.0,0.0,SBIN.NS,0.014213465596061736,0.014113401352426629,0.9725439132906819,766.83017578125,770.2038977050781,791.0712048339843,748.7689862060547,767.1777532580404,772.5645232040284,766.83017578125,789.8202171071102,743.8401344553897,0.0599612327525789,47.490618295926964,-1.7470284537370162,-0.5616839853286264,-1.1853444684083898,15.259440404950007,21.13005281843171,21.443300854359716,-0.12543479777743546
2024-10-29,766.5148254883454,803.925732845734,761.2185547092174,801.8554077148438,28274791,0.0,0.0,SBIN.NS,0.05132255981570166,0.05004895233992203,1.073779916269641,768.9872039794922,770.5698217773438,791.4847961425781,749.7345971679688,770.4803870158312,773.7131853417076,768.9872039794922,796.4344829965723,741.539924962412,0.07138552858887924,61.491149417493574,1.2260853484257268,-0.2041301185777558,1.4302154670034826,16.73483133640081,25.696946525584437,23.08005586586414,-0.0805498728736367
2024-10-30,797.3294530672716,802.1442444505282,790.6368812896834,791.9850463867188,15977682,0.0,0.0,SBIN.NS,-0.012309402958638027,-0.012385791168689885,1.0482529236327474,770.214974975586,770.6112292480469,791.5377587890625,750.6546444702149,772.5284498130585,774.4297289121001,770.214974975586,799.5039296788377,740.9260202723342,0.07605397364334589,57.33958751628617,2.75409628008822,0.3875151611554394,2.3665811189327806,16.90678815726045,25.990294993086437,23.12487296498065,-0.09186775498880606
2024-10-31,789.625816992613,797.3294834998579,783.4147241162844,789.8184204101562,13402324,0.0,0.0,SBIN.NS,-0.0027356905113894436,-0.0027394393513480624,1.0426495375446394,771.4716369628907,770.7007849121094,791.4438702392578,751.6346530151367,774.1751136794488,775.033207010063,771.4716369628907,801.8963017559756,741.0469721698057,0.07887435735903392,56.43882062585817,3.7470338690998233,1.0594189027443162,2.687614966355507,17.233506152656023,25.81531646082461,23.118247411420683,-0.09435212375457001
2024-11-01,791.9369337915391,795.0183533490626,788.566579722976,790.7813720703125,1637141,0.0,0.0,SBIN.NS,0.0012192063837359601,0.0012184637551832496,1.045139948900549,772.6536682128906,770.7181188964844,791.341796875,752.6270523071289,775.7566620976263,775.650782110465,772.6536682128906,804.186613013536,741.1207234122452,0.08162245543615816,56.76391498648124,4.5590918405704315,1.7593534903095394,2.799738350260892,17.04091451673948,25.77533698324966,23.03696139170511,-0.09324795208243473
2024-11-04,792.2258449875555,806.4776167890851,777.2036594878515,799.1109619140625,14498161,0.0,0.0,SBIN.NS,0.01053336628547874,0.010478276896294218,1.0666821570873837,775.5040252685546,770.9973779296874,791.286908569336,753.6783840942383,777.9808811277632,776.5707891615865,775.5040252685546,805.6868223669505,745.3212281701587,0.07784046533593088,59.57433236123846,5.807832838909803,2.5690493600295925,3.238783478880211,18.72609164591399,25.653024092003974,23.09791024964364,-0.08369680063161111
2024-11-05,799.1109232553587,819.8627216790217,795.6442968785319,817.7442016601562,26254561,0.0,0.0,SBIN.NS,0.023317462322707483,0.02304976367982354,1.1148719404182805,778.7660461425781,771.6550793457031,791.3841680908204,754.830221862793,781.76786403561,778.1854327889814,778.7660461425781,812.3882872183276,745.1438050668287,0.0863474755795756,65.04764592277999,8.206417329161354,3.696522953855945,4.509894375305409,19.977938296317575,25.465136174357873,23.42611529315333,-0.06233093530416231
2024-11-06,817.7441759391488,829.492278606691,814.8553011245552,823.13671875,15002433,0.0,0.0,SBIN.NS,0.006594381322296172,0.006572733506968226,1.1288182124412232,781.5297332763672,772.4042590332032,791.4891296386719,755.9455682373047,785.70775496079,779.9482283168645,781.5297332763672,820.1010125294457,742.9584540232887,0.09870713195102149,66.4628126426446,10.42230206995373,5.041678777075502,5.380623292878228,20.057041979740152,25.42083655296945,23.431448223431765,-0.056147587937437134
2024-11-07,829.1070762299017,830.4552413269911,815.3367846280997,827.7589111328125,15283847,0.0,0.0,SBIN.NS,0.005615339806285924,0.005599632559301851,1.1407722500898907,784.5389770507812,773.3710681152344,791.6855725097656,757.0532458496094,789.7126269771732,781.8231570547449,784.5389770507812,827.6497192639396,741.4282348376229,0.10990082959349998,67.67108134141739,12.408343329659942,6.5150116875923905,5.893331642067552,19.781915254362463,25.295684635940823,23.405031699867145,-0.05084753591672319
2024-11-08,827.7588901564618,831.5144508501054,803.2997858129482,811.9182739257812,26139105,0.0,0.0,SBIN.NS,-0.019136776413983703,-0.019322254635866662,1.0998047701866596,786.6285949707031,773.9228430175781,791.6687200927735,758.0968731689453,791.8274504960882,783.0033577163541,786.6285949707031,830.8353006805847,742.4218892608216,0.11239536928231805,59.729046579767804,12.55931236471315,7.723871823016543,4.835440541696608,20.596988883167544,25.946341572855474,23.413683057281855,-0.06901125440466657
2024-11-11,814.662743202751,822.3664098051412,810.810909901556,816.2516479492188,12621337,0.0,0.0,SBIN.NS,0.005337204694857878,0.005323012293983169,1.1110118580643848,788.6748840332032,774.5401000976562,791.6210546875,759.2137829589843,794.1535645392436,784.30721223529,788.6748840332032,834.4400364023495,742.9097316640568,0.11605581284675379,61.07489656474191,12.880149139177774,8.75512728624879,4.125021852928985,19.403610147091097,25.96509998268754,23.265448286197802,-0.0640423769008154
2024-11-12,820.9218861125494,821.7885720240326,793.766452435842,796.0775756835938,11350729,0.0,0.0,SBIN.NS,-0.024715505709925534,-0.025026061530964414,1.0588371324326742,789.7365417480469,774.6277282714843,791.4568701171875,760.2189312744141,794.3368036958483,784.7687951156157,789.7365417480469,835.1344535214877,744.3386299746061,0.1149697636453659,52.31009080171945,11.375406953945685,9.27918321978817,2.0962237341575154,20.524771976143175,26.45662687074183,23.636024341539514,-0.08717504287877158
2024-11-13,792.8517297121596,800.940603318519,774.8444556831504,778.6962890625,13756706,0.0,0.0,SBIN.NS,-0.02183365937191284,-0.02207554096789147,1.0138851837808933,789.8906188964844,774.3166943359375,791.1906127929688,761.1397775268555,792.8472308736247,784.5306576233367,789.8906188964844,835.1072824296831,744.6739553632857,0.11448841764032741,46.16328747628684,8.680302241281197,9.159407024086775,-0.4791047828055781,21.53931738722802,27.143275243244574,23.54837115937617,-0.10710535205873743
2024-11-14,778.6962686314655,787.6999054097373,771.3777501381329,774.459228515625,9461484,0.0,0.0,SBIN.NS,-0.005441223499313419,-0.0054560808752759805,1.0029271843939855,789.5632171630859,774.0807702636719,790.9166510009766,762.1466952514648,791.0959925538152,784.1356996191128,789.5632171630859,835.1440686425533,743.9823656836186,0.11545839646188212,44.781843602794524,6.131833009770162,8.553892221223453,-2.4220592114532913,20.727682017270258,27.173734792018493,23.55525206739941,-0.11196379139952657
2024-11-18,780.9592121300385,786.4480864115857,769.6444516583641,784.136962890625,9322451,0.0,0.0,SBIN.NS,0.012496118605945128,0.012418686515599617,1.0279560000492447,789.2695159912109,773.9950671386719,790.647504272461,763.1394943237304,790.4332278239875,784.1357491591721,789.2695159912109,834.9138737637135,743.6251582187084,0.11566228480313133,48.567716532925274,4.837303641665812,7.8105745053119255,-2.973270863646113,20.345936627064255,27.384747177825258,23.632434968250134,-0.10086678561048124
2024-11-19,788.6628877822667,789.9147218810267,770.462951477566,773.2555541992188,13677029,0.0,0.0,SBIN.NS,-0.013876923555922294,-0.013974108189571533,0.9998142096617875,788.7422973632813,774.3898803710938,790.2396923828124,764.1041674804687,788.7972589073429,783.7090748470171,788.7422973632813,834.893436961381,742.5911577651816,0.11702463466807907,44.84472852295299,2.8999126611679458,6.82844213648313,-3.928529475315184,18.68483607470312,25.888821114110222,23.625870291340956,-0.11334398849315525
2024-11-21,768.9221597525542,768.9221597525542,733.3408407931131,751.8296508789062,29486577,0.0,0.0,SBIN.NS,-0.027708696308688108,-0.028099824265649897,0.9444019650524698,788.2776672363282,774.3224719238282,789.630620727539,764.9134100341797,785.2765343332061,782.4589013580717,788.2776672363282,835.7673127100801,740.7880217625762,0.12048963822671478,38.57450508183501,-0.36022256176750034,5.390709196833004,-5.750931758600505,20.713932520793183,26.939021505499873,24.002211995043645,-0.13791207064627112
2024-11-22,756.8851983330345,789.5776432728918,755.0074179563543,785.8220825195312,20665405,0.0,0.0,SBIN.NS,0.0452129436513804,0.044220638486779824,1.0323141015340203,789.72451171875,774.9657275390625,789.3138067626953,765.8746206665039,785.3284913033323,782.5907908153839,789.72451171875,834.8936460327475,744.5553774047526,0.11439212951790421,50.418958816502865,-0.19870749089182027,4.27282585928804,-4.47153335017986,22.416306307251187,29.409096600809796,25.20436798624081,-0.09893453767386574
2024-11-25,796.3664717835007,818.1293046973657,795.0665016573014,813.1701049804688,23434605,0.0,0.0,SBIN.NS,0.03480179937582473,0.034209910191604326,1.1030422891642666,792.1270904541016,776.4265356445312,789.3378802490234,766.9074600219726,787.9800735582976,783.7899796061715,792.1270904541016,836.8954642266333,747.3587166815698,0.11303331072004476,57.51659967035159,2.1117087579988265,3.8406024390301976,-1.728893681031371,24.26312406094746,30.99719805112678,25.530669880951613,-0.06757583822950688
2024-11-26,812.7367744440559,815.3367735105277,804.5997653621181,808.3071899414062,8893744,0.0,0.0,SBIN.NS,-0.005980194069209244,-0.005998147040379915,1.0904656881393104,794.9413360595703,777.4212707519531,789.4654718017578,767.8821267700196,789.915989404308,784.7514388350043,794.9413360595703,836.0188870705566,753.863785048584,0.10334737708974316,55.981975497902155,3.5098740352614186,3.7744567582764423,-0.2645827230150237,22.939056264317173,31.082653684625384,25.548004835099153,-0.07315191567171424
2024-11-27,807.4405312232043,811.292364407334,801.2775746188726,803.2034912109375,8375108,0.0,0.0,SBIN.NS,-0.006314058310972981,-0.006334076284739344,1.0772663658873105,796.9659545898437,778.2542297363282,789.4091381835938,768.821803894043,791.1814657668442,785.4750487320997,796.9659545898437,835.2515283514159,758.6803808282715,0.0960783168743407,54.34317212646703,4.158171444529444,3.851199695527043,0.3069717490024009,21.924510906315156,31.132326890073138,25.439809087967802,-0.07900408852157663
2024-11-28,803.2034750413964,814.4700986330259,799.7368487551913,807.7775268554688,13505677,0.0,0.0,SBIN.NS,0.005694740740774584,0.005678587003271337,1.0890958592905697,797.262060546875,779.2807421875,789.4048046875,769.8160787963867,792.7620430133799,786.3496557173298,797.262060546875,835.7976470254813,758.7264740682687,0.09666981130940351,55.59770836724527,4.983590532328435,4.077677862887322,0.905912669441113,21.93138750600793,31.151173907159613,25.452269526344217,-0.0737592555823937
2024-11-29,809.9442265086632,812.7849653323096,800.7479862272926,807.8739013671875,10822949,0.0,0.0,SBIN.NS,0.00011930823588746087,0.00011930111922593083,1.0893451056321415,798.0565032958984,780.3602185058594,789.2045098876953,770.776266784668,794.2012676185045,787.1937437820302,798.0565032958984,836.7886489862756,759.3243576055213,0.09706617396241246,55.625375203552615,5.581181339574982,4.3783785582248544,1.2028027813501279,21.711281963588338,31.153617610423506,25.34832009816805,-0.07364874743317004
2024-12-02,807.873928059787,810.8109393035892,801.8554383084241,805.4183959960938,6651119,0.0,0.0,SBIN.NS,-0.003039466143092695,-0.003044094701587518,1.0829946119223361,798.8365020751953,781.2008825683594,789.0133636474609,771.6057928466797,795.2695655592273,787.908436025719,798.8365020751953,837.4983675896938,760.1746365606969,0.09679544040379662,54.69033966572827,5.789895288987736,4.660681904377431,1.1292133846103054,20.33562738916033,31.137460979748806,25.236240908770043,-0.0764643607019584
2024-12-03,806.9590409400479,824.8700414893754,805.8998103387524,822.3182373046875,12186182,0.0,0.0,SBIN.NS,0.020982686008423013,0.02076558116256483,1.1267014338215393,800.4133453369141,782.4334692382813,788.9425866699219,772.4047485351563,797.8456295349855,789.2578399974433,800.4133453369141,840.2466620998354,760.5800285739928,0.0995318656166445,59.7100464777838,7.235571390335849,5.175659801569115,2.0599115887667345,20.89963778842436,31.527814199095506,25.37800222997353,-0.05708610236497937
2024-12-04,822.3182146362292,831.9959333561703,818.8033934913788,827.855224609375,10749716,0.0,0.0,SBIN.NS,0.006733387456948625,0.0067108194530609636,1.1410213385807078,801.8505584716797,783.93568359375,789.0456231689453,773.1096899414063,800.7036862087369,790.7714629234014,801.8505584716797,843.518017045795,760.1830998975645,0.10392823982945915,61.22572405814613,8.727463945437535,5.886020630342799,2.841443315094736,19.84038209389585,31.43381614612319,25.39131337284484,-0.05073709775366117
2024-12-05,828.1441384564639,839.1700227524034,823.9070984244045,833.3922729492188,14716036,0.0,0.0,SBIN.NS,0.006688425917051433,0.006666157634453444,1.155341401190631,802.6329620361328,785.1605676269531,789.1298815917969,773.9244750976562,803.8168849459257,792.4428672381393,802.6329620361328,846.105566829565,759.1603572427006,0.10832499249258382,62.73544096076089,10.238569217194708,6.756530347713181,3.482038869481528,19.06658042908373,30.05158053047045,25.267613972855358,-0.04438802315618133
2024-12-06,833.199706421366,843.0218932764863,825.2553000902753,831.6589965820312,14520568,0.0,0.0,SBIN.NS,-0.002079784542582508,-0.0020819502978448572,1.1508587554604466,803.0590759277344,786.4201184082032,789.1679193115234,774.7043124389648,806.4685146255548,793.98075466339,803.0590759277344,847.533421405251,758.5847304502178,0.11076232573833407,61.922656145178344,11.167537691790812,7.638731816528708,3.5288058752621048,19.169754565841338,29.98009721315682,25.20823023593962,-0.04637549017432783
2024-12-09,827.1811795615839,834.7403787055949,825.2071268017763,826.266357421875,9630346,0.0,0.0,SBIN.NS,-0.006484195063504394,-0.006505308776091601,1.1369121677359946,802.9844482421875,787.6710009765625,788.9435498046874,775.3153622436523,808.3540234632995,795.2468567323504,802.9844482421875,847.288968259225,758.6799282251499,0.11034963407828029,59.34647848788646,11.33791456718211,8.378568366659389,2.959346200522722,18.6504415051697,30.021812258036796,25.23058431382013,-0.05255897751337628
2024-12-10,829.8774588919769,836.7626343106416,826.2663652334417,835.3663330078125,7379849,0.0,0.0,SBIN.NS,0.011013368152046343,0.01095316265323602,1.1604467681478585,804.156851196289,788.9353662109374,788.816439819336,775.8852545166015,810.9266243723008,796.8201695274665,804.156851196289,850.6440027706395,757.6696996219385,0.11561712495564701,62.20403739819553,12.068117697866342,9.11647823290078,2.9516394649655613,18.01076339697726,29.507925779017995,25.298446046487456,-0.04212446073037978
2024-12-11,835.3662917047014,837.6292201091063,829.0589268478445,829.684814453125,7006973,0.0,0.0,SBIN.NS,-0.006801229987604018,-0.006824463757676085,1.1457530728017091,804.8285095214844,790.070693359375,788.5087738037109,776.4598867797852,812.7131186657126,798.1089791323943,804.8285095214844,852.4263484674318,757.230670575537,0.118280698019127,59.39686287078017,12.049459209591191,9.703074428238864,2.3463847813523273,15.771876243774127,29.484295358615505,25.253968478135597,-0.048639192572452646
2024-12-12,829.588577653526,832.2848491458258,819.6219827317773,822.0775146484375,8845103,0.0,0.0,SBIN.NS,-0.009168903265635575,-0.009211196378658785,1.1260788704452498,806.1285064697265,791.3379467773437,788.1654797363282,776.9749365234375,813.6049659021626,799.048921701651,806.1285064697265,854.1384446669183,758.1185682725347,0.11911236933535921,55.7678733802545,11.290674834533547,10.020594509497801,1.270080325035746,13.98008153092148,25.85365483816157,25.13440749607751,-0.05736212778647278
2024-12-13,821.0182301359672,830.9367477307743,804.0701874198363,829.63671875,9379370,0.0,0.0,SBIN.NS,0.0091952449335575,0.009153226055034354,1.145628686407055,808.6755279541015,792.5820886230468,788.0186285400391,777.5237573242188,815.1317995067186,800.2484431545274,808.6755279541015,855.9572044115243,761.3938514966787,0.11693608826532066,58.48234462398565,11.170530425316315,10.250581692661505,0.9199487326548095,13.591462826143161,25.645134975059,24.105606840466447,-0.04869434166782202
2024-12-16,827.9515344064523,834.3070944496669,826.025617806868,829.0589599609375,6432713,0.0,0.0,SBIN.NS,-0.0006963997325636351,-0.0006966423314944849,1.1441344711636603,811.4055145263671,793.8695642089843,787.9902209472656,778.015705871582,816.4581957404538,801.378267343014,811.4055145263671,856.6290948459647,766.1819342067696,0.1114697386447895,58.188417851043056,10.903011677938025,10.381067689716811,0.5219439882212136,13.41606771859954,25.62145974757627,23.914826049399586,-0.04935683067387085
2024-12-17,826.7478560331779,830.6478254844673,815.6738353243519,819.044189453125,8791216,0.0,0.0,SBIN.NS,-0.012079684306511074,-0.012153236618923556,1.118234003641295,813.1508758544921,794.9076330566406,787.9762579345703,778.4840985107422,816.7044808559463,802.0710486022342,813.1508758544921,856.6030098421727,769.6987418668116,0.10687348505163763,53.19745485652349,9.770267300560363,10.258907611885522,-0.4886403113251596,13.770296316574818,25.933090347148113,23.914613273090527,-0.06084030004747162
2024-12-18,819.4775061625006,820.4404644541135,805.9960900799213,807.103515625,8295338,0.0,0.0,SBIN.NS,-0.014578790719579793,-0.014686105580033368,1.0873527134071108,814.8432739257812,796.207626953125,787.8765924072266,778.9252255249023,815.7901032149039,802.2684002501858,814.8432739257812,854.1961107914327,775.4904370601297,0.09658995324599294,47.919862072554736,7.818915049367888,9.770909099381997,-1.9519940500141093,13.749662352028931,26.176265678267193,24.049501494391436,-0.07453211276534291
2024-12-19,794.0553903446263,806.9590550690585,789.8184090909501,801.95166015625,9453398,0.0,0.0,SBIN.NS,-0.0063831409094539104,-0.006403600263150341,1.0740288469097021,817.3493743896485,797.1965844726562,787.5910748291016,779.341303100586,814.4721562569368,802.2559790700315,817.3493743896485,844.2054572247526,790.4932915545443,0.06571506304793794,45.80827739492498,5.789999145093134,8.974727108524226,-3.184727963431092,14.124528596959847,25.324340742334115,23.846173168795694,-0.08043950469673632
2024-12-20,803.9738871433539,805.0331177359144,779.9962025910175,781.922119140625,10244198,0.0,0.0,SBIN.NS,-0.024975995450551847,-0.025293188236642294,1.022227911864972,817.1543762207032,797.4777673339844,787.0171520996093,779.7000885009766,811.37215272205,801.45857279829,817.1543762207032,845.0122615298612,789.2964909115451,0.06818267421634415,38.67325030111803,2.53661162744811,7.687104012309003,-5.150492384860893,15.273201036226405,26.190967368476812,24.097699152580216,-0.10340644344393783
2024-12-23,787.025851437494,793.4776841679945,782.114787338898,790.7332763671875,4933200,0.0,0.0,SBIN.NS,0.011268586743966802,0.011205569190966868,1.0450155625058932,816.0325347900391,797.9409521484375,786.51978515625,780.1377346801758,809.4065454501583,801.0379729382468,816.0325347900391,846.2713142218917,785.7937553581866,0.0741117005577059,42.887583225494,0.6616383752589172,6.282010884898987,-5.620372509640069,14.709195288661258,26.376521099058852,23.96090703689452,-0.09330310117780412
2024-12-24,793.7183788955526,795.5961593356999,779.2258682332135,781.9702758789062,10602771,0.0,0.0,SBIN.NS,-0.011082119281156988,-0.011143983447024618,1.0223524561103807,814.715689086914,798.1778393554688,785.9386395263672,780.5050479125977,806.7935673957534,800.2902201123902,814.715689086914,848.4614813056754,780.9698968681527,0.08284065882315757,39.947415232372755,-1.513940574954745,4.722820592928241,-6.236761167882986,14.93617751992517,26.006349809523737,24.01295620141574,-0.10335122436240682
2024-12-26,782.8850840507691,792.3701996282533,778.0702926359427,782.35546875,8318714,0.0,0.0,SBIN.NS,0.0004925927275953867,0.0004924714436251801,1.0233486522228952,813.6732879638672,798.3184313964844,785.4552337646485,780.7746072387695,804.4661294294912,799.5868965295514,813.6732879638672,850.0980308485792,777.2485450791552,0.0895316177230327,40.1416715915139,-3.1704734770012237,3.1441617789423484,-6.314635255943572,14.867390567376008,25.939589916122287,23.939535941913384,-0.10290954169632038
2024-12-27,786.0628842447148,787.9888009322062,767.6704033888981,770.0296630859375,10649800,0.0,0.0,SBIN.NS,-0.015754738295312154,-0.015880163287543436,0.9914713237269508,811.7858947753906,798.2221362304688,784.9910888671875,780.9688049316406,801.1864659682003,798.4277893356841,811.7858947753906,853.0829698088411,770.4888197419401,0.1017437610070246,36.11577815598674,-5.415451291099544,1.4322391649339703,-6.847690456033514,15.049662307168669,25.359768731465635,24.08397787626689,-0.11704296709411648
2024-12-30,772.292577441985,778.0221912364731,755.9222859001974,759.1000366210938,21515438,0.0,0.0,SBIN.NS,-0.014193773290554379,-0.01429546832844892,0.9632048312433301,809.347201538086,797.8918420410156,784.7662384033204,781.0520031738281,797.1782346018092,796.8855245233473,809.347201538086,856.9031107794655,761.7912922967065,0.11751670766515059,32.959189232607,-7.98450153249064,-0.4511089745509518,-7.533392557939688,15.947280409487032,24.906627476916356,24.158268694698158,-0.12957545904448314
2024-12-31,757.8000566357981,769.5962959772957,756.8852344830239,765.5037231445312,9086044,0.0,0.0,SBIN.NS,0.008435892786860633,0.008400509497132934,0.9797662167183456,807.3514678955078,797.5817712402344,784.7397570800781,781.1674569702149,794.1616144630209,795.6548656457467,807.3514678955078,858.7929777001189,755.9099580908967,0.1274327522775222,36.46312648099142,-9.39546332051441,-2.2399798437436433,-7.155483476770765,16.10547930988026,25.003145470395687,24.1844578671667,-0.12223265093793004
2025-01-01,766.0814709969738,769.0666770195652,760.2555849821816,763.8185424804688,7273098,0.0,0.0,SBIN.NS,-0.002201401003172343,-0.0022038276483609264,0.9754079573828152,804.4264831542969,797.0579223632812,784.5909796142578,781.2548330688477,791.2717980837302,794.4063823843633,804.4264831542969,858.8509128779974,750.0020534305963,0.1353123768633097,35.93091235950584,-10.528277272133323,-3.8976393294215796,-6.6306379427117434,16.122679222460388,24.712284808668556,24.165415236545588,-0.12416496886070717
2025-01-02,765.5518634653022,772.6777785343264,757.848196914708,771.522216796875,11398319,0.0,0.0,SBIN.NS,0.010085738808315536,0.010035217159446943,0.9953314060808462,801.6098327636719,796.8123681640625,784.5250170898438,781.4486801147461,789.3908855802201,793.5089641260305,801.6098327636719,856.7550048975448,746.4646606297989,0.13758606713630642,40.22608220431514,-10.681291080530059,-5.2543696796432755,-5.426921400886783,16.277444594286813,24.58249553850437,24.206840371192705,-0.11533152549746338
2025-01-03,771.5222327205842,779.5147751769242,762.8074715102198,764.0111694335938,13336514,0.0,0.0,SBIN.NS,-0.00973536108197226,-0.009783059536586806,0.9759061343644497,798.1407775878906,796.870146484375,784.2274633789062,781.6712670898437,786.9737697567318,792.352187863582,798.1407775878906,853.5959309239773,742.6856242518039,0.13896083220727318,37.58072555231526,-11.278621448504055,-6.459220033415432,-4.819401415088622,15.551783405412989,23.340036501315666,24.260686301010107,-0.12394409253458313
2025-01-06,767.8629313364202,768.055475966793,744.5111937959167,747.6408081054688,11419367,0.0,0.0,SBIN.NS,-0.02142686125945159,-0.0216597491646278,0.9335686677617234,793.9398681640625,796.6852587890625,783.878872680664,781.8709579467774,783.2277734089924,790.5988004220875,793.9398681640625,851.3971745350672,736.4825617930579,0.14473969295400452,32.555622745203365,-12.923981797752845,-7.752172386282915,-5.17180941146993,16.641983800275657,20.038890110850115,24.5184977037446,-0.1427152209193676
2025-01-07,750.9629781385199,754.8148111917903,746.1481868219319,749.9037475585938,9669152,0.0,0.0,SBIN.NS,0.003026773590461662,0.003022202133464949,0.9394211423406487,790.1217376708985,796.3809631347656,783.6978363037109,782.111322631836,780.0540566613355,789.0029159960682,790.1217376708985,848.6726428536933,731.5708324881036,0.14820730120750703,33.87195292950625,-13.88528055605741,-8.978794020237814,-4.906486535819596,16.191457672400166,16.895134530825548,24.491854955833887,-0.14012041399054165
2025-01-08,751.9741707073787,754.911181809416,731.9445907621887,742.5853271484375,15641490,0.0,0.0,SBIN.NS,-0.009759146335756141,-0.009807078913330885,0.9204940476058869,785.4826873779297,796.1922241210938,783.3911340332031,782.3584240722656,776.4856062315357,787.1826183942003,785.4826873779297,843.6407506373954,727.3246241184639,0.14808235545867193,31.716058898603194,-15.064003655185388,-10.19583594722733,-4.868167707958058,16.800187434759817,16.995233498399447,24.516507099073053,-0.14851210470153736
2025-01-09,742.5852812864381,742.7778259178452,699.3484321602015,732.2816162109375,15351029,0.0,0.0,SBIN.NS,-0.01387545721791561,-0.013972621218065126,0.8938463146110698,780.6125274658203,795.5836340332031,782.8937658691407,782.5585055541992,772.2757024200502,785.0296379164254,780.6125274658203,839.4939753775988,721.7310795540419,0.15085960278636854,28.924692072776267,-16.637783552306246,-11.484225468243114,-5.153558084063132,18.66763652215938,17.27140798871258,24.6163257518049,-0.16032688856432417
2025-01-10,732.1853132713054,735.1223830791824,714.5631882955921,715.71875,11779296,0.0,0.0,SBIN.NS,-0.02261816471187561,-0.022877879045479787,0.8510109867282181,775.2945892333985,793.8609008789062,782.215361328125,782.7096307373047,766.889325999093,782.3115638804871,775.2945892333985,837.5244114372639,713.0647670295331,0.16053206888854332,25.100447399459767,-19.0024519038883,-12.987870755372152,-6.0145811485161484,18.34779935349463,17.9655044109441,24.843170348152167,-0.17931875330290942
2025-01-13,714.0335881192036,716.3928477377098,695.7373801970662,702.4780883789062,10414733,0.0,0.0,SBIN.NS,-0.018499811023665047,-0.018673072727346453,0.8167676332710183,768.9366577148437,792.07076171875,781.3409954833984,782.7355969238281,760.754922416218,779.1808393510134,768.9366577148437,833.7202262247075,704.1530892049799,0.1685017039046888,22.535369886233923,-21.694795249928575,-14.729255654283438,-6.9655395956451365,18.997792390157063,18.402979239326275,25.004025009384833,-0.19450120127747142
2025-01-14,705.800278346691,728.9594130704888,705.800278346691,720.437255859375,11960975,0.0,0.0,SBIN.NS,0.02556544862760446,0.025244117681140526,0.8632141128677031,763.5055725097657,790.6831384277343,780.6919616699219,782.813239440918,756.9151446488996,776.8771694101649,763.5055725097657,825.2058549965615,701.8052900229699,0.16162365988758154,32.596820729602115,-22.124306787558794,-16.208265880938512,-5.916040906620282,19.72000907509251,20.373485920784486,25.356353802530073,-0.17390826311913346
2025-01-15,725.252061939764,730.7890721249498,722.2187198068513,725.7816772460938,7792299,0.0,0.0,SBIN.NS,0.007418302347986794,0.007390922069864885,0.8770359984959917,758.8424468994141,789.38314453125,780.0506317138672,782.9062387084961,753.950052515299,774.873424619417,758.8424468994141,816.8561523086842,700.828741490144,0.15290052802478482,35.29037194603009,-21.782354214538714,-17.323083547658552,-4.459270666880162,19.43800259461138,19.300567554057903,25.387086322378604,-0.16778006484777766
2025-01-16,732.2334984141427,747.929706597395,732.2334984141427,737.9149169921875,11816079,0.0,0.0,SBIN.NS,0.01671747872188245,0.016579279773002473,0.9084153078610557,755.3830169677734,788.1592236328125,779.57830078125,783.0913946533203,752.4228967511932,773.4240713791336,755.3830169677734,809.3928215692638,701.373212366283,0.14299978524350268,41.049939547475425,-20.298316928700274,-17.918130223866896,-2.3801867048333776,19.5686905808966,19.991306731735335,24.46391498537943,-0.15386744578994396
2025-01-17,737.9149066564445,739.5038113032925,731.2705298930534,735.79638671875,5766573,0.0,0.0,SBIN.NS,-0.002870968216868164,-0.002875097351088394,0.9029363081676021,752.0752532958984,786.5202673339844,779.0876733398437,783.2979217529297,750.8394196052462,771.9484759022558,752.0752532958984,802.0272339491111,702.1232726426857,0.1328377191891446,40.3742181364119,-19.073289368403607,-18.14916205277424,-0.9241273156293666,18.578217443322558,19.74809354737114,24.4649392535529,-0.15629666546033852
2025-01-20,740.5149313492541,755.9222641211501,739.4075057965499,750.38525390625,9198929,0.0,0.0,SBIN.NS,0.019827315614525443,0.019633314546453094,0.9406664269439811,750.4984100341796,785.0652380371093,778.7347485351562,783.4871844482421,750.7961657291513,771.1028593533929,750.4984100341796,798.4336597095563,702.563160358803,0.12774244164806045,46.861144052029,-16.732366240753436,-17.86580289037008,1.1334366496166446,19.107847151046006,20.92537046522449,24.690271593619407,-0.1395682931613932
2025-01-21,755.7296474236301,755.8259785163474,728.044596835733,730.9334716796875,13751780,0.0,0.0,SBIN.NS,-0.025922394030670426,-0.02626430092711158,0.8903597071426459,747.5084197998046,783.1287292480469,778.2498986816406,783.5510125732421,748.9044805815832,769.5275892485417,747.5084197998046,792.2289208769106,702.7879187226987,0.11965216683200132,40.52972549281423,-16.25933654638584,-17.544509621573233,1.2851730751873944,20.462867839848204,21.91434717503554,24.89021944844244,-0.16187274290254589
2025-01-22,733.7742364327505,734.7371947482791,710.6632368600655,725.5409545898438,9908339,0.0,0.0,SBIN.NS,-0.007377575796948754,-0.007404924704720235,0.8764134351197033,744.6869537353516,781.4011828613282,777.6620129394531,783.549521484375,746.6793828680842,767.8026231834948,744.6869537353516,787.3246486149502,702.049258855753,0.11451172782261812,38.95826119898599,-16.133609954872895,-17.262329688233166,1.1287197333602705,21.123180430462146,21.464124769095726,24.558622869324807,-0.16805609026927107
2025-01-23,722.2187354602709,727.6594734437961,715.5742995843119,718.2706298828125,10986405,0.0,0.0,SBIN.NS,-0.010020557297335864,-0.010071101015899836,0.8576107267795954,741.4827117919922,779.4415625,776.9908312988281,783.4896594238281,743.9737873456774,765.8601920736642,741.4827117919922,781.768359441089,701.1970641428953,0.1086624057673193,36.88195341889413,-16.431216334677288,-17.09610701752199,0.6648906828447032,20.79302830137498,21.513051895745065,24.600235093067788,-0.1763926318848974
2025-01-24,722.1224594960153,725.7816893156935,711.6261904172143,716.58544921875,10579213,0.0,0.0,SBIN.NS,-0.0023461639581969784,-0.002348920513253789,0.8532524674440649,738.8105010986328,777.8517199707031,776.2397241210938,783.4770120239258,741.3653741907319,763.9278492166088,738.8105010986328,778.2034332367372,699.4175689605285,0.10663879866224402,36.397732180243054,-16.611563764025618,-16.999198366822718,0.3876346027970996,20.12240092477519,21.480922426166643,24.58009319752605,-0.17832494980767452
2025-01-27,712.5891362148737,727.3705224901476,708.6410307266503,721.4483642578125,11433353,0.0,0.0,SBIN.NS,0.006786231906277473,0.006763309082496701,0.8658290684690213,736.9279174804688,776.7067614746094,775.5117279052735,783.4628713989258,739.4685161018824,762.261987061362,736.9279174804688,775.8339063550062,698.0219286059313,0.1055896728883761,38.891005860865604,-16.17563119115073,-16.834484931688323,0.6588537405375945,20.841177167177957,21.35866529196911,24.605048300455483,-0.17274887236546718
2025-01-28,728.9594308479976,731.6075661648166,717.7891381122306,724.5298461914062,14140860,0.0,0.0,SBIN.NS,0.004271243911910139,0.004262148040890448,0.8737984795183846,734.8792236328125,775.708173828125,774.8944720458984,783.4473275756836,738.045785634218,760.7822952625402,734.8792236328125,771.7092841002357,698.0491631653892,0.1002343222750453,40.48315904653699,-15.403934677060079,-16.548374880762672,1.1444402037025938,20.187736953275003,21.484886704220976,24.52033639695884,-0.16921548102293735
2025-01-29,725.1075785552505,732.6186413192878,722.0261003310969,730.355712890625,9251973,0.0,0.0,SBIN.NS,0.008040892628293106,0.008008736909938537,0.8888654918992509,733.2060821533203,774.632548828125,774.3138079833984,783.4803280639649,737.3133977538757,759.5890959538377,733.2060821533203,767.4502314270043,698.9619328796363,0.09340934317706118,43.48133561759995,-14.159044227882646,-16.07050875018667,1.9114645223040228,17.842247469742656,21.650166448542105,24.555765153222474,-0.1625352319085947
2025-01-30,730.4520203133268,736.6631132188579,726.7927904600431,734.3519897460938,11085824,0.0,0.0,SBIN.NS,0.005471685625148437,0.005456770336468907,0.8992007700591149,731.3475708007812,773.8544775390625,774.1221789550781,783.4629898071289,737.0313588959917,758.5994055143184,731.3475708007812,760.490590182553,702.2045514190095,0.07969676948502588,45.509115903608915,-12.703554762388421,-15.39711795262702,2.6935631902385992,17.07875661083012,21.556219174010675,24.514620956240442,-0.15795288797546062
2025-01-31,736.5668412651819,748.7482287285419,731.3668428360176,744.2705078125,10083763,0.0,0.0,SBIN.NS,0.013506490354626255,0.013416090791362714,0.9248523069414172,730.3605377197266,773.7032946777343,774.0128833007813,783.5556201171875,737.720801649945,758.0374879573843,730.3605377197266,755.968332331037,704.7527431084162,0.07012370819283585,50.27736611173882,-10.627223343813398,-14.443139030864298,3.8159156870509,16.84489363596446,22.05435947163421,24.231410861149723,-0.14657978677876024
2025-02-01,746.1000586507049,749.9037555863902,724.2890890176571,737.6260375976562,9363077,0.0,0.0,SBIN.NS,-0.00892749362644052,-0.008967582471291731,0.9076682002393583,729.8597991943359,772.7393737792969,773.8525506591797,783.6566995239258,737.711776502108,757.2370389236695,729.8597991943359,754.4148754216646,705.3047229670071,0.06728710432999367,47.29184793124733,-9.409403208577714,-13.436391866406982,4.026988657829268,16.782989484332347,21.095937379413403,24.264525548351376,-0.15419869029296837
2025-02-03,734.5445718854385,734.5445718854385,725.2520596511663,732.7631225585938,7862190,0.0,0.0,SBIN.NS,-0.006592656429130872,-0.006614483975762196,0.8950915992144017,729.0027679443359,771.1312341308594,773.7788848876953,783.7609292602539,737.2404761265352,756.2772774975881,729.0027679443359,751.7415605326398,706.263975356032,0.06238328189733338,45.177435130265216,-8.735965804217699,-12.496306653969127,3.7603408497514277,16.927429604397712,20.76280256808652,24.265542437879766,-0.1597747677351757
2025-02-04,738.5889944967314,752.3111498703669,737.2890243394788,750.3370971679688,12020807,0.0,0.0,SBIN.NS,0.023983159179752134,0.02370008036855393,0.9405418826985719,729.3903564453125,769.9718322753906,773.6965515136719,783.985703125,738.4877733685765,756.0443292493677,729.3903564453125,753.336187691091,705.4445251995339,0.06565985150250321,53.30295075303176,-6.7068762359032235,-11.338420570355947,4.631544334452723,16.74171517300285,21.949602082790438,24.532763728972643,-0.1396235122429242
2025-02-05,751.107474382643,753.0333909836241,736.6630998752845,737.6741943359375,13419162,0.0,0.0,SBIN.NS,-0.016876285178788808,-0.01702031240888666,0.9077927444847671,729.6599853515625,768.6612463378906,773.4577380371094,784.1204077148437,738.4102896511823,755.3239318017822,729.6599853515625,753.8629519116561,705.4570187914688,0.06634039702323054,47.80486352907394,-6.050848153472316,-10.280906086979222,4.230057933506906,17.3229301514386,22.400130771311723,24.689852568794652,-0.15414347121143737
2025-02-06,740.5149273858113,742.2963767183029,722.2668559769037,724.3853759765625,32745391,0.0,0.0,SBIN.NS,-0.018014481815156524,-0.018178718002356667,0.8734248467821588,730.0933166503906,766.9934033203125,773.1370727539063,784.1145596313477,737.0745835869327,754.1106551027541,730.0933166503906,753.5439590817572,706.6426742190241,0.06424012354737389,42.81391500372881,-6.527987181335789,-9.530322305850536,3.0023351245147474,17.316047532795682,22.53110819474849,24.68246021794071,-0.16938113826753037
2025-02-07,731.6557177630287,731.75204885935,704.6447487163948,709.8928833007812,37240692,0.0,0.0,SBIN.NS,-0.020006605815645506,-0.020209447968447286,0.835943974347352,730.4640563964844,765.0337829589844,772.6970007324219,784.0035748291016,734.4858502263469,752.37662483601,730.4640563964844,752.251970527934,708.6761422650347,0.05965499312569454,38.13758065468295,-7.98351732053527,-9.220961308787484,1.2374439882522132,17.267898851534312,22.866369984140228,24.815406312705594,-0.18599900241725204
2025-02-10,712.5891688607044,716.3447298819926,706.233667350861,709.5076904296875,12667049,0.0,0.0,SBIN.NS,-0.0005426070329127564,-0.000542754297382407,0.8349477782348373,729.917578125,763.1155688476563,772.1582257080078,783.8901907348633,732.1069778647602,750.6954901534092,729.917578125,753.2573904452959,706.5777658047041,0.06395191188641,38.01872004909006,-9.063637318792757,-9.189496510788539,0.12585919199578122,16.270549183171315,22.65289312649991,24.810799067231102,-0.18644068508333847
2025-02-11,710.1335578124041,712.7335567858637,699.6372896053772,704.0187377929688,13017060,0.0,0.0,SBIN.NS,-0.007736283497356555,-0.00776636377868681,0.820752102019568,728.8294311523438,760.7495788574219,771.5915240478515,783.5618405151367,729.4319073817325,748.8650292765292,728.8294311523438,754.8557759579984,702.8030863466892,0.07141957690842606,36.28336523133964,-10.244461034102528,-9.400489415451338,-0.8439716186511905,16.342770134671486,22.704770015485497,24.82940914421099,-0.19273461058544894
2025-02-12,705.992919921875,711.3373268740813,690.5855867123075,705.992919921875,12697743,0.0,0.0,SBIN.NS,0.002804161342488065,0.0028002370166541253,0.8258577846783053,727.2333312988281,758.3123327636719,771.1240081787109,783.2973443603515,727.1996228617461,747.1837700861506,727.2333312988281,754.7843173777096,699.6823452199467,0.07576931610017325,37.39028197857245,-10.895377210639253,-9.69946697448892,-1.1959102361503327,16.813930224906812,22.447445830277225,24.24541019408292,-0.19047090818732412
2025-02-13,707.1965624268578,710.1817094926294,699.2521568630419,700.6965942382812,12370571,0.0,0.0,SBIN.NS,-0.007501952971681103,-0.00753023415238106,0.8121602854446708,725.4783416748047,755.6584191894531,770.4094934082032,782.8870352172852,724.6755248976066,745.3607435823127,725.4783416748047,755.1246521231602,695.8320312264492,0.08172900208134525,35.603282920333655,-11.703689344102713,-10.10031144841168,-1.6033778956910325,16.256791715341826,22.3972596142334,24.149357766868913,-0.19654395736331054
2025-02-14,703.8744122850989,705.7521928080495,689.6707767316124,695.400390625,10417539,0.0,0.0,SBIN.NS,-0.007558483453225073,-0.007587193550638443,0.7984631019125457,722.7290985107422,752.9332470703125,769.6766827392578,782.4514288330079,721.8874168716441,743.4015140545749,722.7290985107422,752.8445073596425,692.6136896618419,0.08333802779203495,33.860536910516046,-12.626096126148127,-10.60546838395897,-2.0206277421891574,16.418433717045477,21.745290491644187,23.910091532356432,-0.20261686656697372
2025-02-17,692.4151383583221,701.7558454140641,685.1929512700127,700.7447509765625,9093600,0.0,0.0,SBIN.NS,0.0076852996110041705,0.007655918136886211,0.8122848296900795,721.2196624755859,750.4228149414063,769.0469079589843,782.0245498657226,719.8738296435411,741.7286998162215,721.2196624755859,752.6031534178053,689.8361715333665,0.08702893882425665,37.201042694649544,-12.778561626758233,-11.040087032518823,-1.7384745942394098,16.844887513892655,21.88630214244114,23.95395610247043,-0.19648873828177954
2025-02-18,700.7447443190354,701.2743596122846,690.7780909672726,698.9151000976562,8562003,0.0,0.0,SBIN.NS,-0.0026110090391064933,-0.0026144236682544247,0.8075529376183233,719.8883697509766,747.6937902832032,768.3145782470704,781.5818930053711,717.8777601629806,740.0497351213759,719.8883697509766,752.7253186881403,687.0514208138129,0.09122789120352823,36.52097659879496,-12.898345076245732,-11.411738641264206,-1.4866064349815264,16.889597934335306,21.768529849386358,23.944907294591726,-0.1985867134491497
2025-02-19,695.3040270429543,707.6298814976512,695.3040270429543,700.3595581054688,6766606,0.0,0.0,SBIN.NS,0.002066714551754112,0.0020645818352069186,0.8112886335775649,718.9928161621094,745.10728515625,767.5889892578125,781.2584503173828,716.2093599670271,738.4932575913402,718.9928161621094,752.9726146529714,685.0130176712474,0.09452055076778582,37.49249174065296,-12.72997540127517,-11.6753859932664,-1.0545894080087699,16.52848854591906,21.49683467359479,23.91496449591258,-0.19693042094786598
2025-02-20,698.0485270359545,704.4040285962709,696.5558945833883,702.6707153320312,7423268,0.0,0.0,SBIN.NS,0.003299958142663817,0.00329452522976786,0.8172658102526535,718.2970794677734,742.7191491699218,767.0285479736328,780.974501953125,714.9199652398846,737.0884520125438,718.2970794677734,753.0455331856718,683.548625749875,0.09675231797864334,39.09853172746157,-12.268625074876923,-11.794033809588505,-0.4745912652884172,15.25945050621546,20.565693694996913,23.925803650469344,-0.19428032495134737
2025-02-21,700.359526366243,704.5965661934869,693.3299428670359,695.255859375,6571602,0.0,0.0,SBIN.NS,-0.01055239075037806,-0.010608462031871808,0.7980893113255652,716.9874542236328,740.0315319824218,766.3068103027343,780.6113348388672,713.0471932527528,735.4479581836206,716.9874542236328,753.1801440406672,680.7947644065983,0.10095766558767624,35.910628805757966,-12.358853356181385,-11.906997718907082,-0.4518556372743028,15.180353747641245,20.08571886795122,23.976865990439677,-0.20278259379772837
2025-02-24,684.1818648659195,693.089229046088,684.1818648659195,689.8633422851562,6912148,0.0,0.0,SBIN.NS,-0.007756162018816126,-0.007786397485704273,0.7841430393026225,715.2541290283203,737.2476196289062,765.5585919189454,780.1785864257813,710.8392074463151,733.6603261876024,715.2541290283203,753.2037292040485,677.3045288525922,0.10611501181344613,33.755082729272175,-12.718875699342675,-12.0693733149942,-0.6495023843484748,14.57506569030606,18.630772967330483,23.96327283813019,-0.20896594116445355
2025-02-25,692.318880181649,692.318880181649,683.7003916586949,684.5670776367188,8599635,0.0,0.0,SBIN.NS,-0.0076772663856782275,-0.007706888302884538,0.7704456979197427,712.964697265625,734.5580773925781,764.7328552246094,779.7309582519531,708.3370998454012,731.7351007542345,712.964697265625,752.5669966703009,673.362397860949,0.11109189432957728,31.739951248790888,-13.27849408033478,-12.311197468062318,-0.9672966122724631,14.02136550563566,18.524863760806788,23.888311613723634,-0.21503892035427835
2025-02-27,689.4781266274379,691.1151674539011,675.1300247842662,677.8263549804688,12033139,0.0,0.0,SBIN.NS,-0.00984669417571249,-0.009895493474234246,0.7530126605776211,710.1384155273438,731.9725341796875,764.0900805664063,779.2901141357422,705.4313146201696,729.6210322925183,710.1384155273438,751.3494373304704,668.9273937242172,0.11606475836833478,29.33926755607183,-14.10334112542455,-12.669626199534765,-1.4337149258897846,13.732481357652498,17.792764618169652,23.905628916481817,-0.22276819204538686
2025-02-28,674.9374748612561,675.3707590632506,657.3152915031974,663.28564453125,15780609,0.0,0.0,SBIN.NS,-0.021451969729972653,-0.021685407740008836,0.715407086046651,706.0891723632812,729.1992138671875,763.1978991699219,778.7320538330079,701.4174412783677,727.0196445371745,706.0891723632812,749.0565027507926,663.1218419757699,0.12170511054205692,24.954544353218765,-15.748809688034612,-13.285462897234734,-2.4633467907998785,13.261321595817938,18.59895544516011,23.69440573690038,-0.2394413452628012
2025-03-03,664.5857216898627,671.5671696530677,654.8116710316503,669.544921875,10598479,0.0,0.0,SBIN.NS,0.009436774933028191,0.0093925267282093,0.731594996636195,702.6851165771484,726.951669921875,762.2147186279296,778.1953457641602,698.3819632399518,724.7657338445403,702.6851165771484,745.9190359899803,659.4511971643165,0.12305346560755069,29.81692086914957,-16.359205273050748,-13.900211372397937,-2.4589939006528105,13.735924173695489,17.693829614107663,23.752958232544884,-0.23226412441467947
2025-03-04,667.3300691464701,691.8373684334783,666.4633832092842,689.5262451171875,14386214,0.0,0.0,SBIN.NS,0.02984314060097959,0.02940649996548094,0.7832712295847617,700.5232727050782,724.927529296875,761.4342407226562,777.7980844116211,697.5385615139743,723.3837931101343,700.5232727050782,741.6995665179103,659.346978892246,0.11755867482840195,42.60205440301239,-15.05705403090235,-14.13157990409882,-0.9254741268035307,14.61290403396032,18.95348453078292,24.234290921164416,-0.2093524747351706
2025-03-05,690.970715357852,704.2113919626877,690.4411000485206,703.2965698242188,10409805,0.0,0.0,SBIN.NS,0.01997070424011338,0.019773905550492146,0.8188844118907024,698.1712463378906,723.3540551757812,760.765947265625,777.4417364501953,698.0869432578071,722.5960588636278,698.1712463378906,732.1036794379132,664.2388132378679,0.09720375417351557,49.43804320306933,-12.766772265912891,-13.858618376461635,1.0918461105487438,14.179575939940776,19.897219803192478,24.332099227725994,-0.19356268684992917
2025-03-06,708.7372906926826,709.4595093992308,700.0706662141035,704.93359375,10928847,0.0,0.0,SBIN.NS,0.0023276438362132,0.002324939069641448,0.8231181269808241,696.5342163085937,721.8056176757813,760.0620245361329,777.0329602050781,698.7390052094445,721.9034131728973,696.5342163085937,725.191342443806,667.8770901733815,0.08228490564924652,50.19741146125332,-10.696312880278697,-13.226157277225049,2.529844396946352,14.069525265336479,19.729851224652695,24.207781191178583,-0.19168558800868304
2025-03-07,704.9336444546556,707.6299160648454,701.0336749136387,705.6077270507812,7246729,0.0,0.0,SBIN.NS,0.0009563075256424636,0.0009558505549138225,0.8248615885657911,695.5953338623046,720.5171789550782,759.3696575927735,776.6188882446289,699.3931691943336,721.2643666583045,695.5953338623046,721.5095980483466,669.6810696762627,0.07450959753324547,50.52692473270285,-8.89848577203827,-12.360622976187695,3.4621372041494247,13.392012770677159,19.72694456388101,22.549808731055332,-0.19091259085341056
2025-03-10,705.6076955415114,711.1447057760574,699.6854784765769,701.9003295898438,7400109,0.0,0.0,SBIN.NS,-0.005254190563407368,-0.0052680423639496436,0.8152734180276242,695.1957061767578,719.3731848144531,758.6325134277344,776.122001953125,699.6319463748584,720.5049926556198,695.1957061767578,720.4189084229829,669.9725039305326,0.0725643211605567,48.621645229317515,-7.684271330590832,-11.425352647068323,3.7410813164774908,13.027465138922098,19.65219171860076,22.483263564130038,-0.19516369028352024
2025-03-11,698.0484671027334,706.8594999287487,695.9299471730827,702.8150634765625,5538789,0.0,0.0,SBIN.NS,0.0013032247573572242,0.0013023762970494478,0.8176391272873702,694.8610748291015,718.1194116210937,757.850591430664,775.6465411376953,699.9351003845446,719.8112699427156,694.8610748291015,719.4545242115807,670.2676254466223,0.07078666592031471,49.1313240254956,-6.572423451535201,-10.454766807961699,3.8823433564264977,13.058414003968819,19.603861618725237,22.485823458284994,-0.19411480767907763
2025-03-12,703.5373526546633,709.7003096539208,692.4151953776362,696.2670288085938,5547762,0.0,0.0,SBIN.NS,-0.009316867278823082,-0.00936054076515171,0.800704424777638,694.4734893798828,716.7683813476563,756.9131518554688,775.1137844848632,699.585760234454,718.8879663688285,694.4734893798828,718.700871846116,670.2461069136497,0.0697719433116635,45.64095025427371,-6.148768494716705,-9.5935671453127,3.4447986505959953,13.41264684836794,19.558286491418805,22.52285099229043,-0.20162313305790047
2025-03-13,699.0114385308547,704.3558452266985,697.663273429962,700.88916015625,5908337,0.0,0.0,SBIN.NS,0.006638446395437203,0.006616508943709958,0.8126583045755509,694.2183013916016,715.3557202148437,756.0840441894532,774.616416015625,699.7098935603393,718.1821308310804,694.2183013916016,718.0389024881143,670.3977002950888,0.06862567883549871,48.426166248459985,-5.378056629080447,-8.750465042066251,3.372408412985804,13.429838448740952,19.59740915932499,22.474216831378126,-0.19632315102334816
2025-03-17,701.9003527020252,704.1632812757161,695.5447924372056,696.3633422851562,5149563,0.0,0.0,SBIN.NS,-0.006457251914246731,-0.006478190149699505,0.8009535132684551,694.0016387939453,714.002763671875,755.436455078125,774.1373443603516,699.3911743912743,717.3264920645736,694.0016387939453,717.6523603471946,670.3509172406959,0.0681575380552421,45.94386749785523,-5.073968055930436,-8.015165644839088,2.9411975889086523,13.240685985316636,19.119101258295526,22.097704510489272,-0.20151269489483845
2025-03-18,696.3633422851562,696.3633422851562,696.3633422851562,696.3633422851562,0,0.0,0.0,SBIN.NS,0.0,0.0,0.8009535132684551,694.0497863769531,712.9772143554687,754.8312365722657,773.642865600586,699.1028094287868,716.5044077594985,694.0497863769531,717.7164129586581,670.383159795248,0.06819864236324738,45.94386749785523,-4.777899025047191,-7.367712320880709,2.589813295833518,12.44968637752517,19.01873650040496,22.055228829922726,-0.20151269489483845
2025-03-19,712.2039126231394,721.5446195922909,711.7224334883822,717.5001831054688,7604850,0.0,0.0,SBIN.NS,0.030353178487182886,0.029901635202737423,0.8556181767038116,694.8875579833984,712.3291430664062,754.3550531005859,773.2324044799805,700.8549402551375,716.5434577730659,694.8875579833984,720.6458682246157,669.1292477421812,0.07413662813583619,57.690729520705645,-2.8053573653270405,-6.455241329769976,3.6498839644429353,13.632742719252358,21.116492904137687,22.66941064283609,-0.1772760672032319
2025-03-20,720.292765833536,724.8186813309343,716.6335362646441,721.7853393554688,6963197,0.0,0.0,SBIN.NS,0.005972341681437676,0.005954577941186305,0.8667005624853732,696.0310699462891,711.9131433105468,754.0526837158203,772.4808151245118,702.8483115980263,716.7490217566896,696.0310699462891,724.4367671171232,667.625372775455,0.08162192292084333,59.60715783428161,-0.8861130323231237,-5.341415670280606,4.455302637957482,13.075600033299159,19.903631882137468,22.504631417365104,-0.1723624787670734
2025-03-21,722.1705565633118,727.611235450561,719.3298179504133,725.3001708984375,9577327,0.0,0.0,SBIN.NS,0.004869635543037543,0.004857817219632429,0.8757907138926602,697.2781005859375,711.7735144042969,753.67857421875,772.3748895263672,704.9865839123511,717.0843609387189,697.2781005859375,728.5310246709229,666.0251765009522,0.08964263773298733,61.16114007404088,0.9080520016042328,-4.091522135903638,4.999574137507871,12.202053892076046,19.408631584055293,22.50091687984412,-0.1683321856769261
2025-03-24,729.9223707530908,753.9481914133478,727.1297682523594,751.8778076171875,12095064,0.0,0.0,SBIN.NS,0.03664363774494639,0.03598822288234738,0.9445265092978772,699.7384552001953,712.4966955566406,753.1787982177734,772.3317971801757,709.4524147413831,718.4488098280707,699.7384552001953,739.3962567712524,660.0806536291382,0.11335035619761963,70.42615234493728,4.423542042768304,-2.3885093001692494,6.812051342937553,13.051519741611255,21.47545435503784,23.022699175899472,-0.1378568515647401
2025-03-25,754.8630261504609,756.8852150473521,740.7075275492936,744.2222900390625,15190143,0.0,0.0,SBIN.NS,-0.010181863995143647,-0.01023405373379338,0.9247276048452548,702.1867767333985,713.3315795898437,752.7011706542969,772.1194647216797,712.7638314364002,719.4595345422273,702.1867767333985,746.4571259668004,657.9164274999965,0.12609280237189713,65.57379553621081,6.516736062601808,-0.6074602276150378,7.124196290216846,12.394641332601566,20.80556510926563,22.798903020673563,-0.14663507584645288
2025-03-26,743.4038006048552,747.3037699282959,733.2446023903115,735.7001342773438,7711852,0.0,0.0,SBIN.NS,-0.011451089111119583,-0.01151715768773536,0.9026873775275401,704.4786163330078,713.6368371582031,752.1599877929688,771.8019290161133,714.9482412307758,720.0964208063496,704.4786163330078,750.7628200114175,658.1944126545982,0.1313998824246244,60.5706770549965,7.402607999569568,0.9945534178218833,6.408054581747685,12.349928524921868,21.14327781845968,22.858618372509355,-0.1564070336372389
2025-03-27,735.5075423870684,747.063042059369,732.3297917320479,743.6926879882812,15648616,0.0,0.0,SBIN.NS,0.01086387420438406,0.010805286269049141,0.9233579338472688,707.4348968505859,713.9950573730468,751.6891009521485,771.5154489135742,717.6858075886335,721.0217646174058,707.4348968505859,755.867297544739,659.0024961564328,0.13692397960510078,63.39172525738256,8.649889636532862,2.525620661564079,6.124268974968783,12.73167189222143,21.140209841288996,22.83402469632864,-0.1472423457709707
2025-03-28,743.5001147786132,749.7593440220716,738.5890507280865,742.92236328125,7628185,0.0,0.0,SBIN.NS,-0.0010358105161891729,-0.0010363473386314664,0.921365699472994,710.689697265625,714.0952062988281,751.1272149658203,771.2070617675781,720.0892890831684,721.8806116238311,710.689697265625,759.4919466376484,661.8874478936016,0.1373377145040651,62.924438489530324,9.46707994941562,3.9139125191343873,5.553167430281233,13.05838990241989,21.155447950108304,22.721630463707363,-0.14812564111698193
2025-04-01,738.3964100364205,753.7556066211873,734.92978367858,743.1149291992188,7011125,0.0,0.0,SBIN.NS,0.00025920059414863417,0.00025916700747829525,0.9218637186038741,714.6811614990235,714.2415771484375,750.3809222412109,770.8825451660156,722.2822071894589,722.7133299601209,714.6811614990235,760.0996797456766,669.2626432523704,0.12710148439169444,62.997867545589735,10.014803202829512,5.134090655873413,4.880712546956099,13.58457530550038,20.978201542239884,22.244859948489108,-0.14790483477701954
2025-04-02,743.6926981564776,748.2186140115384,735.9890316029483,747.20751953125,5458436,0.0,0.0,SBIN.NS,0.005507345056896318,0.005492235083945188,0.9324480852545556,718.5642913818359,714.1780224609375,749.6216302490234,770.5553799438477,724.6560464601056,723.6738864138906,718.5642913818359,760.9102560423369,676.218326721335,0.11786270252608154,64.6024319958613,10.656276738938914,6.238527872486514,4.4177488664524,13.677434566423528,20.79949001538759,20.910311030749877,-0.14321205268082343
2025-04-03,741.4778693122336,755.6333676630561,741.4297331535035,750.3370971679688,7956680,0.0,0.0,SBIN.NS,0.004188364751310347,0.00417961796631056,0.940541882698573,721.604833984375,714.5660949707031,748.847412109375,770.2664923095704,727.1018608132355,724.7195025218937,721.604833984375,763.9045503071346,679.3051176616153,0.11723789622971283,65.82293083052053,11.287069585954328,7.248236215180077,4.038833370774251,13.45732886879981,20.74807452865544,20.0580916751551,-0.1396235122429242
2025-04-04,750.2408294522949,753.9001182138272,736.6631401821917,739.0223999023438,8231194,0.0,0.0,SBIN.NS,-0.01507948535175796,-0.01519433685471525,0.911279509803947,723.3911254882812,714.8357238769531,748.1184533691406,769.893586730957,728.2371502502934,725.2804004583819,723.3911254882812,765.4521734114916,681.3300775650708,0.11628853725519404,58.03225263906053,10.750055999481106,7.948600172040283,2.8014558274408223,14.110768984052006,21.314810122242026,20.181853058304025,-0.15259754688705401
2025-04-07,702.9595626780941,725.7816862623683,702.9595626780941,719.2335815429688,14923235,0.0,0.0,SBIN.NS,-0.02677702105103974,-0.027142056607831155,0.8601011381355057,724.1061248779297,714.8549829101562,747.1482727050782,769.3846636962891,727.3796675162625,725.0432703048363,724.1061248779297,765.3237910830564,682.8884586728029,0.11384426892418639,47.453630576431514,8.628215901644808,8.084523317961189,0.5436925836836188,16.07107958303337,22.88254077984347,20.62249995317301,-0.17528846021276212
2025-04-08,731.8482821294997,745.3296978529378,730.0668328471972,740.1296997070312,12911288,0.0,0.0,SBIN.NS,0.029053312721069258,0.02863926573436633,0.9141432381945733,725.8322235107422,715.3258679199218,746.5887939453125,769.02283203125,728.5939562963357,725.6348949872753,725.8322235107422,766.6778428299747,684.9866041915097,0.11254837687328981,56.47597084227249,8.534405126950105,8.174499679758974,0.3599054471911316,17.9350878908883,24.283261754462472,21.20400087343041,-0.151327857942649
2025-04-09,738.5889950046072,739.5038171183404,713.5520799197053,714.7076416015625,11319387,0.0,0.0,SBIN.NS,-0.03434811238561519,-0.03495187450503449,0.8483960311269008,726.4725891113281,715.1910534667969,745.9489074707031,768.5697601318359,727.2714501349287,725.206375246659,726.4725891113281,766.1225080663922,686.822670156264,0.10915737097133048,46.10432009704007,6.335678031502994,7.806735350107778,-1.4710573186047844,18.03482663947339,26.23948052496296,21.929811291054044,-0.1804781440565757
2025-04-11,730.8853451496299,731.5594277102952,718.3668873275676,725.9260864257812,9360327,0.0,0.0,SBIN.NS,0.015696550828923295,0.015574634101417103,0.8774094733814644,727.628140258789,715.2189782714844,745.4635760498047,768.1901135253906,727.1433202578671,725.2345992144677,727.628140258789,765.6903207543598,689.5659597632182,0.10461986938007535,50.43050709120635,5.435745814135885,7.3325374429134,-1.8967916287775148,18.653872428219284,26.435059646706407,22.11027848364271,-0.16761447758934625
2025-04-15,741.4778565892068,742.1519391227857,729.0556715859763,735.2186279296875,7859090,0.0,0.0,SBIN.NS,0.01280094720064362,0.012719707637040778,0.9014420929242086,729.5757202148437,715.3162365722657,744.9743927001953,767.8109484863281,727.9123971789929,725.6261297523196,729.5757202148437,764.7585520399307,694.3928883897568,0.09644737578363054,53.74271797525701,5.410010255950397,6.948032005520799,-1.5380217495704027,19.22133208513762,26.461097974581786,21.920918462314113,-0.15695915446638736
2025-04-16,735.2186797710156,746.0519609071307,732.3298048013849,743.1630859375,12536694,0.0,0.0,SBIN.NS,0.010805572255675022,0.010747609235024328,0.921988262849283,731.6894165039063,715.4924584960937,744.6734680175781,767.4565802001953,729.3648437274222,726.3138535242874,731.6894165039063,764.6233021141362,698.7555308936763,0.09002148963037274,56.423551138333174,5.961940468753596,6.750813698167359,-0.7888732294137633,18.15519891305445,26.29912736664508,21.97290868426204,-0.14784961569548852
2025-04-17,743.4038315336337,771.329623132695,738.7335071379982,767.9111328125,27034818,0.0,0.0,SBIN.NS,0.0333009636017918,0.03275849678568259,0.985992324033498,735.2668060302734,715.9652709960938,744.8342828369141,767.2324517822266,733.0359188783821,727.9451193787272,735.2668060302734,767.5816088880674,702.9520031724794,0.08789952869561066,63.516782807693055,8.300625252644977,7.060776009062883,1.2398492435820945,19.32794380567147,26.62410022014951,22.679999680470342,-0.11947218676451106
2025-04-21,773.255458543513,793.8145932403959,771.7147488855273,786.447998046875,16398507,0.0,0.0,SBIN.NS,0.024139336496507235,0.02385258815789515,1.033932861022823,739.7710388183593,716.9417102050782,744.8405419921875,767.0771743774415,738.1227835610956,730.2393499147331,739.7710388183593,774.291645821753,705.2504318149656,0.09332781412620228,67.75113337314319,11.517058418234797,7.952032490897267,3.5650259273375298,20.17396472637943,27.170971709822645,23.05954634763093,-0.0982168295862859
2025-04-22,790.7332527762891,804.5516812424216,783.8480772367818,791.9369506835938,25117557,0.0,0.0,SBIN.NS,0.006979422225436904,0.006955178796190278,1.048128537238092,743.4928771972657,718.1251867675782,744.6282104492187,766.9830453491211,743.247942334667,732.6588636703747,743.4928771972657,783.5157474765554,703.470006917976,0.10766174500598667,68.90209971337875,14.343672551261648,9.230360502970143,5.113312048291505,20.60041856054505,26.18247966784717,23.070944483512516,-0.09192290408417543
2025-04-23,795.4035350043313,800.2183263784495,780.0924749249118,783.3184204101562,12104382,0.0,0.0,SBIN.NS,-0.010882849027309627,-0.010942500408222141,1.0258390635788053,746.56953125,718.7848132324219,744.3783227539062,766.921897277832,747.0641783418564,734.6455129542876,746.56953125,788.9568031242204,704.1822593757795,0.11355210760677681,64.98053095587393,15.707277533372917,10.525743909050698,5.181533624322219,21.240101286227382,26.15168617985364,23.05604862395013,-0.10180537002418512
2025-04-24,782.6443782863423,788.6628678148439,781.1036684767707,783.2703247070312,12713521,0.0,0.0,SBIN.NS,-6.139993886500328e-05,-6.140182391841143e-05,1.0257146771841512,749.4680389404297,719.6967358398438,744.1789910888672,766.7940646362305,750.5123827575874,736.5523683171403,749.4680389404297,793.622718002115,705.3133598787443,0.11782938502383528,64.95831219374587,16.592792007047024,11.739153528649963,4.853638478397061,20.435342457332087,26.17197032455661,23.0323787061069,-0.10186051911955449
2025-04-25,784.811056973124,788.6628903815811,757.8482231139246,769.0667114257812,13131038,0.0,0.0,SBIN.NS,-0.01813373088858261,-0.018300162068903895,0.9889809123710418,750.3274841308594,720.5903625488281,743.7918829345704,766.5983438110352,752.2794616783679,737.8274405959106,750.3274841308594,795.3404589898056,705.3145092719132,0.11998220993087286,58.587182295619684,15.964427734560445,12.58420836983206,3.3802193647283847,21.762848518693968,26.916898865034327,23.175928052877342,-0.11814713876625176
2025-04-28,769.066700695532,792.3221093100369,767.8630027721836,787.073974609375,11317611,0.0,0.0,SBIN.NS,0.023414435855908966,0.023144523070010737,1.0355517783623807,752.470068359375,722.133984375,743.5838836669922,766.3941967773437,755.5932248146543,739.7586772238897,752.470068359375,800.2536052201875,704.6865314985624,0.12700448528137714,63.47788439981966,16.72666557863033,13.412699811591716,3.3139657670386153,22.495382235001166,27.429304462691373,23.46700979818062,-0.09749905151254443
2025-04-29,789.6257719721119,798.2923962986351,779.0332311285836,782.4517211914062,11283059,0.0,0.0,SBIN.NS,-0.005872705193006533,-0.005890017338842688,1.0235975828629584,754.8076477050781,723.5928649902344,743.3542169189453,766.1837902832032,758.1511768505354,741.4329142422237,754.8076477050781,803.6982853824744,705.9170100276818,0.1295446272332923,61.47111153635542,16.76451643077155,14.083063135427684,2.681453295343866,22.639824173459456,27.568397866099794,23.484357030483284,-0.10279917351942
2025-04-30,781.4407087956405,781.4407087956405,755.440833087098,759.4371337890625,25635764,0.0,0.0,SBIN.NS,-0.029413428048059465,-0.02985467689763513,0.9640766409611918,755.5948699951172,724.7012329101562,742.7254058837891,765.8339962768555,758.273648939919,742.1389620675899,755.5948699951172,804.2383508318806,706.9513891583538,0.12875545551831957,52.561168777753174,14.767201534333367,14.21989081520882,0.5473107191245461,21.99325637917793,28.974272962647785,23.901052730261696,-0.12918892547376606
2025-05-02,761.0740226752047,773.6406747464794,759.7740525588761,767.1888427734375,14720184,0.0,0.0,SBIN.NS,0.010207176656873873,0.010155435220674594,0.9841243182031221,756.8081939697265,725.9251513671875,742.1187420654297,765.5821826171875,759.1227150193016,743.1213103305643,756.8081939697265,805.3311755235122,708.2852124159408,0.1282305924814728,54.930706090334475,13.65243643149745,14.106399938466549,-0.4539635069690995,21.14378671113849,29.030981719818392,23.854139088873946,-0.12030040300131455
2025-05-05,753.0333941109573,769.4036852872824,753.0333941109573,760.737060546875,23986447,0.0,0.0,SBIN.NS,-0.008409640321721645,-0.008445200854767897,0.9674385463334527,757.6893005371094,727.1259606933594,741.3921899414063,765.2610357666016,759.2764622124039,743.8121240645373,757.6893005371094,805.8035992685171,709.5750018057016,0.12700271390212475,52.57679215682667,12.108789561555454,13.70687786308433,-1.5980883015288754,20.414691810352718,29.092742704712737,23.870810548127437,-0.12769836020323702
2025-05-06,764.5407210502615,769.5481157490566,742.5370895801225,745.4259643554688,18869468,0.0,0.0,SBIN.NS,-0.02012666003204766,-0.020331960601026093,0.9278405795774534,757.6002227783204,728.1264721679687,740.5298596191407,764.848889465332,757.9573671784101,743.8754119190837,757.6002227783204,805.8027456666044,709.3976998900363,0.1272505509872019,47.38704398339133,9.539989730103684,12.873500236488201,-3.333510506384517,21.140351814652824,29.854741746343173,23.743327147227777,-0.1452548787528242
2025-05-07,736.9519304230361,753.4185516163304,736.2297117419523,747.3518676757812,15586266,0.0,0.0,SBIN.NS,0.0025836279019040287,0.0025802960729066435,0.9328214022892725,757.450961303711,729.0586145019531,739.7407147216796,764.3421322631835,756.9473196067312,744.0117435173856,757.450961303711,805.7665368019503,709.1353858054716,0.1275741347402331,48.08125147382944,7.572312751183631,11.813262739427287,-4.240949988243656,21.209136613036655,28.659758867921916,23.666613227252203,-0.14304653540855367
2025-05-08,750.1445368852355,757.3667243392013,735.7001619773041,740.5149536132812,14491673,0.0,0.0,SBIN.NS,-0.009148186226873856,-0.009190287848184382,0.9151395921578427,757.5255889892578,729.8906115722656,738.7922009277344,763.8043203735351,755.3823323692598,743.8746145015384,757.5255889892578,805.7257867722898,709.3253912062258,0.1272569494248873,45.772326090837154,5.398996472101771,10.530409485962185,-5.1314130138604135,21.776594202761746,28.790258060262474,23.644370435112663,-0.15088610529040092
2025-05-09,728.4779526212103,752.7445134918086,727.5149943229668,750.38525390625,13578216,0.0,0.0,SBIN.NS,0.01332896823326446,0.013240919076200973,0.9406664269439817,759.0831726074218,730.8911254882812,737.9992053222657,763.2539895629883,754.9064201346873,744.12993369388,759.0831726074218,803.9728989700158,714.1934462448279,0.11827353834863558,49.53970133706928,4.422103154629326,9.308748219695612,-4.886645065066286,21.250408715200674,28.992410724006273,23.75685625212951,-0.1395682931613932
2025-05-12,769.4036424963954,774.1221614356956,763.6258929907904,771.9555053710938,15096824,0.0,0.0,SBIN.NS,0.028745569495877366,0.028340166312993735,0.9964519885880159,760.674462890625,732.2768212890625,737.4979852294922,762.8317324829102,756.5301425381546,745.2211325831826,760.674462890625,804.9879027000937,716.3610230811563,0.11651091753777044,56.63073422382121,5.32704037996325,8.51240665174914,-3.18536627178589,21.09565493673994,28.236132832041854,24.10442456130935,-0.11483469373600758
2025-05-13,769.018476685771,777.7332963407931,767.6703703271746,772.0518188476562,13909596,0.0,0.0,SBIN.NS,0.00012476558025986684,0.0001247577976821832,0.9967010770788329,763.5416717529297,733.8127404785156,736.9221362304687,762.4703823852539,758.0083974247739,746.27331635826,763.5416717529297,802.4195164456023,724.6638270602571,0.10183555431471694,56.66002055159761,5.983012895036609,8.006527900406635,-2.023515005370026,20.335606508738415,28.037763093171552,23.98208002117159,-0.11472425557294556
2025-05-14,775.9036380329437,777.5888150314639,766.8036704860727,771.0407104492188,9281719,0.0,0.0,SBIN.NS,-0.0013096379980642725,-0.001310496323386074,0.9940861214775147,765.7974029541016,735.4362878417969,736.3419537353516,762.1660873413086,759.2495700937686,747.2445867147682,765.7974029541016,800.4964070186098,731.0983988895933,0.09062189015176889,56.230729428975614,6.348110772269479,7.674844474779204,-1.326733702509725,19.66841315815652,27.787564944817806,23.94388717575418,-0.11588364632661184
2025-05-15,774.6518391145711,779.4666307570579,765.0703919911599,777.82958984375,17058854,0.0,0.0,SBIN.NS,0.008804826129836796,0.008766289687498858,1.0116437030650447,767.9279510498047,737.3015380859375,735.9298077392579,761.9530328369141,761.0190957842431,748.4439986021791,767.9279510498047,799.8423976388973,736.0135044607122,0.083118335634127,58.50407614804782,7.103376003599578,7.560550780543279,-0.4571747769437007,20.156773117286864,27.735003186282945,23.983528738960498,-0.10809915555397231
2025-05-16,789.7644580739088,789.7644580739088,776.9946347468432,778.0751342773438,14733924,15.9,0.0,SBIN.NS,0.0003156789569334073,0.00031562914081513976,1.0122787366509498,769.6735534667969,739.306513671875,735.6395239257813,761.7580581665039,762.6434804026336,749.6060039227739,769.6735534667969,799.6445947799558,739.7025121536379,0.07787987823710994,58.58785622683286,7.633745458704993,7.575189716175622,0.05855574252937146,18.86785569295895,27.72641749329462,23.926476198045314,-0.10781760122570964
2025-05-19,778.0750903727592,787.2104729702169,778.0750903727592,780.9237670898438,10666184,0.0,0.0,SBIN.NS,0.003661128195731056,0.003654442578863076,1.0196459470713726,770.324185180664,741.6592761230469,735.4292449951172,761.5101599121094,764.3844600871298,750.8341514979531,770.324185180664,800.696421481485,739.951948879843,0.0788557256415305,59.60676436723219,8.189524196793855,7.698056612299268,0.49146758449458616,17.77330398293069,27.72869575846295,23.87382366225661,-0.10455120708982213
2025-05-20,784.0180560729261,785.2459236919375,769.9220998339915,771.7393798828125,11324667,0.0,0.0,SBIN.NS,-0.01176092673073248,-0.011830633512794144,0.9958930390658454,769.588754272461,743.7031652832031,735.3274176025391,761.1722848510742,765.0849286390996,751.6539643757908,769.588754272461,799.0146782793166,740.1628302656053,0.07647181392268078,54.9153930219209,7.798977799045588,7.718240849648533,0.08073694939705511,17.492208174923146,27.978780847490036,23.678106927064967,-0.11508251473436157
2025-05-21,773.0654298291093,776.9946060925355,765.3052827270537,773.1636352539062,8206040,0.0,0.0,SBIN.NS,0.0018455134054582434,0.0018438125379210896,0.9995764864253023,768.6500885009766,745.3759130859376,735.1517211914063,760.8357531738282,765.8543292690813,752.4974808808149,768.6500885009766,796.2131064014427,741.0870706005105,0.0717179853689201,55.50029588978265,7.517732727289626,7.678139225176752,-0.16040649788712535,16.397810693578396,27.965473275964374,23.675309255235018,-0.11344938765257946
2025-05-22,774.0477442991881,774.2442151084329,766.4840678018166,771.346435546875,7355826,0.0,0.0,SBIN.NS,-0.002350342959979601,-0.0023531093514902964,0.9948767959074918,768.0514892578125,746.7369104003906,735.0454827880859,760.4920611572265,766.3773870098236,753.2366555736016,768.0514892578125,794.7805930302824,741.3223854853426,0.06960237470094331,54.52827258382108,7.06675005652346,7.5558613914460935,-0.48911133492263303,15.937568289949777,27.564034781553843,23.617245059617684,-0.11553308564297582
2025-05-23,773.9495383488706,780.874699700136,772.2796264031289,776.5034790039062,5534158,0.0,0.0,SBIN.NS,0.006685768183235297,0.006663517555104135,1.0082140797190444,767.7131469726562,748.1683081054688,734.986962890625,760.2210983276367,767.3417767235458,754.1490800218489,767.7131469726562,793.794587696006,741.6317062493064,0.06794579675025098,56.8385302542952,7.044271373076526,7.45354338777218,-0.4092720146956541,15.448852074016624,26.248024307062774,23.512480334467437,-0.10961974488784333
2025-05-26,777.9769427872259,783.4286631605596,775.2265312430146,780.33447265625,4965466,0.0,0.0,SBIN.NS,0.004933646475426157,0.004921515923861801,1.0181218980353512,768.2765350341797,749.6628430175781,735.0900109863281,760.0405499267578,768.5791763361842,755.1759581643745,768.2765350341797,794.9609084096686,741.5921616586908,0.06946554309198513,58.524336412205514,7.251989603348193,7.413232630887384,-0.16124302753919117,14.105359627488829,25.046208241034172,23.18655294461933,-0.10522692348042022
2025-05-27,780.3344684569088,787.1613645883718,776.0614530866071,779.6468505859375,11995043,0.0,0.0,SBIN.NS,-0.0008811888932342971,-0.0008815773683971754,1.0163435514336094,767.9051788330078,751.2177734375,735.2954791259766,760.0308587646484,769.6332405504464,756.1356010044358,767.9051788330078,793.6792874212069,742.1310702448086,0.06712836245581338,58.08580121720424,7.277235007743002,7.386033106258508,-0.10879809851550615,13.670436172302159,22.597585561216473,22.951829139989535,-0.10601538757741431
2025-05-28,780.4326591919574,784.7547771957036,778.6154390963333,782.4463500976562,6873519,0.0,0.0,SBIN.NS,0.003590727660369275,0.0035842963885031,1.0235836919965493,767.9049102783204,752.8103991699219,735.4649053955078,760.102331237793,770.8535366977998,757.1673950865228,767.9049102783204,793.6783807875292,742.1314397691115,0.06712672406240383,59.41903288377278,7.437404616021354,7.396307408211078,0.04109720781027626,12.561348724978814,22.276678349811185,22.584588051372194,-0.102805332301644
2025-05-29,784.8529869834019,786.2282227070898,777.3384131262393,783.232177734375,14034127,0.0,0.0,SBIN.NS,0.001004321429348698,0.0010038174360012925,1.0256160204625018,769.0946624755859,754.5497021484375,735.6590417480469,760.1250106811524,772.0324548917592,758.1895434256543,769.0946624755859,795.4133676433138,742.775957307858,0.06844074325782584,59.80552654988978,7.540823982518759,7.425210723072614,0.1156132594461452,11.394226611550867,22.068541535351464,22.558605371278144,-0.10190426047057716
2025-05-30,783.8706869171444,800.0785394661832,778.5662748283969,797.91748046875,22037314,0.0,0.0,SBIN.NS,0.018749616208126874,0.01857600884464543,1.063595543431207,770.6310943603515,756.4902685546875,735.9229943847656,760.2240057373047,774.4976954229013,759.7475017410699,770.6310943603515,799.9033656933022,741.3588230274008,0.07596960866793892,66.27054290550771,8.707392376875646,7.681647053833221,1.0257453230424245,11.235323547860917,22.454332590597463,22.601354305404705,-0.08506531003624654
2025-06-02,798.4577080916993,807.9859725290632,794.8723707211232,799.2435913085938,26891575,0.0,0.0,SBIN.NS,0.0016619648927413966,0.001660585357370443,1.0670251667772073,772.5564208984375,758.5478735351562,736.2753186035156,760.2513909912109,776.8544474120148,761.2963679986199,772.5564208984375,804.0683511660203,741.0444906308547,0.08157832726556404,66.79000480768335,9.627927540568635,8.070903151180303,1.5570243893883315,11.453228961741031,20.463343837656673,22.592274119503607,-0.08354472070237552
2025-06-03,801.7484370268255,803.9094959854718,790.8940994751483,795.4617309570312,14247597,0.0,0.0,SBIN.NS,-0.0047317994072001435,-0.004743029810697564,1.057244418318383,775.0582092285156,760.5298413085937,736.7535278320313,760.3162002563477,778.6265696543974,762.6361861538518,775.0582092285156,805.4249880581854,744.6914303988458,0.07835999533479308,63.77356016770092,9.937737711535988,8.444270063251441,1.4934676482845468,11.612532673521912,19.358208424528698,22.38619198045633,-0.08788120324968145
2025-06-04,802.5342413659282,802.5342413659282,790.9922862422444,792.2201538085938,9607927,0.0,0.0,SBIN.NS,-0.004075088746931299,-0.004083414547694896,1.0488609647396063,777.3016235351563,762.0242407226563,737.1766918945312,760.4372640991211,779.9211967167018,763.7963417481554,777.3016235351563,805.6097171995633,748.9935298707493,0.07283683143658498,61.221316661760135,9.808628554879647,8.717141761577082,1.0914867933025647,11.40865527050661,19.29933699411847,21.9433713872235,-0.09159816829418319
2025-06-05,794.3812098308251,797.3280919793597,788.6347536685006,791.72900390625,13595507,0.0,0.0,SBIN.NS,-0.0006199664322884546,-0.000620158690943752,1.0475907397170414,779.8623260498047,763.4231140136719,737.6681286621093,760.5296313476563,781.045749782373,764.8917402641592,779.8623260498047,802.9418228330478,756.7828292665615,0.059188643975524494,60.82412538550166,9.556515365233963,8.885016482308458,0.6714988829255049,11.117477769348998,19.019788763004577,21.899506745134858,-0.09216134693687017
2025-06-06,792.3675287830383,801.9939985959651,788.88033690073,798.6541748046875,17163935,0.0,0.0,SBIN.NS,0.008746895546670519,0.008708863072300057,1.0655008020396761,782.2757720947266,764.8901940917968,738.3318542480469,760.6128100585937,782.722742641641,766.2157573049642,782.2757720947266,802.2646712620766,762.2868729273765,0.05110448228206041,64.33739305683304,9.802519913788842,9.068517168604536,0.7340027451843056,11.401640562047387,19.170924289358748,21.85565530611631,-0.08422057706529688
2025-06-09,802.9272300169949,809.9014942207324,801.2573180380161,805.5302734375,12793040,0.0,0.0,SBIN.NS,0.008609607073667425,0.00857275577243837,1.0832839523555826,783.9545104980468,765.9632434082031,739.2299694824219,760.7226654052735,784.8948884317228,767.7575030356519,783.9545104980468,805.8431862630956,762.065834732998,0.0558416986494354,67.45796062341289,10.432069580216762,9.341227650926982,1.0908419292897804,11.110461673340167,18.43848092828128,21.881161040482848,-0.07633607606767914
2025-06-10,806.4634476687678,807.4948444720902,800.1767415127031,802.5833740234375,6560513,0.0,0.0,SBIN.NS,-0.003658334778017691,-0.00366504284993761,1.075662602220194,785.481088256836,767.1304650878906,740.2310223388672,760.7860089111329,786.5795061071243,769.1232234665455,785.481088256836,808.1203359507766,762.8418405628953,0.05764428458534217,64.8393724372261,10.571342219399185,9.587250564621423,0.9840916547777621,10.79823164433341,17.290321415268473,21.878086924292738,-0.07971514792380102
2025-06-11,802.5342598525855,806.0704945433416,798.6541862626485,800.6187744140625,7197825,0.0,0.0,SBIN.NS,-0.002447844888097128,-0.002450845758505666,1.0705817021299349,786.9599914550781,768.428837890625,741.032837524414,760.862399597168,787.9165792792137,770.3583431115461,786.9599914550781,809.491493305522,764.4284896046343,0.05726212792287811,63.08133430018865,10.403267626336742,9.750453976964486,0.6528136493722556,10.77367171391033,17.20533408197209,21.880951663434743,-0.08196786249454895
2025-06-12,801.5519752269744,802.0431222706184,787.0140347260071,791.679931640625,13448521,0.0,0.0,SBIN.NS,-0.011164917759990622,-0.011227713296437292,1.0474638277103128,787.6525085449218,769.3885827636718,741.6918200683593,760.8712258911132,788.2749937898243,771.1944838381767,787.6525085449218,809.8513598079946,765.453657281849,0.05636711880492095,55.68344972915624,9.4399594176366,9.68835506509891,-0.2483956474623099,11.166587670435344,15.103141407345364,21.94693959190245,-0.09221761581082573
2025-06-13,772.3287088939938,782.2007522600275,772.3287088939938,778.3206787109375,11377117,0.0,0.0,SBIN.NS,-0.016874563059850023,-0.017018560729617282,1.0129137702368531,787.6647857666015,770.0965490722656,742.0958776855468,760.8370892333984,787.3269637823113,771.4739424606379,787.6647857666015,809.8415952435297,765.4879762896734,0.05631027279033272,46.841928331223215,7.5119574885927705,9.253075549797684,-1.7411180612049133,11.962951301084356,15.76083045145894,22.135475804676336,-0.10753604689744697
2025-06-16,778.4680786132812,781.3167555010375,772.2305350251097,778.4680786132812,8085001,0.0,0.0,SBIN.NS,0.00018938196860940337,0.00018936403810815956,1.0132949798093014,787.5420013427735,770.8036120605469,742.5225946044922,760.8051339721679,786.4832604328798,771.7482223097612,787.5420013427735,809.9023903922309,765.181612293316,0.0567852610053371,46.94203227491164,5.927566710314295,8.587973781901006,-2.660407071586711,11.819116227810289,15.53249699778269,22.029954308068117,-0.1073670303170954
2025-06-17,779.9415184126576,784.7056208342702,776.5525917636725,778.2716064453125,7753156,0.0,0.0,SBIN.NS,-0.00025238307564101614,-0.00025241492960916554,1.0127868582301245,787.8686126708984,771.4248937988282,742.8014581298828,760.7681033325196,785.7011981483496,772.004041295469,787.8686126708984,809.433799626094,766.3034257157028,0.05474310464555496,46.81548290085845,4.603011292733072,7.790981284067419,-3.187969991334347,11.962951297183679,14.216420777075161,21.97153702674829,-0.10759231577140252
2025-06-18,778.4680756237817,781.4149579289822,774.3915311197982,777.8787231445312,5710169,0.0,0.0,SBIN.NS,-0.000504815153896887,-0.0005049426159650164,1.0117707729225254,788.1043670654296,771.9757263183594,743.2709106445312,760.760404663086,784.9562005289383,772.2344209758245,788.1043670654296,809.0879298013252,767.120804329534,0.05325072062226881,46.54526084242018,3.4814571120277833,6.929076449659492,-3.447619337631709,11.829638242064643,14.223706009735263,21.93798720172534,-0.10804281669385513
2025-06-19,778.320667516001,779.2047561439027,767.8592718430074,771.1990356445312,11824333,0.0,0.0,SBIN.NS,-0.008587055155587442,-0.008624136345126923,0.9944955863350409,788.0969970703125,772.6192590332031,743.7274914550782,760.6947521972656,783.6459943494709,772.1938176294992,788.0969970703125,809.1054310885413,767.0885630520836,0.05331433591633017,42.09635659449511,2.0302192825630527,5.949305016240205,-3.919085733677152,11.103439646572431,14.188521267220693,21.63657810297747,-0.11570210222332739
2025-06-20,773.5565989033221,785.2950253156704,772.181363190149,782.053466796875,11367669,0.0,0.0,SBIN.NS,0.014074746791238102,0.013976617236448706,1.0225676066889484,788.3744964599609,773.8756567382812,744.3653198242188,760.6780755615234,783.4943250587476,772.5804705380239,788.3744964599609,808.8787060575384,767.8702868623835,0.05201642034248316,50.39387951305062,1.7359537327982935,5.106634759551823,-3.3706810267535294,11.173610208229507,14.244575650261273,21.556676962372084,-0.1032558332240966
2025-06-23,776.0123304607985,780.874698193188,774.5388893270122,776.2088012695312,5549253,0.0,0.0,SBIN.NS,-0.0074734858618838995,-0.007501552280774971,1.0074519762756542,788.168212890625,774.5972387695313,744.9615533447266,760.6006387329102,782.8004656502508,772.7227580176908,788.168212890625,809.0917252343181,767.2447005469319,0.05309402739538469,46.52762260065011,1.0193797274361032,4.28918375312868,-3.2698040256925767,10.780694562482315,11.877752568436554,21.368347263640867,-0.10995763807622319
2025-06-24,784.8529460243278,792.3675194893278,779.5976968381185,781.3167114257812,11402190,0.0,0.0,SBIN.NS,0.00658058778500803,0.006559030239741062,1.0206621902297242,788.2517059326171,775.9294201660156,745.5602368164062,760.5359823608399,782.6591557241109,773.0597757984003,788.2517059326171,809.0449666668475,767.4584451983868,0.05275792130288855,50.12869551266343,0.8538131006288268,3.6021096226287095,-2.7482965219998827,11.1104633550618,12.02023558394259,21.094688257630903,-0.10410063618120789
2025-06-25,785.3440886452789,789.567941046098,782.0042649119035,785.8843383789062,6528324,0.0,0.0,SBIN.NS,0.005846063301000903,0.005829041381534725,1.0324751093037463,788.4236053466797,777.1285852050781,746.1737817382813,760.5341268920898,782.9663159769486,773.5626998211653,788.4236053466797,809.0711224468606,767.7760882464987,0.05237670957632472,53.16604861317245,1.0787346958225044,3.097434637267469,-2.0186999414449645,11.078884162880204,12.109066391566241,21.107234308113394,-0.09886315178899677
2025-06-26,787.7998677833231,789.1259408358321,777.3875743106198,782.9375,24704402,0.0,0.0,SBIN.NS,-0.0037497100209235024,-0.0037567578071634033,1.0248539170191124,788.4088714599609,778.0829626464844,746.699599609375,760.5067037963868,782.9635715981916,773.9303390438648,788.4088714599609,809.0724010452673,767.7453418746545,0.05241830814775597,51.00765672143518,1.0075866197131518,2.6794650337566055,-1.6718784140434537,10.980648793592861,11.92085148014237,21.0698256960835,-0.10224215365895702
2025-06-27,790.7467068374075,795.1179273319369,788.4383398116579,791.1396484375,19375990,0.0,0.0,SBIN.NS,0.01047612157739275,0.010421627277927671,1.0460665328302645,788.0699798583985,779.0424938964844,747.2674761962891,760.6948275756836,783.7422455828877,774.6052139220466,788.0699798583985,808.2945530210288,767.8454066957681,0.05132684578662501,56.32270966671817,1.5946637958985548,2.4625047861849954,-0.8678409902864406,11.04729935901372,12.284235159468908,21.12470091615579,-0.0928371333136299
2025-06-30,794.6759369772839,806.4634663267615,792.7604514670988,805.824951171875,19652607,0.0,0.0,SBIN.NS,0.01856221308510886,0.01839203786793777,1.0840460557989697,788.3990478515625,779.8007702636719,747.8830206298828,760.947951965332,785.8453604008865,775.8295173436085,788.3990478515625,809.5806295069846,767.2174661961404,0.05373314874781551,63.87857516765238,3.207928880883969,2.61158960512479,0.596339275759179,11.61913613971903,13.323758078989009,21.265095186220233,-0.07599818287929927
2025-07-01,805.4811416394373,810.2944065895595,798.8506566320394,805.7758178710938,11456405,0.0,0.0,SBIN.NS,-6.097267242688442e-05,-6.097453133583801e-05,1.0839189859414868,788.9147521972657,780.1873266601563,748.5645184326172,761.2085345458985,787.743499207573,777.0038820701766,788.9147521972657,811.2890032861266,766.5405011084048,0.05672159387701822,63.83878361779596,4.4314059476236025,2.975552873624553,1.4558530739990494,11.906810545206667,12.763586844343896,21.210175188434928,-0.07605452173941646
2025-07-02,806.4634551919074,809.4594402026391,794.6759260051804,798.5068969726562,6661200,0.0,0.0,SBIN.NS,-0.009021021402258467,-0.009061957190209509,1.065119908168736,789.2290893554688,780.3187255859375,749.2219561767578,761.5004205322266,788.7685847090095,777.8471375565483,789.2290893554688,811.97246866087,766.4857100500675,0.057634417210786965,58.075049865430024,4.7596133106054594,3.3323649610207347,1.4272483495847248,11.889269591838636,13.119466039485683,21.261435678844826,-0.08438945367332518
2025-07-03,799.0962152227779,800.0785092795976,791.5325389943724,792.8095092773438,7020403,0.0,0.0,SBIN.NS,-0.007135051327562425,-0.007160627537278399,1.050385171626381,789.2831146240235,780.5085473632812,749.6466802978516,761.6716159057618,789.1534346678984,778.4338972318736,789.2831146240235,812.0566109695673,766.5096182784797,0.057706787142892256,53.962581774583,4.508022758208881,3.567496520458364,0.9405262377505168,11.11746584459535,13.301117398319606,21.299890231956844,-0.09092238191742347
2025-07-04,794.4303152499558,799.4399909377498,789.8626239223718,797.4754028320312,4319538,0.0,0.0,SBIN.NS,0.0058852643668976246,0.0058680138480490555,1.062452230415369,789.2241760253906,780.7926489257812,750.2446923828124,761.851215209961,789.9460030644825,779.1806229416837,789.2241760253906,811.901454183135,766.5468978676463,0.05746726683399214,56.66876826231046,4.63174220718156,3.7803456578030032,0.8513965493785567,11.152547740270368,13.273110296070806,21.31239657795203,-0.08557221980497796
2025-07-07,796.8369801203829,798.2613185459272,790.8941128494637,792.56396484375,4461783,0.0,0.0,SBIN.NS,-0.006158732884850804,-0.0061777761085703405,1.049750138040476,788.5758605957031,781.2625939941406,750.9264782714844,762.0317755126953,790.1953327577461,779.7054598790197,788.5758605957031,809.9968984872528,767.1548227041535,0.054328413947056,53.12852548692605,4.2840943894233305,3.881095404127069,0.40299898529626166,11.096417499260781,13.37079487709204,21.348927792997717,-0.09120393624568614
2025-07-08,793.5953947208753,799.1453201848503,791.0904969053553,798.2612915039062,5935770,0.0,0.0,SBIN.NS,0.007188475521063387,0.007162761586692562,1.0644847167320761,788.3597564697266,781.4863403320312,751.8101623535156,762.2535815429687,790.9635193049994,780.433139550584,788.3597564697266,809.2668301920837,767.4526827473694,0.053039424072022626,56.52172007436722,4.4173867513696905,3.9883536735755936,0.42903307779409694,11.17008867571157,13.499527826169006,21.27330854549959,-0.08467107798774948
2025-07-09,795.6581782931005,798.0648106998194,794.675884245825,796.5913696289062,4099112,0.0,0.0,SBIN.NS,-0.002091948955528,-0.0020941401371710267,1.060165920085205,788.1583862304688,781.7691333007813,752.6809991455078,762.4196124267578,791.4995050501334,781.0667956320867,788.1583862304688,808.641586844014,767.6751856169235,0.05197737148115727,55.258983505937564,4.338264358292236,4.058335810518922,0.2799285477733138,10.615797458367703,13.498707477946237,21.22364179319511,-0.08658589937011754
2025-07-10,796.9351619351286,801.0608089938022,792.613104027281,793.693603515625,12178137,0.0,0.0,SBIN.NS,-0.0036377071404014583,-0.0036443396867474006,1.0526716398072993,788.2590698242187,782.4542626953125,753.5777478027344,762.584635925293,791.7084668087516,781.5619645686961,788.2590698242187,808.8347415322647,767.6833981161727,0.05220535353341221,53.044416019917,3.9956741397697897,4.0458034763690955,-0.05012933659930585,10.212348550894992,13.55451968474901,21.183899048915073,-0.08990863236612225
2025-07-11,793.2515938303184,798.1630643635436,790.3047115103832,794.3321533203125,6202372,0.0,0.0,SBIN.NS,0.0008045293572469525,0.0008042058969808433,1.0543230744023124,789.0596435546875,782.99712890625,754.4611401367188,762.7925741577149,791.9583417146146,782.0627562844458,789.0596435546875,809.249500955705,768.8697861536699,0.051174477280482654,53.48677879605745,3.7326666978281082,3.9831761206608984,-0.2505094228327902,10.236903935416251,12.401186081904276,21.093834977292577,-0.0891764371430837
2025-07-14,795.4617558456557,801.0608442463658,793.6936384439774,794.528564453125,6938635,0.0,0.0,SBIN.NS,0.000247265746440517,0.00024723518130420597,1.0548310381307346,789.8626678466796,783.672958984375,755.3994598388672,762.9044766235352,792.2031248325679,782.551611506747,789.8626678466796,809.5500937644069,770.1752419289523,0.049850250478096596,53.63147947714198,3.4997373485219896,3.8864883662331167,-0.3867510177111271,9.60893876274424,12.390288483615537,20.724358614905782,-0.08895122167493821
2025-07-15,796.6405037947652,806.4634446553665,796.1493567517351,801.9940185546875,9297645,0.0,0.0,SBIN.NS,0.009396080185865907,0.00935221160547429,1.0741383953334172,791.0487884521484,784.8043200683594,756.4653961181641,763.071039428711,793.1355909013412,783.3140588419604,791.0487884521484,810.6541278714285,771.4434490328683,0.04956796522662531,58.86913373950537,3.872894597497634,3.88376961248602,-0.010875014988386056,9.872056661453152,12.61266425636616,20.72395136736133,-0.08039093430056075
2025-07-16,801.5519699633943,819.4297342255312,800.8643521159136,816.9739990234375,16458920,0.0,0.0,SBIN.NS,0.018678419192883933,0.01850611973540098,1.1128800217455104,793.0035522460937,786.1967626953125,757.6276885986329,763.3372982788086,795.405915484398,784.634056496136,793.0035522460937,814.7581560102627,771.2489484819247,0.054866346317242944,66.9390438690109,5.3161029114670555,4.170236272282228,1.1458666391848276,10.359700631767819,13.610832190785787,20.382013343726076,-0.06321409067785026
2025-07-17,823.5553655077234,827.5827471798666,811.7186740978348,814.32177734375,23073718,0.0,0.0,SBIN.NS,-0.0032463966819724632,-0.0032516776602117175,1.1060207750535098,795.1596893310547,787.6728991699218,758.7817553710937,763.548166809082,797.2074261376696,785.7982808431013,795.1596893310547,816.3557637588183,773.963614903291,0.053312748903544836,64.52517705640534,6.174666067206317,4.571122231267046,1.6035438359392709,10.622818185346025,13.660224868317556,20.170508639322424,-0.0662552693455923
2025-07-18,817.2686571434967,817.9071722636787,805.7267019494631,808.7717895507812,15387801,0.0,0.0,SBIN.NS,-0.006815472639172593,-0.006838804042944948,1.0916672480836036,796.49560546875,788.8406298828126,759.8658776855468,763.7274334716797,798.3087940817754,786.6992027532065,796.49560546875,817.5812565024045,775.4099544350955,0.052946057426758154,59.67566589317628,6.33422887448944,4.923743559911525,1.4104853145779153,10.398293358557039,13.635348068234284,20.220536302938147,-0.07261918100933902
2025-07-21,808.4280466091758,812.7010019745913,803.4674733809013,809.6068115234375,8852594,0.0,0.0,SBIN.NS,0.0010324568480808427,0.0010319242310804567,1.093826804257794,798.1655059814453,789.5936560058594,760.9352386474609,763.9818933105469,799.3847957428861,787.5975403520391,798.1655059814453,817.720826554156,778.6101854087347,0.04900066571698046,60.16080895943442,6.453668964914641,5.229728640912149,1.2239403240024922,10.240420403997755,13.416681611199985,20.220470832435637,-0.07166170033199336
2025-07-22,812.848378561757,813.3886283330482,799.5874080353719,800.5697021484375,7851163,0.0,0.0,SBIN.NS,-0.011162343555379484,-0.011225110029920252,1.0704547901232062,799.1281555175781,790.164013671875,761.9883770751953,764.1475936889649,799.4976439719862,788.1062525793488,799.1281555175781,817.015608170642,781.2407028645141,0.04476741941717385,52.762323046036144,5.752792288297314,5.334341370389183,0.4184509179081317,10.170256554013292,13.775803255092512,20.301255950994666,-0.0820241313685045
2025-07-23,798.113968917551,810.5891161764496,797.1316748019602,806.1196899414062,15470390,0.0,0.0,SBIN.NS,0.006932547881932871,0.0069086282575289495,1.0848083170931124,800.1399230957031,790.8655932617188,763.1509405517578,764.3547662353516,800.1283150166929,788.8126618876648,800.1399230957031,817.140381046366,783.1394651450403,0.04249371256189515,56.315400804297035,5.580847567443016,5.383642609799949,0.19720495764306634,10.521075917532162,13.90146714562064,20.321215736939084,-0.07566021970475778
2025-07-24,805.4811769361788,807.3966624575928,796.29675091266,801.25732421875,10118309,0.0,0.0,SBIN.NS,-0.006031816097941567,-0.006050080984657181,1.0722331367249476,801.0559143066406,791.3341479492187,764.3178430175781,764.5253491210938,800.2358397026031,789.300687861433,801.0559143066406,816.004023759109,786.1078048541722,0.037321013890539385,52.58369372376249,4.994652613770427,5.305844610594045,-0.3111919968236183,10.629829098214648,13.611291418235869,20.278610643383928,-0.08123566727151041
2025-07-25,800.569684169264,804.6953313423805,791.2378903047143,792.269287109375,6734439,0.0,0.0,SBIN.NS,-0.01121741647496155,-0.011280806182784412,1.048988034597088,801.1123962402344,791.6180310058594,765.4622723388671,764.7761764526367,799.47712040801,789.417103518215,801.1123962402344,815.9105260758727,786.3142664045961,0.03694395419441416,46.45566281610714,3.7614695317831774,4.996969594831872,-1.2355000630486943,11.064845908300558,13.074245778503538,20.37393718962192,-0.091541829434066
2025-07-28,792.269295178368,794.6268250025805,781.906104403612,783.0357666015625,7734158,0.0,0.0,SBIN.NS,-0.011654522847277526,-0.011722969124205233,1.0251080567340778,799.9729370117187,791.6602709960938,766.6597735595703,764.9288363647461,797.9112771883483,789.1668550116796,799.9729370117187,816.6353187833681,783.3105552400693,0.04165736364505367,41.15013856574884,2.0158575662777594,4.4007471891210495,-2.38488962284329,11.398124288262952,13.55049016054554,20.449426851772014,-0.10212947593872264
2025-07-29,782.1025562450097,785.8352617474154,779.057408633055,785.0494384765625,7833759,0.0,0.0,SBIN.NS,0.002571621835027349,0.0025683208736013543,1.0303158688310647,798.9366180419922,791.9264721679688,767.814818725586,765.0147686767579,796.6863401681783,789.005387696577,798.9366180419922,816.6258912237247,781.2473448602598,0.04428204386246497,42.68739342069324,0.7858749216079559,3.677772735618431,-2.891897814010475,11.626156135140036,13.566461209414499,20.449019049281585,-0.09982049249401916
2025-07-30,784.8038487430033,789.1750692870572,782.1025400865564,787.4560546875,8743723,0.0,0.0,SBIN.NS,0.0030655600691946727,0.0030608708209296847,1.0365399240864055,798.3840759277343,792.2123205566406,768.7941168212891,765.1141787719727,795.8072653604946,788.9446295393584,798.3840759277343,816.8050991066077,779.963052748861,0.04614576801890212,44.55159264097351,0.005238246210865327,2.9432658377369183,-2.938027591526053,11.527929294710011,13.58695025485597,19.856825339750383,-0.09706093814070144
2025-07-31,781.0220116677076,789.5679822929258,778.5171737140591,782.4463500976562,11359112,0.0,0.0,SBIN.NS,-0.006361884653781513,-0.006382207682986607,1.0235836919965466,797.86591796875,792.4343188476563,769.5856146240235,765.1757809448242,794.5347972402243,788.6897950514485,797.86591796875,817.4908350463071,778.2410008911928,0.04919352145663601,41.52377994878278,-1.0060659339449103,2.1533994834005528,-3.159465417345463,11.755961846546167,13.473267234810264,19.878581497055524,-0.102805332301644
2025-08-01,781.6114403088707,786.8175871342196,777.9769400877676,779.9415283203125,15468391,0.0,0.0,SBIN.NS,-0.0032012696807022234,-0.003206404706483323,1.0171056548769948,796.989224243164,792.5030798339844,770.3356939697265,765.1988592529297,793.1449621049946,788.3467257678747,796.989224243164,818.190822561052,775.7876259252761,0.05320422829561185,40.05788390975646,-1.9867479726134434,1.3253699921977535,-3.312117964811197,11.861207649693565,12.880003482768181,19.879677738471393,-0.10567749438903445
2025-08-04,780.4326243068729,783.0848302381428,772.62337460265,781.6113891601562,8820724,0.0,0.0,SBIN.NS,0.002141007728412525,0.002138719037520378,1.0214242936731108,796.4415954589844,792.5286181640626,771.0957305908203,765.2326940917969,792.0465265864386,788.0825949205131,796.4415954589844,818.6656168807651,774.2175740372036,0.055808289141335496,41.539570749054704,-2.59923932653885,0.5404481284504328,-3.139687454989283,11.755963037782944,12.699182798813045,18.9384750056989,-0.10376274299282803
2025-08-05,783.8706809392065,789.8135481709712,782.2007690014489,786.4246215820312,7381537,0.0,0.0,SBIN.NS,0.006158088902781689,0.006139205358025994,1.0338724041837923,795.8497619628906,792.6641735839844,771.9409735107422,765.2867434692383,791.5111070622094,788.0175763582197,795.8497619628906,818.4961605052107,773.2033634205706,0.056911240348843734,45.70558496922212,-2.665528948222004,-0.10074728688405454,-2.5647816613379497,11.015732816439895,12.681493821629525,18.874752931506926,-0.0982436342861926
2025-08-06,786.7684568691343,795.8546771264834,784.8529714185823,790.8941040039062,7409396,0.0,0.0,SBIN.NS,0.0056832941126434555,0.005667205126833488,1.045431499244358,795.5648986816407,792.8331286621094,772.8217639160156,765.3361776733399,791.4523448661805,788.1303813639329,795.5648986816407,818.3151103176702,772.8146870456111,0.05719259779743871,49.31737839159775,-2.3305489549385356,-0.5467076204949508,-1.7838413344435848,10.668420861144837,12.675336349945757,18.78038999408076,-0.09311868764189257
2025-08-07,786.915765008732,792.3675451267196,779.3521485418682,790.8941040039062,7091392,0.0,0.0,SBIN.NS,0.0,0.0,1.045431499244358,795.4249237060546,792.9863671875,773.7680346679688,765.3405932617187,791.3991790697735,788.2387626439319,795.4249237060546,818.2579115341351,772.5919358779742,0.05741079301789218,49.31737839159775,-2.0415412798025727,-0.8456743523564753,-1.1958669274460973,10.72805845190453,12.61917445726432,18.70458162546865,-0.09311868764189257
2025-08-08,790.7467609363763,793.4971724617818,776.0123492419096,790.0591430664062,15708181,0.0,0.0,SBIN.NS,-0.0010557177418228925,-0.0010562754043221044,1.0432721009209223,795.2112731933594,792.8292004394531,774.6597344970703,765.3718893432617,791.2715565932624,788.31015011148,795.2112731933594,818.166950653802,772.2555957329167,0.05773478881469746,48.61667966144998,-1.8584519079175834,-1.0482298634686968,-0.8102220444488866,11.31743663948897,12.253775732353757,18.70463581512673,-0.0940760983330766
2025-08-11,793.6936009259229,810.392599955305,793.6936009259229,808.8700561523438,15236297,0.0,0.0,SBIN.NS,0.02380949989759995,0.023530474054361237,1.0919213877985676,795.9283477783204,793.0217297363281,775.7848016357422,765.6106283569336,792.9476041703178,789.1164209366119,795.9283477783204,819.6765319655759,772.1801635910648,0.05967417608266878,61.7886812972211,-0.19324122043531133,-0.8772321348620198,0.6839909144267085,11.784024967433425,13.015794579618229,19.098036169439105,-0.07250650328910464
2025-08-12,810.3435108131079,810.8837605645641,805.481143141057,806.0704956054688,7986728,0.0,0.0,SBIN.NS,-0.0034610757631355904,-0.0034670791419566175,1.084681089384873,796.1321716308594,793.2339050292969,776.8818731689453,765.8565548706055,794.197403354618,789.7812866099005,796.1321716308594,820.1677904418714,772.0965528198474,0.06038097609289061,59.3502159618207,0.8902864394702874,-0.5237284199955584,1.414014859465846,11.20868039950612,13.058002823054302,19.09725245628178,-0.0757166285510366
2025-08-13,808.0842230461906,810.3434873670307,806.1196349490305,807.29833984375,4447508,0.0,0.0,SBIN.NS,0.0015232467197041633,0.001522087756195253,1.087856573015908,795.648388671875,793.53546875,777.7798547363282,766.067453918457,795.4451115916781,790.468229873973,795.648388671875,818.2653256868075,773.0314516569424,0.056851587552852474,60.094062377138805,1.8270060958465137,-0.05358151682714396,1.8805876126736578,10.72104327212248,12.776443985044098,19.089520906253448,-0.07430871693739997
2025-08-14,807.4457350525524,813.3394995419872,804.5970582342032,811.9151611328125,7087573,0.0,0.0,SBIN.NS,0.005718853936892865,0.005702563371118547,1.0997967197981677,795.5280578613281,793.9391918945313,778.6811529541015,766.3669183349609,797.0136877384527,791.3092860017706,795.5280578613281,817.7488190943374,773.3072966283188,0.05586417980717578,62.84704142315779,2.9083761163985855,0.538810009818002,2.3695661065805833,10.384257577130882,12.660648842079707,18.913466392337455,-0.06901482369891002
2025-08-18,821.1978592084581,823.1624473883827,810.5399923141568,812.9957275390625,6138124,0.0,0.0,SBIN.NS,0.0013308858584957228,0.0013300010149084195,1.102591309558263,795.7392547607421,794.2260229492188,779.5581085205079,766.6183413696289,798.5357867670823,792.1597346895076,795.7392547607421,818.5621498385511,772.9163596829331,0.05736274776257265,63.482028825053376,3.808658482669898,1.1927797043883812,2.615878778281517,10.37723861107783,12.570951557206964,18.315099025095865,-0.06777578869330167
2025-08-19,812.8483446933888,816.2863739458684,811.1784327798614,815.697021484375,5076681,0.0,0.0,SBIN.NS,0.0033226422400636224,0.0033171344612162104,1.1095774682569917,796.0437652587891,794.4293579101562,780.1963006591797,766.6875494384766,800.1701900734911,793.0827655442083,796.0437652587891,819.7895697763751,772.2979607412032,0.05965954525092306,65.08840220331945,4.686092235555066,1.8914422106217184,2.7946500249333472,10.257959186195446,12.422683260082849,17.712366280676708,-0.06467834115160409
2025-08-20,814.0271315534591,817.1704846600775,812.7501612160911,814.272705078125,4493888,0.0,0.0,SBIN.NS,-0.0017461341266860053,-0.0017476603958527525,1.1058938630467803,796.7289154052735,794.66314453125,780.8968048095703,766.7989877319336,801.5132867405991,793.9137435651462,796.7289154052735,821.7794827090021,771.6783481015449,0.0628835399829466,63.50223779126688,5.206516890045691,2.554457146506513,2.652059743539178,10.068515917872983,12.304552269111296,16.67230075488296,-0.06631153821954786
2025-08-21,814.272717098252,818.4965697939625,809.4594519619582,811.0802612304688,4402511,0.0,0.0,SBIN.NS,-0.003920607712559865,-0.003928313442334276,1.0976374793254866,796.9769439697266,794.8723742675782,781.6506060791015,766.9052969360351,802.4244271682057,794.5869403363354,796.9769439697266,822.5125372831008,771.4413506563524,0.0640811343579951,59.97437415811491,5.300255592867188,3.1036168357786478,2.1966387570885404,9.924680864525678,12.351816484566418,16.521953073004763,-0.0699721644039324
2025-08-22,809.4103255407733,811.3749137095616,801.2572966311966,801.7975463867188,5097647,0.0,0.0,SBIN.NS,-0.011444878253685342,-0.011510874905108102,1.073630273754239,797.003955078125,795.0747265625,782.2316546630859,766.9603778076172,802.3647242366355,794.8697092010563,797.003955078125,822.5597473289741,771.448162827276,0.06412964976652852,51.08706761294411,4.572794354347252,3.397452339492369,1.1753420148548832,10.015893009662323,12.785853900747671,16.541628693128175,-0.08061621975486787
2025-08-25,802.9763126407477,805.9722976123364,799.7838568610522,801.9940185546875,5672898,0.0,0.0,SBIN.NS,0.00024503962235122856,0.0002450096050464868,1.0741383953334158,797.4901916503907,795.548193359375,782.8223712158203,766.9747930908203,802.3294189335928,795.1490938815908,797.4901916503907,823.0367357202676,771.9436475805137,0.06406735615646605,51.25172242296859,3.9664074674319636,3.511243365080288,0.4551641023516755,9.710677660790282,12.785229417836097,16.45886857953751,-0.08039093430056075
2025-08-26,800.4223233479629,801.404617447895,792.4657651203016,793.5462646484375,6997817,0.0,0.0,SBIN.NS,-0.010533437545424684,-0.010589306875751386,1.052290588085604,798.0157165527344,795.8497570800781,783.3266845703125,766.8538034057617,801.4929280492923,795.0862378332318,798.0157165527344,822.729121052433,773.3023120530357,0.061937137294627534,44.34020621914444,2.772221902912179,3.3634390726466665,-0.5912171697344877,9.805398691045346,13.168890003134258,15.62899346525152,-0.09007757896031218
2025-08-28,792.9568789424643,796.6404816628535,786.4737621363677,787.750732421875,7898436,0.0,0.0,SBIN.NS,-0.007303332502144766,-0.007330132400401043,1.0373020275297926,798.15078125,796.0393395996093,783.7321166992188,766.6768734741211,800.1841475133479,794.7985709543551,798.15078125,822.5938597103801,773.7077027896199,0.06124927528630441,40.322744865309566,1.3426925006377814,2.9592897582448896,-1.6165972576071082,9.745756820944264,13.021193948840445,15.155872438285103,-0.09672304495232158
2025-08-29,786.5228982350536,792.4166628378574,784.3618392231308,788.291015625,6861440,0.0,0.0,SBIN.NS,0.0006858555389266385,0.0006856204475028623,1.0386993224098404,798.192529296875,796.2475854492187,784.111655883789,766.4795339965821,799.0514682858861,794.5433727061452,798.192529296875,822.5614367768299,773.8236218169202,0.06106022440831741,40.860696251066805,0.2504890079295592,2.4175296081818236,-2.1670406002522644,9.391430180221066,11.686396794135542,15.111077030936226,-0.0961035274495174
2025-09-01,788.8803576581267,793.9882989038185,788.4383732823478,791.7781372070312,5619805,0.0,0.0,SBIN.NS,0.004423647501889283,0.004413891932830469,1.047717809574522,798.6591186523438,796.6591674804688,784.6392132568359,766.3788333129883,798.3587700879,794.4349320983368,798.6591186523438,822.0982020719432,775.2200352327443,0.0586960891629223,44.34766374462897,-0.3299056138071137,1.8680425637840363,-2.19794817759115,8.549463041574379,11.7787272651693,15.015898437594466,-0.09210500807675298
2025-09-02,792.0237296591938,796.1493769160325,788.4383921269514,789.666259765625,5075460,0.0,0.0,SBIN.NS,-0.0026672590996965617,-0.0026708225731307393,1.0422560156133236,799.1453552246094,796.8114233398437,785.3435400390625,766.2459063720703,797.5309119619691,794.2479253401913,799.1453552246094,821.3188353678677,776.9718750813511,0.05549298384403718,42.705407701316346,-0.9493399923875359,1.304566052549722,-2.253906044937258,7.647857891587405,11.658713385195371,15.023332951698839,-0.0945265992555292
2025-09-03,790.0590972888992,798.8997437933355,788.7821270069304,797.7701416015625,4261589,0.0,0.0,SBIN.NS,0.010262413691503935,0.01021011264309925,1.0632144917095099,799.9532928466797,797.2426501464844,785.9199444580078,766.2543692016602,797.5536957371685,794.3860514680881,799.9532928466797,820.5588428677579,779.3477428256015,0.051516882811375606,50.30957868876251,-0.7773696298058894,0.8881789160785998,-1.6655485458844892,7.984643560365831,12.08196977099142,14.795326952062402,-0.08523425663043646
2025-09-04,800.2258915459101,802.2886851199853,793.6936119705517,795.06884765625,4471950,0.0,0.0,SBIN.NS,-0.003386055461902293,-0.003391801121445493,1.0562283330107811,800.3855041503906,797.5176928710938,786.7235565185547,766.3362319946289,797.3170435389858,794.4128277891925,800.3855041503906,820.1413454549837,780.6296628457975,0.04936581485334104,48.02166879069193,-0.8492639381806839,0.5406903452267431,-1.389954283407427,8.293363659499521,11.687327527179113,14.288470399974857,-0.08833170417213404
2025-09-05,797.1316242177459,798.1139182710025,789.4206398814698,792.318359375,5194842,0.0,0.0,SBIN.NS,-0.0034594340972584625,-0.003465431775772529,1.0491149466038148,800.4567169189453,797.6463732910156,787.3874792480469,766.4255276489258,796.8409783805109,794.3306917729498,800.4567169189453,820.0783147656072,780.8351190722834,0.049026005858724686,45.74072832763616,-1.1153253368283913,0.2094872088157162,-1.3248125456441076,8.289852022481577,11.522872650537403,14.265344948168176,-0.09148556056011045
2025-09-08,793.6936078879036,799.4400042107487,792.5148430140074,794.4794311523438,4614227,0.0,0.0,SBIN.NS,0.00272752959940048,0.002723816640480573,1.0547039682732504,800.6359832763671,797.8772119140625,787.9800872802734,766.4772399902344,796.6160691206854,794.3365246897887,800.6359832763671,819.952871908918,781.3190946438162,0.04825386077078928,47.837166003934435,-1.1386745491222428,-0.060145142771875576,-1.0785294063503672,7.896937005447496,11.440135773948267,13.362758233355521,-0.0890075605350554
2025-09-09,797.6228148719179,797.966593827573,791.3361086054234,794.528564453125,4567272,0.0,0.0,SBIN.NS,6.184338933734601e-05,6.184147711378216e-05,1.0548310381307333,800.8594543457032,797.944990234375,788.4937420654297,766.5836050415039,796.4172591523464,794.3440556609,800.8594543457032,819.7600676194076,781.9588410719988,0.047200824492097816,47.88646634811396,-1.140072277790182,-0.27613056977553685,-0.8639417080146451,8.005690152314823,10.958115770328023,13.262319580231189,-0.08895122167493821
2025-09-10,797.622777526262,809.9996587129843,796.0511310104619,803.7130126953125,7285853,0.0,0.0,SBIN.NS,0.011559619947093092,0.011493318001440968,1.0785841039870152,800.6016021728516,797.9027514648437,788.8517608642578,766.843021850586,797.1120928231051,794.711465740681,800.6016021728516,819.1800328706672,782.023171475036,0.046411175414571584,56.21673053667357,-0.39551254984519346,-0.30000696578946817,-0.09550558405572529,8.795030924877178,10.855987689899795,13.306607268177704,-0.07841984404423713
2025-09-11,804.5970423736838,811.0802191569468,804.4988369492515,809.0665283203125,7425055,0.0,0.0,SBIN.NS,0.006660979156037916,0.006638892857712697,1.0924295093777445,800.7514038085938,797.9685656738282,789.0779461669922,766.9592440795899,798.2506104895058,795.2744093712548,800.7514038085938,819.5623652427796,781.9404423744079,0.04698327432138302,60.20936715796096,0.6194003073748036,-0.11612551115661382,0.7355258185314174,8.675751541279315,10.975023715523207,12.8704127510791,-0.07228121783479753
2025-09-12,809.5085114612542,811.1784233553801,805.2846589910332,808.96826171875,5078018,0.0,0.0,SBIN.NS,-0.00012145676297659058,-0.00012146413944651445,1.0921753696627787,800.8348999023438,798.17779296875,789.2482592773438,766.9382348632812,799.2713391780052,795.8114231888036,800.8348999023438,819.7825465185299,781.8872532861576,0.04731973249042139,60.10102810278678,1.3996623292046024,0.18703205691562946,1.212630272288973,8.374047775992308,10.962470211002085,12.868608999915226,-0.07239389555503191
2025-09-15,808.9682688172991,813.1430186120108,806.561636356512,810.1470336914062,3852494,0.0,0.0,SBIN.NS,0.001457130061137235,0.0014560694772771106,1.0952239412870854,800.7464935302735,798.5245434570312,789.5165454101563,766.9474340820312,800.3071196078529,796.3736039928273,800.7464935302735,819.491882108037,782.00110495251,0.04681978311293047,61.007410794212106,2.089061252055899,0.5674378959436834,1.5216233561122154,8.402115026293343,10.743073256459976,12.755700282618568,-0.07104225281535081
2025-09-16,810.4908511172532,818.2509986153229,807.1019843806856,816.82666015625,9467531,0.0,0.0,SBIN.NS,0.008244955776000706,0.008211151809161118,1.1124989700238155,800.9380401611328,798.9115686035157,789.8521087646484,767.0155499267578,801.8804091838907,797.1756846266869,800.9380401611328,820.2792684958538,781.5968118264118,0.048296440835373294,65.75481753287329,3.13822934262987,1.0815961852809208,2.0566331573489496,8.517883654882732,10.848904112763313,12.644798522227996,-0.0633830372720402
2025-09-17,819.5279331306582,842.9556827448961,816.2863746805828,841.973388671875,17243938,0.0,0.0,SBIN.NS,0.030785881193954534,0.030321502761984306,1.17753411233732,802.2518585205078,799.8997570800781,790.5811755371094,767.1865292358399,805.6987881827464,798.9324573343414,802.2518585205078,828.2415111707242,776.2622058702914,0.06479175429557953,77.07228303232537,5.930470670193358,2.051371082263408,3.87909958792995,9.696639979013266,13.76575890845673,12.775610101575788,-0.034548458733254676
2025-09-18,843.4468127830675,845.5587090248177,836.0304447176452,839.222900390625,10400847,0.0,0.0,SBIN.NS,-0.0032667164048837405,-0.0032720637716482925,1.1704207259303536,803.4993682861328,800.7189892578125,791.1026647949219,767.343274230957,808.891560773973,800.5124747090977,803.4993682861328,833.933685086912,773.0650514853537,0.07575442620619763,74.1844276931393,7.831128250034453,3.2073225158176175,4.623805734216836,9.801885742759405,13.820146245945306,12.794756456894966,-0.03770231512123108
2025-09-19,836.9145788068039,849.1441524246292,834.262372728141,847.081298828125,15206426,0.0,0.0,SBIN.NS,0.009363898952045036,0.009320329426160094,1.1907443262913895,805.2994201660156,801.7287878417969,791.7489605712891,767.5515887451172,812.5286786838923,802.3387031059223,805.2994201660156,841.3601504689119,769.2386898631192,0.08955856517433546,76.85301033865827,9.857884596775648,4.537434932009224,5.320449664766424,10.457921201164377,13.941290797104768,12.86562244530678,-0.028691456838239374
2025-09-22,846.7374795324375,852.8277146939828,838.8791270541783,840.1069946289062,6594034,0.0,0.0,SBIN.NS,-0.008233335110652495,-0.008267416210500976,1.1727071941112719,807.214892578125,802.6570556640625,792.5556591796875,767.6405325317382,815.1551849643697,803.8198125774118,807.214892578125,846.4247482435437,768.0050369127064,0.0971484942260869,69.94276854612556,10.777103797313089,5.785368705069997,4.991735092243092,10.903464261930335,14.261270446525142,12.891750878978877,-0.03668856556992986
2025-09-23,839.4684757773939,858.7705779481222,836.1287119616596,855.1851806640625,14357863,0.0,0.0,SBIN.NS,0.017947935360086653,0.017788772773363475,1.2117028023875762,809.8744506835938,803.8741162109375,793.4356225585938,767.7771823120117,818.9675655071976,805.8341407376727,809.8744506835938,854.4428764634309,765.3060249037566,0.11006255535587806,75.14588512045576,12.577292042164459,7.14375337248889,5.433538669675569,11.79805349050587,14.948342046555524,13.203419199916627,-0.019399114213146634
2025-09-24,860.4896293435494,864.9099527819579,849.1441445091953,850.8631591796875,12840160,0.0,0.0,SBIN.NS,-0.005053901286056983,-0.005066715437698957,1.2005250747502139,812.7402954101562,805.0008081054688,794.3368835449219,767.8645367431641,822.0052410950537,807.5999845981439,812.7402954101562,860.1674472679705,765.313143552342,0.11670924187136489,71.33405114321928,13.499588331631799,8.414920364317473,5.084667967314326,12.31024885645795,13.692091848891447,13.235758518669789,-0.024354974290933452
2025-09-25,851.2069400560208,854.7432347874252,844.7238229801568,845.902587890625,8678821,0.0,0.0,SBIN.NS,-0.005830045919305027,-0.005847106980512798,1.187695912517838,815.6478881835938,805.8789794921875,795.3416497802734,767.935754699707,824.2811788851081,809.1020474723589,815.6478881835938,863.7497919710123,767.5459843961752,0.11794771857875842,67.12538004558084,13.672628588564066,9.466462009166792,4.206166579397275,12.404972672010501,13.786936021580601,13.110623613892237,-0.03004302959175882
2025-09-26,846.7374895737396,849.0458566598143,837.8968429308584,841.7769165039062,6959545,0.0,0.0,SBIN.NS,-0.004877241712910041,-0.0048891742707292875,1.177025990758143,818.3221832275391,806.3750378417968,796.2859002685547,768.0133074951171,825.947439610708,810.3834148853607,818.3221832275391,865.9651713746051,770.679195080473,0.1164406614498892,63.756244768195835,13.323274621253631,10.23782453158416,3.0854500896694717,12.692641878668155,13.91604891293506,13.147335521042802,-0.034773744187561795
2025-09-29,842.8574336077328,858.0338893192718,840.8437427101278,855.3325805664062,22641712,0.0,0.0,SBIN.NS,0.01610363006721527,0.0159753420524907,1.212084011960025,821.4999053955078,807.19525390625,797.434076538086,768.1131387329101,828.7460244636316,812.1461272650096,821.4999053955078,870.1555867028071,772.8442240882084,0.11845571980650264,69.22235008177739,13.97909557354592,10.986078739976513,2.9930168335694063,13.446903406310614,14.506980611439646,13.375673914456316,-0.019230097632795068
2025-09-30,854.5467671830805,862.0612811008727,852.2383400675699,857.0025024414062,12831593,0.0,0.0,SBIN.NS,0.0019523655627546876,0.0019504621741136814,1.216402808606896,824.8667175292969,808.1598681640625,798.5002490234375,768.2497271728515,831.437117604372,813.9052008013389,824.8667175292969,873.5663937641398,776.1670412944541,0.11807889735377324,69.82607166206304,14.466822616526542,11.682227515286518,2.784595101240024,13.04346389012801,14.50643436144648,13.343958676325027,-0.017315276250427003
2025-10-01,856.8551164386336,860.9316608640574,847.5233226519999,848.80029296875,10832384,0.0,0.0,SBIN.NS,-0.00957081157790085,-0.009616906139046368,1.1951900349449893,827.4182250976562,808.9437377929687,799.2686968994141,768.3833410644531,833.0907533533605,815.2736357882961,827.4182250976562,875.4834559920598,779.3529942032526,0.11618122356135122,63.26213371866134,14.029773559886053,12.151736724206426,1.8780368356796266,13.474973300872525,14.865601052977603,13.447257150702473,-0.026720366581915758
2025-10-03,849.8317681995126,857.5427529354124,848.5056351862063,851.9436645507812,8019442,0.0,0.0,SBIN.NS,0.0037033111417021924,0.003696470767816417,1.2033195066595548,830.2619659423829,809.9712170410156,800.0676153564453,768.494875793457,834.8862687054957,816.711676131923,830.2619659423829,876.9795794789262,783.5443524058395,0.11253704361494354,64.63421460213021,13.778226037040326,12.477034586773208,1.301191450267119,13.699498542648184,14.850265609617313,13.451266650351728,-0.02311600927148675
2025-10-06,852.6312903204407,859.8020253564342,847.5233489405293,858.5741577148438,7820352,0.0,0.0,SBIN.NS,0.007782783580600583,0.007752653947773438,1.220467465538802,833.574755859375,811.0203063964843,800.9429498291015,768.6424517822265,837.1422581349574,818.3533420763513,833.574755859375,878.3182695958272,788.8312421229228,0.10735333195239055,67.39999822474581,13.953056053174464,12.77223888005346,1.1808171731210049,14.106448125534339,14.862960091998492,13.492169440046297,-0.015513132588293317
2025-10-07,858.67240059065,861.4719147583033,847.7197975329713,849.3897094726562,9242580,0.0,0.0,SBIN.NS,-0.010697326677793995,-0.010754954420478573,1.19671439968252,836.3202697753907,811.9829541015625,801.6585510253906,768.7941793823243,838.3086820718811,819.5704545232652,836.3202697753907,877.5649211355005,795.0756184152808,0.09863362840933383,60.35849738016728,13.198359413410685,12.857462986724904,0.3408964266857808,14.292384053441108,14.80592719151333,13.635051439358287,-0.0260445102189944
2025-10-08,851.4524964349083,852.434790514772,842.0715999631051,843.0538940429688,7156112,0.0,0.0,SBIN.NS,-0.007459256168315331,-0.007487215543808824,1.180328544246661,838.7465362548828,812.9986462402344,802.3083386230469,768.9739312744141,838.7606070215086,820.4913737201164,838.7465362548828,875.0533739292166,802.439698580549,0.08657403900932635,56.01124637177672,11.951243044123203,12.676218998204565,-0.7249759540813621,13.127661373966362,15.050088693431993,13.36830941198334,-0.03330949371380797
2025-10-09,846.3445463246103,850.4701934075276,842.906517081258,846.835693359375,7020501,0.0,0.0,SBIN.NS,0.004485833400602823,0.004475802038113526,1.1901091348547301,840.9026702880859,814.2746447753906,802.9674578857422,769.1983514404296,839.5296628632101,821.524484294205,840.9026702880859,873.3680173339957,808.4373232421761,0.07721546902636764,57.957697206020505,11.139643064433244,12.3689038114503,-1.2292607470170562,12.987333661044724,14.611587895454669,13.382726464038802,-0.028973081152663685
2025-10-10,846.8357087276893,868.1023997007326,846.0498854486992,865.0573120117188,13713015,0.0,0.0,SBIN.NS,0.021517301166249947,0.0212890721524232,1.2372343726963546,843.7022094726562,815.8748022460937,803.9006372070312,769.6140274047851,841.9608675440204,823.2316540086173,843.7022094726562,874.2055397234234,813.1988792218891,0.0723082858105416,65.80819163601885,11.83040305187808,12.261203659535855,-0.43080060765777617,13.49952898644081,15.35003110779027,13.79668630775516,-0.008079202499289815
2025-10-13,863.4365156616575,872.3753680081057,860.4896333556451,867.3165893554688,11923143,0.0,0.0,SBIN.NS,0.0026117082791843327,0.0026083036956808105,1.2430773762300014,846.6196258544921,817.4720129394532,804.8421667480469,769.9969439697265,844.3756981927297,824.9604750026115,846.6196258544921,874.1518765572918,819.0873751516925,0.0650404263308008,66.63996365482186,12.417004618729266,12.292363851374537,0.12464076735472851,13.352182344487678,15.333085629531842,13.772810221901347,-0.0054885947401620274
2025-10-14,867.3656576175208,868.4953197717444,856.6586283491738,861.4227905273438,7681973,0.0,0.0,SBIN.NS,-0.006795441134712865,-0.0068186352808435975,1.2278346759592242,849.1834136962891,819.0515417480469,805.7429302978516,770.3942065429687,845.9992307960263,826.3903697290716,849.1834136962891,871.4641180218308,826.9027093707474,0.05247559941982195,62.37694915684839,12.264927824489064,12.286876645997442,-0.021948821508377847,12.580384161352542,15.599919645883775,13.832568819197435,-0.012246738452405806
2025-10-15,862.552413904726,871.7860023052981,861.5210171041608,870.4107666015625,8269225,0.0,0.0,SBIN.NS,0.010433873091187262,0.010379815929254946,1.2510796202363292,851.8626190185547,820.8609265136719,806.6820031738281,770.8344830322266,848.3241389679821,828.1166598025026,851.8626190185547,870.319508580522,833.4057294565874,0.043333019080545564,65.95380862234776,12.72299762609623,12.3741008420172,0.3488967840790309,12.194484411723376,15.658526781385948,13.862254313504588,-0.001940646276011844
2025-10-16,872.5718005367993,876.0589324550273,866.8254042739779,871.2457275390625,8493686,0.0,0.0,SBIN.NS,0.0009592722993996272,0.0009588124917577576,1.253239018559765,853.3262359619141,822.65361328125,807.5911157226562,771.3405633544921,850.5071474033232,829.8079957921716,853.3262359619141,873.0783001917769,833.5741717320514,0.046294285579060374,66.27457894565272,13.003499367371319,12.499980547088024,0.5035188202832952,12.138349866993442,15.530544205905858,13.802228287113206,-0.000983235584827812
2025-10-17,871.7859901135612,878.9076221454748,867.3656667834078,873.4067993164062,8511854,0.0,0.0,SBIN.NS,0.002480438880828606,0.002477367669893469,1.2588280402292007,855.0354309082031,824.3932568359374,808.528715209961,771.9120971679688,852.6880666331407,831.517752793122,855.0354309082031,875.5502891922908,834.5205726241154,0.04798598407155412,67.13758305616213,13.24747085212016,12.649478608094451,0.5979922440257077,12.166417126501374,15.413989685269131,13.782922085072924,0.0
2025-10-20,878.7602670499772,897.4730173879747,875.273135028841,891.431884765625,13546463,0.0,0.0,SBIN.NS,0.020637674750559,0.02042760328207392,1.3054449986408936,857.2529602050781,826.4040124511719,809.6185705566406,772.5417379760743,856.3779540743298,833.8673265959652,857.2529602050781,883.0544987641606,831.4514216459957,0.06019585759822876,73.2793729237849,14.725546827834137,13.06469225204239,1.6608545757917472,12.657565088103118,16.079537826746265,14.156757417765457,0.0
2025-10-21,891.9230028558147,893.8875909678319,890.3513563479894,891.775634765625,1783576,0.0,0.0,SBIN.NS,0.00038561555389104996,0.0003855412233214172,1.3063340140910098,859.836392211914,828.4216430664062,810.7040051269531,773.1815234375,859.749161759215,836.1382406418343,859.836392211914,888.5876507351068,831.0851336887213,0.06687611453437238,73.38154409439491,15.743192713902317,13.600392344414377,2.14280036948794,12.208514629998806,16.109759320958293,14.001411860651691,0.0
2025-10-23,895.8522005767054,901.7459650541837,888.7796712128369,895.41015625,13382769,0.0,0.0,SBIN.NS,0.004075600793163936,0.004067318029450071,1.3157337108281402,861.8476409912109,830.5286633300781,811.6789318847656,773.8009631347657,863.1454469488135,838.4626294892133,861.8476409912109,894.5809239166036,829.1143580658182,0.07596071827207453,74.49211279182359,16.651017355998192,14.210517346731141,2.4405000092670512,12.176940032090897,16.068443882271573,13.663576814670671,0.0
2025-10-24,894.8207940870866,897.9149844315482,884.9978533977383,888.4849853515625,5313227,0.0,0.0,SBIN.NS,-0.007734076780455901,-0.007764139859369622,1.2978236485055055,863.7287322998047,832.1209619140625,812.5713458251953,774.4233322143555,865.5587363205038,840.4242905034231,863.7287322998047,898.0878000105793,829.3696645890302,0.0795598581496495,68.61767254702376,16.620085509833302,14.692430979351574,1.9276545304817283,12.454083838134027,16.255904760282665,13.750701531285081,-0.007734076780455884
2025-10-27,890.8916307113675,911.5689091709564,889.9584393414725,906.411865234375,9150761,0.0,0.0,SBIN.NS,0.020176908083279654,0.019976051554656638,1.3441866250529872,866.7541961669922,834.1277893066406,813.6808471679688,775.2171875,869.4495105027773,843.0120385320879,866.7541961669922,904.9465102647121,828.5618820692723,0.08812720899792817,74.27349625570682,17.836512965628344,15.321247376606928,2.515265589021416,13.22588722409753,16.948847056795422,14.097257581142978,0.0
2025-10-28,910.6848024520077,919.2798755091706,901.4512742261386,913.779052734375,22066289,0.0,0.0,SBIN.NS,0.008127858628698581,0.0080950054828496,1.363239842540704,870.3543029785156,836.2574035644532,814.8964361572266,776.0365640258789,873.6713716676915,845.7872155596286,870.3543029785156,912.0470596923299,828.6615462647014,0.09580640107398512,76.17389795404603,19.1739851835232,16.091794937990183,3.082190245533017,13.517064656790378,16.949558798568372,14.132409243822352,0.0
2025-10-29,917.3644435934705,925.3701041834124,913.7790463044942,923.11083984375,12314222,0.0,0.0,SBIN.NS,0.010212301410774005,0.010160508180973951,1.3873739601186799,873.7432159423828,838.4813171386719,816.2102545166016,776.9391915893555,878.3798924463637,848.8195145511628,873.7432159423828,920.9488439245146,826.537587960251,0.10805377854915363,78.35497275524712,20.747771389362356,17.022990228264618,3.724781161097738,13.60476946587976,17.019657195306454,14.090106948388875,0.0
2025-10-30,922.8161933430813,928.1697081157838,916.5294871954993,917.8064575195312,13044473,0.0,0.0,SBIN.NS,-0.0057462030508889095,-0.005762775993797936,1.373655624585433,876.783413696289,840.5775317382812,817.40177734375,777.8668157958984,882.134803405713,851.5248848636479,876.783413696289,927.1739421708629,826.3928852217151,0.11494407327378751,74.19720897321264,21.321211320901284,17.88263444679195,3.4385768741093337,13.89595122259511,17.22790907613923,14.000766317090218,-0.005746203050888877
2025-10-31,918.3467523280527,929.9378103922294,913.7790609093079,920.4095458984375,12078252,0.0,0.0,SBIN.NS,0.0028362062149152045,0.0028321917708046835,1.3803878014199507,880.3638763427734,842.6717822265625,818.5505700683593,778.8902697753906,885.7800169764487,854.2262441199142,880.3638763427734,932.5276176716183,828.2001350139286,0.11850495625864287,74.90107049503709,21.735164627166228,18.653140482866807,3.082024144299421,13.474968024801408,15.233608582679317,13.913043019992452,-0.0029262942527787167
2025-11-03,922.1285723673408,936.5192046955284,920.9007047609928,932.8847045898438,11744735,0.0,0.0,SBIN.NS,0.013553921454855011,0.01346288870617678,1.4126513907124916,884.4109283447266,845.0440222167969,819.8535833740234,780.0423028564453,890.2661777015339,857.3108896285389,884.4109283447266,939.7532542675135,829.0686024219397,0.12515070573894024,77.99858282494569,22.806962188629313,19.48390482401931,3.323057364610005,13.776676892274995,15.409674024530073,14.027462665312646,0.0
2025-11-04,934.1616585246089,942.314687296863,924.8298648800413,940.644775390625,19154518,0.0,0.0,SBIN.NS,0.008318359988754631,0.008283953106509432,1.4327206935078074,888.5144592285156,847.6353125,821.2538433837891,781.1433404541016,895.0641393862093,860.5788851486208,888.5144592285156,947.8193795104123,829.209538946619,0.13349230204624984,79.67860727494248,24.00581820877096,20.38828750096964,3.617530707801322,14.180114820435781,15.378511068626299,14.052682098911095,0.0
2025-11-06,952.4814547462262,954.2004693430785,938.3854990793552,943.739013671875,23088096,0.0,0.0,SBIN.NS,0.003289486490758442,0.003284087965749078,1.44072309536489,893.2319244384765,850.4741418457031,822.7744342041016,782.2331271362305,899.6998416991298,863.8400666593366,893.2319244384765,954.4133032114423,832.0505456655108,0.13698878667245798,80.32378484957808,24.918356113554182,21.29430122348655,3.624054890067633,14.569526140847845,14.96888721204209,14.019923353038081,0.0
2025-11-07,941.7744580906816,947.7664280534589,927.2856202739019,938.92578125,13371323,0.0,0.0,SBIN.NS,-0.005100173196345703,-0.0051132234710131695,1.428274984854208,898.0255187988281,853.2127770996094,824.3804852294921,783.2381814575195,903.4356454658794,866.7846044864215,898.0255187988281,957.6569095851421,838.3941280125141,0.13280555961499882,76.26745901125643,24.96537603249635,22.02851618528851,2.9368598472078418,15.372903255026959,14.578401606659957,13.999192376979238,-0.005100173196345674
2025-11-10,939.0731232147145,946.1456524515773,932.2952702055394,934.3090209960938,7343249,0.0,0.0,SBIN.NS,-0.004917066232604572,-0.004929194777010461,1.416334995922703,902.3991851806641,856.0280322265625,825.9388946533203,784.2307446289062,906.3759669449474,869.4326208201342,902.3991851806641,958.9752695730127,845.8231007883154,0.12539037118262003,72.48626000900603,24.349420723293065,22.492697092889422,1.8567236304036427,15.53779088959632,14.571755123842358,13.759211408448193,-0.009992161539546067
2025-11-11,936.7156357136287,938.041768729716,928.3170330963064,936.4209594726562,8648917,0.0,0.0,SBIN.NS,0.0022604282192533187,0.0022578772947839825,1.4217969477346561,905.9673675537109,859.0014367675781,827.5203881835937,785.1609231567382,909.2373948047293,872.0596144927821,905.9673675537109,961.6213368542899,850.3133982531319,0.12286086959369316,73.14223716448075,23.757822103406284,22.745722094992793,1.0121000084134906,14.513399286870683,14.324393047267408,13.756367735493122,-0.0077543198842080895
2025-11-12,940.7430695871906,944.5248778824666,934.5546287610688,940.2028198242188,7043323,0.0,0.0,SBIN.NS,0.004038632746635962,0.004030499360556932,1.4315776961934805,909.6116790771484,862.0396728515625,829.1436291503907,786.207269897461,912.1864829018235,874.7318970547992,909.6116790771484,964.1432610941408,855.080097060156,0.11990079562812497,74.32281702752236,23.325261365404003,22.861629949075034,0.463631416328969,14.972971751267494,14.106306223834055,13.641062026168537,-0.003747003987784419
2025-11-13,937.3541550706268,946.8824199346525,935.586037662384,937.1085815429688,8894441,0.0,0.0,SBIN.NS,-0.003291032760174506,-0.003296460119505158,1.423575294336398,913.3959686279297,864.9462817382813,830.802724609375,787.2651080322265,914.5600161057421,877.1780415445313,913.3959686279297,964.2260002493767,862.5659370064827,0.11129900583599472,71.55155516980085,22.47371173495617,22.784046306251263,-0.310334571295094,14.853692353476188,13.743363541637152,13.5843945528115,-0.007025705235082672
2025-11-14,936.0771717973782,951.8920827784771,935.1439804142634,950.7133178710938,11032927,0.0,0.0,SBIN.NS,0.014517780112230483,0.014413406115595672,1.458760227545008,917.4110961914063,868.1672229003906,832.4893231201172,788.4273214721679,918.0031877024422,880.0617778710632,917.4110961914063,966.6045264733499,868.2176659094627,0.10724402721128638,75.82052701630172,22.635710657675645,22.75437917653614,-0.11866851886049545,15.127333162790737,14.13049573663061,13.732176741921107,0.0
2025-11-17,953.8075386869531,958.7190090200476,951.3518035204058,956.1159057617188,7415026,0.0,0.0,SBIN.NS,0.005682667728609259,0.005666582282412254,1.472732544942466,921.6546051025391,871.3341381835937,834.2883941650391,789.6249737548828,921.6329703747542,883.0442926903046,921.6546051025391,968.6745184255385,874.6346917795397,0.10203369692438781,77.27865357014522,22.935651746150256,22.790633690458964,0.1450180556912919,14.050316543473587,13.585165255243378,13.6760178393747,0.0
2025-11-18,958.3260628811324,959.4066223219879,951.6955779628004,955.2318725585938,6594686,0.0,0.0,SBIN.NS,-0.0009246088238860084,-0.0009250365382906115,1.470446234612302,925.7458587646485,874.5373986816406,836.0275457763672,790.7938912963867,924.8328658208342,885.8751781753356,925.7458587646485,969.1932454061119,882.298472123185,0.09386460923398864,76.4660689989746,22.838752209564632,22.8002573942801,0.038494815284533246,13.32763390605613,13.660297856923945,13.658304327353576,-0.0009246088238859578
2025-11-19,955.2318704792619,967.0193991973044,951.6464731790688,965.3494873046875,8291226,0.0,0.0,SBIN.NS,0.010591789320213651,0.010536089283210627,1.4966126806562308,929.4417388916015,877.9980212402344,837.822197265625,791.9979895019532,928.6915916764392,888.9918177490356,929.4417388916015,973.1736161294544,885.7098616537486,0.09410353636582974,79.16612804132807,23.30966625939743,22.902139167303567,0.40752709209386495,13.597767344578797,13.754377429627768,13.714627857748363,0.0
2025-11-20,968.5419358569656,969.131288306733,962.0096564254319,964.1707153320312,6440857,0.0,0.0,SBIN.NS,-0.0012210831291239455,-0.0012218292585806352,1.4935641090319245,933.0614929199219,881.3918469238281,839.6345294189454,793.1670645141602,932.0705558341147,891.9400098111138,933.0614929199219,975.6354661457439,890.4875196940999,0.09125652178098365,78.04269449848428,23.318945699374808,22.985500473717813,0.33344522565699464,13.275010984651415,13.137796640478813,13.691574378099,-0.0012210831291239927
2025-11-21,962.3535354628224,963.2375641743527,953.8566675716402,955.3792114257812,5377241,0.0,0.0,SBIN.NS,-0.00911820258222884,-0.009160027832935123,1.4708272863339964,936.059945678711,884.6088598632813,841.2769250488282,794.2722006225586,934.2904277952258,894.4278216391399,936.059945678711,975.8229891115479,896.296902245874,0.08495832690289062,70.05757964778468,22.359156394022307,22.860231657778712,-0.5010752637564053,12.857532290184954,13.274549475909133,13.820299520628124,-0.010328151628011786
2025-11-24,958.2769795122267,960.3889357698928,950.9097738987026,953.4146118164062,9901946,0.0,0.0,SBIN.NS,-0.0020563558280100036,-0.0020584730306349277,1.4657463862437372,939.3064270019531,887.6028918457031,842.7528216552735,795.3179211425781,936.1117786543858,896.741029097072,939.3064270019531,972.8270034836997,905.7858505202065,0.07137303763317467,68.37399320683669,21.195659318208868,22.527317189864743,-1.3316578716558745,12.38392536690633,13.397649030572643,13.834367443064712,-0.012363269101228948
2025-11-25,958.276992765206,971.4397576251993,954.1513455736803,966.1844482421875,9140201,0.0,0.0,SBIN.NS,0.013393791397273258,0.01330488753337932,1.4987720789796661,942.2950561523437,890.7452502441406,844.3569079589844,796.4607131958007,938.9758424246527,899.4643004360961,942.2950561523437,974.0804408253898,910.5096714792976,0.0674637619406278,72.92802622544015,21.061217970061648,22.234097345904125,-1.1728793758424771,12.422519894904285,12.660961024308282,13.910315952464241,0.0
2025-11-26,969.1313331127609,981.3118039098479,964.760172340205,966.4791870117188,13943490,0.0,0.0,SBIN.NS,0.00030505435071681575,0.00030500783109880424,1.4995343402738084,944.930062866211,893.89546875,846.036630859375,797.6292935180664,941.5952085758018,902.0923352037676,944.930062866211,975.4753536608448,914.3847720715771,0.06465090273873239,73.02457720642454,20.739384474124677,21.935154771548238,-1.195770297423561,12.475138559612828,12.69615025985645,13.627528499586564,0.0
2025-11-27,969.2295646138847,971.0467846498851,951.7447422714566,955.624755859375,11909168,0.0,0.0,SBIN.NS,-0.011230900052700443,-0.01129444282030119,1.4714623199199006,946.5557586669922,896.8050231933594,847.6647833251953,798.6557318115234,942.9313559361422,904.191645817713,946.5557586669922,975.6373516132714,917.474165720713,0.06144718402481435,63.97548811957114,19.38500891416811,21.425125600072214,-2.0401166859041027,12.390941030960798,13.072621263799677,13.777660234453412,-0.011230900052700398
2025-11-28,959.5048346119848,965.5950698307025,955.8212318532206,961.6658935546875,8117842,0.0,0.0,SBIN.NS,0.006321663035905534,0.006301765138641408,1.4870860719123717,948.74873046875,899.7018078613281,849.3066882324218,799.7756903076172,944.7155976140989,906.4455378858297,948.74873046875,975.1977751546441,922.2996857828558,0.05575563652733725,66.4661543014974,18.58489079685762,20.857078639429297,-2.2721878425716753,12.11379329705291,12.936651594664314,13.719860775228135,-0.00498023498251793
2025-12-01,968.0017293926574,973.6499204475664,952.6779055144807,955.870361328125,8808306,0.0,0.0,SBIN.NS,-0.0060265548205520325,-0.0060447877936373046,1.4720975113565604,950.5217712402343,901.9797473144531,850.9397521972656,800.933115234375,945.7779560630538,908.3837662561159,950.5217712402343,973.4982196178006,927.5453228626681,0.04834491764999082,62.0350323200318,17.283902341610883,20.142443379865615,-2.8585410382547316,12.917170389886921,13.205000650318116,13.784105704207459,-0.010976776143928607
2025-12-02,958.7190050026365,963.0902255716678,947.8155648906452,950.1730346679688,13444314,0.0,0.0,SBIN.NS,-0.005960354971400239,-0.005978188786314536,1.4573629326649602,951.3861877441407,904.19875,852.4588696289062,802.134515991211,946.1965349778076,910.0225610957965,951.3861877441407,972.817683428592,929.9546920596894,0.04505319913308421,57.9453091019342,15.613154247469538,19.2365855533864,-3.6234313059168635,13.29605692986012,13.465018653940373,13.671723162882374,-0.016871705633069452
2025-12-03,953.2672831530164,955.3300766986022,930.7727251822406,934.2107543945312,14051968,0.0,0.0,SBIN.NS,-0.016799340426468135,-0.016942049886830873,1.4160808562077376,951.064486694336,905.9413391113281,853.8350634765625,803.2580313110352,945.0550320651146,910.9711176957469,951.064486694336,973.3509731574483,928.7780002312237,0.046866404486565524,48.3314967008241,12.852891596372615,17.959846761983645,-5.10695516561103,14.243269018723911,13.53815051031618,13.99923379264217,-0.033387612533032476
2025-12-04,934.2107677926339,935.6842089047472,927.7276508811245,931.31298828125,13622724,0.0,0.0,SBIN.NS,-0.0031018333921443153,-0.0031066540485035488,1.408586575929832,950.4431854248047,907.765458984375,855.2112573242188,804.3945025634765,943.7462659904609,911.7688381108646,950.4431854248047,974.2317468239474,926.654624025662,0.05005782936622421,46.813057364470616,10.312660124552053,16.430409434497328,-6.117749309945275,13.615301565824552,13.60288274001539,13.962079620915569,-0.03638588311373782
2025-12-05,932.049720989894,956.0668234213827,929.9378246743456,954.2987060546875,17347847,0.0,0.0,SBIN.NS,0.02468098057545398,0.024381325682657187,1.4680328544246555,951.2118316650391,909.7477294921875,856.8109228515625,805.6360314941406,944.751260282292,913.436676069446,951.2118316650391,974.4198268998616,928.0038364302166,0.04879669167739079,58.06695633208572,10.038545601496253,15.152036667897114,-5.1134910664008615,14.90982353711621,15.165401501918407,14.308795205974837,-0.01260294181263477
2025-12-08,953.6601656790195,955.2809748623741,934.8492703729215,939.466064453125,15386438,0.0,0.0,SBIN.NS,-0.015542975702947714,-0.015665034169558598,1.4296722797342563,951.4696838378907,911.5197875976562,858.2602978515625,806.8298788452148,944.2479082985618,914.4574363982177,951.4696838378907,973.9913961099847,928.9479715657966,0.047340893051367634,50.62319180881795,8.526153461638387,13.82686002664537,-5.300706565006983,15.818442117849429,15.76552805883037,14.428992753639383,-0.02795003029720309
2025-12-09,937.8944043562335,946.9315221602762,933.6214489589805,942.3638305664062,9580294,0.0,0.0,SBIN.NS,0.0030844819445055016,0.003079734689449107,1.437166560012162,951.7668273925781,913.4490124511718,859.6639959716797,808.0646960449219,944.0684723240707,915.5518047969703,951.7668273925781,973.5988044728412,929.934850312315,0.04587673462012345,51.919947046431155,7.475227532477334,12.556533527811764,-5.08130599533443,15.671095488068008,14.792802899290031,14.429756450064552,-0.02495175971649775
2025-12-10,943.1005538600858,946.8824221676225,938.3364513940754,942.7567749023438,6989178,0.0,0.0,SBIN.NS,0.0004169773108770869,0.00041689039999726437,1.4381828031705153,951.8945251464844,915.4686096191406,860.9218237304688,809.2747561645508,943.9435487600967,916.61866636973,951.8945251464844,973.4700763725514,930.3189739204174,0.04533181073343557,52.10363890327343,6.598010725517156,11.364828967352842,-4.766818241835686,15.77283398037129,14.65346775557854,14.431398983037113,-0.024545186723288807
2025-12-11,945.0651010209991,949.3872189119578,941.479763637212,946.1947631835938,5979035,0.0,0.0,SBIN.NS,0.0036467394059365166,0.003640106173344995,1.447074220477714,952.3488342285157,917.2858532714844,862.2405535888672,810.5111544799805,944.1579501337632,917.778513303607,952.3488342285157,972.975241289741,931.7224271672903,0.043316915650838166,53.76791911895331,6.109797070414402,10.313822587965154,-4.204025517550752,15.600934517110911,14.419682562836922,14.363377047816735,-0.020987957217002178
2025-12-12,948.8960717352387,949.8783658053579,941.0377191742843,946.0965576171875,5681930,0.0,0.0,SBIN.NS,-0.00010379001261417997,-0.00010379539917025623,1.446820238613503,952.1179962158203,919.067734375,863.6138012695312,811.739839477539,944.3425794178988,918.8890248453162,952.1179962158203,972.924025197926,931.3119672337147,0.043704727911454105,53.71050752779465,5.649832115159825,9.381024493404087,-3.7311923782442626,15.555326285674012,14.287059540441602,14.340011067172007,-0.02108956888927201
2025-12-15,940.3010214625418,951.6956089709226,940.3010214625418,950.1239624023438,4416952,0.0,0.0,SBIN.NS,0.004256864431786411,0.00424782961530881,1.457236020658232,951.8183990478516,921.0942077636719,865.0189727783203,812.9771057128906,944.8931873211793,920.1139243573565,951.8183990478516,972.5544811036664,931.0823169920368,0.04357150917981426,55.795097533946596,5.54634961609645,8.61408951794256,-3.0677399018461102,15.081714978501711,14.308397973692863,14.344183830564244,-0.016922479893171968
2025-12-16,948.9451629202439,951.8429423827886,941.0868104547513,944.1319580078125,4764786,0.0,0.0,SBIN.NS,-0.006306550125712795,-0.006326520419671915,1.4417393385232438,951.2634033203125,922.9379736328125,866.454595336914,814.2214862060547,944.8206892913349,921.0558080299234,951.2634033203125,972.2079335178191,930.3188731228058,0.044035185468927665,52.04011432710203,4.924072668080271,7.876086147970103,-2.952013479889832,14.667750718387026,13.959690838664883,14.398622116353094,-0.02312230755118712
2025-12-17,948.4540382267455,961.1747585707222,947.2261706250966,958.5716552734375,8013382,0.0,0.0,SBIN.NS,0.015294151567640801,0.015178375008676697,1.4790836700552892,950.92451171875,924.9379235839843,867.9791149902344,815.565027770996,946.1303050991542,922.5270177257474,950.92451171875,971.1151516758456,930.7338717616543,0.04246528448531007,59.17111009048962,5.532303642612305,7.4073296468985435,-1.8750260042862381,14.50637630299283,14.440071977777988,14.555803736449674,-0.00818179205982774
2025-12-18,960.5854160531443,964.072548087051,956.2632980687841,960.2415771484375,4926879,0.0,0.0,SBIN.NS,0.0017420939434347193,0.001740578257836662,1.4834024667021604,950.7280548095703,927.1549609375,869.5689575195313,816.9434002685547,947.4742357705145,924.006020056049,950.7280548095703,970.4469643322612,931.0091452868793,0.0414817032545456,59.91343432463741,6.079004827586118,7.141664683036058,-1.0626598554499402,14.352014592059927,14.422627658653822,14.551334331693436,-0.00645395156678694
2025-12-19,962.5990921488027,964.6127830145067,959.7504153454842,962.94287109375,5376584,0.0,0.0,SBIN.NS,0.002813139953108834,0.0028091904801239792,1.4903886254008891,951.1062377929687,929.5527404785156,871.275693359375,818.368982849121,948.9474391346322,925.5329553908609,951.1062377929687,971.4799884346178,930.7324871513197,0.0428422185284498,61.14410913701117,6.65354339461237,7.044040425351321,-0.3904970307389508,13.201325501769702,14.332080660773666,14.541226631793425,-0.003658967482686072
2025-12-22,963.7287212154426,965.595103994373,955.3301186192043,957.0491333007812,5959037,0.0,0.0,SBIN.NS,-0.006120547718759695,-0.006139355051001044,1.4751460829808667,951.2879638671875,931.7570092773437,873.0158270263672,819.8378002929687,949.7190290552179,926.768883936348,951.2879638671875,971.812686193931,930.763241540444,0.04315143911483147,57.03021493474168,6.5577008708251014,6.946772514446077,-0.38907164362097557,12.84349155135156,14.378561105834372,14.141268050623559,-0.009757120316366583
2025-12-23,959.0137084154704,960.2415760284049,953.5128854913131,954.691650390625,5123287,0.0,0.0,SBIN.NS,-0.0024632830521725824,-0.002466321925299002,1.4690490975830084,950.7133239746094,933.5496960449219,874.7122491455078,821.2635339355469,950.1926120395424,927.8638943855353,950.7133239746094,970.0936215737283,931.3330263754904,0.04077001365268881,55.42387373109014,6.219817625784685,6.8013815367138,-0.5815639109291144,11.570015767118004,14.403209030388222,14.131520081662357,-0.012196368819425828
2025-12-24,955.9686342202896,959.9960160658125,950.3695458353262,951.7938842773438,4105643,0.0,0.0,SBIN.NS,-0.003035290098217125,-0.003039905933840434,1.4615548173051027,949.9790588378906,935.2392419433594,876.3556274414062,822.5748721313477,950.3451141574283,928.8023253616848,949.9790588378906,967.9023043078466,932.0558133679347,0.03773398014032329,53.431682162115436,5.653052343559239,6.571715698082888,-0.9186633545236491,11.689295210465405,14.405957645621271,14.155718417612565,-0.015194639400131167
2025-12-26,951.7938380949545,953.8075289200087,947.6681910665071,949.1907348632812,3286321,0.0,0.0,SBIN.NS,-0.0027349927931497042,-0.002738739719375848,1.4548224826198304,949.657357788086,936.9946008300781,878.0230712890625,823.804342956543,950.2351732722714,929.6018708323356,949.657357788086,967.3838214266186,931.9308941495533,0.03733233569594116,51.636088723562224,4.936924578374146,6.2447574741411405,-1.3078328957669942,10.26146228949859,14.394312917983324,14.161320625516941,-0.017888074964027004
2025-12-29,949.7801706470483,951.7447588085237,944.4266559161334,947.962890625,5267233,0.0,0.0,SBIN.NS,-0.0012935695568689898,-0.0012944069401884975,1.451646998988796,948.9722076416016,938.5456433105469,879.7032849121093,825.0194894409179,950.0187654011028,930.3219108242048,948.9722076416016,965.7798397463677,932.1645755368355,0.03542281211066575,50.76944530181166,4.221646879196669,5.840135355152246,-1.6184884759555773,9.324776461136992,13.768993281886226,14.170464430950608,-0.019158505051691543
2025-12-30,945.9491873630989,958.915481049936,942.5111581255383,956.2141723632812,15030644,0.0,0.0,SBIN.NS,0.008704224416254513,0.008666561050704458,1.4729866846574313,948.9893981933594,940.2450122070312,881.4493127441406,826.2725216674804,950.6088041594055,931.3372936296588,948.9893981933594,965.8274126971965,932.1513836895224,0.035486201502129396,56.10155489631112,4.271356092533551,5.526379502628507,-1.2550234100949558,9.545794298501423,13.905677772074872,14.215945757748768,-0.010621040562886984
2025-12-31,957.9823092348453,968.1981917309051,956.2632945810017,964.8092651367188,5807630,0.0,0.0,SBIN.NS,0.008988669088845214,0.008948511465845108,1.4952155436269372,949.7212097167969,942.0730615234374,883.2331591796875,827.5870663452148,951.9612290143878,932.649919963269,949.7212097167969,967.9874870244716,931.4549324091222,0.03846660919181042,60.85740138932077,4.947274061062899,5.410558414315386,-0.4632843532524875,9.791369198078339,14.140730343147595,14.253412863838715,-0.0017278404930408003
2026-01-01,965.7915430941249,970.1627637032144,962.9919690176538,967.3140869140625,4328348,0.0,0.0,SBIN.NS,0.002596183378264616,0.0025928191157680567,1.501693580746489,951.3763763427735,943.5907055664062,884.9973590087891,828.9095614624024,953.4234059572138,934.0092990593786,951.3763763427735,969.723977845642,933.0287748399049,0.038570647661862995,62.144519492899796,5.620275072079835,5.452501745868276,0.1677733262115586,9.738750584565114,13.824887069970623,14.219394200918348,0.0
2026-01-02,967.0685336904954,991.6258859934536,966.528283930725,981.2626953125,7357435,0.0,0.0,SBIN.NS,0.014419937212882372,0.01431695870019354,1.5377678451067243,953.8738616943359,945.3804467773438,886.901044921875,830.3345397949219,956.0747668481935,935.8623734222462,953.8738616943359,974.2126638312983,933.5350595573735,0.04264463668358669,68.37999303040388,7.19621584956576,5.801244566607774,1.3949712829579868,10.899961686826186,14.424789900168317,14.185628579853221,0.0
2026-01-05,982.2940684850213,997.5196265465391,982.2940684850213,987.7457885742188,11259060,0.0,0.0,SBIN.NS,0.0066068885454309,0.0065851587158354055,1.5545345944135227,955.5462158203125,947.2271594238281,888.8779113769531,831.7688229370117,959.0910546316245,937.8970171536961,955.5462158203125,980.9113772372643,930.1810544033606,0.05309039164615711,70.788411362467,8.866088959931744,6.414213445272568,2.451875514659176,11.247271952944638,14.22029459919747,14.199647938336959,0.0
2026-01-06,990.1033041483112,1005.869111730934,987.1564219850369,1000.8594360351562,9575742,0.0,0.0,SBIN.NS,0.013276338520123332,0.013188980286760743,1.5884494604503225,958.6158843994141,949.4746484375,890.7978051757813,833.2913034057617,963.0689957176752,940.3661316196358,958.6158843994141,989.9456031632498,927.2861656355784,0.06536448910079175,74.9454370872728,11.11945898391241,7.355262553000537,3.7641964309118725,11.815597511363203,14.608930007602192,14.146489752430035,0.0
2026-01-07,1004.5921658085748,1004.5921658085748,986.2232545545625,989.3175048828125,7896720,0.0,0.0,SBIN.NS,-0.011532020118695585,-0.011599029530104579,1.5585994091961828,960.9635681152344,951.1327612304688,892.6302752685547,834.75607421875,965.5688537334025,942.285793316231,960.9635681152344,994.1475732653857,927.779562965083,0.06906402334322859,66.0378492253535,11.837478495004575,8.251705741401345,3.58577275360323,11.910319703584817,14.655502946621773,14.247823779031233,-0.011532020118695595
2026-01-08,988.7771726722618,993.6886429516878,978.2175115714958,980.3294677734375,6854268,0.0,0.0,SBIN.NS,-0.00908508852316292,-0.009126609613073943,1.535354307068323,962.8422027587891,952.46376953125,894.3605865478515,836.0702206420898,966.9746264991202,943.7777021184744,962.8422027587891,995.940340176794,929.7440653407841,0.06875090710226524,60.05215439541456,11.54813494089592,8.91099158130026,2.63714335959566,12.457596943722324,14.93476678852714,14.377711676216812,-0.020512339218229255
2026-01-09,978.3648939690311,990.1524228120314,976.400305828531,982.7852172851562,7809460,0.0,0.0,SBIN.NS,0.002505024680423462,0.0025018923360747582,1.5417054321811472,964.6717254638672,953.6572570800781,896.069287109375,837.3752200317383,968.4803970501713,945.3074085955991,964.6717254638672,997.9400297884014,931.4034211393331,0.06897331692506466,61.089892990366636,11.385738841706939,9.405941033381596,1.9797978083253422,13.0925790376136,14.520714197459341,14.373897736956165,-0.018058698453800783
2026-01-12,990.1524157511643,999.2386358361825,978.364886992222,997.1758422851562,7617922,0.0,0.0,SBIN.NS,0.014642695827021823,0.014536526703080324,1.5789228517064648,967.2256896972656,955.2446447753906,897.9110882568359,838.7345983886719,971.2132965963604,947.341464818719,967.2256896972656,1002.2842315010356,932.1671478934956,0.07249299140254037,66.57024086593867,12.27672350653961,9.9800975280132,2.2966259785264107,13.850347856813025,14.97996554246346,14.4909624715868,-0.0036804306552699674
2026-01-13,1004.6903698484319,1011.2717521544648,998.0107821164995,1010.2402954101562,11016895,0.0,0.0,SBIN.NS,0.013101453696532817,0.013016371975816501,1.6127104900350275,970.2315063476562,957.041259765625,899.8565209960938,840.0264108276367,974.9301536262457,949.8080856262263,970.2315063476562,1009.2060458969626,931.2569667983499,0.0803407007385737,70.61643282046921,13.877061330763922,10.759490288563345,3.117571042200577,14.376577809114224,15.196582244093317,14.540965454041766,0.0
2026-01-14,1011.762899052176,1012.1558406646648,1002.4311053230539,1010.14208984375,7370514,0.0,0.0,SBIN.NS,-9.721010620189485e-05,-9.721483141049658e-05,1.6124565081708164,973.5320129394531,958.5864074707031,901.81521484375,841.3560098266602,978.2836713612461,952.1741250073056,973.5320129394531,1014.3373824476753,932.726643431231,0.0838295381474219,70.54730971445164,14.96491005007806,11.600574240866289,3.364335809211772,14.383596745623127,15.027458910254651,14.512578985886215,-9.721010620188999e-05
2026-01-15,1010.14208984375,1010.14208984375,1010.14208984375,1010.14208984375,0,0.0,0.0,SBIN.NS,0.0,0.0,1.6124565081708164,976.1105346679688,959.9763537597656,903.8058331298828,842.7282196044922,981.3178064548179,954.4473785303035,976.1105346679688,1019.378685837384,932.8423834985535,0.08865420386869031,70.54730971445164,15.646672892274978,12.409793971148027,3.2368789211269515,13.945072613230154,13.942557596729394,14.482487127470685,-9.721010620188999e-05
2026-01-16,1013.7274769567848,1028.9038723255544,1010.1912422980266,1023.8451538085938,11051580,0.0,0.0,SBIN.NS,0.013565481631364618,0.013474294227225151,1.6478957389451465,979.2907135009766,961.5784765625,906.0263092041016,844.1289819335938,985.3680300123203,957.1688599137659,979.2907135009766,1026.7905874182336,931.7908395837197,0.09700872940466124,74.5747863307542,17.095629818345174,13.346961140587457,3.748668677757717,14.76247829818831,14.180355335521503,14.595262482885566,0.0
2026-01-19,1016.6743972572739,1025.1221025667041,1015.6921031536436,1020.0142211914062,5460164,0.0,0.0,SBIN.NS,-0.0037417109442153818,-0.00374872865557798,1.6379880784795944,982.1442810058594,963.2002453613281,908.2065112304688,845.5144412231446,988.6676672674713,959.6333838854381,982.1442810058594,1032.292326635785,931.9962353759338,0.10211950850758235,71.62595459600895,17.730429026649063,14.223654717799779,3.506774308849284,14.26431233309279,12.760774513304614,14.629773068539167,-0.0037417109442153857
2026-01-20,1021.3402828105476,1033.3733854452475,1014.758960353515,1018.0496215820312,8905718,0.0,0.0,SBIN.NS,-0.0019260511947375436,-0.0019279084164591498,1.6329071783893352,985.1943054199219,964.8750573730468,910.4515447998047,846.8891146850586,991.4659486307628,961.924216736285,985.1943054199219,1036.3263323541323,934.0622784857113,0.10380089826527442,70.09521757541016,17.869002465721678,14.95272426738416,2.916278198337519,14.737912741957691,11.674626454651674,14.575638097715704,-0.005660555412118467
2026-01-21,1013.7274897970154,1022.1751948968682,1003.9045490044088,1010.4368286132812,7408949,0.0,0.0,SBIN.NS,-0.0074778211271469,-0.007505920199081732,1.6132187694649587,987.9815643310546,966.3553747558594,912.6784057617188,848.2052612304688,993.2726991052883,963.8266721040103,987.9815643310546,1038.1815782039425,937.7815504581666,0.10162135749340125,64.35574319262648,17.166647715741874,15.395508957055704,1.7711387586861704,15.53075925673618,12.040593531562628,14.657844412924192,-0.013096047918413223
2026-01-22,1016.6743620200224,1036.8113904465058,1015.7412306174947,1029.7879638671875,12001641,0.0,0.0,SBIN.NS,0.019151256868243483,0.01897017979831951,1.6632651933718972,991.8812683105468,968.1470776367188,915.0933752441406,849.6025155639649,996.7503433683264,966.4133894280566,991.8812683105468,1042.3616337440662,941.4009028770273,0.10178711312796893,70.88234653897337,17.964418769878648,15.909290919620293,2.055127850258355,15.621970668914466,12.967138772384049,14.912269550126862,0.0
2026-01-23,1033.27513930533,1034.3556387828587,1007.4407577235297,1011.271728515625,10917698,0.0,0.0,SBIN.NS,-0.017980629023889527,-0.018144244777308013,1.6153780099376398,994.985317993164,969.6303405761719,917.2883111572265,850.9637622070312,998.133332429974,968.1725399805102,994.985317993164,1041.9232960184654,948.0473399678626,0.0943490867181296,59.63108338912496,16.907651746984925,16.10896308509322,0.7986886618917062,16.38325279929231,14.315383006497683,15.308642132045042,-0.017980629023889576
2026-01-27,1015.7903012550574,1036.3202718546306,1012.0084929651499,1034.5030517578125,14420630,0.0,0.0,SBIN.NS,0.02297238475784069,0.022712492233522594,1.6754594798691231,999.3123260498047,971.3061352539063,919.7366790771484,852.5401095581054,1001.5971152231014,970.7737365207965,999.3123260498047,1043.8949709905796,954.7296811090297,0.08922664872354034,66.76008941233684,17.740231554670117,16.4352167790086,1.305014775661519,16.835813770228633,15.497924056568523,15.65913143806537,0.0
2026-01-28,1040.6424178822,1046.7325934811859,1025.6624325065334,1044.6697998046875,12171257,0.0,0.0,SBIN.NS,0.00982766365899046,0.009779686253603046,1.7017529957705344,1003.735107421875,973.0772131347657,922.2056756591796,854.0628100585938,1005.6992756594428,973.671621355459,1003.735107421875,1047.863598671937,959.6066161718129,0.08792855988350852,69.31405035865657,19.00139242705552,16.948451908617983,2.0529405184375378,17.028760178845783,15.61992860538967,14.971490289732223,0.0
2026-01-29,1044.1786063237967,1055.9661352757114,1041.5264602731938,1047.3218994140625,14800724,0.0,0.0,SBIN.NS,0.002538696543032959,0.002535479496550357,1.708611926761026,1007.8607391357422,974.919013671875,924.7282061767578,855.7258813476562,1009.6633350646448,976.5598675538357,1007.8607391357422,1052.0944682592692,963.6270100122151,0.08777746251224791,69.9624041118993,19.98450484660043,17.555662496214474,2.428842350385956,16.95508472329761,15.359660290213489,14.940279685218801,0.0
2026-01-30,1045.1609334664397,1063.3333745088544,1041.6246986507867,1058.078125,9480769,0.0,0.0,SBIN.NS,0.010270219301205419,0.010217838932270793,1.7364299652507222,1012.3989410400391,976.7735864257812,927.3858038330078,857.3866415405273,1014.2742674394405,979.7566619634893,1012.3989410400391,1057.7276993543228,967.0701827257552,0.08954722585489369,72.50020032607223,21.385052460260454,18.321540489023672,3.0635119712367818,17.52341035719527,15.091357141200138,14.95282026547603,0.0
2026-02-02,1001.841784674364,1013.0399614867208,972.4711668650343,1010.4859008789062,14434549,0.0,0.0,SBIN.NS,-0.04497987719110419,-0.04602286771931791,1.6133456814716873,1013.8601013183594,977.6998901367188,929.5458685302734,858.7629779052735,1013.9134706241514,980.9617301562507,1013.8601013183594,1056.783047473359,970.9371551633599,0.08467232530244606,51.690593452081956,18.442112598507947,18.34565491092053,0.09645768758741724,22.14721102083849,20.593698186639077,16.845421371575185,-0.044979877191104155
2026-02-03,1067.7536525315768,1070.5041238871402,1021.8805674931078,1045.3572998046875,16129381,0.0,0.0,SBIN.NS,0.03450953535863355,0.03392743552070417,1.7035310266707668,1016.7406768798828,979.4994519042968,932.054155883789,860.2739489746094,1016.9081210222977,983.4870466130521,1016.7406768798828,1060.0157178876025,973.465635872163,0.08512503137086982,60.61155315871643,18.707987976131562,18.418121523962736,0.2898664521688268,25.427376245047444,22.67515255822573,17.50149857107202,-0.012022576494824046
2026-02-04,1045.3573226632539,1054.8856472820669,1037.5972952790487,1049.2864990234375,7312276,0.0,0.0,SBIN.NS,0.0037587140965908983,0.0037516677819628697,1.7136928268512852,1019.1620300292968,981.4168896484375,934.5098907470704,861.6808258056641,1019.9917760700253,986.0674172958124,1019.1620300292968,1064.0835318186282,974.2405282399653,0.0881537978569318,61.47481777274957,19.016538845268315,18.53780498822385,0.4787338570444639,25.96763457800511,22.51611972031719,17.458812975110746,-0.00830905182598166
2026-02-05,1049.2864692879657,1061.8598812478167,1048.5989114079966,1054.49267578125,9551567,0.0,0.0,SBIN.NS,0.004961635132690434,0.004949366785070543,1.7271571805203205,1022.4207885742187,983.1830541992188,936.9641522216797,863.0210491943359,1023.2775760425228,988.7507607658296,1022.4207885742187,1067.6811813609443,977.1603957874931,0.08853574436772137,62.64309396475126,19.456875833445565,18.721619157268194,0.7352566761773716,26.91484670942083,22.457467697598894,17.408232743259564,-0.003388643176750299
2026-02-06,1051.0546673292163,1054.590902041245,1032.3910797785106,1047.5184326171875,7041557,0.0,0.0,SBIN.NS,-0.006613837463494421,-0.006635805803419917,1.7091202061909576,1025.7802368164062,984.8038391113281,939.3496539306641,864.2989566040039,1025.5862290496336,991.0553753482359,1025.7802368164062,1067.7398278714497,983.8206457613627,0.08181009839937758,60.017418789780805,19.023788539489033,18.782053033712362,0.24173550577667058,27.16042097948726,22.570477815280526,17.43151277154421,-0.009980068705051907
2026-02-09,1100.1693390052355,1129.638160585733,1081.0146049779123,1125.708984375,40852966,0.0,0.0,SBIN.NS,0.07464360465949627,0.07198907606191829,1.9113387038369285,1032.9264251708985,988.2055236816407,942.5052734375,866.0109094238281,1035.1217295568115,996.33590903556,1032.9264251708985,1090.0112324617962,975.8416178800009,0.1105302486214407,73.45235637737912,24.705102753798883,19.96666297772967,4.738439776069214,32.352544447736186,30.516286893429132,21.093466804379453,0.0
2026-02-10,1130.6205046120729,1133.5673869003754,1117.9488867905825,1123.8426513671875,17280036,0.0,0.0,SBIN.NS,-0.0016579178399723782,-0.0016592937066806895,1.906511943461635,1039.259765625,991.4490588378907,945.5754333496094,867.713771057129,1043.5713411577997,1001.336173440722,1039.259765625,1106.7939897663678,971.7255414836324,0.12996601307037672,72.82335003949505,28.72585396092495,21.718501174368726,7.0073527865562255,32.13854980616907,30.523908200492063,21.107881427902004,-0.0016579178399723786
2026-02-11,1124.43198276359,1166.474217252129,1122.5657199431428,1161.9556884765625,29491859,0.0,0.0,SBIN.NS,0.03391314350190333,0.03335077207628109,2.0050809000902454,1046.8455352783203,995.5707653808594,948.7752563476563,869.6782159423828,1054.8460409024437,1007.6349779519314,1046.8455352783203,1132.3476695729744,961.3434009836661,0.16335195864769494,77.13037539729683,34.58901124063573,24.292603187622127,10.2964080530136,33.96982490734955,31.583688111389513,21.616633044040167,0.0
2026-02-12,1162.0538873261555,1182.3873266556052,1153.9991238982925,1171.2874755859375,33214985,0.0,0.0,SBIN.NS,0.008031104113453758,0.007999026428512034,2.0292150176682213,1054.9028045654297,999.9930541992187,952.0959020996094,871.5992834472656,1065.9357013484907,1014.0527229571866,1054.9028045654297,1154.9719206128439,954.8336885180156,0.18972196417401296,78.04772928524733,39.532892283428964,27.340661006783495,12.192231276645469,34.113656401927265,31.578891267195296,21.629426089710684,0.0
2026-02-13,1167.9476861585035,1179.735215371205,1163.5273627037404,1177.377685546875,18141390,0.0,0.0,SBIN.NS,0.005199586000773193,0.005186114829647792,2.044965681667421,1063.264584350586,1004.8563928222657,955.3988659667968,873.5739132690429,1076.5492236530988,1020.4576234509,1063.264584350586,1174.8690273874408,951.660141313731,0.20992788564479464,78.64964421123557,43.44161478069577,30.56085176156595,12.880763019129823,33.34886865965124,31.558691093015202,21.61971291092162,0.0
2026-02-16,1172.859149893071,1190.8351798022472,1164.3132392267757,1186.70947265625,14972739,0.0,0.0,SBIN.NS,0.007925907908676422,0.0078946628887684,2.069099799245397,1071.4078002929687,1009.9643225097657,958.8648907470703,875.7102749633789,1087.0406759391133,1026.9773038118942,1071.4078002929687,1194.1161667801714,948.6994338057659,0.22906005809113772,79.57383113945694,46.753359130234685,33.7993532352997,12.954005894934987,33.4541113193988,31.477745276117773,21.495102830090755,0.0
2026-02-17,1184.7448547341048,1203.8013836881914,1182.7802665926308,1191.9156494140625,20107196,0.0,0.0,SBIN.NS,0.004387069352500772,0.004377474216531313,2.0825641529144328,1080.0028717041016,1014.7166613769531,962.2321954345703,877.8339089965821,1097.0287686510133,1033.4454742276655,1080.0028717041016,1211.332683050212,948.6730603579913,0.24320270767222915,80.09159291785808,49.23053636334271,36.885589860908304,12.344946502434404,33.45060818517795,31.483931851941215,21.410453168294865,0.0
2026-02-18,1197.220031881822,1202.4261183830988,1192.5049724948722,1197.3182373046875,10417264,0.0,0.0,SBIN.NS,0.004532693142573319,0.004522451425722333,2.0965364703118903,1088.9663024902343,1019.8737048339843,965.6967462158203,880.016814880371,1106.5801466180299,1039.8718570934311,1088.9663024902343,1226.8018604112426,951.130744569226,0.25314935385201126,80.64001594293946,51.0412886556187,39.71672961985038,11.324559035768317,33.16995061135786,31.42159330586467,21.410488201972445,0.0
2026-02-19,1201.2474588953376,1203.212047062667,1177.9670171671169,1184.3519287109375,9630899,0.0,0.0,SBIN.NS,-0.01082945886044362,-0.010888524268056234,2.0630026559967845,1097.662057495117,1024.713466796875,969.0812396240234,882.2114447021485,1113.9869830078305,1045.537742254902,1097.662057495117,1236.5772237317774,958.7468912584567,0.2531109922003992,75.2800934109491,50.84395271581366,41.94217423904304,8.901778476770616,33.42254732832089,31.387825117598585,21.342817247173564,-0.010829458860443633
2026-02-20,1184.8430141192323,1196.4341316671034,1180.5210163030872,1194.5677490234375,9958162,0.0,0.0,SBIN.NS,0.008625662748418916,0.008588674267412182,2.089423083904924,1105.9010467529297,1029.7496862792968,972.6091479492187,884.4475241088867,1121.6613416759835,1051.382056245825,1105.9010467529297,1247.3886045359134,964.413488969946,0.25587742809071334,76.59977603159226,50.92486375410522,43.73871214205548,7.186151612049734,28.4444157018245,31.056261080106566,21.358772098282035,-0.002297207371902805
2026-02-23,1200.3633155560203,1209.302167328373,1195.5500507835413,1206.0606689453125,9733835,0.0,0.0,SBIN.NS,0.009620986278317423,0.00957499931452089,2.11914638100309,1115.6404937744142,1034.9470043945312,976.1164288330078,886.7752526855469,1129.6993728444909,1057.4478841948244,1115.6404937744142,1256.5167502379431,974.764237310885,0.25254776471391627,78.02133783035327,51.324729390362336,45.25591559171686,6.068813798645479,25.20985822301746,31.03938093896157,21.308003843308356,0.0
2026-02-24,1210.1862912839226,1212.8384373028666,1198.1040262888578,1201.640380859375,15788449,0.0,0.0,SBIN.NS,-0.0036650627947290015,-0.0036717955931606103,2.107714513650762,1123.9973602294922,1040.057880859375,979.5628076171874,889.0315283203125,1136.550897417337,1063.1024919071597,1123.9973602294922,1264.4365360577447,983.5581844012397,0.24989235882116004,76.10632641556194,50.700501658177245,46.34483280500894,4.355668853168304,25.027433866659653,31.102626030668617,21.31495864047091,-0.0036650627947290544
2026-02-25,1206.3553078239622,1206.3553078239622,1176.2971336514831,1178.85107421875,19581100,0.0,0.0,SBIN.NS,-0.01896516379078972,-0.019147309130645464,2.0487761988843607,1130.7064239501954,1044.6324230957032,982.8633154296875,891.0660061645508,1140.5794856841383,1067.6416519978102,1130.7064239501954,1267.9736296669132,993.4392182334775,0.24279901981482704,66.97866204079216,47.81570046466959,46.63900633694107,1.176694127728517,26.227234176135294,31.882696113633802,21.645087655302213,-0.02256071806931322
2026-02-26,1179.7352169268681,1193.880275982552,1167.849482270177,1188.084716796875,16196052,0.0,0.0,SBIN.NS,0.007832747308004429,0.007802230592374953,2.07265649244888,1137.744564819336,1049.5114782714843,986.2247259521484,893.1461706542968,1145.1037934091607,1072.3649094409107,1137.744564819336,1271.397247786137,1004.0918818525348,0.23494321502300305,68.6207919552978,45.747207194340035,46.46064650842087,-0.713439314080837,26.500874993966754,31.84778432807797,21.656783217371295,-0.014904683165032887
2026-02-27,1185.6289359982593,1190.3439954720204,1177.3776418736493,1180.4227294921875,10700355,0.0,0.0,SBIN.NS,-0.006449024380470569,-0.006469909177666775,2.052840855816266,1143.8617950439452,1053.9484997558593,989.4432116699219,895.1930807495118,1148.4675016075441,1076.6024710115491,1143.8617950439452,1273.2943317481484,1014.4292583397422,0.22630799850996072,65.70109030603814,42.99404445174946,45.767326097086595,-2.7732816453371356,21.561348253240016,32.00105408627895,21.524307115064914,-0.021257586880388955
2026-03-02,1164.0185219818375,1176.1007875153553,1158.5176989399156,1168.831787109375,16270835,0.0,0.0,SBIN.NS,-0.00981931480411169,-0.009867842207602761,2.0228640504061524,1151.7790893554688,1058.120303955078,992.6376324462891,897.1480917358399,1150.4069573696233,1080.2193069369541,1151.7790893554688,1265.2472975383612,1038.3108811725765,0.19703120022154372,61.44206193296151,39.422413914033996,44.498343660476074,-5.075929746442078,22.010386141988516,32.19960846554671,21.62976022507933,-0.030868166746946295
2026-03-04,1151.3468160340765,1161.7591088376892,1137.1035525068773,1153.704345703125,13855065,0.0,0.0,SBIN.NS,-0.01294235969032076,-0.013026841750618955,1.9837410565708562,1157.1964416503906,1061.9355334472657,995.7441369628906,899.0262377929688,1150.7209943537664,1083.1010731630786,1157.1964416503906,1259.0193715229366,1055.3735117778447,0.17598209985389576,56.3114833922637,34.968122139381876,42.592299356257236,-7.62417721687536,21.140367377239336,32.51608567987603,21.794872992187074,-0.04341101952024732
2026-03-05,1160.0893510848653,1162.250350176651,1130.227585974388,1148.79296875,22100665,0.0,0.0,SBIN.NS,-0.004257049885802222,-0.004266136921145533,1.9710391220467178,1162.1717651367187,1065.77041015625,998.7637097167968,900.8655838012695,1150.5373728676934,1085.677225931193,1162.1717651367187,1250.642460541115,1073.7010697323224,0.15225063636611166,54.71405309182558,30.688004528913552,40.2114403907885,-9.523435861874951,21.399978909021506,32.56193852018013,21.75451156572195,-0.0474832665303583
2026-03-06,1147.8105829193835,1148.5964661130286,1117.8506147730068,1122.7620849609375,20333328,0.0,0.0,SBIN.NS,-0.022659334185677227,-0.022920002133319094,1.9037173537015404,1165.5852355957031,1069.1318188476562,1001.3407574462891,902.6206973266602,1147.8921073527642,1087.131534128438,1165.5852355957031,1240.8445833081655,1090.3258878832407,0.12913572583818653,47.089424980146404,24.90837744319242,37.150827801269294,-12.242450358076873,22.452443288273553,33.32483984179147,21.973848302746173,-0.06906666151149655
2026-03-09,1095.2579011773867,1095.2579011773867,1045.4556391950514,1079.050048828125,24631198,0.0,0.0,SBIN.NS,-0.038932590188359706,-0.03971072698634626,1.7906681159470499,1167.16181640625,1071.6769421386718,1003.4580920410157,904.1501293945313,1141.3357208266082,1086.814613136269,1167.16181640625,1232.7004127940413,1101.6232200184586,0.11230421603336545,37.61108212677938,16.609323397423623,33.04252692050016,-16.433203523076536,26.07990794473174,35.188947604637484,23.01728729390902,-0.10531030767155102
2026-03-10,1091.426946764578,1100.0711827783487,1084.9438297087236,1092.5074462890625,17491459,0.0,0.0,SBIN.NS,0.01247152296184284,0.012394394133243863,1.8254719974339664,1165.5017395019531,1074.5432763671874,1005.7689385986328,905.7559344482422,1136.6854089658896,1087.0378614952022,1165.5017395019531,1236.882898398782,1094.1205806051244,0.1224900083415262,41.51413698722707,10.99146007186846,28.63231355077382,-17.64085347890536,26.079909148636244,34.80670761957587,23.043334435761516,-0.09415216462995274
2026-03-11,1093.68621097212,1096.1419460785291,1068.735918309216,1071.781005859375,8364878,0.0,0.0,SBIN.NS,-0.018971440881331625,-0.01915370758908149,1.77186872247279,1162.8986572265626,1077.019638671875,1007.7826409912109,907.2323220825195,1130.5040372414596,1086.4395534310522,1162.8986572265626,1243.8341185971628,1081.9631958559623,0.1391960698684201,37.61143464814915,4.81135013783296,23.86812086818565,-19.05677073035269,27.286734777227448,34.81810504696331,23.273949988958186,-0.1113374032861578
2026-03-12,1056.0643275370824,1078.5588856550278,1051.545798810298,1065.9854736328125,14614140,0.0,0.0,SBIN.NS,-0.0054073847128085495,-0.005422057535827977,1.7568801619169787,1158.100146484375,1079.2150646972657,1009.7300384521484,908.6605770874023,1124.3594121358742,1085.6374326546506,1158.100146484375,1249.919040500225,1066.281252468525,0.15856814161466615,36.576008773614376,-0.5477681948018471,18.98494305558815,-19.532711250389998,27.41302455931171,34.77801424770984,23.304715956798827,-0.11614274382647292
2026-03-13,1058.4218838608822,1062.1546493731119,1023.8451797948526,1028.4619140625,15978675,0.0,0.0,SBIN.NS,-0.03520081698902944,-0.0358352998058323,1.6598357278766533,1150.9588684082032,1080.4881176757813,1011.2805895996094,909.9046524047851,1115.226317081267,1083.3952554549585,1150.9588684082032,1259.2062242989025,1042.711512517504,0.1880994340664968,30.685785617611728,-7.733597643987196,13.641234915673081,-21.374832559660277,29.28639445030769,36.31001237365405,24.021747424982998,-0.14725524134546297
2026-03-16,1030.1318158454478,1054.0016113922836,1017.754933672958,1047.8131103515625,15322269,0.0,0.0,SBIN.NS,0.01881566640870913,0.018640841320118867,1.7098823096343465,1144.4806396484375,1082.0980981445311,1012.8444018554687,911.2314862060547,1108.8060116784382,1081.9998772156096,1144.4806396484375,1261.2438479138946,1027.7174313829805,0.20404575528918417,36.376195411475756,-11.731703660671883,8.566647200404088,-20.29835086107597,30.82298440847842,36.61054251496197,24.1736077111234,-0.131210280434844
2026-03-17,1054.8856886705516,1054.8856886705516,1028.4619526297915,1045.8485107421875,16427877,0.0,0.0,SBIN.NS,-0.0018749523077792318,-0.0018767122310496484,1.7048014095440873,1137.4375915527344,1083.389814453125,1014.3851306152344,912.5445678710937,1102.810059208319,1080.582176569593,1137.4375915527344,1260.309158480766,1014.5660246247029,0.21604977335116485,36.05259527977167,-14.887148472660783,3.8758880657911137,-18.763036538451896,31.65793619610351,34.05843336570855,24.1770996489541,-0.13283921972451757
2026-03-18,1048.5989519731277,1056.3590993465684,1042.5087765154108,1050.8582763671875,10749915,0.0,0.0,SBIN.NS,0.004790144627585535,0.004778708391085624,1.7177577994847009,1130.3847229003907,1084.6520642089845,1015.9396118164062,913.8092718505859,1097.8622703663063,1079.4165334244008,1130.3847229003907,1256.2468146909673,1004.5226311098141,0.2226889469412398,37.577561364438495,-16.790069532223015,-0.25730345381171205,-16.532766078411303,30.500232528866263,32.60341545930346,24.16011501325247,-0.1286853941716281
2026-03-19,1030.917599515117,1040.936950803617,1022.5681001383867,1030.3282470703125,13431191,0.0,0.0,SBIN.NS,-0.019536439649928128,-0.019729798391195486,1.6646624882519467,1122.035223388672,1085.2414404296876,1017.3580444335937,914.9646951293945,1091.4304586238309,1077.4915025869855,1122.035223388672,1251.3108850986484,992.7595616786955,0.23043066566047635,33.99935947370946,-19.727345411320357,-4.151311845313441,-15.576033566006917,30.66161699432526,33.088810094878426,24.39050938142445,-0.14570777938449495
2026-03-20,1039.6600314398456,1065.7890288095168,1035.3379137006734,1039.26708984375,17748625,0.0,0.0,SBIN.NS,0.008675723293867454,0.008638305468585376,1.6877803626715688,1114.7809814453126,1086.2404321289061,1018.6865966796875,916.1837219238281,1086.4625187400136,1075.9925060088194,1114.7809814453126,1245.606414366201,983.9555485244241,0.2347105576761337,36.82027693346303,-21.090746800067564,-7.539198836264266,-13.551547963803298,32.26836186152763,33.15855230850487,24.421984981840374,-0.1382961764663313
2026-03-23,1020.6035363599531,1027.086653225109,996.2426554714183,1013.6292724609375,16039603,0.0,0.0,SBIN.NS,-0.024669132346591516,-0.02497851411157308,1.6214751531862541,1105.7340576171875,1086.9064282226564,1019.6850988769531,917.2907675170899,1079.5260190943873,1073.5468890069417,1105.7340576171875,1238.3406775637209,973.1274376706541,0.23985264636289727,32.52628585637686,-23.963770393868117,-10.824113147785036,-13.13965724608308,33.776890705817614,33.86379545665778,24.79951002053501,-0.15955366213264732
2026-03-24,1036.5166462758839,1040.2494116751225,1001.9399432564919,1012.5487670898438,30416734,0.0,0.0,SBIN.NS,-0.0010659768817354864,-0.0010665454391736529,1.6186807212769136,1096.0584625244142,1087.50169921875,1020.5794781494141,918.3948663330078,1073.1472331891925,1071.1548057945065,1096.0584625244142,1226.0561758459266,966.0607492029018,0.2372094514413127,32.355029597654365,-26.027817565122632,-13.864854031252555,-12.162963533870077,34.24697883554139,25.18982483396956,24.791515227110477,-0.16044955849915318
2026-03-25,1024.5326936323975,1046.6343097462316,1024.5326936323975,1041.821044921875,16205333,0.0,0.0,SBIN.NS,0.028909499259144322,0.028499502798591356,1.694385469648604,1088.0674957275392,1088.3946032714844,1021.8196240234375,919.6107006835938,1070.1637866875433,1070.004462230874,1088.0674957275392,1210.145314704083,965.9896767509955,0.22439383486024653,41.36247935553428,-25.01322475183929,-16.094528175369902,-8.918696576469387,34.394320153693165,26.875326524201093,25.128698991774627,-0.13617857563257024
2026-03-27,1032.6857904923231,1036.6149667218629,995.0638801309044,1001.4487915039062,20445349,0.0,0.0,SBIN.NS,-0.03875162017004197,-0.03952244364619214,1.5899736673371012,1079.1973815917968,1088.2187731933593,1022.6300164794922,920.5902932739258,1063.6195014319587,1067.3160045553068,1079.1973815917968,1199.2647173145579,959.1300458690357,0.2225122813876066,34.532682208602054,-27.153843478457247,-18.30639123598737,-8.847452242469878,35.52394949754869,26.59767687328977,25.986630171147702,-0.16965305536440153
2026-03-30,987.2055421466002,991.5276600442548,958.522543259506,962.058837890625,21438137,0.0,0.0,SBIN.NS,-0.03933296834292266,-0.04012741115635047,1.4881023150707278,1067.8960876464844,1087.257108154297,1022.9217578125,921.3876705932618,1053.947057285165,1063.188272529241,1067.8960876464844,1187.3574982988666,948.4346769941022,0.22373227514235192,29.427194216956394,-31.66373942454834,-20.977860873699566,-10.685878550848773,33.06822110315684,28.110662365889816,26.83333654834407,-0.20231306545139605
2026-04-01,990.1524604010582,1012.745224874495,980.7715636649391,999.7789306640625,17424479,0.0,0.0,SBIN.NS,0.03920767762618471,0.03845857436292059,1.5856550285409847,1058.8638977050782,1087.0498449707031,1023.5130993652343,922.3834713745117,1048.7881880831553,1060.701631671783,1058.8638977050782,1169.492226487885,948.2355689222713,0.20895665443420341,38.76376500439219,-31.827283099250963,-23.147745318809847,-8.679537780441116,35.18716774841729,30.916457936599116,27.563817679512535,-0.1710376132749949
2026-04-02,982.2941115339542,1007.833758433837,960.5854356508436,1000.3683471679688,20777629,0.0,0.0,SBIN.NS,0.0005895468346335253,0.0005893731201702669,1.5871793932785154,1050.440725708008,1086.5803088378907,1024.0793927001953,923.4269134521485,1044.1767746626613,1058.3356205147707,1050.440725708008,1151.0109683162402,949.8704830997756,0.19148199445608308,38.89979256754847,-31.545692546649207,-24.82733476437772,-6.718357782271486,36.60447453510874,30.717219216829942,27.562211417551165,-0.17054890112387094
2026-04-06,1001.939983603395,1017.3619530344956,987.2546747939996,1014.4642333984375,23576634,0.0,0.0,SBIN.NS,0.01409069596251622,0.013992344919153715,1.6236345515096904,1043.4787200927735,1086.4693090820313,1024.8347772216796,924.6076312255859,1041.3470088279732,1056.615173961189,1043.4787200927735,1132.5733680595015,954.3840721260456,0.17076466678459287,42.20618629101003,-29.841119935238453,-25.83009179854987,-4.011028136688584,36.82548820623491,31.114684142060312,27.605081075042076,-0.1588613578738324
2026-04-07,1006.8514108515341,1015.3973212044529,994.0815880797585,1012.1558227539062,15021291,0.0,0.0,SBIN.NS,-0.0022754973201943862,-0.0022780901983598116,1.6176644781185607,1036.6468627929687,1086.3514331054687,1025.6132452392578,925.7760699462891,1038.5668958685383,1054.8716699922759,1036.6468627929687,1111.5662789421874,961.7274466437501,0.1445418277683651,41.80719057464134,-28.349705548252473,-26.33401454849039,-2.015690999762082,35.338019583858795,30.992483627161814,27.60575099627964,-0.1607753665999025
2026-04-08,1054.9838445577764,1058.7166100346876,1040.6914176944629,1042.656005859375,28533742,0.0,0.0,SBIN.NS,0.03013388098927572,0.02968877533766173,1.6965448679720398,1032.6415588378907,1086.9958166503907,1026.675595703125,927.0979919433594,1038.9563349152847,1054.3926243400053,1032.6415588378907,1095.8218255232653,969.461292152516,0.12236630638123099,48.70682059225546,-24.425081885667623,-25.95222801592584,1.5271461302582168,36.07474169539135,32.60102400335864,27.961580119220347,-0.13548627137375532
2026-04-09,1041.329937682068,1045.504687551959,1019.9159985301128,1022.5189819335938,24772948,0.0,0.0,SBIN.NS,-0.019313199955323657,-0.019502136402520895,1.6444659577483942,1029.815005493164,1086.8504370117187,1027.4987573242188,928.3211932373047,1037.3908727265523,1053.1426775789696,1029.815005493164,1089.1973075019798,970.4327034843483,0.11532615409964513,44.920007890481486,-22.67825805423854,-25.29743402358838,2.6191759693498398,36.01509547975464,32.663843896700946,28.167317716123492,-0.15218279787883643
2026-04-10,1030.4265520507975,1050.5144192344412,1027.6270377357864,1047.8131103515625,17861336,0.0,0.0,SBIN.NS,0.02473707468015629,0.024436067178246597,1.7098823096343474,1027.580288696289,1087.5812646484376,1028.6058026123046,929.7042636108398,1038.383466786077,1052.9336749426006,1027.580288696289,1079.9824481007024,975.1781292918756,0.10199136745002578,50.16153480083446,-19.033456967164284,-24.04463861230356,5.011181645139278,37.025460799018205,33.532654475962545,28.37524057528425,-0.131210280434844
2026-04-13,1023.5503875880017,1048.353312047308,1011.7628591320939,1044.7188720703125,17763348,0.0,0.0,SBIN.NS,-0.0029530440597482777,-0.0029574128973909636,1.7018799077772648,1026.2271820068358,1087.7855810546876,1029.5458581542969,931.017590637207,1038.986838717909,1052.6115258103541,1026.2271820068358,1075.1026298561615,977.3517341575102,0.0952526861620394,49.540461701059826,-16.207771910357906,-22.47726527191443,6.269493361556524,37.618337705190584,33.53475831717797,28.370104962789416,-0.1337758547553762
2026-04-15,1056.9483994035816,1068.7359280214653,1049.2864578383803,1052.528076171875,16195810,0.0,0.0,SBIN.NS,0.007474933506357528,0.007447134634757073,1.7220762804300631,1025.5543121337892,1087.9427465820313,1030.5099798583985,932.3991870117187,1040.2764803801915,1052.6082532755117,1025.5543121337892,1072.4557875124144,978.6528367551639,0.09146561000955883,51.18323853532375,-13.1862556906799,-20.619063355667524,7.4328076649876245,36.80092872032976,33.41475991811437,28.364327011095103,-0.1273008868680712
2026-04-16,1058.9129934902317,1064.9541259228224,1043.1962885775752,1048.255126953125,20313165,0.0,0.0,SBIN.NS,-0.004059700938611632,-0.004067963895471753,1.7110254647994285,1026.5439727783203,1087.9614111328126,1031.4402124023438,933.7338790893555,1041.0363514823757,1052.4375424393397,1026.5439727783203,1074.5266212779718,978.5613242786687,0.09348386386174472,50.21981762094683,-11.009562229001176,-18.697163130334257,7.687600901333081,35.28188607553801,33.23984905978236,28.352469058467495,-0.1308437842767784
2026-04-17,1048.1077725199245,1062.9895516597985,1041.2317140310404,1061.1231689453125,16823879,0.0,0.0,SBIN.NS,0.012275677610649849,0.012200942474934732,1.7443051393995685,1027.2094757080079,1088.0223120117187,1032.39794921875,935.1100732421875,1042.9493817169412,1052.7781552434956,1027.2094757080079,1076.7772408220471,977.6417105939687,0.09650955581357826,53.08386350048896,-8.15220004478806,-16.58817051322502,8.43597046843696,34.099626733404264,33.559126672966485,28.245634700346255,-0.12017430277926759
2026-04-20,1061.1723665018162,1101.102525826513,1056.8010858019393,1088.2344970703125,31179584,0.0,0.0,SBIN.NS,0.025549652404580847,0.025228715110103946,1.8144211818033322,1029.328775024414,1089.5772839355468,1033.6385870361328,936.636558227539,1047.2622498458338,1054.1686000210177,1029.328775024414,1085.4440452434096,973.2135048054184,0.10903274362977879,58.50115829701183,-3.657896374309985,-14.002115685442012,10.344219311132028,34.829333688274694,34.51661635425963,28.516973165037946,-0.09769506203865994
2026-04-21,1093.6863001427537,1095.012373226544,1086.3681369836245,1092.1636962890625,16963734,0.0,0.0,SBIN.NS,0.0036106181428066098,0.0036041155087718013,1.8245829819838506,1031.3940460205079,1090.5134118652343,1035.0064318847656,938.1416784667969,1051.5385780785223,1055.6586037962352,1031.3940460205079,1093.5598479026507,969.228244138365,0.1205471412638091,59.235802514274226,0.2184075373813812,-11.158011040877335,11.376418578258717,32.106981649128194,34.40005467699007,28.25694685738398,-0.0944371834593128
2026-04-22,1090.3464592751195,1098.057444036852,1080.6217236295247,1083.76513671875,12412659,0.0,0.0,SBIN.NS,-0.007689835872451201,-0.007719555115762066,1.8028624024442759,1034.0658905029297,1091.2029846191406,1036.3099371337892,939.5313793945312,1054.6077741394963,1056.7608207735889,1034.0658905029297,1100.4865721934252,967.6452088124341,0.12846508583353636,56.91646244994426,2.5829382427855307,-8.409821184144763,10.992759426930293,30.286229660765848,34.4374827199716,28.151963005767744,-0.1014008128907053
2026-04-23,1075.6119646643676,1082.3898174645885,1063.038553095583,1074.875244140625,13669001,0.0,0.0,SBIN.NS,-0.008202785157899073,-0.008236613116062722,1.7798711243298726,1035.8462982177734,1091.6106359863281,1037.3968450927734,940.8768765258789,1056.5380093776992,1057.4711903173943,1035.8462982177734,1104.7177450233833,966.9748514121636,0.13297618946769743,54.48464661814265,3.6968903761971887,-5.988478872076373,9.685369248273561,28.14624370642992,33.92442431401496,28.20005702562296,-0.10877182896562558
2026-04-24,1072.0266364810311,1086.4172689530212,1070.749726103037,1081.60400390625,13774745,0.0,0.0,SBIN.NS,0.006260037899565418,0.006240525253243731,1.797273222924085,1039.245034790039,1092.2923474121094,1038.5480932617188,942.2923620605469,1058.925246951847,1058.4175751640162,1039.245034790039,1110.1782206540033,968.3118489260747,0.13650906858226192,56.016461011465,5.064282252610155,-3.7779266471390667,8.842208899749222,25.890473711214984,32.035992804729716,28.20995757162538,-0.10319270683778997
2026-04-27,1091.2796075968854,1095.0615358962568,1083.8633589162316,1092.1636962890625,11624385,0.0,0.0,SBIN.NS,0.009762993059082348,0.009715642978580859,1.8245829819838497,1043.22578125,1091.6214416503906,1039.9134826660156,943.7891329956054,1062.0908135553912,1059.7409524630377,1043.22578125,1116.7397931589567,969.7117693410432,0.14093595697159966,58.383547936437594,6.920256679168006,-1.6382899818776524,8.558546661045657,24.701206121894327,31.955914408818447,28.240560608737255,-0.0944371834593128
2026-04-28,1082.7827735553876,1090.8375367592364,1069.8655828843748,1071.9775390625,10727835,0.0,0.0,SBIN.NS,-0.018482721312886308,-0.018655661052656147,1.7723770019027207,1044.7336059570312,1090.5841394042968,1041.0165991210938,945.1616436767578,1063.03240646083,1060.220818604193,1044.7336059570312,1119.35502497079,970.1121869432723,0.14285252927305184,52.56025584246437,6.685212628578483,0.026410540213574807,6.658802088364909,24.77137614189385,31.93075904921661,28.441479593851177,-0.11117444862874667
2026-04-29,1074.6297819435,1085.4350174109393,1065.0524141428152,1067.655517578125,10611104,0.0,0.0,SBIN.NS,-0.0040318209354972545,-0.0040399706383293064,1.7611992742653584,1048.0439422607421,1088.6981359863282,1042.1344506835937,946.5371014404296,1063.4727027577153,1060.5123754267001,1048.0439422607421,1120.42068201873,975.6672025027542,0.13811775792885864,51.37863376666973,6.080099904963163,1.2371484131634924,4.8429514917996705,22.90150585527547,31.91224303241113,28.452933094833632,-0.11475803409477017
2026-04-30,1055.9661789414106,1058.6183251016832,1044.1786495020647,1049.5321044921875,14269539,0.0,0.0,SBIN.NS,-0.016974963167004198,-0.017120689339386163,1.714328018287945,1052.4176055908204,1086.2630285644532,1043.1280413818358,947.7934555053711,1062.145026732427,1060.0817765665233,1052.4176055908204,1112.4326247816662,992.4025863999746,0.11405172029054715,46.64332424466167,4.090977497497988,1.8079142300303916,2.283063267467597,22.750661502005048,30.561561854112217,28.59099815382654,-0.12978498385989787
2026-05-01,1049.5321044921875,1049.5321044921875,1049.5321044921875,1049.5321044921875,0,0.0,0.0,SBIN.NS,0.0,0.0,1.714328018287945,1054.9052642822267,1083.7061169433593,1044.2812548828124,949.0581591796876,1060.9437960428802,1059.6680639361573,1054.9052642822267,1109.624238406027,1000.1862901584263,0.10374196807337371,46.64332424466167,2.485927434697487,1.9435168709638109,0.5424105637336762,20.750987409087372,30.08351110389416,28.49396056844748,-0.12978498385989787
2026-05-04,1044.7679726198023,1069.816471974203,1044.7679726198023,1049.4830322265625,11693211,0.0,0.0,SBIN.NS,-4.675632638106997e-05,-4.6757419492171665e-05,1.7142011062812168,1057.3609985351563,1080.9615881347656,1045.4629553222655,950.3371063232422,1059.8522947270403,1059.2686509279379,1057.3609985351563,1105.8254223209726,1008.89657474934,0.0916705341940129,46.629828553671686,1.1961653251637472,1.7940465618037982,-0.597881236640051,19.92656215474356,30.07706907447627,28.494509284844373,-0.12982567191721417
2026-05-05,1041.8211028311687,1049.581250235382,1030.8194568287804,1041.133544921875,12194631,0.0,0.0,SBIN.NS,-0.007955809716116535,-0.007987626032296536,1.6926074387483703,1058.6944641113282,1077.9459460449218,1046.3313037109374,951.57111328125,1058.069556650358,1058.5574703002492,1058.6944641113282,1103.5202953718929,1013.8686328507636,0.0846813368353477,44.28212905707251,-0.4940195351032344,1.3364333424223918,-1.8304528775256261,19.55118625870419,30.13812838015576,28.533625758416616,-0.13674861329129034
2026-05-06,1053.019301365762,1081.6040364042549,1042.4104768585712,1076.5943603515625,14384779,0.0,0.0,SBIN.NS,0.03405981451913398,0.03349262211054551,1.78431714868498,1061.9163909912108,1075.5314685058593,1047.7025866699219,952.9814422607421,1059.8338236695204,1059.2647993218693,1061.9163909912108,1101.629525086894,1022.2032568955276,0.07479521821602984,54.711150669622235,1.016174406772052,1.2723815552923239,-0.25620714852027193,20.88780441135652,31.126970936396358,29.03635400686423,-0.10734643117660651
2026-05-07,1086.4172785832332,1088.381866790436,1066.8696019397742,1072.6651611328125,16105163,0.0,0.0,SBIN.NS,-0.0036496561411178963,-0.0036563323850385683,1.774155348504462,1063.4168487548827,1073.2977331542968,1049.005599975586,954.3347979736328,1061.0558558088815,1059.7903037066121,1063.4168487548827,1102.3254542100212,1024.5082432997442,0.07317658263679991,53.51586525448611,1.8743540599448352,1.3927760562228262,0.481578003722009,20.870263498635364,31.090221929768425,29.041586226527183,-0.11060430975595364
2026-05-08,1070.7005210892246,1075.6119913694504,993.0010852378409,1001.2523193359375,48065909,0.0,0.0,SBIN.NS,-0.0665751479440777,-0.06889482051990217,1.589465545757923,1062.353515625,1069.431424560547,1049.5905554199219,955.2561895751953,1055.3602809066963,1057.4946964763897,1062.353515625,1106.7443815848183,1017.9626496651816,0.08357079881022926,37.486208110300154,-3.171394036721267,0.47994203763400745,-3.6513360743552745,23.606653934852197,36.09449674684403,31.187074691776896,-0.16981595941477617
2026-05-11,989.1701581334676,989.1701581334676,953.9057759818752,956.3615112304688,46927396,0.0,0.0,SBIN.NS,-0.04483466079283771,-0.04587082342683024,1.4733677363791262,1057.7809356689454,1064.43744140625,1049.6922229003906,955.9663882446289,1045.9318266518176,1053.5286892118438,1057.7809356689454,1122.6124087260978,992.949462611793,0.12258015033358995,31.166518307602175,-10.669507362617196,-1.7499478424162334,-8.919559520200963,26.371104442790966,38.349032569396094,32.102623087302845,-0.20703697927004208
2026-05-12,959.6031354409057,964.0234589147167,945.3598709141811,957.3438110351562,25787092,0.0,0.0,SBIN.NS,0.0010271218500037538,0.0010265947212757876,1.4759081864242556,1053.4121826171875,1059.5515100097657,1049.8046954345702,956.7092483520507,1037.494872783564,1049.756733204915,1053.4121826171875,1132.2192060202144,974.6051592141605,0.14962238846950116,31.438897145349614,-16.344147649339675,-4.668787803800922,-11.675359845538754,26.458809270877264,37.25633766284645,32.10173806580829,-0.2062225096252053
2026-05-13,960.6836091187947,963.8269621620207,944.1810805849492,952.9234619140625,17584580,0.0,0.0,SBIN.NS,-0.004617305789352821,-0.0046279984726839965,1.4644761612211727,1048.431951904297,1055.032957763672,1049.8326904296875,957.4258316040039,1029.4404527007543,1045.9593500170386,1048.431951904297,1139.1614461386316,957.7024576699623,0.1730765531697886,30.847350908270073,-20.95645324376119,-7.926320891792976,-13.030132351968213,26.381616267584725,35.65275120774781,32.08051740510504,-0.2098876230269708
2026-05-14,956.2632817330172,969.5242517416415,946.5385464115705,962.5499877929688,16487142,0.0,0.0,SBIN.NS,0.010102097664349774,0.01005141254062809,1.489372540093291,1044.146694946289,1050.5222631835939,1050.016870727539,958.2357330322266,1023.0699322333462,1042.6883946357025,1044.146694946289,1142.6723072057355,945.6210826868426,0.18871986615734032,33.76998174694259,-23.563335012654306,-11.053723715965242,-12.509611296689064,26.90434215901949,33.91993277020052,32.08972928737583,-0.20190583062897766
2026-05-15,971.2000122070312,972.5,957.0,963.2000122070312,26972493,17.35,0.0,SBIN.NS,0.0006753149678522252,0.0006750870453065544,1.4910536506301764,1039.250537109375,1046.1778088378906,1050.063154296875,959.0211346435547,1017.3680350879828,1039.5712031679116,1039.250537109375,1143.7738911690906,934.7271830496595,0.2011514073409905,33.97290513236649,-25.28538191522182,-13.900055355816558,-11.38532655940526,27.05023273116186,31.848567106936887,32.0872376608732,-0.20136686569064588
2026-05-18,952.0,954.9000244140625,933.9000244140625,939.4000244140625,16554877,0.0,0.0,SBIN.NS,-0.024709289339017504,-0.025019687646079307,1.4295014852177395,1031.8088134765626,1041.5891735839843,1049.8547387695312,959.7118481445312,1009.9425102618951,1035.6429216481529,1031.8088134765626,1142.650081084092,920.9675458690332,0.21484846060591864,30.310983831830825,-28.244985985729954,-16.76904148179924,-11.475944503930716,27.550366616039078,32.57165151018809,32.26224691077896,-0.22110052288202214
2026-05-19,942.0,956.5999755859375,939.5,948.7999877929688,17280869,0.0,0.0,SBIN.NS,0.010006347812018923,0.009956615795812763,1.4538119220886445,1024.6406280517579,1037.4910864257813,1049.7133099365235,960.4945016479492,1004.1194128839022,1032.23731639893,1024.6406280517579,1137.57058490847,911.7106711950457,0.22042841902811544,33.365951588358314,-29.49202929295916,-19.313639044031223,-10.178390248927936,27.32303432344986,32.41870193517402,32.28779775274217,-0.2133065838033799
2026-05-20,941.0999755859375,955.0,935.0,950.9000244140625,11928460,0.0,0.0,SBIN.NS,0.0022133607168131064,0.002210914842385096,1.459243093003443,1017.9973724365234,1033.5332275390624,1049.6518188476562,961.3338229370117,999.0508996962984,1029.0476186740332,1017.9973724365234,1131.9104456530229,904.0842992200239,0.22379836392672506,34.061403945366976,-29.965441734342562,-21.44399958209349,-8.521442152249072,27.074686603731266,32.441763412044715,32.209622041383035,-0.21156534749979478
2026-05-21,957.0,960.9000244140625,946.5,950.9000244140625,11756520,0.0,0.0,SBIN.NS,0.0,0.0,1.459243093003443,1011.7986114501953,1030.095986328125,1049.6139025878906,962.1630758666993,994.4651020503712,1025.9830071344265,1011.7986114501953,1126.1713752787603,897.4258476216303,0.22607811976463632,34.061403945366976,-29.99486240227145,-23.154172146129085,-6.840690256142366,28.1032597761643,31.001922493500377,32.154170789515405,-0.21156534749979478
2026-05-22,950.9000244140625,958.5999755859375,947.7000122070312,949.2000122070312,7807192,0.0,0.0,SBIN.NS,-0.0017877927893406032,-0.0017893927981432588,1.4548464759345356,1005.1784118652344,1027.498985595703,1049.5879638671875,962.9717956542969,990.1541411129103,1022.9719092941366,1005.1784118652344,1117.8536454142973,892.5031783161714,0.22418952142034151,33.73088718605214,-29.811704498762197,-24.485678616655708,-5.326025882106489,27.09265006362898,30.608183042373444,32.12047971958455,-0.2129749052864009
2026-05-25,959.9000244140625,972.5,957.5,969.5999755859375,10934747,0.0,0.0,SBIN.NS,0.021491743696329335,0.02126405271358497,1.5076054072091578,999.0502258300781,1025.0408361816405,1049.792056274414,963.9075637817383,988.196601538913,1020.878892285972,999.0502258300781,1104.9328881482272,893.167563511929,0.2119666450806809,41.11498985681387,-27.701122686598524,-25.128767430644274,-2.5723552559542497,27.41680680551235,30.3726798257646,32.321507642144084,-0.19606036366823687
2026-05-26,969.9000244140625,978.7999877929688,962.0999755859375,968.5,16269800,0.0,0.0,SBIN.NS,-0.0011344632978902425,-0.0011351072884792375,1.5047606209090878,993.8763488769531,1022.9752160644531,1049.9974273681642,964.8503561401367,986.3207347256831,1018.8248180786791,993.8763488769531,1094.7488056898158,893.0038920640905,0.20298794095833983,40.850673443603945,-25.81959797809384,-25.26693354013419,-0.552664437959649,25.718915428701735,30.374386298496425,32.22757379105335,-0.19697240367937446
2026-05-27,969.7999877929688,975.9000244140625,966.5999755859375,967.7999877929688,8111259,0.0,0.0,SBIN.NS,-0.0007227797697793026,-0.0007230411010079747,1.5029502306041547,988.8835723876953,1021.0115063476562,1050.113285522461,965.7812991333008,984.5568540654245,1016.8238443419846,988.8835723876953,1084.106860243866,893.6602845315244,0.19258746027350973,40.67148038763552,-24.10706992979101,-25.034960818065557,0.9278908882745469,24.84661428423481,30.236780854135276,32.14991599884612,-0.19755281578056952
2026-05-28,967.7999877929688,967.7999877929688,967.7999877929688,967.7999877929688,0,0.0,0.0,SBIN.NS,0.0,0.0,1.5029502306041547,984.7969665527344,1019.7982678222656,1050.1431927490235,966.6881759643554,982.9609620394764,1014.9013401635917,984.7969665527344,1075.9911148657964,893.6028182396724,0.1852039586033365,40.67148038763552,-22.490621231778277,-24.526092900808102,2.0354716690298247,18.945835274834135,30.242814195127778,32.1499352143824,-0.19755281578056952
2026-05-29,967.7999877929688,973.7000122070312,960.2999877929688,964.4000244140625,22292535,0.0,0.0,SBIN.NS,-0.003513084750765172,-0.0035192701237401727,1.494157154317095,980.5403625488282,1018.1300061035156,1050.1140521240234,967.5557055664062,981.1932536941989,1012.9208964087082,980.5403625488282,1066.8272693713393,894.2534557263172,0.17599868423206133,39.69075083400111,-21.239091595677905,-23.868692639782065,2.6296010441041595,16.521083921977006,29.917891538160912,32.15446609127296,-0.20037188074674528
2026-06-01,966.25,970.25,950.0999755859375,954.0999755859375,11118975,0.0,0.0,SBIN.NS,-0.010680266038341268,-0.010737709453080706,1.4675188923675564,975.7712097167969,1016.2950354003906,1049.8424249267578,968.3717349243165,978.6129414934121,1010.6141936313447,975.7712097167969,1056.3701516694748,895.1722677641189,0.16520049198022677,36.79600968715032,-20.83816382039936,-23.262586875905527,2.4244230555061677,16.627257951514643,28.73221916982859,32.11411315829746,-0.20891212179210852
2026-06-02,950.9500122070312,961.2999877929688,939.9000244140625,956.6500244140625,15911760,0.0,0.0,SBIN.NS,0.0026727270656923263,0.002669161682160252,1.4741138968962941,971.5470336914062,1014.4108703613281,1049.5314672851562,969.2046893310547,976.5212351049026,1008.4979517012553,971.5470336914062,1046.370913162199,896.7231542206135,0.15403038015874207,38.00158651587398,-20.08315196663648,-22.62669989405172,2.54354792741524,16.752549508788555,28.711304630266117,32.11417431752275,-0.20679775980868112
2026-06-03,953.75,974.0,937.2000122070312,970.4500122070312,27947005,0.0,0.0,SBIN.NS,0.014425325292205082,0.01432227017408689,1.5098037946689882,966.2398162841797,1013.2133056640625,1049.227373046875,970.0125891113281,975.9430234003435,1007.0058756426583,966.2398162841797,1022.4281142718601,910.0515182964994,0.11630300685343499,44.20409812064432,-18.161896907221944,-21.733739296685762,3.571842389463818,17.739283970424108,29.192123502371896,32.210168618573036,-0.19535555947141559
2026-06-04,969.9000244140625,985.7999877929688,961.0999755859375,979.25,18875883,0.0,0.0,SBIN.NS,0.009067945470942362,0.009027078520471792,1.5325625586218106,961.569058227539,1012.0129638671875,1049.126697998047,970.8784866333008,976.2579735526917,1005.9174099311815,961.569058227539,988.3348422919555,934.8032741631225,0.055671059369888386,47.79100725249995,-15.747673581948561,-20.536526153738322,4.788852571789761,18.396427699497767,29.379280493693365,32.22516258665429,-0.1880590875612054
2026-06-05,980.0,992.5999755859375,970.5999755859375,977.7000122070312,20955539,0.0,0.0,SBIN.NS,-0.0015828315475810983,-0.0015840855488583163,1.5285539387078013,960.3914428710938,1011.2943786621094,1049.100403442383,971.7304949951172,976.3953105673908,1004.8108453145481,960.3914428710938,981.2197893921493,939.5630963500382,0.04337470242089857,47.21526068660341,-13.800373152960447,-19.18929555358275,5.388922400622302,17.875,29.25372294584761,32.05998401438729,-0.1893442532521853
2026-06-08,966.0,988.6500244140625,965.1500244140625,981.9500122070312,12895416,0.0,0.0,SBIN.NS,0.0043469366338722,0.00433751599556795,1.5395454024546922,961.6708679199219,1010.6824035644531,1049.0920513916017,972.5806692504883,976.9243297711661,1003.9143420554299,961.6708679199219,984.5040758831103,938.8376599567334,0.04748653354255452,49.028511271233036,-11.778409874944487,-17.7071184178551,5.928708542910613,18.325003487723215,29.086922516617204,31.93023825380832,-0.18582038408918822
2026-06-09,985.0,1009.0,983.0,1002.7000122070312,22142480,0.0,0.0,SBIN.NS,0.021131421907478076,0.020911249711390308,1.5932096078071587,963.9386779785157,1009.8999829101563,1049.1472930908203,973.5291906738281,979.3791566698198,1003.8667212770614,963.9386779785157,993.0961310959024,934.781224861129,0.06049648962843372,56.826468882190326,-8.404753063109183,-15.846645346905918,7.441892283796735,18.82857404436384,29.560919693930604,31.893994822836756,-0.16861561111690843
2026-06-10,1002.7000122070312,1012.4000244140625,999.5,1003.25,19122317,0.0,0.0,SBIN.NS,0.0005485068178647801,0.0005483564429854097,1.5946320009571933,966.4550048828125,1009.9360070800781,1049.0773901367188,974.4669555664062,981.6525703203132,1003.8425361289414,966.4550048828125,999.9706041597382,932.9394056058869,0.06935780581112426,57.014183616802306,-5.621920317495778,-13.80170034102389,8.179780023528112,18.721431187220983,29.564086575620625,31.849590849765995,-0.16815959111133963
2026-06-11,998.0999755859375,1009.4000244140625,993.0,1000.7000122070312,13773978,0.0,0.0,SBIN.NS,-0.002541727179634967,-0.002544962852123512,1.5880371542792098,968.3625061035157,1010.7088305664063,1048.9829693603515,975.3990921020508,983.4666124047626,1003.7192998967097,968.3625061035157,1005.1273442129423,931.5976679940891,0.07593197356919665,55.80273223089825,-3.5809886134771887,-11.75755799551455,8.17656938203736,19.114292689732142,29.218509743120393,31.8483410636255,-0.17027390248773058
2026-06-12,1018.0,1018.7000122070312,1004.3499755859375,1017.1500244140625,11081119,0.0,0.0,SBIN.NS,0.016438505052828845,0.016304855505478805,1.6305806161167373,971.0600067138672,1011.0562524414063,1049.0530487060546,976.4294409179688,986.6745564056483,1004.2459949758216,971.0600067138672,1013.680470502923,928.4395429248115,0.08778131834156425,61.487783685935426,-0.6289073745716678,-9.531827871325973,8.902920496754305,18.735722133091517,29.67280461662018,31.92297996374044,-0.15663444584131112
2026-06-15,1034.0,1034.0,1018.5,1020.8499755859375,12463437,0.0,0.0,SBIN.NS,0.0036375668122372584,0.0036309668664008744,1.640149528862838,975.1325042724609,1011.4658850097657,1049.0230969238282,977.5247030639648,989.9293582323425,1004.897131470336,975.1325042724609,1020.4927592572064,929.7722492877153,0.09303403339751966,62.65144665314742,1.9862966226072558,-7.228202972539327,9.214499595146583,18.746433803013392,29.700903160361136,31.017364178342778,-0.15356664729091932
2026-06-16,1023.7999877929688,1026.550048828125,1007.4000244140625,1015.2999877929688,9693677,0.0,0.0,SBIN.NS,-0.00543663410461781,-0.005451466382683697,1.6257960018929318,978.4575042724609,1011.4826000976562,1048.9759545898437,978.5912329101562,992.3456086666878,1005.3050866202432,978.4575042724609,1025.411655003311,931.503353541611,0.09597586103805919,59.73574102478035,3.569875695344308,-5.0685872389626,8.638462934306908,19.450003487723215,29.656724979261785,30.485660015097615,-0.15816839572354346
2026-06-17,1017.0,1028.0999755859375,1013.4500122070312,1026.5,8190062,0.0,0.0,SBIN.NS,0.011031234454535577,0.010970834174889565,1.6547617732195947,982.2375030517578,1011.7694836425782,1049.0604583740235,979.7560015869141,995.5984078412889,1006.1362596939591,982.2375030517578,1031.9422887383612,932.5327173651546,0.10120726511087855,63.43402983689947,5.663337473173783,-2.922202296535323,8.585539769709106,20.496429443359375,28.019512982668743,30.536251455090774,-0.14888195392553216
2026-06-18,1027.9000244140625,1045.699951171875,1024.449951171875,1042.699951171875,11048009,0.0,0.0,SBIN.NS,0.015781735189356993,0.015658498508011955,1.6966585205153741,986.8274993896484,1011.7703625488281,1049.3830895996093,981.030747680664,1000.0842691108685,1007.570129947995,986.8274993896484,1041.0929209830895,932.5620777962074,0.10997954886138485,68.01084869274895,8.531278418538136,-0.631506153520631,9.162784572058767,21.057141985212052,28.44857977480975,30.640139199815785,-0.1354498343075019
2026-06-19,1042.0,1042.0,1029.300048828125,1035.0999755859375,9099878,0.0,0.0,SBIN.NS,-0.007288746467664087,-0.007315439163483389,1.6770032602494713,991.1224975585938,1012.021982421875,1049.4362097167968,982.2647924804687,1003.4190982989703,1008.6497317377183,991.1224975585938,1046.4358820422212,935.8091130749664,0.1116176549717708,63.965853607788375,10.074752292882408,1.509745535759977,8.56500675712243,20.57499040876116,20.656574239213775,30.644509051469193,-0.1417513212738115
2026-06-22,1038.0,1043.0,1033.5999755859375,1040.75,6209440,0.0,0.0,SBIN.NS,0.005458433530407758,0.005443590271567959,1.691615504606228,994.6799987792969,1011.8807202148438,1049.7309924316405,983.5096517944336,1006.9744222704969,1009.9085657872195,994.6799987792969,1053.222855123062,936.1371424355318,0.11771194035390418,65.60370422729522,11.619928902189713,3.5317822090459243,8.088146693143788,19.717851911272323,15.390463509749704,27.94400978405544,-0.13706662790842433
2026-06-23,1041.0,1045.5,1022.3499755859375,1024.199951171875,10411004,0.0,0.0,SBIN.NS,-0.015902040670790263,-0.016029834721040408,1.64881332538185,997.4649963378906,1011.470341796875,1049.6279614257812,984.6823202514648,1008.614948832533,1010.4690122728922,997.4649963378906,1056.0634059846425,938.8665866911387,0.11749466870895937,57.3769065156028,11.37788469923612,5.101002707083964,6.2768819921521555,18.742854527064733,16.32044098594324,28.059007742713888,-0.15078902948760678
2026-06-24,1024.0,1044.5,1020.5,1034.5999755859375,11724076,0.0,0.0,SBIN.NS,0.010154291066078347,0.010103082617783974,1.675710146867484,1000.8049957275391,1011.1117797851563,1049.5272631835937,985.8664694213867,1011.0897132852382,1011.4153245596783,1000.8049957275391,1059.896907536154,941.7130839189242,0.11808876266781182,60.7111091335509,11.888218001186488,6.45844576590447,5.429772235282018,18.692853655133927,16.337621503247117,27.5010521508731,-0.14216589411651703
2026-06-25,1040.0,1055.4000244140625,1038.550048828125,1045.4000244140625,16002360,0.0,0.0,SBIN.NS,0.010438864375584833,0.010384755660792755,1.70364152219901,1004.6849975585938,1011.054677734375,1049.5080444335938,987.1181253051758,1014.3573619641738,1012.7480578873012,1004.6849975585938,1064.8332432718182,944.5367518453693,0.11973553075717465,63.87171546483405,13.01411587360542,7.769579787444661,5.244536086160759,18.607142857142858,16.350994000770807,27.52672402445471,-0.13321108022844827
2026-06-26,1045.4000244140625,1045.4000244140625,1045.4000244140625,1045.4000244140625,0,0.0,0.0,SBIN.NS,0.0,0.0,1.70364152219901,1008.7349975585937,1010.74021484375,1049.3812634277344,988.3835336303711,1017.3138060070204,1014.0285271628604,1008.7349975585937,1068.3678899249337,949.1021051922537,0.11823301959517102,63.87171546483405,13.747920578508001,8.96524794565733,4.782672632850671,16.928571428571427,16.35981478868656,27.506708667692344,-0.13321108022844827
2026-06-29,1044.449951171875,1046.4000244140625,1030.8499755859375,1036.0999755859375,16818246,0.0,0.0,SBIN.NS,-0.008896162818953002,-0.008935969938338239,1.6795894870134456,1012.8349975585937,1009.6975244140625,1049.6374041748047,989.591636352539,1019.1029650145363,1014.894074159844,1012.8349975585937,1067.739786331366,957.9302087858213,0.10841803236483462,59.121888268414274,13.424283098014257,9.857054976128715,3.5672281218855417,16.107147216796875,14.597549241263835,27.493227143618693,-0.14092217558840042
2026-06-30,1040.0,1044.0,1025.050048828125,1026.9000244140625,11161643,0.0,0.0,SBIN.NS,-0.008879404872751073,-0.008919061715506162,1.6557963270654859,1016.3474975585938,1008.3922509765625,1049.4528314208985,990.7534936523438,1019.8455421002055,1015.3648957384409,1016.3474975585938,1064.7174879105107,967.9775072066767,0.09518396113161762,54.781874614715534,12.283838447471908,10.342411670397354,1.941426777074554,16.53928484235491,14.86863848322239,27.504367196127085,-0.14855027540855315
2026-07-01,1031.0,1049.9000244140625,1025.5,1047.4000244140625,6295315,0.0,0.0,SBIN.NS,0.019962994948507395,0.019766347175816455,1.7088139757269585,1020.1949981689453,1007.6649487304687,1049.4339666748047,991.9719287109375,1022.4697785110491,1016.6211752943476,1020.1949981689453,1065.3263407268882,975.0636556110023,0.08847591419080682,61.554291585137875,12.88566855377087,10.851063047072056,2.0346055066988136,17.110713413783483,15.68737154140655,27.72060707123078,-0.1315527888576261
2026-07-02,1050.9000244140625,1059.800048828125,1045.0,1051.5999755859375,14682790,0.0,0.0,SBIN.NS,0.004009882636984319,0.004001864485021453,1.7196760018550465,1023.8124969482421,1007.199443359375,1049.4050396728517,993.1845959472656,1025.2440829943719,1017.9928929528413,1023.8124969482421,1066.6660656586505,980.9589282378337,0.08371370507421112,62.784092502874884,13.54538148206052,11.38992673406975,2.1554547479907704,16.882145472935267,15.657669179756489,27.687858118649878,-0.12807041746452877
2026-07-03,1055.0,1057.0,1034.5,1040.0,10441493,0.0,0.0,SBIN.NS,-0.011030787233970885,-0.011092077504196319,1.6896758345332468,1026.9274963378907,1006.36736328125,1049.3298553466798,994.3397546386718,1026.6494084234791,1018.8559167586122,1026.9274963378907,1064.3852458709207,989.4697468048607,0.07295110836277624,57.329496501458884,12.98253308589301,11.708448004434402,1.2740850814586082,17.285718645368302,16.145739741329145,27.686357291946173,-0.13768848717248264
2026-07-06,1041.9000244140625,1048.4000244140625,1036.5,1037.699951171875,8761017,0.0,0.0,SBIN.NS,-0.0022115854116586675,-0.0022140345783690707,1.683727386695502,1029.7149932861328,1005.2780883789062,1048.4497650146484,995.4775192260743,1027.7018410661835,1019.5948985003089,1029.7149932861328,1060.8422809257777,998.5877056464878,0.06045806430439224,56.28532269891178,12.210126224134683,11.808783648374458,0.4013425757602249,16.76786150251116,15.235298234138448,27.623883239783627,-0.13959556273455728
2026-07-07,1039.300048828125,1049.5999755859375,1035.5,1038.0999755859375,11053574,0.0,0.0,SBIN.NS,0.00038549140684729366,0.00038541712412453816,1.684761940541394,1031.4849914550782,1004.600537109375,1047.592338256836,996.5838858032226,1028.6921395918744,1020.3205877977846,1031.4849914550782,1060.066008435099,1002.9039744750573,0.05541722316231219,56.4339426279816,11.497728194828824,11.746572557665331,-0.24884436283650757,16.72857666015625,15.21179205533539,27.62328374862923,-0.13926388421757827
2026-07-08,1029.5999755859375,1038.300048828125,1011.7000122070312,1016.9000244140625,14141694,0.0,0.0,SBIN.NS,-0.020421878114301184,-0.02063328787576044,1.629934059425743,1032.1674926757812,1003.5854272460938,1046.141781616211,997.4585189819336,1027.5690810035112,1020.1864480572465,1032.1674926757812,1058.4707619860965,1005.8642233654659,0.05096705621318673,47.26317459714568,9.117389153088311,11.220735876749927,-2.103346723661616,17.110722133091517,16.569549213943798,27.65046481043802,-0.15684173226266387
2026-07-09,1019.7999877929688,1031.699951171875,1019.2999877929688,1022.0999755859375,7661699,0.0,0.0,SBIN.NS,0.005113532350312644,0.005100502643439015,1.6433823123178057,1033.2374908447266,1003.0367846679687,1044.649906616211,998.3729043579101,1027.0482138208852,1020.2614883524893,1033.2374908447266,1055.5962830144601,1010.8786986749931,0.043279095789398876,49.43375131589679,7.563360206425841,10.489260742685111,-2.9259005362592703,17.210723876953125,16.590131570931778,27.628242794351383,-0.15253021518415547
2026-07-10,1029.5,1047.800048828125,1023.5,1036.0,8792150,0.0,0.0,SBIN.NS,0.013599476319421822,0.013507833370576124,1.6793309274773502,1034.1799896240234,1002.766142578125,1043.2361297607422,999.3174978637695,1027.9007648855627,1020.8786848876858,1034.1799896240234,1055.2345945276147,1013.125384720432,0.0407174865397382,54.79039601681265,7.368457877183573,9.865100169584803,-2.49664229240123,18.375013078962052,16.846647942034313,27.730440114770584,-0.14100506991412695
2026-07-13,1023.5,1042.9000244140625,1022.0999755859375,1037.0,8381510,0.0,0.0,SBIN.NS,0.0009652509652509078,0.0009647854100989033,1.6819171542413245,1034.9874908447266,1002.5164819335937,1041.7390350341798,1000.301962890625,1028.7673587059853,1021.5108933234628,1034.9874908447266,1055.1075508067406,1014.8674308827126,0.03887981282864125,55.158425051868655,7.211557671911578,9.33439167005016,-2.1228339981385815,18.207157679966517,16.39018792051334,27.69528576440879,-0.14017592422871586
2026-07-14,1033.300048828125,1033.699951171875,1011.4000244140625,1015.4000244140625,11562326,0.0,0.0,SBIN.NS,-0.02082929178971793,-0.021049281672445495,1.6260547192797818,1034.9924926757812,1002.0018115234375,1039.9738787841798,1001.103037109375,1027.4942792496117,1021.2712514054472,1034.9924926757812,1055.0919842930734,1014.8930010584892,0.03883987905135161,46.37654136300402,5.283372191730223,8.524187774386172,-3.2408155826559497,18.321441650390625,17.767618696869015,27.821313085166626,-0.15808545079078049
2026-07-15,1015.5,1036.0,1013.7000122070312,1030.0999755859375,14275394,0.0,0.0,SBIN.NS,0.014477004942320848,0.014373213631893426,1.6640721264296001,1035.1724914550782,1001.071923828125,1038.301696166992,1001.9992211914063,1027.7424408054524,1021.6174758831136,1035.1724914550782,1055.014587725726,1015.3303951844306,0.0383358260279055,51.979874339843605,4.885121869780733,7.796374593465085,-2.9112527236843526,18.428580147879465,17.770752809260188,27.940607014905993,-0.14589704970086687
2026-07-16,1030.0999755859375,1036.0,1027.300048828125,1031.199951171875,7708316,0.0,0.0,SBIN.NS,0.0010678338142002808,0.001067264085220748,1.6669169127296701,1034.5974914550782,1000.2426196289063,1036.7701763916016,1002.9257080078125,1028.0717275070165,1021.993259227771,1034.5974914550782,1054.1860093188864,1015.00897359127,0.03786693477529801,52.380856477113404,4.605178822461767,7.158135439264422,-2.552956616802655,19.050005231584823,17.64708480367406,27.70223491854643,-0.14498500968972927
2026-07-17,1030.5999755859375,1048.0,1028.300048828125,1044.300048828125,8452780,0.0,0.0,SBIN.NS,0.012703741540486702,0.012623725968104767,1.7007967358989404,1035.0574951171875,1001.10357421875,1035.2674993896485,1003.9383236694335,1029.6172819185506,1022.86803529053,1035.0574951171875,1055.122010610287,1014.9929796240881,0.038769856916649324,56.987384873673214,5.3783915890498974,6.802186669221518,-1.4237950801716206,19.346426827566965,17.894254280011456,27.02858230220474,-0.13412312023958586
2026-07-20,1041.5999755859375,1065.0,1038.300048828125,1060.0,16540411,0.0,0.0,SBIN.NS,0.015033946603270731,0.014922056863812245,1.741400369812733,1036.0199951171876,1003.1763439941407,1033.8068927001952,1004.9616607666015,1032.5108741167837,1024.3241907693327,1036.0199951171876,1058.8856141133056,1013.1543761210696,0.04414126967410811,61.76158389577002,7.175310612605472,6.8768114578983095,0.29849915470716226,19.899998256138392,18.266729108365524,27.066022582071536,-0.12110557346426117
2026-07-21,1056.199951171875,1067.0,1042.800048828125,1044.4000244140625,10514887,0.0,0.0,SBIN.NS,-0.014716958099941002,-0.01482632690497833,1.7010552954350362,1037.0299987792969,1004.9174682617188,1032.2344891357423,1005.8986483764648,1033.643174145096,1025.1114783632438,1037.0299987792969,1059.4779869979475,1014.5820105606464,0.04329284253121781,55.2047872805033,7.256940734033151,6.952837313125278,0.30410342090787257,19.885707310267858,18.06300023352248,26.991693190546933,-0.13404022591385933
2026-07-22,1044.4000244140625,1044.4000244140625,1019.2000122070312,1025.0,11227214,0.0,0.0,SBIN.NS,-0.01857528146358145,-0.018749968628625956,1.6508824330736331,1036.55,1006.3589990234375,1030.6959783935547,1006.7796469116211,1032.820014702706,1025.1071066627244,1036.55,1059.6187335125833,1013.4812664874167,0.04451060443313543,48.33285628854047,5.690615482929616,6.700392947086146,-1.0097774641565307,20.62856183733259,18.97089234588491,27.153859011592257,-0.15012567245364877
2026-07-23,1022.0,1023.0999755859375,1006.5,1012.5999755859375,8910230,0.0,0.0,SBIN.NS,-0.012097584794207306,-0.012171356146973095,1.6188131580600502,1034.9099975585937,1007.3599987792969,1028.9411309814452,1007.5829284667968,1030.8942966915852,1024.616630934223,1034.9099975585937,1059.9122260489648,1009.9077690682224,0.04831768665749252,44.518287541459486,3.409411524015468,6.042196662472011,-2.6327851384565433,20.342847551618302,19.315508191646682,26.581987404020584,-0.16040709919556068
2026-07-24,1006.0,1017.7999877929688,1000.7999877929688,1015.0,13797053,0.0,0.0,SBIN.NS,0.0023701604502546214,0.0023673560503523422,1.6250201654338907,1033.3899963378906,1008.3959985351562,1027.2869036865234,1008.3650576782227,1029.3805541495294,1024.2395081524887,1033.3899963378906,1059.3836739302687,1007.3963187455125,0.050307585102418347,45.41622147472532,1.7747447114693387,5.188706272271477,-3.4139615608021385,20.70713152204241,18.725944154067438,26.393586404402164,-0.1584171293077595
2026-07-27,1020.2999877929688,1023.7000122070312,1015.9000244140625,1020.5999755859375,6093002,0.0,0.0,SBIN.NS,0.005517217326046708,0.0055020532326989485,1.6395029721718446,1032.6149963378907,1010.0199975585938,1025.804585571289,1009.2211090087891,1028.5443085720444,1024.096781385173,1032.6149963378907,1059.1863172388323,1006.0436754369491,0.05146413909380602,47.549272292779136,0.920519537994096,4.335068925416001,-3.4145493874219053,20.321419852120535,18.765582384834246,26.409406079999,-0.15377393371227208
2026-07-28,1018.0,1022.0,1008.2999877929688,1013.2000122070312,9873370,0.0,0.0,SBIN.NS,-0.00725060117178411,-0.007277014533068963,1.6203649888288876,1031.929995727539,1011.307998046875,1024.3995422363282,1010.0718395996093,1027.0829470134718,1023.6694571036772,1031.929995727539,1059.7964550478368,1004.0635364072414,0.05400842971068229,45.04428556348171,-0.34954591917698963,3.398145956497403,-3.7476918756743927,19.399989536830358,18.819037251343584,26.422700327860323,-0.15990958142009215
2026-07-29,1020.0,1020.2000122070312,1012.0,1013.7000122070312,4792964,0.0,0.0,SBIN.NS,0.0004934859790524104,0.0004933642548911147,1.6216581022108745,1030.2449951171875,1012.5639978027343,1023.0486126708985,1010.9061611938477,1025.808381793811,1023.2784984802794,1030.2449951171875,1058.247960587764,1002.242029646611,0.05436175978198525,45.254149530871345,-1.3007419791351822,2.458368369370886,-3.759110348506068,18.92856706891741,18.527806564874666,26.220903308481862,-0.1594950085773866
2026-07-30,1013.5,1028.300048828125,1007.5999755859375,1025.300048828125,6847458,0.0,0.0,SBIN.NS,0.011443263767786815,0.011378284868892074,1.651658427383429,1028.929998779297,1014.0519982910156,1022.0739923095703,1011.7073748779297,1025.7599691304122,1023.3577749645087,1028.929998779297,1055.1220902034074,1002.7379073551865,0.050911318467114886,50.022554322340056,-1.1057987403355583,1.7455349474295971,-2.8513336877651554,18.571424211774552,18.239948966868372,26.25103606289832,-0.14987688826239626
2026-07-31,1028.0999755859375,1034.300048828125,1023.5,1027.4000244140625,10921417,0.0,0.0,SBIN.NS,0.0020481571110209096,0.0020460624968235493,1.6570894404474728,1028.3,1015.6159985351562,1021.5574920654296,1012.5077920532226,1025.9161648717122,1023.5162945507658,1028.3,1053.971937485967,1002.628062514033,0.04993083241460073,50.85704737229272,-0.7729443185762648,1.2418390942284248,-2.0147834128046895,17.85713849748884,18.138289044608605,25.91911623563858,-0.1481357025658476
2026-08-03,1035.0,1051.5,1031.5999755859375,1045.0,10507450,0.0,0.0,SBIN.NS,0.017130596814979526,0.016985522602786643,1.702606968353118,1028.6650024414062,1017.1239990234375,1021.0824176025391,1013.425678100586,1027.7336729791682,1024.358792803677,1028.6650024414062,1055.096029504581,1002.2339753782312,0.05138898864148047,57.29322405761467,0.9006341989856992,1.1735981151798796,-0.27296391619418037,17.749995640345983,18.75875347280747,26.070704487950263,-0.1335427587454273
2026-08-04,1047.5999755859375,1047.5999755859375,1030.9000244140625,1042.699951171875,8544184,0.0,0.0,SBIN.NS,-0.0022010036632774677,-0.0022034294319110722,1.6966585205153737,1028.895001220703,1018.607998046875,1020.791607055664,1014.2871240234375,1029.1590328070452,1025.0780539161556,1028.895001220703,1055.7484014328381,1002.0416010085681,0.05219852400930231,56.25629859421477,2.018099123049069,1.3424983167537174,0.6756008062953516,17.349993024553573,18.14689089022251,25.626257915909008,-0.1354498343075019
2026-08-05,1043.0,1055.0,1040.300048828125,1055.0,8707119,0.0,0.0,SBIN.NS,0.011796345453264134,0.011727310943166687,1.7284692359928613,1030.8,1020.3519982910157,1020.6817523193359,1015.2058953857422,1031.6200773016121,1026.2514635665025,1030.8,1059.4182140187902,1002.1817859812098,0.05552622044778849,60.38538679908444,3.851808025649234,1.844360258532821,2.007447767116413,17.778564453125,18.22760425048234,24.837913359821044,-0.12525130189131653
2026-08-06,1052.5,1088.0999755859375,1052.5,1085.0,13822265,0.0,0.0,SBIN.NS,0.028436018957346043,0.028039220064393126,1.8060560389120899,1033.945001220703,1022.6959985351563,1021.2471331787109,1016.2638613891602,1036.7038794633634,1028.555327740365,1033.945001220703,1071.0916217976048,996.7983806438012,0.0718541518805072,68.25586661986617,7.637741689787163,3.0030365447836895,4.634705145003473,18.914280482700892,19.74506059143433,24.3285050760445,-0.1003769313289843
2026-08-07,1080.0999755859375,1124.5,1075.699951171875,1097.199951171875,29410622,0.0,0.0,SBIN.NS,0.011244194628456272,0.011181448586403707,1.8376078791519723,1037.0049987792968,1025.3519970703126,1021.7410015869141,1017.2927017211914,1042.4654101022693,1031.247273757287,1037.0049987792968,1083.7159424277688,990.2940551308247,0.09008817450920198,70.796824087808,11.49010472024679,4.70045017987631,6.78965454037048,20.49285888671875,19.947891449638263,23.536918050699622,-0.09026139445259836
2026-08-10,1108.0,1113.300048828125,1068.5999755859375,1071.0,16623448,0.0,0.0,SBIN.NS,-0.023878921197446168,-0.0241686441132148,1.76984886421645,1038.7049987792968,1027.6899975585939,1021.9925164794922,1018.1888235473633,1045.1829900925295,1032.806204198178,1038.7049987792968,1087.8277093626787,989.5822881959149,0.09458452715855166,59.73794151615594,12.287371904528527,6.217834524806754,6.069537379721773,21.9571533203125,21.079355372018274,23.906441118297998,-0.11198497092473934
2026-08-11,1071.0,1071.0,1060.4000244140625,1066.0,9456913,0.0,0.0,SBIN.NS,-0.00466853408029877,-0.004679465721958902,1.7569177303965788,1041.2349975585937,1029.8769970703124,1022.1439337158204,1019.0417727661132,1047.1655624646696,1034.1079216806024,1041.2349975585937,1090.5157628605332,991.9542322566541,0.09465829599944146,57.87980036729234,12.373124007261822,7.448892421297768,4.924231585964054,20.914293561662948,20.93942547172133,23.818659549466005,-0.11613069935179471
2026-08-12,1066.0,1085.5,1066.0,1082.0,17673922,0.0,0.0,SBIN.NS,0.015009380863039379,0.01489785468063696,1.7982973586201672,1043.8299987792968,1032.107996826172,1022.6606512451172,1020.0093478393554,1050.4831279442249,1035.98604239901,1043.8299987792968,1096.0218246558204,991.6381729027732,0.10000062450314538,61.95764354360857,13.575657717297645,8.674245480497744,4.901412236799901,20.985722133091517,20.60291242567765,23.933605893842763,-0.10286436838521752
2026-08-13,1083.0,1086.800048828125,1073.0,1083.0,9502483,0.0,0.0,SBIN.NS,0.0009242144177448175,0.0009237875945636812,1.800883585384141,1046.4200012207032,1034.1829968261718,1023.0979803466797,1020.8922885131836,1053.5799729019177,1037.8297270108137,1046.4200012207032,1101.0566871988026,991.7833152426036,0.10442592059471904,62.20393614943584,14.442877487641226,9.827971881926441,4.614905605714785,20.757154192243302,20.585295698541888,23.415313847626145,-0.10203522269980644
2026-08-14,1082.0,1082.0,1065.0999755859375,1067.699951171875,6273501,0.0,0.0,SBIN.NS,-0.014127468908702645,-0.014228211548799191,1.761314189614731,1047.5899963378906,1035.9829956054687,1023.6386871337891,1021.6618930053711,1054.9247327371518,1039.0011083504633,1047.5899963378906,1103.031781282903,992.1482113928784,0.10584634282271264,56.20796760985082,13.737215264582801,10.609820558457713,3.127394706125088,21.414297921316965,20.762185195926104,23.306703805831646,-0.11472119217222505
2026-08-17,1064.199951171875,1068.800048828125,1052.4000244140625,1061.199951171875,7039473,0.0,0.0,SBIN.NS,-0.006087852671404326,-0.006106459200787435,1.7445037156488983,1047.6499938964844,1037.5679943847656,1024.1251989746095,1022.3523385620117,1055.5223725880778,1039.871651206205,1047.6499938964844,1103.1508907987138,992.149096994255,0.10595312790640514,53.833850458328214,12.50927802127967,10.989712051022106,1.5195659702575632,21.60715593610491,20.84386299280279,22.97071179541246,-0.12011063912739704
2026-08-18,1059.5999755859375,1067.699951171875,1053.0,1053.0,5583771,0.0,0.0,SBIN.NS,-0.007727055738006583,-0.007757064117428365,1.7232967824649132,1048.0799926757813,1038.573994140625,1024.2369885253906,1023.028306274414,1055.2821466273085,1040.3864884138047,1048.0799926757813,1103.6081224464585,992.5518629051041,0.10596162536966693,50.912324290226806,10.75053589362733,10.941876819543152,-0.19134092591582252,22.071437290736608,20.99099453762133,23.0034035545915,-0.1269095932621387
2026-08-19,1053.199951171875,1054.800048828125,1041.4000244140625,1048.5999755859375,7182636,0.0,0.0,SBIN.NS,-0.004178560697115419,-0.004187315278074868,1.7119173215631243,1049.259991455078,1039.4809936523438,1024.708500366211,1023.6692584228516,1054.6457493852731,1040.7085859499668,1049.259991455078,1103.7156886740459,994.8042942361103,0.10379829148627016,49.36423760909672,8.899091699118344,10.53331979545819,-1.6342280963398466,21.550005231584823,20.088661536915257,22.98158862870287,-0.130557854520762
2026-08-20,1052.9000244140625,1052.9000244140625,1045.699951171875,1048.0,5879949,0.0,0.0,SBIN.NS,-0.0005721682242098014,-0.0005723319749131444,1.7103656486450416,1051.0299926757812,1040.426993408203,1025.5679119873048,1024.2448348999023,1054.01282087239,1040.9945237558504,1051.0299926757812,1102.6984331840308,999.3615521675316,0.09831963096830129,49.144798976369394,7.299254557543691,9.886506747875291,-2.5872521903316006,21.292864118303573,20.057543110004598,22.971279706529295,-0.13105532168919407
2026-08-21,1052.699951171875,1054.699951171875,1040.0999755859375,1048.699951171875,6534213,0.0,0.0,SBIN.NS,0.0006678923395753156,0.0006676693987481414,1.7121758810992196,1052.714990234375,1041.0579919433594,1026.0571221923828,1024.7851107788085,1053.5068332818646,1041.2966973800083,1052.714990234375,1101.5567673742867,1003.8732130944632,0.09279202365882089,49.427245421853776,6.01847507221396,9.112900412743025,-3.0944253405290656,20.614292689732142,19.69358005172911,22.879035127968773,-0.13047496019503546
2026-08-24,1047.9000244140625,1047.9000244140625,1032.0999755859375,1039.5,8868193,0.0,0.0,SBIN.NS,-0.008772720129904155,-0.008811426981668077,1.6883827211512599,1053.6599914550782,1041.4309924316406,1026.448438720703,1025.2639157104493,1052.1728491597823,1041.2262386592238,1053.6599914550782,1100.5789976527926,1006.7409852573637,0.08905910175619457,45.824751032333104,4.2125295121941235,8.132826232633246,-3.920296720439122,20.607151576450892,19.874164184098195,22.510511934998046,-0.13810306001518818
2026-08-25,1036.0,1048.0,1031.300048828125,1048.0,9982723,0.0,0.0,SBIN.NS,0.008177008177008283,0.008143757582919964,1.7103656486450416,1055.3999908447265,1042.0849926757812,1026.7837963867187,1025.8092868041992,1051.7754349540887,1041.491876358862,1055.3999908447265,1098.4204047316496,1012.3795769578035,0.08152437798012514,49.487867252577516,3.427671543378665,7.191795294782329,-3.7641237514036643,20.750008719308035,18.970196192610548,22.54653505592395,-0.13105532168919407
2026-08-26,1051.4000244140625,1062.300048828125,1051.199951171875,1052.0,5858099,0.0,0.0,SBIN.NS,0.003816793893129722,0.0038095284166676487,1.7207105557009386,1057.314990234375,1042.5949926757812,1027.1822381591796,1026.3977416992188,1051.7968221013184,1041.9039596389068,1057.314990234375,1095.677302656782,1018.952677811968,0.07256553208217219,51.16141684808251,3.092780866461908,6.371992409118246,-3.2792115426563377,19.228585379464285,18.565378255979027,22.52278144492107,-0.12773873894754975
2026-08-27,1052.0,1054.4000244140625,1042.9000244140625,1042.9000244140625,4788716,0.0,0.0,SBIN.NS,-0.008650166906784662,-0.008687796760705411,1.6971759552890746,1058.1949890136718,1042.598994140625,1027.1846783447265,1026.9301370239257,1050.9495080358654,1041.9430210026385,1058.1949890136718,1094.2001498358509,1022.1898281914928,0.06805014424749627,47.320318233991294,2.069232786620887,5.511440484618774,-3.442207697997887,16.564296177455358,18.76430071217427,22.527389695928125,-0.13528394444197595
2026-08-28,1046.0,1051.199951171875,1040.5,1046.699951171875,2154557,0.0,0.0,SBIN.NS,0.003643615561278235,0.003636993674298154,1.7070034275712715,1059.1599853515625,1042.8309936523438,1027.4264880371093,1027.462622680664,1050.544788334533,1042.129567283785,1059.1599853515625,1092.6356538739465,1025.6843168291784,0.06321173191087384,49.04081955643755,1.546854712877348,4.7185233302704885,-3.1716686173931405,14.135716029575892,18.430667560390656,22.51027936938374,-0.13213325156585762
